<?xml version="1.0" encoding="UTF-8"?>
<gpx xmlns="http://www.topografix.com/GPX/1/1" xmlns:xsi="http://www.w3.org/2001/XMLSchema-instance" xsi:schemaLocation="http://www.topografix.com/GPX/1/1 http://www.topografix.com/GPX/1/1/gpx.xsd" version="1.1" creator="Alta Linea Continua">
  <metadata>
    <name>Alta Linea Continua – Stage 8: Lacs de Fremamorte to Laghi di Valscura</name>
  </metadata>
  <trk>
    <name>Alta Linea Continua – Stage 8: Lacs de Fremamorte to Laghi di Valscura</name>
    <trkseg>
      <trkpt lat="44.151309" lon="7.256298">
        <ele>2414.4</ele>
        <time>2026-08-01T05:33:31Z</time>
      </trkpt>
      <trkpt lat="44.151296" lon="7.256266">
        <ele>2415.6</ele>
        <time>2026-08-01T05:33:38Z</time>
      </trkpt>
      <trkpt lat="44.151341" lon="7.256219">
        <ele>2416.2</ele>
        <time>2026-08-01T05:33:45Z</time>
      </trkpt>
      <trkpt lat="44.151363" lon="7.256214">
        <ele>2416.8</ele>
        <time>2026-08-01T05:33:48Z</time>
      </trkpt>
      <trkpt lat="44.151366" lon="7.256217">
        <ele>2417.2</ele>
        <time>2026-08-01T05:33:51Z</time>
      </trkpt>
      <trkpt lat="44.15137" lon="7.256188">
        <ele>2417.8</ele>
        <time>2026-08-01T05:33:55Z</time>
      </trkpt>
      <trkpt lat="44.151369" lon="7.256188">
        <ele>2418.4</ele>
        <time>2026-08-01T05:33:58Z</time>
      </trkpt>
      <trkpt lat="44.151382" lon="7.256175">
        <ele>2418.8</ele>
        <time>2026-08-01T05:34:01Z</time>
      </trkpt>
      <trkpt lat="44.151423" lon="7.256112">
        <ele>2419.8</ele>
        <time>2026-08-01T05:34:06Z</time>
      </trkpt>
      <trkpt lat="44.15143" lon="7.256097">
        <ele>2420.0</ele>
        <time>2026-08-01T05:34:07Z</time>
      </trkpt>
      <trkpt lat="44.151461" lon="7.256042">
        <ele>2420.6</ele>
        <time>2026-08-01T05:34:12Z</time>
      </trkpt>
      <trkpt lat="44.151471" lon="7.256047">
        <ele>2421.0</ele>
        <time>2026-08-01T05:34:15Z</time>
      </trkpt>
      <trkpt lat="44.151471" lon="7.256045">
        <ele>2421.0</ele>
        <time>2026-08-01T05:34:16Z</time>
      </trkpt>
      <trkpt lat="44.151479" lon="7.255973">
        <ele>2422.2</ele>
        <time>2026-08-01T05:34:24Z</time>
      </trkpt>
      <trkpt lat="44.151478" lon="7.255967">
        <ele>2422.4</ele>
        <time>2026-08-01T05:34:25Z</time>
      </trkpt>
      <trkpt lat="44.151476" lon="7.255937">
        <ele>2423.2</ele>
        <time>2026-08-01T05:34:31Z</time>
      </trkpt>
      <trkpt lat="44.151473" lon="7.255924">
        <ele>2423.4</ele>
        <time>2026-08-01T05:34:32Z</time>
      </trkpt>
      <trkpt lat="44.151483" lon="7.255889">
        <ele>2424.4</ele>
        <time>2026-08-01T05:34:39Z</time>
      </trkpt>
      <trkpt lat="44.151485" lon="7.255882">
        <ele>2424.6</ele>
        <time>2026-08-01T05:34:40Z</time>
      </trkpt>
      <trkpt lat="44.151485" lon="7.255853">
        <ele>2425.4</ele>
        <time>2026-08-01T05:34:46Z</time>
      </trkpt>
      <trkpt lat="44.151482" lon="7.255834">
        <ele>2425.8</ele>
        <time>2026-08-01T05:34:49Z</time>
      </trkpt>
      <trkpt lat="44.151483" lon="7.255831">
        <ele>2426.0</ele>
        <time>2026-08-01T05:34:50Z</time>
      </trkpt>
      <trkpt lat="44.151486" lon="7.255829">
        <ele>2426.6</ele>
        <time>2026-08-01T05:34:53Z</time>
      </trkpt>
      <trkpt lat="44.151497" lon="7.255808">
        <ele>2427.2</ele>
        <time>2026-08-01T05:34:58Z</time>
      </trkpt>
      <trkpt lat="44.151505" lon="7.255785">
        <ele>2427.6</ele>
        <time>2026-08-01T05:35:00Z</time>
      </trkpt>
      <trkpt lat="44.151523" lon="7.255773">
        <ele>2428.4</ele>
        <time>2026-08-01T05:35:05Z</time>
      </trkpt>
      <trkpt lat="44.15153" lon="7.255773">
        <ele>2428.8</ele>
        <time>2026-08-01T05:35:07Z</time>
      </trkpt>
      <trkpt lat="44.151535" lon="7.255821">
        <ele>2429.6</ele>
        <time>2026-08-01T05:35:13Z</time>
      </trkpt>
      <trkpt lat="44.151541" lon="7.255829">
        <ele>2429.8</ele>
        <time>2026-08-01T05:35:14Z</time>
      </trkpt>
      <trkpt lat="44.151573" lon="7.255852">
        <ele>2430.8</ele>
        <time>2026-08-01T05:35:21Z</time>
      </trkpt>
      <trkpt lat="44.151601" lon="7.255877">
        <ele>2431.6</ele>
        <time>2026-08-01T05:35:26Z</time>
      </trkpt>
      <trkpt lat="44.15161" lon="7.25589">
        <ele>2432.0</ele>
        <time>2026-08-01T05:35:29Z</time>
      </trkpt>
      <trkpt lat="44.15163" lon="7.255901">
        <ele>2433.0</ele>
        <time>2026-08-01T05:35:35Z</time>
      </trkpt>
      <trkpt lat="44.151674" lon="7.255908">
        <ele>2434.2</ele>
        <time>2026-08-01T05:35:42Z</time>
      </trkpt>
      <trkpt lat="44.151683" lon="7.255914">
        <ele>2434.2</ele>
        <time>2026-08-01T05:35:43Z</time>
      </trkpt>
      <trkpt lat="44.151694" lon="7.255935">
        <ele>2434.6</ele>
        <time>2026-08-01T05:35:46Z</time>
      </trkpt>
      <trkpt lat="44.151714" lon="7.255964">
        <ele>2435.0</ele>
        <time>2026-08-01T05:35:50Z</time>
      </trkpt>
      <trkpt lat="44.151717" lon="7.255971">
        <ele>2435.0</ele>
        <time>2026-08-01T05:35:51Z</time>
      </trkpt>
      <trkpt lat="44.151725" lon="7.255979">
        <ele>2435.2</ele>
        <time>2026-08-01T05:35:52Z</time>
      </trkpt>
      <trkpt lat="44.151737" lon="7.256011">
        <ele>2435.6</ele>
        <time>2026-08-01T05:35:57Z</time>
      </trkpt>
      <trkpt lat="44.151756" lon="7.256028">
        <ele>2436.2</ele>
        <time>2026-08-01T05:36:03Z</time>
      </trkpt>
      <trkpt lat="44.151763" lon="7.25603">
        <ele>2436.4</ele>
        <time>2026-08-01T05:36:05Z</time>
      </trkpt>
      <trkpt lat="44.151795" lon="7.256056">
        <ele>2437.2</ele>
        <time>2026-08-01T05:36:13Z</time>
      </trkpt>
      <trkpt lat="44.151809" lon="7.256066">
        <ele>2437.4</ele>
        <time>2026-08-01T05:36:19Z</time>
      </trkpt>
      <trkpt lat="44.151814" lon="7.256069">
        <ele>2437.6</ele>
        <time>2026-08-01T05:36:20Z</time>
      </trkpt>
      <trkpt lat="44.151824" lon="7.256065">
        <ele>2438.2</ele>
        <time>2026-08-01T05:36:23Z</time>
      </trkpt>
      <trkpt lat="44.151836" lon="7.256069">
        <ele>2438.6</ele>
        <time>2026-08-01T05:36:25Z</time>
      </trkpt>
      <trkpt lat="44.151861" lon="7.256086">
        <ele>2439.2</ele>
        <time>2026-08-01T05:36:29Z</time>
      </trkpt>
      <trkpt lat="44.151881" lon="7.256102">
        <ele>2439.6</ele>
        <time>2026-08-01T05:36:33Z</time>
      </trkpt>
      <trkpt lat="44.151893" lon="7.2561">
        <ele>2440.4</ele>
        <time>2026-08-01T05:36:38Z</time>
      </trkpt>
      <trkpt lat="44.151901" lon="7.256102">
        <ele>2440.6</ele>
        <time>2026-08-01T05:36:40Z</time>
      </trkpt>
      <trkpt lat="44.151919" lon="7.256128">
        <ele>2441.8</ele>
        <time>2026-08-01T05:36:46Z</time>
      </trkpt>
      <trkpt lat="44.15193" lon="7.256159">
        <ele>2442.6</ele>
        <time>2026-08-01T05:36:52Z</time>
      </trkpt>
      <trkpt lat="44.151939" lon="7.256164">
        <ele>2443.0</ele>
        <time>2026-08-01T05:36:54Z</time>
      </trkpt>
      <trkpt lat="44.151949" lon="7.256171">
        <ele>2443.2</ele>
        <time>2026-08-01T05:36:56Z</time>
      </trkpt>
      <trkpt lat="44.151975" lon="7.256175">
        <ele>2444.0</ele>
        <time>2026-08-01T05:37:00Z</time>
      </trkpt>
      <trkpt lat="44.152003" lon="7.256153">
        <ele>2445.0</ele>
        <time>2026-08-01T05:37:06Z</time>
      </trkpt>
      <trkpt lat="44.152004" lon="7.256132">
        <ele>2446.0</ele>
        <time>2026-08-01T05:37:13Z</time>
      </trkpt>
      <trkpt lat="44.151995" lon="7.256097">
        <ele>2447.0</ele>
        <time>2026-08-01T05:37:18Z</time>
      </trkpt>
      <trkpt lat="44.151994" lon="7.256092">
        <ele>2447.0</ele>
        <time>2026-08-01T05:37:19Z</time>
      </trkpt>
      <trkpt lat="44.151995" lon="7.256084">
        <ele>2447.4</ele>
        <time>2026-08-01T05:37:21Z</time>
      </trkpt>
      <trkpt lat="44.151997" lon="7.256059">
        <ele>2448.2</ele>
        <time>2026-08-01T05:37:27Z</time>
      </trkpt>
      <trkpt lat="44.151996" lon="7.256064">
        <ele>2448.4</ele>
        <time>2026-08-01T05:37:29Z</time>
      </trkpt>
      <trkpt lat="44.151996" lon="7.25607">
        <ele>2449.0</ele>
        <time>2026-08-01T05:37:37Z</time>
      </trkpt>
      <trkpt lat="44.151997" lon="7.256072">
        <ele>2449.0</ele>
        <time>2026-08-01T05:37:38Z</time>
      </trkpt>
      <trkpt lat="44.152003" lon="7.256076">
        <ele>2449.2</ele>
        <time>2026-08-01T05:37:41Z</time>
      </trkpt>
      <trkpt lat="44.152031" lon="7.256077">
        <ele>2449.6</ele>
        <time>2026-08-01T05:37:47Z</time>
      </trkpt>
      <trkpt lat="44.152066" lon="7.256069">
        <ele>2450.2</ele>
        <time>2026-08-01T05:37:53Z</time>
      </trkpt>
      <trkpt lat="44.152072" lon="7.256068">
        <ele>2450.8</ele>
        <time>2026-08-01T05:37:56Z</time>
      </trkpt>
      <trkpt lat="44.152082" lon="7.256081">
        <ele>2451.4</ele>
        <time>2026-08-01T05:38:01Z</time>
      </trkpt>
      <trkpt lat="44.152111" lon="7.256071">
        <ele>2452.0</ele>
        <time>2026-08-01T05:38:06Z</time>
      </trkpt>
      <trkpt lat="44.152134" lon="7.256072">
        <ele>2452.4</ele>
        <time>2026-08-01T05:38:09Z</time>
      </trkpt>
      <trkpt lat="44.152166" lon="7.256085">
        <ele>2453.4</ele>
        <time>2026-08-01T05:38:15Z</time>
      </trkpt>
      <trkpt lat="44.152171" lon="7.25609">
        <ele>2453.6</ele>
        <time>2026-08-01T05:38:16Z</time>
      </trkpt>
      <trkpt lat="44.152182" lon="7.256091">
        <ele>2454.6</ele>
        <time>2026-08-01T05:38:22Z</time>
      </trkpt>
      <trkpt lat="44.152184" lon="7.256089">
        <ele>2454.8</ele>
        <time>2026-08-01T05:38:23Z</time>
      </trkpt>
      <trkpt lat="44.152188" lon="7.256063">
        <ele>2455.8</ele>
        <time>2026-08-01T05:38:30Z</time>
      </trkpt>
      <trkpt lat="44.15218" lon="7.256045">
        <ele>2456.2</ele>
        <time>2026-08-01T05:38:32Z</time>
      </trkpt>
      <trkpt lat="44.152174" lon="7.256022">
        <ele>2456.8</ele>
        <time>2026-08-01T05:38:36Z</time>
      </trkpt>
      <trkpt lat="44.152183" lon="7.256023">
        <ele>2457.6</ele>
        <time>2026-08-01T05:38:40Z</time>
      </trkpt>
      <trkpt lat="44.152192" lon="7.256027">
        <ele>2458.0</ele>
        <time>2026-08-01T05:38:43Z</time>
      </trkpt>
      <trkpt lat="44.152208" lon="7.256017">
        <ele>2459.0</ele>
        <time>2026-08-01T05:38:50Z</time>
      </trkpt>
      <trkpt lat="44.152225" lon="7.256006">
        <ele>2459.4</ele>
        <time>2026-08-01T05:38:53Z</time>
      </trkpt>
      <trkpt lat="44.152239" lon="7.256001">
        <ele>2459.8</ele>
        <time>2026-08-01T05:38:56Z</time>
      </trkpt>
      <trkpt lat="44.152244" lon="7.256003">
        <ele>2460.0</ele>
        <time>2026-08-01T05:38:57Z</time>
      </trkpt>
      <trkpt lat="44.152255" lon="7.256001">
        <ele>2460.4</ele>
        <time>2026-08-01T05:38:59Z</time>
      </trkpt>
      <trkpt lat="44.152273" lon="7.255996">
        <ele>2461.2</ele>
        <time>2026-08-01T05:39:03Z</time>
      </trkpt>
      <trkpt lat="44.152296" lon="7.25598">
        <ele>2462.0</ele>
        <time>2026-08-01T05:39:08Z</time>
      </trkpt>
      <trkpt lat="44.152298" lon="7.255974">
        <ele>2462.2</ele>
        <time>2026-08-01T05:39:09Z</time>
      </trkpt>
      <trkpt lat="44.152314" lon="7.255955">
        <ele>2462.6</ele>
        <time>2026-08-01T05:39:13Z</time>
      </trkpt>
      <trkpt lat="44.152318" lon="7.255952">
        <ele>2463.0</ele>
        <time>2026-08-01T05:39:15Z</time>
      </trkpt>
      <trkpt lat="44.152324" lon="7.25595">
        <ele>2463.4</ele>
        <time>2026-08-01T05:39:17Z</time>
      </trkpt>
      <trkpt lat="44.152357" lon="7.255964">
        <ele>2464.4</ele>
        <time>2026-08-01T05:39:23Z</time>
      </trkpt>
      <trkpt lat="44.152365" lon="7.255965">
        <ele>2464.6</ele>
        <time>2026-08-01T05:39:24Z</time>
      </trkpt>
      <trkpt lat="44.152396" lon="7.255981">
        <ele>2465.4</ele>
        <time>2026-08-01T05:39:30Z</time>
      </trkpt>
      <trkpt lat="44.152398" lon="7.25598">
        <ele>2465.6</ele>
        <time>2026-08-01T05:39:31Z</time>
      </trkpt>
      <trkpt lat="44.152406" lon="7.255983">
        <ele>2466.0</ele>
        <time>2026-08-01T05:39:33Z</time>
      </trkpt>
      <trkpt lat="44.152417" lon="7.255976">
        <ele>2466.6</ele>
        <time>2026-08-01T05:39:38Z</time>
      </trkpt>
      <trkpt lat="44.152435" lon="7.255967">
        <ele>2467.6</ele>
        <time>2026-08-01T05:39:43Z</time>
      </trkpt>
      <trkpt lat="44.152432" lon="7.255952">
        <ele>2467.8</ele>
        <time>2026-08-01T05:39:44Z</time>
      </trkpt>
      <trkpt lat="44.152471" lon="7.255971">
        <ele>2468.8</ele>
        <time>2026-08-01T05:39:50Z</time>
      </trkpt>
      <trkpt lat="44.152475" lon="7.255979">
        <ele>2468.8</ele>
        <time>2026-08-01T05:39:51Z</time>
      </trkpt>
      <trkpt lat="44.152514" lon="7.255983">
        <ele>2469.4</ele>
        <time>2026-08-01T05:39:57Z</time>
      </trkpt>
      <trkpt lat="44.152518" lon="7.255983">
        <ele>2469.6</ele>
        <time>2026-08-01T05:39:58Z</time>
      </trkpt>
      <trkpt lat="44.152528" lon="7.255985">
        <ele>2470.0</ele>
        <time>2026-08-01T05:40:00Z</time>
      </trkpt>
      <trkpt lat="44.152562" lon="7.255974">
        <ele>2471.0</ele>
        <time>2026-08-01T05:40:07Z</time>
      </trkpt>
      <trkpt lat="44.152603" lon="7.255952">
        <ele>2472.2</ele>
        <time>2026-08-01T05:40:14Z</time>
      </trkpt>
      <trkpt lat="44.152611" lon="7.255948">
        <ele>2472.4</ele>
        <time>2026-08-01T05:40:15Z</time>
      </trkpt>
      <trkpt lat="44.152662" lon="7.255934">
        <ele>2473.2</ele>
        <time>2026-08-01T05:40:23Z</time>
      </trkpt>
      <trkpt lat="44.152679" lon="7.255936">
        <ele>2474.2</ele>
        <time>2026-08-01T05:40:29Z</time>
      </trkpt>
      <trkpt lat="44.152676" lon="7.255939">
        <ele>2474.4</ele>
        <time>2026-08-01T05:40:30Z</time>
      </trkpt>
      <trkpt lat="44.152697" lon="7.255942">
        <ele>2475.2</ele>
        <time>2026-08-01T05:40:35Z</time>
      </trkpt>
      <trkpt lat="44.152711" lon="7.255943">
        <ele>2475.4</ele>
        <time>2026-08-01T05:40:36Z</time>
      </trkpt>
      <trkpt lat="44.152732" lon="7.255948">
        <ele>2475.6</ele>
        <time>2026-08-01T05:40:38Z</time>
      </trkpt>
      <trkpt lat="44.152782" lon="7.255952">
        <ele>2476.4</ele>
        <time>2026-08-01T05:40:43Z</time>
      </trkpt>
      <trkpt lat="44.152787" lon="7.255937">
        <ele>2477.2</ele>
        <time>2026-08-01T05:40:46Z</time>
      </trkpt>
      <trkpt lat="44.152781" lon="7.255921">
        <ele>2477.4</ele>
        <time>2026-08-01T05:40:48Z</time>
      </trkpt>
      <trkpt lat="44.152775" lon="7.255916">
        <ele>2477.6</ele>
        <time>2026-08-01T05:40:49Z</time>
      </trkpt>
      <trkpt lat="44.152768" lon="7.255913">
        <ele>2477.8</ele>
        <time>2026-08-01T05:40:50Z</time>
      </trkpt>
      <trkpt lat="44.152755" lon="7.255909">
        <ele>2478.2</ele>
        <time>2026-08-01T05:40:53Z</time>
      </trkpt>
      <trkpt lat="44.152764" lon="7.255896">
        <ele>2478.6</ele>
        <time>2026-08-01T05:40:57Z</time>
      </trkpt>
      <trkpt lat="44.152772" lon="7.255886">
        <ele>2479.2</ele>
        <time>2026-08-01T05:41:00Z</time>
      </trkpt>
      <trkpt lat="44.152808" lon="7.255864">
        <ele>2479.8</ele>
        <time>2026-08-01T05:41:05Z</time>
      </trkpt>
      <trkpt lat="44.152831" lon="7.25585">
        <ele>2480.2</ele>
        <time>2026-08-01T05:41:08Z</time>
      </trkpt>
      <trkpt lat="44.152858" lon="7.255817">
        <ele>2480.8</ele>
        <time>2026-08-01T05:41:14Z</time>
      </trkpt>
      <trkpt lat="44.152871" lon="7.255802">
        <ele>2480.8</ele>
        <time>2026-08-01T05:41:16Z</time>
      </trkpt>
      <trkpt lat="44.152913" lon="7.25575">
        <ele>2480.8</ele>
        <time>2026-08-01T05:41:22Z</time>
      </trkpt>
      <trkpt lat="44.152947" lon="7.255715">
        <ele>2480.8</ele>
        <time>2026-08-01T05:41:26Z</time>
      </trkpt>
      <trkpt lat="44.152959" lon="7.255683">
        <ele>2480.2</ele>
        <time>2026-08-01T05:41:31Z</time>
      </trkpt>
      <trkpt lat="44.152962" lon="7.255664">
        <ele>2480.0</ele>
        <time>2026-08-01T05:41:33Z</time>
      </trkpt>
      <trkpt lat="44.152962" lon="7.255642">
        <ele>2479.6</ele>
        <time>2026-08-01T05:41:35Z</time>
      </trkpt>
      <trkpt lat="44.152964" lon="7.255599">
        <ele>2478.8</ele>
        <time>2026-08-01T05:41:39Z</time>
      </trkpt>
      <trkpt lat="44.152967" lon="7.255587">
        <ele>2478.6</ele>
        <time>2026-08-01T05:41:40Z</time>
      </trkpt>
      <trkpt lat="44.152977" lon="7.255566">
        <ele>2478.4</ele>
        <time>2026-08-01T05:41:42Z</time>
      </trkpt>
      <trkpt lat="44.153013" lon="7.255476">
        <ele>2478.2</ele>
        <time>2026-08-01T05:41:48Z</time>
      </trkpt>
      <trkpt lat="44.153046" lon="7.255454">
        <ele>2479.0</ele>
        <time>2026-08-01T05:41:53Z</time>
      </trkpt>
      <trkpt lat="44.153066" lon="7.255459">
        <ele>2479.6</ele>
        <time>2026-08-01T05:41:57Z</time>
      </trkpt>
      <trkpt lat="44.153085" lon="7.255466">
        <ele>2480.0</ele>
        <time>2026-08-01T05:41:59Z</time>
      </trkpt>
      <trkpt lat="44.153126" lon="7.255482">
        <ele>2480.6</ele>
        <time>2026-08-01T05:42:04Z</time>
      </trkpt>
      <trkpt lat="44.153149" lon="7.255482">
        <ele>2481.2</ele>
        <time>2026-08-01T05:42:07Z</time>
      </trkpt>
      <trkpt lat="44.153185" lon="7.255492">
        <ele>2481.8</ele>
        <time>2026-08-01T05:42:11Z</time>
      </trkpt>
      <trkpt lat="44.153199" lon="7.255491">
        <ele>2482.6</ele>
        <time>2026-08-01T05:42:16Z</time>
      </trkpt>
      <trkpt lat="44.153202" lon="7.25549">
        <ele>2482.8</ele>
        <time>2026-08-01T05:42:17Z</time>
      </trkpt>
      <trkpt lat="44.153226" lon="7.255451">
        <ele>2483.8</ele>
        <time>2026-08-01T05:42:24Z</time>
      </trkpt>
      <trkpt lat="44.153229" lon="7.25544">
        <ele>2484.0</ele>
        <time>2026-08-01T05:42:25Z</time>
      </trkpt>
      <trkpt lat="44.153245" lon="7.25542">
        <ele>2484.4</ele>
        <time>2026-08-01T05:42:28Z</time>
      </trkpt>
      <trkpt lat="44.15328" lon="7.255432">
        <ele>2485.0</ele>
        <time>2026-08-01T05:42:32Z</time>
      </trkpt>
      <trkpt lat="44.153291" lon="7.255436">
        <ele>2485.0</ele>
        <time>2026-08-01T05:42:33Z</time>
      </trkpt>
      <trkpt lat="44.15332" lon="7.255413">
        <ele>2485.4</ele>
        <time>2026-08-01T05:42:37Z</time>
      </trkpt>
      <trkpt lat="44.153335" lon="7.255405">
        <ele>2485.8</ele>
        <time>2026-08-01T05:42:39Z</time>
      </trkpt>
      <trkpt lat="44.153347" lon="7.25539">
        <ele>2486.2</ele>
        <time>2026-08-01T05:42:41Z</time>
      </trkpt>
      <trkpt lat="44.153375" lon="7.255354">
        <ele>2486.8</ele>
        <time>2026-08-01T05:42:47Z</time>
      </trkpt>
      <trkpt lat="44.153388" lon="7.255328">
        <ele>2487.2</ele>
        <time>2026-08-01T05:42:50Z</time>
      </trkpt>
      <trkpt lat="44.153407" lon="7.255278">
        <ele>2487.8</ele>
        <time>2026-08-01T05:42:55Z</time>
      </trkpt>
      <trkpt lat="44.153437" lon="7.255254">
        <ele>2488.2</ele>
        <time>2026-08-01T05:43:00Z</time>
      </trkpt>
      <trkpt lat="44.153461" lon="7.255228">
        <ele>2488.6</ele>
        <time>2026-08-01T05:43:03Z</time>
      </trkpt>
      <trkpt lat="44.153508" lon="7.255195">
        <ele>2489.2</ele>
        <time>2026-08-01T05:43:10Z</time>
      </trkpt>
      <trkpt lat="44.153513" lon="7.255203">
        <ele>2489.4</ele>
        <time>2026-08-01T05:43:11Z</time>
      </trkpt>
      <trkpt lat="44.153511" lon="7.255259">
        <ele>2490.0</ele>
        <time>2026-08-01T05:43:16Z</time>
      </trkpt>
      <trkpt lat="44.153506" lon="7.255274">
        <ele>2490.4</ele>
        <time>2026-08-01T05:43:19Z</time>
      </trkpt>
      <trkpt lat="44.15349" lon="7.255378">
        <ele>2491.2</ele>
        <time>2026-08-01T05:43:27Z</time>
      </trkpt>
      <trkpt lat="44.15348" lon="7.255425">
        <ele>2491.4</ele>
        <time>2026-08-01T05:43:30Z</time>
      </trkpt>
      <trkpt lat="44.153474" lon="7.255453">
        <ele>2491.8</ele>
        <time>2026-08-01T05:43:34Z</time>
      </trkpt>
      <trkpt lat="44.153443" lon="7.255525">
        <ele>2492.6</ele>
        <time>2026-08-01T05:43:40Z</time>
      </trkpt>
      <trkpt lat="44.153428" lon="7.255544">
        <ele>2492.8</ele>
        <time>2026-08-01T05:43:42Z</time>
      </trkpt>
      <trkpt lat="44.153417" lon="7.255561">
        <ele>2493.0</ele>
        <time>2026-08-01T05:43:45Z</time>
      </trkpt>
      <trkpt lat="44.153398" lon="7.255578">
        <ele>2493.6</ele>
        <time>2026-08-01T05:43:49Z</time>
      </trkpt>
      <trkpt lat="44.153392" lon="7.255586">
        <ele>2493.8</ele>
        <time>2026-08-01T05:43:50Z</time>
      </trkpt>
      <trkpt lat="44.153373" lon="7.255674">
        <ele>2494.4</ele>
        <time>2026-08-01T05:43:57Z</time>
      </trkpt>
      <trkpt lat="44.153372" lon="7.255712">
        <ele>2494.6</ele>
        <time>2026-08-01T05:43:59Z</time>
      </trkpt>
      <trkpt lat="44.153402" lon="7.255743">
        <ele>2495.6</ele>
        <time>2026-08-01T05:44:05Z</time>
      </trkpt>
      <trkpt lat="44.153409" lon="7.255734">
        <ele>2495.8</ele>
        <time>2026-08-01T05:44:06Z</time>
      </trkpt>
      <trkpt lat="44.15345" lon="7.255684">
        <ele>2496.6</ele>
        <time>2026-08-01T05:44:12Z</time>
      </trkpt>
      <trkpt lat="44.153466" lon="7.255657">
        <ele>2496.8</ele>
        <time>2026-08-01T05:44:15Z</time>
      </trkpt>
      <trkpt lat="44.153488" lon="7.2556">
        <ele>2497.6</ele>
        <time>2026-08-01T05:44:21Z</time>
      </trkpt>
      <trkpt lat="44.153501" lon="7.255577">
        <ele>2497.8</ele>
        <time>2026-08-01T05:44:23Z</time>
      </trkpt>
      <trkpt lat="44.153527" lon="7.255539">
        <ele>2498.4</ele>
        <time>2026-08-01T05:44:28Z</time>
      </trkpt>
      <trkpt lat="44.153568" lon="7.255489">
        <ele>2498.8</ele>
        <time>2026-08-01T05:44:35Z</time>
      </trkpt>
      <trkpt lat="44.153611" lon="7.255434">
        <ele>2499.4</ele>
        <time>2026-08-01T05:44:42Z</time>
      </trkpt>
      <trkpt lat="44.153639" lon="7.255403">
        <ele>2499.8</ele>
        <time>2026-08-01T05:44:46Z</time>
      </trkpt>
      <trkpt lat="44.153656" lon="7.255386">
        <ele>2500.2</ele>
        <time>2026-08-01T05:44:49Z</time>
      </trkpt>
      <trkpt lat="44.153693" lon="7.255362">
        <ele>2501.0</ele>
        <time>2026-08-01T05:44:54Z</time>
      </trkpt>
      <trkpt lat="44.153709" lon="7.255335">
        <ele>2501.4</ele>
        <time>2026-08-01T05:44:57Z</time>
      </trkpt>
      <trkpt lat="44.153727" lon="7.255296">
        <ele>2501.6</ele>
        <time>2026-08-01T05:45:00Z</time>
      </trkpt>
      <trkpt lat="44.153755" lon="7.255269">
        <ele>2502.0</ele>
        <time>2026-08-01T05:45:04Z</time>
      </trkpt>
      <trkpt lat="44.153766" lon="7.255239">
        <ele>2502.6</ele>
        <time>2026-08-01T05:45:08Z</time>
      </trkpt>
      <trkpt lat="44.153798" lon="7.255206">
        <ele>2503.0</ele>
        <time>2026-08-01T05:45:13Z</time>
      </trkpt>
      <trkpt lat="44.153808" lon="7.255211">
        <ele>2503.2</ele>
        <time>2026-08-01T05:45:14Z</time>
      </trkpt>
      <trkpt lat="44.153816" lon="7.255222">
        <ele>2503.4</ele>
        <time>2026-08-01T05:45:16Z</time>
      </trkpt>
      <trkpt lat="44.153805" lon="7.255256">
        <ele>2504.0</ele>
        <time>2026-08-01T05:45:20Z</time>
      </trkpt>
      <trkpt lat="44.153792" lon="7.25528">
        <ele>2504.2</ele>
        <time>2026-08-01T05:45:22Z</time>
      </trkpt>
      <trkpt lat="44.153786" lon="7.255297">
        <ele>2504.4</ele>
        <time>2026-08-01T05:45:23Z</time>
      </trkpt>
      <trkpt lat="44.153782" lon="7.255314">
        <ele>2504.6</ele>
        <time>2026-08-01T05:45:25Z</time>
      </trkpt>
      <trkpt lat="44.153768" lon="7.255363">
        <ele>2505.2</ele>
        <time>2026-08-01T05:45:30Z</time>
      </trkpt>
      <trkpt lat="44.153762" lon="7.25538">
        <ele>2505.6</ele>
        <time>2026-08-01T05:45:32Z</time>
      </trkpt>
      <trkpt lat="44.153744" lon="7.255434">
        <ele>2506.2</ele>
        <time>2026-08-01T05:45:37Z</time>
      </trkpt>
      <trkpt lat="44.153736" lon="7.255464">
        <ele>2506.6</ele>
        <time>2026-08-01T05:45:39Z</time>
      </trkpt>
      <trkpt lat="44.153732" lon="7.255555">
        <ele>2507.4</ele>
        <time>2026-08-01T05:45:46Z</time>
      </trkpt>
      <trkpt lat="44.15372" lon="7.255628">
        <ele>2508.4</ele>
        <time>2026-08-01T05:45:53Z</time>
      </trkpt>
      <trkpt lat="44.153696" lon="7.255712">
        <ele>2509.2</ele>
        <time>2026-08-01T05:46:00Z</time>
      </trkpt>
      <trkpt lat="44.153692" lon="7.255726">
        <ele>2509.4</ele>
        <time>2026-08-01T05:46:01Z</time>
      </trkpt>
      <trkpt lat="44.153675" lon="7.2558">
        <ele>2510.6</ele>
        <time>2026-08-01T05:46:08Z</time>
      </trkpt>
      <trkpt lat="44.153677" lon="7.255806">
        <ele>2510.6</ele>
        <time>2026-08-01T05:46:09Z</time>
      </trkpt>
      <trkpt lat="44.153682" lon="7.25582">
        <ele>2511.0</ele>
        <time>2026-08-01T05:46:11Z</time>
      </trkpt>
      <trkpt lat="44.153688" lon="7.255824">
        <ele>2511.4</ele>
        <time>2026-08-01T05:46:13Z</time>
      </trkpt>
      <trkpt lat="44.153718" lon="7.255822">
        <ele>2511.6</ele>
        <time>2026-08-01T05:46:15Z</time>
      </trkpt>
      <trkpt lat="44.153723" lon="7.255821">
        <ele>2511.8</ele>
        <time>2026-08-01T05:46:16Z</time>
      </trkpt>
      <trkpt lat="44.153756" lon="7.25577">
        <ele>2512.6</ele>
        <time>2026-08-01T05:46:24Z</time>
      </trkpt>
      <trkpt lat="44.15376" lon="7.25576">
        <ele>2512.6</ele>
        <time>2026-08-01T05:46:25Z</time>
      </trkpt>
      <trkpt lat="44.153783" lon="7.255715">
        <ele>2513.6</ele>
        <time>2026-08-01T05:46:31Z</time>
      </trkpt>
      <trkpt lat="44.153788" lon="7.255706">
        <ele>2513.8</ele>
        <time>2026-08-01T05:46:32Z</time>
      </trkpt>
      <trkpt lat="44.153828" lon="7.255663">
        <ele>2514.6</ele>
        <time>2026-08-01T05:46:38Z</time>
      </trkpt>
      <trkpt lat="44.153834" lon="7.25566">
        <ele>2514.8</ele>
        <time>2026-08-01T05:46:39Z</time>
      </trkpt>
      <trkpt lat="44.153881" lon="7.255611">
        <ele>2515.4</ele>
        <time>2026-08-01T05:46:45Z</time>
      </trkpt>
      <trkpt lat="44.153904" lon="7.255589">
        <ele>2515.8</ele>
        <time>2026-08-01T05:46:48Z</time>
      </trkpt>
      <trkpt lat="44.153932" lon="7.255546">
        <ele>2516.4</ele>
        <time>2026-08-01T05:46:53Z</time>
      </trkpt>
      <trkpt lat="44.153962" lon="7.255502">
        <ele>2517.0</ele>
        <time>2026-08-01T05:46:58Z</time>
      </trkpt>
      <trkpt lat="44.153981" lon="7.255473">
        <ele>2517.2</ele>
        <time>2026-08-01T05:47:01Z</time>
      </trkpt>
      <trkpt lat="44.153996" lon="7.255452">
        <ele>2517.4</ele>
        <time>2026-08-01T05:47:04Z</time>
      </trkpt>
      <trkpt lat="44.154029" lon="7.255426">
        <ele>2517.8</ele>
        <time>2026-08-01T05:47:09Z</time>
      </trkpt>
      <trkpt lat="44.154052" lon="7.255368">
        <ele>2518.0</ele>
        <time>2026-08-01T05:47:14Z</time>
      </trkpt>
      <trkpt lat="44.154059" lon="7.255343">
        <ele>2518.2</ele>
        <time>2026-08-01T05:47:16Z</time>
      </trkpt>
      <trkpt lat="44.154093" lon="7.255273">
        <ele>2519.0</ele>
        <time>2026-08-01T05:47:23Z</time>
      </trkpt>
      <trkpt lat="44.154118" lon="7.255215">
        <ele>2520.0</ele>
        <time>2026-08-01T05:47:30Z</time>
      </trkpt>
      <trkpt lat="44.154126" lon="7.255195">
        <ele>2520.2</ele>
        <time>2026-08-01T05:47:32Z</time>
      </trkpt>
      <trkpt lat="44.154129" lon="7.255181">
        <ele>2520.6</ele>
        <time>2026-08-01T05:47:35Z</time>
      </trkpt>
      <trkpt lat="44.154132" lon="7.255178">
        <ele>2520.6</ele>
        <time>2026-08-01T05:47:40Z</time>
      </trkpt>
      <trkpt lat="44.154127" lon="7.255187">
        <ele>2520.6</ele>
        <time>2026-08-01T05:47:43Z</time>
      </trkpt>
      <trkpt lat="44.154125" lon="7.255193">
        <ele>2520.6</ele>
        <time>2026-08-01T05:47:44Z</time>
      </trkpt>
      <trkpt lat="44.154125" lon="7.255203">
        <ele>2520.6</ele>
        <time>2026-08-01T05:47:48Z</time>
      </trkpt>
      <trkpt lat="44.154139" lon="7.255192">
        <ele>2520.4</ele>
        <time>2026-08-01T05:47:56Z</time>
      </trkpt>
      <trkpt lat="44.15414" lon="7.255192">
        <ele>2520.2</ele>
        <time>2026-08-01T05:48:12Z</time>
      </trkpt>
      <trkpt lat="44.15414" lon="7.255192">
        <ele>2520.2</ele>
        <time>2026-08-01T05:48:14Z</time>
      </trkpt>
      <trkpt lat="44.15414" lon="7.255192">
        <ele>2520.2</ele>
        <time>2026-08-01T05:48:20Z</time>
      </trkpt>
      <trkpt lat="44.15414" lon="7.255192">
        <ele>2520.2</ele>
        <time>2026-08-01T05:48:24Z</time>
      </trkpt>
      <trkpt lat="44.15414" lon="7.255192">
        <ele>2520.2</ele>
        <time>2026-08-01T05:48:27Z</time>
      </trkpt>
      <trkpt lat="44.15414" lon="7.255192">
        <ele>2520.2</ele>
        <time>2026-08-01T05:48:28Z</time>
      </trkpt>
      <trkpt lat="44.15414" lon="7.255192">
        <ele>2520.4</ele>
        <time>2026-08-01T05:48:31Z</time>
      </trkpt>
      <trkpt lat="44.15414" lon="7.255192">
        <ele>2520.2</ele>
        <time>2026-08-01T05:48:35Z</time>
      </trkpt>
      <trkpt lat="44.15414" lon="7.255192">
        <ele>2520.2</ele>
        <time>2026-08-01T05:48:38Z</time>
      </trkpt>
      <trkpt lat="44.15414" lon="7.255192">
        <ele>2520.2</ele>
        <time>2026-08-01T05:48:39Z</time>
      </trkpt>
      <trkpt lat="44.15414" lon="7.255192">
        <ele>2520.2</ele>
        <time>2026-08-01T05:48:43Z</time>
      </trkpt>
      <trkpt lat="44.15414" lon="7.255192">
        <ele>2520.2</ele>
        <time>2026-08-01T05:48:51Z</time>
      </trkpt>
      <trkpt lat="44.15414" lon="7.255192">
        <ele>2520.2</ele>
        <time>2026-08-01T05:48:54Z</time>
      </trkpt>
      <trkpt lat="44.15414" lon="7.255192">
        <ele>2520.2</ele>
        <time>2026-08-01T05:49:01Z</time>
      </trkpt>
      <trkpt lat="44.15414" lon="7.255192">
        <ele>2520.2</ele>
        <time>2026-08-01T05:49:04Z</time>
      </trkpt>
      <trkpt lat="44.15414" lon="7.255192">
        <ele>2520.2</ele>
        <time>2026-08-01T05:49:09Z</time>
      </trkpt>
      <trkpt lat="44.15414" lon="7.255192">
        <ele>2520.2</ele>
        <time>2026-08-01T05:49:11Z</time>
      </trkpt>
      <trkpt lat="44.15414" lon="7.255192">
        <ele>2520.2</ele>
        <time>2026-08-01T05:49:16Z</time>
      </trkpt>
      <trkpt lat="44.15414" lon="7.255192">
        <ele>2520.2</ele>
        <time>2026-08-01T05:49:24Z</time>
      </trkpt>
      <trkpt lat="44.15414" lon="7.255192">
        <ele>2520.2</ele>
        <time>2026-08-01T05:49:37Z</time>
      </trkpt>
      <trkpt lat="44.154154" lon="7.255162">
        <ele>2520.2</ele>
        <time>2026-08-01T05:49:50Z</time>
      </trkpt>
      <trkpt lat="44.154152" lon="7.255146">
        <ele>2520.6</ele>
        <time>2026-08-01T05:49:58Z</time>
      </trkpt>
      <trkpt lat="44.154152" lon="7.255145">
        <ele>2520.8</ele>
        <time>2026-08-01T05:50:04Z</time>
      </trkpt>
      <trkpt lat="44.154152" lon="7.255145">
        <ele>2520.8</ele>
        <time>2026-08-01T05:50:10Z</time>
      </trkpt>
      <trkpt lat="44.154152" lon="7.255145">
        <ele>2520.8</ele>
        <time>2026-08-01T05:50:15Z</time>
      </trkpt>
      <trkpt lat="44.154152" lon="7.255145">
        <ele>2520.8</ele>
        <time>2026-08-01T05:50:19Z</time>
      </trkpt>
      <trkpt lat="44.154152" lon="7.255145">
        <ele>2520.8</ele>
        <time>2026-08-01T05:50:21Z</time>
      </trkpt>
      <trkpt lat="44.154152" lon="7.255145">
        <ele>2520.6</ele>
        <time>2026-08-01T05:50:27Z</time>
      </trkpt>
      <trkpt lat="44.154152" lon="7.255145">
        <ele>2520.6</ele>
        <time>2026-08-01T05:50:29Z</time>
      </trkpt>
      <trkpt lat="44.154159" lon="7.255144">
        <ele>2520.6</ele>
        <time>2026-08-01T05:50:44Z</time>
      </trkpt>
      <trkpt lat="44.154181" lon="7.255135">
        <ele>2520.8</ele>
        <time>2026-08-01T05:50:52Z</time>
      </trkpt>
      <trkpt lat="44.154177" lon="7.255138">
        <ele>2520.6</ele>
        <time>2026-08-01T05:50:54Z</time>
      </trkpt>
      <trkpt lat="44.154173" lon="7.255145">
        <ele>2520.6</ele>
        <time>2026-08-01T05:50:57Z</time>
      </trkpt>
      <trkpt lat="44.154164" lon="7.255154">
        <ele>2520.8</ele>
        <time>2026-08-01T05:51:02Z</time>
      </trkpt>
      <trkpt lat="44.154105" lon="7.255113">
        <ele>2520.8</ele>
        <time>2026-08-01T05:51:15Z</time>
      </trkpt>
      <trkpt lat="44.154152" lon="7.255143">
        <ele>2520.8</ele>
        <time>2026-08-01T05:51:21Z</time>
      </trkpt>
      <trkpt lat="44.154159" lon="7.255148">
        <ele>2521.0</ele>
        <time>2026-08-01T05:51:22Z</time>
      </trkpt>
      <trkpt lat="44.15416" lon="7.255134">
        <ele>2521.0</ele>
        <time>2026-08-01T05:51:30Z</time>
      </trkpt>
      <trkpt lat="44.154152" lon="7.255095">
        <ele>2521.2</ele>
        <time>2026-08-01T05:51:34Z</time>
      </trkpt>
      <trkpt lat="44.154158" lon="7.255059">
        <ele>2521.6</ele>
        <time>2026-08-01T05:51:38Z</time>
      </trkpt>
      <trkpt lat="44.154162" lon="7.255019">
        <ele>2522.2</ele>
        <time>2026-08-01T05:51:42Z</time>
      </trkpt>
      <trkpt lat="44.154162" lon="7.255014">
        <ele>2522.2</ele>
        <time>2026-08-01T05:51:43Z</time>
      </trkpt>
      <trkpt lat="44.154162" lon="7.255025">
        <ele>2522.6</ele>
        <time>2026-08-01T05:51:46Z</time>
      </trkpt>
      <trkpt lat="44.15416" lon="7.255034">
        <ele>2522.8</ele>
        <time>2026-08-01T05:51:47Z</time>
      </trkpt>
      <trkpt lat="44.154179" lon="7.255072">
        <ele>2523.4</ele>
        <time>2026-08-01T05:51:51Z</time>
      </trkpt>
      <trkpt lat="44.154191" lon="7.255103">
        <ele>2523.8</ele>
        <time>2026-08-01T05:51:54Z</time>
      </trkpt>
      <trkpt lat="44.154197" lon="7.255117">
        <ele>2524.4</ele>
        <time>2026-08-01T05:51:58Z</time>
      </trkpt>
      <trkpt lat="44.154201" lon="7.255133">
        <ele>2524.4</ele>
        <time>2026-08-01T05:52:01Z</time>
      </trkpt>
      <trkpt lat="44.154196" lon="7.255212">
        <ele>2525.2</ele>
        <time>2026-08-01T05:52:08Z</time>
      </trkpt>
      <trkpt lat="44.1542" lon="7.255259">
        <ele>2525.4</ele>
        <time>2026-08-01T05:52:10Z</time>
      </trkpt>
      <trkpt lat="44.154211" lon="7.255304">
        <ele>2526.0</ele>
        <time>2026-08-01T05:52:15Z</time>
      </trkpt>
      <trkpt lat="44.154204" lon="7.255366">
        <ele>2526.4</ele>
        <time>2026-08-01T05:52:19Z</time>
      </trkpt>
      <trkpt lat="44.154188" lon="7.25539">
        <ele>2527.0</ele>
        <time>2026-08-01T05:52:23Z</time>
      </trkpt>
      <trkpt lat="44.154181" lon="7.255403">
        <ele>2527.0</ele>
        <time>2026-08-01T05:52:28Z</time>
      </trkpt>
      <trkpt lat="44.154184" lon="7.255412">
        <ele>2527.0</ele>
        <time>2026-08-01T05:52:29Z</time>
      </trkpt>
      <trkpt lat="44.154191" lon="7.255424">
        <ele>2527.2</ele>
        <time>2026-08-01T05:52:31Z</time>
      </trkpt>
      <trkpt lat="44.154188" lon="7.255435">
        <ele>2527.4</ele>
        <time>2026-08-01T05:52:32Z</time>
      </trkpt>
      <trkpt lat="44.154201" lon="7.255453">
        <ele>2527.6</ele>
        <time>2026-08-01T05:52:34Z</time>
      </trkpt>
      <trkpt lat="44.15422" lon="7.255496">
        <ele>2528.2</ele>
        <time>2026-08-01T05:52:38Z</time>
      </trkpt>
      <trkpt lat="44.154228" lon="7.255541">
        <ele>2528.8</ele>
        <time>2026-08-01T05:52:42Z</time>
      </trkpt>
      <trkpt lat="44.15422" lon="7.255559">
        <ele>2529.4</ele>
        <time>2026-08-01T05:52:45Z</time>
      </trkpt>
      <trkpt lat="44.154216" lon="7.255572">
        <ele>2530.0</ele>
        <time>2026-08-01T05:52:47Z</time>
      </trkpt>
      <trkpt lat="44.154205" lon="7.25562">
        <ele>2530.8</ele>
        <time>2026-08-01T05:52:53Z</time>
      </trkpt>
      <trkpt lat="44.154203" lon="7.255637">
        <ele>2531.2</ele>
        <time>2026-08-01T05:52:56Z</time>
      </trkpt>
      <trkpt lat="44.154196" lon="7.255704">
        <ele>2532.0</ele>
        <time>2026-08-01T05:53:01Z</time>
      </trkpt>
      <trkpt lat="44.154195" lon="7.255741">
        <ele>2532.2</ele>
        <time>2026-08-01T05:53:05Z</time>
      </trkpt>
      <trkpt lat="44.154216" lon="7.255759">
        <ele>2532.6</ele>
        <time>2026-08-01T05:53:09Z</time>
      </trkpt>
      <trkpt lat="44.154241" lon="7.255742">
        <ele>2533.4</ele>
        <time>2026-08-01T05:53:13Z</time>
      </trkpt>
      <trkpt lat="44.15426" lon="7.255706">
        <ele>2534.0</ele>
        <time>2026-08-01T05:53:17Z</time>
      </trkpt>
      <trkpt lat="44.154268" lon="7.255677">
        <ele>2534.2</ele>
        <time>2026-08-01T05:53:20Z</time>
      </trkpt>
      <trkpt lat="44.154293" lon="7.255604">
        <ele>2534.0</ele>
        <time>2026-08-01T05:53:26Z</time>
      </trkpt>
      <trkpt lat="44.154305" lon="7.255581">
        <ele>2534.4</ele>
        <time>2026-08-01T05:53:29Z</time>
      </trkpt>
      <trkpt lat="44.15432" lon="7.255537">
        <ele>2534.8</ele>
        <time>2026-08-01T05:53:33Z</time>
      </trkpt>
      <trkpt lat="44.154324" lon="7.255524">
        <ele>2534.8</ele>
        <time>2026-08-01T05:53:34Z</time>
      </trkpt>
      <trkpt lat="44.154341" lon="7.255474">
        <ele>2535.4</ele>
        <time>2026-08-01T05:53:39Z</time>
      </trkpt>
      <trkpt lat="44.154345" lon="7.255465">
        <ele>2535.4</ele>
        <time>2026-08-01T05:53:40Z</time>
      </trkpt>
      <trkpt lat="44.154349" lon="7.255451">
        <ele>2535.6</ele>
        <time>2026-08-01T05:53:42Z</time>
      </trkpt>
      <trkpt lat="44.154374" lon="7.255413">
        <ele>2536.4</ele>
        <time>2026-08-01T05:53:48Z</time>
      </trkpt>
      <trkpt lat="44.154386" lon="7.255377">
        <ele>2537.0</ele>
        <time>2026-08-01T05:53:52Z</time>
      </trkpt>
      <trkpt lat="44.154387" lon="7.255304">
        <ele>2537.6</ele>
        <time>2026-08-01T05:53:58Z</time>
      </trkpt>
      <trkpt lat="44.15439" lon="7.255297">
        <ele>2537.6</ele>
        <time>2026-08-01T05:53:59Z</time>
      </trkpt>
      <trkpt lat="44.154397" lon="7.255288">
        <ele>2537.8</ele>
        <time>2026-08-01T05:54:00Z</time>
      </trkpt>
      <trkpt lat="44.154397" lon="7.255317">
        <ele>2538.4</ele>
        <time>2026-08-01T05:54:04Z</time>
      </trkpt>
      <trkpt lat="44.154395" lon="7.255325">
        <ele>2538.6</ele>
        <time>2026-08-01T05:54:05Z</time>
      </trkpt>
      <trkpt lat="44.154402" lon="7.255409">
        <ele>2539.6</ele>
        <time>2026-08-01T05:54:12Z</time>
      </trkpt>
      <trkpt lat="44.154404" lon="7.255432">
        <ele>2539.8</ele>
        <time>2026-08-01T05:54:14Z</time>
      </trkpt>
      <trkpt lat="44.154418" lon="7.255519">
        <ele>2540.6</ele>
        <time>2026-08-01T05:54:21Z</time>
      </trkpt>
      <trkpt lat="44.154419" lon="7.255556">
        <ele>2541.0</ele>
        <time>2026-08-01T05:54:24Z</time>
      </trkpt>
      <trkpt lat="44.154416" lon="7.255616">
        <ele>2541.6</ele>
        <time>2026-08-01T05:54:28Z</time>
      </trkpt>
      <trkpt lat="44.154417" lon="7.255663">
        <ele>2542.4</ele>
        <time>2026-08-01T05:54:33Z</time>
      </trkpt>
      <trkpt lat="44.154416" lon="7.255691">
        <ele>2542.8</ele>
        <time>2026-08-01T05:54:36Z</time>
      </trkpt>
      <trkpt lat="44.154432" lon="7.255751">
        <ele>2543.8</ele>
        <time>2026-08-01T05:54:42Z</time>
      </trkpt>
      <trkpt lat="44.154441" lon="7.255742">
        <ele>2544.0</ele>
        <time>2026-08-01T05:54:43Z</time>
      </trkpt>
      <trkpt lat="44.154457" lon="7.255704">
        <ele>2545.0</ele>
        <time>2026-08-01T05:54:48Z</time>
      </trkpt>
      <trkpt lat="44.154461" lon="7.25569">
        <ele>2545.2</ele>
        <time>2026-08-01T05:54:50Z</time>
      </trkpt>
      <trkpt lat="44.154471" lon="7.255638">
        <ele>2546.0</ele>
        <time>2026-08-01T05:54:55Z</time>
      </trkpt>
      <trkpt lat="44.154475" lon="7.255625">
        <ele>2546.0</ele>
        <time>2026-08-01T05:54:56Z</time>
      </trkpt>
      <trkpt lat="44.154484" lon="7.255607">
        <ele>2546.4</ele>
        <time>2026-08-01T05:54:58Z</time>
      </trkpt>
      <trkpt lat="44.154508" lon="7.255557">
        <ele>2547.2</ele>
        <time>2026-08-01T05:55:04Z</time>
      </trkpt>
      <trkpt lat="44.154511" lon="7.255529">
        <ele>2547.4</ele>
        <time>2026-08-01T05:55:06Z</time>
      </trkpt>
      <trkpt lat="44.154508" lon="7.255432">
        <ele>2547.6</ele>
        <time>2026-08-01T05:55:13Z</time>
      </trkpt>
      <trkpt lat="44.154513" lon="7.255396">
        <ele>2547.4</ele>
        <time>2026-08-01T05:55:16Z</time>
      </trkpt>
      <trkpt lat="44.154514" lon="7.255259">
        <ele>2547.8</ele>
        <time>2026-08-01T05:55:25Z</time>
      </trkpt>
      <trkpt lat="44.154527" lon="7.255223">
        <ele>2548.4</ele>
        <time>2026-08-01T05:55:29Z</time>
      </trkpt>
      <trkpt lat="44.15453" lon="7.255204">
        <ele>2548.8</ele>
        <time>2026-08-01T05:55:31Z</time>
      </trkpt>
      <trkpt lat="44.154539" lon="7.255177">
        <ele>2549.4</ele>
        <time>2026-08-01T05:55:34Z</time>
      </trkpt>
      <trkpt lat="44.154552" lon="7.255124">
        <ele>2550.2</ele>
        <time>2026-08-01T05:55:39Z</time>
      </trkpt>
      <trkpt lat="44.154554" lon="7.255116">
        <ele>2550.6</ele>
        <time>2026-08-01T05:55:41Z</time>
      </trkpt>
      <trkpt lat="44.154566" lon="7.255076">
        <ele>2551.2</ele>
        <time>2026-08-01T05:55:45Z</time>
      </trkpt>
      <trkpt lat="44.15457" lon="7.255055">
        <ele>2551.6</ele>
        <time>2026-08-01T05:55:47Z</time>
      </trkpt>
      <trkpt lat="44.154581" lon="7.254994">
        <ele>2552.2</ele>
        <time>2026-08-01T05:55:52Z</time>
      </trkpt>
      <trkpt lat="44.154589" lon="7.25496">
        <ele>2552.6</ele>
        <time>2026-08-01T05:55:56Z</time>
      </trkpt>
      <trkpt lat="44.154603" lon="7.25492">
        <ele>2553.2</ele>
        <time>2026-08-01T05:55:59Z</time>
      </trkpt>
      <trkpt lat="44.15463" lon="7.254823">
        <ele>2553.8</ele>
        <time>2026-08-01T05:56:07Z</time>
      </trkpt>
      <trkpt lat="44.154638" lon="7.254796">
        <ele>2554.0</ele>
        <time>2026-08-01T05:56:09Z</time>
      </trkpt>
      <trkpt lat="44.154657" lon="7.254746">
        <ele>2555.0</ele>
        <time>2026-08-01T05:56:15Z</time>
      </trkpt>
      <trkpt lat="44.154664" lon="7.254733">
        <ele>2555.4</ele>
        <time>2026-08-01T05:56:17Z</time>
      </trkpt>
      <trkpt lat="44.154674" lon="7.254721">
        <ele>2556.0</ele>
        <time>2026-08-01T05:56:21Z</time>
      </trkpt>
      <trkpt lat="44.154685" lon="7.254703">
        <ele>2556.4</ele>
        <time>2026-08-01T05:56:23Z</time>
      </trkpt>
      <trkpt lat="44.154722" lon="7.254646">
        <ele>2557.0</ele>
        <time>2026-08-01T05:56:28Z</time>
      </trkpt>
      <trkpt lat="44.154765" lon="7.254586">
        <ele>2557.2</ele>
        <time>2026-08-01T05:56:33Z</time>
      </trkpt>
      <trkpt lat="44.154812" lon="7.254486">
        <ele>2557.6</ele>
        <time>2026-08-01T05:56:42Z</time>
      </trkpt>
      <trkpt lat="44.154832" lon="7.254435">
        <ele>2558.2</ele>
        <time>2026-08-01T05:56:47Z</time>
      </trkpt>
      <trkpt lat="44.154862" lon="7.254395">
        <ele>2558.6</ele>
        <time>2026-08-01T05:56:51Z</time>
      </trkpt>
      <trkpt lat="44.15491" lon="7.254278">
        <ele>2559.2</ele>
        <time>2026-08-01T05:57:00Z</time>
      </trkpt>
      <trkpt lat="44.154954" lon="7.254199">
        <ele>2559.6</ele>
        <time>2026-08-01T05:57:07Z</time>
      </trkpt>
      <trkpt lat="44.154959" lon="7.254101">
        <ele>2560.0</ele>
        <time>2026-08-01T05:57:15Z</time>
      </trkpt>
      <trkpt lat="44.15497" lon="7.254018">
        <ele>2560.4</ele>
        <time>2026-08-01T05:57:21Z</time>
      </trkpt>
      <trkpt lat="44.154972" lon="7.254007">
        <ele>2560.6</ele>
        <time>2026-08-01T05:57:22Z</time>
      </trkpt>
      <trkpt lat="44.154995" lon="7.253932">
        <ele>2561.4</ele>
        <time>2026-08-01T05:57:30Z</time>
      </trkpt>
      <trkpt lat="44.155001" lon="7.253921">
        <ele>2561.6</ele>
        <time>2026-08-01T05:57:31Z</time>
      </trkpt>
      <trkpt lat="44.155009" lon="7.253936">
        <ele>2562.6</ele>
        <time>2026-08-01T05:57:36Z</time>
      </trkpt>
      <trkpt lat="44.155008" lon="7.253944">
        <ele>2562.8</ele>
        <time>2026-08-01T05:57:37Z</time>
      </trkpt>
      <trkpt lat="44.155012" lon="7.253993">
        <ele>2563.8</ele>
        <time>2026-08-01T05:57:42Z</time>
      </trkpt>
      <trkpt lat="44.155017" lon="7.254031">
        <ele>2564.2</ele>
        <time>2026-08-01T05:57:46Z</time>
      </trkpt>
      <trkpt lat="44.155027" lon="7.25408">
        <ele>2564.8</ele>
        <time>2026-08-01T05:57:50Z</time>
      </trkpt>
      <trkpt lat="44.155043" lon="7.254138">
        <ele>2565.8</ele>
        <time>2026-08-01T05:57:56Z</time>
      </trkpt>
      <trkpt lat="44.155043" lon="7.254145">
        <ele>2566.0</ele>
        <time>2026-08-01T05:57:57Z</time>
      </trkpt>
      <trkpt lat="44.155065" lon="7.254229">
        <ele>2567.2</ele>
        <time>2026-08-01T05:58:04Z</time>
      </trkpt>
      <trkpt lat="44.155074" lon="7.254302">
        <ele>2568.2</ele>
        <time>2026-08-01T05:58:11Z</time>
      </trkpt>
      <trkpt lat="44.15507" lon="7.254316">
        <ele>2568.4</ele>
        <time>2026-08-01T05:58:13Z</time>
      </trkpt>
      <trkpt lat="44.155062" lon="7.254372">
        <ele>2569.2</ele>
        <time>2026-08-01T05:58:18Z</time>
      </trkpt>
      <trkpt lat="44.15505" lon="7.254428">
        <ele>2569.8</ele>
        <time>2026-08-01T05:58:22Z</time>
      </trkpt>
      <trkpt lat="44.155046" lon="7.254456">
        <ele>2570.2</ele>
        <time>2026-08-01T05:58:25Z</time>
      </trkpt>
      <trkpt lat="44.155036" lon="7.254493">
        <ele>2571.2</ele>
        <time>2026-08-01T05:58:31Z</time>
      </trkpt>
      <trkpt lat="44.155034" lon="7.254502">
        <ele>2571.4</ele>
        <time>2026-08-01T05:58:32Z</time>
      </trkpt>
      <trkpt lat="44.155" lon="7.254562">
        <ele>2572.4</ele>
        <time>2026-08-01T05:58:38Z</time>
      </trkpt>
      <trkpt lat="44.154988" lon="7.254593">
        <ele>2572.6</ele>
        <time>2026-08-01T05:58:40Z</time>
      </trkpt>
      <trkpt lat="44.154969" lon="7.25469">
        <ele>2573.6</ele>
        <time>2026-08-01T05:58:47Z</time>
      </trkpt>
      <trkpt lat="44.154966" lon="7.254739">
        <ele>2574.2</ele>
        <time>2026-08-01T05:58:52Z</time>
      </trkpt>
      <trkpt lat="44.154964" lon="7.254765">
        <ele>2574.6</ele>
        <time>2026-08-01T05:58:55Z</time>
      </trkpt>
      <trkpt lat="44.154966" lon="7.254801">
        <ele>2575.8</ele>
        <time>2026-08-01T05:59:02Z</time>
      </trkpt>
      <trkpt lat="44.154965" lon="7.254817">
        <ele>2576.0</ele>
        <time>2026-08-01T05:59:04Z</time>
      </trkpt>
      <trkpt lat="44.154954" lon="7.25486">
        <ele>2576.8</ele>
        <time>2026-08-01T05:59:08Z</time>
      </trkpt>
      <trkpt lat="44.154928" lon="7.254943">
        <ele>2577.6</ele>
        <time>2026-08-01T05:59:14Z</time>
      </trkpt>
      <trkpt lat="44.154924" lon="7.254952">
        <ele>2577.6</ele>
        <time>2026-08-01T05:59:15Z</time>
      </trkpt>
      <trkpt lat="44.154921" lon="7.254961">
        <ele>2578.0</ele>
        <time>2026-08-01T05:59:16Z</time>
      </trkpt>
      <trkpt lat="44.154911" lon="7.255005">
        <ele>2578.8</ele>
        <time>2026-08-01T05:59:21Z</time>
      </trkpt>
      <trkpt lat="44.154908" lon="7.255024">
        <ele>2579.0</ele>
        <time>2026-08-01T05:59:23Z</time>
      </trkpt>
      <trkpt lat="44.154905" lon="7.255035">
        <ele>2579.2</ele>
        <time>2026-08-01T05:59:24Z</time>
      </trkpt>
      <trkpt lat="44.154904" lon="7.255072">
        <ele>2580.2</ele>
        <time>2026-08-01T05:59:30Z</time>
      </trkpt>
      <trkpt lat="44.154904" lon="7.255081">
        <ele>2580.6</ele>
        <time>2026-08-01T05:59:32Z</time>
      </trkpt>
      <trkpt lat="44.154916" lon="7.255093">
        <ele>2581.2</ele>
        <time>2026-08-01T05:59:35Z</time>
      </trkpt>
      <trkpt lat="44.154926" lon="7.255138">
        <ele>2581.8</ele>
        <time>2026-08-01T05:59:39Z</time>
      </trkpt>
      <trkpt lat="44.154938" lon="7.255277">
        <ele>2581.4</ele>
        <time>2026-08-01T05:59:49Z</time>
      </trkpt>
      <trkpt lat="44.154951" lon="7.255357">
        <ele>2581.8</ele>
        <time>2026-08-01T05:59:56Z</time>
      </trkpt>
      <trkpt lat="44.154952" lon="7.255377">
        <ele>2582.2</ele>
        <time>2026-08-01T05:59:58Z</time>
      </trkpt>
      <trkpt lat="44.15495" lon="7.255392">
        <ele>2582.2</ele>
        <time>2026-08-01T05:59:59Z</time>
      </trkpt>
      <trkpt lat="44.154946" lon="7.255467">
        <ele>2583.0</ele>
        <time>2026-08-01T06:00:06Z</time>
      </trkpt>
      <trkpt lat="44.154947" lon="7.255488">
        <ele>2583.4</ele>
        <time>2026-08-01T06:00:08Z</time>
      </trkpt>
      <trkpt lat="44.154973" lon="7.255519">
        <ele>2584.4</ele>
        <time>2026-08-01T06:00:14Z</time>
      </trkpt>
      <trkpt lat="44.155009" lon="7.255604">
        <ele>2585.4</ele>
        <time>2026-08-01T06:00:21Z</time>
      </trkpt>
      <trkpt lat="44.155015" lon="7.255616">
        <ele>2585.6</ele>
        <time>2026-08-01T06:00:22Z</time>
      </trkpt>
      <trkpt lat="44.155039" lon="7.25572">
        <ele>2586.4</ele>
        <time>2026-08-01T06:00:30Z</time>
      </trkpt>
      <trkpt lat="44.155048" lon="7.255744">
        <ele>2586.8</ele>
        <time>2026-08-01T06:00:32Z</time>
      </trkpt>
      <trkpt lat="44.155071" lon="7.2558">
        <ele>2587.6</ele>
        <time>2026-08-01T06:00:39Z</time>
      </trkpt>
      <trkpt lat="44.155073" lon="7.255797">
        <ele>2587.6</ele>
        <time>2026-08-01T06:00:40Z</time>
      </trkpt>
      <trkpt lat="44.155068" lon="7.255824">
        <ele>2587.8</ele>
        <time>2026-08-01T06:00:44Z</time>
      </trkpt>
      <trkpt lat="44.155059" lon="7.255854">
        <ele>2588.0</ele>
        <time>2026-08-01T06:00:47Z</time>
      </trkpt>
      <trkpt lat="44.155048" lon="7.255887">
        <ele>2588.2</ele>
        <time>2026-08-01T06:00:50Z</time>
      </trkpt>
      <trkpt lat="44.155047" lon="7.255931">
        <ele>2588.6</ele>
        <time>2026-08-01T06:00:53Z</time>
      </trkpt>
      <trkpt lat="44.155047" lon="7.255959">
        <ele>2588.8</ele>
        <time>2026-08-01T06:00:55Z</time>
      </trkpt>
      <trkpt lat="44.155074" lon="7.256006">
        <ele>2589.8</ele>
        <time>2026-08-01T06:01:01Z</time>
      </trkpt>
      <trkpt lat="44.15507" lon="7.255995">
        <ele>2589.8</ele>
        <time>2026-08-01T06:01:02Z</time>
      </trkpt>
      <trkpt lat="44.155112" lon="7.255942">
        <ele>2591.0</ele>
        <time>2026-08-01T06:01:08Z</time>
      </trkpt>
      <trkpt lat="44.155142" lon="7.25587">
        <ele>2591.6</ele>
        <time>2026-08-01T06:01:14Z</time>
      </trkpt>
      <trkpt lat="44.15515" lon="7.255843">
        <ele>2592.0</ele>
        <time>2026-08-01T06:01:17Z</time>
      </trkpt>
      <trkpt lat="44.15516" lon="7.255816">
        <ele>2592.4</ele>
        <time>2026-08-01T06:01:20Z</time>
      </trkpt>
      <trkpt lat="44.155173" lon="7.255751">
        <ele>2593.0</ele>
        <time>2026-08-01T06:01:26Z</time>
      </trkpt>
      <trkpt lat="44.155179" lon="7.255739">
        <ele>2593.4</ele>
        <time>2026-08-01T06:01:28Z</time>
      </trkpt>
      <trkpt lat="44.155187" lon="7.25569">
        <ele>2594.2</ele>
        <time>2026-08-01T06:01:33Z</time>
      </trkpt>
      <trkpt lat="44.155186" lon="7.255685">
        <ele>2594.2</ele>
        <time>2026-08-01T06:01:34Z</time>
      </trkpt>
      <trkpt lat="44.155194" lon="7.255627">
        <ele>2595.2</ele>
        <time>2026-08-01T06:01:40Z</time>
      </trkpt>
      <trkpt lat="44.155197" lon="7.255621">
        <ele>2595.4</ele>
        <time>2026-08-01T06:01:41Z</time>
      </trkpt>
      <trkpt lat="44.155185" lon="7.255577">
        <ele>2596.2</ele>
        <time>2026-08-01T06:01:46Z</time>
      </trkpt>
      <trkpt lat="44.15519" lon="7.255554">
        <ele>2596.6</ele>
        <time>2026-08-01T06:01:48Z</time>
      </trkpt>
      <trkpt lat="44.1552" lon="7.255527">
        <ele>2597.4</ele>
        <time>2026-08-01T06:01:52Z</time>
      </trkpt>
      <trkpt lat="44.155221" lon="7.255542">
        <ele>2598.2</ele>
        <time>2026-08-01T06:01:56Z</time>
      </trkpt>
      <trkpt lat="44.155223" lon="7.255548">
        <ele>2598.4</ele>
        <time>2026-08-01T06:01:57Z</time>
      </trkpt>
      <trkpt lat="44.155264" lon="7.255593">
        <ele>2599.4</ele>
        <time>2026-08-01T06:02:04Z</time>
      </trkpt>
      <trkpt lat="44.155275" lon="7.255603">
        <ele>2599.4</ele>
        <time>2026-08-01T06:02:05Z</time>
      </trkpt>
      <trkpt lat="44.155317" lon="7.255651">
        <ele>2600.4</ele>
        <time>2026-08-01T06:02:11Z</time>
      </trkpt>
      <trkpt lat="44.155328" lon="7.255673">
        <ele>2600.6</ele>
        <time>2026-08-01T06:02:13Z</time>
      </trkpt>
      <trkpt lat="44.155355" lon="7.255718">
        <ele>2601.2</ele>
        <time>2026-08-01T06:02:20Z</time>
      </trkpt>
      <trkpt lat="44.155371" lon="7.255731">
        <ele>2601.6</ele>
        <time>2026-08-01T06:02:23Z</time>
      </trkpt>
      <trkpt lat="44.155391" lon="7.255746">
        <ele>2602.2</ele>
        <time>2026-08-01T06:02:26Z</time>
      </trkpt>
      <trkpt lat="44.155395" lon="7.255758">
        <ele>2602.8</ele>
        <time>2026-08-01T06:02:28Z</time>
      </trkpt>
      <trkpt lat="44.155434" lon="7.255775">
        <ele>2603.8</ele>
        <time>2026-08-01T06:02:34Z</time>
      </trkpt>
      <trkpt lat="44.155444" lon="7.255775">
        <ele>2604.0</ele>
        <time>2026-08-01T06:02:35Z</time>
      </trkpt>
      <trkpt lat="44.155471" lon="7.255768">
        <ele>2604.8</ele>
        <time>2026-08-01T06:02:39Z</time>
      </trkpt>
      <trkpt lat="44.155492" lon="7.25576">
        <ele>2605.6</ele>
        <time>2026-08-01T06:02:43Z</time>
      </trkpt>
      <trkpt lat="44.155501" lon="7.25576">
        <ele>2605.8</ele>
        <time>2026-08-01T06:02:44Z</time>
      </trkpt>
      <trkpt lat="44.155552" lon="7.25574">
        <ele>2607.0</ele>
        <time>2026-08-01T06:02:50Z</time>
      </trkpt>
      <trkpt lat="44.15556" lon="7.255733">
        <ele>2607.0</ele>
        <time>2026-08-01T06:02:51Z</time>
      </trkpt>
      <trkpt lat="44.15555" lon="7.255723">
        <ele>2607.2</ele>
        <time>2026-08-01T06:02:55Z</time>
      </trkpt>
      <trkpt lat="44.155544" lon="7.255718">
        <ele>2607.2</ele>
        <time>2026-08-01T06:02:58Z</time>
      </trkpt>
      <trkpt lat="44.155543" lon="7.255708">
        <ele>2607.2</ele>
        <time>2026-08-01T06:02:59Z</time>
      </trkpt>
      <trkpt lat="44.155535" lon="7.255623">
        <ele>2607.2</ele>
        <time>2026-08-01T06:03:07Z</time>
      </trkpt>
      <trkpt lat="44.155533" lon="7.255622">
        <ele>2607.4</ele>
        <time>2026-08-01T06:03:15Z</time>
      </trkpt>
      <trkpt lat="44.155543" lon="7.255618">
        <ele>2607.2</ele>
        <time>2026-08-01T06:03:26Z</time>
      </trkpt>
      <trkpt lat="44.15554" lon="7.255626">
        <ele>2607.2</ele>
        <time>2026-08-01T06:03:30Z</time>
      </trkpt>
      <trkpt lat="44.155542" lon="7.255637">
        <ele>2607.2</ele>
        <time>2026-08-01T06:03:32Z</time>
      </trkpt>
      <trkpt lat="44.155542" lon="7.255642">
        <ele>2607.2</ele>
        <time>2026-08-01T06:03:33Z</time>
      </trkpt>
      <trkpt lat="44.155544" lon="7.25565">
        <ele>2607.2</ele>
        <time>2026-08-01T06:03:35Z</time>
      </trkpt>
      <trkpt lat="44.155546" lon="7.255653">
        <ele>2607.2</ele>
        <time>2026-08-01T06:03:38Z</time>
      </trkpt>
      <trkpt lat="44.155547" lon="7.255654">
        <ele>2607.2</ele>
        <time>2026-08-01T06:03:39Z</time>
      </trkpt>
      <trkpt lat="44.155555" lon="7.255625">
        <ele>2607.0</ele>
        <time>2026-08-01T06:03:52Z</time>
      </trkpt>
      <trkpt lat="44.15556" lon="7.255616">
        <ele>2607.0</ele>
        <time>2026-08-01T06:03:54Z</time>
      </trkpt>
      <trkpt lat="44.155537" lon="7.255622">
        <ele>2606.8</ele>
        <time>2026-08-01T06:04:17Z</time>
      </trkpt>
      <trkpt lat="44.155555" lon="7.255623">
        <ele>2606.6</ele>
        <time>2026-08-01T06:04:34Z</time>
      </trkpt>
      <trkpt lat="44.155552" lon="7.255631">
        <ele>2606.6</ele>
        <time>2026-08-01T06:04:40Z</time>
      </trkpt>
      <trkpt lat="44.155558" lon="7.255624">
        <ele>2606.4</ele>
        <time>2026-08-01T06:04:45Z</time>
      </trkpt>
      <trkpt lat="44.155553" lon="7.255629">
        <ele>2606.0</ele>
        <time>2026-08-01T06:04:56Z</time>
      </trkpt>
      <trkpt lat="44.155541" lon="7.255592">
        <ele>2605.8</ele>
        <time>2026-08-01T06:05:04Z</time>
      </trkpt>
      <trkpt lat="44.155561" lon="7.255529">
        <ele>2606.0</ele>
        <time>2026-08-01T06:05:10Z</time>
      </trkpt>
      <trkpt lat="44.15558" lon="7.25551">
        <ele>2606.2</ele>
        <time>2026-08-01T06:05:13Z</time>
      </trkpt>
      <trkpt lat="44.155578" lon="7.255515">
        <ele>2606.4</ele>
        <time>2026-08-01T06:05:23Z</time>
      </trkpt>
      <trkpt lat="44.155597" lon="7.255478">
        <ele>2606.2</ele>
        <time>2026-08-01T06:05:31Z</time>
      </trkpt>
      <trkpt lat="44.155635" lon="7.255377">
        <ele>2605.0</ele>
        <time>2026-08-01T06:05:41Z</time>
      </trkpt>
      <trkpt lat="44.15564" lon="7.255365">
        <ele>2604.8</ele>
        <time>2026-08-01T06:05:42Z</time>
      </trkpt>
      <trkpt lat="44.15565" lon="7.255266">
        <ele>2603.8</ele>
        <time>2026-08-01T06:05:50Z</time>
      </trkpt>
      <trkpt lat="44.155642" lon="7.255175">
        <ele>2602.8</ele>
        <time>2026-08-01T06:05:57Z</time>
      </trkpt>
      <trkpt lat="44.155643" lon="7.255175">
        <ele>2602.8</ele>
        <time>2026-08-01T06:05:58Z</time>
      </trkpt>
      <trkpt lat="44.155667" lon="7.255242">
        <ele>2602.4</ele>
        <time>2026-08-01T06:06:02Z</time>
      </trkpt>
      <trkpt lat="44.155688" lon="7.255272">
        <ele>2601.6</ele>
        <time>2026-08-01T06:06:05Z</time>
      </trkpt>
      <trkpt lat="44.155726" lon="7.255323">
        <ele>2600.4</ele>
        <time>2026-08-01T06:06:10Z</time>
      </trkpt>
      <trkpt lat="44.155732" lon="7.25533">
        <ele>2600.2</ele>
        <time>2026-08-01T06:06:11Z</time>
      </trkpt>
      <trkpt lat="44.155757" lon="7.255374">
        <ele>2599.2</ele>
        <time>2026-08-01T06:06:15Z</time>
      </trkpt>
      <trkpt lat="44.155787" lon="7.255429">
        <ele>2598.4</ele>
        <time>2026-08-01T06:06:20Z</time>
      </trkpt>
      <trkpt lat="44.155795" lon="7.255438">
        <ele>2598.2</ele>
        <time>2026-08-01T06:06:21Z</time>
      </trkpt>
      <trkpt lat="44.155826" lon="7.255491">
        <ele>2597.2</ele>
        <time>2026-08-01T06:06:26Z</time>
      </trkpt>
      <trkpt lat="44.155841" lon="7.255512">
        <ele>2596.8</ele>
        <time>2026-08-01T06:06:28Z</time>
      </trkpt>
      <trkpt lat="44.155873" lon="7.255575">
        <ele>2596.0</ele>
        <time>2026-08-01T06:06:33Z</time>
      </trkpt>
      <trkpt lat="44.155907" lon="7.255636">
        <ele>2595.0</ele>
        <time>2026-08-01T06:06:38Z</time>
      </trkpt>
      <trkpt lat="44.155937" lon="7.255662">
        <ele>2593.8</ele>
        <time>2026-08-01T06:06:44Z</time>
      </trkpt>
      <trkpt lat="44.155937" lon="7.255653">
        <ele>2593.6</ele>
        <time>2026-08-01T06:06:45Z</time>
      </trkpt>
      <trkpt lat="44.155934" lon="7.255641">
        <ele>2593.4</ele>
        <time>2026-08-01T06:06:46Z</time>
      </trkpt>
      <trkpt lat="44.155921" lon="7.255571">
        <ele>2592.8</ele>
        <time>2026-08-01T06:06:51Z</time>
      </trkpt>
      <trkpt lat="44.15591" lon="7.255542">
        <ele>2592.6</ele>
        <time>2026-08-01T06:06:53Z</time>
      </trkpt>
      <trkpt lat="44.155921" lon="7.255454">
        <ele>2592.2</ele>
        <time>2026-08-01T06:07:02Z</time>
      </trkpt>
      <trkpt lat="44.155906" lon="7.255369">
        <ele>2592.2</ele>
        <time>2026-08-01T06:07:11Z</time>
      </trkpt>
      <trkpt lat="44.155832" lon="7.255284">
        <ele>2593.0</ele>
        <time>2026-08-01T06:07:19Z</time>
      </trkpt>
      <trkpt lat="44.155798" lon="7.255189">
        <ele>2593.4</ele>
        <time>2026-08-01T06:07:26Z</time>
      </trkpt>
      <trkpt lat="44.155789" lon="7.255144">
        <ele>2594.0</ele>
        <time>2026-08-01T06:07:29Z</time>
      </trkpt>
      <trkpt lat="44.155766" lon="7.255035">
        <ele>2594.6</ele>
        <time>2026-08-01T06:07:35Z</time>
      </trkpt>
      <trkpt lat="44.155758" lon="7.254966">
        <ele>2594.6</ele>
        <time>2026-08-01T06:07:38Z</time>
      </trkpt>
      <trkpt lat="44.155742" lon="7.254875">
        <ele>2594.6</ele>
        <time>2026-08-01T06:07:43Z</time>
      </trkpt>
      <trkpt lat="44.155737" lon="7.254859">
        <ele>2594.6</ele>
        <time>2026-08-01T06:07:44Z</time>
      </trkpt>
      <trkpt lat="44.155696" lon="7.254761">
        <ele>2595.0</ele>
        <time>2026-08-01T06:07:51Z</time>
      </trkpt>
      <trkpt lat="44.155689" lon="7.254745">
        <ele>2595.2</ele>
        <time>2026-08-01T06:07:52Z</time>
      </trkpt>
      <trkpt lat="44.155627" lon="7.25459">
        <ele>2595.6</ele>
        <time>2026-08-01T06:08:02Z</time>
      </trkpt>
      <trkpt lat="44.155592" lon="7.254514">
        <ele>2596.2</ele>
        <time>2026-08-01T06:08:07Z</time>
      </trkpt>
      <trkpt lat="44.155572" lon="7.254461">
        <ele>2596.6</ele>
        <time>2026-08-01T06:08:11Z</time>
      </trkpt>
      <trkpt lat="44.155539" lon="7.254377">
        <ele>2597.2</ele>
        <time>2026-08-01T06:08:17Z</time>
      </trkpt>
      <trkpt lat="44.155533" lon="7.254354">
        <ele>2597.2</ele>
        <time>2026-08-01T06:08:19Z</time>
      </trkpt>
      <trkpt lat="44.155511" lon="7.254302">
        <ele>2597.2</ele>
        <time>2026-08-01T06:08:28Z</time>
      </trkpt>
      <trkpt lat="44.155528" lon="7.25425">
        <ele>2597.2</ele>
        <time>2026-08-01T06:08:37Z</time>
      </trkpt>
      <trkpt lat="44.155514" lon="7.254243">
        <ele>2597.2</ele>
        <time>2026-08-01T06:08:43Z</time>
      </trkpt>
      <trkpt lat="44.15549" lon="7.25423">
        <ele>2597.4</ele>
        <time>2026-08-01T06:08:51Z</time>
      </trkpt>
      <trkpt lat="44.155469" lon="7.254225">
        <ele>2598.0</ele>
        <time>2026-08-01T06:08:59Z</time>
      </trkpt>
      <trkpt lat="44.155512" lon="7.254271">
        <ele>2598.0</ele>
        <time>2026-08-01T06:09:07Z</time>
      </trkpt>
      <trkpt lat="44.155512" lon="7.254254">
        <ele>2597.2</ele>
        <time>2026-08-01T06:09:17Z</time>
      </trkpt>
      <trkpt lat="44.155514" lon="7.25425">
        <ele>2597.2</ele>
        <time>2026-08-01T06:09:19Z</time>
      </trkpt>
      <trkpt lat="44.155515" lon="7.254246">
        <ele>2597.2</ele>
        <time>2026-08-01T06:09:23Z</time>
      </trkpt>
      <trkpt lat="44.155518" lon="7.254239">
        <ele>2597.0</ele>
        <time>2026-08-01T06:09:27Z</time>
      </trkpt>
      <trkpt lat="44.155511" lon="7.254255">
        <ele>2597.0</ele>
        <time>2026-08-01T06:09:35Z</time>
      </trkpt>
      <trkpt lat="44.15551" lon="7.254241">
        <ele>2596.6</ele>
        <time>2026-08-01T06:09:45Z</time>
      </trkpt>
      <trkpt lat="44.155525" lon="7.254229">
        <ele>2596.6</ele>
        <time>2026-08-01T06:09:55Z</time>
      </trkpt>
      <trkpt lat="44.155509" lon="7.254229">
        <ele>2597.6</ele>
        <time>2026-08-01T06:10:04Z</time>
      </trkpt>
      <trkpt lat="44.155507" lon="7.254246">
        <ele>2597.2</ele>
        <time>2026-08-01T06:10:14Z</time>
      </trkpt>
      <trkpt lat="44.155508" lon="7.254247">
        <ele>2597.0</ele>
        <time>2026-08-01T06:10:15Z</time>
      </trkpt>
      <trkpt lat="44.155511" lon="7.254248">
        <ele>2597.2</ele>
        <time>2026-08-01T06:10:25Z</time>
      </trkpt>
      <trkpt lat="44.155502" lon="7.254255">
        <ele>2597.0</ele>
        <time>2026-08-01T06:10:35Z</time>
      </trkpt>
      <trkpt lat="44.155532" lon="7.254241">
        <ele>2597.2</ele>
        <time>2026-08-01T06:10:43Z</time>
      </trkpt>
      <trkpt lat="44.155513" lon="7.254235">
        <ele>2597.6</ele>
        <time>2026-08-01T06:10:53Z</time>
      </trkpt>
      <trkpt lat="44.155489" lon="7.254233">
        <ele>2597.8</ele>
        <time>2026-08-01T06:11:01Z</time>
      </trkpt>
      <trkpt lat="44.155477" lon="7.25423">
        <ele>2598.0</ele>
        <time>2026-08-01T06:11:03Z</time>
      </trkpt>
      <trkpt lat="44.155465" lon="7.254232">
        <ele>2597.8</ele>
        <time>2026-08-01T06:11:07Z</time>
      </trkpt>
      <trkpt lat="44.155464" lon="7.254232">
        <ele>2597.6</ele>
        <time>2026-08-01T06:11:09Z</time>
      </trkpt>
      <trkpt lat="44.155505" lon="7.254236">
        <ele>2597.6</ele>
        <time>2026-08-01T06:11:20Z</time>
      </trkpt>
      <trkpt lat="44.155505" lon="7.254241">
        <ele>2597.2</ele>
        <time>2026-08-01T06:11:30Z</time>
      </trkpt>
      <trkpt lat="44.155506" lon="7.254239">
        <ele>2597.2</ele>
        <time>2026-08-01T06:11:33Z</time>
      </trkpt>
      <trkpt lat="44.155506" lon="7.254233">
        <ele>2597.2</ele>
        <time>2026-08-01T06:11:43Z</time>
      </trkpt>
      <trkpt lat="44.155506" lon="7.254232">
        <ele>2597.0</ele>
        <time>2026-08-01T06:11:55Z</time>
      </trkpt>
      <trkpt lat="44.155506" lon="7.254232">
        <ele>2597.0</ele>
        <time>2026-08-01T06:11:59Z</time>
      </trkpt>
      <trkpt lat="44.155488" lon="7.25424">
        <ele>2597.4</ele>
        <time>2026-08-01T06:12:04Z</time>
      </trkpt>
      <trkpt lat="44.155481" lon="7.254244">
        <ele>2598.0</ele>
        <time>2026-08-01T06:12:06Z</time>
      </trkpt>
      <trkpt lat="44.155481" lon="7.254261">
        <ele>2597.8</ele>
        <time>2026-08-01T06:12:13Z</time>
      </trkpt>
      <trkpt lat="44.155506" lon="7.25426">
        <ele>2597.6</ele>
        <time>2026-08-01T06:12:23Z</time>
      </trkpt>
      <trkpt lat="44.155511" lon="7.254246">
        <ele>2597.4</ele>
        <time>2026-08-01T06:12:33Z</time>
      </trkpt>
      <trkpt lat="44.155508" lon="7.254249">
        <ele>2597.0</ele>
        <time>2026-08-01T06:12:35Z</time>
      </trkpt>
      <trkpt lat="44.155508" lon="7.254244">
        <ele>2595.8</ele>
        <time>2026-08-01T06:12:39Z</time>
      </trkpt>
      <trkpt lat="44.155515" lon="7.254232">
        <ele>2596.0</ele>
        <time>2026-08-01T06:12:43Z</time>
      </trkpt>
      <trkpt lat="44.155505" lon="7.254233">
        <ele>2595.8</ele>
        <time>2026-08-01T06:12:53Z</time>
      </trkpt>
      <trkpt lat="44.155495" lon="7.254241">
        <ele>2595.8</ele>
        <time>2026-08-01T06:13:06Z</time>
      </trkpt>
      <trkpt lat="44.155485" lon="7.254242">
        <ele>2595.8</ele>
        <time>2026-08-01T06:13:11Z</time>
      </trkpt>
      <trkpt lat="44.155484" lon="7.254243">
        <ele>2595.8</ele>
        <time>2026-08-01T06:13:13Z</time>
      </trkpt>
      <trkpt lat="44.155485" lon="7.254239">
        <ele>2595.8</ele>
        <time>2026-08-01T06:13:14Z</time>
      </trkpt>
      <trkpt lat="44.155485" lon="7.254238">
        <ele>2595.8</ele>
        <time>2026-08-01T06:13:15Z</time>
      </trkpt>
      <trkpt lat="44.155484" lon="7.254239">
        <ele>2595.8</ele>
        <time>2026-08-01T06:13:16Z</time>
      </trkpt>
      <trkpt lat="44.155485" lon="7.254239">
        <ele>2595.8</ele>
        <time>2026-08-01T06:13:17Z</time>
      </trkpt>
      <trkpt lat="44.15549" lon="7.254237">
        <ele>2596.0</ele>
        <time>2026-08-01T06:13:19Z</time>
      </trkpt>
      <trkpt lat="44.155498" lon="7.254231">
        <ele>2595.8</ele>
        <time>2026-08-01T06:13:23Z</time>
      </trkpt>
      <trkpt lat="44.155505" lon="7.254223">
        <ele>2595.8</ele>
        <time>2026-08-01T06:13:30Z</time>
      </trkpt>
      <trkpt lat="44.155511" lon="7.254237">
        <ele>2595.6</ele>
        <time>2026-08-01T06:13:37Z</time>
      </trkpt>
      <trkpt lat="44.15551" lon="7.254243">
        <ele>2595.6</ele>
        <time>2026-08-01T06:13:39Z</time>
      </trkpt>
      <trkpt lat="44.15551" lon="7.254247">
        <ele>2595.6</ele>
        <time>2026-08-01T06:13:40Z</time>
      </trkpt>
      <trkpt lat="44.155513" lon="7.254248">
        <ele>2595.0</ele>
        <time>2026-08-01T06:13:50Z</time>
      </trkpt>
      <trkpt lat="44.155529" lon="7.254221">
        <ele>2595.0</ele>
        <time>2026-08-01T06:14:00Z</time>
      </trkpt>
      <trkpt lat="44.155522" lon="7.254205">
        <ele>2595.0</ele>
        <time>2026-08-01T06:14:10Z</time>
      </trkpt>
      <trkpt lat="44.155512" lon="7.254209">
        <ele>2595.0</ele>
        <time>2026-08-01T06:14:12Z</time>
      </trkpt>
      <trkpt lat="44.155493" lon="7.254215">
        <ele>2595.8</ele>
        <time>2026-08-01T06:14:20Z</time>
      </trkpt>
      <trkpt lat="44.155485" lon="7.254221">
        <ele>2595.8</ele>
        <time>2026-08-01T06:14:25Z</time>
      </trkpt>
      <trkpt lat="44.155494" lon="7.254224">
        <ele>2595.8</ele>
        <time>2026-08-01T06:14:28Z</time>
      </trkpt>
      <trkpt lat="44.155509" lon="7.25423">
        <ele>2596.0</ele>
        <time>2026-08-01T06:14:31Z</time>
      </trkpt>
      <trkpt lat="44.155513" lon="7.254234">
        <ele>2596.0</ele>
        <time>2026-08-01T06:14:32Z</time>
      </trkpt>
      <trkpt lat="44.155515" lon="7.254277">
        <ele>2596.2</ele>
        <time>2026-08-01T06:14:41Z</time>
      </trkpt>
      <trkpt lat="44.155494" lon="7.254269">
        <ele>2596.0</ele>
        <time>2026-08-01T06:14:46Z</time>
      </trkpt>
      <trkpt lat="44.155484" lon="7.254254">
        <ele>2595.8</ele>
        <time>2026-08-01T06:14:49Z</time>
      </trkpt>
      <trkpt lat="44.155479" lon="7.254251">
        <ele>2595.8</ele>
        <time>2026-08-01T06:14:50Z</time>
      </trkpt>
      <trkpt lat="44.155476" lon="7.254238">
        <ele>2596.0</ele>
        <time>2026-08-01T06:15:00Z</time>
      </trkpt>
      <trkpt lat="44.155508" lon="7.254255">
        <ele>2595.4</ele>
        <time>2026-08-01T06:15:11Z</time>
      </trkpt>
      <trkpt lat="44.155495" lon="7.254236">
        <ele>2595.6</ele>
        <time>2026-08-01T06:15:22Z</time>
      </trkpt>
      <trkpt lat="44.155451" lon="7.254224">
        <ele>2596.4</ele>
        <time>2026-08-01T06:15:31Z</time>
      </trkpt>
      <trkpt lat="44.155493" lon="7.254229">
        <ele>2595.8</ele>
        <time>2026-08-01T06:15:39Z</time>
      </trkpt>
      <trkpt lat="44.15551" lon="7.25423">
        <ele>2596.8</ele>
        <time>2026-08-01T06:15:46Z</time>
      </trkpt>
      <trkpt lat="44.15551" lon="7.25423">
        <ele>2597.0</ele>
        <time>2026-08-01T06:15:47Z</time>
      </trkpt>
      <trkpt lat="44.155509" lon="7.254228">
        <ele>2597.2</ele>
        <time>2026-08-01T06:15:48Z</time>
      </trkpt>
      <trkpt lat="44.155503" lon="7.25423">
        <ele>2597.0</ele>
        <time>2026-08-01T06:15:51Z</time>
      </trkpt>
      <trkpt lat="44.155504" lon="7.254237">
        <ele>2595.8</ele>
        <time>2026-08-01T06:15:55Z</time>
      </trkpt>
      <trkpt lat="44.155514" lon="7.25423">
        <ele>2595.8</ele>
        <time>2026-08-01T06:16:02Z</time>
      </trkpt>
      <trkpt lat="44.155505" lon="7.254226">
        <ele>2595.8</ele>
        <time>2026-08-01T06:16:16Z</time>
      </trkpt>
      <trkpt lat="44.155507" lon="7.254225">
        <ele>2595.8</ele>
        <time>2026-08-01T06:16:17Z</time>
      </trkpt>
      <trkpt lat="44.155498" lon="7.254238">
        <ele>2596.0</ele>
        <time>2026-08-01T06:16:27Z</time>
      </trkpt>
      <trkpt lat="44.155509" lon="7.254229">
        <ele>2595.8</ele>
        <time>2026-08-01T06:16:38Z</time>
      </trkpt>
      <trkpt lat="44.155509" lon="7.254263">
        <ele>2595.8</ele>
        <time>2026-08-01T06:16:52Z</time>
      </trkpt>
      <trkpt lat="44.155504" lon="7.254231">
        <ele>2595.4</ele>
        <time>2026-08-01T06:17:06Z</time>
      </trkpt>
      <trkpt lat="44.155499" lon="7.254244">
        <ele>2595.2</ele>
        <time>2026-08-01T06:17:19Z</time>
      </trkpt>
      <trkpt lat="44.155501" lon="7.254249">
        <ele>2595.6</ele>
        <time>2026-08-01T06:17:23Z</time>
      </trkpt>
      <trkpt lat="44.155502" lon="7.25424">
        <ele>2595.2</ele>
        <time>2026-08-01T06:17:28Z</time>
      </trkpt>
      <trkpt lat="44.155507" lon="7.254236">
        <ele>2595.0</ele>
        <time>2026-08-01T06:17:33Z</time>
      </trkpt>
      <trkpt lat="44.155506" lon="7.254238">
        <ele>2594.8</ele>
        <time>2026-08-01T06:17:36Z</time>
      </trkpt>
      <trkpt lat="44.155502" lon="7.254244">
        <ele>2594.8</ele>
        <time>2026-08-01T06:17:38Z</time>
      </trkpt>
      <trkpt lat="44.155495" lon="7.254241">
        <ele>2594.8</ele>
        <time>2026-08-01T06:17:48Z</time>
      </trkpt>
      <trkpt lat="44.155524" lon="7.254235">
        <ele>2594.8</ele>
        <time>2026-08-01T06:17:57Z</time>
      </trkpt>
      <trkpt lat="44.155513" lon="7.254248">
        <ele>2594.4</ele>
        <time>2026-08-01T06:18:05Z</time>
      </trkpt>
      <trkpt lat="44.155514" lon="7.254252">
        <ele>2594.2</ele>
        <time>2026-08-01T06:18:07Z</time>
      </trkpt>
      <trkpt lat="44.155515" lon="7.254256">
        <ele>2594.2</ele>
        <time>2026-08-01T06:18:08Z</time>
      </trkpt>
      <trkpt lat="44.155516" lon="7.25426">
        <ele>2594.4</ele>
        <time>2026-08-01T06:18:09Z</time>
      </trkpt>
      <trkpt lat="44.15552" lon="7.254261">
        <ele>2594.4</ele>
        <time>2026-08-01T06:18:12Z</time>
      </trkpt>
      <trkpt lat="44.155523" lon="7.254252">
        <ele>2594.4</ele>
        <time>2026-08-01T06:18:17Z</time>
      </trkpt>
      <trkpt lat="44.155513" lon="7.254258">
        <ele>2595.0</ele>
        <time>2026-08-01T06:18:27Z</time>
      </trkpt>
      <trkpt lat="44.155504" lon="7.254229">
        <ele>2595.0</ele>
        <time>2026-08-01T06:18:37Z</time>
      </trkpt>
      <trkpt lat="44.155518" lon="7.254229">
        <ele>2595.0</ele>
        <time>2026-08-01T06:18:47Z</time>
      </trkpt>
      <trkpt lat="44.155511" lon="7.25424">
        <ele>2595.0</ele>
        <time>2026-08-01T06:18:57Z</time>
      </trkpt>
      <trkpt lat="44.155534" lon="7.254242">
        <ele>2594.4</ele>
        <time>2026-08-01T06:19:07Z</time>
      </trkpt>
      <trkpt lat="44.155528" lon="7.254242">
        <ele>2594.6</ele>
        <time>2026-08-01T06:19:18Z</time>
      </trkpt>
      <trkpt lat="44.155527" lon="7.254243">
        <ele>2594.6</ele>
        <time>2026-08-01T06:19:21Z</time>
      </trkpt>
      <trkpt lat="44.155516" lon="7.25425">
        <ele>2594.6</ele>
        <time>2026-08-01T06:19:25Z</time>
      </trkpt>
      <trkpt lat="44.155519" lon="7.254249">
        <ele>2594.6</ele>
        <time>2026-08-01T06:19:27Z</time>
      </trkpt>
      <trkpt lat="44.155521" lon="7.254249">
        <ele>2594.6</ele>
        <time>2026-08-01T06:19:28Z</time>
      </trkpt>
      <trkpt lat="44.155538" lon="7.254247">
        <ele>2594.6</ele>
        <time>2026-08-01T06:19:32Z</time>
      </trkpt>
      <trkpt lat="44.155542" lon="7.254252">
        <ele>2594.6</ele>
        <time>2026-08-01T06:19:40Z</time>
      </trkpt>
      <trkpt lat="44.155541" lon="7.254251">
        <ele>2594.6</ele>
        <time>2026-08-01T06:19:41Z</time>
      </trkpt>
      <trkpt lat="44.155547" lon="7.254273">
        <ele>2594.8</ele>
        <time>2026-08-01T06:19:51Z</time>
      </trkpt>
      <trkpt lat="44.15555" lon="7.254277">
        <ele>2594.8</ele>
        <time>2026-08-01T06:19:53Z</time>
      </trkpt>
      <trkpt lat="44.155557" lon="7.254282">
        <ele>2595.0</ele>
        <time>2026-08-01T06:19:58Z</time>
      </trkpt>
      <trkpt lat="44.155555" lon="7.254244">
        <ele>2594.8</ele>
        <time>2026-08-01T06:20:08Z</time>
      </trkpt>
      <trkpt lat="44.155544" lon="7.254141">
        <ele>2594.8</ele>
        <time>2026-08-01T06:20:15Z</time>
      </trkpt>
      <trkpt lat="44.15556" lon="7.254044">
        <ele>2595.2</ele>
        <time>2026-08-01T06:20:22Z</time>
      </trkpt>
      <trkpt lat="44.155564" lon="7.253955">
        <ele>2595.6</ele>
        <time>2026-08-01T06:20:28Z</time>
      </trkpt>
      <trkpt lat="44.155563" lon="7.253937">
        <ele>2595.8</ele>
        <time>2026-08-01T06:20:29Z</time>
      </trkpt>
      <trkpt lat="44.155558" lon="7.253855">
        <ele>2596.6</ele>
        <time>2026-08-01T06:20:35Z</time>
      </trkpt>
      <trkpt lat="44.155558" lon="7.253844">
        <ele>2596.8</ele>
        <time>2026-08-01T06:20:36Z</time>
      </trkpt>
      <trkpt lat="44.155547" lon="7.253776">
        <ele>2597.8</ele>
        <time>2026-08-01T06:20:41Z</time>
      </trkpt>
      <trkpt lat="44.155547" lon="7.253768">
        <ele>2598.0</ele>
        <time>2026-08-01T06:20:42Z</time>
      </trkpt>
      <trkpt lat="44.155547" lon="7.253766">
        <ele>2598.2</ele>
        <time>2026-08-01T06:20:43Z</time>
      </trkpt>
      <trkpt lat="44.15555" lon="7.253741">
        <ele>2598.8</ele>
        <time>2026-08-01T06:20:46Z</time>
      </trkpt>
      <trkpt lat="44.155554" lon="7.253728">
        <ele>2599.2</ele>
        <time>2026-08-01T06:20:48Z</time>
      </trkpt>
      <trkpt lat="44.155556" lon="7.253719">
        <ele>2599.2</ele>
        <time>2026-08-01T06:20:49Z</time>
      </trkpt>
      <trkpt lat="44.155558" lon="7.253693">
        <ele>2599.6</ele>
        <time>2026-08-01T06:20:52Z</time>
      </trkpt>
      <trkpt lat="44.155556" lon="7.253678">
        <ele>2600.2</ele>
        <time>2026-08-01T06:20:55Z</time>
      </trkpt>
      <trkpt lat="44.15555" lon="7.253626">
        <ele>2601.4</ele>
        <time>2026-08-01T06:21:00Z</time>
      </trkpt>
      <trkpt lat="44.155545" lon="7.253625">
        <ele>2601.6</ele>
        <time>2026-08-01T06:21:02Z</time>
      </trkpt>
      <trkpt lat="44.155548" lon="7.253607">
        <ele>2602.6</ele>
        <time>2026-08-01T06:21:07Z</time>
      </trkpt>
      <trkpt lat="44.155563" lon="7.253581">
        <ele>2603.4</ele>
        <time>2026-08-01T06:21:11Z</time>
      </trkpt>
      <trkpt lat="44.155569" lon="7.253563">
        <ele>2603.6</ele>
        <time>2026-08-01T06:21:13Z</time>
      </trkpt>
      <trkpt lat="44.155579" lon="7.253501">
        <ele>2604.6</ele>
        <time>2026-08-01T06:21:20Z</time>
      </trkpt>
      <trkpt lat="44.15559" lon="7.253444">
        <ele>2605.8</ele>
        <time>2026-08-01T06:21:26Z</time>
      </trkpt>
      <trkpt lat="44.155594" lon="7.253433">
        <ele>2606.4</ele>
        <time>2026-08-01T06:21:28Z</time>
      </trkpt>
      <trkpt lat="44.155599" lon="7.253418">
        <ele>2607.0</ele>
        <time>2026-08-01T06:21:30Z</time>
      </trkpt>
      <trkpt lat="44.155625" lon="7.2534">
        <ele>2608.0</ele>
        <time>2026-08-01T06:21:35Z</time>
      </trkpt>
      <trkpt lat="44.15566" lon="7.253379">
        <ele>2608.8</ele>
        <time>2026-08-01T06:21:42Z</time>
      </trkpt>
      <trkpt lat="44.155669" lon="7.253365">
        <ele>2609.2</ele>
        <time>2026-08-01T06:21:44Z</time>
      </trkpt>
      <trkpt lat="44.155672" lon="7.253334">
        <ele>2609.8</ele>
        <time>2026-08-01T06:21:50Z</time>
      </trkpt>
      <trkpt lat="44.155668" lon="7.253325">
        <ele>2610.2</ele>
        <time>2026-08-01T06:21:52Z</time>
      </trkpt>
      <trkpt lat="44.15566" lon="7.253273">
        <ele>2611.2</ele>
        <time>2026-08-01T06:22:00Z</time>
      </trkpt>
      <trkpt lat="44.155656" lon="7.253241">
        <ele>2612.2</ele>
        <time>2026-08-01T06:22:08Z</time>
      </trkpt>
      <trkpt lat="44.155655" lon="7.253235">
        <ele>2612.4</ele>
        <time>2026-08-01T06:22:09Z</time>
      </trkpt>
      <trkpt lat="44.155653" lon="7.253226">
        <ele>2612.8</ele>
        <time>2026-08-01T06:22:12Z</time>
      </trkpt>
      <trkpt lat="44.155667" lon="7.253206">
        <ele>2613.4</ele>
        <time>2026-08-01T06:22:17Z</time>
      </trkpt>
      <trkpt lat="44.155672" lon="7.253206">
        <ele>2613.6</ele>
        <time>2026-08-01T06:22:18Z</time>
      </trkpt>
      <trkpt lat="44.155705" lon="7.253169">
        <ele>2614.0</ele>
        <time>2026-08-01T06:22:25Z</time>
      </trkpt>
      <trkpt lat="44.155715" lon="7.253154">
        <ele>2614.4</ele>
        <time>2026-08-01T06:22:28Z</time>
      </trkpt>
      <trkpt lat="44.155736" lon="7.253137">
        <ele>2615.4</ele>
        <time>2026-08-01T06:22:34Z</time>
      </trkpt>
      <trkpt lat="44.155739" lon="7.253132">
        <ele>2615.4</ele>
        <time>2026-08-01T06:22:35Z</time>
      </trkpt>
      <trkpt lat="44.155765" lon="7.253086">
        <ele>2616.6</ele>
        <time>2026-08-01T06:22:44Z</time>
      </trkpt>
      <trkpt lat="44.155757" lon="7.253079">
        <ele>2617.8</ele>
        <time>2026-08-01T06:22:50Z</time>
      </trkpt>
      <trkpt lat="44.155761" lon="7.253071">
        <ele>2618.2</ele>
        <time>2026-08-01T06:22:52Z</time>
      </trkpt>
      <trkpt lat="44.155782" lon="7.253046">
        <ele>2618.8</ele>
        <time>2026-08-01T06:22:58Z</time>
      </trkpt>
      <trkpt lat="44.155789" lon="7.253034">
        <ele>2619.4</ele>
        <time>2026-08-01T06:23:02Z</time>
      </trkpt>
      <trkpt lat="44.155798" lon="7.253006">
        <ele>2619.8</ele>
        <time>2026-08-01T06:23:07Z</time>
      </trkpt>
      <trkpt lat="44.155793" lon="7.252987">
        <ele>2620.2</ele>
        <time>2026-08-01T06:23:11Z</time>
      </trkpt>
      <trkpt lat="44.15581" lon="7.252953">
        <ele>2620.8</ele>
        <time>2026-08-01T06:23:17Z</time>
      </trkpt>
      <trkpt lat="44.155817" lon="7.252948">
        <ele>2621.4</ele>
        <time>2026-08-01T06:23:20Z</time>
      </trkpt>
      <trkpt lat="44.15582" lon="7.252949">
        <ele>2621.8</ele>
        <time>2026-08-01T06:23:23Z</time>
      </trkpt>
      <trkpt lat="44.155836" lon="7.252932">
        <ele>2623.0</ele>
        <time>2026-08-01T06:23:28Z</time>
      </trkpt>
      <trkpt lat="44.155841" lon="7.252929">
        <ele>2623.2</ele>
        <time>2026-08-01T06:23:29Z</time>
      </trkpt>
      <trkpt lat="44.155858" lon="7.25292">
        <ele>2624.2</ele>
        <time>2026-08-01T06:23:33Z</time>
      </trkpt>
      <trkpt lat="44.15587" lon="7.252883">
        <ele>2625.0</ele>
        <time>2026-08-01T06:23:39Z</time>
      </trkpt>
      <trkpt lat="44.155868" lon="7.252879">
        <ele>2625.2</ele>
        <time>2026-08-01T06:23:40Z</time>
      </trkpt>
      <trkpt lat="44.155881" lon="7.252877">
        <ele>2626.0</ele>
        <time>2026-08-01T06:23:46Z</time>
      </trkpt>
      <trkpt lat="44.155886" lon="7.252879">
        <ele>2626.4</ele>
        <time>2026-08-01T06:23:48Z</time>
      </trkpt>
      <trkpt lat="44.155927" lon="7.252859">
        <ele>2627.4</ele>
        <time>2026-08-01T06:23:55Z</time>
      </trkpt>
      <trkpt lat="44.155931" lon="7.252857">
        <ele>2627.4</ele>
        <time>2026-08-01T06:23:56Z</time>
      </trkpt>
      <trkpt lat="44.155952" lon="7.252852">
        <ele>2628.6</ele>
        <time>2026-08-01T06:24:02Z</time>
      </trkpt>
      <trkpt lat="44.155952" lon="7.252846">
        <ele>2629.0</ele>
        <time>2026-08-01T06:24:04Z</time>
      </trkpt>
      <trkpt lat="44.155965" lon="7.25282">
        <ele>2629.6</ele>
        <time>2026-08-01T06:24:10Z</time>
      </trkpt>
      <trkpt lat="44.155969" lon="7.252805">
        <ele>2630.0</ele>
        <time>2026-08-01T06:24:13Z</time>
      </trkpt>
      <trkpt lat="44.155987" lon="7.25279">
        <ele>2630.8</ele>
        <time>2026-08-01T06:24:18Z</time>
      </trkpt>
      <trkpt lat="44.156001" lon="7.252774">
        <ele>2631.4</ele>
        <time>2026-08-01T06:24:23Z</time>
      </trkpt>
      <trkpt lat="44.155997" lon="7.25277">
        <ele>2631.6</ele>
        <time>2026-08-01T06:24:25Z</time>
      </trkpt>
      <trkpt lat="44.155996" lon="7.252766">
        <ele>2631.8</ele>
        <time>2026-08-01T06:24:26Z</time>
      </trkpt>
      <trkpt lat="44.155986" lon="7.252748">
        <ele>2632.6</ele>
        <time>2026-08-01T06:24:31Z</time>
      </trkpt>
      <trkpt lat="44.155981" lon="7.252746">
        <ele>2632.8</ele>
        <time>2026-08-01T06:24:32Z</time>
      </trkpt>
      <trkpt lat="44.155931" lon="7.252736">
        <ele>2633.8</ele>
        <time>2026-08-01T06:24:41Z</time>
      </trkpt>
      <trkpt lat="44.155898" lon="7.252717">
        <ele>2634.6</ele>
        <time>2026-08-01T06:24:49Z</time>
      </trkpt>
      <trkpt lat="44.155898" lon="7.252716">
        <ele>2635.0</ele>
        <time>2026-08-01T06:24:51Z</time>
      </trkpt>
      <trkpt lat="44.155927" lon="7.252701">
        <ele>2636.0</ele>
        <time>2026-08-01T06:24:58Z</time>
      </trkpt>
      <trkpt lat="44.155928" lon="7.252698">
        <ele>2636.0</ele>
        <time>2026-08-01T06:24:59Z</time>
      </trkpt>
      <trkpt lat="44.155908" lon="7.25267">
        <ele>2637.0</ele>
        <time>2026-08-01T06:25:06Z</time>
      </trkpt>
      <trkpt lat="44.155902" lon="7.252668">
        <ele>2637.2</ele>
        <time>2026-08-01T06:25:07Z</time>
      </trkpt>
      <trkpt lat="44.155891" lon="7.252659">
        <ele>2638.0</ele>
        <time>2026-08-01T06:25:15Z</time>
      </trkpt>
      <trkpt lat="44.155887" lon="7.252658">
        <ele>2638.2</ele>
        <time>2026-08-01T06:25:16Z</time>
      </trkpt>
      <trkpt lat="44.155854" lon="7.25264">
        <ele>2639.4</ele>
        <time>2026-08-01T06:25:24Z</time>
      </trkpt>
      <trkpt lat="44.155853" lon="7.252602">
        <ele>2640.4</ele>
        <time>2026-08-01T06:25:32Z</time>
      </trkpt>
      <trkpt lat="44.155862" lon="7.2526">
        <ele>2641.4</ele>
        <time>2026-08-01T06:25:39Z</time>
      </trkpt>
      <trkpt lat="44.155886" lon="7.252579">
        <ele>2642.6</ele>
        <time>2026-08-01T06:25:46Z</time>
      </trkpt>
      <trkpt lat="44.155887" lon="7.252566">
        <ele>2642.6</ele>
        <time>2026-08-01T06:25:48Z</time>
      </trkpt>
      <trkpt lat="44.155873" lon="7.252549">
        <ele>2643.6</ele>
        <time>2026-08-01T06:25:54Z</time>
      </trkpt>
      <trkpt lat="44.155874" lon="7.252532">
        <ele>2644.2</ele>
        <time>2026-08-01T06:25:57Z</time>
      </trkpt>
      <trkpt lat="44.1559" lon="7.252522">
        <ele>2644.6</ele>
        <time>2026-08-01T06:26:03Z</time>
      </trkpt>
      <trkpt lat="44.155902" lon="7.252524">
        <ele>2644.8</ele>
        <time>2026-08-01T06:26:04Z</time>
      </trkpt>
      <trkpt lat="44.1559" lon="7.252504">
        <ele>2645.8</ele>
        <time>2026-08-01T06:26:12Z</time>
      </trkpt>
      <trkpt lat="44.155903" lon="7.252495">
        <ele>2646.0</ele>
        <time>2026-08-01T06:26:14Z</time>
      </trkpt>
      <trkpt lat="44.155928" lon="7.252482">
        <ele>2646.8</ele>
        <time>2026-08-01T06:26:22Z</time>
      </trkpt>
      <trkpt lat="44.155928" lon="7.252479">
        <ele>2646.8</ele>
        <time>2026-08-01T06:26:24Z</time>
      </trkpt>
      <trkpt lat="44.155906" lon="7.25246">
        <ele>2647.6</ele>
        <time>2026-08-01T06:26:30Z</time>
      </trkpt>
      <trkpt lat="44.155904" lon="7.252451">
        <ele>2647.8</ele>
        <time>2026-08-01T06:26:31Z</time>
      </trkpt>
      <trkpt lat="44.155911" lon="7.252445">
        <ele>2648.4</ele>
        <time>2026-08-01T06:26:36Z</time>
      </trkpt>
      <trkpt lat="44.155918" lon="7.252431">
        <ele>2649.0</ele>
        <time>2026-08-01T06:26:41Z</time>
      </trkpt>
      <trkpt lat="44.15593" lon="7.252421">
        <ele>2649.8</ele>
        <time>2026-08-01T06:26:45Z</time>
      </trkpt>
      <trkpt lat="44.155944" lon="7.252413">
        <ele>2650.2</ele>
        <time>2026-08-01T06:26:48Z</time>
      </trkpt>
      <trkpt lat="44.155927" lon="7.252397">
        <ele>2651.0</ele>
        <time>2026-08-01T06:26:55Z</time>
      </trkpt>
      <trkpt lat="44.155923" lon="7.252384">
        <ele>2651.2</ele>
        <time>2026-08-01T06:26:57Z</time>
      </trkpt>
      <trkpt lat="44.155946" lon="7.252363">
        <ele>2652.0</ele>
        <time>2026-08-01T06:27:03Z</time>
      </trkpt>
      <trkpt lat="44.155961" lon="7.252345">
        <ele>2652.4</ele>
        <time>2026-08-01T06:27:06Z</time>
      </trkpt>
      <trkpt lat="44.155944" lon="7.25233">
        <ele>2653.0</ele>
        <time>2026-08-01T06:27:12Z</time>
      </trkpt>
      <trkpt lat="44.15594" lon="7.252322">
        <ele>2653.6</ele>
        <time>2026-08-01T06:27:14Z</time>
      </trkpt>
      <trkpt lat="44.155943" lon="7.252295">
        <ele>2654.4</ele>
        <time>2026-08-01T06:27:19Z</time>
      </trkpt>
      <trkpt lat="44.155946" lon="7.252293">
        <ele>2654.6</ele>
        <time>2026-08-01T06:27:20Z</time>
      </trkpt>
      <trkpt lat="44.155972" lon="7.252305">
        <ele>2655.6</ele>
        <time>2026-08-01T06:27:26Z</time>
      </trkpt>
      <trkpt lat="44.155986" lon="7.252299">
        <ele>2656.2</ele>
        <time>2026-08-01T06:27:32Z</time>
      </trkpt>
      <trkpt lat="44.155976" lon="7.252295">
        <ele>2656.8</ele>
        <time>2026-08-01T06:27:36Z</time>
      </trkpt>
      <trkpt lat="44.155977" lon="7.252275">
        <ele>2657.2</ele>
        <time>2026-08-01T06:27:39Z</time>
      </trkpt>
      <trkpt lat="44.155982" lon="7.252257">
        <ele>2657.8</ele>
        <time>2026-08-01T06:27:43Z</time>
      </trkpt>
      <trkpt lat="44.155983" lon="7.252262">
        <ele>2658.0</ele>
        <time>2026-08-01T06:27:45Z</time>
      </trkpt>
      <trkpt lat="44.155979" lon="7.252232">
        <ele>2659.0</ele>
        <time>2026-08-01T06:27:52Z</time>
      </trkpt>
      <trkpt lat="44.155976" lon="7.252224">
        <ele>2659.2</ele>
        <time>2026-08-01T06:27:53Z</time>
      </trkpt>
      <trkpt lat="44.155967" lon="7.252205">
        <ele>2660.0</ele>
        <time>2026-08-01T06:27:59Z</time>
      </trkpt>
      <trkpt lat="44.155968" lon="7.252198">
        <ele>2660.4</ele>
        <time>2026-08-01T06:28:02Z</time>
      </trkpt>
      <trkpt lat="44.155973" lon="7.252194">
        <ele>2661.2</ele>
        <time>2026-08-01T06:28:06Z</time>
      </trkpt>
      <trkpt lat="44.155983" lon="7.252179">
        <ele>2661.6</ele>
        <time>2026-08-01T06:28:10Z</time>
      </trkpt>
      <trkpt lat="44.155993" lon="7.252174">
        <ele>2662.4</ele>
        <time>2026-08-01T06:28:13Z</time>
      </trkpt>
      <trkpt lat="44.155988" lon="7.252164">
        <ele>2662.8</ele>
        <time>2026-08-01T06:28:19Z</time>
      </trkpt>
      <trkpt lat="44.155979" lon="7.252132">
        <ele>2663.4</ele>
        <time>2026-08-01T06:28:25Z</time>
      </trkpt>
      <trkpt lat="44.155986" lon="7.252125">
        <ele>2663.6</ele>
        <time>2026-08-01T06:28:28Z</time>
      </trkpt>
      <trkpt lat="44.156017" lon="7.252099">
        <ele>2664.4</ele>
        <time>2026-08-01T06:28:35Z</time>
      </trkpt>
      <trkpt lat="44.156024" lon="7.252094">
        <ele>2664.6</ele>
        <time>2026-08-01T06:28:36Z</time>
      </trkpt>
      <trkpt lat="44.156054" lon="7.252083">
        <ele>2665.6</ele>
        <time>2026-08-01T06:28:44Z</time>
      </trkpt>
      <trkpt lat="44.156075" lon="7.252059">
        <ele>2666.6</ele>
        <time>2026-08-01T06:28:54Z</time>
      </trkpt>
      <trkpt lat="44.156094" lon="7.252022">
        <ele>2667.4</ele>
        <time>2026-08-01T06:29:00Z</time>
      </trkpt>
      <trkpt lat="44.156096" lon="7.252013">
        <ele>2667.4</ele>
        <time>2026-08-01T06:29:02Z</time>
      </trkpt>
      <trkpt lat="44.156097" lon="7.252009">
        <ele>2667.8</ele>
        <time>2026-08-01T06:29:05Z</time>
      </trkpt>
      <trkpt lat="44.156104" lon="7.251993">
        <ele>2668.6</ele>
        <time>2026-08-01T06:29:11Z</time>
      </trkpt>
      <trkpt lat="44.156105" lon="7.251989">
        <ele>2668.8</ele>
        <time>2026-08-01T06:29:13Z</time>
      </trkpt>
      <trkpt lat="44.156072" lon="7.251968">
        <ele>2669.8</ele>
        <time>2026-08-01T06:29:22Z</time>
      </trkpt>
      <trkpt lat="44.15607" lon="7.25196">
        <ele>2670.0</ele>
        <time>2026-08-01T06:29:23Z</time>
      </trkpt>
      <trkpt lat="44.156066" lon="7.251917">
        <ele>2670.6</ele>
        <time>2026-08-01T06:29:30Z</time>
      </trkpt>
      <trkpt lat="44.156076" lon="7.251909">
        <ele>2670.8</ele>
        <time>2026-08-01T06:29:32Z</time>
      </trkpt>
      <trkpt lat="44.156116" lon="7.251889">
        <ele>2671.6</ele>
        <time>2026-08-01T06:29:37Z</time>
      </trkpt>
      <trkpt lat="44.156134" lon="7.251884">
        <ele>2671.8</ele>
        <time>2026-08-01T06:29:39Z</time>
      </trkpt>
      <trkpt lat="44.156143" lon="7.251874">
        <ele>2672.4</ele>
        <time>2026-08-01T06:29:44Z</time>
      </trkpt>
      <trkpt lat="44.156155" lon="7.251867">
        <ele>2673.0</ele>
        <time>2026-08-01T06:29:48Z</time>
      </trkpt>
      <trkpt lat="44.156162" lon="7.25186">
        <ele>2673.2</ele>
        <time>2026-08-01T06:29:53Z</time>
      </trkpt>
      <trkpt lat="44.156161" lon="7.251862">
        <ele>2673.8</ele>
        <time>2026-08-01T06:29:59Z</time>
      </trkpt>
      <trkpt lat="44.156167" lon="7.251861">
        <ele>2674.0</ele>
        <time>2026-08-01T06:30:00Z</time>
      </trkpt>
      <trkpt lat="44.156174" lon="7.251859">
        <ele>2674.0</ele>
        <time>2026-08-01T06:30:01Z</time>
      </trkpt>
      <trkpt lat="44.156201" lon="7.251836">
        <ele>2674.8</ele>
        <time>2026-08-01T06:30:08Z</time>
      </trkpt>
      <trkpt lat="44.156205" lon="7.251831">
        <ele>2675.0</ele>
        <time>2026-08-01T06:30:09Z</time>
      </trkpt>
      <trkpt lat="44.156214" lon="7.251823">
        <ele>2675.6</ele>
        <time>2026-08-01T06:30:12Z</time>
      </trkpt>
      <trkpt lat="44.156219" lon="7.251809">
        <ele>2676.0</ele>
        <time>2026-08-01T06:30:15Z</time>
      </trkpt>
      <trkpt lat="44.156223" lon="7.251801">
        <ele>2676.2</ele>
        <time>2026-08-01T06:30:17Z</time>
      </trkpt>
      <trkpt lat="44.156236" lon="7.251766">
        <ele>2677.0</ele>
        <time>2026-08-01T06:30:24Z</time>
      </trkpt>
      <trkpt lat="44.156242" lon="7.251755">
        <ele>2677.2</ele>
        <time>2026-08-01T06:30:26Z</time>
      </trkpt>
      <trkpt lat="44.156302" lon="7.25176">
        <ele>2678.2</ele>
        <time>2026-08-01T06:30:34Z</time>
      </trkpt>
      <trkpt lat="44.156316" lon="7.251756">
        <ele>2678.4</ele>
        <time>2026-08-01T06:30:36Z</time>
      </trkpt>
      <trkpt lat="44.15633" lon="7.251755">
        <ele>2678.6</ele>
        <time>2026-08-01T06:30:39Z</time>
      </trkpt>
      <trkpt lat="44.156338" lon="7.251754">
        <ele>2679.2</ele>
        <time>2026-08-01T06:30:42Z</time>
      </trkpt>
      <trkpt lat="44.156353" lon="7.251749">
        <ele>2679.4</ele>
        <time>2026-08-01T06:30:44Z</time>
      </trkpt>
      <trkpt lat="44.156358" lon="7.251744">
        <ele>2680.2</ele>
        <time>2026-08-01T06:30:49Z</time>
      </trkpt>
      <trkpt lat="44.156359" lon="7.251741">
        <ele>2680.6</ele>
        <time>2026-08-01T06:30:52Z</time>
      </trkpt>
      <trkpt lat="44.156395" lon="7.251713">
        <ele>2681.0</ele>
        <time>2026-08-01T06:30:57Z</time>
      </trkpt>
      <trkpt lat="44.156405" lon="7.251697">
        <ele>2681.6</ele>
        <time>2026-08-01T06:31:00Z</time>
      </trkpt>
      <trkpt lat="44.156417" lon="7.251686">
        <ele>2682.2</ele>
        <time>2026-08-01T06:31:05Z</time>
      </trkpt>
      <trkpt lat="44.156429" lon="7.251687">
        <ele>2682.6</ele>
        <time>2026-08-01T06:31:09Z</time>
      </trkpt>
      <trkpt lat="44.156447" lon="7.251692">
        <ele>2683.6</ele>
        <time>2026-08-01T06:31:14Z</time>
      </trkpt>
      <trkpt lat="44.156451" lon="7.25169">
        <ele>2683.8</ele>
        <time>2026-08-01T06:31:15Z</time>
      </trkpt>
      <trkpt lat="44.156475" lon="7.251683">
        <ele>2684.8</ele>
        <time>2026-08-01T06:31:22Z</time>
      </trkpt>
      <trkpt lat="44.156471" lon="7.251682">
        <ele>2684.8</ele>
        <time>2026-08-01T06:31:23Z</time>
      </trkpt>
      <trkpt lat="44.15644" lon="7.251673">
        <ele>2684.6</ele>
        <time>2026-08-01T06:31:33Z</time>
      </trkpt>
      <trkpt lat="44.156459" lon="7.251669">
        <ele>2684.6</ele>
        <time>2026-08-01T06:31:36Z</time>
      </trkpt>
      <trkpt lat="44.156457" lon="7.25167">
        <ele>2684.6</ele>
        <time>2026-08-01T06:31:37Z</time>
      </trkpt>
      <trkpt lat="44.156452" lon="7.251672">
        <ele>2684.6</ele>
        <time>2026-08-01T06:31:38Z</time>
      </trkpt>
      <trkpt lat="44.156446" lon="7.251677">
        <ele>2684.6</ele>
        <time>2026-08-01T06:31:40Z</time>
      </trkpt>
      <trkpt lat="44.156475" lon="7.251675">
        <ele>2684.2</ele>
        <time>2026-08-01T06:31:49Z</time>
      </trkpt>
      <trkpt lat="44.156499" lon="7.251673">
        <ele>2684.2</ele>
        <time>2026-08-01T06:31:54Z</time>
      </trkpt>
      <trkpt lat="44.156502" lon="7.251674">
        <ele>2684.2</ele>
        <time>2026-08-01T06:31:56Z</time>
      </trkpt>
      <trkpt lat="44.1565" lon="7.251674">
        <ele>2684.4</ele>
        <time>2026-08-01T06:31:57Z</time>
      </trkpt>
      <trkpt lat="44.156474" lon="7.251674">
        <ele>2684.2</ele>
        <time>2026-08-01T06:32:05Z</time>
      </trkpt>
      <trkpt lat="44.156468" lon="7.251675">
        <ele>2684.0</ele>
        <time>2026-08-01T06:32:06Z</time>
      </trkpt>
      <trkpt lat="44.156463" lon="7.251675">
        <ele>2684.0</ele>
        <time>2026-08-01T06:32:07Z</time>
      </trkpt>
      <trkpt lat="44.156444" lon="7.251679">
        <ele>2684.0</ele>
        <time>2026-08-01T06:32:08Z</time>
      </trkpt>
      <trkpt lat="44.156441" lon="7.251677">
        <ele>2684.0</ele>
        <time>2026-08-01T06:32:09Z</time>
      </trkpt>
      <trkpt lat="44.156448" lon="7.251665">
        <ele>2684.0</ele>
        <time>2026-08-01T06:32:13Z</time>
      </trkpt>
      <trkpt lat="44.156448" lon="7.25164">
        <ele>2683.8</ele>
        <time>2026-08-01T06:32:19Z</time>
      </trkpt>
      <trkpt lat="44.156463" lon="7.251637">
        <ele>2683.8</ele>
        <time>2026-08-01T06:32:22Z</time>
      </trkpt>
      <trkpt lat="44.156454" lon="7.251634">
        <ele>2684.4</ele>
        <time>2026-08-01T06:32:34Z</time>
      </trkpt>
      <trkpt lat="44.156441" lon="7.251628">
        <ele>2684.6</ele>
        <time>2026-08-01T06:32:44Z</time>
      </trkpt>
      <trkpt lat="44.156452" lon="7.251632">
        <ele>2684.6</ele>
        <time>2026-08-01T06:32:51Z</time>
      </trkpt>
      <trkpt lat="44.156466" lon="7.251648">
        <ele>2684.6</ele>
        <time>2026-08-01T06:32:56Z</time>
      </trkpt>
      <trkpt lat="44.156479" lon="7.251663">
        <ele>2684.6</ele>
        <time>2026-08-01T06:32:59Z</time>
      </trkpt>
      <trkpt lat="44.156489" lon="7.251642">
        <ele>2684.8</ele>
        <time>2026-08-01T06:33:07Z</time>
      </trkpt>
      <trkpt lat="44.156491" lon="7.251631">
        <ele>2685.2</ele>
        <time>2026-08-01T06:33:09Z</time>
      </trkpt>
      <trkpt lat="44.156516" lon="7.251605">
        <ele>2685.8</ele>
        <time>2026-08-01T06:33:13Z</time>
      </trkpt>
      <trkpt lat="44.156534" lon="7.251582">
        <ele>2686.8</ele>
        <time>2026-08-01T06:33:20Z</time>
      </trkpt>
      <trkpt lat="44.156555" lon="7.251572">
        <ele>2688.0</ele>
        <time>2026-08-01T06:33:27Z</time>
      </trkpt>
      <trkpt lat="44.156571" lon="7.251559">
        <ele>2688.4</ele>
        <time>2026-08-01T06:33:29Z</time>
      </trkpt>
      <trkpt lat="44.156592" lon="7.251543">
        <ele>2689.0</ele>
        <time>2026-08-01T06:33:34Z</time>
      </trkpt>
      <trkpt lat="44.156583" lon="7.251528">
        <ele>2689.6</ele>
        <time>2026-08-01T06:33:38Z</time>
      </trkpt>
      <trkpt lat="44.156582" lon="7.251521">
        <ele>2690.0</ele>
        <time>2026-08-01T06:33:41Z</time>
      </trkpt>
      <trkpt lat="44.156585" lon="7.251494">
        <ele>2691.2</ele>
        <time>2026-08-01T06:33:48Z</time>
      </trkpt>
      <trkpt lat="44.156628" lon="7.251538">
        <ele>2691.6</ele>
        <time>2026-08-01T06:33:56Z</time>
      </trkpt>
      <trkpt lat="44.156684" lon="7.251537">
        <ele>2692.2</ele>
        <time>2026-08-01T06:34:06Z</time>
      </trkpt>
      <trkpt lat="44.156703" lon="7.251526">
        <ele>2693.2</ele>
        <time>2026-08-01T06:34:12Z</time>
      </trkpt>
      <trkpt lat="44.15671" lon="7.251528">
        <ele>2693.4</ele>
        <time>2026-08-01T06:34:14Z</time>
      </trkpt>
      <trkpt lat="44.156761" lon="7.251532">
        <ele>2693.6</ele>
        <time>2026-08-01T06:34:20Z</time>
      </trkpt>
      <trkpt lat="44.156755" lon="7.251532">
        <ele>2693.8</ele>
        <time>2026-08-01T06:34:23Z</time>
      </trkpt>
      <trkpt lat="44.156755" lon="7.251531">
        <ele>2694.2</ele>
        <time>2026-08-01T06:34:26Z</time>
      </trkpt>
      <trkpt lat="44.156755" lon="7.251513">
        <ele>2695.0</ele>
        <time>2026-08-01T06:34:31Z</time>
      </trkpt>
      <trkpt lat="44.156763" lon="7.251493">
        <ele>2695.4</ele>
        <time>2026-08-01T06:34:34Z</time>
      </trkpt>
      <trkpt lat="44.156746" lon="7.251465">
        <ele>2696.6</ele>
        <time>2026-08-01T06:34:41Z</time>
      </trkpt>
      <trkpt lat="44.156748" lon="7.251451">
        <ele>2697.2</ele>
        <time>2026-08-01T06:34:44Z</time>
      </trkpt>
      <trkpt lat="44.156764" lon="7.251454">
        <ele>2697.8</ele>
        <time>2026-08-01T06:34:48Z</time>
      </trkpt>
      <trkpt lat="44.156768" lon="7.25145">
        <ele>2698.0</ele>
        <time>2026-08-01T06:34:50Z</time>
      </trkpt>
      <trkpt lat="44.156774" lon="7.251443">
        <ele>2698.0</ele>
        <time>2026-08-01T06:34:52Z</time>
      </trkpt>
      <trkpt lat="44.156777" lon="7.251437">
        <ele>2698.2</ele>
        <time>2026-08-01T06:34:53Z</time>
      </trkpt>
      <trkpt lat="44.156783" lon="7.251417">
        <ele>2698.8</ele>
        <time>2026-08-01T06:35:00Z</time>
      </trkpt>
      <trkpt lat="44.156786" lon="7.251413">
        <ele>2699.0</ele>
        <time>2026-08-01T06:35:01Z</time>
      </trkpt>
      <trkpt lat="44.15681" lon="7.251382">
        <ele>2699.8</ele>
        <time>2026-08-01T06:35:08Z</time>
      </trkpt>
      <trkpt lat="44.156816" lon="7.251371">
        <ele>2700.2</ele>
        <time>2026-08-01T06:35:10Z</time>
      </trkpt>
      <trkpt lat="44.156818" lon="7.251365">
        <ele>2701.0</ele>
        <time>2026-08-01T06:35:16Z</time>
      </trkpt>
      <trkpt lat="44.156803" lon="7.251373">
        <ele>2701.4</ele>
        <time>2026-08-01T06:35:19Z</time>
      </trkpt>
      <trkpt lat="44.156784" lon="7.251363">
        <ele>2702.0</ele>
        <time>2026-08-01T06:35:26Z</time>
      </trkpt>
      <trkpt lat="44.156795" lon="7.251354">
        <ele>2702.4</ele>
        <time>2026-08-01T06:35:28Z</time>
      </trkpt>
      <trkpt lat="44.156819" lon="7.251339">
        <ele>2703.0</ele>
        <time>2026-08-01T06:35:32Z</time>
      </trkpt>
      <trkpt lat="44.156835" lon="7.251336">
        <ele>2703.6</ele>
        <time>2026-08-01T06:35:36Z</time>
      </trkpt>
      <trkpt lat="44.156845" lon="7.25132">
        <ele>2704.2</ele>
        <time>2026-08-01T06:35:40Z</time>
      </trkpt>
      <trkpt lat="44.15685" lon="7.251295">
        <ele>2704.8</ele>
        <time>2026-08-01T06:35:44Z</time>
      </trkpt>
      <trkpt lat="44.156843" lon="7.251277">
        <ele>2705.2</ele>
        <time>2026-08-01T06:35:49Z</time>
      </trkpt>
      <trkpt lat="44.156855" lon="7.251268">
        <ele>2705.8</ele>
        <time>2026-08-01T06:35:53Z</time>
      </trkpt>
      <trkpt lat="44.156858" lon="7.25125">
        <ele>2706.2</ele>
        <time>2026-08-01T06:35:55Z</time>
      </trkpt>
      <trkpt lat="44.15687" lon="7.251225">
        <ele>2707.2</ele>
        <time>2026-08-01T06:36:02Z</time>
      </trkpt>
      <trkpt lat="44.15687" lon="7.251222">
        <ele>2707.2</ele>
        <time>2026-08-01T06:36:03Z</time>
      </trkpt>
      <trkpt lat="44.156876" lon="7.251215">
        <ele>2707.4</ele>
        <time>2026-08-01T06:36:09Z</time>
      </trkpt>
      <trkpt lat="44.156879" lon="7.251213">
        <ele>2707.4</ele>
        <time>2026-08-01T06:36:10Z</time>
      </trkpt>
      <trkpt lat="44.15688" lon="7.251213">
        <ele>2707.4</ele>
        <time>2026-08-01T06:36:11Z</time>
      </trkpt>
      <trkpt lat="44.156898" lon="7.251162">
        <ele>2707.6</ele>
        <time>2026-08-01T06:36:19Z</time>
      </trkpt>
      <trkpt lat="44.156927" lon="7.251088">
        <ele>2707.8</ele>
        <time>2026-08-01T06:36:29Z</time>
      </trkpt>
      <trkpt lat="44.156948" lon="7.25104">
        <ele>2708.2</ele>
        <time>2026-08-01T06:36:34Z</time>
      </trkpt>
      <trkpt lat="44.156964" lon="7.251013">
        <ele>2708.6</ele>
        <time>2026-08-01T06:36:37Z</time>
      </trkpt>
      <trkpt lat="44.156976" lon="7.250982">
        <ele>2709.4</ele>
        <time>2026-08-01T06:36:45Z</time>
      </trkpt>
      <trkpt lat="44.156961" lon="7.250966">
        <ele>2710.6</ele>
        <time>2026-08-01T06:36:49Z</time>
      </trkpt>
      <trkpt lat="44.156962" lon="7.250942">
        <ele>2711.0</ele>
        <time>2026-08-01T06:36:52Z</time>
      </trkpt>
      <trkpt lat="44.156958" lon="7.250897">
        <ele>2711.6</ele>
        <time>2026-08-01T06:36:57Z</time>
      </trkpt>
      <trkpt lat="44.156957" lon="7.250856">
        <ele>2712.2</ele>
        <time>2026-08-01T06:37:01Z</time>
      </trkpt>
      <trkpt lat="44.156969" lon="7.250791">
        <ele>2712.4</ele>
        <time>2026-08-01T06:37:06Z</time>
      </trkpt>
      <trkpt lat="44.156997" lon="7.250725">
        <ele>2712.2</ele>
        <time>2026-08-01T06:37:12Z</time>
      </trkpt>
      <trkpt lat="44.157002" lon="7.250708">
        <ele>2712.6</ele>
        <time>2026-08-01T06:37:15Z</time>
      </trkpt>
      <trkpt lat="44.156983" lon="7.250693">
        <ele>2713.2</ele>
        <time>2026-08-01T06:37:18Z</time>
      </trkpt>
      <trkpt lat="44.157002" lon="7.250671">
        <ele>2713.6</ele>
        <time>2026-08-01T06:37:24Z</time>
      </trkpt>
      <trkpt lat="44.157016" lon="7.250689">
        <ele>2713.6</ele>
        <time>2026-08-01T06:37:29Z</time>
      </trkpt>
      <trkpt lat="44.157002" lon="7.250704">
        <ele>2713.6</ele>
        <time>2026-08-01T06:37:34Z</time>
      </trkpt>
      <trkpt lat="44.156993" lon="7.250705">
        <ele>2713.8</ele>
        <time>2026-08-01T06:37:37Z</time>
      </trkpt>
      <trkpt lat="44.157007" lon="7.250699">
        <ele>2713.8</ele>
        <time>2026-08-01T06:37:41Z</time>
      </trkpt>
      <trkpt lat="44.157016" lon="7.250698">
        <ele>2713.8</ele>
        <time>2026-08-01T06:37:42Z</time>
      </trkpt>
      <trkpt lat="44.157017" lon="7.250696">
        <ele>2714.0</ele>
        <time>2026-08-01T06:37:48Z</time>
      </trkpt>
      <trkpt lat="44.157023" lon="7.250703">
        <ele>2714.0</ele>
        <time>2026-08-01T06:37:53Z</time>
      </trkpt>
      <trkpt lat="44.157026" lon="7.250703">
        <ele>2714.0</ele>
        <time>2026-08-01T06:37:55Z</time>
      </trkpt>
      <trkpt lat="44.157026" lon="7.250704">
        <ele>2714.0</ele>
        <time>2026-08-01T06:37:56Z</time>
      </trkpt>
      <trkpt lat="44.157021" lon="7.250701">
        <ele>2714.0</ele>
        <time>2026-08-01T06:37:58Z</time>
      </trkpt>
      <trkpt lat="44.157009" lon="7.250695">
        <ele>2713.8</ele>
        <time>2026-08-01T06:38:02Z</time>
      </trkpt>
      <trkpt lat="44.157006" lon="7.250692">
        <ele>2713.8</ele>
        <time>2026-08-01T06:38:03Z</time>
      </trkpt>
      <trkpt lat="44.157005" lon="7.250688">
        <ele>2713.8</ele>
        <time>2026-08-01T06:38:06Z</time>
      </trkpt>
      <trkpt lat="44.157006" lon="7.250688">
        <ele>2713.8</ele>
        <time>2026-08-01T06:38:07Z</time>
      </trkpt>
      <trkpt lat="44.156998" lon="7.250679">
        <ele>2713.4</ele>
        <time>2026-08-01T06:38:17Z</time>
      </trkpt>
      <trkpt lat="44.157023" lon="7.250708">
        <ele>2713.4</ele>
        <time>2026-08-01T06:38:23Z</time>
      </trkpt>
      <trkpt lat="44.15702" lon="7.25071">
        <ele>2713.2</ele>
        <time>2026-08-01T06:38:25Z</time>
      </trkpt>
      <trkpt lat="44.157016" lon="7.250697">
        <ele>2713.0</ele>
        <time>2026-08-01T06:38:34Z</time>
      </trkpt>
      <trkpt lat="44.157022" lon="7.250696">
        <ele>2712.6</ele>
        <time>2026-08-01T06:38:44Z</time>
      </trkpt>
      <trkpt lat="44.157022" lon="7.250697">
        <ele>2712.6</ele>
        <time>2026-08-01T06:38:45Z</time>
      </trkpt>
      <trkpt lat="44.157019" lon="7.250709">
        <ele>2712.4</ele>
        <time>2026-08-01T06:38:52Z</time>
      </trkpt>
      <trkpt lat="44.157018" lon="7.250705">
        <ele>2712.2</ele>
        <time>2026-08-01T06:38:54Z</time>
      </trkpt>
      <trkpt lat="44.157014" lon="7.250698">
        <ele>2712.4</ele>
        <time>2026-08-01T06:38:57Z</time>
      </trkpt>
      <trkpt lat="44.157013" lon="7.250691">
        <ele>2712.4</ele>
        <time>2026-08-01T06:39:06Z</time>
      </trkpt>
      <trkpt lat="44.156993" lon="7.250674">
        <ele>2712.2</ele>
        <time>2026-08-01T06:39:18Z</time>
      </trkpt>
      <trkpt lat="44.157005" lon="7.250718">
        <ele>2712.4</ele>
        <time>2026-08-01T06:39:28Z</time>
      </trkpt>
      <trkpt lat="44.157004" lon="7.250687">
        <ele>2712.2</ele>
        <time>2026-08-01T06:39:37Z</time>
      </trkpt>
      <trkpt lat="44.157004" lon="7.250688">
        <ele>2712.2</ele>
        <time>2026-08-01T06:39:38Z</time>
      </trkpt>
      <trkpt lat="44.157024" lon="7.2507">
        <ele>2712.0</ele>
        <time>2026-08-01T06:39:49Z</time>
      </trkpt>
      <trkpt lat="44.157026" lon="7.250701">
        <ele>2712.2</ele>
        <time>2026-08-01T06:40:00Z</time>
      </trkpt>
      <trkpt lat="44.157024" lon="7.250701">
        <ele>2712.2</ele>
        <time>2026-08-01T06:40:12Z</time>
      </trkpt>
      <trkpt lat="44.157012" lon="7.250682">
        <ele>2712.6</ele>
        <time>2026-08-01T06:40:21Z</time>
      </trkpt>
      <trkpt lat="44.15701" lon="7.25068">
        <ele>2712.6</ele>
        <time>2026-08-01T06:40:22Z</time>
      </trkpt>
      <trkpt lat="44.156999" lon="7.250692">
        <ele>2712.2</ele>
        <time>2026-08-01T06:40:34Z</time>
      </trkpt>
      <trkpt lat="44.157003" lon="7.250693">
        <ele>2712.2</ele>
        <time>2026-08-01T06:40:36Z</time>
      </trkpt>
      <trkpt lat="44.157024" lon="7.250696">
        <ele>2712.2</ele>
        <time>2026-08-01T06:40:45Z</time>
      </trkpt>
      <trkpt lat="44.157021" lon="7.250694">
        <ele>2712.0</ele>
        <time>2026-08-01T06:40:57Z</time>
      </trkpt>
      <trkpt lat="44.157023" lon="7.250696">
        <ele>2712.0</ele>
        <time>2026-08-01T06:41:00Z</time>
      </trkpt>
      <trkpt lat="44.157016" lon="7.250696">
        <ele>2712.0</ele>
        <time>2026-08-01T06:41:09Z</time>
      </trkpt>
      <trkpt lat="44.157022" lon="7.250702">
        <ele>2711.8</ele>
        <time>2026-08-01T06:41:14Z</time>
      </trkpt>
      <trkpt lat="44.15702" lon="7.250706">
        <ele>2711.8</ele>
        <time>2026-08-01T06:41:19Z</time>
      </trkpt>
      <trkpt lat="44.15702" lon="7.25071">
        <ele>2712.0</ele>
        <time>2026-08-01T06:41:21Z</time>
      </trkpt>
      <trkpt lat="44.157017" lon="7.250709">
        <ele>2711.8</ele>
        <time>2026-08-01T06:41:26Z</time>
      </trkpt>
      <trkpt lat="44.157008" lon="7.250701">
        <ele>2711.8</ele>
        <time>2026-08-01T06:41:32Z</time>
      </trkpt>
      <trkpt lat="44.157022" lon="7.250674">
        <ele>2711.8</ele>
        <time>2026-08-01T06:41:44Z</time>
      </trkpt>
      <trkpt lat="44.157017" lon="7.25069">
        <ele>2711.6</ele>
        <time>2026-08-01T06:41:52Z</time>
      </trkpt>
      <trkpt lat="44.157016" lon="7.250687">
        <ele>2711.4</ele>
        <time>2026-08-01T06:41:53Z</time>
      </trkpt>
      <trkpt lat="44.157009" lon="7.250686">
        <ele>2711.4</ele>
        <time>2026-08-01T06:42:03Z</time>
      </trkpt>
      <trkpt lat="44.157031" lon="7.250647">
        <ele>2710.6</ele>
        <time>2026-08-01T06:42:11Z</time>
      </trkpt>
      <trkpt lat="44.157034" lon="7.25064">
        <ele>2710.6</ele>
        <time>2026-08-01T06:42:12Z</time>
      </trkpt>
      <trkpt lat="44.157041" lon="7.250603">
        <ele>2709.6</ele>
        <time>2026-08-01T06:42:22Z</time>
      </trkpt>
      <trkpt lat="44.157046" lon="7.250597">
        <ele>2709.4</ele>
        <time>2026-08-01T06:42:24Z</time>
      </trkpt>
      <trkpt lat="44.157059" lon="7.250575">
        <ele>2708.6</ele>
        <time>2026-08-01T06:42:29Z</time>
      </trkpt>
      <trkpt lat="44.157065" lon="7.250567">
        <ele>2708.4</ele>
        <time>2026-08-01T06:42:30Z</time>
      </trkpt>
      <trkpt lat="44.157096" lon="7.250536">
        <ele>2708.2</ele>
        <time>2026-08-01T06:42:36Z</time>
      </trkpt>
      <trkpt lat="44.157111" lon="7.250484">
        <ele>2707.6</ele>
        <time>2026-08-01T06:42:43Z</time>
      </trkpt>
      <trkpt lat="44.157113" lon="7.250481">
        <ele>2707.4</ele>
        <time>2026-08-01T06:42:44Z</time>
      </trkpt>
      <trkpt lat="44.15713" lon="7.250476">
        <ele>2706.8</ele>
        <time>2026-08-01T06:42:50Z</time>
      </trkpt>
      <trkpt lat="44.157138" lon="7.250456">
        <ele>2706.4</ele>
        <time>2026-08-01T06:42:52Z</time>
      </trkpt>
      <trkpt lat="44.157153" lon="7.250419">
        <ele>2706.0</ele>
        <time>2026-08-01T06:42:56Z</time>
      </trkpt>
      <trkpt lat="44.15717" lon="7.250427">
        <ele>2705.4</ele>
        <time>2026-08-01T06:43:03Z</time>
      </trkpt>
      <trkpt lat="44.157175" lon="7.25043">
        <ele>2705.4</ele>
        <time>2026-08-01T06:43:04Z</time>
      </trkpt>
      <trkpt lat="44.157178" lon="7.250434">
        <ele>2705.2</ele>
        <time>2026-08-01T06:43:05Z</time>
      </trkpt>
      <trkpt lat="44.15719" lon="7.25046">
        <ele>2704.2</ele>
        <time>2026-08-01T06:43:11Z</time>
      </trkpt>
      <trkpt lat="44.157178" lon="7.250476">
        <ele>2703.4</ele>
        <time>2026-08-01T06:43:14Z</time>
      </trkpt>
      <trkpt lat="44.157178" lon="7.250485">
        <ele>2703.0</ele>
        <time>2026-08-01T06:43:16Z</time>
      </trkpt>
      <trkpt lat="44.157184" lon="7.250497">
        <ele>2702.4</ele>
        <time>2026-08-01T06:43:21Z</time>
      </trkpt>
      <trkpt lat="44.157187" lon="7.250497">
        <ele>2702.0</ele>
        <time>2026-08-01T06:43:24Z</time>
      </trkpt>
      <trkpt lat="44.15719" lon="7.250492">
        <ele>2701.2</ele>
        <time>2026-08-01T06:43:28Z</time>
      </trkpt>
      <trkpt lat="44.157192" lon="7.250492">
        <ele>2700.8</ele>
        <time>2026-08-01T06:43:30Z</time>
      </trkpt>
      <trkpt lat="44.157183" lon="7.250482">
        <ele>2699.8</ele>
        <time>2026-08-01T06:43:38Z</time>
      </trkpt>
      <trkpt lat="44.157189" lon="7.250496">
        <ele>2699.6</ele>
        <time>2026-08-01T06:43:47Z</time>
      </trkpt>
      <trkpt lat="44.1572" lon="7.250466">
        <ele>2698.6</ele>
        <time>2026-08-01T06:43:56Z</time>
      </trkpt>
      <trkpt lat="44.157206" lon="7.250459">
        <ele>2698.6</ele>
        <time>2026-08-01T06:43:57Z</time>
      </trkpt>
      <trkpt lat="44.157191" lon="7.25048">
        <ele>2698.2</ele>
        <time>2026-08-01T06:44:07Z</time>
      </trkpt>
      <trkpt lat="44.157204" lon="7.250467">
        <ele>2697.6</ele>
        <time>2026-08-01T06:44:12Z</time>
      </trkpt>
      <trkpt lat="44.157215" lon="7.250457">
        <ele>2697.4</ele>
        <time>2026-08-01T06:44:16Z</time>
      </trkpt>
      <trkpt lat="44.157214" lon="7.250459">
        <ele>2697.0</ele>
        <time>2026-08-01T06:44:19Z</time>
      </trkpt>
      <trkpt lat="44.157208" lon="7.250463">
        <ele>2697.0</ele>
        <time>2026-08-01T06:44:24Z</time>
      </trkpt>
      <trkpt lat="44.157217" lon="7.250455">
        <ele>2696.8</ele>
        <time>2026-08-01T06:44:27Z</time>
      </trkpt>
      <trkpt lat="44.157233" lon="7.250433">
        <ele>2696.6</ele>
        <time>2026-08-01T06:44:31Z</time>
      </trkpt>
      <trkpt lat="44.157232" lon="7.250428">
        <ele>2696.6</ele>
        <time>2026-08-01T06:44:33Z</time>
      </trkpt>
      <trkpt lat="44.157232" lon="7.250422">
        <ele>2695.8</ele>
        <time>2026-08-01T06:44:41Z</time>
      </trkpt>
      <trkpt lat="44.157234" lon="7.25042">
        <ele>2695.8</ele>
        <time>2026-08-01T06:44:43Z</time>
      </trkpt>
      <trkpt lat="44.15724" lon="7.250429">
        <ele>2695.6</ele>
        <time>2026-08-01T06:44:48Z</time>
      </trkpt>
      <trkpt lat="44.157254" lon="7.250415">
        <ele>2695.2</ele>
        <time>2026-08-01T06:44:51Z</time>
      </trkpt>
      <trkpt lat="44.157291" lon="7.250404">
        <ele>2695.2</ele>
        <time>2026-08-01T06:44:59Z</time>
      </trkpt>
      <trkpt lat="44.157294" lon="7.250423">
        <ele>2695.4</ele>
        <time>2026-08-01T06:45:09Z</time>
      </trkpt>
      <trkpt lat="44.157268" lon="7.250425">
        <ele>2695.8</ele>
        <time>2026-08-01T06:45:17Z</time>
      </trkpt>
      <trkpt lat="44.15726" lon="7.250412">
        <ele>2695.8</ele>
        <time>2026-08-01T06:45:20Z</time>
      </trkpt>
      <trkpt lat="44.157273" lon="7.250392">
        <ele>2695.0</ele>
        <time>2026-08-01T06:45:30Z</time>
      </trkpt>
      <trkpt lat="44.157284" lon="7.250395">
        <ele>2694.4</ele>
        <time>2026-08-01T06:45:33Z</time>
      </trkpt>
      <trkpt lat="44.157275" lon="7.250403">
        <ele>2694.0</ele>
        <time>2026-08-01T06:45:38Z</time>
      </trkpt>
      <trkpt lat="44.15727" lon="7.250376">
        <ele>2693.4</ele>
        <time>2026-08-01T06:45:46Z</time>
      </trkpt>
      <trkpt lat="44.157274" lon="7.250367">
        <ele>2693.0</ele>
        <time>2026-08-01T06:45:49Z</time>
      </trkpt>
      <trkpt lat="44.157263" lon="7.250355">
        <ele>2692.8</ele>
        <time>2026-08-01T06:46:01Z</time>
      </trkpt>
      <trkpt lat="44.15729" lon="7.250352">
        <ele>2692.8</ele>
        <time>2026-08-01T06:46:10Z</time>
      </trkpt>
      <trkpt lat="44.157307" lon="7.25035">
        <ele>2692.6</ele>
        <time>2026-08-01T06:46:18Z</time>
      </trkpt>
      <trkpt lat="44.157292" lon="7.250347">
        <ele>2692.4</ele>
        <time>2026-08-01T06:46:26Z</time>
      </trkpt>
      <trkpt lat="44.15729" lon="7.250346">
        <ele>2692.2</ele>
        <time>2026-08-01T06:46:27Z</time>
      </trkpt>
      <trkpt lat="44.15727" lon="7.250339">
        <ele>2691.8</ele>
        <time>2026-08-01T06:46:36Z</time>
      </trkpt>
      <trkpt lat="44.157266" lon="7.250339">
        <ele>2691.6</ele>
        <time>2026-08-01T06:46:42Z</time>
      </trkpt>
      <trkpt lat="44.157278" lon="7.250343">
        <ele>2691.8</ele>
        <time>2026-08-01T06:46:47Z</time>
      </trkpt>
      <trkpt lat="44.157266" lon="7.250333">
        <ele>2691.8</ele>
        <time>2026-08-01T06:46:57Z</time>
      </trkpt>
      <trkpt lat="44.157268" lon="7.250337">
        <ele>2691.6</ele>
        <time>2026-08-01T06:46:59Z</time>
      </trkpt>
      <trkpt lat="44.157254" lon="7.250342">
        <ele>2691.2</ele>
        <time>2026-08-01T06:47:06Z</time>
      </trkpt>
      <trkpt lat="44.157253" lon="7.250343">
        <ele>2691.2</ele>
        <time>2026-08-01T06:47:07Z</time>
      </trkpt>
      <trkpt lat="44.157259" lon="7.250333">
        <ele>2690.6</ele>
        <time>2026-08-01T06:47:17Z</time>
      </trkpt>
      <trkpt lat="44.157265" lon="7.25033">
        <ele>2690.2</ele>
        <time>2026-08-01T06:47:19Z</time>
      </trkpt>
      <trkpt lat="44.157276" lon="7.250337">
        <ele>2689.2</ele>
        <time>2026-08-01T06:47:26Z</time>
      </trkpt>
      <trkpt lat="44.157282" lon="7.250335">
        <ele>2689.2</ele>
        <time>2026-08-01T06:47:27Z</time>
      </trkpt>
      <trkpt lat="44.157273" lon="7.250335">
        <ele>2689.0</ele>
        <time>2026-08-01T06:47:38Z</time>
      </trkpt>
      <trkpt lat="44.157297" lon="7.250355">
        <ele>2688.2</ele>
        <time>2026-08-01T06:47:47Z</time>
      </trkpt>
      <trkpt lat="44.157306" lon="7.250336">
        <ele>2687.6</ele>
        <time>2026-08-01T06:47:55Z</time>
      </trkpt>
      <trkpt lat="44.157309" lon="7.250328">
        <ele>2687.2</ele>
        <time>2026-08-01T06:47:59Z</time>
      </trkpt>
      <trkpt lat="44.157301" lon="7.250335">
        <ele>2687.0</ele>
        <time>2026-08-01T06:48:05Z</time>
      </trkpt>
      <trkpt lat="44.157326" lon="7.250341">
        <ele>2686.2</ele>
        <time>2026-08-01T06:48:14Z</time>
      </trkpt>
      <trkpt lat="44.157326" lon="7.250341">
        <ele>2686.2</ele>
        <time>2026-08-01T06:48:15Z</time>
      </trkpt>
      <trkpt lat="44.157302" lon="7.25034">
        <ele>2686.0</ele>
        <time>2026-08-01T06:48:24Z</time>
      </trkpt>
      <trkpt lat="44.157317" lon="7.250355">
        <ele>2685.4</ele>
        <time>2026-08-01T06:48:31Z</time>
      </trkpt>
      <trkpt lat="44.157321" lon="7.250354">
        <ele>2685.2</ele>
        <time>2026-08-01T06:48:40Z</time>
      </trkpt>
      <trkpt lat="44.15732" lon="7.250355">
        <ele>2685.4</ele>
        <time>2026-08-01T06:48:42Z</time>
      </trkpt>
      <trkpt lat="44.15731" lon="7.250344">
        <ele>2685.6</ele>
        <time>2026-08-01T06:48:56Z</time>
      </trkpt>
      <trkpt lat="44.157312" lon="7.250344">
        <ele>2685.6</ele>
        <time>2026-08-01T06:49:01Z</time>
      </trkpt>
      <trkpt lat="44.157314" lon="7.250343">
        <ele>2685.8</ele>
        <time>2026-08-01T06:49:03Z</time>
      </trkpt>
      <trkpt lat="44.157314" lon="7.250343">
        <ele>2685.6</ele>
        <time>2026-08-01T06:49:05Z</time>
      </trkpt>
      <trkpt lat="44.157313" lon="7.250334">
        <ele>2686.0</ele>
        <time>2026-08-01T06:49:21Z</time>
      </trkpt>
      <trkpt lat="44.157304" lon="7.250332">
        <ele>2686.0</ele>
        <time>2026-08-01T06:49:30Z</time>
      </trkpt>
      <trkpt lat="44.157287" lon="7.250336">
        <ele>2685.8</ele>
        <time>2026-08-01T06:49:35Z</time>
      </trkpt>
      <trkpt lat="44.157289" lon="7.250333">
        <ele>2685.8</ele>
        <time>2026-08-01T06:49:37Z</time>
      </trkpt>
      <trkpt lat="44.157298" lon="7.250333">
        <ele>2686.0</ele>
        <time>2026-08-01T06:49:40Z</time>
      </trkpt>
      <trkpt lat="44.157319" lon="7.250339">
        <ele>2685.8</ele>
        <time>2026-08-01T06:49:48Z</time>
      </trkpt>
      <trkpt lat="44.157299" lon="7.250346">
        <ele>2685.2</ele>
        <time>2026-08-01T06:49:58Z</time>
      </trkpt>
      <trkpt lat="44.157302" lon="7.250354">
        <ele>2685.2</ele>
        <time>2026-08-01T06:50:02Z</time>
      </trkpt>
      <trkpt lat="44.157291" lon="7.250346">
        <ele>2685.2</ele>
        <time>2026-08-01T06:50:06Z</time>
      </trkpt>
      <trkpt lat="44.157284" lon="7.250335">
        <ele>2685.0</ele>
        <time>2026-08-01T06:50:08Z</time>
      </trkpt>
      <trkpt lat="44.157295" lon="7.250321">
        <ele>2685.0</ele>
        <time>2026-08-01T06:50:17Z</time>
      </trkpt>
      <trkpt lat="44.157309" lon="7.250351">
        <ele>2684.6</ele>
        <time>2026-08-01T06:50:28Z</time>
      </trkpt>
      <trkpt lat="44.157303" lon="7.250333">
        <ele>2684.6</ele>
        <time>2026-08-01T06:50:40Z</time>
      </trkpt>
      <trkpt lat="44.157309" lon="7.250319">
        <ele>2684.8</ele>
        <time>2026-08-01T06:50:48Z</time>
      </trkpt>
      <trkpt lat="44.157315" lon="7.250312">
        <ele>2685.0</ele>
        <time>2026-08-01T06:50:51Z</time>
      </trkpt>
      <trkpt lat="44.157326" lon="7.250307">
        <ele>2685.2</ele>
        <time>2026-08-01T06:50:55Z</time>
      </trkpt>
      <trkpt lat="44.157322" lon="7.250283">
        <ele>2685.2</ele>
        <time>2026-08-01T06:51:02Z</time>
      </trkpt>
      <trkpt lat="44.157317" lon="7.250279">
        <ele>2685.0</ele>
        <time>2026-08-01T06:51:05Z</time>
      </trkpt>
      <trkpt lat="44.157327" lon="7.250282">
        <ele>2684.6</ele>
        <time>2026-08-01T06:51:14Z</time>
      </trkpt>
      <trkpt lat="44.157335" lon="7.250285">
        <ele>2684.0</ele>
        <time>2026-08-01T06:51:19Z</time>
      </trkpt>
      <trkpt lat="44.157341" lon="7.250278">
        <ele>2683.8</ele>
        <time>2026-08-01T06:51:23Z</time>
      </trkpt>
      <trkpt lat="44.157339" lon="7.250269">
        <ele>2683.6</ele>
        <time>2026-08-01T06:51:26Z</time>
      </trkpt>
      <trkpt lat="44.157334" lon="7.250266">
        <ele>2683.8</ele>
        <time>2026-08-01T06:51:28Z</time>
      </trkpt>
      <trkpt lat="44.157323" lon="7.250257">
        <ele>2684.0</ele>
        <time>2026-08-01T06:51:31Z</time>
      </trkpt>
      <trkpt lat="44.157333" lon="7.250254">
        <ele>2684.0</ele>
        <time>2026-08-01T06:51:40Z</time>
      </trkpt>
      <trkpt lat="44.157335" lon="7.250258">
        <ele>2684.0</ele>
        <time>2026-08-01T06:51:41Z</time>
      </trkpt>
      <trkpt lat="44.157338" lon="7.25026">
        <ele>2683.8</ele>
        <time>2026-08-01T06:51:42Z</time>
      </trkpt>
      <trkpt lat="44.157341" lon="7.250261">
        <ele>2683.8</ele>
        <time>2026-08-01T06:51:43Z</time>
      </trkpt>
      <trkpt lat="44.157343" lon="7.25026">
        <ele>2683.6</ele>
        <time>2026-08-01T06:51:44Z</time>
      </trkpt>
      <trkpt lat="44.157353" lon="7.250255">
        <ele>2683.0</ele>
        <time>2026-08-01T06:51:50Z</time>
      </trkpt>
      <trkpt lat="44.157352" lon="7.250253">
        <ele>2682.8</ele>
        <time>2026-08-01T06:51:51Z</time>
      </trkpt>
      <trkpt lat="44.157354" lon="7.250243">
        <ele>2682.8</ele>
        <time>2026-08-01T06:51:59Z</time>
      </trkpt>
      <trkpt lat="44.157337" lon="7.250225">
        <ele>2683.2</ele>
        <time>2026-08-01T06:52:09Z</time>
      </trkpt>
      <trkpt lat="44.157336" lon="7.250217">
        <ele>2682.6</ele>
        <time>2026-08-01T06:52:14Z</time>
      </trkpt>
      <trkpt lat="44.157341" lon="7.250226">
        <ele>2682.8</ele>
        <time>2026-08-01T06:52:18Z</time>
      </trkpt>
      <trkpt lat="44.157344" lon="7.250224">
        <ele>2682.8</ele>
        <time>2026-08-01T06:52:20Z</time>
      </trkpt>
      <trkpt lat="44.157355" lon="7.250223">
        <ele>2682.6</ele>
        <time>2026-08-01T06:52:28Z</time>
      </trkpt>
      <trkpt lat="44.157363" lon="7.250226">
        <ele>2682.6</ele>
        <time>2026-08-01T06:52:37Z</time>
      </trkpt>
      <trkpt lat="44.15736" lon="7.250215">
        <ele>2682.4</ele>
        <time>2026-08-01T06:52:48Z</time>
      </trkpt>
      <trkpt lat="44.157353" lon="7.250248">
        <ele>2682.2</ele>
        <time>2026-08-01T06:52:56Z</time>
      </trkpt>
      <trkpt lat="44.157352" lon="7.250249">
        <ele>2682.2</ele>
        <time>2026-08-01T06:52:57Z</time>
      </trkpt>
      <trkpt lat="44.157361" lon="7.250252">
        <ele>2682.2</ele>
        <time>2026-08-01T06:53:04Z</time>
      </trkpt>
      <trkpt lat="44.157376" lon="7.250238">
        <ele>2682.2</ele>
        <time>2026-08-01T06:53:12Z</time>
      </trkpt>
      <trkpt lat="44.157366" lon="7.250236">
        <ele>2682.6</ele>
        <time>2026-08-01T06:53:20Z</time>
      </trkpt>
      <trkpt lat="44.157369" lon="7.250235">
        <ele>2683.0</ele>
        <time>2026-08-01T06:53:28Z</time>
      </trkpt>
      <trkpt lat="44.157352" lon="7.250249">
        <ele>2683.6</ele>
        <time>2026-08-01T06:53:38Z</time>
      </trkpt>
      <trkpt lat="44.157362" lon="7.250246">
        <ele>2683.4</ele>
        <time>2026-08-01T06:53:48Z</time>
      </trkpt>
      <trkpt lat="44.15736" lon="7.250242">
        <ele>2683.4</ele>
        <time>2026-08-01T06:53:58Z</time>
      </trkpt>
      <trkpt lat="44.157368" lon="7.250247">
        <ele>2682.6</ele>
        <time>2026-08-01T06:54:08Z</time>
      </trkpt>
      <trkpt lat="44.157343" lon="7.25025">
        <ele>2682.0</ele>
        <time>2026-08-01T06:54:17Z</time>
      </trkpt>
      <trkpt lat="44.157343" lon="7.250255">
        <ele>2681.8</ele>
        <time>2026-08-01T06:54:19Z</time>
      </trkpt>
      <trkpt lat="44.157336" lon="7.250252">
        <ele>2681.8</ele>
        <time>2026-08-01T06:54:27Z</time>
      </trkpt>
      <trkpt lat="44.157346" lon="7.250252">
        <ele>2681.8</ele>
        <time>2026-08-01T06:54:34Z</time>
      </trkpt>
      <trkpt lat="44.157342" lon="7.25025">
        <ele>2681.8</ele>
        <time>2026-08-01T06:54:35Z</time>
      </trkpt>
      <trkpt lat="44.157341" lon="7.250248">
        <ele>2681.8</ele>
        <time>2026-08-01T06:54:38Z</time>
      </trkpt>
      <trkpt lat="44.157352" lon="7.250239">
        <ele>2682.0</ele>
        <time>2026-08-01T06:54:49Z</time>
      </trkpt>
      <trkpt lat="44.157377" lon="7.25025">
        <ele>2682.2</ele>
        <time>2026-08-01T06:54:57Z</time>
      </trkpt>
      <trkpt lat="44.157355" lon="7.250261">
        <ele>2682.4</ele>
        <time>2026-08-01T06:55:04Z</time>
      </trkpt>
      <trkpt lat="44.157356" lon="7.25026">
        <ele>2682.4</ele>
        <time>2026-08-01T06:55:07Z</time>
      </trkpt>
      <trkpt lat="44.157373" lon="7.250228">
        <ele>2681.8</ele>
        <time>2026-08-01T06:55:17Z</time>
      </trkpt>
      <trkpt lat="44.157324" lon="7.250263">
        <ele>2681.2</ele>
        <time>2026-08-01T06:55:25Z</time>
      </trkpt>
      <trkpt lat="44.157325" lon="7.250262">
        <ele>2681.0</ele>
        <time>2026-08-01T06:55:28Z</time>
      </trkpt>
      <trkpt lat="44.157327" lon="7.250261">
        <ele>2680.8</ele>
        <time>2026-08-01T06:55:29Z</time>
      </trkpt>
      <trkpt lat="44.157354" lon="7.250253">
        <ele>2680.4</ele>
        <time>2026-08-01T06:55:34Z</time>
      </trkpt>
      <trkpt lat="44.157371" lon="7.250266">
        <ele>2680.2</ele>
        <time>2026-08-01T06:55:39Z</time>
      </trkpt>
      <trkpt lat="44.157378" lon="7.25028">
        <ele>2680.0</ele>
        <time>2026-08-01T06:55:43Z</time>
      </trkpt>
      <trkpt lat="44.157334" lon="7.250265">
        <ele>2679.8</ele>
        <time>2026-08-01T06:55:52Z</time>
      </trkpt>
      <trkpt lat="44.157328" lon="7.250262">
        <ele>2679.8</ele>
        <time>2026-08-01T06:55:54Z</time>
      </trkpt>
      <trkpt lat="44.157343" lon="7.250268">
        <ele>2679.2</ele>
        <time>2026-08-01T06:56:03Z</time>
      </trkpt>
      <trkpt lat="44.157339" lon="7.25027">
        <ele>2679.2</ele>
        <time>2026-08-01T06:56:07Z</time>
      </trkpt>
      <trkpt lat="44.157365" lon="7.250282">
        <ele>2679.0</ele>
        <time>2026-08-01T06:56:17Z</time>
      </trkpt>
      <trkpt lat="44.157352" lon="7.250281">
        <ele>2679.4</ele>
        <time>2026-08-01T06:56:23Z</time>
      </trkpt>
      <trkpt lat="44.157348" lon="7.250277">
        <ele>2679.4</ele>
        <time>2026-08-01T06:56:25Z</time>
      </trkpt>
      <trkpt lat="44.157352" lon="7.25027">
        <ele>2679.4</ele>
        <time>2026-08-01T06:56:28Z</time>
      </trkpt>
      <trkpt lat="44.157365" lon="7.250264">
        <ele>2678.8</ele>
        <time>2026-08-01T06:56:38Z</time>
      </trkpt>
      <trkpt lat="44.157364" lon="7.250267">
        <ele>2678.8</ele>
        <time>2026-08-01T06:56:41Z</time>
      </trkpt>
      <trkpt lat="44.157358" lon="7.250263">
        <ele>2678.4</ele>
        <time>2026-08-01T06:56:48Z</time>
      </trkpt>
      <trkpt lat="44.157336" lon="7.250264">
        <ele>2677.6</ele>
        <time>2026-08-01T06:56:54Z</time>
      </trkpt>
      <trkpt lat="44.157339" lon="7.250257">
        <ele>2677.8</ele>
        <time>2026-08-01T06:56:59Z</time>
      </trkpt>
      <trkpt lat="44.157378" lon="7.250254">
        <ele>2678.2</ele>
        <time>2026-08-01T06:57:05Z</time>
      </trkpt>
      <trkpt lat="44.157377" lon="7.250252">
        <ele>2678.2</ele>
        <time>2026-08-01T06:57:07Z</time>
      </trkpt>
      <trkpt lat="44.157393" lon="7.250246">
        <ele>2678.6</ele>
        <time>2026-08-01T06:57:11Z</time>
      </trkpt>
      <trkpt lat="44.157398" lon="7.250255">
        <ele>2678.2</ele>
        <time>2026-08-01T06:57:15Z</time>
      </trkpt>
      <trkpt lat="44.157374" lon="7.250251">
        <ele>2677.4</ele>
        <time>2026-08-01T06:57:27Z</time>
      </trkpt>
      <trkpt lat="44.157388" lon="7.250246">
        <ele>2677.6</ele>
        <time>2026-08-01T06:57:38Z</time>
      </trkpt>
      <trkpt lat="44.157378" lon="7.250245">
        <ele>2678.8</ele>
        <time>2026-08-01T06:57:45Z</time>
      </trkpt>
      <trkpt lat="44.15738" lon="7.250245">
        <ele>2678.8</ele>
        <time>2026-08-01T06:57:46Z</time>
      </trkpt>
      <trkpt lat="44.157371" lon="7.250239">
        <ele>2679.4</ele>
        <time>2026-08-01T06:57:54Z</time>
      </trkpt>
      <trkpt lat="44.157373" lon="7.25024">
        <ele>2679.8</ele>
        <time>2026-08-01T06:57:56Z</time>
      </trkpt>
      <trkpt lat="44.157372" lon="7.250243">
        <ele>2679.8</ele>
        <time>2026-08-01T06:57:57Z</time>
      </trkpt>
      <trkpt lat="44.157362" lon="7.250266">
        <ele>2680.2</ele>
        <time>2026-08-01T06:58:02Z</time>
      </trkpt>
      <trkpt lat="44.15738" lon="7.250259">
        <ele>2680.4</ele>
        <time>2026-08-01T06:58:10Z</time>
      </trkpt>
      <trkpt lat="44.157378" lon="7.250248">
        <ele>2680.8</ele>
        <time>2026-08-01T06:58:15Z</time>
      </trkpt>
      <trkpt lat="44.157382" lon="7.250253">
        <ele>2680.8</ele>
        <time>2026-08-01T06:58:17Z</time>
      </trkpt>
      <trkpt lat="44.157388" lon="7.250259">
        <ele>2681.0</ele>
        <time>2026-08-01T06:58:19Z</time>
      </trkpt>
      <trkpt lat="44.157396" lon="7.250259">
        <ele>2681.8</ele>
        <time>2026-08-01T06:58:26Z</time>
      </trkpt>
      <trkpt lat="44.157395" lon="7.250261">
        <ele>2681.8</ele>
        <time>2026-08-01T06:58:27Z</time>
      </trkpt>
      <trkpt lat="44.157365" lon="7.250296">
        <ele>2682.2</ele>
        <time>2026-08-01T06:58:36Z</time>
      </trkpt>
      <trkpt lat="44.157379" lon="7.250296">
        <ele>2681.6</ele>
        <time>2026-08-01T06:58:46Z</time>
      </trkpt>
      <trkpt lat="44.157365" lon="7.250308">
        <ele>2681.2</ele>
        <time>2026-08-01T06:58:53Z</time>
      </trkpt>
      <trkpt lat="44.15737" lon="7.250309">
        <ele>2681.2</ele>
        <time>2026-08-01T06:58:54Z</time>
      </trkpt>
      <trkpt lat="44.157371" lon="7.250309">
        <ele>2680.8</ele>
        <time>2026-08-01T06:58:57Z</time>
      </trkpt>
      <trkpt lat="44.157359" lon="7.250289">
        <ele>2680.6</ele>
        <time>2026-08-01T06:59:08Z</time>
      </trkpt>
      <trkpt lat="44.157357" lon="7.250315">
        <ele>2680.0</ele>
        <time>2026-08-01T06:59:17Z</time>
      </trkpt>
      <trkpt lat="44.157366" lon="7.250322">
        <ele>2680.2</ele>
        <time>2026-08-01T06:59:26Z</time>
      </trkpt>
      <trkpt lat="44.157359" lon="7.250344">
        <ele>2679.8</ele>
        <time>2026-08-01T06:59:32Z</time>
      </trkpt>
      <trkpt lat="44.157363" lon="7.250335">
        <ele>2679.6</ele>
        <time>2026-08-01T06:59:34Z</time>
      </trkpt>
      <trkpt lat="44.157362" lon="7.250329">
        <ele>2679.2</ele>
        <time>2026-08-01T06:59:43Z</time>
      </trkpt>
      <trkpt lat="44.157364" lon="7.25033">
        <ele>2679.4</ele>
        <time>2026-08-01T06:59:55Z</time>
      </trkpt>
      <trkpt lat="44.157382" lon="7.250329">
        <ele>2679.2</ele>
        <time>2026-08-01T07:00:08Z</time>
      </trkpt>
      <trkpt lat="44.157382" lon="7.250323">
        <ele>2679.4</ele>
        <time>2026-08-01T07:00:18Z</time>
      </trkpt>
      <trkpt lat="44.157376" lon="7.250327">
        <ele>2679.2</ele>
        <time>2026-08-01T07:00:36Z</time>
      </trkpt>
      <trkpt lat="44.157379" lon="7.250334">
        <ele>2679.2</ele>
        <time>2026-08-01T07:00:39Z</time>
      </trkpt>
      <trkpt lat="44.157383" lon="7.250311">
        <ele>2678.8</ele>
        <time>2026-08-01T07:00:49Z</time>
      </trkpt>
      <trkpt lat="44.157384" lon="7.250311">
        <ele>2678.6</ele>
        <time>2026-08-01T07:00:51Z</time>
      </trkpt>
      <trkpt lat="44.157386" lon="7.250284">
        <ele>2678.0</ele>
        <time>2026-08-01T07:00:58Z</time>
      </trkpt>
      <trkpt lat="44.15739" lon="7.250253">
        <ele>2677.4</ele>
        <time>2026-08-01T07:01:03Z</time>
      </trkpt>
      <trkpt lat="44.157396" lon="7.250275">
        <ele>2677.0</ele>
        <time>2026-08-01T07:01:06Z</time>
      </trkpt>
      <trkpt lat="44.157392" lon="7.250273">
        <ele>2676.4</ele>
        <time>2026-08-01T07:01:13Z</time>
      </trkpt>
      <trkpt lat="44.157393" lon="7.250271">
        <ele>2676.4</ele>
        <time>2026-08-01T07:01:14Z</time>
      </trkpt>
      <trkpt lat="44.157387" lon="7.25025">
        <ele>2676.2</ele>
        <time>2026-08-01T07:01:17Z</time>
      </trkpt>
      <trkpt lat="44.157385" lon="7.250242">
        <ele>2676.0</ele>
        <time>2026-08-01T07:01:19Z</time>
      </trkpt>
      <trkpt lat="44.157378" lon="7.250231">
        <ele>2675.6</ele>
        <time>2026-08-01T07:01:23Z</time>
      </trkpt>
      <trkpt lat="44.157382" lon="7.250249">
        <ele>2675.4</ele>
        <time>2026-08-01T07:01:26Z</time>
      </trkpt>
      <trkpt lat="44.157417" lon="7.250239">
        <ele>2675.2</ele>
        <time>2026-08-01T07:01:33Z</time>
      </trkpt>
      <trkpt lat="44.157443" lon="7.250229">
        <ele>2674.8</ele>
        <time>2026-08-01T07:01:40Z</time>
      </trkpt>
      <trkpt lat="44.157444" lon="7.250211">
        <ele>2674.6</ele>
        <time>2026-08-01T07:01:46Z</time>
      </trkpt>
      <trkpt lat="44.157443" lon="7.250209">
        <ele>2674.6</ele>
        <time>2026-08-01T07:01:49Z</time>
      </trkpt>
      <trkpt lat="44.157429" lon="7.25021">
        <ele>2674.4</ele>
        <time>2026-08-01T07:01:58Z</time>
      </trkpt>
      <trkpt lat="44.157439" lon="7.250199">
        <ele>2674.0</ele>
        <time>2026-08-01T07:02:01Z</time>
      </trkpt>
      <trkpt lat="44.157464" lon="7.25019">
        <ele>2674.0</ele>
        <time>2026-08-01T07:02:10Z</time>
      </trkpt>
      <trkpt lat="44.157465" lon="7.2502">
        <ele>2673.4</ele>
        <time>2026-08-01T07:02:19Z</time>
      </trkpt>
      <trkpt lat="44.157458" lon="7.250191">
        <ele>2673.6</ele>
        <time>2026-08-01T07:02:31Z</time>
      </trkpt>
      <trkpt lat="44.157455" lon="7.250177">
        <ele>2673.4</ele>
        <time>2026-08-01T07:02:34Z</time>
      </trkpt>
      <trkpt lat="44.157465" lon="7.250168">
        <ele>2673.0</ele>
        <time>2026-08-01T07:02:41Z</time>
      </trkpt>
      <trkpt lat="44.157467" lon="7.250187">
        <ele>2673.2</ele>
        <time>2026-08-01T07:02:51Z</time>
      </trkpt>
      <trkpt lat="44.15746" lon="7.250177">
        <ele>2673.2</ele>
        <time>2026-08-01T07:02:54Z</time>
      </trkpt>
      <trkpt lat="44.157459" lon="7.250175">
        <ele>2673.2</ele>
        <time>2026-08-01T07:02:55Z</time>
      </trkpt>
      <trkpt lat="44.157459" lon="7.250166">
        <ele>2673.4</ele>
        <time>2026-08-01T07:03:00Z</time>
      </trkpt>
      <trkpt lat="44.157458" lon="7.250147">
        <ele>2673.2</ele>
        <time>2026-08-01T07:03:03Z</time>
      </trkpt>
      <trkpt lat="44.157451" lon="7.250161">
        <ele>2672.6</ele>
        <time>2026-08-01T07:03:10Z</time>
      </trkpt>
      <trkpt lat="44.157464" lon="7.250194">
        <ele>2672.4</ele>
        <time>2026-08-01T07:03:18Z</time>
      </trkpt>
      <trkpt lat="44.157468" lon="7.250174">
        <ele>2672.0</ele>
        <time>2026-08-01T07:03:22Z</time>
      </trkpt>
      <trkpt lat="44.15749" lon="7.250165">
        <ele>2672.0</ele>
        <time>2026-08-01T07:03:29Z</time>
      </trkpt>
      <trkpt lat="44.157505" lon="7.25017">
        <ele>2671.8</ele>
        <time>2026-08-01T07:03:33Z</time>
      </trkpt>
      <trkpt lat="44.157506" lon="7.250178">
        <ele>2671.6</ele>
        <time>2026-08-01T07:03:43Z</time>
      </trkpt>
      <trkpt lat="44.157511" lon="7.250174">
        <ele>2671.2</ele>
        <time>2026-08-01T07:03:46Z</time>
      </trkpt>
      <trkpt lat="44.157507" lon="7.250162">
        <ele>2670.4</ele>
        <time>2026-08-01T07:03:53Z</time>
      </trkpt>
      <trkpt lat="44.157516" lon="7.250179">
        <ele>2670.6</ele>
        <time>2026-08-01T07:04:03Z</time>
      </trkpt>
      <trkpt lat="44.157519" lon="7.250165">
        <ele>2670.2</ele>
        <time>2026-08-01T07:04:10Z</time>
      </trkpt>
      <trkpt lat="44.157529" lon="7.250169">
        <ele>2670.0</ele>
        <time>2026-08-01T07:04:13Z</time>
      </trkpt>
      <trkpt lat="44.157535" lon="7.250161">
        <ele>2669.4</ele>
        <time>2026-08-01T07:04:23Z</time>
      </trkpt>
      <trkpt lat="44.157538" lon="7.250147">
        <ele>2669.6</ele>
        <time>2026-08-01T07:04:32Z</time>
      </trkpt>
      <trkpt lat="44.157522" lon="7.250132">
        <ele>2669.6</ele>
        <time>2026-08-01T07:04:40Z</time>
      </trkpt>
      <trkpt lat="44.15751" lon="7.250109">
        <ele>2669.4</ele>
        <time>2026-08-01T07:04:48Z</time>
      </trkpt>
      <trkpt lat="44.157512" lon="7.250119">
        <ele>2669.6</ele>
        <time>2026-08-01T07:04:56Z</time>
      </trkpt>
      <trkpt lat="44.157504" lon="7.250111">
        <ele>2669.8</ele>
        <time>2026-08-01T07:05:00Z</time>
      </trkpt>
      <trkpt lat="44.157502" lon="7.250107">
        <ele>2669.8</ele>
        <time>2026-08-01T07:05:05Z</time>
      </trkpt>
      <trkpt lat="44.157489" lon="7.250079">
        <ele>2670.6</ele>
        <time>2026-08-01T07:05:13Z</time>
      </trkpt>
      <trkpt lat="44.157527" lon="7.250087">
        <ele>2670.8</ele>
        <time>2026-08-01T07:05:22Z</time>
      </trkpt>
      <trkpt lat="44.157525" lon="7.250103">
        <ele>2670.4</ele>
        <time>2026-08-01T07:05:31Z</time>
      </trkpt>
      <trkpt lat="44.157504" lon="7.25004">
        <ele>2670.2</ele>
        <time>2026-08-01T07:05:39Z</time>
      </trkpt>
      <trkpt lat="44.157514" lon="7.25006">
        <ele>2670.0</ele>
        <time>2026-08-01T07:05:50Z</time>
      </trkpt>
      <trkpt lat="44.157521" lon="7.250052">
        <ele>2669.4</ele>
        <time>2026-08-01T07:06:02Z</time>
      </trkpt>
      <trkpt lat="44.157536" lon="7.25004">
        <ele>2669.4</ele>
        <time>2026-08-01T07:06:10Z</time>
      </trkpt>
      <trkpt lat="44.157523" lon="7.249992">
        <ele>2669.6</ele>
        <time>2026-08-01T07:06:20Z</time>
      </trkpt>
      <trkpt lat="44.157547" lon="7.249966">
        <ele>2670.2</ele>
        <time>2026-08-01T07:06:27Z</time>
      </trkpt>
      <trkpt lat="44.157553" lon="7.249955">
        <ele>2670.2</ele>
        <time>2026-08-01T07:06:36Z</time>
      </trkpt>
      <trkpt lat="44.157527" lon="7.249952">
        <ele>2669.6</ele>
        <time>2026-08-01T07:06:48Z</time>
      </trkpt>
      <trkpt lat="44.157552" lon="7.249949">
        <ele>2669.2</ele>
        <time>2026-08-01T07:06:53Z</time>
      </trkpt>
      <trkpt lat="44.157572" lon="7.249957">
        <ele>2669.0</ele>
        <time>2026-08-01T07:06:56Z</time>
      </trkpt>
      <trkpt lat="44.157577" lon="7.249959">
        <ele>2668.6</ele>
        <time>2026-08-01T07:07:06Z</time>
      </trkpt>
      <trkpt lat="44.157587" lon="7.249935">
        <ele>2668.0</ele>
        <time>2026-08-01T07:07:13Z</time>
      </trkpt>
      <trkpt lat="44.157592" lon="7.249928">
        <ele>2668.0</ele>
        <time>2026-08-01T07:07:15Z</time>
      </trkpt>
      <trkpt lat="44.157605" lon="7.249924">
        <ele>2668.2</ele>
        <time>2026-08-01T07:07:24Z</time>
      </trkpt>
      <trkpt lat="44.157604" lon="7.249917">
        <ele>2668.2</ele>
        <time>2026-08-01T07:07:28Z</time>
      </trkpt>
      <trkpt lat="44.157594" lon="7.249908">
        <ele>2668.6</ele>
        <time>2026-08-01T07:07:31Z</time>
      </trkpt>
      <trkpt lat="44.157595" lon="7.249898">
        <ele>2669.2</ele>
        <time>2026-08-01T07:07:34Z</time>
      </trkpt>
      <trkpt lat="44.157609" lon="7.249883">
        <ele>2669.6</ele>
        <time>2026-08-01T07:07:40Z</time>
      </trkpt>
      <trkpt lat="44.157616" lon="7.249886">
        <ele>2669.6</ele>
        <time>2026-08-01T07:07:41Z</time>
      </trkpt>
      <trkpt lat="44.157621" lon="7.249882">
        <ele>2669.4</ele>
        <time>2026-08-01T07:07:48Z</time>
      </trkpt>
      <trkpt lat="44.157601" lon="7.249876">
        <ele>2668.8</ele>
        <time>2026-08-01T07:07:57Z</time>
      </trkpt>
      <trkpt lat="44.157596" lon="7.249861">
        <ele>2668.6</ele>
        <time>2026-08-01T07:08:05Z</time>
      </trkpt>
      <trkpt lat="44.157597" lon="7.249857">
        <ele>2668.2</ele>
        <time>2026-08-01T07:08:09Z</time>
      </trkpt>
      <trkpt lat="44.157619" lon="7.249829">
        <ele>2668.2</ele>
        <time>2026-08-01T07:08:13Z</time>
      </trkpt>
      <trkpt lat="44.157625" lon="7.249828">
        <ele>2668.4</ele>
        <time>2026-08-01T07:08:17Z</time>
      </trkpt>
      <trkpt lat="44.15759" lon="7.249816">
        <ele>2668.6</ele>
        <time>2026-08-01T07:08:24Z</time>
      </trkpt>
      <trkpt lat="44.157597" lon="7.249815">
        <ele>2668.2</ele>
        <time>2026-08-01T07:08:30Z</time>
      </trkpt>
      <trkpt lat="44.157595" lon="7.249819">
        <ele>2668.0</ele>
        <time>2026-08-01T07:08:32Z</time>
      </trkpt>
      <trkpt lat="44.157618" lon="7.249796">
        <ele>2667.8</ele>
        <time>2026-08-01T07:08:40Z</time>
      </trkpt>
      <trkpt lat="44.157644" lon="7.249774">
        <ele>2668.6</ele>
        <time>2026-08-01T07:08:46Z</time>
      </trkpt>
      <trkpt lat="44.157659" lon="7.249762">
        <ele>2669.0</ele>
        <time>2026-08-01T07:08:50Z</time>
      </trkpt>
      <trkpt lat="44.157663" lon="7.249756">
        <ele>2669.2</ele>
        <time>2026-08-01T07:08:53Z</time>
      </trkpt>
      <trkpt lat="44.157662" lon="7.249743">
        <ele>2669.0</ele>
        <time>2026-08-01T07:08:56Z</time>
      </trkpt>
      <trkpt lat="44.157677" lon="7.249699">
        <ele>2668.6</ele>
        <time>2026-08-01T07:09:05Z</time>
      </trkpt>
      <trkpt lat="44.157702" lon="7.24962">
        <ele>2668.8</ele>
        <time>2026-08-01T07:09:13Z</time>
      </trkpt>
      <trkpt lat="44.15774" lon="7.249555">
        <ele>2668.8</ele>
        <time>2026-08-01T07:09:22Z</time>
      </trkpt>
      <trkpt lat="44.157782" lon="7.249491">
        <ele>2668.0</ele>
        <time>2026-08-01T07:09:30Z</time>
      </trkpt>
      <trkpt lat="44.157784" lon="7.249487">
        <ele>2668.0</ele>
        <time>2026-08-01T07:09:31Z</time>
      </trkpt>
      <trkpt lat="44.157819" lon="7.249398">
        <ele>2667.8</ele>
        <time>2026-08-01T07:09:40Z</time>
      </trkpt>
      <trkpt lat="44.157851" lon="7.249366">
        <ele>2667.4</ele>
        <time>2026-08-01T07:09:46Z</time>
      </trkpt>
      <trkpt lat="44.157893" lon="7.249337">
        <ele>2667.6</ele>
        <time>2026-08-01T07:09:53Z</time>
      </trkpt>
      <trkpt lat="44.157906" lon="7.249314">
        <ele>2667.4</ele>
        <time>2026-08-01T07:10:02Z</time>
      </trkpt>
      <trkpt lat="44.157941" lon="7.249272">
        <ele>2667.8</ele>
        <time>2026-08-01T07:10:10Z</time>
      </trkpt>
      <trkpt lat="44.157954" lon="7.249222">
        <ele>2668.6</ele>
        <time>2026-08-01T07:10:19Z</time>
      </trkpt>
      <trkpt lat="44.157957" lon="7.249205">
        <ele>2669.2</ele>
        <time>2026-08-01T07:10:22Z</time>
      </trkpt>
      <trkpt lat="44.157971" lon="7.249196">
        <ele>2670.2</ele>
        <time>2026-08-01T07:10:27Z</time>
      </trkpt>
      <trkpt lat="44.157974" lon="7.249193">
        <ele>2670.4</ele>
        <time>2026-08-01T07:10:28Z</time>
      </trkpt>
      <trkpt lat="44.157984" lon="7.249173">
        <ele>2671.2</ele>
        <time>2026-08-01T07:10:31Z</time>
      </trkpt>
      <trkpt lat="44.157987" lon="7.249165">
        <ele>2671.4</ele>
        <time>2026-08-01T07:10:32Z</time>
      </trkpt>
      <trkpt lat="44.15799" lon="7.24914">
        <ele>2672.2</ele>
        <time>2026-08-01T07:10:35Z</time>
      </trkpt>
      <trkpt lat="44.157989" lon="7.249133">
        <ele>2672.6</ele>
        <time>2026-08-01T07:10:37Z</time>
      </trkpt>
      <trkpt lat="44.157987" lon="7.249134">
        <ele>2672.8</ele>
        <time>2026-08-01T07:10:40Z</time>
      </trkpt>
      <trkpt lat="44.157994" lon="7.249149">
        <ele>2673.0</ele>
        <time>2026-08-01T07:10:44Z</time>
      </trkpt>
      <trkpt lat="44.15798" lon="7.249156">
        <ele>2672.8</ele>
        <time>2026-08-01T07:10:55Z</time>
      </trkpt>
      <trkpt lat="44.157985" lon="7.249144">
        <ele>2672.8</ele>
        <time>2026-08-01T07:11:00Z</time>
      </trkpt>
      <trkpt lat="44.157991" lon="7.249146">
        <ele>2673.2</ele>
        <time>2026-08-01T07:11:04Z</time>
      </trkpt>
      <trkpt lat="44.158001" lon="7.249153">
        <ele>2673.6</ele>
        <time>2026-08-01T07:11:15Z</time>
      </trkpt>
      <trkpt lat="44.158002" lon="7.249154">
        <ele>2673.6</ele>
        <time>2026-08-01T07:11:17Z</time>
      </trkpt>
      <trkpt lat="44.158016" lon="7.249131">
        <ele>2674.4</ele>
        <time>2026-08-01T07:11:25Z</time>
      </trkpt>
      <trkpt lat="44.158016" lon="7.249128">
        <ele>2674.6</ele>
        <time>2026-08-01T07:11:27Z</time>
      </trkpt>
      <trkpt lat="44.158018" lon="7.249124">
        <ele>2675.0</ele>
        <time>2026-08-01T07:11:30Z</time>
      </trkpt>
      <trkpt lat="44.158006" lon="7.249125">
        <ele>2675.2</ele>
        <time>2026-08-01T07:11:34Z</time>
      </trkpt>
      <trkpt lat="44.157986" lon="7.249133">
        <ele>2674.8</ele>
        <time>2026-08-01T07:11:43Z</time>
      </trkpt>
      <trkpt lat="44.157984" lon="7.249135">
        <ele>2674.6</ele>
        <time>2026-08-01T07:11:44Z</time>
      </trkpt>
      <trkpt lat="44.157989" lon="7.249122">
        <ele>2674.2</ele>
        <time>2026-08-01T07:11:54Z</time>
      </trkpt>
      <trkpt lat="44.158019" lon="7.249131">
        <ele>2674.2</ele>
        <time>2026-08-01T07:12:01Z</time>
      </trkpt>
      <trkpt lat="44.158015" lon="7.249134">
        <ele>2673.6</ele>
        <time>2026-08-01T07:12:06Z</time>
      </trkpt>
      <trkpt lat="44.158017" lon="7.249132">
        <ele>2673.0</ele>
        <time>2026-08-01T07:12:11Z</time>
      </trkpt>
      <trkpt lat="44.158019" lon="7.249122">
        <ele>2672.4</ele>
        <time>2026-08-01T07:12:14Z</time>
      </trkpt>
      <trkpt lat="44.158022" lon="7.249104">
        <ele>2671.4</ele>
        <time>2026-08-01T07:12:21Z</time>
      </trkpt>
      <trkpt lat="44.158026" lon="7.249083">
        <ele>2670.2</ele>
        <time>2026-08-01T07:12:27Z</time>
      </trkpt>
      <trkpt lat="44.158031" lon="7.249077">
        <ele>2670.0</ele>
        <time>2026-08-01T07:12:28Z</time>
      </trkpt>
      <trkpt lat="44.158039" lon="7.24906">
        <ele>2669.2</ele>
        <time>2026-08-01T07:12:34Z</time>
      </trkpt>
      <trkpt lat="44.158039" lon="7.249058">
        <ele>2669.0</ele>
        <time>2026-08-01T07:12:35Z</time>
      </trkpt>
      <trkpt lat="44.158045" lon="7.24905">
        <ele>2668.0</ele>
        <time>2026-08-01T07:12:41Z</time>
      </trkpt>
      <trkpt lat="44.158046" lon="7.24905">
        <ele>2667.8</ele>
        <time>2026-08-01T07:12:43Z</time>
      </trkpt>
      <trkpt lat="44.158054" lon="7.249043">
        <ele>2666.8</ele>
        <time>2026-08-01T07:12:47Z</time>
      </trkpt>
      <trkpt lat="44.15806" lon="7.249019">
        <ele>2666.0</ele>
        <time>2026-08-01T07:12:53Z</time>
      </trkpt>
      <trkpt lat="44.15806" lon="7.249013">
        <ele>2665.8</ele>
        <time>2026-08-01T07:12:54Z</time>
      </trkpt>
      <trkpt lat="44.158068" lon="7.248989">
        <ele>2664.8</ele>
        <time>2026-08-01T07:13:02Z</time>
      </trkpt>
      <trkpt lat="44.158069" lon="7.248986">
        <ele>2664.6</ele>
        <time>2026-08-01T07:13:03Z</time>
      </trkpt>
      <trkpt lat="44.158081" lon="7.248962">
        <ele>2663.6</ele>
        <time>2026-08-01T07:13:09Z</time>
      </trkpt>
      <trkpt lat="44.158089" lon="7.248942">
        <ele>2663.0</ele>
        <time>2026-08-01T07:13:12Z</time>
      </trkpt>
      <trkpt lat="44.15809" lon="7.248941">
        <ele>2662.6</ele>
        <time>2026-08-01T07:13:14Z</time>
      </trkpt>
      <trkpt lat="44.158097" lon="7.248922">
        <ele>2661.6</ele>
        <time>2026-08-01T07:13:19Z</time>
      </trkpt>
      <trkpt lat="44.158101" lon="7.248915">
        <ele>2661.4</ele>
        <time>2026-08-01T07:13:20Z</time>
      </trkpt>
      <trkpt lat="44.158105" lon="7.248904">
        <ele>2661.2</ele>
        <time>2026-08-01T07:13:21Z</time>
      </trkpt>
      <trkpt lat="44.158119" lon="7.24886">
        <ele>2660.4</ele>
        <time>2026-08-01T07:13:26Z</time>
      </trkpt>
      <trkpt lat="44.158138" lon="7.248835">
        <ele>2659.8</ele>
        <time>2026-08-01T07:13:30Z</time>
      </trkpt>
      <trkpt lat="44.158155" lon="7.248802">
        <ele>2660.2</ele>
        <time>2026-08-01T07:13:39Z</time>
      </trkpt>
      <trkpt lat="44.158141" lon="7.248721">
        <ele>2660.0</ele>
        <time>2026-08-01T07:13:46Z</time>
      </trkpt>
      <trkpt lat="44.158133" lon="7.248686">
        <ele>2659.4</ele>
        <time>2026-08-01T07:13:52Z</time>
      </trkpt>
      <trkpt lat="44.158143" lon="7.248677">
        <ele>2659.0</ele>
        <time>2026-08-01T07:13:54Z</time>
      </trkpt>
      <trkpt lat="44.158151" lon="7.248645">
        <ele>2658.4</ele>
        <time>2026-08-01T07:13:59Z</time>
      </trkpt>
      <trkpt lat="44.158154" lon="7.248639">
        <ele>2658.2</ele>
        <time>2026-08-01T07:14:00Z</time>
      </trkpt>
      <trkpt lat="44.158174" lon="7.248601">
        <ele>2657.0</ele>
        <time>2026-08-01T07:14:07Z</time>
      </trkpt>
      <trkpt lat="44.15818" lon="7.248586">
        <ele>2656.8</ele>
        <time>2026-08-01T07:14:09Z</time>
      </trkpt>
      <trkpt lat="44.158201" lon="7.248511">
        <ele>2656.0</ele>
        <time>2026-08-01T07:14:16Z</time>
      </trkpt>
      <trkpt lat="44.158214" lon="7.248474">
        <ele>2655.8</ele>
        <time>2026-08-01T07:14:19Z</time>
      </trkpt>
      <trkpt lat="44.158236" lon="7.248427">
        <ele>2655.8</ele>
        <time>2026-08-01T07:14:27Z</time>
      </trkpt>
      <trkpt lat="44.158244" lon="7.248424">
        <ele>2655.0</ele>
        <time>2026-08-01T07:14:35Z</time>
      </trkpt>
      <trkpt lat="44.158249" lon="7.248421">
        <ele>2655.0</ele>
        <time>2026-08-01T07:14:37Z</time>
      </trkpt>
      <trkpt lat="44.158253" lon="7.248404">
        <ele>2654.8</ele>
        <time>2026-08-01T07:14:43Z</time>
      </trkpt>
      <trkpt lat="44.158259" lon="7.248396">
        <ele>2653.8</ele>
        <time>2026-08-01T07:14:49Z</time>
      </trkpt>
      <trkpt lat="44.158261" lon="7.248391">
        <ele>2653.4</ele>
        <time>2026-08-01T07:14:51Z</time>
      </trkpt>
      <trkpt lat="44.158285" lon="7.248378">
        <ele>2652.8</ele>
        <time>2026-08-01T07:14:56Z</time>
      </trkpt>
      <trkpt lat="44.158303" lon="7.248369">
        <ele>2652.6</ele>
        <time>2026-08-01T07:14:58Z</time>
      </trkpt>
      <trkpt lat="44.15834" lon="7.248348">
        <ele>2651.8</ele>
        <time>2026-08-01T07:15:03Z</time>
      </trkpt>
      <trkpt lat="44.158354" lon="7.248324">
        <ele>2650.8</ele>
        <time>2026-08-01T07:15:08Z</time>
      </trkpt>
      <trkpt lat="44.158369" lon="7.248293">
        <ele>2649.6</ele>
        <time>2026-08-01T07:15:13Z</time>
      </trkpt>
      <trkpt lat="44.158382" lon="7.248267">
        <ele>2649.4</ele>
        <time>2026-08-01T07:15:16Z</time>
      </trkpt>
      <trkpt lat="44.158442" lon="7.248206">
        <ele>2649.4</ele>
        <time>2026-08-01T07:15:24Z</time>
      </trkpt>
      <trkpt lat="44.158475" lon="7.24813">
        <ele>2648.8</ele>
        <time>2026-08-01T07:15:33Z</time>
      </trkpt>
      <trkpt lat="44.158477" lon="7.248127">
        <ele>2648.6</ele>
        <time>2026-08-01T07:15:35Z</time>
      </trkpt>
      <trkpt lat="44.158491" lon="7.248107">
        <ele>2647.8</ele>
        <time>2026-08-01T07:15:42Z</time>
      </trkpt>
      <trkpt lat="44.158495" lon="7.248101">
        <ele>2647.6</ele>
        <time>2026-08-01T07:15:44Z</time>
      </trkpt>
      <trkpt lat="44.158505" lon="7.248105">
        <ele>2646.4</ele>
        <time>2026-08-01T07:15:51Z</time>
      </trkpt>
      <trkpt lat="44.158503" lon="7.248104">
        <ele>2646.2</ele>
        <time>2026-08-01T07:15:52Z</time>
      </trkpt>
      <trkpt lat="44.158513" lon="7.248072">
        <ele>2645.4</ele>
        <time>2026-08-01T07:16:05Z</time>
      </trkpt>
      <trkpt lat="44.158508" lon="7.24806">
        <ele>2645.4</ele>
        <time>2026-08-01T07:16:08Z</time>
      </trkpt>
      <trkpt lat="44.158502" lon="7.248039">
        <ele>2645.0</ele>
        <time>2026-08-01T07:16:13Z</time>
      </trkpt>
      <trkpt lat="44.158507" lon="7.248047">
        <ele>2644.4</ele>
        <time>2026-08-01T07:16:17Z</time>
      </trkpt>
      <trkpt lat="44.158524" lon="7.248049">
        <ele>2643.6</ele>
        <time>2026-08-01T07:16:21Z</time>
      </trkpt>
      <trkpt lat="44.158532" lon="7.248048">
        <ele>2643.2</ele>
        <time>2026-08-01T07:16:23Z</time>
      </trkpt>
      <trkpt lat="44.158542" lon="7.248034">
        <ele>2642.6</ele>
        <time>2026-08-01T07:16:27Z</time>
      </trkpt>
      <trkpt lat="44.158535" lon="7.248029">
        <ele>2642.4</ele>
        <time>2026-08-01T07:16:29Z</time>
      </trkpt>
      <trkpt lat="44.15853" lon="7.248031">
        <ele>2642.2</ele>
        <time>2026-08-01T07:16:34Z</time>
      </trkpt>
      <trkpt lat="44.158528" lon="7.248029">
        <ele>2642.0</ele>
        <time>2026-08-01T07:16:37Z</time>
      </trkpt>
      <trkpt lat="44.158534" lon="7.248025">
        <ele>2641.8</ele>
        <time>2026-08-01T07:16:44Z</time>
      </trkpt>
      <trkpt lat="44.158546" lon="7.248027">
        <ele>2641.6</ele>
        <time>2026-08-01T07:16:47Z</time>
      </trkpt>
      <trkpt lat="44.158554" lon="7.248017">
        <ele>2641.2</ele>
        <time>2026-08-01T07:16:50Z</time>
      </trkpt>
      <trkpt lat="44.158544" lon="7.248002">
        <ele>2640.0</ele>
        <time>2026-08-01T07:16:55Z</time>
      </trkpt>
      <trkpt lat="44.158543" lon="7.248001">
        <ele>2640.0</ele>
        <time>2026-08-01T07:16:56Z</time>
      </trkpt>
      <trkpt lat="44.158563" lon="7.248015">
        <ele>2639.0</ele>
        <time>2026-08-01T07:17:02Z</time>
      </trkpt>
      <trkpt lat="44.158573" lon="7.248019">
        <ele>2638.6</ele>
        <time>2026-08-01T07:17:04Z</time>
      </trkpt>
      <trkpt lat="44.158591" lon="7.248016">
        <ele>2638.0</ele>
        <time>2026-08-01T07:17:08Z</time>
      </trkpt>
      <trkpt lat="44.158608" lon="7.248018">
        <ele>2637.2</ele>
        <time>2026-08-01T07:17:11Z</time>
      </trkpt>
      <trkpt lat="44.158614" lon="7.248018">
        <ele>2636.8</ele>
        <time>2026-08-01T07:17:12Z</time>
      </trkpt>
      <trkpt lat="44.158633" lon="7.248022">
        <ele>2635.8</ele>
        <time>2026-08-01T07:17:18Z</time>
      </trkpt>
      <trkpt lat="44.158657" lon="7.248026">
        <ele>2635.6</ele>
        <time>2026-08-01T07:17:21Z</time>
      </trkpt>
      <trkpt lat="44.158697" lon="7.248026">
        <ele>2634.8</ele>
        <time>2026-08-01T07:17:30Z</time>
      </trkpt>
      <trkpt lat="44.158735" lon="7.248042">
        <ele>2633.8</ele>
        <time>2026-08-01T07:17:37Z</time>
      </trkpt>
      <trkpt lat="44.158738" lon="7.248043">
        <ele>2633.8</ele>
        <time>2026-08-01T07:17:38Z</time>
      </trkpt>
      <trkpt lat="44.158769" lon="7.248056">
        <ele>2633.0</ele>
        <time>2026-08-01T07:17:45Z</time>
      </trkpt>
      <trkpt lat="44.158776" lon="7.248055">
        <ele>2632.6</ele>
        <time>2026-08-01T07:17:48Z</time>
      </trkpt>
      <trkpt lat="44.158795" lon="7.248055">
        <ele>2632.2</ele>
        <time>2026-08-01T07:17:54Z</time>
      </trkpt>
      <trkpt lat="44.158808" lon="7.248045">
        <ele>2631.6</ele>
        <time>2026-08-01T07:17:58Z</time>
      </trkpt>
      <trkpt lat="44.158808" lon="7.248041">
        <ele>2631.2</ele>
        <time>2026-08-01T07:18:00Z</time>
      </trkpt>
      <trkpt lat="44.158823" lon="7.248045">
        <ele>2630.6</ele>
        <time>2026-08-01T07:18:04Z</time>
      </trkpt>
      <trkpt lat="44.158839" lon="7.248039">
        <ele>2630.2</ele>
        <time>2026-08-01T07:18:06Z</time>
      </trkpt>
      <trkpt lat="44.158865" lon="7.248044">
        <ele>2629.4</ele>
        <time>2026-08-01T07:18:10Z</time>
      </trkpt>
      <trkpt lat="44.158879" lon="7.248045">
        <ele>2629.2</ele>
        <time>2026-08-01T07:18:12Z</time>
      </trkpt>
      <trkpt lat="44.158899" lon="7.248041">
        <ele>2628.4</ele>
        <time>2026-08-01T07:18:16Z</time>
      </trkpt>
      <trkpt lat="44.158923" lon="7.248053">
        <ele>2628.0</ele>
        <time>2026-08-01T07:18:19Z</time>
      </trkpt>
      <trkpt lat="44.158963" lon="7.24807">
        <ele>2628.0</ele>
        <time>2026-08-01T07:18:25Z</time>
      </trkpt>
      <trkpt lat="44.159004" lon="7.248074">
        <ele>2628.0</ele>
        <time>2026-08-01T07:18:34Z</time>
      </trkpt>
      <trkpt lat="44.159034" lon="7.248098">
        <ele>2627.6</ele>
        <time>2026-08-01T07:18:42Z</time>
      </trkpt>
      <trkpt lat="44.159062" lon="7.248105">
        <ele>2627.8</ele>
        <time>2026-08-01T07:18:49Z</time>
      </trkpt>
      <trkpt lat="44.159094" lon="7.248115">
        <ele>2627.6</ele>
        <time>2026-08-01T07:18:54Z</time>
      </trkpt>
      <trkpt lat="44.159102" lon="7.248117">
        <ele>2627.6</ele>
        <time>2026-08-01T07:18:55Z</time>
      </trkpt>
      <trkpt lat="44.159131" lon="7.248118">
        <ele>2627.4</ele>
        <time>2026-08-01T07:18:58Z</time>
      </trkpt>
      <trkpt lat="44.159182" lon="7.248134">
        <ele>2627.2</ele>
        <time>2026-08-01T07:19:03Z</time>
      </trkpt>
      <trkpt lat="44.159213" lon="7.248148">
        <ele>2627.6</ele>
        <time>2026-08-01T07:19:06Z</time>
      </trkpt>
      <trkpt lat="44.159225" lon="7.248164">
        <ele>2628.2</ele>
        <time>2026-08-01T07:19:11Z</time>
      </trkpt>
      <trkpt lat="44.159258" lon="7.248159">
        <ele>2627.8</ele>
        <time>2026-08-01T07:19:18Z</time>
      </trkpt>
      <trkpt lat="44.159266" lon="7.248156">
        <ele>2627.6</ele>
        <time>2026-08-01T07:19:19Z</time>
      </trkpt>
      <trkpt lat="44.159334" lon="7.248146">
        <ele>2626.4</ele>
        <time>2026-08-01T07:19:28Z</time>
      </trkpt>
      <trkpt lat="44.159341" lon="7.248147">
        <ele>2626.2</ele>
        <time>2026-08-01T07:19:29Z</time>
      </trkpt>
      <trkpt lat="44.159366" lon="7.248154">
        <ele>2625.2</ele>
        <time>2026-08-01T07:19:33Z</time>
      </trkpt>
      <trkpt lat="44.159398" lon="7.248157">
        <ele>2624.2</ele>
        <time>2026-08-01T07:19:38Z</time>
      </trkpt>
      <trkpt lat="44.159404" lon="7.248157">
        <ele>2624.0</ele>
        <time>2026-08-01T07:19:39Z</time>
      </trkpt>
      <trkpt lat="44.159451" lon="7.248158">
        <ele>2623.2</ele>
        <time>2026-08-01T07:19:45Z</time>
      </trkpt>
      <trkpt lat="44.159471" lon="7.248148">
        <ele>2622.8</ele>
        <time>2026-08-01T07:19:48Z</time>
      </trkpt>
      <trkpt lat="44.159507" lon="7.248159">
        <ele>2622.4</ele>
        <time>2026-08-01T07:19:53Z</time>
      </trkpt>
      <trkpt lat="44.159547" lon="7.248161">
        <ele>2622.0</ele>
        <time>2026-08-01T07:19:58Z</time>
      </trkpt>
      <trkpt lat="44.159559" lon="7.24816">
        <ele>2621.8</ele>
        <time>2026-08-01T07:19:59Z</time>
      </trkpt>
      <trkpt lat="44.15957" lon="7.248161">
        <ele>2621.6</ele>
        <time>2026-08-01T07:20:00Z</time>
      </trkpt>
      <trkpt lat="44.159615" lon="7.248155">
        <ele>2620.8</ele>
        <time>2026-08-01T07:20:06Z</time>
      </trkpt>
      <trkpt lat="44.159628" lon="7.248152">
        <ele>2620.2</ele>
        <time>2026-08-01T07:20:08Z</time>
      </trkpt>
      <trkpt lat="44.159635" lon="7.248141">
        <ele>2619.4</ele>
        <time>2026-08-01T07:20:10Z</time>
      </trkpt>
      <trkpt lat="44.159661" lon="7.248144">
        <ele>2618.4</ele>
        <time>2026-08-01T07:20:13Z</time>
      </trkpt>
      <trkpt lat="44.159681" lon="7.248141">
        <ele>2618.0</ele>
        <time>2026-08-01T07:20:15Z</time>
      </trkpt>
      <trkpt lat="44.159704" lon="7.248132">
        <ele>2617.4</ele>
        <time>2026-08-01T07:20:17Z</time>
      </trkpt>
      <trkpt lat="44.159753" lon="7.248111">
        <ele>2616.2</ele>
        <time>2026-08-01T07:20:21Z</time>
      </trkpt>
      <trkpt lat="44.159787" lon="7.248101">
        <ele>2615.8</ele>
        <time>2026-08-01T07:20:24Z</time>
      </trkpt>
      <trkpt lat="44.159822" lon="7.248081">
        <ele>2615.2</ele>
        <time>2026-08-01T07:20:29Z</time>
      </trkpt>
      <trkpt lat="44.159842" lon="7.248061">
        <ele>2614.6</ele>
        <time>2026-08-01T07:20:32Z</time>
      </trkpt>
      <trkpt lat="44.159845" lon="7.248045">
        <ele>2614.0</ele>
        <time>2026-08-01T07:20:38Z</time>
      </trkpt>
      <trkpt lat="44.159846" lon="7.248044">
        <ele>2614.0</ele>
        <time>2026-08-01T07:20:39Z</time>
      </trkpt>
      <trkpt lat="44.159847" lon="7.24804">
        <ele>2614.0</ele>
        <time>2026-08-01T07:20:48Z</time>
      </trkpt>
      <trkpt lat="44.159858" lon="7.248047">
        <ele>2613.4</ele>
        <time>2026-08-01T07:20:58Z</time>
      </trkpt>
      <trkpt lat="44.159862" lon="7.248044">
        <ele>2613.0</ele>
        <time>2026-08-01T07:21:02Z</time>
      </trkpt>
      <trkpt lat="44.159893" lon="7.248028">
        <ele>2612.4</ele>
        <time>2026-08-01T07:21:06Z</time>
      </trkpt>
      <trkpt lat="44.159939" lon="7.248024">
        <ele>2612.0</ele>
        <time>2026-08-01T07:21:13Z</time>
      </trkpt>
      <trkpt lat="44.159951" lon="7.248027">
        <ele>2612.0</ele>
        <time>2026-08-01T07:21:14Z</time>
      </trkpt>
      <trkpt lat="44.159986" lon="7.248016">
        <ele>2611.6</ele>
        <time>2026-08-01T07:21:19Z</time>
      </trkpt>
      <trkpt lat="44.16" lon="7.248006">
        <ele>2611.0</ele>
        <time>2026-08-01T07:21:22Z</time>
      </trkpt>
      <trkpt lat="44.160004" lon="7.248003">
        <ele>2610.8</ele>
        <time>2026-08-01T07:21:23Z</time>
      </trkpt>
      <trkpt lat="44.160005" lon="7.248001">
        <ele>2610.2</ele>
        <time>2026-08-01T07:21:26Z</time>
      </trkpt>
      <trkpt lat="44.160006" lon="7.248008">
        <ele>2609.8</ele>
        <time>2026-08-01T07:21:34Z</time>
      </trkpt>
      <trkpt lat="44.160011" lon="7.248005">
        <ele>2609.6</ele>
        <time>2026-08-01T07:21:36Z</time>
      </trkpt>
      <trkpt lat="44.160014" lon="7.248015">
        <ele>2609.2</ele>
        <time>2026-08-01T07:21:45Z</time>
      </trkpt>
      <trkpt lat="44.160015" lon="7.24803">
        <ele>2609.0</ele>
        <time>2026-08-01T07:21:54Z</time>
      </trkpt>
      <trkpt lat="44.16003" lon="7.24801">
        <ele>2609.0</ele>
        <time>2026-08-01T07:22:02Z</time>
      </trkpt>
      <trkpt lat="44.160041" lon="7.247994">
        <ele>2608.6</ele>
        <time>2026-08-01T07:22:05Z</time>
      </trkpt>
      <trkpt lat="44.160056" lon="7.24799">
        <ele>2607.8</ele>
        <time>2026-08-01T07:22:10Z</time>
      </trkpt>
      <trkpt lat="44.160055" lon="7.247994">
        <ele>2607.6</ele>
        <time>2026-08-01T07:22:11Z</time>
      </trkpt>
      <trkpt lat="44.160051" lon="7.248017">
        <ele>2607.4</ele>
        <time>2026-08-01T07:22:19Z</time>
      </trkpt>
      <trkpt lat="44.160082" lon="7.247979">
        <ele>2606.4</ele>
        <time>2026-08-01T07:22:29Z</time>
      </trkpt>
      <trkpt lat="44.160099" lon="7.247958">
        <ele>2605.4</ele>
        <time>2026-08-01T07:22:35Z</time>
      </trkpt>
      <trkpt lat="44.16011" lon="7.247949">
        <ele>2605.2</ele>
        <time>2026-08-01T07:22:37Z</time>
      </trkpt>
      <trkpt lat="44.160136" lon="7.247927">
        <ele>2604.2</ele>
        <time>2026-08-01T07:22:43Z</time>
      </trkpt>
      <trkpt lat="44.160159" lon="7.247914">
        <ele>2603.8</ele>
        <time>2026-08-01T07:22:47Z</time>
      </trkpt>
      <trkpt lat="44.160176" lon="7.247906">
        <ele>2603.2</ele>
        <time>2026-08-01T07:22:54Z</time>
      </trkpt>
      <trkpt lat="44.160178" lon="7.247906">
        <ele>2603.0</ele>
        <time>2026-08-01T07:22:55Z</time>
      </trkpt>
      <trkpt lat="44.160201" lon="7.247883">
        <ele>2602.4</ele>
        <time>2026-08-01T07:23:03Z</time>
      </trkpt>
      <trkpt lat="44.160206" lon="7.247881">
        <ele>2602.2</ele>
        <time>2026-08-01T07:23:05Z</time>
      </trkpt>
      <trkpt lat="44.160234" lon="7.247878">
        <ele>2601.0</ele>
        <time>2026-08-01T07:23:11Z</time>
      </trkpt>
      <trkpt lat="44.160261" lon="7.247866">
        <ele>2599.8</ele>
        <time>2026-08-01T07:23:17Z</time>
      </trkpt>
      <trkpt lat="44.160269" lon="7.247863">
        <ele>2599.6</ele>
        <time>2026-08-01T07:23:18Z</time>
      </trkpt>
      <trkpt lat="44.160299" lon="7.247852">
        <ele>2598.6</ele>
        <time>2026-08-01T07:23:24Z</time>
      </trkpt>
      <trkpt lat="44.160297" lon="7.247849">
        <ele>2598.4</ele>
        <time>2026-08-01T07:23:27Z</time>
      </trkpt>
      <trkpt lat="44.160316" lon="7.24784">
        <ele>2598.0</ele>
        <time>2026-08-01T07:23:36Z</time>
      </trkpt>
      <trkpt lat="44.160319" lon="7.247838">
        <ele>2597.4</ele>
        <time>2026-08-01T07:23:38Z</time>
      </trkpt>
      <trkpt lat="44.160335" lon="7.247839">
        <ele>2596.4</ele>
        <time>2026-08-01T07:23:42Z</time>
      </trkpt>
      <trkpt lat="44.160339" lon="7.247838">
        <ele>2596.2</ele>
        <time>2026-08-01T07:23:43Z</time>
      </trkpt>
      <trkpt lat="44.160366" lon="7.247845">
        <ele>2595.2</ele>
        <time>2026-08-01T07:23:47Z</time>
      </trkpt>
      <trkpt lat="44.160366" lon="7.247848">
        <ele>2594.6</ele>
        <time>2026-08-01T07:23:51Z</time>
      </trkpt>
      <trkpt lat="44.160374" lon="7.247861">
        <ele>2594.2</ele>
        <time>2026-08-01T07:23:59Z</time>
      </trkpt>
      <trkpt lat="44.160378" lon="7.24786">
        <ele>2593.8</ele>
        <time>2026-08-01T07:24:00Z</time>
      </trkpt>
      <trkpt lat="44.16039" lon="7.247848">
        <ele>2593.2</ele>
        <time>2026-08-01T07:24:04Z</time>
      </trkpt>
      <trkpt lat="44.160392" lon="7.247836">
        <ele>2593.2</ele>
        <time>2026-08-01T07:24:07Z</time>
      </trkpt>
      <trkpt lat="44.160435" lon="7.247839">
        <ele>2593.2</ele>
        <time>2026-08-01T07:24:16Z</time>
      </trkpt>
      <trkpt lat="44.160501" lon="7.247848">
        <ele>2594.4</ele>
        <time>2026-08-01T07:24:23Z</time>
      </trkpt>
      <trkpt lat="44.160525" lon="7.247854">
        <ele>2595.0</ele>
        <time>2026-08-01T07:24:28Z</time>
      </trkpt>
      <trkpt lat="44.160529" lon="7.247854">
        <ele>2595.0</ele>
        <time>2026-08-01T07:24:29Z</time>
      </trkpt>
      <trkpt lat="44.160532" lon="7.247854">
        <ele>2595.2</ele>
        <time>2026-08-01T07:24:30Z</time>
      </trkpt>
      <trkpt lat="44.160547" lon="7.24783">
        <ele>2595.4</ele>
        <time>2026-08-01T07:24:36Z</time>
      </trkpt>
      <trkpt lat="44.160554" lon="7.24783">
        <ele>2595.4</ele>
        <time>2026-08-01T07:24:38Z</time>
      </trkpt>
      <trkpt lat="44.160566" lon="7.247853">
        <ele>2594.8</ele>
        <time>2026-08-01T07:24:48Z</time>
      </trkpt>
      <trkpt lat="44.160591" lon="7.247815">
        <ele>2594.0</ele>
        <time>2026-08-01T07:24:56Z</time>
      </trkpt>
      <trkpt lat="44.1606" lon="7.24781">
        <ele>2593.6</ele>
        <time>2026-08-01T07:24:57Z</time>
      </trkpt>
      <trkpt lat="44.160642" lon="7.247789">
        <ele>2592.8</ele>
        <time>2026-08-01T07:25:02Z</time>
      </trkpt>
      <trkpt lat="44.160673" lon="7.24777">
        <ele>2592.0</ele>
        <time>2026-08-01T07:25:05Z</time>
      </trkpt>
      <trkpt lat="44.160685" lon="7.247766">
        <ele>2591.6</ele>
        <time>2026-08-01T07:25:06Z</time>
      </trkpt>
      <trkpt lat="44.160734" lon="7.247757">
        <ele>2590.8</ele>
        <time>2026-08-01T07:25:13Z</time>
      </trkpt>
      <trkpt lat="44.160735" lon="7.247758">
        <ele>2590.6</ele>
        <time>2026-08-01T07:25:14Z</time>
      </trkpt>
      <trkpt lat="44.160721" lon="7.247772">
        <ele>2590.8</ele>
        <time>2026-08-01T07:25:19Z</time>
      </trkpt>
      <trkpt lat="44.160768" lon="7.247761">
        <ele>2590.6</ele>
        <time>2026-08-01T07:25:26Z</time>
      </trkpt>
      <trkpt lat="44.160809" lon="7.24774">
        <ele>2589.6</ele>
        <time>2026-08-01T07:25:32Z</time>
      </trkpt>
      <trkpt lat="44.160818" lon="7.247732">
        <ele>2589.2</ele>
        <time>2026-08-01T07:25:35Z</time>
      </trkpt>
      <trkpt lat="44.160861" lon="7.24772">
        <ele>2588.4</ele>
        <time>2026-08-01T07:25:41Z</time>
      </trkpt>
      <trkpt lat="44.160871" lon="7.247714">
        <ele>2588.2</ele>
        <time>2026-08-01T07:25:44Z</time>
      </trkpt>
      <trkpt lat="44.160878" lon="7.247707">
        <ele>2588.0</ele>
        <time>2026-08-01T07:25:46Z</time>
      </trkpt>
      <trkpt lat="44.16091" lon="7.247688">
        <ele>2587.4</ele>
        <time>2026-08-01T07:25:49Z</time>
      </trkpt>
      <trkpt lat="44.160917" lon="7.247687">
        <ele>2587.2</ele>
        <time>2026-08-01T07:25:50Z</time>
      </trkpt>
      <trkpt lat="44.160928" lon="7.247692">
        <ele>2587.0</ele>
        <time>2026-08-01T07:25:52Z</time>
      </trkpt>
      <trkpt lat="44.160937" lon="7.247687">
        <ele>2587.2</ele>
        <time>2026-08-01T07:25:55Z</time>
      </trkpt>
      <trkpt lat="44.160972" lon="7.247682">
        <ele>2587.0</ele>
        <time>2026-08-01T07:26:01Z</time>
      </trkpt>
      <trkpt lat="44.161" lon="7.247684">
        <ele>2587.2</ele>
        <time>2026-08-01T07:26:04Z</time>
      </trkpt>
      <trkpt lat="44.161051" lon="7.247689">
        <ele>2587.8</ele>
        <time>2026-08-01T07:26:12Z</time>
      </trkpt>
      <trkpt lat="44.161089" lon="7.247683">
        <ele>2588.0</ele>
        <time>2026-08-01T07:26:20Z</time>
      </trkpt>
      <trkpt lat="44.161148" lon="7.247665">
        <ele>2587.6</ele>
        <time>2026-08-01T07:26:29Z</time>
      </trkpt>
      <trkpt lat="44.161156" lon="7.247674">
        <ele>2587.8</ele>
        <time>2026-08-01T07:26:30Z</time>
      </trkpt>
      <trkpt lat="44.161182" lon="7.247688">
        <ele>2588.0</ele>
        <time>2026-08-01T07:26:34Z</time>
      </trkpt>
      <trkpt lat="44.161194" lon="7.247698">
        <ele>2588.2</ele>
        <time>2026-08-01T07:26:40Z</time>
      </trkpt>
      <trkpt lat="44.161227" lon="7.247675">
        <ele>2587.8</ele>
        <time>2026-08-01T07:26:47Z</time>
      </trkpt>
      <trkpt lat="44.161246" lon="7.247649">
        <ele>2587.6</ele>
        <time>2026-08-01T07:26:54Z</time>
      </trkpt>
      <trkpt lat="44.161265" lon="7.247639">
        <ele>2587.8</ele>
        <time>2026-08-01T07:27:02Z</time>
      </trkpt>
      <trkpt lat="44.161284" lon="7.247621">
        <ele>2587.8</ele>
        <time>2026-08-01T07:27:07Z</time>
      </trkpt>
      <trkpt lat="44.161288" lon="7.247615">
        <ele>2588.0</ele>
        <time>2026-08-01T07:27:09Z</time>
      </trkpt>
      <trkpt lat="44.161314" lon="7.247609">
        <ele>2587.8</ele>
        <time>2026-08-01T07:27:14Z</time>
      </trkpt>
      <trkpt lat="44.161354" lon="7.247599">
        <ele>2587.4</ele>
        <time>2026-08-01T07:27:23Z</time>
      </trkpt>
      <trkpt lat="44.16138" lon="7.247591">
        <ele>2587.6</ele>
        <time>2026-08-01T07:27:31Z</time>
      </trkpt>
      <trkpt lat="44.161414" lon="7.247582">
        <ele>2588.2</ele>
        <time>2026-08-01T07:27:36Z</time>
      </trkpt>
      <trkpt lat="44.161425" lon="7.247577">
        <ele>2588.6</ele>
        <time>2026-08-01T07:27:38Z</time>
      </trkpt>
      <trkpt lat="44.161459" lon="7.247562">
        <ele>2588.2</ele>
        <time>2026-08-01T07:27:45Z</time>
      </trkpt>
      <trkpt lat="44.161501" lon="7.247583">
        <ele>2588.2</ele>
        <time>2026-08-01T07:27:51Z</time>
      </trkpt>
      <trkpt lat="44.161528" lon="7.247586">
        <ele>2589.4</ele>
        <time>2026-08-01T07:27:56Z</time>
      </trkpt>
      <trkpt lat="44.161548" lon="7.24758">
        <ele>2589.6</ele>
        <time>2026-08-01T07:27:58Z</time>
      </trkpt>
      <trkpt lat="44.161591" lon="7.247582">
        <ele>2590.2</ele>
        <time>2026-08-01T07:28:06Z</time>
      </trkpt>
      <trkpt lat="44.161618" lon="7.247576">
        <ele>2590.0</ele>
        <time>2026-08-01T07:28:12Z</time>
      </trkpt>
      <trkpt lat="44.161627" lon="7.24757">
        <ele>2590.0</ele>
        <time>2026-08-01T07:28:16Z</time>
      </trkpt>
      <trkpt lat="44.161642" lon="7.247554">
        <ele>2590.6</ele>
        <time>2026-08-01T07:28:21Z</time>
      </trkpt>
      <trkpt lat="44.161656" lon="7.247536">
        <ele>2590.8</ele>
        <time>2026-08-01T07:28:23Z</time>
      </trkpt>
      <trkpt lat="44.161685" lon="7.2475">
        <ele>2590.8</ele>
        <time>2026-08-01T07:28:30Z</time>
      </trkpt>
      <trkpt lat="44.161714" lon="7.247503">
        <ele>2590.6</ele>
        <time>2026-08-01T07:28:40Z</time>
      </trkpt>
      <trkpt lat="44.161745" lon="7.247509">
        <ele>2591.0</ele>
        <time>2026-08-01T07:28:48Z</time>
      </trkpt>
      <trkpt lat="44.161763" lon="7.247482">
        <ele>2590.4</ele>
        <time>2026-08-01T07:28:59Z</time>
      </trkpt>
      <trkpt lat="44.161788" lon="7.247434">
        <ele>2590.2</ele>
        <time>2026-08-01T07:29:09Z</time>
      </trkpt>
      <trkpt lat="44.161833" lon="7.247398">
        <ele>2589.6</ele>
        <time>2026-08-01T07:29:17Z</time>
      </trkpt>
      <trkpt lat="44.161867" lon="7.247397">
        <ele>2590.4</ele>
        <time>2026-08-01T07:29:22Z</time>
      </trkpt>
      <trkpt lat="44.161915" lon="7.24739">
        <ele>2591.2</ele>
        <time>2026-08-01T07:29:30Z</time>
      </trkpt>
      <trkpt lat="44.161941" lon="7.247387">
        <ele>2591.6</ele>
        <time>2026-08-01T07:29:34Z</time>
      </trkpt>
      <trkpt lat="44.16198" lon="7.247396">
        <ele>2592.8</ele>
        <time>2026-08-01T07:29:39Z</time>
      </trkpt>
      <trkpt lat="44.162002" lon="7.247386">
        <ele>2593.8</ele>
        <time>2026-08-01T07:29:44Z</time>
      </trkpt>
      <trkpt lat="44.162009" lon="7.247357">
        <ele>2593.8</ele>
        <time>2026-08-01T07:29:47Z</time>
      </trkpt>
      <trkpt lat="44.162025" lon="7.247311">
        <ele>2593.4</ele>
        <time>2026-08-01T07:29:51Z</time>
      </trkpt>
      <trkpt lat="44.162048" lon="7.247275">
        <ele>2592.8</ele>
        <time>2026-08-01T07:29:55Z</time>
      </trkpt>
      <trkpt lat="44.162058" lon="7.247261">
        <ele>2592.8</ele>
        <time>2026-08-01T07:29:57Z</time>
      </trkpt>
      <trkpt lat="44.162075" lon="7.247233">
        <ele>2592.2</ele>
        <time>2026-08-01T07:30:03Z</time>
      </trkpt>
      <trkpt lat="44.162096" lon="7.247206">
        <ele>2591.8</ele>
        <time>2026-08-01T07:30:10Z</time>
      </trkpt>
      <trkpt lat="44.162097" lon="7.247204">
        <ele>2591.6</ele>
        <time>2026-08-01T07:30:11Z</time>
      </trkpt>
      <trkpt lat="44.162128" lon="7.247187">
        <ele>2591.8</ele>
        <time>2026-08-01T07:30:17Z</time>
      </trkpt>
      <trkpt lat="44.162146" lon="7.247176">
        <ele>2592.0</ele>
        <time>2026-08-01T07:30:23Z</time>
      </trkpt>
      <trkpt lat="44.162152" lon="7.24717">
        <ele>2591.8</ele>
        <time>2026-08-01T07:30:27Z</time>
      </trkpt>
      <trkpt lat="44.16217" lon="7.247168">
        <ele>2591.4</ele>
        <time>2026-08-01T07:30:34Z</time>
      </trkpt>
      <trkpt lat="44.16217" lon="7.247162">
        <ele>2591.2</ele>
        <time>2026-08-01T07:30:35Z</time>
      </trkpt>
      <trkpt lat="44.162178" lon="7.247149">
        <ele>2590.8</ele>
        <time>2026-08-01T07:30:37Z</time>
      </trkpt>
      <trkpt lat="44.162182" lon="7.247141">
        <ele>2590.4</ele>
        <time>2026-08-01T07:30:38Z</time>
      </trkpt>
      <trkpt lat="44.16219" lon="7.247121">
        <ele>2591.2</ele>
        <time>2026-08-01T07:30:44Z</time>
      </trkpt>
      <trkpt lat="44.162198" lon="7.247119">
        <ele>2591.6</ele>
        <time>2026-08-01T07:30:46Z</time>
      </trkpt>
      <trkpt lat="44.162243" lon="7.247113">
        <ele>2592.2</ele>
        <time>2026-08-01T07:30:52Z</time>
      </trkpt>
      <trkpt lat="44.162292" lon="7.247113">
        <ele>2592.8</ele>
        <time>2026-08-01T07:30:58Z</time>
      </trkpt>
      <trkpt lat="44.162307" lon="7.247109">
        <ele>2592.8</ele>
        <time>2026-08-01T07:31:00Z</time>
      </trkpt>
      <trkpt lat="44.162357" lon="7.247094">
        <ele>2593.2</ele>
        <time>2026-08-01T07:31:08Z</time>
      </trkpt>
      <trkpt lat="44.162383" lon="7.247085">
        <ele>2593.4</ele>
        <time>2026-08-01T07:31:11Z</time>
      </trkpt>
      <trkpt lat="44.162389" lon="7.247065">
        <ele>2593.2</ele>
        <time>2026-08-01T07:31:13Z</time>
      </trkpt>
      <trkpt lat="44.16242" lon="7.247032">
        <ele>2592.8</ele>
        <time>2026-08-01T07:31:17Z</time>
      </trkpt>
      <trkpt lat="44.162481" lon="7.247019">
        <ele>2592.2</ele>
        <time>2026-08-01T07:31:26Z</time>
      </trkpt>
      <trkpt lat="44.162509" lon="7.247011">
        <ele>2591.6</ele>
        <time>2026-08-01T07:31:30Z</time>
      </trkpt>
      <trkpt lat="44.162511" lon="7.247002">
        <ele>2591.6</ele>
        <time>2026-08-01T07:31:31Z</time>
      </trkpt>
      <trkpt lat="44.16251" lon="7.246986">
        <ele>2591.2</ele>
        <time>2026-08-01T07:31:33Z</time>
      </trkpt>
      <trkpt lat="44.162515" lon="7.246977">
        <ele>2591.0</ele>
        <time>2026-08-01T07:31:34Z</time>
      </trkpt>
      <trkpt lat="44.162528" lon="7.246954">
        <ele>2590.6</ele>
        <time>2026-08-01T07:31:37Z</time>
      </trkpt>
      <trkpt lat="44.162529" lon="7.24693">
        <ele>2590.2</ele>
        <time>2026-08-01T07:31:39Z</time>
      </trkpt>
      <trkpt lat="44.162535" lon="7.246905">
        <ele>2589.6</ele>
        <time>2026-08-01T07:31:42Z</time>
      </trkpt>
      <trkpt lat="44.162546" lon="7.246897">
        <ele>2589.2</ele>
        <time>2026-08-01T07:31:45Z</time>
      </trkpt>
      <trkpt lat="44.162552" lon="7.246894">
        <ele>2589.0</ele>
        <time>2026-08-01T07:31:46Z</time>
      </trkpt>
      <trkpt lat="44.162553" lon="7.246895">
        <ele>2589.2</ele>
        <time>2026-08-01T07:31:53Z</time>
      </trkpt>
      <trkpt lat="44.162563" lon="7.246897">
        <ele>2588.4</ele>
        <time>2026-08-01T07:31:59Z</time>
      </trkpt>
      <trkpt lat="44.162566" lon="7.246896">
        <ele>2588.2</ele>
        <time>2026-08-01T07:32:00Z</time>
      </trkpt>
      <trkpt lat="44.1626" lon="7.246888">
        <ele>2587.2</ele>
        <time>2026-08-01T07:32:08Z</time>
      </trkpt>
      <trkpt lat="44.162609" lon="7.246878">
        <ele>2587.0</ele>
        <time>2026-08-01T07:32:10Z</time>
      </trkpt>
      <trkpt lat="44.162632" lon="7.246861">
        <ele>2586.2</ele>
        <time>2026-08-01T07:32:13Z</time>
      </trkpt>
      <trkpt lat="44.162664" lon="7.246835">
        <ele>2585.2</ele>
        <time>2026-08-01T07:32:17Z</time>
      </trkpt>
      <trkpt lat="44.16267" lon="7.24683">
        <ele>2585.0</ele>
        <time>2026-08-01T07:32:18Z</time>
      </trkpt>
      <trkpt lat="44.162691" lon="7.24681">
        <ele>2584.0</ele>
        <time>2026-08-01T07:32:24Z</time>
      </trkpt>
      <trkpt lat="44.162694" lon="7.246808">
        <ele>2583.8</ele>
        <time>2026-08-01T07:32:26Z</time>
      </trkpt>
      <trkpt lat="44.162715" lon="7.246804">
        <ele>2583.6</ele>
        <time>2026-08-01T07:32:29Z</time>
      </trkpt>
      <trkpt lat="44.16272" lon="7.246794">
        <ele>2583.4</ele>
        <time>2026-08-01T07:32:32Z</time>
      </trkpt>
      <trkpt lat="44.162745" lon="7.246766">
        <ele>2583.0</ele>
        <time>2026-08-01T07:32:40Z</time>
      </trkpt>
      <trkpt lat="44.16275" lon="7.246762">
        <ele>2582.8</ele>
        <time>2026-08-01T07:32:41Z</time>
      </trkpt>
      <trkpt lat="44.162791" lon="7.246759">
        <ele>2582.8</ele>
        <time>2026-08-01T07:32:47Z</time>
      </trkpt>
      <trkpt lat="44.1628" lon="7.246759">
        <ele>2582.6</ele>
        <time>2026-08-01T07:32:55Z</time>
      </trkpt>
      <trkpt lat="44.162833" lon="7.246761">
        <ele>2582.8</ele>
        <time>2026-08-01T07:33:02Z</time>
      </trkpt>
      <trkpt lat="44.162852" lon="7.246726">
        <ele>2581.8</ele>
        <time>2026-08-01T07:33:08Z</time>
      </trkpt>
      <trkpt lat="44.162868" lon="7.246708">
        <ele>2581.0</ele>
        <time>2026-08-01T07:33:11Z</time>
      </trkpt>
      <trkpt lat="44.162873" lon="7.246697">
        <ele>2580.8</ele>
        <time>2026-08-01T07:33:13Z</time>
      </trkpt>
      <trkpt lat="44.162871" lon="7.246655">
        <ele>2579.8</ele>
        <time>2026-08-01T07:33:19Z</time>
      </trkpt>
      <trkpt lat="44.162877" lon="7.246649">
        <ele>2579.6</ele>
        <time>2026-08-01T07:33:20Z</time>
      </trkpt>
      <trkpt lat="44.1629" lon="7.246609">
        <ele>2578.6</ele>
        <time>2026-08-01T07:33:24Z</time>
      </trkpt>
      <trkpt lat="44.162915" lon="7.246597">
        <ele>2577.8</ele>
        <time>2026-08-01T07:33:27Z</time>
      </trkpt>
      <trkpt lat="44.162921" lon="7.246593">
        <ele>2577.6</ele>
        <time>2026-08-01T07:33:29Z</time>
      </trkpt>
      <trkpt lat="44.162945" lon="7.246564">
        <ele>2576.4</ele>
        <time>2026-08-01T07:33:35Z</time>
      </trkpt>
      <trkpt lat="44.162973" lon="7.246543">
        <ele>2575.4</ele>
        <time>2026-08-01T07:33:40Z</time>
      </trkpt>
      <trkpt lat="44.162982" lon="7.24653">
        <ele>2575.0</ele>
        <time>2026-08-01T07:33:42Z</time>
      </trkpt>
      <trkpt lat="44.163" lon="7.246514">
        <ele>2575.0</ele>
        <time>2026-08-01T07:33:48Z</time>
      </trkpt>
      <trkpt lat="44.163038" lon="7.246485">
        <ele>2575.0</ele>
        <time>2026-08-01T07:33:57Z</time>
      </trkpt>
      <trkpt lat="44.163067" lon="7.246447">
        <ele>2575.2</ele>
        <time>2026-08-01T07:34:05Z</time>
      </trkpt>
      <trkpt lat="44.163116" lon="7.246399">
        <ele>2575.0</ele>
        <time>2026-08-01T07:34:13Z</time>
      </trkpt>
      <trkpt lat="44.163132" lon="7.246365">
        <ele>2574.6</ele>
        <time>2026-08-01T07:34:19Z</time>
      </trkpt>
      <trkpt lat="44.163137" lon="7.24634">
        <ele>2574.4</ele>
        <time>2026-08-01T07:34:22Z</time>
      </trkpt>
      <trkpt lat="44.163157" lon="7.246304">
        <ele>2573.8</ele>
        <time>2026-08-01T07:34:26Z</time>
      </trkpt>
      <trkpt lat="44.16317" lon="7.246231">
        <ele>2573.2</ele>
        <time>2026-08-01T07:34:31Z</time>
      </trkpt>
      <trkpt lat="44.163176" lon="7.246213">
        <ele>2573.0</ele>
        <time>2026-08-01T07:34:33Z</time>
      </trkpt>
      <trkpt lat="44.1632" lon="7.246155">
        <ele>2573.0</ele>
        <time>2026-08-01T07:34:41Z</time>
      </trkpt>
      <trkpt lat="44.163219" lon="7.246095">
        <ele>2573.4</ele>
        <time>2026-08-01T07:34:49Z</time>
      </trkpt>
      <trkpt lat="44.163243" lon="7.24607">
        <ele>2574.2</ele>
        <time>2026-08-01T07:34:54Z</time>
      </trkpt>
      <trkpt lat="44.163247" lon="7.246064">
        <ele>2574.6</ele>
        <time>2026-08-01T07:34:57Z</time>
      </trkpt>
      <trkpt lat="44.163246" lon="7.246063">
        <ele>2574.8</ele>
        <time>2026-08-01T07:34:58Z</time>
      </trkpt>
      <trkpt lat="44.163241" lon="7.246066">
        <ele>2575.4</ele>
        <time>2026-08-01T07:35:00Z</time>
      </trkpt>
      <trkpt lat="44.163256" lon="7.246059">
        <ele>2574.8</ele>
        <time>2026-08-01T07:35:05Z</time>
      </trkpt>
      <trkpt lat="44.163254" lon="7.246045">
        <ele>2575.8</ele>
        <time>2026-08-01T07:35:14Z</time>
      </trkpt>
      <trkpt lat="44.163271" lon="7.24605">
        <ele>2575.8</ele>
        <time>2026-08-01T07:35:22Z</time>
      </trkpt>
      <trkpt lat="44.163289" lon="7.246033">
        <ele>2575.2</ele>
        <time>2026-08-01T07:35:31Z</time>
      </trkpt>
      <trkpt lat="44.16328" lon="7.246057">
        <ele>2575.0</ele>
        <time>2026-08-01T07:35:41Z</time>
      </trkpt>
      <trkpt lat="44.163284" lon="7.24602">
        <ele>2575.0</ele>
        <time>2026-08-01T07:35:51Z</time>
      </trkpt>
      <trkpt lat="44.163289" lon="7.246041">
        <ele>2575.0</ele>
        <time>2026-08-01T07:36:01Z</time>
      </trkpt>
      <trkpt lat="44.163266" lon="7.246062">
        <ele>2575.0</ele>
        <time>2026-08-01T07:36:10Z</time>
      </trkpt>
      <trkpt lat="44.163285" lon="7.246049">
        <ele>2575.2</ele>
        <time>2026-08-01T07:36:16Z</time>
      </trkpt>
      <trkpt lat="44.163289" lon="7.246047">
        <ele>2575.2</ele>
        <time>2026-08-01T07:36:17Z</time>
      </trkpt>
      <trkpt lat="44.163293" lon="7.246045">
        <ele>2575.2</ele>
        <time>2026-08-01T07:36:19Z</time>
      </trkpt>
      <trkpt lat="44.16329" lon="7.246014">
        <ele>2575.8</ele>
        <time>2026-08-01T07:36:29Z</time>
      </trkpt>
      <trkpt lat="44.163289" lon="7.246027">
        <ele>2575.8</ele>
        <time>2026-08-01T07:36:39Z</time>
      </trkpt>
      <trkpt lat="44.163281" lon="7.246028">
        <ele>2575.8</ele>
        <time>2026-08-01T07:36:43Z</time>
      </trkpt>
      <trkpt lat="44.163281" lon="7.246028">
        <ele>2575.8</ele>
        <time>2026-08-01T07:36:44Z</time>
      </trkpt>
      <trkpt lat="44.163289" lon="7.246024">
        <ele>2575.8</ele>
        <time>2026-08-01T07:36:46Z</time>
      </trkpt>
      <trkpt lat="44.163296" lon="7.246029">
        <ele>2575.8</ele>
        <time>2026-08-01T07:36:51Z</time>
      </trkpt>
      <trkpt lat="44.163343" lon="7.246017">
        <ele>2576.0</ele>
        <time>2026-08-01T07:37:00Z</time>
      </trkpt>
      <trkpt lat="44.163313" lon="7.24602">
        <ele>2576.2</ele>
        <time>2026-08-01T07:37:09Z</time>
      </trkpt>
      <trkpt lat="44.163326" lon="7.246049">
        <ele>2576.2</ele>
        <time>2026-08-01T07:37:19Z</time>
      </trkpt>
      <trkpt lat="44.163321" lon="7.246032">
        <ele>2576.2</ele>
        <time>2026-08-01T07:37:30Z</time>
      </trkpt>
      <trkpt lat="44.163323" lon="7.246025">
        <ele>2576.4</ele>
        <time>2026-08-01T07:37:32Z</time>
      </trkpt>
      <trkpt lat="44.163324" lon="7.246022">
        <ele>2576.4</ele>
        <time>2026-08-01T07:37:33Z</time>
      </trkpt>
      <trkpt lat="44.163324" lon="7.24602">
        <ele>2576.4</ele>
        <time>2026-08-01T07:37:34Z</time>
      </trkpt>
      <trkpt lat="44.163326" lon="7.246018">
        <ele>2576.4</ele>
        <time>2026-08-01T07:37:35Z</time>
      </trkpt>
      <trkpt lat="44.163308" lon="7.24601">
        <ele>2576.6</ele>
        <time>2026-08-01T07:37:41Z</time>
      </trkpt>
      <trkpt lat="44.16331" lon="7.246023">
        <ele>2576.6</ele>
        <time>2026-08-01T07:37:47Z</time>
      </trkpt>
      <trkpt lat="44.163321" lon="7.246041">
        <ele>2576.8</ele>
        <time>2026-08-01T07:37:55Z</time>
      </trkpt>
      <trkpt lat="44.163333" lon="7.246053">
        <ele>2576.8</ele>
        <time>2026-08-01T07:38:01Z</time>
      </trkpt>
      <trkpt lat="44.163327" lon="7.246036">
        <ele>2576.8</ele>
        <time>2026-08-01T07:38:06Z</time>
      </trkpt>
      <trkpt lat="44.163287" lon="7.246002">
        <ele>2577.0</ele>
        <time>2026-08-01T07:38:14Z</time>
      </trkpt>
      <trkpt lat="44.16329" lon="7.24604">
        <ele>2577.2</ele>
        <time>2026-08-01T07:38:22Z</time>
      </trkpt>
      <trkpt lat="44.163294" lon="7.246048">
        <ele>2577.2</ele>
        <time>2026-08-01T07:38:23Z</time>
      </trkpt>
      <trkpt lat="44.16331" lon="7.246061">
        <ele>2577.4</ele>
        <time>2026-08-01T07:38:30Z</time>
      </trkpt>
      <trkpt lat="44.163302" lon="7.246047">
        <ele>2577.4</ele>
        <time>2026-08-01T07:38:33Z</time>
      </trkpt>
      <trkpt lat="44.163286" lon="7.246058">
        <ele>2577.2</ele>
        <time>2026-08-01T07:38:39Z</time>
      </trkpt>
      <trkpt lat="44.163288" lon="7.246052">
        <ele>2577.2</ele>
        <time>2026-08-01T07:38:41Z</time>
      </trkpt>
      <trkpt lat="44.163273" lon="7.246035">
        <ele>2577.2</ele>
        <time>2026-08-01T07:38:52Z</time>
      </trkpt>
      <trkpt lat="44.163291" lon="7.24602">
        <ele>2577.2</ele>
        <time>2026-08-01T07:39:02Z</time>
      </trkpt>
      <trkpt lat="44.163317" lon="7.245989">
        <ele>2577.4</ele>
        <time>2026-08-01T07:39:13Z</time>
      </trkpt>
      <trkpt lat="44.163304" lon="7.246014">
        <ele>2577.4</ele>
        <time>2026-08-01T07:39:23Z</time>
      </trkpt>
      <trkpt lat="44.163301" lon="7.246054">
        <ele>2577.6</ele>
        <time>2026-08-01T07:39:35Z</time>
      </trkpt>
      <trkpt lat="44.1633" lon="7.246056">
        <ele>2577.6</ele>
        <time>2026-08-01T07:39:36Z</time>
      </trkpt>
      <trkpt lat="44.16331" lon="7.246044">
        <ele>2577.6</ele>
        <time>2026-08-01T07:39:43Z</time>
      </trkpt>
      <trkpt lat="44.163309" lon="7.246045">
        <ele>2577.8</ele>
        <time>2026-08-01T07:39:55Z</time>
      </trkpt>
      <trkpt lat="44.163285" lon="7.246031">
        <ele>2578.0</ele>
        <time>2026-08-01T07:40:05Z</time>
      </trkpt>
      <trkpt lat="44.163299" lon="7.246024">
        <ele>2578.0</ele>
        <time>2026-08-01T07:40:13Z</time>
      </trkpt>
      <trkpt lat="44.163302" lon="7.246019">
        <ele>2578.0</ele>
        <time>2026-08-01T07:40:16Z</time>
      </trkpt>
      <trkpt lat="44.163307" lon="7.246017">
        <ele>2578.0</ele>
        <time>2026-08-01T07:40:18Z</time>
      </trkpt>
      <trkpt lat="44.163314" lon="7.246015">
        <ele>2578.2</ele>
        <time>2026-08-01T07:40:21Z</time>
      </trkpt>
      <trkpt lat="44.163301" lon="7.246018">
        <ele>2578.2</ele>
        <time>2026-08-01T07:40:26Z</time>
      </trkpt>
      <trkpt lat="44.163301" lon="7.246011">
        <ele>2578.4</ele>
        <time>2026-08-01T07:40:38Z</time>
      </trkpt>
      <trkpt lat="44.163302" lon="7.246003">
        <ele>2578.4</ele>
        <time>2026-08-01T07:40:40Z</time>
      </trkpt>
      <trkpt lat="44.163304" lon="7.245999">
        <ele>2578.6</ele>
        <time>2026-08-01T07:40:45Z</time>
      </trkpt>
      <trkpt lat="44.163297" lon="7.246008">
        <ele>2578.6</ele>
        <time>2026-08-01T07:40:48Z</time>
      </trkpt>
      <trkpt lat="44.163305" lon="7.24601">
        <ele>2578.8</ele>
        <time>2026-08-01T07:40:56Z</time>
      </trkpt>
      <trkpt lat="44.163296" lon="7.246013">
        <ele>2579.0</ele>
        <time>2026-08-01T07:41:09Z</time>
      </trkpt>
      <trkpt lat="44.163286" lon="7.246039">
        <ele>2579.0</ele>
        <time>2026-08-01T07:41:19Z</time>
      </trkpt>
      <trkpt lat="44.163282" lon="7.246044">
        <ele>2579.0</ele>
        <time>2026-08-01T07:41:20Z</time>
      </trkpt>
      <trkpt lat="44.163294" lon="7.246038">
        <ele>2579.2</ele>
        <time>2026-08-01T07:41:32Z</time>
      </trkpt>
      <trkpt lat="44.163306" lon="7.246041">
        <ele>2579.4</ele>
        <time>2026-08-01T07:41:40Z</time>
      </trkpt>
      <trkpt lat="44.163306" lon="7.246039">
        <ele>2579.6</ele>
        <time>2026-08-01T07:41:42Z</time>
      </trkpt>
      <trkpt lat="44.163293" lon="7.246048">
        <ele>2579.6</ele>
        <time>2026-08-01T07:41:53Z</time>
      </trkpt>
      <trkpt lat="44.163294" lon="7.246051">
        <ele>2579.4</ele>
        <time>2026-08-01T07:42:03Z</time>
      </trkpt>
      <trkpt lat="44.163298" lon="7.246051">
        <ele>2579.4</ele>
        <time>2026-08-01T07:42:09Z</time>
      </trkpt>
      <trkpt lat="44.163295" lon="7.246046">
        <ele>2579.4</ele>
        <time>2026-08-01T07:42:13Z</time>
      </trkpt>
      <trkpt lat="44.163292" lon="7.246043">
        <ele>2579.4</ele>
        <time>2026-08-01T07:42:14Z</time>
      </trkpt>
      <trkpt lat="44.16328" lon="7.246015">
        <ele>2579.2</ele>
        <time>2026-08-01T07:42:26Z</time>
      </trkpt>
      <trkpt lat="44.163279" lon="7.246003">
        <ele>2579.2</ele>
        <time>2026-08-01T07:42:27Z</time>
      </trkpt>
      <trkpt lat="44.163301" lon="7.245995">
        <ele>2579.2</ele>
        <time>2026-08-01T07:42:35Z</time>
      </trkpt>
      <trkpt lat="44.163298" lon="7.24602">
        <ele>2579.2</ele>
        <time>2026-08-01T07:42:40Z</time>
      </trkpt>
      <trkpt lat="44.163291" lon="7.246039">
        <ele>2579.2</ele>
        <time>2026-08-01T07:42:44Z</time>
      </trkpt>
      <trkpt lat="44.163291" lon="7.246042">
        <ele>2579.2</ele>
        <time>2026-08-01T07:42:47Z</time>
      </trkpt>
      <trkpt lat="44.163298" lon="7.246027">
        <ele>2579.2</ele>
        <time>2026-08-01T07:42:54Z</time>
      </trkpt>
      <trkpt lat="44.16329" lon="7.246012">
        <ele>2579.6</ele>
        <time>2026-08-01T07:43:04Z</time>
      </trkpt>
      <trkpt lat="44.163283" lon="7.246028">
        <ele>2579.6</ele>
        <time>2026-08-01T07:43:14Z</time>
      </trkpt>
      <trkpt lat="44.163275" lon="7.246017">
        <ele>2579.8</ele>
        <time>2026-08-01T07:43:23Z</time>
      </trkpt>
      <trkpt lat="44.163272" lon="7.246068">
        <ele>2579.8</ele>
        <time>2026-08-01T07:43:27Z</time>
      </trkpt>
      <trkpt lat="44.16327" lon="7.246087">
        <ele>2580.0</ele>
        <time>2026-08-01T07:43:31Z</time>
      </trkpt>
      <trkpt lat="44.163307" lon="7.246058">
        <ele>2580.2</ele>
        <time>2026-08-01T07:43:39Z</time>
      </trkpt>
      <trkpt lat="44.163321" lon="7.246043">
        <ele>2580.4</ele>
        <time>2026-08-01T07:43:42Z</time>
      </trkpt>
      <trkpt lat="44.163309" lon="7.24604">
        <ele>2580.8</ele>
        <time>2026-08-01T07:43:50Z</time>
      </trkpt>
      <trkpt lat="44.163316" lon="7.246008">
        <ele>2580.8</ele>
        <time>2026-08-01T07:44:00Z</time>
      </trkpt>
      <trkpt lat="44.163323" lon="7.246022">
        <ele>2581.0</ele>
        <time>2026-08-01T07:44:08Z</time>
      </trkpt>
      <trkpt lat="44.163311" lon="7.246013">
        <ele>2581.0</ele>
        <time>2026-08-01T07:44:17Z</time>
      </trkpt>
      <trkpt lat="44.163273" lon="7.246017">
        <ele>2581.2</ele>
        <time>2026-08-01T07:44:28Z</time>
      </trkpt>
      <trkpt lat="44.163259" lon="7.246023">
        <ele>2581.4</ele>
        <time>2026-08-01T07:44:37Z</time>
      </trkpt>
      <trkpt lat="44.163262" lon="7.246026">
        <ele>2581.6</ele>
        <time>2026-08-01T07:44:39Z</time>
      </trkpt>
      <trkpt lat="44.163263" lon="7.246026">
        <ele>2581.6</ele>
        <time>2026-08-01T07:44:41Z</time>
      </trkpt>
      <trkpt lat="44.163271" lon="7.246021">
        <ele>2582.0</ele>
        <time>2026-08-01T07:44:49Z</time>
      </trkpt>
      <trkpt lat="44.16332" lon="7.246017">
        <ele>2581.8</ele>
        <time>2026-08-01T07:45:00Z</time>
      </trkpt>
      <trkpt lat="44.163324" lon="7.246015">
        <ele>2581.6</ele>
        <time>2026-08-01T07:45:02Z</time>
      </trkpt>
      <trkpt lat="44.163318" lon="7.246015">
        <ele>2581.6</ele>
        <time>2026-08-01T07:45:03Z</time>
      </trkpt>
      <trkpt lat="44.163315" lon="7.246022">
        <ele>2581.8</ele>
        <time>2026-08-01T07:45:05Z</time>
      </trkpt>
      <trkpt lat="44.16331" lon="7.246037">
        <ele>2581.6</ele>
        <time>2026-08-01T07:45:12Z</time>
      </trkpt>
      <trkpt lat="44.163308" lon="7.246031">
        <ele>2581.6</ele>
        <time>2026-08-01T07:45:20Z</time>
      </trkpt>
      <trkpt lat="44.163305" lon="7.246046">
        <ele>2581.4</ele>
        <time>2026-08-01T07:45:29Z</time>
      </trkpt>
      <trkpt lat="44.163286" lon="7.246076">
        <ele>2581.2</ele>
        <time>2026-08-01T07:45:38Z</time>
      </trkpt>
      <trkpt lat="44.163284" lon="7.246079">
        <ele>2581.2</ele>
        <time>2026-08-01T07:45:41Z</time>
      </trkpt>
      <trkpt lat="44.163282" lon="7.24608">
        <ele>2581.2</ele>
        <time>2026-08-01T07:45:43Z</time>
      </trkpt>
      <trkpt lat="44.163284" lon="7.246075">
        <ele>2581.2</ele>
        <time>2026-08-01T07:45:48Z</time>
      </trkpt>
      <trkpt lat="44.163289" lon="7.246082">
        <ele>2581.0</ele>
        <time>2026-08-01T07:45:53Z</time>
      </trkpt>
      <trkpt lat="44.163294" lon="7.246081">
        <ele>2581.0</ele>
        <time>2026-08-01T07:45:59Z</time>
      </trkpt>
      <trkpt lat="44.163313" lon="7.246039">
        <ele>2581.0</ele>
        <time>2026-08-01T07:46:11Z</time>
      </trkpt>
      <trkpt lat="44.163324" lon="7.246036">
        <ele>2580.8</ele>
        <time>2026-08-01T07:46:19Z</time>
      </trkpt>
      <trkpt lat="44.163319" lon="7.246018">
        <ele>2581.0</ele>
        <time>2026-08-01T07:46:25Z</time>
      </trkpt>
      <trkpt lat="44.163305" lon="7.246013">
        <ele>2581.0</ele>
        <time>2026-08-01T07:46:31Z</time>
      </trkpt>
      <trkpt lat="44.163276" lon="7.246027">
        <ele>2581.4</ele>
        <time>2026-08-01T07:46:41Z</time>
      </trkpt>
      <trkpt lat="44.163288" lon="7.246014">
        <ele>2581.4</ele>
        <time>2026-08-01T07:46:46Z</time>
      </trkpt>
      <trkpt lat="44.16329" lon="7.246012">
        <ele>2581.4</ele>
        <time>2026-08-01T07:46:49Z</time>
      </trkpt>
      <trkpt lat="44.163285" lon="7.24601">
        <ele>2581.4</ele>
        <time>2026-08-01T07:46:52Z</time>
      </trkpt>
      <trkpt lat="44.163279" lon="7.246008">
        <ele>2581.4</ele>
        <time>2026-08-01T07:46:54Z</time>
      </trkpt>
      <trkpt lat="44.163273" lon="7.246019">
        <ele>2581.6</ele>
        <time>2026-08-01T07:47:00Z</time>
      </trkpt>
      <trkpt lat="44.163291" lon="7.246026">
        <ele>2582.2</ele>
        <time>2026-08-01T07:47:10Z</time>
      </trkpt>
      <trkpt lat="44.163305" lon="7.246023">
        <ele>2582.0</ele>
        <time>2026-08-01T07:47:17Z</time>
      </trkpt>
      <trkpt lat="44.163317" lon="7.24602">
        <ele>2581.8</ele>
        <time>2026-08-01T07:47:21Z</time>
      </trkpt>
      <trkpt lat="44.163332" lon="7.246005">
        <ele>2581.8</ele>
        <time>2026-08-01T07:47:29Z</time>
      </trkpt>
      <trkpt lat="44.163286" lon="7.246001">
        <ele>2581.4</ele>
        <time>2026-08-01T07:47:40Z</time>
      </trkpt>
      <trkpt lat="44.163302" lon="7.246019">
        <ele>2581.4</ele>
        <time>2026-08-01T07:47:51Z</time>
      </trkpt>
      <trkpt lat="44.163313" lon="7.246028">
        <ele>2581.4</ele>
        <time>2026-08-01T07:48:00Z</time>
      </trkpt>
      <trkpt lat="44.163303" lon="7.246008">
        <ele>2582.6</ele>
        <time>2026-08-01T07:48:11Z</time>
      </trkpt>
      <trkpt lat="44.163311" lon="7.245997">
        <ele>2582.2</ele>
        <time>2026-08-01T07:48:20Z</time>
      </trkpt>
      <trkpt lat="44.163309" lon="7.245986">
        <ele>2582.4</ele>
        <time>2026-08-01T07:48:28Z</time>
      </trkpt>
      <trkpt lat="44.163306" lon="7.245988">
        <ele>2582.4</ele>
        <time>2026-08-01T07:48:29Z</time>
      </trkpt>
      <trkpt lat="44.1633" lon="7.245992">
        <ele>2582.4</ele>
        <time>2026-08-01T07:48:30Z</time>
      </trkpt>
      <trkpt lat="44.163293" lon="7.246">
        <ele>2582.6</ele>
        <time>2026-08-01T07:48:31Z</time>
      </trkpt>
      <trkpt lat="44.163287" lon="7.246003">
        <ele>2582.6</ele>
        <time>2026-08-01T07:48:32Z</time>
      </trkpt>
      <trkpt lat="44.163278" lon="7.246013">
        <ele>2582.8</ele>
        <time>2026-08-01T07:48:34Z</time>
      </trkpt>
      <trkpt lat="44.163308" lon="7.246012">
        <ele>2583.6</ele>
        <time>2026-08-01T07:48:43Z</time>
      </trkpt>
      <trkpt lat="44.163308" lon="7.246015">
        <ele>2583.8</ele>
        <time>2026-08-01T07:48:44Z</time>
      </trkpt>
      <trkpt lat="44.163299" lon="7.245984">
        <ele>2584.0</ele>
        <time>2026-08-01T07:48:52Z</time>
      </trkpt>
      <trkpt lat="44.163281" lon="7.246014">
        <ele>2584.0</ele>
        <time>2026-08-01T07:49:02Z</time>
      </trkpt>
      <trkpt lat="44.163273" lon="7.246029">
        <ele>2583.6</ele>
        <time>2026-08-01T07:49:09Z</time>
      </trkpt>
      <trkpt lat="44.163274" lon="7.246021">
        <ele>2583.4</ele>
        <time>2026-08-01T07:49:13Z</time>
      </trkpt>
      <trkpt lat="44.163279" lon="7.246014">
        <ele>2583.4</ele>
        <time>2026-08-01T07:49:15Z</time>
      </trkpt>
      <trkpt lat="44.163282" lon="7.24601">
        <ele>2583.4</ele>
        <time>2026-08-01T07:49:18Z</time>
      </trkpt>
      <trkpt lat="44.163297" lon="7.246004">
        <ele>2583.0</ele>
        <time>2026-08-01T07:49:26Z</time>
      </trkpt>
      <trkpt lat="44.163294" lon="7.246">
        <ele>2583.0</ele>
        <time>2026-08-01T07:49:27Z</time>
      </trkpt>
      <trkpt lat="44.163283" lon="7.246027">
        <ele>2582.8</ele>
        <time>2026-08-01T07:49:33Z</time>
      </trkpt>
      <trkpt lat="44.163277" lon="7.246033">
        <ele>2583.0</ele>
        <time>2026-08-01T07:49:36Z</time>
      </trkpt>
      <trkpt lat="44.163294" lon="7.246022">
        <ele>2583.2</ele>
        <time>2026-08-01T07:49:42Z</time>
      </trkpt>
      <trkpt lat="44.163295" lon="7.246024">
        <ele>2583.2</ele>
        <time>2026-08-01T07:49:43Z</time>
      </trkpt>
      <trkpt lat="44.163287" lon="7.246045">
        <ele>2583.0</ele>
        <time>2026-08-01T07:49:46Z</time>
      </trkpt>
      <trkpt lat="44.163285" lon="7.246042">
        <ele>2582.6</ele>
        <time>2026-08-01T07:49:48Z</time>
      </trkpt>
      <trkpt lat="44.163284" lon="7.246051">
        <ele>2582.6</ele>
        <time>2026-08-01T07:49:53Z</time>
      </trkpt>
      <trkpt lat="44.163273" lon="7.246048">
        <ele>2582.8</ele>
        <time>2026-08-01T07:49:59Z</time>
      </trkpt>
      <trkpt lat="44.163289" lon="7.246016">
        <ele>2583.0</ele>
        <time>2026-08-01T07:50:05Z</time>
      </trkpt>
      <trkpt lat="44.163293" lon="7.24602">
        <ele>2583.2</ele>
        <time>2026-08-01T07:50:14Z</time>
      </trkpt>
      <trkpt lat="44.163293" lon="7.246024">
        <ele>2583.8</ele>
        <time>2026-08-01T07:50:19Z</time>
      </trkpt>
      <trkpt lat="44.163289" lon="7.246034">
        <ele>2584.4</ele>
        <time>2026-08-01T07:50:26Z</time>
      </trkpt>
      <trkpt lat="44.163295" lon="7.246048">
        <ele>2584.4</ele>
        <time>2026-08-01T07:50:31Z</time>
      </trkpt>
      <trkpt lat="44.163296" lon="7.246053">
        <ele>2584.6</ele>
        <time>2026-08-01T07:50:33Z</time>
      </trkpt>
      <trkpt lat="44.163292" lon="7.246064">
        <ele>2584.8</ele>
        <time>2026-08-01T07:50:38Z</time>
      </trkpt>
      <trkpt lat="44.163292" lon="7.246063">
        <ele>2584.8</ele>
        <time>2026-08-01T07:50:39Z</time>
      </trkpt>
      <trkpt lat="44.163283" lon="7.246033">
        <ele>2585.0</ele>
        <time>2026-08-01T07:50:48Z</time>
      </trkpt>
      <trkpt lat="44.163293" lon="7.246038">
        <ele>2585.2</ele>
        <time>2026-08-01T07:50:58Z</time>
      </trkpt>
      <trkpt lat="44.163272" lon="7.24604">
        <ele>2585.6</ele>
        <time>2026-08-01T07:51:09Z</time>
      </trkpt>
      <trkpt lat="44.163273" lon="7.246049">
        <ele>2585.8</ele>
        <time>2026-08-01T07:51:20Z</time>
      </trkpt>
      <trkpt lat="44.163274" lon="7.246055">
        <ele>2585.8</ele>
        <time>2026-08-01T07:51:22Z</time>
      </trkpt>
      <trkpt lat="44.163278" lon="7.246072">
        <ele>2585.8</ele>
        <time>2026-08-01T07:51:28Z</time>
      </trkpt>
      <trkpt lat="44.163281" lon="7.246075">
        <ele>2586.0</ele>
        <time>2026-08-01T07:51:30Z</time>
      </trkpt>
      <trkpt lat="44.163281" lon="7.246074">
        <ele>2586.0</ele>
        <time>2026-08-01T07:51:31Z</time>
      </trkpt>
      <trkpt lat="44.163282" lon="7.246071">
        <ele>2586.0</ele>
        <time>2026-08-01T07:51:32Z</time>
      </trkpt>
      <trkpt lat="44.163284" lon="7.246072">
        <ele>2586.0</ele>
        <time>2026-08-01T07:51:33Z</time>
      </trkpt>
      <trkpt lat="44.163285" lon="7.246072">
        <ele>2586.0</ele>
        <time>2026-08-01T07:51:34Z</time>
      </trkpt>
      <trkpt lat="44.163287" lon="7.246068">
        <ele>2585.8</ele>
        <time>2026-08-01T07:51:36Z</time>
      </trkpt>
      <trkpt lat="44.163284" lon="7.246049">
        <ele>2585.4</ele>
        <time>2026-08-01T07:51:41Z</time>
      </trkpt>
      <trkpt lat="44.163286" lon="7.246051">
        <ele>2585.4</ele>
        <time>2026-08-01T07:51:43Z</time>
      </trkpt>
      <trkpt lat="44.163289" lon="7.246048">
        <ele>2585.8</ele>
        <time>2026-08-01T07:51:53Z</time>
      </trkpt>
      <trkpt lat="44.163275" lon="7.24605">
        <ele>2585.8</ele>
        <time>2026-08-01T07:51:58Z</time>
      </trkpt>
      <trkpt lat="44.163276" lon="7.246049">
        <ele>2585.8</ele>
        <time>2026-08-01T07:52:03Z</time>
      </trkpt>
      <trkpt lat="44.163306" lon="7.246052">
        <ele>2585.8</ele>
        <time>2026-08-01T07:52:12Z</time>
      </trkpt>
      <trkpt lat="44.163301" lon="7.246038">
        <ele>2585.8</ele>
        <time>2026-08-01T07:52:21Z</time>
      </trkpt>
      <trkpt lat="44.163284" lon="7.246025">
        <ele>2586.0</ele>
        <time>2026-08-01T07:52:30Z</time>
      </trkpt>
      <trkpt lat="44.163272" lon="7.246034">
        <ele>2586.0</ele>
        <time>2026-08-01T07:52:37Z</time>
      </trkpt>
      <trkpt lat="44.163279" lon="7.246011">
        <ele>2585.8</ele>
        <time>2026-08-01T07:52:46Z</time>
      </trkpt>
      <trkpt lat="44.163295" lon="7.246">
        <ele>2585.8</ele>
        <time>2026-08-01T07:52:50Z</time>
      </trkpt>
      <trkpt lat="44.163263" lon="7.246004">
        <ele>2585.8</ele>
        <time>2026-08-01T07:53:01Z</time>
      </trkpt>
      <trkpt lat="44.16322" lon="7.245972">
        <ele>2585.6</ele>
        <time>2026-08-01T07:53:09Z</time>
      </trkpt>
      <trkpt lat="44.163193" lon="7.245923">
        <ele>2586.6</ele>
        <time>2026-08-01T07:53:17Z</time>
      </trkpt>
      <trkpt lat="44.163191" lon="7.245916">
        <ele>2586.8</ele>
        <time>2026-08-01T07:53:18Z</time>
      </trkpt>
      <trkpt lat="44.163178" lon="7.245813">
        <ele>2587.4</ele>
        <time>2026-08-01T07:53:29Z</time>
      </trkpt>
      <trkpt lat="44.163187" lon="7.245814">
        <ele>2587.8</ele>
        <time>2026-08-01T07:53:38Z</time>
      </trkpt>
      <trkpt lat="44.163189" lon="7.245819">
        <ele>2587.8</ele>
        <time>2026-08-01T07:53:39Z</time>
      </trkpt>
      <trkpt lat="44.163213" lon="7.245859">
        <ele>2588.0</ele>
        <time>2026-08-01T07:53:43Z</time>
      </trkpt>
      <trkpt lat="44.163222" lon="7.245878">
        <ele>2588.4</ele>
        <time>2026-08-01T07:53:46Z</time>
      </trkpt>
      <trkpt lat="44.163211" lon="7.245873">
        <ele>2589.0</ele>
        <time>2026-08-01T07:53:52Z</time>
      </trkpt>
      <trkpt lat="44.163215" lon="7.245874">
        <ele>2589.0</ele>
        <time>2026-08-01T07:53:54Z</time>
      </trkpt>
      <trkpt lat="44.163244" lon="7.245834">
        <ele>2589.6</ele>
        <time>2026-08-01T07:54:03Z</time>
      </trkpt>
      <trkpt lat="44.163254" lon="7.245806">
        <ele>2590.2</ele>
        <time>2026-08-01T07:54:06Z</time>
      </trkpt>
      <trkpt lat="44.163249" lon="7.245774">
        <ele>2591.2</ele>
        <time>2026-08-01T07:54:12Z</time>
      </trkpt>
      <trkpt lat="44.163255" lon="7.245857">
        <ele>2591.4</ele>
        <time>2026-08-01T07:54:20Z</time>
      </trkpt>
      <trkpt lat="44.163239" lon="7.245767">
        <ele>2591.6</ele>
        <time>2026-08-01T07:54:26Z</time>
      </trkpt>
      <trkpt lat="44.163239" lon="7.245722">
        <ele>2592.4</ele>
        <time>2026-08-01T07:54:30Z</time>
      </trkpt>
      <trkpt lat="44.163253" lon="7.24569">
        <ele>2593.2</ele>
        <time>2026-08-01T07:54:35Z</time>
      </trkpt>
      <trkpt lat="44.163258" lon="7.245687">
        <ele>2593.6</ele>
        <time>2026-08-01T07:54:37Z</time>
      </trkpt>
      <trkpt lat="44.163259" lon="7.245651">
        <ele>2594.6</ele>
        <time>2026-08-01T07:54:42Z</time>
      </trkpt>
      <trkpt lat="44.163259" lon="7.245643">
        <ele>2594.8</ele>
        <time>2026-08-01T07:54:43Z</time>
      </trkpt>
      <trkpt lat="44.163261" lon="7.245632">
        <ele>2595.6</ele>
        <time>2026-08-01T07:54:47Z</time>
      </trkpt>
      <trkpt lat="44.163277" lon="7.245627">
        <ele>2596.4</ele>
        <time>2026-08-01T07:54:50Z</time>
      </trkpt>
      <trkpt lat="44.163282" lon="7.245623">
        <ele>2596.6</ele>
        <time>2026-08-01T07:54:51Z</time>
      </trkpt>
      <trkpt lat="44.163316" lon="7.245623">
        <ele>2597.6</ele>
        <time>2026-08-01T07:54:57Z</time>
      </trkpt>
      <trkpt lat="44.163312" lon="7.245619">
        <ele>2598.0</ele>
        <time>2026-08-01T07:54:59Z</time>
      </trkpt>
      <trkpt lat="44.163285" lon="7.245594">
        <ele>2598.8</ele>
        <time>2026-08-01T07:55:04Z</time>
      </trkpt>
      <trkpt lat="44.163276" lon="7.245572">
        <ele>2599.4</ele>
        <time>2026-08-01T07:55:07Z</time>
      </trkpt>
      <trkpt lat="44.163282" lon="7.245561">
        <ele>2599.8</ele>
        <time>2026-08-01T07:55:10Z</time>
      </trkpt>
      <trkpt lat="44.163296" lon="7.24557">
        <ele>2601.0</ele>
        <time>2026-08-01T07:55:16Z</time>
      </trkpt>
      <trkpt lat="44.163315" lon="7.245564">
        <ele>2601.8</ele>
        <time>2026-08-01T07:55:22Z</time>
      </trkpt>
      <trkpt lat="44.163323" lon="7.245555">
        <ele>2602.0</ele>
        <time>2026-08-01T07:55:24Z</time>
      </trkpt>
      <trkpt lat="44.163328" lon="7.245551">
        <ele>2602.0</ele>
        <time>2026-08-01T07:55:25Z</time>
      </trkpt>
      <trkpt lat="44.163333" lon="7.245514">
        <ele>2603.0</ele>
        <time>2026-08-01T07:55:31Z</time>
      </trkpt>
      <trkpt lat="44.163334" lon="7.245492">
        <ele>2603.6</ele>
        <time>2026-08-01T07:55:34Z</time>
      </trkpt>
      <trkpt lat="44.163338" lon="7.245486">
        <ele>2604.2</ele>
        <time>2026-08-01T07:55:38Z</time>
      </trkpt>
      <trkpt lat="44.163333" lon="7.24548">
        <ele>2604.8</ele>
        <time>2026-08-01T07:55:44Z</time>
      </trkpt>
      <trkpt lat="44.163318" lon="7.245477">
        <ele>2605.2</ele>
        <time>2026-08-01T07:55:47Z</time>
      </trkpt>
      <trkpt lat="44.163305" lon="7.245435">
        <ele>2605.4</ele>
        <time>2026-08-01T07:55:52Z</time>
      </trkpt>
      <trkpt lat="44.163312" lon="7.245408">
        <ele>2606.2</ele>
        <time>2026-08-01T07:55:55Z</time>
      </trkpt>
      <trkpt lat="44.16334" lon="7.245363">
        <ele>2606.6</ele>
        <time>2026-08-01T07:56:01Z</time>
      </trkpt>
      <trkpt lat="44.163354" lon="7.245376">
        <ele>2607.4</ele>
        <time>2026-08-01T07:56:05Z</time>
      </trkpt>
      <trkpt lat="44.16337" lon="7.245374">
        <ele>2607.6</ele>
        <time>2026-08-01T07:56:09Z</time>
      </trkpt>
      <trkpt lat="44.163376" lon="7.245349">
        <ele>2608.4</ele>
        <time>2026-08-01T07:56:14Z</time>
      </trkpt>
      <trkpt lat="44.163388" lon="7.245334">
        <ele>2608.8</ele>
        <time>2026-08-01T07:56:17Z</time>
      </trkpt>
      <trkpt lat="44.163411" lon="7.245351">
        <ele>2609.4</ele>
        <time>2026-08-01T07:56:22Z</time>
      </trkpt>
      <trkpt lat="44.163416" lon="7.245345">
        <ele>2609.8</ele>
        <time>2026-08-01T07:56:25Z</time>
      </trkpt>
      <trkpt lat="44.163456" lon="7.245321">
        <ele>2610.6</ele>
        <time>2026-08-01T07:56:31Z</time>
      </trkpt>
      <trkpt lat="44.16346" lon="7.245319">
        <ele>2610.8</ele>
        <time>2026-08-01T07:56:32Z</time>
      </trkpt>
      <trkpt lat="44.163482" lon="7.245298">
        <ele>2611.8</ele>
        <time>2026-08-01T07:56:36Z</time>
      </trkpt>
      <trkpt lat="44.163504" lon="7.245276">
        <ele>2612.6</ele>
        <time>2026-08-01T07:56:40Z</time>
      </trkpt>
      <trkpt lat="44.163509" lon="7.245272">
        <ele>2613.0</ele>
        <time>2026-08-01T07:56:41Z</time>
      </trkpt>
      <trkpt lat="44.163541" lon="7.245296">
        <ele>2614.0</ele>
        <time>2026-08-01T07:56:46Z</time>
      </trkpt>
      <trkpt lat="44.16356" lon="7.245307">
        <ele>2614.4</ele>
        <time>2026-08-01T07:56:49Z</time>
      </trkpt>
      <trkpt lat="44.163577" lon="7.245289">
        <ele>2615.0</ele>
        <time>2026-08-01T07:56:54Z</time>
      </trkpt>
      <trkpt lat="44.163587" lon="7.245269">
        <ele>2615.4</ele>
        <time>2026-08-01T07:56:56Z</time>
      </trkpt>
      <trkpt lat="44.163621" lon="7.245191">
        <ele>2615.8</ele>
        <time>2026-08-01T07:57:03Z</time>
      </trkpt>
      <trkpt lat="44.163654" lon="7.245146">
        <ele>2616.0</ele>
        <time>2026-08-01T07:57:08Z</time>
      </trkpt>
      <trkpt lat="44.163675" lon="7.245123">
        <ele>2616.0</ele>
        <time>2026-08-01T07:57:10Z</time>
      </trkpt>
      <trkpt lat="44.163724" lon="7.245101">
        <ele>2616.2</ele>
        <time>2026-08-01T07:57:17Z</time>
      </trkpt>
      <trkpt lat="44.163816" lon="7.245114">
        <ele>2616.0</ele>
        <time>2026-08-01T07:57:25Z</time>
      </trkpt>
      <trkpt lat="44.163894" lon="7.245106">
        <ele>2616.0</ele>
        <time>2026-08-01T07:57:31Z</time>
      </trkpt>
      <trkpt lat="44.1639" lon="7.245102">
        <ele>2616.0</ele>
        <time>2026-08-01T07:57:32Z</time>
      </trkpt>
      <trkpt lat="44.163999" lon="7.24505">
        <ele>2616.0</ele>
        <time>2026-08-01T07:57:41Z</time>
      </trkpt>
      <trkpt lat="44.16408" lon="7.245011">
        <ele>2616.2</ele>
        <time>2026-08-01T07:57:49Z</time>
      </trkpt>
      <trkpt lat="44.164132" lon="7.244954">
        <ele>2615.4</ele>
        <time>2026-08-01T07:57:57Z</time>
      </trkpt>
      <trkpt lat="44.164155" lon="7.244941">
        <ele>2615.0</ele>
        <time>2026-08-01T07:58:00Z</time>
      </trkpt>
      <trkpt lat="44.16419" lon="7.244949">
        <ele>2614.4</ele>
        <time>2026-08-01T07:58:04Z</time>
      </trkpt>
      <trkpt lat="44.164208" lon="7.24496">
        <ele>2614.0</ele>
        <time>2026-08-01T07:58:06Z</time>
      </trkpt>
      <trkpt lat="44.164283" lon="7.245002">
        <ele>2613.2</ele>
        <time>2026-08-01T07:58:13Z</time>
      </trkpt>
      <trkpt lat="44.164289" lon="7.245006">
        <ele>2613.0</ele>
        <time>2026-08-01T07:58:14Z</time>
      </trkpt>
      <trkpt lat="44.164358" lon="7.245003">
        <ele>2612.6</ele>
        <time>2026-08-01T07:58:20Z</time>
      </trkpt>
      <trkpt lat="44.164383" lon="7.244993">
        <ele>2612.8</ele>
        <time>2026-08-01T07:58:22Z</time>
      </trkpt>
      <trkpt lat="44.164448" lon="7.244958">
        <ele>2613.8</ele>
        <time>2026-08-01T07:58:29Z</time>
      </trkpt>
      <trkpt lat="44.164452" lon="7.244956">
        <ele>2614.0</ele>
        <time>2026-08-01T07:58:30Z</time>
      </trkpt>
      <trkpt lat="44.164509" lon="7.244913">
        <ele>2615.2</ele>
        <time>2026-08-01T07:58:38Z</time>
      </trkpt>
      <trkpt lat="44.164518" lon="7.244911">
        <ele>2615.4</ele>
        <time>2026-08-01T07:58:39Z</time>
      </trkpt>
      <trkpt lat="44.164539" lon="7.244914">
        <ele>2616.2</ele>
        <time>2026-08-01T07:58:43Z</time>
      </trkpt>
      <trkpt lat="44.164557" lon="7.244905">
        <ele>2617.2</ele>
        <time>2026-08-01T07:58:47Z</time>
      </trkpt>
      <trkpt lat="44.164562" lon="7.244901">
        <ele>2617.4</ele>
        <time>2026-08-01T07:58:48Z</time>
      </trkpt>
      <trkpt lat="44.164636" lon="7.244886">
        <ele>2618.0</ele>
        <time>2026-08-01T07:58:55Z</time>
      </trkpt>
      <trkpt lat="44.164675" lon="7.244875">
        <ele>2618.4</ele>
        <time>2026-08-01T07:58:59Z</time>
      </trkpt>
      <trkpt lat="44.164693" lon="7.244868">
        <ele>2618.8</ele>
        <time>2026-08-01T07:59:01Z</time>
      </trkpt>
      <trkpt lat="44.164781" lon="7.244799">
        <ele>2618.6</ele>
        <time>2026-08-01T07:59:11Z</time>
      </trkpt>
      <trkpt lat="44.164802" lon="7.24478">
        <ele>2619.6</ele>
        <time>2026-08-01T07:59:17Z</time>
      </trkpt>
      <trkpt lat="44.164812" lon="7.244783">
        <ele>2620.0</ele>
        <time>2026-08-01T07:59:19Z</time>
      </trkpt>
      <trkpt lat="44.164821" lon="7.244788">
        <ele>2620.6</ele>
        <time>2026-08-01T07:59:21Z</time>
      </trkpt>
      <trkpt lat="44.164861" lon="7.244793">
        <ele>2621.4</ele>
        <time>2026-08-01T07:59:27Z</time>
      </trkpt>
      <trkpt lat="44.164871" lon="7.244804">
        <ele>2621.8</ele>
        <time>2026-08-01T07:59:29Z</time>
      </trkpt>
      <trkpt lat="44.164875" lon="7.244826">
        <ele>2622.4</ele>
        <time>2026-08-01T07:59:32Z</time>
      </trkpt>
      <trkpt lat="44.164881" lon="7.244841">
        <ele>2622.8</ele>
        <time>2026-08-01T07:59:34Z</time>
      </trkpt>
      <trkpt lat="44.164881" lon="7.244838">
        <ele>2623.0</ele>
        <time>2026-08-01T07:59:36Z</time>
      </trkpt>
      <trkpt lat="44.164924" lon="7.244846">
        <ele>2623.8</ele>
        <time>2026-08-01T07:59:41Z</time>
      </trkpt>
      <trkpt lat="44.164946" lon="7.244854">
        <ele>2624.4</ele>
        <time>2026-08-01T07:59:44Z</time>
      </trkpt>
      <trkpt lat="44.165005" lon="7.244795">
        <ele>2624.8</ele>
        <time>2026-08-01T07:59:51Z</time>
      </trkpt>
      <trkpt lat="44.165023" lon="7.244772">
        <ele>2625.2</ele>
        <time>2026-08-01T07:59:54Z</time>
      </trkpt>
      <trkpt lat="44.165052" lon="7.244731">
        <ele>2626.0</ele>
        <time>2026-08-01T07:59:58Z</time>
      </trkpt>
      <trkpt lat="44.165103" lon="7.244699">
        <ele>2626.4</ele>
        <time>2026-08-01T08:00:03Z</time>
      </trkpt>
      <trkpt lat="44.165129" lon="7.244693">
        <ele>2626.6</ele>
        <time>2026-08-01T08:00:06Z</time>
      </trkpt>
      <trkpt lat="44.165153" lon="7.244693">
        <ele>2627.0</ele>
        <time>2026-08-01T08:00:09Z</time>
      </trkpt>
      <trkpt lat="44.165171" lon="7.244684">
        <ele>2628.2</ele>
        <time>2026-08-01T08:00:13Z</time>
      </trkpt>
      <trkpt lat="44.165183" lon="7.244674">
        <ele>2628.6</ele>
        <time>2026-08-01T08:00:15Z</time>
      </trkpt>
      <trkpt lat="44.165207" lon="7.244681">
        <ele>2629.2</ele>
        <time>2026-08-01T08:00:18Z</time>
      </trkpt>
      <trkpt lat="44.165227" lon="7.24467">
        <ele>2630.0</ele>
        <time>2026-08-01T08:00:22Z</time>
      </trkpt>
      <trkpt lat="44.165235" lon="7.24466">
        <ele>2630.4</ele>
        <time>2026-08-01T08:00:24Z</time>
      </trkpt>
      <trkpt lat="44.16527" lon="7.244617">
        <ele>2631.4</ele>
        <time>2026-08-01T08:00:29Z</time>
      </trkpt>
      <trkpt lat="44.165278" lon="7.24461">
        <ele>2631.6</ele>
        <time>2026-08-01T08:00:30Z</time>
      </trkpt>
      <trkpt lat="44.16533" lon="7.244581">
        <ele>2632.8</ele>
        <time>2026-08-01T08:00:36Z</time>
      </trkpt>
      <trkpt lat="44.165341" lon="7.244569">
        <ele>2633.0</ele>
        <time>2026-08-01T08:00:38Z</time>
      </trkpt>
      <trkpt lat="44.165351" lon="7.24455">
        <ele>2634.0</ele>
        <time>2026-08-01T08:00:42Z</time>
      </trkpt>
      <trkpt lat="44.16537" lon="7.244538">
        <ele>2634.6</ele>
        <time>2026-08-01T08:00:46Z</time>
      </trkpt>
      <trkpt lat="44.165392" lon="7.244531">
        <ele>2635.0</ele>
        <time>2026-08-01T08:00:49Z</time>
      </trkpt>
      <trkpt lat="44.165404" lon="7.244573">
        <ele>2636.2</ele>
        <time>2026-08-01T08:00:55Z</time>
      </trkpt>
      <trkpt lat="44.165385" lon="7.244606">
        <ele>2637.6</ele>
        <time>2026-08-01T08:01:01Z</time>
      </trkpt>
      <trkpt lat="44.16538" lon="7.244618">
        <ele>2638.0</ele>
        <time>2026-08-01T08:01:03Z</time>
      </trkpt>
      <trkpt lat="44.165382" lon="7.244631">
        <ele>2638.2</ele>
        <time>2026-08-01T08:01:06Z</time>
      </trkpt>
      <trkpt lat="44.165389" lon="7.244648">
        <ele>2638.4</ele>
        <time>2026-08-01T08:01:09Z</time>
      </trkpt>
      <trkpt lat="44.165392" lon="7.244651">
        <ele>2638.6</ele>
        <time>2026-08-01T08:01:10Z</time>
      </trkpt>
      <trkpt lat="44.165403" lon="7.244656">
        <ele>2639.0</ele>
        <time>2026-08-01T08:01:12Z</time>
      </trkpt>
      <trkpt lat="44.165416" lon="7.244703">
        <ele>2639.6</ele>
        <time>2026-08-01T08:01:18Z</time>
      </trkpt>
      <trkpt lat="44.165417" lon="7.24471">
        <ele>2639.8</ele>
        <time>2026-08-01T08:01:19Z</time>
      </trkpt>
      <trkpt lat="44.16542" lon="7.244754">
        <ele>2640.6</ele>
        <time>2026-08-01T08:01:26Z</time>
      </trkpt>
      <trkpt lat="44.16542" lon="7.244759">
        <ele>2640.8</ele>
        <time>2026-08-01T08:01:27Z</time>
      </trkpt>
      <trkpt lat="44.165435" lon="7.244752">
        <ele>2641.4</ele>
        <time>2026-08-01T08:01:33Z</time>
      </trkpt>
      <trkpt lat="44.165447" lon="7.244731">
        <ele>2641.8</ele>
        <time>2026-08-01T08:01:35Z</time>
      </trkpt>
      <trkpt lat="44.165474" lon="7.244695">
        <ele>2642.8</ele>
        <time>2026-08-01T08:01:40Z</time>
      </trkpt>
      <trkpt lat="44.165476" lon="7.244694">
        <ele>2643.0</ele>
        <time>2026-08-01T08:01:41Z</time>
      </trkpt>
      <trkpt lat="44.165506" lon="7.244681">
        <ele>2644.0</ele>
        <time>2026-08-01T08:01:47Z</time>
      </trkpt>
      <trkpt lat="44.165525" lon="7.244684">
        <ele>2644.8</ele>
        <time>2026-08-01T08:01:51Z</time>
      </trkpt>
      <trkpt lat="44.165528" lon="7.244683">
        <ele>2645.0</ele>
        <time>2026-08-01T08:01:52Z</time>
      </trkpt>
      <trkpt lat="44.165548" lon="7.244671">
        <ele>2646.2</ele>
        <time>2026-08-01T08:01:57Z</time>
      </trkpt>
      <trkpt lat="44.16557" lon="7.244652">
        <ele>2646.6</ele>
        <time>2026-08-01T08:02:00Z</time>
      </trkpt>
      <trkpt lat="44.165597" lon="7.244629">
        <ele>2647.2</ele>
        <time>2026-08-01T08:02:05Z</time>
      </trkpt>
      <trkpt lat="44.165613" lon="7.244612">
        <ele>2647.8</ele>
        <time>2026-08-01T08:02:08Z</time>
      </trkpt>
      <trkpt lat="44.165614" lon="7.244581">
        <ele>2648.4</ele>
        <time>2026-08-01T08:02:11Z</time>
      </trkpt>
      <trkpt lat="44.165624" lon="7.24454">
        <ele>2649.2</ele>
        <time>2026-08-01T08:02:15Z</time>
      </trkpt>
      <trkpt lat="44.16563" lon="7.244532">
        <ele>2649.6</ele>
        <time>2026-08-01T08:02:17Z</time>
      </trkpt>
      <trkpt lat="44.165668" lon="7.24451">
        <ele>2650.6</ele>
        <time>2026-08-01T08:02:22Z</time>
      </trkpt>
      <trkpt lat="44.165676" lon="7.244507">
        <ele>2650.8</ele>
        <time>2026-08-01T08:02:23Z</time>
      </trkpt>
      <trkpt lat="44.165705" lon="7.244501">
        <ele>2651.6</ele>
        <time>2026-08-01T08:02:27Z</time>
      </trkpt>
      <trkpt lat="44.165709" lon="7.244503">
        <ele>2652.0</ele>
        <time>2026-08-01T08:02:28Z</time>
      </trkpt>
      <trkpt lat="44.16572" lon="7.244519">
        <ele>2652.6</ele>
        <time>2026-08-01T08:02:31Z</time>
      </trkpt>
      <trkpt lat="44.165728" lon="7.244534">
        <ele>2653.0</ele>
        <time>2026-08-01T08:02:33Z</time>
      </trkpt>
      <trkpt lat="44.165739" lon="7.244573">
        <ele>2653.8</ele>
        <time>2026-08-01T08:02:39Z</time>
      </trkpt>
      <trkpt lat="44.165739" lon="7.244568">
        <ele>2653.8</ele>
        <time>2026-08-01T08:02:40Z</time>
      </trkpt>
      <trkpt lat="44.165735" lon="7.244559">
        <ele>2654.0</ele>
        <time>2026-08-01T08:02:41Z</time>
      </trkpt>
      <trkpt lat="44.165762" lon="7.244503">
        <ele>2654.6</ele>
        <time>2026-08-01T08:02:47Z</time>
      </trkpt>
      <trkpt lat="44.165777" lon="7.244482">
        <ele>2655.2</ele>
        <time>2026-08-01T08:02:49Z</time>
      </trkpt>
      <trkpt lat="44.165817" lon="7.244429">
        <ele>2655.4</ele>
        <time>2026-08-01T08:02:55Z</time>
      </trkpt>
      <trkpt lat="44.165824" lon="7.244412">
        <ele>2656.4</ele>
        <time>2026-08-01T08:02:57Z</time>
      </trkpt>
      <trkpt lat="44.165829" lon="7.244376">
        <ele>2657.6</ele>
        <time>2026-08-01T08:03:01Z</time>
      </trkpt>
      <trkpt lat="44.165834" lon="7.244355">
        <ele>2658.0</ele>
        <time>2026-08-01T08:03:03Z</time>
      </trkpt>
      <trkpt lat="44.165834" lon="7.244338">
        <ele>2658.6</ele>
        <time>2026-08-01T08:03:07Z</time>
      </trkpt>
      <trkpt lat="44.165842" lon="7.244295">
        <ele>2659.4</ele>
        <time>2026-08-01T08:03:12Z</time>
      </trkpt>
      <trkpt lat="44.165853" lon="7.244291">
        <ele>2659.8</ele>
        <time>2026-08-01T08:03:14Z</time>
      </trkpt>
      <trkpt lat="44.165912" lon="7.244289">
        <ele>2661.2</ele>
        <time>2026-08-01T08:03:19Z</time>
      </trkpt>
      <trkpt lat="44.165941" lon="7.244283">
        <ele>2662.2</ele>
        <time>2026-08-01T08:03:23Z</time>
      </trkpt>
      <trkpt lat="44.165955" lon="7.24426">
        <ele>2662.0</ele>
        <time>2026-08-01T08:03:26Z</time>
      </trkpt>
      <trkpt lat="44.165984" lon="7.244223">
        <ele>2662.4</ele>
        <time>2026-08-01T08:03:31Z</time>
      </trkpt>
      <trkpt lat="44.165994" lon="7.244213">
        <ele>2662.6</ele>
        <time>2026-08-01T08:03:32Z</time>
      </trkpt>
      <trkpt lat="44.166035" lon="7.244182">
        <ele>2663.2</ele>
        <time>2026-08-01T08:03:36Z</time>
      </trkpt>
      <trkpt lat="44.166059" lon="7.244156">
        <ele>2663.6</ele>
        <time>2026-08-01T08:03:40Z</time>
      </trkpt>
      <trkpt lat="44.166083" lon="7.244138">
        <ele>2664.2</ele>
        <time>2026-08-01T08:03:44Z</time>
      </trkpt>
      <trkpt lat="44.166116" lon="7.244118">
        <ele>2664.8</ele>
        <time>2026-08-01T08:03:48Z</time>
      </trkpt>
      <trkpt lat="44.166145" lon="7.244094">
        <ele>2665.2</ele>
        <time>2026-08-01T08:03:52Z</time>
      </trkpt>
      <trkpt lat="44.166174" lon="7.244048">
        <ele>2665.6</ele>
        <time>2026-08-01T08:03:56Z</time>
      </trkpt>
      <trkpt lat="44.166211" lon="7.243927">
        <ele>2666.4</ele>
        <time>2026-08-01T08:04:04Z</time>
      </trkpt>
      <trkpt lat="44.166276" lon="7.24385">
        <ele>2667.0</ele>
        <time>2026-08-01T08:04:12Z</time>
      </trkpt>
      <trkpt lat="44.166292" lon="7.243811">
        <ele>2667.4</ele>
        <time>2026-08-01T08:04:15Z</time>
      </trkpt>
      <trkpt lat="44.166305" lon="7.243738">
        <ele>2667.8</ele>
        <time>2026-08-01T08:04:20Z</time>
      </trkpt>
      <trkpt lat="44.166344" lon="7.243651">
        <ele>2668.2</ele>
        <time>2026-08-01T08:04:27Z</time>
      </trkpt>
      <trkpt lat="44.166361" lon="7.243635">
        <ele>2668.4</ele>
        <time>2026-08-01T08:04:29Z</time>
      </trkpt>
      <trkpt lat="44.166406" lon="7.243573">
        <ele>2669.6</ele>
        <time>2026-08-01T08:04:35Z</time>
      </trkpt>
      <trkpt lat="44.16645" lon="7.243468">
        <ele>2670.4</ele>
        <time>2026-08-01T08:04:43Z</time>
      </trkpt>
      <trkpt lat="44.166456" lon="7.243454">
        <ele>2670.6</ele>
        <time>2026-08-01T08:04:44Z</time>
      </trkpt>
      <trkpt lat="44.166524" lon="7.243395">
        <ele>2671.2</ele>
        <time>2026-08-01T08:04:51Z</time>
      </trkpt>
      <trkpt lat="44.166577" lon="7.243374">
        <ele>2671.6</ele>
        <time>2026-08-01T08:04:57Z</time>
      </trkpt>
      <trkpt lat="44.166588" lon="7.243367">
        <ele>2671.8</ele>
        <time>2026-08-01T08:04:59Z</time>
      </trkpt>
      <trkpt lat="44.166656" lon="7.243362">
        <ele>2672.2</ele>
        <time>2026-08-01T08:05:08Z</time>
      </trkpt>
      <trkpt lat="44.166705" lon="7.243373">
        <ele>2672.6</ele>
        <time>2026-08-01T08:05:12Z</time>
      </trkpt>
      <trkpt lat="44.166741" lon="7.243382">
        <ele>2673.0</ele>
        <time>2026-08-01T08:05:15Z</time>
      </trkpt>
      <trkpt lat="44.166816" lon="7.243359">
        <ele>2673.4</ele>
        <time>2026-08-01T08:05:24Z</time>
      </trkpt>
      <trkpt lat="44.166838" lon="7.243355">
        <ele>2673.8</ele>
        <time>2026-08-01T08:05:26Z</time>
      </trkpt>
      <trkpt lat="44.166903" lon="7.243344">
        <ele>2674.4</ele>
        <time>2026-08-01T08:05:32Z</time>
      </trkpt>
      <trkpt lat="44.166951" lon="7.243309">
        <ele>2674.8</ele>
        <time>2026-08-01T08:05:39Z</time>
      </trkpt>
      <trkpt lat="44.166958" lon="7.243301">
        <ele>2674.8</ele>
        <time>2026-08-01T08:05:40Z</time>
      </trkpt>
      <trkpt lat="44.166987" lon="7.243285">
        <ele>2675.6</ele>
        <time>2026-08-01T08:05:45Z</time>
      </trkpt>
      <trkpt lat="44.166994" lon="7.24328">
        <ele>2675.8</ele>
        <time>2026-08-01T08:05:46Z</time>
      </trkpt>
      <trkpt lat="44.167001" lon="7.243284">
        <ele>2676.0</ele>
        <time>2026-08-01T08:05:47Z</time>
      </trkpt>
      <trkpt lat="44.16704" lon="7.243301">
        <ele>2677.0</ele>
        <time>2026-08-01T08:05:52Z</time>
      </trkpt>
      <trkpt lat="44.167055" lon="7.243298">
        <ele>2677.2</ele>
        <time>2026-08-01T08:05:53Z</time>
      </trkpt>
      <trkpt lat="44.167094" lon="7.243288">
        <ele>2678.2</ele>
        <time>2026-08-01T08:05:58Z</time>
      </trkpt>
      <trkpt lat="44.167101" lon="7.243286">
        <ele>2678.4</ele>
        <time>2026-08-01T08:05:59Z</time>
      </trkpt>
      <trkpt lat="44.167158" lon="7.243251">
        <ele>2679.2</ele>
        <time>2026-08-01T08:06:05Z</time>
      </trkpt>
      <trkpt lat="44.167171" lon="7.243249">
        <ele>2679.4</ele>
        <time>2026-08-01T08:06:06Z</time>
      </trkpt>
      <trkpt lat="44.167196" lon="7.243249">
        <ele>2679.6</ele>
        <time>2026-08-01T08:06:09Z</time>
      </trkpt>
      <trkpt lat="44.167218" lon="7.243245">
        <ele>2680.0</ele>
        <time>2026-08-01T08:06:13Z</time>
      </trkpt>
      <trkpt lat="44.167241" lon="7.243236">
        <ele>2680.4</ele>
        <time>2026-08-01T08:06:15Z</time>
      </trkpt>
      <trkpt lat="44.16731" lon="7.243195">
        <ele>2680.6</ele>
        <time>2026-08-01T08:06:21Z</time>
      </trkpt>
      <trkpt lat="44.167361" lon="7.243181">
        <ele>2681.4</ele>
        <time>2026-08-01T08:06:27Z</time>
      </trkpt>
      <trkpt lat="44.16738" lon="7.243181">
        <ele>2681.6</ele>
        <time>2026-08-01T08:06:29Z</time>
      </trkpt>
      <trkpt lat="44.167436" lon="7.24317">
        <ele>2682.4</ele>
        <time>2026-08-01T08:06:34Z</time>
      </trkpt>
      <trkpt lat="44.167444" lon="7.243177">
        <ele>2682.6</ele>
        <time>2026-08-01T08:06:35Z</time>
      </trkpt>
      <trkpt lat="44.167476" lon="7.243183">
        <ele>2683.0</ele>
        <time>2026-08-01T08:06:38Z</time>
      </trkpt>
      <trkpt lat="44.167501" lon="7.243165">
        <ele>2683.2</ele>
        <time>2026-08-01T08:06:41Z</time>
      </trkpt>
      <trkpt lat="44.167514" lon="7.24316">
        <ele>2683.6</ele>
        <time>2026-08-01T08:06:43Z</time>
      </trkpt>
      <trkpt lat="44.167552" lon="7.243155">
        <ele>2684.2</ele>
        <time>2026-08-01T08:06:47Z</time>
      </trkpt>
      <trkpt lat="44.167613" lon="7.243128">
        <ele>2684.6</ele>
        <time>2026-08-01T08:06:53Z</time>
      </trkpt>
      <trkpt lat="44.167634" lon="7.243119">
        <ele>2684.8</ele>
        <time>2026-08-01T08:06:55Z</time>
      </trkpt>
      <trkpt lat="44.167723" lon="7.243048">
        <ele>2685.6</ele>
        <time>2026-08-01T08:07:04Z</time>
      </trkpt>
      <trkpt lat="44.167768" lon="7.24303">
        <ele>2686.4</ele>
        <time>2026-08-01T08:07:09Z</time>
      </trkpt>
      <trkpt lat="44.167787" lon="7.243028">
        <ele>2686.8</ele>
        <time>2026-08-01T08:07:11Z</time>
      </trkpt>
      <trkpt lat="44.167823" lon="7.243013">
        <ele>2687.4</ele>
        <time>2026-08-01T08:07:15Z</time>
      </trkpt>
      <trkpt lat="44.167858" lon="7.242997">
        <ele>2687.8</ele>
        <time>2026-08-01T08:07:18Z</time>
      </trkpt>
      <trkpt lat="44.167908" lon="7.242986">
        <ele>2688.8</ele>
        <time>2026-08-01T08:07:24Z</time>
      </trkpt>
      <trkpt lat="44.167917" lon="7.242991">
        <ele>2688.8</ele>
        <time>2026-08-01T08:07:25Z</time>
      </trkpt>
      <trkpt lat="44.167971" lon="7.242994">
        <ele>2689.6</ele>
        <time>2026-08-01T08:07:33Z</time>
      </trkpt>
      <trkpt lat="44.167984" lon="7.242987">
        <ele>2690.0</ele>
        <time>2026-08-01T08:07:36Z</time>
      </trkpt>
      <trkpt lat="44.168034" lon="7.242951">
        <ele>2690.8</ele>
        <time>2026-08-01T08:07:41Z</time>
      </trkpt>
      <trkpt lat="44.168044" lon="7.242942">
        <ele>2690.8</ele>
        <time>2026-08-01T08:07:42Z</time>
      </trkpt>
      <trkpt lat="44.168105" lon="7.242897">
        <ele>2691.0</ele>
        <time>2026-08-01T08:07:47Z</time>
      </trkpt>
      <trkpt lat="44.168159" lon="7.242869">
        <ele>2691.4</ele>
        <time>2026-08-01T08:07:52Z</time>
      </trkpt>
      <trkpt lat="44.16824" lon="7.24286">
        <ele>2691.6</ele>
        <time>2026-08-01T08:07:59Z</time>
      </trkpt>
      <trkpt lat="44.168301" lon="7.242798">
        <ele>2692.0</ele>
        <time>2026-08-01T08:08:06Z</time>
      </trkpt>
      <trkpt lat="44.168323" lon="7.242782">
        <ele>2692.4</ele>
        <time>2026-08-01T08:08:08Z</time>
      </trkpt>
      <trkpt lat="44.168376" lon="7.242742">
        <ele>2693.0</ele>
        <time>2026-08-01T08:08:13Z</time>
      </trkpt>
      <trkpt lat="44.168396" lon="7.242738">
        <ele>2693.4</ele>
        <time>2026-08-01T08:08:15Z</time>
      </trkpt>
      <trkpt lat="44.168414" lon="7.242735">
        <ele>2693.8</ele>
        <time>2026-08-01T08:08:17Z</time>
      </trkpt>
      <trkpt lat="44.168452" lon="7.242725">
        <ele>2694.2</ele>
        <time>2026-08-01T08:08:20Z</time>
      </trkpt>
      <trkpt lat="44.168478" lon="7.242715">
        <ele>2694.6</ele>
        <time>2026-08-01T08:08:22Z</time>
      </trkpt>
      <trkpt lat="44.168516" lon="7.242684">
        <ele>2695.4</ele>
        <time>2026-08-01T08:08:27Z</time>
      </trkpt>
      <trkpt lat="44.168536" lon="7.242657">
        <ele>2695.8</ele>
        <time>2026-08-01T08:08:30Z</time>
      </trkpt>
      <trkpt lat="44.168558" lon="7.242539">
        <ele>2696.4</ele>
        <time>2026-08-01T08:08:37Z</time>
      </trkpt>
      <trkpt lat="44.168565" lon="7.242519">
        <ele>2696.4</ele>
        <time>2026-08-01T08:08:38Z</time>
      </trkpt>
      <trkpt lat="44.168595" lon="7.242379">
        <ele>2697.4</ele>
        <time>2026-08-01T08:08:47Z</time>
      </trkpt>
      <trkpt lat="44.168617" lon="7.242338">
        <ele>2698.6</ele>
        <time>2026-08-01T08:08:53Z</time>
      </trkpt>
      <trkpt lat="44.16863" lon="7.242337">
        <ele>2699.0</ele>
        <time>2026-08-01T08:08:55Z</time>
      </trkpt>
      <trkpt lat="44.168647" lon="7.242344">
        <ele>2699.8</ele>
        <time>2026-08-01T08:08:58Z</time>
      </trkpt>
      <trkpt lat="44.168675" lon="7.242335">
        <ele>2700.6</ele>
        <time>2026-08-01T08:09:03Z</time>
      </trkpt>
      <trkpt lat="44.168675" lon="7.242317">
        <ele>2700.8</ele>
        <time>2026-08-01T08:09:05Z</time>
      </trkpt>
      <trkpt lat="44.168677" lon="7.242288">
        <ele>2701.8</ele>
        <time>2026-08-01T08:09:10Z</time>
      </trkpt>
      <trkpt lat="44.168705" lon="7.242304">
        <ele>2703.0</ele>
        <time>2026-08-01T08:09:16Z</time>
      </trkpt>
      <trkpt lat="44.168711" lon="7.242286">
        <ele>2703.2</ele>
        <time>2026-08-01T08:09:18Z</time>
      </trkpt>
      <trkpt lat="44.168715" lon="7.242226">
        <ele>2704.0</ele>
        <time>2026-08-01T08:09:23Z</time>
      </trkpt>
      <trkpt lat="44.168721" lon="7.242218">
        <ele>2704.2</ele>
        <time>2026-08-01T08:09:24Z</time>
      </trkpt>
      <trkpt lat="44.168739" lon="7.242221">
        <ele>2705.2</ele>
        <time>2026-08-01T08:09:27Z</time>
      </trkpt>
      <trkpt lat="44.168739" lon="7.242233">
        <ele>2705.6</ele>
        <time>2026-08-01T08:09:30Z</time>
      </trkpt>
      <trkpt lat="44.168752" lon="7.242235">
        <ele>2706.2</ele>
        <time>2026-08-01T08:09:35Z</time>
      </trkpt>
      <trkpt lat="44.168774" lon="7.242224">
        <ele>2706.8</ele>
        <time>2026-08-01T08:09:39Z</time>
      </trkpt>
      <trkpt lat="44.168773" lon="7.242217">
        <ele>2707.2</ele>
        <time>2026-08-01T08:09:41Z</time>
      </trkpt>
      <trkpt lat="44.168786" lon="7.242172">
        <ele>2708.2</ele>
        <time>2026-08-01T08:09:47Z</time>
      </trkpt>
      <trkpt lat="44.168789" lon="7.242166">
        <ele>2708.4</ele>
        <time>2026-08-01T08:09:48Z</time>
      </trkpt>
      <trkpt lat="44.168839" lon="7.242186">
        <ele>2709.4</ele>
        <time>2026-08-01T08:09:55Z</time>
      </trkpt>
      <trkpt lat="44.168908" lon="7.242228">
        <ele>2710.2</ele>
        <time>2026-08-01T08:10:02Z</time>
      </trkpt>
      <trkpt lat="44.168938" lon="7.242237">
        <ele>2710.6</ele>
        <time>2026-08-01T08:10:05Z</time>
      </trkpt>
      <trkpt lat="44.169" lon="7.242321">
        <ele>2711.2</ele>
        <time>2026-08-01T08:10:13Z</time>
      </trkpt>
      <trkpt lat="44.169033" lon="7.242373">
        <ele>2711.0</ele>
        <time>2026-08-01T08:10:20Z</time>
      </trkpt>
      <trkpt lat="44.169059" lon="7.242392">
        <ele>2711.4</ele>
        <time>2026-08-01T08:10:24Z</time>
      </trkpt>
      <trkpt lat="44.169063" lon="7.242394">
        <ele>2711.6</ele>
        <time>2026-08-01T08:10:25Z</time>
      </trkpt>
      <trkpt lat="44.169084" lon="7.242411">
        <ele>2712.0</ele>
        <time>2026-08-01T08:10:28Z</time>
      </trkpt>
      <trkpt lat="44.169095" lon="7.242424">
        <ele>2712.4</ele>
        <time>2026-08-01T08:10:30Z</time>
      </trkpt>
      <trkpt lat="44.169097" lon="7.242429">
        <ele>2712.6</ele>
        <time>2026-08-01T08:10:31Z</time>
      </trkpt>
      <trkpt lat="44.169112" lon="7.242441">
        <ele>2713.2</ele>
        <time>2026-08-01T08:10:34Z</time>
      </trkpt>
      <trkpt lat="44.16912" lon="7.242443">
        <ele>2713.6</ele>
        <time>2026-08-01T08:10:36Z</time>
      </trkpt>
      <trkpt lat="44.169122" lon="7.242445">
        <ele>2713.8</ele>
        <time>2026-08-01T08:10:37Z</time>
      </trkpt>
      <trkpt lat="44.169134" lon="7.242458">
        <ele>2714.4</ele>
        <time>2026-08-01T08:10:41Z</time>
      </trkpt>
      <trkpt lat="44.169152" lon="7.242464">
        <ele>2714.8</ele>
        <time>2026-08-01T08:10:45Z</time>
      </trkpt>
      <trkpt lat="44.169187" lon="7.242462">
        <ele>2716.0</ele>
        <time>2026-08-01T08:10:51Z</time>
      </trkpt>
      <trkpt lat="44.169206" lon="7.242475">
        <ele>2716.6</ele>
        <time>2026-08-01T08:10:54Z</time>
      </trkpt>
      <trkpt lat="44.169218" lon="7.242488">
        <ele>2717.0</ele>
        <time>2026-08-01T08:10:56Z</time>
      </trkpt>
      <trkpt lat="44.169247" lon="7.242534">
        <ele>2718.0</ele>
        <time>2026-08-01T08:11:02Z</time>
      </trkpt>
      <trkpt lat="44.169252" lon="7.242539">
        <ele>2718.2</ele>
        <time>2026-08-01T08:11:03Z</time>
      </trkpt>
      <trkpt lat="44.169272" lon="7.242552">
        <ele>2719.2</ele>
        <time>2026-08-01T08:11:08Z</time>
      </trkpt>
      <trkpt lat="44.169283" lon="7.242566">
        <ele>2719.8</ele>
        <time>2026-08-01T08:11:11Z</time>
      </trkpt>
      <trkpt lat="44.1693" lon="7.242587">
        <ele>2720.4</ele>
        <time>2026-08-01T08:11:14Z</time>
      </trkpt>
      <trkpt lat="44.169317" lon="7.242639">
        <ele>2721.2</ele>
        <time>2026-08-01T08:11:19Z</time>
      </trkpt>
      <trkpt lat="44.169327" lon="7.24267">
        <ele>2721.4</ele>
        <time>2026-08-01T08:11:21Z</time>
      </trkpt>
      <trkpt lat="44.169346" lon="7.242721">
        <ele>2721.8</ele>
        <time>2026-08-01T08:11:26Z</time>
      </trkpt>
      <trkpt lat="44.169336" lon="7.242685">
        <ele>2722.2</ele>
        <time>2026-08-01T08:11:34Z</time>
      </trkpt>
      <trkpt lat="44.169324" lon="7.242711">
        <ele>2721.0</ele>
        <time>2026-08-01T08:11:44Z</time>
      </trkpt>
      <trkpt lat="44.169323" lon="7.242715">
        <ele>2721.0</ele>
        <time>2026-08-01T08:11:45Z</time>
      </trkpt>
      <trkpt lat="44.169315" lon="7.242722">
        <ele>2721.2</ele>
        <time>2026-08-01T08:11:56Z</time>
      </trkpt>
      <trkpt lat="44.169356" lon="7.242744">
        <ele>2721.6</ele>
        <time>2026-08-01T08:12:04Z</time>
      </trkpt>
      <trkpt lat="44.169384" lon="7.242752">
        <ele>2722.4</ele>
        <time>2026-08-01T08:12:08Z</time>
      </trkpt>
      <trkpt lat="44.1694" lon="7.242778">
        <ele>2723.2</ele>
        <time>2026-08-01T08:12:12Z</time>
      </trkpt>
      <trkpt lat="44.169398" lon="7.242788">
        <ele>2723.6</ele>
        <time>2026-08-01T08:12:14Z</time>
      </trkpt>
      <trkpt lat="44.169401" lon="7.242808">
        <ele>2724.4</ele>
        <time>2026-08-01T08:12:19Z</time>
      </trkpt>
      <trkpt lat="44.169404" lon="7.242814">
        <ele>2724.4</ele>
        <time>2026-08-01T08:12:20Z</time>
      </trkpt>
      <trkpt lat="44.169408" lon="7.242817">
        <ele>2724.6</ele>
        <time>2026-08-01T08:12:21Z</time>
      </trkpt>
      <trkpt lat="44.169418" lon="7.242852">
        <ele>2725.8</ele>
        <time>2026-08-01T08:12:28Z</time>
      </trkpt>
      <trkpt lat="44.169417" lon="7.242872">
        <ele>2726.4</ele>
        <time>2026-08-01T08:12:31Z</time>
      </trkpt>
      <trkpt lat="44.16942" lon="7.242876">
        <ele>2726.8</ele>
        <time>2026-08-01T08:12:33Z</time>
      </trkpt>
      <trkpt lat="44.169448" lon="7.242893">
        <ele>2728.0</ele>
        <time>2026-08-01T08:12:39Z</time>
      </trkpt>
      <trkpt lat="44.169479" lon="7.242916">
        <ele>2729.0</ele>
        <time>2026-08-01T08:12:45Z</time>
      </trkpt>
      <trkpt lat="44.16949" lon="7.24289">
        <ele>2729.8</ele>
        <time>2026-08-01T08:12:51Z</time>
      </trkpt>
      <trkpt lat="44.169494" lon="7.242882">
        <ele>2730.2</ele>
        <time>2026-08-01T08:12:53Z</time>
      </trkpt>
      <trkpt lat="44.169498" lon="7.242877">
        <ele>2730.4</ele>
        <time>2026-08-01T08:12:54Z</time>
      </trkpt>
      <trkpt lat="44.169518" lon="7.242876">
        <ele>2731.2</ele>
        <time>2026-08-01T08:12:59Z</time>
      </trkpt>
      <trkpt lat="44.169523" lon="7.242876">
        <ele>2731.4</ele>
        <time>2026-08-01T08:13:00Z</time>
      </trkpt>
      <trkpt lat="44.169548" lon="7.24288">
        <ele>2732.4</ele>
        <time>2026-08-01T08:13:06Z</time>
      </trkpt>
      <trkpt lat="44.169556" lon="7.24288">
        <ele>2732.8</ele>
        <time>2026-08-01T08:13:08Z</time>
      </trkpt>
      <trkpt lat="44.169568" lon="7.242867">
        <ele>2733.4</ele>
        <time>2026-08-01T08:13:12Z</time>
      </trkpt>
      <trkpt lat="44.169583" lon="7.242858">
        <ele>2734.4</ele>
        <time>2026-08-01T08:13:17Z</time>
      </trkpt>
      <trkpt lat="44.169602" lon="7.242835">
        <ele>2735.6</ele>
        <time>2026-08-01T08:13:23Z</time>
      </trkpt>
      <trkpt lat="44.169625" lon="7.242815">
        <ele>2736.6</ele>
        <time>2026-08-01T08:13:29Z</time>
      </trkpt>
      <trkpt lat="44.169635" lon="7.242815">
        <ele>2737.2</ele>
        <time>2026-08-01T08:13:32Z</time>
      </trkpt>
      <trkpt lat="44.169641" lon="7.242799">
        <ele>2737.8</ele>
        <time>2026-08-01T08:13:35Z</time>
      </trkpt>
      <trkpt lat="44.169639" lon="7.242769">
        <ele>2739.0</ele>
        <time>2026-08-01T08:13:40Z</time>
      </trkpt>
      <trkpt lat="44.16965" lon="7.24273">
        <ele>2740.2</ele>
        <time>2026-08-01T08:13:47Z</time>
      </trkpt>
      <trkpt lat="44.169651" lon="7.242674">
        <ele>2740.8</ele>
        <time>2026-08-01T08:13:51Z</time>
      </trkpt>
      <trkpt lat="44.169659" lon="7.242656">
        <ele>2741.0</ele>
        <time>2026-08-01T08:13:53Z</time>
      </trkpt>
      <trkpt lat="44.169669" lon="7.242647">
        <ele>2741.2</ele>
        <time>2026-08-01T08:13:55Z</time>
      </trkpt>
      <trkpt lat="44.169687" lon="7.242667">
        <ele>2741.8</ele>
        <time>2026-08-01T08:13:59Z</time>
      </trkpt>
      <trkpt lat="44.169722" lon="7.242685">
        <ele>2742.2</ele>
        <time>2026-08-01T08:14:04Z</time>
      </trkpt>
      <trkpt lat="44.169729" lon="7.242693">
        <ele>2742.2</ele>
        <time>2026-08-01T08:14:05Z</time>
      </trkpt>
      <trkpt lat="44.169745" lon="7.242711">
        <ele>2742.8</ele>
        <time>2026-08-01T08:14:08Z</time>
      </trkpt>
      <trkpt lat="44.169755" lon="7.242721">
        <ele>2743.2</ele>
        <time>2026-08-01T08:14:12Z</time>
      </trkpt>
      <trkpt lat="44.169758" lon="7.242719">
        <ele>2743.4</ele>
        <time>2026-08-01T08:14:13Z</time>
      </trkpt>
      <trkpt lat="44.169767" lon="7.242714">
        <ele>2744.2</ele>
        <time>2026-08-01T08:14:17Z</time>
      </trkpt>
      <trkpt lat="44.169773" lon="7.242718">
        <ele>2744.4</ele>
        <time>2026-08-01T08:14:18Z</time>
      </trkpt>
      <trkpt lat="44.169819" lon="7.242756">
        <ele>2745.6</ele>
        <time>2026-08-01T08:14:25Z</time>
      </trkpt>
      <trkpt lat="44.16982" lon="7.24276">
        <ele>2745.8</ele>
        <time>2026-08-01T08:14:26Z</time>
      </trkpt>
      <trkpt lat="44.169822" lon="7.24277">
        <ele>2746.6</ele>
        <time>2026-08-01T08:14:32Z</time>
      </trkpt>
      <trkpt lat="44.169825" lon="7.242784">
        <ele>2747.2</ele>
        <time>2026-08-01T08:14:35Z</time>
      </trkpt>
      <trkpt lat="44.169838" lon="7.242802">
        <ele>2747.2</ele>
        <time>2026-08-01T08:14:45Z</time>
      </trkpt>
      <trkpt lat="44.169829" lon="7.242779">
        <ele>2747.6</ele>
        <time>2026-08-01T08:14:47Z</time>
      </trkpt>
      <trkpt lat="44.169819" lon="7.242758">
        <ele>2748.2</ele>
        <time>2026-08-01T08:14:54Z</time>
      </trkpt>
      <trkpt lat="44.169833" lon="7.242717">
        <ele>2748.6</ele>
        <time>2026-08-01T08:14:59Z</time>
      </trkpt>
      <trkpt lat="44.169834" lon="7.242711">
        <ele>2748.8</ele>
        <time>2026-08-01T08:15:00Z</time>
      </trkpt>
      <trkpt lat="44.169839" lon="7.24269">
        <ele>2749.8</ele>
        <time>2026-08-01T08:15:05Z</time>
      </trkpt>
      <trkpt lat="44.169838" lon="7.242673">
        <ele>2750.2</ele>
        <time>2026-08-01T08:15:07Z</time>
      </trkpt>
      <trkpt lat="44.169846" lon="7.242658">
        <ele>2750.8</ele>
        <time>2026-08-01T08:15:10Z</time>
      </trkpt>
      <trkpt lat="44.169861" lon="7.242661">
        <ele>2751.4</ele>
        <time>2026-08-01T08:15:14Z</time>
      </trkpt>
      <trkpt lat="44.169876" lon="7.242649">
        <ele>2751.8</ele>
        <time>2026-08-01T08:15:17Z</time>
      </trkpt>
      <trkpt lat="44.169905" lon="7.242618">
        <ele>2752.6</ele>
        <time>2026-08-01T08:15:23Z</time>
      </trkpt>
      <trkpt lat="44.169916" lon="7.242604">
        <ele>2752.8</ele>
        <time>2026-08-01T08:15:25Z</time>
      </trkpt>
      <trkpt lat="44.169945" lon="7.242646">
        <ele>2753.4</ele>
        <time>2026-08-01T08:15:29Z</time>
      </trkpt>
      <trkpt lat="44.169949" lon="7.242708">
        <ele>2753.8</ele>
        <time>2026-08-01T08:15:35Z</time>
      </trkpt>
      <trkpt lat="44.169961" lon="7.242777">
        <ele>2753.8</ele>
        <time>2026-08-01T08:15:43Z</time>
      </trkpt>
      <trkpt lat="44.169963" lon="7.24278">
        <ele>2753.8</ele>
        <time>2026-08-01T08:15:44Z</time>
      </trkpt>
      <trkpt lat="44.169984" lon="7.242801">
        <ele>2754.2</ele>
        <time>2026-08-01T08:15:51Z</time>
      </trkpt>
      <trkpt lat="44.169983" lon="7.24279">
        <ele>2754.2</ele>
        <time>2026-08-01T08:15:59Z</time>
      </trkpt>
      <trkpt lat="44.169983" lon="7.242777">
        <ele>2755.0</ele>
        <time>2026-08-01T08:16:03Z</time>
      </trkpt>
      <trkpt lat="44.170009" lon="7.242772">
        <ele>2756.0</ele>
        <time>2026-08-01T08:16:08Z</time>
      </trkpt>
      <trkpt lat="44.170041" lon="7.242769">
        <ele>2756.8</ele>
        <time>2026-08-01T08:16:14Z</time>
      </trkpt>
      <trkpt lat="44.170043" lon="7.242764">
        <ele>2757.0</ele>
        <time>2026-08-01T08:16:15Z</time>
      </trkpt>
      <trkpt lat="44.170036" lon="7.242752">
        <ele>2757.6</ele>
        <time>2026-08-01T08:16:17Z</time>
      </trkpt>
      <trkpt lat="44.170029" lon="7.242748">
        <ele>2758.0</ele>
        <time>2026-08-01T08:16:19Z</time>
      </trkpt>
      <trkpt lat="44.17002" lon="7.242696">
        <ele>2759.0</ele>
        <time>2026-08-01T08:16:24Z</time>
      </trkpt>
      <trkpt lat="44.17002" lon="7.242688">
        <ele>2759.2</ele>
        <time>2026-08-01T08:16:25Z</time>
      </trkpt>
      <trkpt lat="44.170037" lon="7.242638">
        <ele>2760.2</ele>
        <time>2026-08-01T08:16:30Z</time>
      </trkpt>
      <trkpt lat="44.17006" lon="7.242625">
        <ele>2760.4</ele>
        <time>2026-08-01T08:16:32Z</time>
      </trkpt>
      <trkpt lat="44.170071" lon="7.242656">
        <ele>2761.0</ele>
        <time>2026-08-01T08:16:35Z</time>
      </trkpt>
      <trkpt lat="44.170075" lon="7.242671">
        <ele>2761.2</ele>
        <time>2026-08-01T08:16:37Z</time>
      </trkpt>
      <trkpt lat="44.170075" lon="7.242666">
        <ele>2761.4</ele>
        <time>2026-08-01T08:16:38Z</time>
      </trkpt>
      <trkpt lat="44.170104" lon="7.242665">
        <ele>2762.0</ele>
        <time>2026-08-01T08:16:44Z</time>
      </trkpt>
      <trkpt lat="44.170111" lon="7.242673">
        <ele>2762.2</ele>
        <time>2026-08-01T08:16:45Z</time>
      </trkpt>
      <trkpt lat="44.170118" lon="7.242677">
        <ele>2762.6</ele>
        <time>2026-08-01T08:16:47Z</time>
      </trkpt>
      <trkpt lat="44.170157" lon="7.242689">
        <ele>2763.4</ele>
        <time>2026-08-01T08:16:53Z</time>
      </trkpt>
      <trkpt lat="44.170168" lon="7.242701">
        <ele>2763.8</ele>
        <time>2026-08-01T08:16:56Z</time>
      </trkpt>
      <trkpt lat="44.170193" lon="7.2428">
        <ele>2764.4</ele>
        <time>2026-08-01T08:17:04Z</time>
      </trkpt>
      <trkpt lat="44.170198" lon="7.242917">
        <ele>2764.0</ele>
        <time>2026-08-01T08:17:12Z</time>
      </trkpt>
      <trkpt lat="44.170189" lon="7.242933">
        <ele>2764.2</ele>
        <time>2026-08-01T08:17:19Z</time>
      </trkpt>
      <trkpt lat="44.170186" lon="7.242971">
        <ele>2764.0</ele>
        <time>2026-08-01T08:17:25Z</time>
      </trkpt>
      <trkpt lat="44.170181" lon="7.243027">
        <ele>2764.4</ele>
        <time>2026-08-01T08:17:31Z</time>
      </trkpt>
      <trkpt lat="44.170182" lon="7.243046">
        <ele>2764.6</ele>
        <time>2026-08-01T08:17:33Z</time>
      </trkpt>
      <trkpt lat="44.170182" lon="7.24314">
        <ele>2765.4</ele>
        <time>2026-08-01T08:17:41Z</time>
      </trkpt>
      <trkpt lat="44.170183" lon="7.243146">
        <ele>2765.6</ele>
        <time>2026-08-01T08:17:42Z</time>
      </trkpt>
      <trkpt lat="44.170202" lon="7.243212">
        <ele>2766.6</ele>
        <time>2026-08-01T08:17:50Z</time>
      </trkpt>
      <trkpt lat="44.170214" lon="7.243219">
        <ele>2767.4</ele>
        <time>2026-08-01T08:17:54Z</time>
      </trkpt>
      <trkpt lat="44.170217" lon="7.243225">
        <ele>2767.6</ele>
        <time>2026-08-01T08:17:55Z</time>
      </trkpt>
      <trkpt lat="44.170219" lon="7.243232">
        <ele>2768.2</ele>
        <time>2026-08-01T08:17:58Z</time>
      </trkpt>
      <trkpt lat="44.170226" lon="7.243231">
        <ele>2768.8</ele>
        <time>2026-08-01T08:18:02Z</time>
      </trkpt>
      <trkpt lat="44.170228" lon="7.243202">
        <ele>2770.0</ele>
        <time>2026-08-01T08:18:06Z</time>
      </trkpt>
      <trkpt lat="44.170232" lon="7.243195">
        <ele>2770.2</ele>
        <time>2026-08-01T08:18:07Z</time>
      </trkpt>
      <trkpt lat="44.170245" lon="7.243165">
        <ele>2771.0</ele>
        <time>2026-08-01T08:18:10Z</time>
      </trkpt>
      <trkpt lat="44.17026" lon="7.243151">
        <ele>2772.0</ele>
        <time>2026-08-01T08:18:14Z</time>
      </trkpt>
      <trkpt lat="44.170262" lon="7.243141">
        <ele>2772.2</ele>
        <time>2026-08-01T08:18:15Z</time>
      </trkpt>
      <trkpt lat="44.170282" lon="7.243119">
        <ele>2773.4</ele>
        <time>2026-08-01T08:18:19Z</time>
      </trkpt>
      <trkpt lat="44.170296" lon="7.243108">
        <ele>2773.8</ele>
        <time>2026-08-01T08:18:21Z</time>
      </trkpt>
      <trkpt lat="44.17031" lon="7.243088">
        <ele>2774.6</ele>
        <time>2026-08-01T08:18:25Z</time>
      </trkpt>
      <trkpt lat="44.170326" lon="7.243087">
        <ele>2775.4</ele>
        <time>2026-08-01T08:18:29Z</time>
      </trkpt>
      <trkpt lat="44.170329" lon="7.243085">
        <ele>2775.8</ele>
        <time>2026-08-01T08:18:30Z</time>
      </trkpt>
      <trkpt lat="44.170353" lon="7.243075">
        <ele>2776.8</ele>
        <time>2026-08-01T08:18:36Z</time>
      </trkpt>
      <trkpt lat="44.170359" lon="7.24307">
        <ele>2777.0</ele>
        <time>2026-08-01T08:18:37Z</time>
      </trkpt>
      <trkpt lat="44.170377" lon="7.24304">
        <ele>2777.8</ele>
        <time>2026-08-01T08:18:42Z</time>
      </trkpt>
      <trkpt lat="44.170406" lon="7.243016">
        <ele>2778.4</ele>
        <time>2026-08-01T08:18:45Z</time>
      </trkpt>
      <trkpt lat="44.170431" lon="7.242999">
        <ele>2778.8</ele>
        <time>2026-08-01T08:18:47Z</time>
      </trkpt>
      <trkpt lat="44.170446" lon="7.243033">
        <ele>2780.0</ele>
        <time>2026-08-01T08:18:52Z</time>
      </trkpt>
      <trkpt lat="44.170461" lon="7.243057">
        <ele>2780.6</ele>
        <time>2026-08-01T08:18:57Z</time>
      </trkpt>
      <trkpt lat="44.170459" lon="7.243045">
        <ele>2781.0</ele>
        <time>2026-08-01T08:18:59Z</time>
      </trkpt>
      <trkpt lat="44.170461" lon="7.242996">
        <ele>2782.2</ele>
        <time>2026-08-01T08:19:06Z</time>
      </trkpt>
      <trkpt lat="44.17051" lon="7.24297">
        <ele>2783.2</ele>
        <time>2026-08-01T08:19:13Z</time>
      </trkpt>
      <trkpt lat="44.170515" lon="7.242979">
        <ele>2783.4</ele>
        <time>2026-08-01T08:19:14Z</time>
      </trkpt>
      <trkpt lat="44.170532" lon="7.242999">
        <ele>2784.4</ele>
        <time>2026-08-01T08:19:19Z</time>
      </trkpt>
      <trkpt lat="44.170543" lon="7.243011">
        <ele>2784.8</ele>
        <time>2026-08-01T08:19:22Z</time>
      </trkpt>
      <trkpt lat="44.170548" lon="7.243008">
        <ele>2785.6</ele>
        <time>2026-08-01T08:19:25Z</time>
      </trkpt>
      <trkpt lat="44.170572" lon="7.242987">
        <ele>2786.0</ele>
        <time>2026-08-01T08:19:29Z</time>
      </trkpt>
      <trkpt lat="44.17059" lon="7.242978">
        <ele>2786.6</ele>
        <time>2026-08-01T08:19:33Z</time>
      </trkpt>
      <trkpt lat="44.170606" lon="7.242962">
        <ele>2787.2</ele>
        <time>2026-08-01T08:19:36Z</time>
      </trkpt>
      <trkpt lat="44.170612" lon="7.242954">
        <ele>2787.8</ele>
        <time>2026-08-01T08:19:38Z</time>
      </trkpt>
      <trkpt lat="44.170634" lon="7.242947">
        <ele>2788.6</ele>
        <time>2026-08-01T08:19:41Z</time>
      </trkpt>
      <trkpt lat="44.17065" lon="7.242945">
        <ele>2788.8</ele>
        <time>2026-08-01T08:19:43Z</time>
      </trkpt>
      <trkpt lat="44.17065" lon="7.242937">
        <ele>2789.6</ele>
        <time>2026-08-01T08:19:49Z</time>
      </trkpt>
      <trkpt lat="44.170662" lon="7.242943">
        <ele>2789.0</ele>
        <time>2026-08-01T08:19:58Z</time>
      </trkpt>
      <trkpt lat="44.17067" lon="7.242955">
        <ele>2789.0</ele>
        <time>2026-08-01T08:20:07Z</time>
      </trkpt>
      <trkpt lat="44.17069" lon="7.242978">
        <ele>2789.2</ele>
        <time>2026-08-01T08:20:12Z</time>
      </trkpt>
      <trkpt lat="44.170693" lon="7.242985">
        <ele>2789.4</ele>
        <time>2026-08-01T08:20:13Z</time>
      </trkpt>
      <trkpt lat="44.170699" lon="7.242993">
        <ele>2789.4</ele>
        <time>2026-08-01T08:20:14Z</time>
      </trkpt>
      <trkpt lat="44.170701" lon="7.242997">
        <ele>2789.6</ele>
        <time>2026-08-01T08:20:15Z</time>
      </trkpt>
      <trkpt lat="44.170699" lon="7.243006">
        <ele>2789.8</ele>
        <time>2026-08-01T08:20:17Z</time>
      </trkpt>
      <trkpt lat="44.170702" lon="7.243023">
        <ele>2790.2</ele>
        <time>2026-08-01T08:20:21Z</time>
      </trkpt>
      <trkpt lat="44.170708" lon="7.243042">
        <ele>2790.8</ele>
        <time>2026-08-01T08:20:25Z</time>
      </trkpt>
      <trkpt lat="44.170711" lon="7.243057">
        <ele>2791.4</ele>
        <time>2026-08-01T08:20:29Z</time>
      </trkpt>
      <trkpt lat="44.170714" lon="7.243071">
        <ele>2792.0</ele>
        <time>2026-08-01T08:20:33Z</time>
      </trkpt>
      <trkpt lat="44.170714" lon="7.243074">
        <ele>2792.2</ele>
        <time>2026-08-01T08:20:36Z</time>
      </trkpt>
      <trkpt lat="44.170742" lon="7.24308">
        <ele>2792.8</ele>
        <time>2026-08-01T08:20:42Z</time>
      </trkpt>
      <trkpt lat="44.170747" lon="7.243084">
        <ele>2793.0</ele>
        <time>2026-08-01T08:20:43Z</time>
      </trkpt>
      <trkpt lat="44.170763" lon="7.243094">
        <ele>2794.0</ele>
        <time>2026-08-01T08:20:48Z</time>
      </trkpt>
      <trkpt lat="44.170785" lon="7.243103">
        <ele>2794.4</ele>
        <time>2026-08-01T08:20:51Z</time>
      </trkpt>
      <trkpt lat="44.170811" lon="7.243088">
        <ele>2795.2</ele>
        <time>2026-08-01T08:20:58Z</time>
      </trkpt>
      <trkpt lat="44.170863" lon="7.243065">
        <ele>2796.2</ele>
        <time>2026-08-01T08:21:05Z</time>
      </trkpt>
      <trkpt lat="44.170873" lon="7.243063">
        <ele>2796.4</ele>
        <time>2026-08-01T08:21:06Z</time>
      </trkpt>
      <trkpt lat="44.170925" lon="7.243096">
        <ele>2796.8</ele>
        <time>2026-08-01T08:21:13Z</time>
      </trkpt>
      <trkpt lat="44.17096" lon="7.243113">
        <ele>2797.2</ele>
        <time>2026-08-01T08:21:20Z</time>
      </trkpt>
      <trkpt lat="44.170963" lon="7.243114">
        <ele>2797.4</ele>
        <time>2026-08-01T08:21:21Z</time>
      </trkpt>
      <trkpt lat="44.17099" lon="7.243128">
        <ele>2797.6</ele>
        <time>2026-08-01T08:21:28Z</time>
      </trkpt>
      <trkpt lat="44.171005" lon="7.24317">
        <ele>2797.6</ele>
        <time>2026-08-01T08:21:35Z</time>
      </trkpt>
      <trkpt lat="44.170989" lon="7.243181">
        <ele>2797.0</ele>
        <time>2026-08-01T08:21:46Z</time>
      </trkpt>
      <trkpt lat="44.17099" lon="7.243181">
        <ele>2796.8</ele>
        <time>2026-08-01T08:21:49Z</time>
      </trkpt>
      <trkpt lat="44.170992" lon="7.24318">
        <ele>2796.8</ele>
        <time>2026-08-01T08:21:51Z</time>
      </trkpt>
      <trkpt lat="44.170993" lon="7.243175">
        <ele>2797.0</ele>
        <time>2026-08-01T08:21:54Z</time>
      </trkpt>
      <trkpt lat="44.170979" lon="7.243184">
        <ele>2796.6</ele>
        <time>2026-08-01T08:22:03Z</time>
      </trkpt>
      <trkpt lat="44.170977" lon="7.24317">
        <ele>2796.8</ele>
        <time>2026-08-01T08:22:12Z</time>
      </trkpt>
      <trkpt lat="44.170976" lon="7.243165">
        <ele>2796.2</ele>
        <time>2026-08-01T08:22:20Z</time>
      </trkpt>
      <trkpt lat="44.170997" lon="7.243181">
        <ele>2796.2</ele>
        <time>2026-08-01T08:22:22Z</time>
      </trkpt>
      <trkpt lat="44.171026" lon="7.243213">
        <ele>2797.2</ele>
        <time>2026-08-01T08:22:27Z</time>
      </trkpt>
      <trkpt lat="44.171032" lon="7.243214">
        <ele>2797.6</ele>
        <time>2026-08-01T08:22:29Z</time>
      </trkpt>
      <trkpt lat="44.17105" lon="7.243236">
        <ele>2797.6</ele>
        <time>2026-08-01T08:22:37Z</time>
      </trkpt>
      <trkpt lat="44.171076" lon="7.243244">
        <ele>2798.2</ele>
        <time>2026-08-01T08:22:40Z</time>
      </trkpt>
      <trkpt lat="44.171113" lon="7.24326">
        <ele>2799.2</ele>
        <time>2026-08-01T08:22:44Z</time>
      </trkpt>
      <trkpt lat="44.17112" lon="7.243262">
        <ele>2799.4</ele>
        <time>2026-08-01T08:22:45Z</time>
      </trkpt>
      <trkpt lat="44.171132" lon="7.243267">
        <ele>2799.8</ele>
        <time>2026-08-01T08:22:50Z</time>
      </trkpt>
      <trkpt lat="44.171135" lon="7.243272">
        <ele>2799.8</ele>
        <time>2026-08-01T08:22:52Z</time>
      </trkpt>
      <trkpt lat="44.171139" lon="7.243288">
        <ele>2799.4</ele>
        <time>2026-08-01T08:23:00Z</time>
      </trkpt>
      <trkpt lat="44.171148" lon="7.243275">
        <ele>2799.0</ele>
        <time>2026-08-01T08:23:08Z</time>
      </trkpt>
      <trkpt lat="44.171161" lon="7.243298">
        <ele>2799.2</ele>
        <time>2026-08-01T08:23:15Z</time>
      </trkpt>
      <trkpt lat="44.171197" lon="7.243323">
        <ele>2799.0</ele>
        <time>2026-08-01T08:23:24Z</time>
      </trkpt>
      <trkpt lat="44.171222" lon="7.243339">
        <ele>2799.8</ele>
        <time>2026-08-01T08:23:30Z</time>
      </trkpt>
      <trkpt lat="44.171248" lon="7.243374">
        <ele>2800.6</ele>
        <time>2026-08-01T08:23:36Z</time>
      </trkpt>
      <trkpt lat="44.171261" lon="7.243379">
        <ele>2801.0</ele>
        <time>2026-08-01T08:23:38Z</time>
      </trkpt>
      <trkpt lat="44.171295" lon="7.243384">
        <ele>2801.2</ele>
        <time>2026-08-01T08:23:42Z</time>
      </trkpt>
      <trkpt lat="44.171305" lon="7.243395">
        <ele>2801.4</ele>
        <time>2026-08-01T08:23:44Z</time>
      </trkpt>
      <trkpt lat="44.171306" lon="7.243398">
        <ele>2801.6</ele>
        <time>2026-08-01T08:23:45Z</time>
      </trkpt>
      <trkpt lat="44.171316" lon="7.243418">
        <ele>2802.4</ele>
        <time>2026-08-01T08:23:52Z</time>
      </trkpt>
      <trkpt lat="44.171311" lon="7.243415">
        <ele>2802.8</ele>
        <time>2026-08-01T08:23:54Z</time>
      </trkpt>
      <trkpt lat="44.171313" lon="7.243413">
        <ele>2803.6</ele>
        <time>2026-08-01T08:24:01Z</time>
      </trkpt>
      <trkpt lat="44.171319" lon="7.243406">
        <ele>2803.0</ele>
        <time>2026-08-01T08:24:05Z</time>
      </trkpt>
      <trkpt lat="44.171324" lon="7.243402">
        <ele>2803.2</ele>
        <time>2026-08-01T08:24:07Z</time>
      </trkpt>
      <trkpt lat="44.171363" lon="7.243406">
        <ele>2803.4</ele>
        <time>2026-08-01T08:24:15Z</time>
      </trkpt>
      <trkpt lat="44.171388" lon="7.243416">
        <ele>2803.8</ele>
        <time>2026-08-01T08:24:19Z</time>
      </trkpt>
      <trkpt lat="44.171419" lon="7.243457">
        <ele>2805.0</ele>
        <time>2026-08-01T08:24:25Z</time>
      </trkpt>
      <trkpt lat="44.171423" lon="7.243466">
        <ele>2805.4</ele>
        <time>2026-08-01T08:24:26Z</time>
      </trkpt>
      <trkpt lat="44.171432" lon="7.243475">
        <ele>2806.4</ele>
        <time>2026-08-01T08:24:28Z</time>
      </trkpt>
      <trkpt lat="44.171435" lon="7.243477">
        <ele>2807.4</ele>
        <time>2026-08-01T08:24:33Z</time>
      </trkpt>
      <trkpt lat="44.171435" lon="7.243483">
        <ele>2808.6</ele>
        <time>2026-08-01T08:24:37Z</time>
      </trkpt>
      <trkpt lat="44.171435" lon="7.243492">
        <ele>2809.4</ele>
        <time>2026-08-01T08:24:40Z</time>
      </trkpt>
      <trkpt lat="44.171434" lon="7.243495">
        <ele>2809.6</ele>
        <time>2026-08-01T08:24:41Z</time>
      </trkpt>
      <trkpt lat="44.17144" lon="7.243507">
        <ele>2809.8</ele>
        <time>2026-08-01T08:24:44Z</time>
      </trkpt>
      <trkpt lat="44.171446" lon="7.243529">
        <ele>2809.6</ele>
        <time>2026-08-01T08:24:48Z</time>
      </trkpt>
      <trkpt lat="44.171438" lon="7.243497">
        <ele>2808.6</ele>
        <time>2026-08-01T08:24:54Z</time>
      </trkpt>
      <trkpt lat="44.171429" lon="7.243477">
        <ele>2808.0</ele>
        <time>2026-08-01T08:24:57Z</time>
      </trkpt>
      <trkpt lat="44.171431" lon="7.243451">
        <ele>2807.4</ele>
        <time>2026-08-01T08:25:01Z</time>
      </trkpt>
      <trkpt lat="44.171436" lon="7.243439">
        <ele>2807.0</ele>
        <time>2026-08-01T08:25:04Z</time>
      </trkpt>
      <trkpt lat="44.171462" lon="7.243431">
        <ele>2807.0</ele>
        <time>2026-08-01T08:25:10Z</time>
      </trkpt>
      <trkpt lat="44.171488" lon="7.243428">
        <ele>2806.4</ele>
        <time>2026-08-01T08:25:17Z</time>
      </trkpt>
      <trkpt lat="44.171496" lon="7.243432">
        <ele>2806.0</ele>
        <time>2026-08-01T08:25:19Z</time>
      </trkpt>
      <trkpt lat="44.171544" lon="7.243439">
        <ele>2806.4</ele>
        <time>2026-08-01T08:25:25Z</time>
      </trkpt>
      <trkpt lat="44.171578" lon="7.243456">
        <ele>2806.2</ele>
        <time>2026-08-01T08:25:32Z</time>
      </trkpt>
      <trkpt lat="44.171614" lon="7.2435">
        <ele>2807.6</ele>
        <time>2026-08-01T08:25:38Z</time>
      </trkpt>
      <trkpt lat="44.171618" lon="7.243509">
        <ele>2807.6</ele>
        <time>2026-08-01T08:25:40Z</time>
      </trkpt>
      <trkpt lat="44.171616" lon="7.243522">
        <ele>2808.6</ele>
        <time>2026-08-01T08:25:47Z</time>
      </trkpt>
      <trkpt lat="44.17162" lon="7.243526">
        <ele>2808.6</ele>
        <time>2026-08-01T08:25:48Z</time>
      </trkpt>
      <trkpt lat="44.171658" lon="7.243566">
        <ele>2809.8</ele>
        <time>2026-08-01T08:25:55Z</time>
      </trkpt>
      <trkpt lat="44.171665" lon="7.243588">
        <ele>2810.8</ele>
        <time>2026-08-01T08:26:00Z</time>
      </trkpt>
      <trkpt lat="44.171668" lon="7.243596">
        <ele>2811.0</ele>
        <time>2026-08-01T08:26:01Z</time>
      </trkpt>
      <trkpt lat="44.171684" lon="7.243632">
        <ele>2812.2</ele>
        <time>2026-08-01T08:26:07Z</time>
      </trkpt>
      <trkpt lat="44.171687" lon="7.243638">
        <ele>2812.4</ele>
        <time>2026-08-01T08:26:08Z</time>
      </trkpt>
      <trkpt lat="44.171684" lon="7.243659">
        <ele>2813.4</ele>
        <time>2026-08-01T08:26:11Z</time>
      </trkpt>
      <trkpt lat="44.171671" lon="7.243661">
        <ele>2813.2</ele>
        <time>2026-08-01T08:26:15Z</time>
      </trkpt>
      <trkpt lat="44.171663" lon="7.243647">
        <ele>2813.0</ele>
        <time>2026-08-01T08:26:18Z</time>
      </trkpt>
      <trkpt lat="44.17166" lon="7.243638">
        <ele>2813.2</ele>
        <time>2026-08-01T08:26:21Z</time>
      </trkpt>
      <trkpt lat="44.171661" lon="7.24365">
        <ele>2813.0</ele>
        <time>2026-08-01T08:26:23Z</time>
      </trkpt>
      <trkpt lat="44.171685" lon="7.243655">
        <ele>2812.4</ele>
        <time>2026-08-01T08:26:32Z</time>
      </trkpt>
      <trkpt lat="44.171685" lon="7.243649">
        <ele>2812.4</ele>
        <time>2026-08-01T08:26:33Z</time>
      </trkpt>
      <trkpt lat="44.171683" lon="7.243643">
        <ele>2812.4</ele>
        <time>2026-08-01T08:26:34Z</time>
      </trkpt>
      <trkpt lat="44.17168" lon="7.243634">
        <ele>2812.4</ele>
        <time>2026-08-01T08:26:35Z</time>
      </trkpt>
      <trkpt lat="44.171673" lon="7.243635">
        <ele>2812.0</ele>
        <time>2026-08-01T08:26:39Z</time>
      </trkpt>
      <trkpt lat="44.17165" lon="7.243661">
        <ele>2812.0</ele>
        <time>2026-08-01T08:26:47Z</time>
      </trkpt>
      <trkpt lat="44.171655" lon="7.243677">
        <ele>2811.6</ele>
        <time>2026-08-01T08:26:55Z</time>
      </trkpt>
      <trkpt lat="44.171654" lon="7.243676">
        <ele>2811.6</ele>
        <time>2026-08-01T08:26:57Z</time>
      </trkpt>
      <trkpt lat="44.171663" lon="7.243658">
        <ele>2811.4</ele>
        <time>2026-08-01T08:27:00Z</time>
      </trkpt>
      <trkpt lat="44.171665" lon="7.243647">
        <ele>2811.2</ele>
        <time>2026-08-01T08:27:03Z</time>
      </trkpt>
      <trkpt lat="44.171662" lon="7.243645">
        <ele>2811.2</ele>
        <time>2026-08-01T08:27:04Z</time>
      </trkpt>
      <trkpt lat="44.171658" lon="7.243645">
        <ele>2811.0</ele>
        <time>2026-08-01T08:27:05Z</time>
      </trkpt>
      <trkpt lat="44.171654" lon="7.243645">
        <ele>2811.0</ele>
        <time>2026-08-01T08:27:06Z</time>
      </trkpt>
      <trkpt lat="44.17165" lon="7.243644">
        <ele>2810.8</ele>
        <time>2026-08-01T08:27:07Z</time>
      </trkpt>
      <trkpt lat="44.171651" lon="7.243644">
        <ele>2810.8</ele>
        <time>2026-08-01T08:27:08Z</time>
      </trkpt>
      <trkpt lat="44.171659" lon="7.243651">
        <ele>2810.2</ele>
        <time>2026-08-01T08:27:18Z</time>
      </trkpt>
      <trkpt lat="44.17166" lon="7.243658">
        <ele>2810.0</ele>
        <time>2026-08-01T08:27:21Z</time>
      </trkpt>
      <trkpt lat="44.171657" lon="7.243658">
        <ele>2810.0</ele>
        <time>2026-08-01T08:27:22Z</time>
      </trkpt>
      <trkpt lat="44.171658" lon="7.243658">
        <ele>2810.0</ele>
        <time>2026-08-01T08:27:23Z</time>
      </trkpt>
      <trkpt lat="44.171673" lon="7.243647">
        <ele>2810.0</ele>
        <time>2026-08-01T08:27:33Z</time>
      </trkpt>
      <trkpt lat="44.17169" lon="7.243621">
        <ele>2810.8</ele>
        <time>2026-08-01T08:27:44Z</time>
      </trkpt>
      <trkpt lat="44.171703" lon="7.24364">
        <ele>2811.2</ele>
        <time>2026-08-01T08:27:52Z</time>
      </trkpt>
      <trkpt lat="44.1717" lon="7.243649">
        <ele>2811.4</ele>
        <time>2026-08-01T08:27:54Z</time>
      </trkpt>
      <trkpt lat="44.171674" lon="7.243628">
        <ele>2811.6</ele>
        <time>2026-08-01T08:28:02Z</time>
      </trkpt>
      <trkpt lat="44.171672" lon="7.243626">
        <ele>2811.6</ele>
        <time>2026-08-01T08:28:03Z</time>
      </trkpt>
      <trkpt lat="44.171656" lon="7.243643">
        <ele>2811.2</ele>
        <time>2026-08-01T08:28:09Z</time>
      </trkpt>
      <trkpt lat="44.171657" lon="7.243639">
        <ele>2811.2</ele>
        <time>2026-08-01T08:28:19Z</time>
      </trkpt>
      <trkpt lat="44.171653" lon="7.243654">
        <ele>2811.8</ele>
        <time>2026-08-01T08:28:24Z</time>
      </trkpt>
      <trkpt lat="44.17165" lon="7.243659">
        <ele>2811.6</ele>
        <time>2026-08-01T08:28:25Z</time>
      </trkpt>
      <trkpt lat="44.171646" lon="7.243667">
        <ele>2811.6</ele>
        <time>2026-08-01T08:28:26Z</time>
      </trkpt>
      <trkpt lat="44.171654" lon="7.243674">
        <ele>2811.4</ele>
        <time>2026-08-01T08:28:29Z</time>
      </trkpt>
      <trkpt lat="44.171669" lon="7.243688">
        <ele>2810.4</ele>
        <time>2026-08-01T08:28:40Z</time>
      </trkpt>
      <trkpt lat="44.171676" lon="7.24369">
        <ele>2810.2</ele>
        <time>2026-08-01T08:28:42Z</time>
      </trkpt>
      <trkpt lat="44.171688" lon="7.243681">
        <ele>2809.8</ele>
        <time>2026-08-01T08:28:46Z</time>
      </trkpt>
      <trkpt lat="44.171705" lon="7.243679">
        <ele>2809.6</ele>
        <time>2026-08-01T08:28:48Z</time>
      </trkpt>
      <trkpt lat="44.171693" lon="7.243676">
        <ele>2809.6</ele>
        <time>2026-08-01T08:28:54Z</time>
      </trkpt>
      <trkpt lat="44.171673" lon="7.243672">
        <ele>2809.6</ele>
        <time>2026-08-01T08:28:58Z</time>
      </trkpt>
      <trkpt lat="44.171656" lon="7.243641">
        <ele>2809.6</ele>
        <time>2026-08-01T08:29:09Z</time>
      </trkpt>
      <trkpt lat="44.171651" lon="7.243612">
        <ele>2809.4</ele>
        <time>2026-08-01T08:29:16Z</time>
      </trkpt>
      <trkpt lat="44.171629" lon="7.243593">
        <ele>2809.4</ele>
        <time>2026-08-01T08:29:24Z</time>
      </trkpt>
      <trkpt lat="44.171632" lon="7.243609">
        <ele>2809.4</ele>
        <time>2026-08-01T08:29:26Z</time>
      </trkpt>
      <trkpt lat="44.171653" lon="7.243638">
        <ele>2809.4</ele>
        <time>2026-08-01T08:29:33Z</time>
      </trkpt>
      <trkpt lat="44.171654" lon="7.243629">
        <ele>2809.4</ele>
        <time>2026-08-01T08:29:35Z</time>
      </trkpt>
      <trkpt lat="44.171653" lon="7.243645">
        <ele>2809.4</ele>
        <time>2026-08-01T08:29:47Z</time>
      </trkpt>
      <trkpt lat="44.171651" lon="7.243618">
        <ele>2809.4</ele>
        <time>2026-08-01T08:29:55Z</time>
      </trkpt>
      <trkpt lat="44.171681" lon="7.243638">
        <ele>2809.2</ele>
        <time>2026-08-01T08:30:01Z</time>
      </trkpt>
      <trkpt lat="44.171693" lon="7.243645">
        <ele>2809.0</ele>
        <time>2026-08-01T08:30:04Z</time>
      </trkpt>
      <trkpt lat="44.171695" lon="7.243646">
        <ele>2809.0</ele>
        <time>2026-08-01T08:30:05Z</time>
      </trkpt>
      <trkpt lat="44.17169" lon="7.243648">
        <ele>2808.6</ele>
        <time>2026-08-01T08:30:09Z</time>
      </trkpt>
      <trkpt lat="44.171671" lon="7.243651">
        <ele>2808.2</ele>
        <time>2026-08-01T08:30:16Z</time>
      </trkpt>
      <trkpt lat="44.171672" lon="7.243655">
        <ele>2808.0</ele>
        <time>2026-08-01T08:30:18Z</time>
      </trkpt>
      <trkpt lat="44.171674" lon="7.243658">
        <ele>2807.8</ele>
        <time>2026-08-01T08:30:22Z</time>
      </trkpt>
      <trkpt lat="44.171667" lon="7.243656">
        <ele>2807.8</ele>
        <time>2026-08-01T08:30:28Z</time>
      </trkpt>
      <trkpt lat="44.171666" lon="7.243655">
        <ele>2807.6</ele>
        <time>2026-08-01T08:30:29Z</time>
      </trkpt>
      <trkpt lat="44.171665" lon="7.243657">
        <ele>2807.8</ele>
        <time>2026-08-01T08:30:40Z</time>
      </trkpt>
      <trkpt lat="44.171661" lon="7.243654">
        <ele>2807.8</ele>
        <time>2026-08-01T08:30:42Z</time>
      </trkpt>
      <trkpt lat="44.171665" lon="7.24365">
        <ele>2807.6</ele>
        <time>2026-08-01T08:30:46Z</time>
      </trkpt>
      <trkpt lat="44.171663" lon="7.243668">
        <ele>2807.2</ele>
        <time>2026-08-01T08:30:53Z</time>
      </trkpt>
      <trkpt lat="44.171661" lon="7.243676">
        <ele>2807.0</ele>
        <time>2026-08-01T08:31:03Z</time>
      </trkpt>
      <trkpt lat="44.171658" lon="7.243672">
        <ele>2807.0</ele>
        <time>2026-08-01T08:31:05Z</time>
      </trkpt>
      <trkpt lat="44.171665" lon="7.243661">
        <ele>2806.8</ele>
        <time>2026-08-01T08:31:16Z</time>
      </trkpt>
      <trkpt lat="44.171659" lon="7.243661">
        <ele>2806.6</ele>
        <time>2026-08-01T08:31:25Z</time>
      </trkpt>
      <trkpt lat="44.171668" lon="7.243657">
        <ele>2806.6</ele>
        <time>2026-08-01T08:31:37Z</time>
      </trkpt>
      <trkpt lat="44.171661" lon="7.243644">
        <ele>2806.8</ele>
        <time>2026-08-01T08:31:49Z</time>
      </trkpt>
      <trkpt lat="44.171669" lon="7.243641">
        <ele>2806.8</ele>
        <time>2026-08-01T08:31:54Z</time>
      </trkpt>
      <trkpt lat="44.171675" lon="7.243639">
        <ele>2807.0</ele>
        <time>2026-08-01T08:31:58Z</time>
      </trkpt>
      <trkpt lat="44.171653" lon="7.24364">
        <ele>2807.0</ele>
        <time>2026-08-01T08:32:08Z</time>
      </trkpt>
      <trkpt lat="44.171645" lon="7.243611">
        <ele>2807.2</ele>
        <time>2026-08-01T08:32:18Z</time>
      </trkpt>
      <trkpt lat="44.171652" lon="7.243633">
        <ele>2808.0</ele>
        <time>2026-08-01T08:32:25Z</time>
      </trkpt>
      <trkpt lat="44.171663" lon="7.243661">
        <ele>2807.4</ele>
        <time>2026-08-01T08:32:37Z</time>
      </trkpt>
      <trkpt lat="44.171664" lon="7.243651">
        <ele>2807.4</ele>
        <time>2026-08-01T08:32:43Z</time>
      </trkpt>
      <trkpt lat="44.171649" lon="7.243642">
        <ele>2807.0</ele>
        <time>2026-08-01T08:32:47Z</time>
      </trkpt>
      <trkpt lat="44.171646" lon="7.243622">
        <ele>2806.8</ele>
        <time>2026-08-01T08:32:50Z</time>
      </trkpt>
      <trkpt lat="44.171645" lon="7.243612">
        <ele>2806.6</ele>
        <time>2026-08-01T08:32:51Z</time>
      </trkpt>
      <trkpt lat="44.171638" lon="7.243583">
        <ele>2805.8</ele>
        <time>2026-08-01T08:32:54Z</time>
      </trkpt>
      <trkpt lat="44.17163" lon="7.24356">
        <ele>2805.2</ele>
        <time>2026-08-01T08:32:57Z</time>
      </trkpt>
      <trkpt lat="44.171624" lon="7.243547">
        <ele>2804.8</ele>
        <time>2026-08-01T08:33:00Z</time>
      </trkpt>
      <trkpt lat="44.171605" lon="7.243538">
        <ele>2803.6</ele>
        <time>2026-08-01T08:33:05Z</time>
      </trkpt>
      <trkpt lat="44.171601" lon="7.243539">
        <ele>2802.6</ele>
        <time>2026-08-01T08:33:11Z</time>
      </trkpt>
      <trkpt lat="44.171598" lon="7.243534">
        <ele>2802.2</ele>
        <time>2026-08-01T08:33:14Z</time>
      </trkpt>
      <trkpt lat="44.171583" lon="7.243512">
        <ele>2801.4</ele>
        <time>2026-08-01T08:33:21Z</time>
      </trkpt>
      <trkpt lat="44.171581" lon="7.243511">
        <ele>2801.2</ele>
        <time>2026-08-01T08:33:22Z</time>
      </trkpt>
      <trkpt lat="44.171564" lon="7.243499">
        <ele>2800.6</ele>
        <time>2026-08-01T08:33:29Z</time>
      </trkpt>
      <trkpt lat="44.17156" lon="7.243489">
        <ele>2800.2</ele>
        <time>2026-08-01T08:33:31Z</time>
      </trkpt>
      <trkpt lat="44.171563" lon="7.243468">
        <ele>2799.2</ele>
        <time>2026-08-01T08:33:36Z</time>
      </trkpt>
      <trkpt lat="44.171563" lon="7.24347">
        <ele>2798.8</ele>
        <time>2026-08-01T08:33:38Z</time>
      </trkpt>
      <trkpt lat="44.171554" lon="7.243472">
        <ele>2798.0</ele>
        <time>2026-08-01T08:33:43Z</time>
      </trkpt>
      <trkpt lat="44.171535" lon="7.24345">
        <ele>2797.2</ele>
        <time>2026-08-01T08:33:47Z</time>
      </trkpt>
      <trkpt lat="44.171523" lon="7.243442">
        <ele>2797.0</ele>
        <time>2026-08-01T08:33:49Z</time>
      </trkpt>
      <trkpt lat="44.171492" lon="7.243441">
        <ele>2796.8</ele>
        <time>2026-08-01T08:33:55Z</time>
      </trkpt>
      <trkpt lat="44.17147" lon="7.243447">
        <ele>2797.2</ele>
        <time>2026-08-01T08:34:03Z</time>
      </trkpt>
      <trkpt lat="44.171435" lon="7.24349">
        <ele>2797.8</ele>
        <time>2026-08-01T08:34:12Z</time>
      </trkpt>
      <trkpt lat="44.171415" lon="7.243489">
        <ele>2797.6</ele>
        <time>2026-08-01T08:34:18Z</time>
      </trkpt>
      <trkpt lat="44.171436" lon="7.243448">
        <ele>2797.0</ele>
        <time>2026-08-01T08:34:25Z</time>
      </trkpt>
      <trkpt lat="44.171439" lon="7.243448">
        <ele>2796.4</ele>
        <time>2026-08-01T08:34:33Z</time>
      </trkpt>
      <trkpt lat="44.171442" lon="7.243452">
        <ele>2796.0</ele>
        <time>2026-08-01T08:34:35Z</time>
      </trkpt>
      <trkpt lat="44.171436" lon="7.243445">
        <ele>2795.0</ele>
        <time>2026-08-01T08:34:41Z</time>
      </trkpt>
      <trkpt lat="44.171431" lon="7.243443">
        <ele>2794.8</ele>
        <time>2026-08-01T08:34:42Z</time>
      </trkpt>
      <trkpt lat="44.171429" lon="7.243435">
        <ele>2794.8</ele>
        <time>2026-08-01T08:34:43Z</time>
      </trkpt>
      <trkpt lat="44.171402" lon="7.243434">
        <ele>2794.6</ele>
        <time>2026-08-01T08:34:51Z</time>
      </trkpt>
      <trkpt lat="44.171376" lon="7.243451">
        <ele>2794.4</ele>
        <time>2026-08-01T08:34:56Z</time>
      </trkpt>
      <trkpt lat="44.171366" lon="7.243452">
        <ele>2794.0</ele>
        <time>2026-08-01T08:34:59Z</time>
      </trkpt>
      <trkpt lat="44.171365" lon="7.243447">
        <ele>2793.8</ele>
        <time>2026-08-01T08:35:01Z</time>
      </trkpt>
      <trkpt lat="44.171357" lon="7.243418">
        <ele>2793.0</ele>
        <time>2026-08-01T08:35:08Z</time>
      </trkpt>
      <trkpt lat="44.171351" lon="7.243432">
        <ele>2793.0</ele>
        <time>2026-08-01T08:35:16Z</time>
      </trkpt>
      <trkpt lat="44.171345" lon="7.243432">
        <ele>2792.8</ele>
        <time>2026-08-01T08:35:18Z</time>
      </trkpt>
      <trkpt lat="44.171308" lon="7.243426">
        <ele>2793.0</ele>
        <time>2026-08-01T08:35:25Z</time>
      </trkpt>
      <trkpt lat="44.171283" lon="7.243398">
        <ele>2792.8</ele>
        <time>2026-08-01T08:35:34Z</time>
      </trkpt>
      <trkpt lat="44.171274" lon="7.243385">
        <ele>2792.6</ele>
        <time>2026-08-01T08:35:37Z</time>
      </trkpt>
      <trkpt lat="44.171265" lon="7.243385">
        <ele>2792.4</ele>
        <time>2026-08-01T08:35:39Z</time>
      </trkpt>
      <trkpt lat="44.171262" lon="7.243378">
        <ele>2792.2</ele>
        <time>2026-08-01T08:35:41Z</time>
      </trkpt>
      <trkpt lat="44.17128" lon="7.243361">
        <ele>2791.6</ele>
        <time>2026-08-01T08:35:45Z</time>
      </trkpt>
      <trkpt lat="44.171282" lon="7.243362">
        <ele>2791.2</ele>
        <time>2026-08-01T08:35:49Z</time>
      </trkpt>
      <trkpt lat="44.171234" lon="7.243372">
        <ele>2791.6</ele>
        <time>2026-08-01T08:35:54Z</time>
      </trkpt>
      <trkpt lat="44.171224" lon="7.24333">
        <ele>2790.4</ele>
        <time>2026-08-01T08:36:01Z</time>
      </trkpt>
      <trkpt lat="44.171202" lon="7.243316">
        <ele>2789.6</ele>
        <time>2026-08-01T08:36:10Z</time>
      </trkpt>
      <trkpt lat="44.171203" lon="7.243317">
        <ele>2789.4</ele>
        <time>2026-08-01T08:36:12Z</time>
      </trkpt>
      <trkpt lat="44.171193" lon="7.243329">
        <ele>2789.2</ele>
        <time>2026-08-01T08:36:15Z</time>
      </trkpt>
      <trkpt lat="44.171193" lon="7.24333">
        <ele>2789.0</ele>
        <time>2026-08-01T08:36:17Z</time>
      </trkpt>
      <trkpt lat="44.171187" lon="7.243334">
        <ele>2788.2</ele>
        <time>2026-08-01T08:36:25Z</time>
      </trkpt>
      <trkpt lat="44.171175" lon="7.24335">
        <ele>2788.0</ele>
        <time>2026-08-01T08:36:27Z</time>
      </trkpt>
      <trkpt lat="44.171165" lon="7.243348">
        <ele>2788.0</ele>
        <time>2026-08-01T08:36:34Z</time>
      </trkpt>
      <trkpt lat="44.171135" lon="7.243296">
        <ele>2787.8</ele>
        <time>2026-08-01T08:36:40Z</time>
      </trkpt>
      <trkpt lat="44.171122" lon="7.243273">
        <ele>2787.2</ele>
        <time>2026-08-01T08:36:47Z</time>
      </trkpt>
      <trkpt lat="44.171115" lon="7.243275">
        <ele>2787.2</ele>
        <time>2026-08-01T08:36:49Z</time>
      </trkpt>
      <trkpt lat="44.171105" lon="7.2433">
        <ele>2787.8</ele>
        <time>2026-08-01T08:36:58Z</time>
      </trkpt>
      <trkpt lat="44.171097" lon="7.243269">
        <ele>2788.4</ele>
        <time>2026-08-01T08:37:04Z</time>
      </trkpt>
      <trkpt lat="44.171094" lon="7.24326">
        <ele>2788.4</ele>
        <time>2026-08-01T08:37:06Z</time>
      </trkpt>
      <trkpt lat="44.171081" lon="7.243255">
        <ele>2788.0</ele>
        <time>2026-08-01T08:37:14Z</time>
      </trkpt>
      <trkpt lat="44.171045" lon="7.243257">
        <ele>2787.8</ele>
        <time>2026-08-01T08:37:21Z</time>
      </trkpt>
      <trkpt lat="44.171024" lon="7.243266">
        <ele>2787.2</ele>
        <time>2026-08-01T08:37:27Z</time>
      </trkpt>
      <trkpt lat="44.171027" lon="7.243262">
        <ele>2787.2</ele>
        <time>2026-08-01T08:37:28Z</time>
      </trkpt>
      <trkpt lat="44.171008" lon="7.243235">
        <ele>2786.6</ele>
        <time>2026-08-01T08:37:34Z</time>
      </trkpt>
      <trkpt lat="44.170997" lon="7.243205">
        <ele>2786.2</ele>
        <time>2026-08-01T08:37:39Z</time>
      </trkpt>
      <trkpt lat="44.170987" lon="7.243195">
        <ele>2786.0</ele>
        <time>2026-08-01T08:37:41Z</time>
      </trkpt>
      <trkpt lat="44.170977" lon="7.243185">
        <ele>2785.6</ele>
        <time>2026-08-01T08:37:48Z</time>
      </trkpt>
      <trkpt lat="44.170972" lon="7.243186">
        <ele>2785.6</ele>
        <time>2026-08-01T08:37:56Z</time>
      </trkpt>
      <trkpt lat="44.17097" lon="7.243196">
        <ele>2785.2</ele>
        <time>2026-08-01T08:38:01Z</time>
      </trkpt>
      <trkpt lat="44.170979" lon="7.243206">
        <ele>2785.0</ele>
        <time>2026-08-01T08:38:06Z</time>
      </trkpt>
      <trkpt lat="44.170975" lon="7.243176">
        <ele>2785.2</ele>
        <time>2026-08-01T08:38:15Z</time>
      </trkpt>
      <trkpt lat="44.170972" lon="7.243175">
        <ele>2785.2</ele>
        <time>2026-08-01T08:38:17Z</time>
      </trkpt>
      <trkpt lat="44.170956" lon="7.243183">
        <ele>2785.2</ele>
        <time>2026-08-01T08:38:29Z</time>
      </trkpt>
      <trkpt lat="44.170958" lon="7.243182">
        <ele>2785.2</ele>
        <time>2026-08-01T08:38:33Z</time>
      </trkpt>
      <trkpt lat="44.170954" lon="7.243173">
        <ele>2785.2</ele>
        <time>2026-08-01T08:38:41Z</time>
      </trkpt>
      <trkpt lat="44.170964" lon="7.243146">
        <ele>2785.2</ele>
        <time>2026-08-01T08:38:54Z</time>
      </trkpt>
      <trkpt lat="44.170956" lon="7.243176">
        <ele>2785.2</ele>
        <time>2026-08-01T08:39:05Z</time>
      </trkpt>
      <trkpt lat="44.17098" lon="7.243184">
        <ele>2785.4</ele>
        <time>2026-08-01T08:39:16Z</time>
      </trkpt>
      <trkpt lat="44.170966" lon="7.243174">
        <ele>2785.4</ele>
        <time>2026-08-01T08:39:25Z</time>
      </trkpt>
      <trkpt lat="44.170956" lon="7.243168">
        <ele>2785.6</ele>
        <time>2026-08-01T08:39:35Z</time>
      </trkpt>
      <trkpt lat="44.170962" lon="7.243168">
        <ele>2785.6</ele>
        <time>2026-08-01T08:39:43Z</time>
      </trkpt>
      <trkpt lat="44.170958" lon="7.243163">
        <ele>2785.6</ele>
        <time>2026-08-01T08:39:44Z</time>
      </trkpt>
      <trkpt lat="44.170964" lon="7.243175">
        <ele>2785.6</ele>
        <time>2026-08-01T08:39:54Z</time>
      </trkpt>
      <trkpt lat="44.170971" lon="7.243179">
        <ele>2785.2</ele>
        <time>2026-08-01T08:40:02Z</time>
      </trkpt>
      <trkpt lat="44.17097" lon="7.243185">
        <ele>2785.0</ele>
        <time>2026-08-01T08:40:13Z</time>
      </trkpt>
      <trkpt lat="44.170974" lon="7.243188">
        <ele>2784.8</ele>
        <time>2026-08-01T08:40:23Z</time>
      </trkpt>
      <trkpt lat="44.170974" lon="7.243191">
        <ele>2785.2</ele>
        <time>2026-08-01T08:40:31Z</time>
      </trkpt>
      <trkpt lat="44.170959" lon="7.243179">
        <ele>2785.4</ele>
        <time>2026-08-01T08:40:35Z</time>
      </trkpt>
      <trkpt lat="44.170964" lon="7.243174">
        <ele>2785.4</ele>
        <time>2026-08-01T08:40:40Z</time>
      </trkpt>
      <trkpt lat="44.170957" lon="7.24317">
        <ele>2785.2</ele>
        <time>2026-08-01T08:40:44Z</time>
      </trkpt>
      <trkpt lat="44.170973" lon="7.243175">
        <ele>2785.0</ele>
        <time>2026-08-01T08:40:53Z</time>
      </trkpt>
      <trkpt lat="44.170968" lon="7.24319">
        <ele>2785.6</ele>
        <time>2026-08-01T08:41:04Z</time>
      </trkpt>
      <trkpt lat="44.170957" lon="7.243174">
        <ele>2785.6</ele>
        <time>2026-08-01T08:41:09Z</time>
      </trkpt>
      <trkpt lat="44.170957" lon="7.243175">
        <ele>2785.6</ele>
        <time>2026-08-01T08:41:10Z</time>
      </trkpt>
      <trkpt lat="44.170957" lon="7.243164">
        <ele>2786.0</ele>
        <time>2026-08-01T08:41:14Z</time>
      </trkpt>
      <trkpt lat="44.170971" lon="7.243163">
        <ele>2786.2</ele>
        <time>2026-08-01T08:41:17Z</time>
      </trkpt>
      <trkpt lat="44.170969" lon="7.243176">
        <ele>2785.6</ele>
        <time>2026-08-01T08:41:22Z</time>
      </trkpt>
      <trkpt lat="44.17096" lon="7.243167">
        <ele>2785.8</ele>
        <time>2026-08-01T08:41:33Z</time>
      </trkpt>
      <trkpt lat="44.170966" lon="7.243152">
        <ele>2786.0</ele>
        <time>2026-08-01T08:41:42Z</time>
      </trkpt>
      <trkpt lat="44.170959" lon="7.243155">
        <ele>2786.2</ele>
        <time>2026-08-01T08:41:48Z</time>
      </trkpt>
      <trkpt lat="44.170957" lon="7.243147">
        <ele>2786.4</ele>
        <time>2026-08-01T08:41:53Z</time>
      </trkpt>
      <trkpt lat="44.170963" lon="7.243152">
        <ele>2786.2</ele>
        <time>2026-08-01T08:42:02Z</time>
      </trkpt>
      <trkpt lat="44.170973" lon="7.243166">
        <ele>2786.2</ele>
        <time>2026-08-01T08:42:14Z</time>
      </trkpt>
      <trkpt lat="44.170968" lon="7.243154">
        <ele>2786.2</ele>
        <time>2026-08-01T08:42:24Z</time>
      </trkpt>
      <trkpt lat="44.170967" lon="7.243153">
        <ele>2786.2</ele>
        <time>2026-08-01T08:42:25Z</time>
      </trkpt>
      <trkpt lat="44.170964" lon="7.243164">
        <ele>2786.4</ele>
        <time>2026-08-01T08:42:38Z</time>
      </trkpt>
      <trkpt lat="44.170973" lon="7.243167">
        <ele>2786.4</ele>
        <time>2026-08-01T08:42:44Z</time>
      </trkpt>
      <trkpt lat="44.170978" lon="7.243177">
        <ele>2786.6</ele>
        <time>2026-08-01T08:42:49Z</time>
      </trkpt>
      <trkpt lat="44.170974" lon="7.243171">
        <ele>2786.4</ele>
        <time>2026-08-01T08:43:01Z</time>
      </trkpt>
      <trkpt lat="44.170975" lon="7.243166">
        <ele>2786.2</ele>
        <time>2026-08-01T08:43:11Z</time>
      </trkpt>
      <trkpt lat="44.170954" lon="7.243172">
        <ele>2786.4</ele>
        <time>2026-08-01T08:43:21Z</time>
      </trkpt>
      <trkpt lat="44.170969" lon="7.243184">
        <ele>2786.6</ele>
        <time>2026-08-01T08:43:30Z</time>
      </trkpt>
      <trkpt lat="44.170961" lon="7.243166">
        <ele>2786.2</ele>
        <time>2026-08-01T08:43:38Z</time>
      </trkpt>
      <trkpt lat="44.17097" lon="7.243186">
        <ele>2786.6</ele>
        <time>2026-08-01T08:43:50Z</time>
      </trkpt>
      <trkpt lat="44.170971" lon="7.243177">
        <ele>2786.4</ele>
        <time>2026-08-01T08:44:00Z</time>
      </trkpt>
      <trkpt lat="44.170969" lon="7.243177">
        <ele>2786.4</ele>
        <time>2026-08-01T08:44:02Z</time>
      </trkpt>
      <trkpt lat="44.170962" lon="7.243174">
        <ele>2786.6</ele>
        <time>2026-08-01T08:44:10Z</time>
      </trkpt>
      <trkpt lat="44.170961" lon="7.243172">
        <ele>2786.6</ele>
        <time>2026-08-01T08:44:11Z</time>
      </trkpt>
      <trkpt lat="44.170962" lon="7.243169">
        <ele>2786.2</ele>
        <time>2026-08-01T08:44:25Z</time>
      </trkpt>
      <trkpt lat="44.170967" lon="7.243174">
        <ele>2786.2</ele>
        <time>2026-08-01T08:44:28Z</time>
      </trkpt>
      <trkpt lat="44.170975" lon="7.243173">
        <ele>2786.2</ele>
        <time>2026-08-01T08:44:38Z</time>
      </trkpt>
      <trkpt lat="44.170975" lon="7.243173">
        <ele>2786.2</ele>
        <time>2026-08-01T08:44:42Z</time>
      </trkpt>
      <trkpt lat="44.170975" lon="7.243173">
        <ele>2786.6</ele>
        <time>2026-08-01T08:44:59Z</time>
      </trkpt>
      <trkpt lat="44.170975" lon="7.243173">
        <ele>2786.6</ele>
        <time>2026-08-01T08:45:00Z</time>
      </trkpt>
      <trkpt lat="44.170975" lon="7.243173">
        <ele>2786.2</ele>
        <time>2026-08-01T08:45:22Z</time>
      </trkpt>
      <trkpt lat="44.170959" lon="7.243158">
        <ele>2786.4</ele>
        <time>2026-08-01T08:45:32Z</time>
      </trkpt>
      <trkpt lat="44.170961" lon="7.243156">
        <ele>2786.6</ele>
        <time>2026-08-01T08:45:42Z</time>
      </trkpt>
      <trkpt lat="44.170963" lon="7.24315">
        <ele>2786.4</ele>
        <time>2026-08-01T08:45:50Z</time>
      </trkpt>
      <trkpt lat="44.170961" lon="7.243151">
        <ele>2786.4</ele>
        <time>2026-08-01T08:45:51Z</time>
      </trkpt>
      <trkpt lat="44.170965" lon="7.243167">
        <ele>2786.4</ele>
        <time>2026-08-01T08:46:03Z</time>
      </trkpt>
      <trkpt lat="44.170972" lon="7.24318">
        <ele>2786.4</ele>
        <time>2026-08-01T08:46:15Z</time>
      </trkpt>
      <trkpt lat="44.170973" lon="7.243189">
        <ele>2786.6</ele>
        <time>2026-08-01T08:46:25Z</time>
      </trkpt>
      <trkpt lat="44.170976" lon="7.243165">
        <ele>2786.6</ele>
        <time>2026-08-01T08:46:33Z</time>
      </trkpt>
      <trkpt lat="44.170959" lon="7.243158">
        <ele>2786.6</ele>
        <time>2026-08-01T08:46:42Z</time>
      </trkpt>
      <trkpt lat="44.170967" lon="7.243165">
        <ele>2786.6</ele>
        <time>2026-08-01T08:46:47Z</time>
      </trkpt>
      <trkpt lat="44.170973" lon="7.24318">
        <ele>2786.6</ele>
        <time>2026-08-01T08:46:51Z</time>
      </trkpt>
      <trkpt lat="44.170993" lon="7.243182">
        <ele>2786.6</ele>
        <time>2026-08-01T08:47:02Z</time>
      </trkpt>
      <trkpt lat="44.170974" lon="7.243146">
        <ele>2786.6</ele>
        <time>2026-08-01T08:47:12Z</time>
      </trkpt>
      <trkpt lat="44.170964" lon="7.243144">
        <ele>2786.6</ele>
        <time>2026-08-01T08:47:21Z</time>
      </trkpt>
      <trkpt lat="44.170967" lon="7.243155">
        <ele>2787.0</ele>
        <time>2026-08-01T08:47:34Z</time>
      </trkpt>
      <trkpt lat="44.170973" lon="7.243174">
        <ele>2787.0</ele>
        <time>2026-08-01T08:47:45Z</time>
      </trkpt>
      <trkpt lat="44.170973" lon="7.243173">
        <ele>2787.2</ele>
        <time>2026-08-01T08:47:50Z</time>
      </trkpt>
      <trkpt lat="44.17097" lon="7.24315">
        <ele>2787.2</ele>
        <time>2026-08-01T08:47:55Z</time>
      </trkpt>
      <trkpt lat="44.170972" lon="7.243165">
        <ele>2787.4</ele>
        <time>2026-08-01T08:48:04Z</time>
      </trkpt>
      <trkpt lat="44.17098" lon="7.24314">
        <ele>2787.6</ele>
        <time>2026-08-01T08:48:16Z</time>
      </trkpt>
      <trkpt lat="44.170982" lon="7.24319">
        <ele>2787.8</ele>
        <time>2026-08-01T08:48:27Z</time>
      </trkpt>
      <trkpt lat="44.170979" lon="7.243193">
        <ele>2788.2</ele>
        <time>2026-08-01T08:48:31Z</time>
      </trkpt>
      <trkpt lat="44.170976" lon="7.243186">
        <ele>2788.8</ele>
        <time>2026-08-01T08:48:36Z</time>
      </trkpt>
      <trkpt lat="44.170975" lon="7.243167">
        <ele>2788.8</ele>
        <time>2026-08-01T08:48:43Z</time>
      </trkpt>
      <trkpt lat="44.170981" lon="7.243209">
        <ele>2788.6</ele>
        <time>2026-08-01T08:48:52Z</time>
      </trkpt>
      <trkpt lat="44.170995" lon="7.243192">
        <ele>2789.0</ele>
        <time>2026-08-01T08:48:58Z</time>
      </trkpt>
      <trkpt lat="44.171005" lon="7.243172">
        <ele>2789.0</ele>
        <time>2026-08-01T08:49:01Z</time>
      </trkpt>
      <trkpt lat="44.17098" lon="7.243207">
        <ele>2788.4</ele>
        <time>2026-08-01T08:49:10Z</time>
      </trkpt>
      <trkpt lat="44.170973" lon="7.24319">
        <ele>2788.4</ele>
        <time>2026-08-01T08:49:18Z</time>
      </trkpt>
      <trkpt lat="44.170969" lon="7.243188">
        <ele>2788.4</ele>
        <time>2026-08-01T08:49:20Z</time>
      </trkpt>
      <trkpt lat="44.170971" lon="7.243152">
        <ele>2788.2</ele>
        <time>2026-08-01T08:49:30Z</time>
      </trkpt>
      <trkpt lat="44.170963" lon="7.243162">
        <ele>2788.4</ele>
        <time>2026-08-01T08:49:41Z</time>
      </trkpt>
      <trkpt lat="44.170997" lon="7.243173">
        <ele>2788.4</ele>
        <time>2026-08-01T08:49:49Z</time>
      </trkpt>
      <trkpt lat="44.171024" lon="7.243148">
        <ele>2788.0</ele>
        <time>2026-08-01T08:49:55Z</time>
      </trkpt>
      <trkpt lat="44.171035" lon="7.243147">
        <ele>2787.4</ele>
        <time>2026-08-01T08:49:57Z</time>
      </trkpt>
      <trkpt lat="44.171049" lon="7.243141">
        <ele>2787.2</ele>
        <time>2026-08-01T08:49:59Z</time>
      </trkpt>
      <trkpt lat="44.171073" lon="7.243126">
        <ele>2786.4</ele>
        <time>2026-08-01T08:50:05Z</time>
      </trkpt>
      <trkpt lat="44.17108" lon="7.243123">
        <ele>2786.0</ele>
        <time>2026-08-01T08:50:08Z</time>
      </trkpt>
      <trkpt lat="44.171089" lon="7.243108">
        <ele>2785.4</ele>
        <time>2026-08-01T08:50:11Z</time>
      </trkpt>
      <trkpt lat="44.171107" lon="7.243099">
        <ele>2785.0</ele>
        <time>2026-08-01T08:50:15Z</time>
      </trkpt>
      <trkpt lat="44.171138" lon="7.243101">
        <ele>2784.2</ele>
        <time>2026-08-01T08:50:20Z</time>
      </trkpt>
      <trkpt lat="44.171147" lon="7.243099">
        <ele>2783.8</ele>
        <time>2026-08-01T08:50:22Z</time>
      </trkpt>
      <trkpt lat="44.171177" lon="7.24309">
        <ele>2782.8</ele>
        <time>2026-08-01T08:50:28Z</time>
      </trkpt>
      <trkpt lat="44.171215" lon="7.243089">
        <ele>2782.6</ele>
        <time>2026-08-01T08:50:36Z</time>
      </trkpt>
      <trkpt lat="44.171247" lon="7.243106">
        <ele>2782.2</ele>
        <time>2026-08-01T08:50:41Z</time>
      </trkpt>
      <trkpt lat="44.17127" lon="7.243129">
        <ele>2782.2</ele>
        <time>2026-08-01T08:50:44Z</time>
      </trkpt>
      <trkpt lat="44.171294" lon="7.243148">
        <ele>2781.8</ele>
        <time>2026-08-01T08:50:50Z</time>
      </trkpt>
      <trkpt lat="44.171293" lon="7.243148">
        <ele>2781.8</ele>
        <time>2026-08-01T08:50:52Z</time>
      </trkpt>
      <trkpt lat="44.17131" lon="7.24315">
        <ele>2782.0</ele>
        <time>2026-08-01T08:50:56Z</time>
      </trkpt>
      <trkpt lat="44.171312" lon="7.243146">
        <ele>2782.0</ele>
        <time>2026-08-01T08:50:57Z</time>
      </trkpt>
      <trkpt lat="44.171319" lon="7.243134">
        <ele>2782.0</ele>
        <time>2026-08-01T08:50:59Z</time>
      </trkpt>
      <trkpt lat="44.171323" lon="7.243128">
        <ele>2781.8</ele>
        <time>2026-08-01T08:51:01Z</time>
      </trkpt>
      <trkpt lat="44.171347" lon="7.243105">
        <ele>2781.2</ele>
        <time>2026-08-01T08:51:10Z</time>
      </trkpt>
      <trkpt lat="44.171367" lon="7.243094">
        <ele>2780.6</ele>
        <time>2026-08-01T08:51:14Z</time>
      </trkpt>
      <trkpt lat="44.171391" lon="7.24308">
        <ele>2780.2</ele>
        <time>2026-08-01T08:51:18Z</time>
      </trkpt>
      <trkpt lat="44.171427" lon="7.243061">
        <ele>2779.8</ele>
        <time>2026-08-01T08:51:22Z</time>
      </trkpt>
      <trkpt lat="44.171441" lon="7.243059">
        <ele>2779.6</ele>
        <time>2026-08-01T08:51:24Z</time>
      </trkpt>
      <trkpt lat="44.171448" lon="7.243058">
        <ele>2779.6</ele>
        <time>2026-08-01T08:51:25Z</time>
      </trkpt>
      <trkpt lat="44.171495" lon="7.24305">
        <ele>2778.6</ele>
        <time>2026-08-01T08:51:32Z</time>
      </trkpt>
      <trkpt lat="44.171504" lon="7.243047">
        <ele>2778.6</ele>
        <time>2026-08-01T08:51:33Z</time>
      </trkpt>
      <trkpt lat="44.171565" lon="7.243013">
        <ele>2777.6</ele>
        <time>2026-08-01T08:51:41Z</time>
      </trkpt>
      <trkpt lat="44.171605" lon="7.243006">
        <ele>2776.8</ele>
        <time>2026-08-01T08:51:49Z</time>
      </trkpt>
      <trkpt lat="44.171619" lon="7.243003">
        <ele>2776.6</ele>
        <time>2026-08-01T08:51:51Z</time>
      </trkpt>
      <trkpt lat="44.171634" lon="7.243001">
        <ele>2776.4</ele>
        <time>2026-08-01T08:51:53Z</time>
      </trkpt>
      <trkpt lat="44.171647" lon="7.242998">
        <ele>2776.2</ele>
        <time>2026-08-01T08:51:55Z</time>
      </trkpt>
      <trkpt lat="44.171703" lon="7.242954">
        <ele>2775.4</ele>
        <time>2026-08-01T08:52:04Z</time>
      </trkpt>
      <trkpt lat="44.171705" lon="7.242949">
        <ele>2775.2</ele>
        <time>2026-08-01T08:52:05Z</time>
      </trkpt>
      <trkpt lat="44.171705" lon="7.242936">
        <ele>2775.0</ele>
        <time>2026-08-01T08:52:08Z</time>
      </trkpt>
      <trkpt lat="44.17172" lon="7.242921">
        <ele>2774.6</ele>
        <time>2026-08-01T08:52:12Z</time>
      </trkpt>
      <trkpt lat="44.171728" lon="7.242916">
        <ele>2774.4</ele>
        <time>2026-08-01T08:52:13Z</time>
      </trkpt>
      <trkpt lat="44.171751" lon="7.242888">
        <ele>2773.4</ele>
        <time>2026-08-01T08:52:18Z</time>
      </trkpt>
      <trkpt lat="44.171765" lon="7.242873">
        <ele>2773.0</ele>
        <time>2026-08-01T08:52:21Z</time>
      </trkpt>
      <trkpt lat="44.171803" lon="7.242847">
        <ele>2772.2</ele>
        <time>2026-08-01T08:52:27Z</time>
      </trkpt>
      <trkpt lat="44.171815" lon="7.24285">
        <ele>2771.8</ele>
        <time>2026-08-01T08:52:29Z</time>
      </trkpt>
      <trkpt lat="44.171848" lon="7.242837">
        <ele>2771.0</ele>
        <time>2026-08-01T08:52:35Z</time>
      </trkpt>
      <trkpt lat="44.171879" lon="7.242821">
        <ele>2770.0</ele>
        <time>2026-08-01T08:52:42Z</time>
      </trkpt>
      <trkpt lat="44.171884" lon="7.242819">
        <ele>2770.0</ele>
        <time>2026-08-01T08:52:43Z</time>
      </trkpt>
      <trkpt lat="44.171904" lon="7.242803">
        <ele>2769.2</ele>
        <time>2026-08-01T08:52:52Z</time>
      </trkpt>
      <trkpt lat="44.171902" lon="7.242802">
        <ele>2768.8</ele>
        <time>2026-08-01T08:52:59Z</time>
      </trkpt>
      <trkpt lat="44.17192" lon="7.242782">
        <ele>2767.8</ele>
        <time>2026-08-01T08:53:07Z</time>
      </trkpt>
      <trkpt lat="44.171941" lon="7.242778">
        <ele>2767.6</ele>
        <time>2026-08-01T08:53:12Z</time>
      </trkpt>
      <trkpt lat="44.171972" lon="7.242782">
        <ele>2767.0</ele>
        <time>2026-08-01T08:53:19Z</time>
      </trkpt>
      <trkpt lat="44.171984" lon="7.242784">
        <ele>2766.8</ele>
        <time>2026-08-01T08:53:22Z</time>
      </trkpt>
      <trkpt lat="44.172011" lon="7.242764">
        <ele>2765.8</ele>
        <time>2026-08-01T08:53:28Z</time>
      </trkpt>
      <trkpt lat="44.172012" lon="7.242759">
        <ele>2765.8</ele>
        <time>2026-08-01T08:53:29Z</time>
      </trkpt>
      <trkpt lat="44.172036" lon="7.242746">
        <ele>2765.0</ele>
        <time>2026-08-01T08:53:33Z</time>
      </trkpt>
      <trkpt lat="44.172046" lon="7.24274">
        <ele>2764.6</ele>
        <time>2026-08-01T08:53:35Z</time>
      </trkpt>
      <trkpt lat="44.172069" lon="7.242733">
        <ele>2763.6</ele>
        <time>2026-08-01T08:53:40Z</time>
      </trkpt>
      <trkpt lat="44.172073" lon="7.242731">
        <ele>2763.6</ele>
        <time>2026-08-01T08:53:41Z</time>
      </trkpt>
      <trkpt lat="44.172096" lon="7.242753">
        <ele>2762.8</ele>
        <time>2026-08-01T08:53:47Z</time>
      </trkpt>
      <trkpt lat="44.1721" lon="7.24276">
        <ele>2762.6</ele>
        <time>2026-08-01T08:53:48Z</time>
      </trkpt>
      <trkpt lat="44.172107" lon="7.242767">
        <ele>2762.6</ele>
        <time>2026-08-01T08:53:53Z</time>
      </trkpt>
      <trkpt lat="44.172107" lon="7.242766">
        <ele>2762.4</ele>
        <time>2026-08-01T08:53:54Z</time>
      </trkpt>
      <trkpt lat="44.172115" lon="7.242762">
        <ele>2762.4</ele>
        <time>2026-08-01T08:53:58Z</time>
      </trkpt>
      <trkpt lat="44.17215" lon="7.242754">
        <ele>2761.4</ele>
        <time>2026-08-01T08:54:06Z</time>
      </trkpt>
      <trkpt lat="44.172157" lon="7.242754">
        <ele>2761.2</ele>
        <time>2026-08-01T08:54:07Z</time>
      </trkpt>
      <trkpt lat="44.172159" lon="7.242743">
        <ele>2760.4</ele>
        <time>2026-08-01T08:54:11Z</time>
      </trkpt>
      <trkpt lat="44.172149" lon="7.242703">
        <ele>2759.8</ele>
        <time>2026-08-01T08:54:16Z</time>
      </trkpt>
      <trkpt lat="44.172148" lon="7.242689">
        <ele>2759.4</ele>
        <time>2026-08-01T08:54:18Z</time>
      </trkpt>
      <trkpt lat="44.172167" lon="7.242678">
        <ele>2758.2</ele>
        <time>2026-08-01T08:54:22Z</time>
      </trkpt>
      <trkpt lat="44.172188" lon="7.242656">
        <ele>2757.6</ele>
        <time>2026-08-01T08:54:29Z</time>
      </trkpt>
      <trkpt lat="44.172184" lon="7.242644">
        <ele>2757.2</ele>
        <time>2026-08-01T08:54:32Z</time>
      </trkpt>
      <trkpt lat="44.172169" lon="7.242621">
        <ele>2756.2</ele>
        <time>2026-08-01T08:54:37Z</time>
      </trkpt>
      <trkpt lat="44.172168" lon="7.242617">
        <ele>2756.0</ele>
        <time>2026-08-01T08:54:38Z</time>
      </trkpt>
      <trkpt lat="44.172189" lon="7.242628">
        <ele>2755.4</ele>
        <time>2026-08-01T08:54:45Z</time>
      </trkpt>
      <trkpt lat="44.172193" lon="7.242624">
        <ele>2755.2</ele>
        <time>2026-08-01T08:54:52Z</time>
      </trkpt>
      <trkpt lat="44.172194" lon="7.242617">
        <ele>2754.8</ele>
        <time>2026-08-01T08:54:55Z</time>
      </trkpt>
      <trkpt lat="44.172186" lon="7.242621">
        <ele>2754.6</ele>
        <time>2026-08-01T08:54:59Z</time>
      </trkpt>
      <trkpt lat="44.172214" lon="7.242597">
        <ele>2753.8</ele>
        <time>2026-08-01T08:55:04Z</time>
      </trkpt>
      <trkpt lat="44.172245" lon="7.242599">
        <ele>2752.6</ele>
        <time>2026-08-01T08:55:09Z</time>
      </trkpt>
      <trkpt lat="44.172254" lon="7.242585">
        <ele>2752.2</ele>
        <time>2026-08-01T08:55:12Z</time>
      </trkpt>
      <trkpt lat="44.172273" lon="7.242574">
        <ele>2751.6</ele>
        <time>2026-08-01T08:55:16Z</time>
      </trkpt>
      <trkpt lat="44.172306" lon="7.242554">
        <ele>2750.8</ele>
        <time>2026-08-01T08:55:21Z</time>
      </trkpt>
      <trkpt lat="44.172309" lon="7.24255">
        <ele>2750.4</ele>
        <time>2026-08-01T08:55:23Z</time>
      </trkpt>
      <trkpt lat="44.172317" lon="7.242548">
        <ele>2749.8</ele>
        <time>2026-08-01T08:55:27Z</time>
      </trkpt>
      <trkpt lat="44.172324" lon="7.242552">
        <ele>2749.6</ele>
        <time>2026-08-01T08:55:29Z</time>
      </trkpt>
      <trkpt lat="44.172332" lon="7.24254">
        <ele>2749.2</ele>
        <time>2026-08-01T08:55:32Z</time>
      </trkpt>
      <trkpt lat="44.172345" lon="7.242515">
        <ele>2748.2</ele>
        <time>2026-08-01T08:55:38Z</time>
      </trkpt>
      <trkpt lat="44.172345" lon="7.242512">
        <ele>2748.2</ele>
        <time>2026-08-01T08:55:39Z</time>
      </trkpt>
      <trkpt lat="44.172352" lon="7.242489">
        <ele>2747.2</ele>
        <time>2026-08-01T08:55:47Z</time>
      </trkpt>
      <trkpt lat="44.172375" lon="7.24249">
        <ele>2746.2</ele>
        <time>2026-08-01T08:55:55Z</time>
      </trkpt>
      <trkpt lat="44.172399" lon="7.24246">
        <ele>2745.0</ele>
        <time>2026-08-01T08:56:00Z</time>
      </trkpt>
      <trkpt lat="44.17241" lon="7.242444">
        <ele>2744.4</ele>
        <time>2026-08-01T08:56:02Z</time>
      </trkpt>
      <trkpt lat="44.172432" lon="7.242432">
        <ele>2743.8</ele>
        <time>2026-08-01T08:56:06Z</time>
      </trkpt>
      <trkpt lat="44.172454" lon="7.242431">
        <ele>2743.4</ele>
        <time>2026-08-01T08:56:09Z</time>
      </trkpt>
      <trkpt lat="44.172473" lon="7.242413">
        <ele>2742.8</ele>
        <time>2026-08-01T08:56:14Z</time>
      </trkpt>
      <trkpt lat="44.172474" lon="7.242406">
        <ele>2742.2</ele>
        <time>2026-08-01T08:56:18Z</time>
      </trkpt>
      <trkpt lat="44.17248" lon="7.242395">
        <ele>2741.8</ele>
        <time>2026-08-01T08:56:21Z</time>
      </trkpt>
      <trkpt lat="44.172486" lon="7.242358">
        <ele>2741.0</ele>
        <time>2026-08-01T08:56:27Z</time>
      </trkpt>
      <trkpt lat="44.172492" lon="7.242349">
        <ele>2740.8</ele>
        <time>2026-08-01T08:56:28Z</time>
      </trkpt>
      <trkpt lat="44.172517" lon="7.242317">
        <ele>2739.4</ele>
        <time>2026-08-01T08:56:33Z</time>
      </trkpt>
      <trkpt lat="44.172522" lon="7.242311">
        <ele>2739.2</ele>
        <time>2026-08-01T08:56:34Z</time>
      </trkpt>
      <trkpt lat="44.172562" lon="7.24233">
        <ele>2738.8</ele>
        <time>2026-08-01T08:56:42Z</time>
      </trkpt>
      <trkpt lat="44.172571" lon="7.242327">
        <ele>2738.4</ele>
        <time>2026-08-01T08:56:44Z</time>
      </trkpt>
      <trkpt lat="44.17261" lon="7.242295">
        <ele>2737.4</ele>
        <time>2026-08-01T08:56:50Z</time>
      </trkpt>
      <trkpt lat="44.172634" lon="7.242286">
        <ele>2737.0</ele>
        <time>2026-08-01T08:56:52Z</time>
      </trkpt>
      <trkpt lat="44.172658" lon="7.242275">
        <ele>2736.6</ele>
        <time>2026-08-01T08:56:56Z</time>
      </trkpt>
      <trkpt lat="44.172669" lon="7.242266">
        <ele>2736.4</ele>
        <time>2026-08-01T08:56:59Z</time>
      </trkpt>
      <trkpt lat="44.172675" lon="7.242258">
        <ele>2736.2</ele>
        <time>2026-08-01T08:57:00Z</time>
      </trkpt>
      <trkpt lat="44.172693" lon="7.242238">
        <ele>2735.2</ele>
        <time>2026-08-01T08:57:04Z</time>
      </trkpt>
      <trkpt lat="44.172704" lon="7.242221">
        <ele>2734.2</ele>
        <time>2026-08-01T08:57:08Z</time>
      </trkpt>
      <trkpt lat="44.172707" lon="7.242216">
        <ele>2734.2</ele>
        <time>2026-08-01T08:57:09Z</time>
      </trkpt>
      <trkpt lat="44.172752" lon="7.242172">
        <ele>2733.4</ele>
        <time>2026-08-01T08:57:17Z</time>
      </trkpt>
      <trkpt lat="44.17276" lon="7.242157">
        <ele>2733.2</ele>
        <time>2026-08-01T08:57:19Z</time>
      </trkpt>
      <trkpt lat="44.172772" lon="7.242138">
        <ele>2732.6</ele>
        <time>2026-08-01T08:57:26Z</time>
      </trkpt>
      <trkpt lat="44.172748" lon="7.242115">
        <ele>2732.2</ele>
        <time>2026-08-01T08:57:32Z</time>
      </trkpt>
      <trkpt lat="44.17274" lon="7.242094">
        <ele>2731.6</ele>
        <time>2026-08-01T08:57:35Z</time>
      </trkpt>
      <trkpt lat="44.172724" lon="7.242078">
        <ele>2731.0</ele>
        <time>2026-08-01T08:57:38Z</time>
      </trkpt>
      <trkpt lat="44.172713" lon="7.242071">
        <ele>2730.6</ele>
        <time>2026-08-01T08:57:40Z</time>
      </trkpt>
      <trkpt lat="44.172701" lon="7.242071">
        <ele>2729.8</ele>
        <time>2026-08-01T08:57:43Z</time>
      </trkpt>
      <trkpt lat="44.172698" lon="7.242082">
        <ele>2729.4</ele>
        <time>2026-08-01T08:57:46Z</time>
      </trkpt>
      <trkpt lat="44.172694" lon="7.242094">
        <ele>2728.8</ele>
        <time>2026-08-01T08:57:49Z</time>
      </trkpt>
      <trkpt lat="44.172659" lon="7.242113">
        <ele>2727.6</ele>
        <time>2026-08-01T08:57:55Z</time>
      </trkpt>
      <trkpt lat="44.172659" lon="7.242114">
        <ele>2727.4</ele>
        <time>2026-08-01T08:57:56Z</time>
      </trkpt>
      <trkpt lat="44.17266" lon="7.242112">
        <ele>2727.4</ele>
        <time>2026-08-01T08:57:59Z</time>
      </trkpt>
      <trkpt lat="44.172669" lon="7.242114">
        <ele>2727.2</ele>
        <time>2026-08-01T08:58:03Z</time>
      </trkpt>
      <trkpt lat="44.172661" lon="7.242122">
        <ele>2726.4</ele>
        <time>2026-08-01T08:58:07Z</time>
      </trkpt>
      <trkpt lat="44.172641" lon="7.242109">
        <ele>2725.2</ele>
        <time>2026-08-01T08:58:12Z</time>
      </trkpt>
      <trkpt lat="44.17264" lon="7.242098">
        <ele>2725.0</ele>
        <time>2026-08-01T08:58:14Z</time>
      </trkpt>
      <trkpt lat="44.172653" lon="7.242056">
        <ele>2724.2</ele>
        <time>2026-08-01T08:58:19Z</time>
      </trkpt>
      <trkpt lat="44.172649" lon="7.242047">
        <ele>2723.8</ele>
        <time>2026-08-01T08:58:21Z</time>
      </trkpt>
      <trkpt lat="44.172636" lon="7.242046">
        <ele>2723.2</ele>
        <time>2026-08-01T08:58:24Z</time>
      </trkpt>
      <trkpt lat="44.172612" lon="7.242057">
        <ele>2722.0</ele>
        <time>2026-08-01T08:58:29Z</time>
      </trkpt>
      <trkpt lat="44.172604" lon="7.242058">
        <ele>2721.6</ele>
        <time>2026-08-01T08:58:30Z</time>
      </trkpt>
      <trkpt lat="44.172605" lon="7.242049">
        <ele>2720.8</ele>
        <time>2026-08-01T08:58:34Z</time>
      </trkpt>
      <trkpt lat="44.172609" lon="7.24205">
        <ele>2720.6</ele>
        <time>2026-08-01T08:58:37Z</time>
      </trkpt>
      <trkpt lat="44.1726" lon="7.242062">
        <ele>2719.8</ele>
        <time>2026-08-01T08:58:41Z</time>
      </trkpt>
      <trkpt lat="44.172593" lon="7.242031">
        <ele>2718.6</ele>
        <time>2026-08-01T08:58:47Z</time>
      </trkpt>
      <trkpt lat="44.172625" lon="7.241991">
        <ele>2717.6</ele>
        <time>2026-08-01T08:58:56Z</time>
      </trkpt>
      <trkpt lat="44.172644" lon="7.242">
        <ele>2717.2</ele>
        <time>2026-08-01T08:59:05Z</time>
      </trkpt>
      <trkpt lat="44.172655" lon="7.24199">
        <ele>2717.4</ele>
        <time>2026-08-01T08:59:08Z</time>
      </trkpt>
      <trkpt lat="44.172642" lon="7.24198">
        <ele>2717.6</ele>
        <time>2026-08-01T08:59:13Z</time>
      </trkpt>
      <trkpt lat="44.172654" lon="7.241977">
        <ele>2718.0</ele>
        <time>2026-08-01T08:59:22Z</time>
      </trkpt>
      <trkpt lat="44.172692" lon="7.241915">
        <ele>2717.6</ele>
        <time>2026-08-01T08:59:30Z</time>
      </trkpt>
      <trkpt lat="44.172696" lon="7.241914">
        <ele>2716.6</ele>
        <time>2026-08-01T08:59:35Z</time>
      </trkpt>
      <trkpt lat="44.172703" lon="7.241925">
        <ele>2716.0</ele>
        <time>2026-08-01T08:59:39Z</time>
      </trkpt>
      <trkpt lat="44.172704" lon="7.241929">
        <ele>2715.8</ele>
        <time>2026-08-01T08:59:40Z</time>
      </trkpt>
      <trkpt lat="44.172714" lon="7.241919">
        <ele>2715.4</ele>
        <time>2026-08-01T08:59:43Z</time>
      </trkpt>
      <trkpt lat="44.172734" lon="7.241886">
        <ele>2714.6</ele>
        <time>2026-08-01T08:59:47Z</time>
      </trkpt>
      <trkpt lat="44.172734" lon="7.241885">
        <ele>2714.4</ele>
        <time>2026-08-01T08:59:48Z</time>
      </trkpt>
      <trkpt lat="44.172724" lon="7.241887">
        <ele>2714.4</ele>
        <time>2026-08-01T08:59:54Z</time>
      </trkpt>
      <trkpt lat="44.172731" lon="7.241878">
        <ele>2713.2</ele>
        <time>2026-08-01T09:00:03Z</time>
      </trkpt>
      <trkpt lat="44.172734" lon="7.241868">
        <ele>2713.0</ele>
        <time>2026-08-01T09:00:04Z</time>
      </trkpt>
      <trkpt lat="44.172734" lon="7.241835">
        <ele>2712.0</ele>
        <time>2026-08-01T09:00:09Z</time>
      </trkpt>
      <trkpt lat="44.172738" lon="7.241805">
        <ele>2710.8</ele>
        <time>2026-08-01T09:00:13Z</time>
      </trkpt>
      <trkpt lat="44.172738" lon="7.241799">
        <ele>2710.6</ele>
        <time>2026-08-01T09:00:14Z</time>
      </trkpt>
      <trkpt lat="44.172746" lon="7.241776">
        <ele>2709.6</ele>
        <time>2026-08-01T09:00:19Z</time>
      </trkpt>
      <trkpt lat="44.172749" lon="7.241774">
        <ele>2709.0</ele>
        <time>2026-08-01T09:00:23Z</time>
      </trkpt>
      <trkpt lat="44.172768" lon="7.24173">
        <ele>2708.8</ele>
        <time>2026-08-01T09:00:30Z</time>
      </trkpt>
      <trkpt lat="44.172794" lon="7.24172">
        <ele>2709.8</ele>
        <time>2026-08-01T09:00:37Z</time>
      </trkpt>
      <trkpt lat="44.172814" lon="7.241711">
        <ele>2710.4</ele>
        <time>2026-08-01T09:00:41Z</time>
      </trkpt>
      <trkpt lat="44.172829" lon="7.241705">
        <ele>2710.8</ele>
        <time>2026-08-01T09:00:44Z</time>
      </trkpt>
      <trkpt lat="44.172829" lon="7.241697">
        <ele>2710.8</ele>
        <time>2026-08-01T09:00:46Z</time>
      </trkpt>
      <trkpt lat="44.172831" lon="7.241639">
        <ele>2710.4</ele>
        <time>2026-08-01T09:00:54Z</time>
      </trkpt>
      <trkpt lat="44.172845" lon="7.241599">
        <ele>2709.6</ele>
        <time>2026-08-01T09:01:01Z</time>
      </trkpt>
      <trkpt lat="44.172846" lon="7.241603">
        <ele>2709.4</ele>
        <time>2026-08-01T09:01:02Z</time>
      </trkpt>
      <trkpt lat="44.172845" lon="7.241592">
        <ele>2708.6</ele>
        <time>2026-08-01T09:01:05Z</time>
      </trkpt>
      <trkpt lat="44.172857" lon="7.24158">
        <ele>2708.2</ele>
        <time>2026-08-01T09:01:08Z</time>
      </trkpt>
      <trkpt lat="44.172875" lon="7.24153">
        <ele>2708.2</ele>
        <time>2026-08-01T09:01:13Z</time>
      </trkpt>
      <trkpt lat="44.172883" lon="7.241511">
        <ele>2708.2</ele>
        <time>2026-08-01T09:01:16Z</time>
      </trkpt>
      <trkpt lat="44.172905" lon="7.241463">
        <ele>2708.6</ele>
        <time>2026-08-01T09:01:23Z</time>
      </trkpt>
      <trkpt lat="44.172915" lon="7.24139">
        <ele>2708.8</ele>
        <time>2026-08-01T09:01:29Z</time>
      </trkpt>
      <trkpt lat="44.172913" lon="7.241366">
        <ele>2708.6</ele>
        <time>2026-08-01T09:01:31Z</time>
      </trkpt>
      <trkpt lat="44.172942" lon="7.241253">
        <ele>2708.2</ele>
        <time>2026-08-01T09:01:38Z</time>
      </trkpt>
      <trkpt lat="44.172957" lon="7.241199">
        <ele>2708.2</ele>
        <time>2026-08-01T09:01:43Z</time>
      </trkpt>
      <trkpt lat="44.172965" lon="7.241178">
        <ele>2708.6</ele>
        <time>2026-08-01T09:01:47Z</time>
      </trkpt>
      <trkpt lat="44.17299" lon="7.241064">
        <ele>2708.6</ele>
        <time>2026-08-01T09:01:56Z</time>
      </trkpt>
      <trkpt lat="44.173002" lon="7.240954">
        <ele>2709.0</ele>
        <time>2026-08-01T09:02:02Z</time>
      </trkpt>
      <trkpt lat="44.172992" lon="7.24086">
        <ele>2709.0</ele>
        <time>2026-08-01T09:02:09Z</time>
      </trkpt>
      <trkpt lat="44.172988" lon="7.240857">
        <ele>2708.8</ele>
        <time>2026-08-01T09:02:10Z</time>
      </trkpt>
      <trkpt lat="44.172939" lon="7.240826">
        <ele>2707.6</ele>
        <time>2026-08-01T09:02:17Z</time>
      </trkpt>
      <trkpt lat="44.172938" lon="7.240822">
        <ele>2707.6</ele>
        <time>2026-08-01T09:02:18Z</time>
      </trkpt>
      <trkpt lat="44.172943" lon="7.240773">
        <ele>2708.0</ele>
        <time>2026-08-01T09:02:25Z</time>
      </trkpt>
      <trkpt lat="44.172899" lon="7.240685">
        <ele>2707.0</ele>
        <time>2026-08-01T09:02:35Z</time>
      </trkpt>
      <trkpt lat="44.172876" lon="7.240642">
        <ele>2706.6</ele>
        <time>2026-08-01T09:02:41Z</time>
      </trkpt>
      <trkpt lat="44.172864" lon="7.240603">
        <ele>2706.2</ele>
        <time>2026-08-01T09:02:45Z</time>
      </trkpt>
      <trkpt lat="44.17284" lon="7.240518">
        <ele>2705.4</ele>
        <time>2026-08-01T09:02:52Z</time>
      </trkpt>
      <trkpt lat="44.172837" lon="7.240502">
        <ele>2705.4</ele>
        <time>2026-08-01T09:02:53Z</time>
      </trkpt>
      <trkpt lat="44.172826" lon="7.240395">
        <ele>2705.2</ele>
        <time>2026-08-01T09:03:04Z</time>
      </trkpt>
      <trkpt lat="44.172835" lon="7.240297">
        <ele>2704.8</ele>
        <time>2026-08-01T09:03:13Z</time>
      </trkpt>
      <trkpt lat="44.172831" lon="7.240248">
        <ele>2704.4</ele>
        <time>2026-08-01T09:03:17Z</time>
      </trkpt>
      <trkpt lat="44.172828" lon="7.240198">
        <ele>2704.2</ele>
        <time>2026-08-01T09:03:20Z</time>
      </trkpt>
      <trkpt lat="44.172818" lon="7.240187">
        <ele>2703.8</ele>
        <time>2026-08-01T09:03:23Z</time>
      </trkpt>
      <trkpt lat="44.172811" lon="7.240194">
        <ele>2703.4</ele>
        <time>2026-08-01T09:03:25Z</time>
      </trkpt>
      <trkpt lat="44.172803" lon="7.240186">
        <ele>2703.0</ele>
        <time>2026-08-01T09:03:27Z</time>
      </trkpt>
      <trkpt lat="44.172782" lon="7.240174">
        <ele>2702.2</ele>
        <time>2026-08-01T09:03:30Z</time>
      </trkpt>
      <trkpt lat="44.172767" lon="7.240147">
        <ele>2701.0</ele>
        <time>2026-08-01T09:03:35Z</time>
      </trkpt>
      <trkpt lat="44.172767" lon="7.240127">
        <ele>2700.6</ele>
        <time>2026-08-01T09:03:37Z</time>
      </trkpt>
      <trkpt lat="44.172759" lon="7.240059">
        <ele>2700.2</ele>
        <time>2026-08-01T09:03:45Z</time>
      </trkpt>
      <trkpt lat="44.172756" lon="7.240058">
        <ele>2700.0</ele>
        <time>2026-08-01T09:03:46Z</time>
      </trkpt>
      <trkpt lat="44.172737" lon="7.240017">
        <ele>2699.0</ele>
        <time>2026-08-01T09:03:50Z</time>
      </trkpt>
      <trkpt lat="44.172728" lon="7.239968">
        <ele>2699.0</ele>
        <time>2026-08-01T09:03:54Z</time>
      </trkpt>
      <trkpt lat="44.172718" lon="7.239907">
        <ele>2698.6</ele>
        <time>2026-08-01T09:04:00Z</time>
      </trkpt>
      <trkpt lat="44.172711" lon="7.239871">
        <ele>2698.2</ele>
        <time>2026-08-01T09:04:03Z</time>
      </trkpt>
      <trkpt lat="44.172699" lon="7.239856">
        <ele>2697.8</ele>
        <time>2026-08-01T09:04:05Z</time>
      </trkpt>
      <trkpt lat="44.172693" lon="7.239828">
        <ele>2696.8</ele>
        <time>2026-08-01T09:04:10Z</time>
      </trkpt>
      <trkpt lat="44.172691" lon="7.23983">
        <ele>2696.8</ele>
        <time>2026-08-01T09:04:11Z</time>
      </trkpt>
      <trkpt lat="44.172674" lon="7.239837">
        <ele>2695.6</ele>
        <time>2026-08-01T09:04:16Z</time>
      </trkpt>
      <trkpt lat="44.172659" lon="7.239828">
        <ele>2695.2</ele>
        <time>2026-08-01T09:04:18Z</time>
      </trkpt>
      <trkpt lat="44.172653" lon="7.239806">
        <ele>2694.6</ele>
        <time>2026-08-01T09:04:22Z</time>
      </trkpt>
      <trkpt lat="44.172651" lon="7.239794">
        <ele>2694.2</ele>
        <time>2026-08-01T09:04:26Z</time>
      </trkpt>
      <trkpt lat="44.172645" lon="7.239786">
        <ele>2693.6</ele>
        <time>2026-08-01T09:04:29Z</time>
      </trkpt>
      <trkpt lat="44.172624" lon="7.239767">
        <ele>2693.0</ele>
        <time>2026-08-01T09:04:33Z</time>
      </trkpt>
      <trkpt lat="44.172611" lon="7.239762">
        <ele>2692.4</ele>
        <time>2026-08-01T09:04:35Z</time>
      </trkpt>
      <trkpt lat="44.172603" lon="7.239758">
        <ele>2692.2</ele>
        <time>2026-08-01T09:04:37Z</time>
      </trkpt>
      <trkpt lat="44.172585" lon="7.239687">
        <ele>2691.6</ele>
        <time>2026-08-01T09:04:46Z</time>
      </trkpt>
      <trkpt lat="44.17258" lon="7.23968">
        <ele>2691.4</ele>
        <time>2026-08-01T09:04:47Z</time>
      </trkpt>
      <trkpt lat="44.172559" lon="7.239631">
        <ele>2690.2</ele>
        <time>2026-08-01T09:04:52Z</time>
      </trkpt>
      <trkpt lat="44.172556" lon="7.239595">
        <ele>2689.6</ele>
        <time>2026-08-01T09:04:55Z</time>
      </trkpt>
      <trkpt lat="44.172529" lon="7.239504">
        <ele>2689.2</ele>
        <time>2026-08-01T09:05:04Z</time>
      </trkpt>
      <trkpt lat="44.172524" lon="7.239491">
        <ele>2689.0</ele>
        <time>2026-08-01T09:05:05Z</time>
      </trkpt>
      <trkpt lat="44.172515" lon="7.239481">
        <ele>2689.0</ele>
        <time>2026-08-01T09:05:07Z</time>
      </trkpt>
      <trkpt lat="44.172506" lon="7.239462">
        <ele>2688.8</ele>
        <time>2026-08-01T09:05:09Z</time>
      </trkpt>
      <trkpt lat="44.17248" lon="7.239413">
        <ele>2688.0</ele>
        <time>2026-08-01T09:05:13Z</time>
      </trkpt>
      <trkpt lat="44.172474" lon="7.239399">
        <ele>2687.8</ele>
        <time>2026-08-01T09:05:14Z</time>
      </trkpt>
      <trkpt lat="44.172455" lon="7.239362">
        <ele>2686.6</ele>
        <time>2026-08-01T09:05:20Z</time>
      </trkpt>
      <trkpt lat="44.172441" lon="7.239336">
        <ele>2685.8</ele>
        <time>2026-08-01T09:05:22Z</time>
      </trkpt>
      <trkpt lat="44.172438" lon="7.239326">
        <ele>2685.4</ele>
        <time>2026-08-01T09:05:23Z</time>
      </trkpt>
      <trkpt lat="44.17243" lon="7.239301">
        <ele>2685.0</ele>
        <time>2026-08-01T09:05:26Z</time>
      </trkpt>
      <trkpt lat="44.172423" lon="7.239275">
        <ele>2684.4</ele>
        <time>2026-08-01T09:05:29Z</time>
      </trkpt>
      <trkpt lat="44.172416" lon="7.239258">
        <ele>2683.6</ele>
        <time>2026-08-01T09:05:32Z</time>
      </trkpt>
      <trkpt lat="44.172408" lon="7.239246">
        <ele>2683.2</ele>
        <time>2026-08-01T09:05:34Z</time>
      </trkpt>
      <trkpt lat="44.172404" lon="7.239243">
        <ele>2682.6</ele>
        <time>2026-08-01T09:05:38Z</time>
      </trkpt>
      <trkpt lat="44.172401" lon="7.239225">
        <ele>2682.6</ele>
        <time>2026-08-01T09:05:40Z</time>
      </trkpt>
      <trkpt lat="44.172387" lon="7.239123">
        <ele>2682.6</ele>
        <time>2026-08-01T09:05:46Z</time>
      </trkpt>
      <trkpt lat="44.172382" lon="7.239084">
        <ele>2682.2</ele>
        <time>2026-08-01T09:05:53Z</time>
      </trkpt>
      <trkpt lat="44.17236" lon="7.23901">
        <ele>2681.8</ele>
        <time>2026-08-01T09:06:00Z</time>
      </trkpt>
      <trkpt lat="44.172364" lon="7.239033">
        <ele>2681.2</ele>
        <time>2026-08-01T09:06:05Z</time>
      </trkpt>
      <trkpt lat="44.172364" lon="7.239036">
        <ele>2681.2</ele>
        <time>2026-08-01T09:06:06Z</time>
      </trkpt>
      <trkpt lat="44.172366" lon="7.239003">
        <ele>2681.0</ele>
        <time>2026-08-01T09:06:10Z</time>
      </trkpt>
      <trkpt lat="44.172362" lon="7.238911">
        <ele>2680.4</ele>
        <time>2026-08-01T09:06:14Z</time>
      </trkpt>
      <trkpt lat="44.17236" lon="7.238851">
        <ele>2680.0</ele>
        <time>2026-08-01T09:06:17Z</time>
      </trkpt>
      <trkpt lat="44.172355" lon="7.238826">
        <ele>2679.8</ele>
        <time>2026-08-01T09:06:20Z</time>
      </trkpt>
      <trkpt lat="44.172349" lon="7.238812">
        <ele>2679.2</ele>
        <time>2026-08-01T09:06:22Z</time>
      </trkpt>
      <trkpt lat="44.172343" lon="7.238801">
        <ele>2678.8</ele>
        <time>2026-08-01T09:06:24Z</time>
      </trkpt>
      <trkpt lat="44.172348" lon="7.238771">
        <ele>2677.6</ele>
        <time>2026-08-01T09:06:29Z</time>
      </trkpt>
      <trkpt lat="44.172348" lon="7.238762">
        <ele>2677.6</ele>
        <time>2026-08-01T09:06:30Z</time>
      </trkpt>
      <trkpt lat="44.172345" lon="7.238705">
        <ele>2676.6</ele>
        <time>2026-08-01T09:06:36Z</time>
      </trkpt>
      <trkpt lat="44.172343" lon="7.238696">
        <ele>2676.4</ele>
        <time>2026-08-01T09:06:37Z</time>
      </trkpt>
      <trkpt lat="44.172331" lon="7.238673">
        <ele>2675.4</ele>
        <time>2026-08-01T09:06:40Z</time>
      </trkpt>
      <trkpt lat="44.17232" lon="7.238658">
        <ele>2674.8</ele>
        <time>2026-08-01T09:06:44Z</time>
      </trkpt>
      <trkpt lat="44.172321" lon="7.238651">
        <ele>2674.8</ele>
        <time>2026-08-01T09:06:45Z</time>
      </trkpt>
      <trkpt lat="44.172322" lon="7.238638">
        <ele>2674.4</ele>
        <time>2026-08-01T09:06:47Z</time>
      </trkpt>
      <trkpt lat="44.172325" lon="7.238594">
        <ele>2673.6</ele>
        <time>2026-08-01T09:06:53Z</time>
      </trkpt>
      <trkpt lat="44.17233" lon="7.238554">
        <ele>2673.4</ele>
        <time>2026-08-01T09:06:55Z</time>
      </trkpt>
      <trkpt lat="44.172343" lon="7.238484">
        <ele>2673.2</ele>
        <time>2026-08-01T09:07:00Z</time>
      </trkpt>
      <trkpt lat="44.172357" lon="7.23845">
        <ele>2673.2</ele>
        <time>2026-08-01T09:07:04Z</time>
      </trkpt>
      <trkpt lat="44.172352" lon="7.238435">
        <ele>2672.6</ele>
        <time>2026-08-01T09:07:07Z</time>
      </trkpt>
      <trkpt lat="44.172352" lon="7.238424">
        <ele>2672.4</ele>
        <time>2026-08-01T09:07:08Z</time>
      </trkpt>
      <trkpt lat="44.17235" lon="7.238401">
        <ele>2672.2</ele>
        <time>2026-08-01T09:07:10Z</time>
      </trkpt>
      <trkpt lat="44.172333" lon="7.238369">
        <ele>2670.8</ele>
        <time>2026-08-01T09:07:15Z</time>
      </trkpt>
      <trkpt lat="44.172329" lon="7.238361">
        <ele>2670.6</ele>
        <time>2026-08-01T09:07:16Z</time>
      </trkpt>
      <trkpt lat="44.172323" lon="7.238343">
        <ele>2669.8</ele>
        <time>2026-08-01T09:07:19Z</time>
      </trkpt>
      <trkpt lat="44.172312" lon="7.238281">
        <ele>2668.6</ele>
        <time>2026-08-01T09:07:25Z</time>
      </trkpt>
      <trkpt lat="44.17231" lon="7.238269">
        <ele>2668.4</ele>
        <time>2026-08-01T09:07:26Z</time>
      </trkpt>
      <trkpt lat="44.172302" lon="7.238231">
        <ele>2667.6</ele>
        <time>2026-08-01T09:07:29Z</time>
      </trkpt>
      <trkpt lat="44.172294" lon="7.23814">
        <ele>2666.4</ele>
        <time>2026-08-01T09:07:35Z</time>
      </trkpt>
      <trkpt lat="44.172328" lon="7.238049">
        <ele>2667.0</ele>
        <time>2026-08-01T09:07:43Z</time>
      </trkpt>
      <trkpt lat="44.172346" lon="7.238015">
        <ele>2667.6</ele>
        <time>2026-08-01T09:07:46Z</time>
      </trkpt>
      <trkpt lat="44.172356" lon="7.237999">
        <ele>2667.8</ele>
        <time>2026-08-01T09:07:49Z</time>
      </trkpt>
      <trkpt lat="44.172393" lon="7.237939">
        <ele>2667.4</ele>
        <time>2026-08-01T09:07:58Z</time>
      </trkpt>
      <trkpt lat="44.172414" lon="7.237875">
        <ele>2667.2</ele>
        <time>2026-08-01T09:08:03Z</time>
      </trkpt>
      <trkpt lat="44.17243" lon="7.237818">
        <ele>2667.2</ele>
        <time>2026-08-01T09:08:08Z</time>
      </trkpt>
      <trkpt lat="44.172462" lon="7.237742">
        <ele>2667.0</ele>
        <time>2026-08-01T09:08:16Z</time>
      </trkpt>
      <trkpt lat="44.17248" lon="7.237711">
        <ele>2668.2</ele>
        <time>2026-08-01T09:08:23Z</time>
      </trkpt>
      <trkpt lat="44.172478" lon="7.237697">
        <ele>2668.6</ele>
        <time>2026-08-01T09:08:26Z</time>
      </trkpt>
      <trkpt lat="44.172493" lon="7.237649">
        <ele>2668.2</ele>
        <time>2026-08-01T09:08:30Z</time>
      </trkpt>
      <trkpt lat="44.172505" lon="7.237588">
        <ele>2668.4</ele>
        <time>2026-08-01T09:08:39Z</time>
      </trkpt>
      <trkpt lat="44.172528" lon="7.237525">
        <ele>2668.2</ele>
        <time>2026-08-01T09:08:47Z</time>
      </trkpt>
      <trkpt lat="44.172572" lon="7.237474">
        <ele>2667.8</ele>
        <time>2026-08-01T09:08:55Z</time>
      </trkpt>
      <trkpt lat="44.172593" lon="7.237408">
        <ele>2667.4</ele>
        <time>2026-08-01T09:09:01Z</time>
      </trkpt>
      <trkpt lat="44.172599" lon="7.237381">
        <ele>2667.2</ele>
        <time>2026-08-01T09:09:03Z</time>
      </trkpt>
      <trkpt lat="44.172617" lon="7.23732">
        <ele>2667.0</ele>
        <time>2026-08-01T09:09:12Z</time>
      </trkpt>
      <trkpt lat="44.17263" lon="7.237222">
        <ele>2666.6</ele>
        <time>2026-08-01T09:09:20Z</time>
      </trkpt>
      <trkpt lat="44.172637" lon="7.237203">
        <ele>2666.2</ele>
        <time>2026-08-01T09:09:22Z</time>
      </trkpt>
      <trkpt lat="44.172651" lon="7.237162">
        <ele>2665.0</ele>
        <time>2026-08-01T09:09:26Z</time>
      </trkpt>
      <trkpt lat="44.172652" lon="7.237152">
        <ele>2664.8</ele>
        <time>2026-08-01T09:09:27Z</time>
      </trkpt>
      <trkpt lat="44.172646" lon="7.237127">
        <ele>2663.8</ele>
        <time>2026-08-01T09:09:31Z</time>
      </trkpt>
      <trkpt lat="44.172636" lon="7.237092">
        <ele>2662.8</ele>
        <time>2026-08-01T09:09:35Z</time>
      </trkpt>
      <trkpt lat="44.172634" lon="7.237086">
        <ele>2662.6</ele>
        <time>2026-08-01T09:09:36Z</time>
      </trkpt>
      <trkpt lat="44.172653" lon="7.237046">
        <ele>2661.8</ele>
        <time>2026-08-01T09:09:43Z</time>
      </trkpt>
      <trkpt lat="44.172659" lon="7.23704">
        <ele>2661.6</ele>
        <time>2026-08-01T09:09:44Z</time>
      </trkpt>
      <trkpt lat="44.17268" lon="7.237039">
        <ele>2660.6</ele>
        <time>2026-08-01T09:09:48Z</time>
      </trkpt>
      <trkpt lat="44.172671" lon="7.237047">
        <ele>2659.8</ele>
        <time>2026-08-01T09:09:51Z</time>
      </trkpt>
      <trkpt lat="44.172664" lon="7.237052">
        <ele>2659.6</ele>
        <time>2026-08-01T09:09:52Z</time>
      </trkpt>
      <trkpt lat="44.172635" lon="7.237025">
        <ele>2658.6</ele>
        <time>2026-08-01T09:09:57Z</time>
      </trkpt>
      <trkpt lat="44.17264" lon="7.237009">
        <ele>2658.4</ele>
        <time>2026-08-01T09:09:58Z</time>
      </trkpt>
      <trkpt lat="44.172654" lon="7.236961">
        <ele>2657.8</ele>
        <time>2026-08-01T09:10:01Z</time>
      </trkpt>
      <trkpt lat="44.17266" lon="7.236939">
        <ele>2657.4</ele>
        <time>2026-08-01T09:10:03Z</time>
      </trkpt>
      <trkpt lat="44.172662" lon="7.236931">
        <ele>2657.2</ele>
        <time>2026-08-01T09:10:04Z</time>
      </trkpt>
      <trkpt lat="44.17267" lon="7.236907">
        <ele>2656.2</ele>
        <time>2026-08-01T09:10:09Z</time>
      </trkpt>
      <trkpt lat="44.172672" lon="7.236895">
        <ele>2655.8</ele>
        <time>2026-08-01T09:10:11Z</time>
      </trkpt>
      <trkpt lat="44.172675" lon="7.236859">
        <ele>2655.0</ele>
        <time>2026-08-01T09:10:16Z</time>
      </trkpt>
      <trkpt lat="44.172676" lon="7.236835">
        <ele>2654.2</ele>
        <time>2026-08-01T09:10:19Z</time>
      </trkpt>
      <trkpt lat="44.172673" lon="7.236819">
        <ele>2653.8</ele>
        <time>2026-08-01T09:10:21Z</time>
      </trkpt>
      <trkpt lat="44.172669" lon="7.236773">
        <ele>2652.6</ele>
        <time>2026-08-01T09:10:26Z</time>
      </trkpt>
      <trkpt lat="44.172668" lon="7.236766">
        <ele>2652.2</ele>
        <time>2026-08-01T09:10:28Z</time>
      </trkpt>
      <trkpt lat="44.172662" lon="7.236754">
        <ele>2651.6</ele>
        <time>2026-08-01T09:10:31Z</time>
      </trkpt>
      <trkpt lat="44.172663" lon="7.236721">
        <ele>2650.8</ele>
        <time>2026-08-01T09:10:35Z</time>
      </trkpt>
      <trkpt lat="44.17267" lon="7.236697">
        <ele>2650.4</ele>
        <time>2026-08-01T09:10:37Z</time>
      </trkpt>
      <trkpt lat="44.17268" lon="7.236665">
        <ele>2650.2</ele>
        <time>2026-08-01T09:10:41Z</time>
      </trkpt>
      <trkpt lat="44.172678" lon="7.236651">
        <ele>2650.2</ele>
        <time>2026-08-01T09:10:44Z</time>
      </trkpt>
      <trkpt lat="44.172687" lon="7.236593">
        <ele>2649.2</ele>
        <time>2026-08-01T09:10:53Z</time>
      </trkpt>
      <trkpt lat="44.172689" lon="7.236583">
        <ele>2649.0</ele>
        <time>2026-08-01T09:10:54Z</time>
      </trkpt>
      <trkpt lat="44.172691" lon="7.236556">
        <ele>2648.2</ele>
        <time>2026-08-01T09:10:58Z</time>
      </trkpt>
      <trkpt lat="44.172691" lon="7.236523">
        <ele>2647.0</ele>
        <time>2026-08-01T09:11:02Z</time>
      </trkpt>
      <trkpt lat="44.172691" lon="7.236512">
        <ele>2647.0</ele>
        <time>2026-08-01T09:11:03Z</time>
      </trkpt>
      <trkpt lat="44.172694" lon="7.236465">
        <ele>2646.8</ele>
        <time>2026-08-01T09:11:07Z</time>
      </trkpt>
      <trkpt lat="44.172686" lon="7.236436">
        <ele>2646.4</ele>
        <time>2026-08-01T09:11:10Z</time>
      </trkpt>
      <trkpt lat="44.172679" lon="7.236413">
        <ele>2645.8</ele>
        <time>2026-08-01T09:11:12Z</time>
      </trkpt>
      <trkpt lat="44.172661" lon="7.236381">
        <ele>2644.8</ele>
        <time>2026-08-01T09:11:16Z</time>
      </trkpt>
      <trkpt lat="44.172655" lon="7.236378">
        <ele>2644.6</ele>
        <time>2026-08-01T09:11:17Z</time>
      </trkpt>
      <trkpt lat="44.172652" lon="7.236366">
        <ele>2644.4</ele>
        <time>2026-08-01T09:11:18Z</time>
      </trkpt>
      <trkpt lat="44.172647" lon="7.236344">
        <ele>2643.6</ele>
        <time>2026-08-01T09:11:21Z</time>
      </trkpt>
      <trkpt lat="44.17266" lon="7.236258">
        <ele>2642.6</ele>
        <time>2026-08-01T09:11:26Z</time>
      </trkpt>
      <trkpt lat="44.172699" lon="7.236227">
        <ele>2642.8</ele>
        <time>2026-08-01T09:11:33Z</time>
      </trkpt>
      <trkpt lat="44.172696" lon="7.23618">
        <ele>2643.0</ele>
        <time>2026-08-01T09:11:41Z</time>
      </trkpt>
      <trkpt lat="44.172686" lon="7.236064">
        <ele>2644.0</ele>
        <time>2026-08-01T09:11:49Z</time>
      </trkpt>
      <trkpt lat="44.172669" lon="7.23599">
        <ele>2643.0</ele>
        <time>2026-08-01T09:11:58Z</time>
      </trkpt>
      <trkpt lat="44.172669" lon="7.23598">
        <ele>2642.4</ele>
        <time>2026-08-01T09:12:00Z</time>
      </trkpt>
      <trkpt lat="44.172659" lon="7.2359">
        <ele>2642.0</ele>
        <time>2026-08-01T09:12:05Z</time>
      </trkpt>
      <trkpt lat="44.172661" lon="7.235884">
        <ele>2642.8</ele>
        <time>2026-08-01T09:12:11Z</time>
      </trkpt>
      <trkpt lat="44.172616" lon="7.235834">
        <ele>2642.8</ele>
        <time>2026-08-01T09:12:18Z</time>
      </trkpt>
      <trkpt lat="44.17262" lon="7.235826">
        <ele>2642.6</ele>
        <time>2026-08-01T09:12:20Z</time>
      </trkpt>
      <trkpt lat="44.172611" lon="7.235822">
        <ele>2642.6</ele>
        <time>2026-08-01T09:12:21Z</time>
      </trkpt>
      <trkpt lat="44.172601" lon="7.23578">
        <ele>2642.2</ele>
        <time>2026-08-01T09:12:25Z</time>
      </trkpt>
      <trkpt lat="44.172615" lon="7.235767">
        <ele>2642.2</ele>
        <time>2026-08-01T09:12:27Z</time>
      </trkpt>
      <trkpt lat="44.172622" lon="7.235762">
        <ele>2642.4</ele>
        <time>2026-08-01T09:12:28Z</time>
      </trkpt>
      <trkpt lat="44.172645" lon="7.235744">
        <ele>2642.8</ele>
        <time>2026-08-01T09:12:31Z</time>
      </trkpt>
      <trkpt lat="44.172661" lon="7.235745">
        <ele>2643.0</ele>
        <time>2026-08-01T09:12:34Z</time>
      </trkpt>
      <trkpt lat="44.17266" lon="7.23572">
        <ele>2643.6</ele>
        <time>2026-08-01T09:12:38Z</time>
      </trkpt>
      <trkpt lat="44.172658" lon="7.235709">
        <ele>2643.6</ele>
        <time>2026-08-01T09:12:39Z</time>
      </trkpt>
      <trkpt lat="44.172652" lon="7.23564">
        <ele>2644.6</ele>
        <time>2026-08-01T09:12:46Z</time>
      </trkpt>
      <trkpt lat="44.172664" lon="7.235579">
        <ele>2645.6</ele>
        <time>2026-08-01T09:12:53Z</time>
      </trkpt>
      <trkpt lat="44.172671" lon="7.235562">
        <ele>2645.8</ele>
        <time>2026-08-01T09:12:55Z</time>
      </trkpt>
      <trkpt lat="44.172683" lon="7.235516">
        <ele>2646.2</ele>
        <time>2026-08-01T09:13:03Z</time>
      </trkpt>
      <trkpt lat="44.172662" lon="7.235473">
        <ele>2646.2</ele>
        <time>2026-08-01T09:13:11Z</time>
      </trkpt>
      <trkpt lat="44.172659" lon="7.235445">
        <ele>2646.4</ele>
        <time>2026-08-01T09:13:12Z</time>
      </trkpt>
      <trkpt lat="44.172649" lon="7.235364">
        <ele>2646.6</ele>
        <time>2026-08-01T09:13:16Z</time>
      </trkpt>
      <trkpt lat="44.172649" lon="7.235356">
        <ele>2646.6</ele>
        <time>2026-08-01T09:13:17Z</time>
      </trkpt>
      <trkpt lat="44.172648" lon="7.235359">
        <ele>2647.0</ele>
        <time>2026-08-01T09:13:19Z</time>
      </trkpt>
      <trkpt lat="44.172653" lon="7.235379">
        <ele>2647.8</ele>
        <time>2026-08-01T09:13:25Z</time>
      </trkpt>
      <trkpt lat="44.172654" lon="7.235366">
        <ele>2647.6</ele>
        <time>2026-08-01T09:13:27Z</time>
      </trkpt>
      <trkpt lat="44.172654" lon="7.235358">
        <ele>2647.6</ele>
        <time>2026-08-01T09:13:28Z</time>
      </trkpt>
      <trkpt lat="44.172651" lon="7.235298">
        <ele>2648.0</ele>
        <time>2026-08-01T09:13:33Z</time>
      </trkpt>
      <trkpt lat="44.172651" lon="7.235279">
        <ele>2648.2</ele>
        <time>2026-08-01T09:13:35Z</time>
      </trkpt>
      <trkpt lat="44.172644" lon="7.235215">
        <ele>2648.6</ele>
        <time>2026-08-01T09:13:40Z</time>
      </trkpt>
      <trkpt lat="44.17264" lon="7.235206">
        <ele>2648.6</ele>
        <time>2026-08-01T09:13:41Z</time>
      </trkpt>
      <trkpt lat="44.17263" lon="7.235199">
        <ele>2648.8</ele>
        <time>2026-08-01T09:13:43Z</time>
      </trkpt>
      <trkpt lat="44.172629" lon="7.235175">
        <ele>2649.0</ele>
        <time>2026-08-01T09:13:47Z</time>
      </trkpt>
      <trkpt lat="44.172638" lon="7.23514">
        <ele>2649.6</ele>
        <time>2026-08-01T09:13:55Z</time>
      </trkpt>
      <trkpt lat="44.17264" lon="7.235122">
        <ele>2649.8</ele>
        <time>2026-08-01T09:13:57Z</time>
      </trkpt>
      <trkpt lat="44.172643" lon="7.235074">
        <ele>2651.0</ele>
        <time>2026-08-01T09:14:01Z</time>
      </trkpt>
      <trkpt lat="44.17264" lon="7.235056">
        <ele>2651.4</ele>
        <time>2026-08-01T09:14:05Z</time>
      </trkpt>
      <trkpt lat="44.172632" lon="7.234964">
        <ele>2652.0</ele>
        <time>2026-08-01T09:14:13Z</time>
      </trkpt>
      <trkpt lat="44.172626" lon="7.234942">
        <ele>2652.0</ele>
        <time>2026-08-01T09:14:14Z</time>
      </trkpt>
      <trkpt lat="44.17262" lon="7.234869">
        <ele>2652.6</ele>
        <time>2026-08-01T09:14:19Z</time>
      </trkpt>
      <trkpt lat="44.172594" lon="7.234795">
        <ele>2652.4</ele>
        <time>2026-08-01T09:14:27Z</time>
      </trkpt>
      <trkpt lat="44.172578" lon="7.234727">
        <ele>2652.8</ele>
        <time>2026-08-01T09:14:34Z</time>
      </trkpt>
      <trkpt lat="44.172576" lon="7.234715">
        <ele>2652.8</ele>
        <time>2026-08-01T09:14:35Z</time>
      </trkpt>
      <trkpt lat="44.172579" lon="7.234695">
        <ele>2653.0</ele>
        <time>2026-08-01T09:14:37Z</time>
      </trkpt>
      <trkpt lat="44.172579" lon="7.234676">
        <ele>2653.4</ele>
        <time>2026-08-01T09:14:41Z</time>
      </trkpt>
      <trkpt lat="44.172579" lon="7.234667">
        <ele>2653.0</ele>
        <time>2026-08-01T09:14:43Z</time>
      </trkpt>
      <trkpt lat="44.172568" lon="7.234636">
        <ele>2652.0</ele>
        <time>2026-08-01T09:14:48Z</time>
      </trkpt>
      <trkpt lat="44.172547" lon="7.234575">
        <ele>2651.6</ele>
        <time>2026-08-01T09:14:53Z</time>
      </trkpt>
      <trkpt lat="44.172525" lon="7.234541">
        <ele>2650.8</ele>
        <time>2026-08-01T09:14:58Z</time>
      </trkpt>
      <trkpt lat="44.172515" lon="7.234534">
        <ele>2649.8</ele>
        <time>2026-08-01T09:15:02Z</time>
      </trkpt>
      <trkpt lat="44.172471" lon="7.234489">
        <ele>2648.6</ele>
        <time>2026-08-01T09:15:08Z</time>
      </trkpt>
      <trkpt lat="44.172456" lon="7.23447">
        <ele>2648.4</ele>
        <time>2026-08-01T09:15:10Z</time>
      </trkpt>
      <trkpt lat="44.172366" lon="7.234376">
        <ele>2647.6</ele>
        <time>2026-08-01T09:15:20Z</time>
      </trkpt>
      <trkpt lat="44.17236" lon="7.234369">
        <ele>2647.4</ele>
        <time>2026-08-01T09:15:21Z</time>
      </trkpt>
      <trkpt lat="44.172358" lon="7.234364">
        <ele>2646.4</ele>
        <time>2026-08-01T09:15:25Z</time>
      </trkpt>
      <trkpt lat="44.172348" lon="7.234352">
        <ele>2646.0</ele>
        <time>2026-08-01T09:15:27Z</time>
      </trkpt>
      <trkpt lat="44.172328" lon="7.234321">
        <ele>2645.4</ele>
        <time>2026-08-01T09:15:30Z</time>
      </trkpt>
      <trkpt lat="44.172308" lon="7.234298">
        <ele>2644.8</ele>
        <time>2026-08-01T09:15:33Z</time>
      </trkpt>
      <trkpt lat="44.172297" lon="7.23429">
        <ele>2644.2</ele>
        <time>2026-08-01T09:15:36Z</time>
      </trkpt>
      <trkpt lat="44.172285" lon="7.234265">
        <ele>2643.2</ele>
        <time>2026-08-01T09:15:39Z</time>
      </trkpt>
      <trkpt lat="44.17228" lon="7.234257">
        <ele>2642.8</ele>
        <time>2026-08-01T09:15:40Z</time>
      </trkpt>
      <trkpt lat="44.172265" lon="7.234235">
        <ele>2642.0</ele>
        <time>2026-08-01T09:15:43Z</time>
      </trkpt>
      <trkpt lat="44.172254" lon="7.234222">
        <ele>2641.6</ele>
        <time>2026-08-01T09:15:45Z</time>
      </trkpt>
      <trkpt lat="44.172243" lon="7.234206">
        <ele>2641.0</ele>
        <time>2026-08-01T09:15:47Z</time>
      </trkpt>
      <trkpt lat="44.172204" lon="7.234164">
        <ele>2640.2</ele>
        <time>2026-08-01T09:15:53Z</time>
      </trkpt>
      <trkpt lat="44.172187" lon="7.234149">
        <ele>2639.8</ele>
        <time>2026-08-01T09:15:55Z</time>
      </trkpt>
      <trkpt lat="44.172155" lon="7.234109">
        <ele>2638.6</ele>
        <time>2026-08-01T09:16:00Z</time>
      </trkpt>
      <trkpt lat="44.17215" lon="7.234103">
        <ele>2638.6</ele>
        <time>2026-08-01T09:16:01Z</time>
      </trkpt>
      <trkpt lat="44.1721" lon="7.23404">
        <ele>2637.6</ele>
        <time>2026-08-01T09:16:10Z</time>
      </trkpt>
      <trkpt lat="44.172094" lon="7.234036">
        <ele>2637.6</ele>
        <time>2026-08-01T09:16:11Z</time>
      </trkpt>
      <trkpt lat="44.172068" lon="7.234001">
        <ele>2636.6</ele>
        <time>2026-08-01T09:16:16Z</time>
      </trkpt>
      <trkpt lat="44.172069" lon="7.233991">
        <ele>2636.4</ele>
        <time>2026-08-01T09:16:18Z</time>
      </trkpt>
      <trkpt lat="44.17207" lon="7.233983">
        <ele>2636.0</ele>
        <time>2026-08-01T09:16:19Z</time>
      </trkpt>
      <trkpt lat="44.17203" lon="7.233884">
        <ele>2636.0</ele>
        <time>2026-08-01T09:16:27Z</time>
      </trkpt>
      <trkpt lat="44.172009" lon="7.233854">
        <ele>2635.2</ele>
        <time>2026-08-01T09:16:31Z</time>
      </trkpt>
      <trkpt lat="44.171981" lon="7.233816">
        <ele>2635.0</ele>
        <time>2026-08-01T09:16:35Z</time>
      </trkpt>
      <trkpt lat="44.171953" lon="7.233783">
        <ele>2635.4</ele>
        <time>2026-08-01T09:16:40Z</time>
      </trkpt>
      <trkpt lat="44.171928" lon="7.233745">
        <ele>2635.8</ele>
        <time>2026-08-01T09:16:46Z</time>
      </trkpt>
      <trkpt lat="44.171897" lon="7.233705">
        <ele>2636.2</ele>
        <time>2026-08-01T09:16:52Z</time>
      </trkpt>
      <trkpt lat="44.17187" lon="7.233675">
        <ele>2636.2</ele>
        <time>2026-08-01T09:16:56Z</time>
      </trkpt>
      <trkpt lat="44.17186" lon="7.233664">
        <ele>2636.2</ele>
        <time>2026-08-01T09:16:58Z</time>
      </trkpt>
      <trkpt lat="44.171839" lon="7.233701">
        <ele>2635.8</ele>
        <time>2026-08-01T09:17:07Z</time>
      </trkpt>
      <trkpt lat="44.171821" lon="7.233665">
        <ele>2636.0</ele>
        <time>2026-08-01T09:17:12Z</time>
      </trkpt>
      <trkpt lat="44.171815" lon="7.233647">
        <ele>2636.0</ele>
        <time>2026-08-01T09:17:19Z</time>
      </trkpt>
      <trkpt lat="44.171823" lon="7.233639">
        <ele>2636.4</ele>
        <time>2026-08-01T09:17:25Z</time>
      </trkpt>
      <trkpt lat="44.171804" lon="7.233589">
        <ele>2637.0</ele>
        <time>2026-08-01T09:17:29Z</time>
      </trkpt>
      <trkpt lat="44.171798" lon="7.233569">
        <ele>2637.4</ele>
        <time>2026-08-01T09:17:31Z</time>
      </trkpt>
      <trkpt lat="44.171778" lon="7.233526">
        <ele>2638.6</ele>
        <time>2026-08-01T09:17:36Z</time>
      </trkpt>
      <trkpt lat="44.171741" lon="7.233515">
        <ele>2638.8</ele>
        <time>2026-08-01T09:17:43Z</time>
      </trkpt>
      <trkpt lat="44.17169" lon="7.233513">
        <ele>2639.0</ele>
        <time>2026-08-01T09:17:49Z</time>
      </trkpt>
      <trkpt lat="44.171711" lon="7.233525">
        <ele>2638.2</ele>
        <time>2026-08-01T09:17:55Z</time>
      </trkpt>
      <trkpt lat="44.171691" lon="7.233527">
        <ele>2638.2</ele>
        <time>2026-08-01T09:18:04Z</time>
      </trkpt>
      <trkpt lat="44.171683" lon="7.23351">
        <ele>2638.8</ele>
        <time>2026-08-01T09:18:12Z</time>
      </trkpt>
      <trkpt lat="44.171669" lon="7.233482">
        <ele>2639.2</ele>
        <time>2026-08-01T09:18:15Z</time>
      </trkpt>
      <trkpt lat="44.171655" lon="7.233456">
        <ele>2639.6</ele>
        <time>2026-08-01T09:18:18Z</time>
      </trkpt>
      <trkpt lat="44.171652" lon="7.233446">
        <ele>2639.8</ele>
        <time>2026-08-01T09:18:19Z</time>
      </trkpt>
      <trkpt lat="44.171661" lon="7.233467">
        <ele>2640.2</ele>
        <time>2026-08-01T09:18:24Z</time>
      </trkpt>
      <trkpt lat="44.171648" lon="7.233417">
        <ele>2640.2</ele>
        <time>2026-08-01T09:18:34Z</time>
      </trkpt>
      <trkpt lat="44.171644" lon="7.233387">
        <ele>2640.0</ele>
        <time>2026-08-01T09:18:38Z</time>
      </trkpt>
      <trkpt lat="44.171627" lon="7.233339">
        <ele>2639.0</ele>
        <time>2026-08-01T09:18:42Z</time>
      </trkpt>
      <trkpt lat="44.171622" lon="7.233329">
        <ele>2638.8</ele>
        <time>2026-08-01T09:18:43Z</time>
      </trkpt>
      <trkpt lat="44.171595" lon="7.233261">
        <ele>2638.4</ele>
        <time>2026-08-01T09:18:50Z</time>
      </trkpt>
      <trkpt lat="44.171534" lon="7.23319">
        <ele>2638.2</ele>
        <time>2026-08-01T09:18:59Z</time>
      </trkpt>
      <trkpt lat="44.171518" lon="7.233159">
        <ele>2637.8</ele>
        <time>2026-08-01T09:19:05Z</time>
      </trkpt>
      <trkpt lat="44.171516" lon="7.233157">
        <ele>2637.8</ele>
        <time>2026-08-01T09:19:06Z</time>
      </trkpt>
      <trkpt lat="44.171511" lon="7.233154">
        <ele>2637.6</ele>
        <time>2026-08-01T09:19:07Z</time>
      </trkpt>
      <trkpt lat="44.171492" lon="7.233147">
        <ele>2636.6</ele>
        <time>2026-08-01T09:19:10Z</time>
      </trkpt>
      <trkpt lat="44.171481" lon="7.233204">
        <ele>2635.6</ele>
        <time>2026-08-01T09:19:15Z</time>
      </trkpt>
      <trkpt lat="44.171484" lon="7.233243">
        <ele>2634.4</ele>
        <time>2026-08-01T09:19:19Z</time>
      </trkpt>
      <trkpt lat="44.171483" lon="7.233247">
        <ele>2633.2</ele>
        <time>2026-08-01T09:19:23Z</time>
      </trkpt>
      <trkpt lat="44.171462" lon="7.233207">
        <ele>2632.2</ele>
        <time>2026-08-01T09:19:31Z</time>
      </trkpt>
      <trkpt lat="44.171467" lon="7.233204">
        <ele>2632.2</ele>
        <time>2026-08-01T09:19:32Z</time>
      </trkpt>
      <trkpt lat="44.171445" lon="7.233177">
        <ele>2631.0</ele>
        <time>2026-08-01T09:19:37Z</time>
      </trkpt>
      <trkpt lat="44.171414" lon="7.233137">
        <ele>2630.0</ele>
        <time>2026-08-01T09:19:43Z</time>
      </trkpt>
      <trkpt lat="44.171407" lon="7.233128">
        <ele>2629.4</ele>
        <time>2026-08-01T09:19:45Z</time>
      </trkpt>
      <trkpt lat="44.171407" lon="7.233127">
        <ele>2628.8</ele>
        <time>2026-08-01T09:19:47Z</time>
      </trkpt>
      <trkpt lat="44.171386" lon="7.233117">
        <ele>2627.6</ele>
        <time>2026-08-01T09:19:51Z</time>
      </trkpt>
      <trkpt lat="44.171387" lon="7.233111">
        <ele>2627.4</ele>
        <time>2026-08-01T09:19:52Z</time>
      </trkpt>
      <trkpt lat="44.1714" lon="7.233113">
        <ele>2627.0</ele>
        <time>2026-08-01T09:20:00Z</time>
      </trkpt>
      <trkpt lat="44.171405" lon="7.233107">
        <ele>2626.2</ele>
        <time>2026-08-01T09:20:02Z</time>
      </trkpt>
      <trkpt lat="44.171411" lon="7.233076">
        <ele>2625.2</ele>
        <time>2026-08-01T09:20:05Z</time>
      </trkpt>
      <trkpt lat="44.171414" lon="7.233055">
        <ele>2624.8</ele>
        <time>2026-08-01T09:20:07Z</time>
      </trkpt>
      <trkpt lat="44.171421" lon="7.233072">
        <ele>2624.2</ele>
        <time>2026-08-01T09:20:16Z</time>
      </trkpt>
      <trkpt lat="44.171408" lon="7.233095">
        <ele>2623.0</ele>
        <time>2026-08-01T09:20:24Z</time>
      </trkpt>
      <trkpt lat="44.171407" lon="7.233095">
        <ele>2622.8</ele>
        <time>2026-08-01T09:20:25Z</time>
      </trkpt>
      <trkpt lat="44.171384" lon="7.233066">
        <ele>2622.0</ele>
        <time>2026-08-01T09:20:32Z</time>
      </trkpt>
      <trkpt lat="44.171382" lon="7.233065">
        <ele>2621.8</ele>
        <time>2026-08-01T09:20:33Z</time>
      </trkpt>
      <trkpt lat="44.171377" lon="7.233066">
        <ele>2621.6</ele>
        <time>2026-08-01T09:20:35Z</time>
      </trkpt>
      <trkpt lat="44.171364" lon="7.233074">
        <ele>2620.6</ele>
        <time>2026-08-01T09:20:40Z</time>
      </trkpt>
      <trkpt lat="44.171367" lon="7.233078">
        <ele>2620.0</ele>
        <time>2026-08-01T09:20:43Z</time>
      </trkpt>
      <trkpt lat="44.171362" lon="7.233088">
        <ele>2619.6</ele>
        <time>2026-08-01T09:20:50Z</time>
      </trkpt>
      <trkpt lat="44.171359" lon="7.23307">
        <ele>2618.6</ele>
        <time>2026-08-01T09:20:53Z</time>
      </trkpt>
      <trkpt lat="44.17136" lon="7.23306">
        <ele>2618.6</ele>
        <time>2026-08-01T09:20:54Z</time>
      </trkpt>
      <trkpt lat="44.171332" lon="7.233021">
        <ele>2619.6</ele>
        <time>2026-08-01T09:21:00Z</time>
      </trkpt>
      <trkpt lat="44.171325" lon="7.23301">
        <ele>2619.6</ele>
        <time>2026-08-01T09:21:01Z</time>
      </trkpt>
      <trkpt lat="44.171304" lon="7.232981">
        <ele>2620.2</ele>
        <time>2026-08-01T09:21:07Z</time>
      </trkpt>
      <trkpt lat="44.171302" lon="7.232978">
        <ele>2620.2</ele>
        <time>2026-08-01T09:21:08Z</time>
      </trkpt>
      <trkpt lat="44.171291" lon="7.232973">
        <ele>2620.0</ele>
        <time>2026-08-01T09:21:12Z</time>
      </trkpt>
      <trkpt lat="44.1713" lon="7.232983">
        <ele>2619.8</ele>
        <time>2026-08-01T09:21:20Z</time>
      </trkpt>
      <trkpt lat="44.171318" lon="7.232978">
        <ele>2620.6</ele>
        <time>2026-08-01T09:21:27Z</time>
      </trkpt>
      <trkpt lat="44.171337" lon="7.232989">
        <ele>2620.2</ele>
        <time>2026-08-01T09:21:32Z</time>
      </trkpt>
      <trkpt lat="44.171315" lon="7.232981">
        <ele>2619.8</ele>
        <time>2026-08-01T09:21:43Z</time>
      </trkpt>
      <trkpt lat="44.17131" lon="7.232979">
        <ele>2619.6</ele>
        <time>2026-08-01T09:21:46Z</time>
      </trkpt>
      <trkpt lat="44.17132" lon="7.233">
        <ele>2619.6</ele>
        <time>2026-08-01T09:21:52Z</time>
      </trkpt>
      <trkpt lat="44.171312" lon="7.232996">
        <ele>2619.4</ele>
        <time>2026-08-01T09:21:57Z</time>
      </trkpt>
      <trkpt lat="44.171304" lon="7.232971">
        <ele>2619.0</ele>
        <time>2026-08-01T09:22:01Z</time>
      </trkpt>
      <trkpt lat="44.171251" lon="7.232851">
        <ele>2619.6</ele>
        <time>2026-08-01T09:22:09Z</time>
      </trkpt>
      <trkpt lat="44.171202" lon="7.232798">
        <ele>2619.4</ele>
        <time>2026-08-01T09:22:15Z</time>
      </trkpt>
      <trkpt lat="44.171196" lon="7.232801">
        <ele>2619.4</ele>
        <time>2026-08-01T09:22:16Z</time>
      </trkpt>
      <trkpt lat="44.171166" lon="7.232796">
        <ele>2618.4</ele>
        <time>2026-08-01T09:22:22Z</time>
      </trkpt>
      <trkpt lat="44.171166" lon="7.232752">
        <ele>2617.4</ele>
        <time>2026-08-01T09:22:26Z</time>
      </trkpt>
      <trkpt lat="44.171168" lon="7.232703">
        <ele>2617.0</ele>
        <time>2026-08-01T09:22:30Z</time>
      </trkpt>
      <trkpt lat="44.171159" lon="7.232667">
        <ele>2616.2</ele>
        <time>2026-08-01T09:22:33Z</time>
      </trkpt>
      <trkpt lat="44.171146" lon="7.23263">
        <ele>2614.8</ele>
        <time>2026-08-01T09:22:36Z</time>
      </trkpt>
      <trkpt lat="44.171142" lon="7.23262">
        <ele>2614.2</ele>
        <time>2026-08-01T09:22:37Z</time>
      </trkpt>
      <trkpt lat="44.17114" lon="7.23261">
        <ele>2614.0</ele>
        <time>2026-08-01T09:22:38Z</time>
      </trkpt>
      <trkpt lat="44.171143" lon="7.232606">
        <ele>2613.6</ele>
        <time>2026-08-01T09:22:40Z</time>
      </trkpt>
      <trkpt lat="44.171146" lon="7.232553">
        <ele>2613.8</ele>
        <time>2026-08-01T09:22:44Z</time>
      </trkpt>
      <trkpt lat="44.171152" lon="7.232513">
        <ele>2614.4</ele>
        <time>2026-08-01T09:22:47Z</time>
      </trkpt>
      <trkpt lat="44.171159" lon="7.232464">
        <ele>2614.8</ele>
        <time>2026-08-01T09:22:50Z</time>
      </trkpt>
      <trkpt lat="44.171157" lon="7.232405">
        <ele>2615.6</ele>
        <time>2026-08-01T09:22:57Z</time>
      </trkpt>
      <trkpt lat="44.171154" lon="7.232399">
        <ele>2615.8</ele>
        <time>2026-08-01T09:22:58Z</time>
      </trkpt>
      <trkpt lat="44.171144" lon="7.232364">
        <ele>2616.8</ele>
        <time>2026-08-01T09:23:04Z</time>
      </trkpt>
      <trkpt lat="44.171139" lon="7.232373">
        <ele>2617.0</ele>
        <time>2026-08-01T09:23:05Z</time>
      </trkpt>
      <trkpt lat="44.171128" lon="7.232339">
        <ele>2617.4</ele>
        <time>2026-08-01T09:23:08Z</time>
      </trkpt>
      <trkpt lat="44.171122" lon="7.232338">
        <ele>2617.4</ele>
        <time>2026-08-01T09:23:09Z</time>
      </trkpt>
      <trkpt lat="44.17112" lon="7.232329">
        <ele>2617.2</ele>
        <time>2026-08-01T09:23:10Z</time>
      </trkpt>
      <trkpt lat="44.171117" lon="7.232334">
        <ele>2617.0</ele>
        <time>2026-08-01T09:23:11Z</time>
      </trkpt>
      <trkpt lat="44.171121" lon="7.232324">
        <ele>2617.2</ele>
        <time>2026-08-01T09:23:14Z</time>
      </trkpt>
      <trkpt lat="44.171113" lon="7.232289">
        <ele>2617.4</ele>
        <time>2026-08-01T09:23:16Z</time>
      </trkpt>
      <trkpt lat="44.171101" lon="7.232246">
        <ele>2617.4</ele>
        <time>2026-08-01T09:23:18Z</time>
      </trkpt>
      <trkpt lat="44.171082" lon="7.232143">
        <ele>2616.6</ele>
        <time>2026-08-01T09:23:24Z</time>
      </trkpt>
      <trkpt lat="44.171071" lon="7.232094">
        <ele>2617.4</ele>
        <time>2026-08-01T09:23:30Z</time>
      </trkpt>
      <trkpt lat="44.171056" lon="7.232064">
        <ele>2618.2</ele>
        <time>2026-08-01T09:23:35Z</time>
      </trkpt>
      <trkpt lat="44.171058" lon="7.23204">
        <ele>2618.4</ele>
        <time>2026-08-01T09:23:37Z</time>
      </trkpt>
      <trkpt lat="44.171051" lon="7.231963">
        <ele>2619.0</ele>
        <time>2026-08-01T09:23:44Z</time>
      </trkpt>
      <trkpt lat="44.171048" lon="7.231959">
        <ele>2619.2</ele>
        <time>2026-08-01T09:23:45Z</time>
      </trkpt>
      <trkpt lat="44.171026" lon="7.231916">
        <ele>2620.2</ele>
        <time>2026-08-01T09:23:49Z</time>
      </trkpt>
      <trkpt lat="44.171019" lon="7.231896">
        <ele>2620.2</ele>
        <time>2026-08-01T09:23:51Z</time>
      </trkpt>
      <trkpt lat="44.171003" lon="7.231837">
        <ele>2619.0</ele>
        <time>2026-08-01T09:23:56Z</time>
      </trkpt>
      <trkpt lat="44.170993" lon="7.231808">
        <ele>2618.8</ele>
        <time>2026-08-01T09:23:58Z</time>
      </trkpt>
      <trkpt lat="44.170944" lon="7.231754">
        <ele>2618.4</ele>
        <time>2026-08-01T09:24:04Z</time>
      </trkpt>
      <trkpt lat="44.170929" lon="7.231735">
        <ele>2618.8</ele>
        <time>2026-08-01T09:24:09Z</time>
      </trkpt>
      <trkpt lat="44.170912" lon="7.231686">
        <ele>2618.0</ele>
        <time>2026-08-01T09:24:14Z</time>
      </trkpt>
      <trkpt lat="44.170898" lon="7.231671">
        <ele>2617.6</ele>
        <time>2026-08-01T09:24:16Z</time>
      </trkpt>
      <trkpt lat="44.170866" lon="7.231612">
        <ele>2617.0</ele>
        <time>2026-08-01T09:24:24Z</time>
      </trkpt>
      <trkpt lat="44.170878" lon="7.231629">
        <ele>2617.0</ele>
        <time>2026-08-01T09:24:29Z</time>
      </trkpt>
      <trkpt lat="44.17088" lon="7.231635">
        <ele>2616.6</ele>
        <time>2026-08-01T09:24:31Z</time>
      </trkpt>
      <trkpt lat="44.17088" lon="7.231626">
        <ele>2616.4</ele>
        <time>2026-08-01T09:24:32Z</time>
      </trkpt>
      <trkpt lat="44.170864" lon="7.231588">
        <ele>2616.2</ele>
        <time>2026-08-01T09:24:34Z</time>
      </trkpt>
      <trkpt lat="44.170856" lon="7.231585">
        <ele>2616.2</ele>
        <time>2026-08-01T09:24:35Z</time>
      </trkpt>
      <trkpt lat="44.170852" lon="7.23159">
        <ele>2616.2</ele>
        <time>2026-08-01T09:24:36Z</time>
      </trkpt>
      <trkpt lat="44.170849" lon="7.231597">
        <ele>2616.0</ele>
        <time>2026-08-01T09:24:37Z</time>
      </trkpt>
      <trkpt lat="44.17084" lon="7.23161">
        <ele>2616.0</ele>
        <time>2026-08-01T09:24:39Z</time>
      </trkpt>
      <trkpt lat="44.170832" lon="7.231615">
        <ele>2615.8</ele>
        <time>2026-08-01T09:24:42Z</time>
      </trkpt>
      <trkpt lat="44.170825" lon="7.231608">
        <ele>2615.8</ele>
        <time>2026-08-01T09:24:44Z</time>
      </trkpt>
      <trkpt lat="44.170825" lon="7.231569">
        <ele>2615.6</ele>
        <time>2026-08-01T09:24:53Z</time>
      </trkpt>
      <trkpt lat="44.170851" lon="7.231588">
        <ele>2615.6</ele>
        <time>2026-08-01T09:24:57Z</time>
      </trkpt>
      <trkpt lat="44.170819" lon="7.231583">
        <ele>2615.4</ele>
        <time>2026-08-01T09:25:03Z</time>
      </trkpt>
      <trkpt lat="44.17081" lon="7.231556">
        <ele>2615.2</ele>
        <time>2026-08-01T09:25:11Z</time>
      </trkpt>
      <trkpt lat="44.170876" lon="7.231587">
        <ele>2615.0</ele>
        <time>2026-08-01T09:25:19Z</time>
      </trkpt>
      <trkpt lat="44.170837" lon="7.231586">
        <ele>2615.0</ele>
        <time>2026-08-01T09:25:26Z</time>
      </trkpt>
      <trkpt lat="44.170831" lon="7.231587">
        <ele>2615.0</ele>
        <time>2026-08-01T09:25:29Z</time>
      </trkpt>
      <trkpt lat="44.170826" lon="7.231584">
        <ele>2614.8</ele>
        <time>2026-08-01T09:25:30Z</time>
      </trkpt>
      <trkpt lat="44.170815" lon="7.231589">
        <ele>2615.0</ele>
        <time>2026-08-01T09:25:34Z</time>
      </trkpt>
      <trkpt lat="44.170856" lon="7.231597">
        <ele>2615.2</ele>
        <time>2026-08-01T09:25:43Z</time>
      </trkpt>
      <trkpt lat="44.170873" lon="7.231592">
        <ele>2615.0</ele>
        <time>2026-08-01T09:25:45Z</time>
      </trkpt>
      <trkpt lat="44.170874" lon="7.231592">
        <ele>2615.0</ele>
        <time>2026-08-01T09:25:46Z</time>
      </trkpt>
      <trkpt lat="44.170872" lon="7.231589">
        <ele>2615.0</ele>
        <time>2026-08-01T09:25:47Z</time>
      </trkpt>
      <trkpt lat="44.170857" lon="7.231574">
        <ele>2615.0</ele>
        <time>2026-08-01T09:25:50Z</time>
      </trkpt>
      <trkpt lat="44.17085" lon="7.231568">
        <ele>2614.8</ele>
        <time>2026-08-01T09:25:59Z</time>
      </trkpt>
      <trkpt lat="44.170878" lon="7.231625">
        <ele>2614.4</ele>
        <time>2026-08-01T09:26:07Z</time>
      </trkpt>
      <trkpt lat="44.170844" lon="7.231573">
        <ele>2614.4</ele>
        <time>2026-08-01T09:26:15Z</time>
      </trkpt>
      <trkpt lat="44.170853" lon="7.231618">
        <ele>2614.2</ele>
        <time>2026-08-01T09:26:24Z</time>
      </trkpt>
      <trkpt lat="44.170848" lon="7.231623">
        <ele>2614.0</ele>
        <time>2026-08-01T09:26:26Z</time>
      </trkpt>
      <trkpt lat="44.170851" lon="7.231622">
        <ele>2614.0</ele>
        <time>2026-08-01T09:26:27Z</time>
      </trkpt>
      <trkpt lat="44.170851" lon="7.231603">
        <ele>2614.0</ele>
        <time>2026-08-01T09:26:31Z</time>
      </trkpt>
      <trkpt lat="44.170828" lon="7.231576">
        <ele>2614.0</ele>
        <time>2026-08-01T09:26:37Z</time>
      </trkpt>
      <trkpt lat="44.17083" lon="7.231564">
        <ele>2614.0</ele>
        <time>2026-08-01T09:26:39Z</time>
      </trkpt>
      <trkpt lat="44.170842" lon="7.231503">
        <ele>2614.0</ele>
        <time>2026-08-01T09:26:46Z</time>
      </trkpt>
      <trkpt lat="44.170846" lon="7.231494">
        <ele>2614.0</ele>
        <time>2026-08-01T09:26:51Z</time>
      </trkpt>
      <trkpt lat="44.170836" lon="7.231507">
        <ele>2613.8</ele>
        <time>2026-08-01T09:26:54Z</time>
      </trkpt>
      <trkpt lat="44.170834" lon="7.231522">
        <ele>2613.8</ele>
        <time>2026-08-01T09:26:55Z</time>
      </trkpt>
      <trkpt lat="44.170816" lon="7.231571">
        <ele>2613.6</ele>
        <time>2026-08-01T09:27:01Z</time>
      </trkpt>
      <trkpt lat="44.170817" lon="7.231586">
        <ele>2613.6</ele>
        <time>2026-08-01T09:27:04Z</time>
      </trkpt>
      <trkpt lat="44.170852" lon="7.231588">
        <ele>2613.6</ele>
        <time>2026-08-01T09:27:12Z</time>
      </trkpt>
      <trkpt lat="44.170854" lon="7.231606">
        <ele>2613.6</ele>
        <time>2026-08-01T09:27:18Z</time>
      </trkpt>
      <trkpt lat="44.170872" lon="7.231616">
        <ele>2613.8</ele>
        <time>2026-08-01T09:27:23Z</time>
      </trkpt>
      <trkpt lat="44.170879" lon="7.231609">
        <ele>2613.8</ele>
        <time>2026-08-01T09:27:25Z</time>
      </trkpt>
      <trkpt lat="44.170882" lon="7.231606">
        <ele>2614.0</ele>
        <time>2026-08-01T09:27:26Z</time>
      </trkpt>
      <trkpt lat="44.170884" lon="7.231603">
        <ele>2614.0</ele>
        <time>2026-08-01T09:27:27Z</time>
      </trkpt>
      <trkpt lat="44.17086" lon="7.231587">
        <ele>2614.2</ele>
        <time>2026-08-01T09:27:32Z</time>
      </trkpt>
      <trkpt lat="44.170834" lon="7.231616">
        <ele>2613.8</ele>
        <time>2026-08-01T09:27:40Z</time>
      </trkpt>
      <trkpt lat="44.170843" lon="7.231638">
        <ele>2613.6</ele>
        <time>2026-08-01T09:27:46Z</time>
      </trkpt>
      <trkpt lat="44.170851" lon="7.231635">
        <ele>2613.4</ele>
        <time>2026-08-01T09:27:52Z</time>
      </trkpt>
      <trkpt lat="44.170835" lon="7.231592">
        <ele>2613.0</ele>
        <time>2026-08-01T09:28:00Z</time>
      </trkpt>
      <trkpt lat="44.170832" lon="7.231589">
        <ele>2612.8</ele>
        <time>2026-08-01T09:28:01Z</time>
      </trkpt>
      <trkpt lat="44.170836" lon="7.231624">
        <ele>2612.6</ele>
        <time>2026-08-01T09:28:08Z</time>
      </trkpt>
      <trkpt lat="44.170842" lon="7.231579">
        <ele>2614.2</ele>
        <time>2026-08-01T09:28:13Z</time>
      </trkpt>
      <trkpt lat="44.170839" lon="7.231588">
        <ele>2614.4</ele>
        <time>2026-08-01T09:28:14Z</time>
      </trkpt>
      <trkpt lat="44.170859" lon="7.231582">
        <ele>2614.6</ele>
        <time>2026-08-01T09:28:18Z</time>
      </trkpt>
      <trkpt lat="44.170862" lon="7.231582">
        <ele>2614.4</ele>
        <time>2026-08-01T09:28:20Z</time>
      </trkpt>
      <trkpt lat="44.170885" lon="7.231587">
        <ele>2614.2</ele>
        <time>2026-08-01T09:28:31Z</time>
      </trkpt>
      <trkpt lat="44.170873" lon="7.231633">
        <ele>2614.0</ele>
        <time>2026-08-01T09:28:38Z</time>
      </trkpt>
      <trkpt lat="44.170871" lon="7.231648">
        <ele>2613.6</ele>
        <time>2026-08-01T09:28:41Z</time>
      </trkpt>
      <trkpt lat="44.170864" lon="7.231621">
        <ele>2613.4</ele>
        <time>2026-08-01T09:28:47Z</time>
      </trkpt>
      <trkpt lat="44.170861" lon="7.23162">
        <ele>2613.4</ele>
        <time>2026-08-01T09:28:48Z</time>
      </trkpt>
      <trkpt lat="44.170859" lon="7.231612">
        <ele>2613.4</ele>
        <time>2026-08-01T09:28:49Z</time>
      </trkpt>
      <trkpt lat="44.170856" lon="7.231605">
        <ele>2613.6</ele>
        <time>2026-08-01T09:28:50Z</time>
      </trkpt>
      <trkpt lat="44.170826" lon="7.231542">
        <ele>2613.2</ele>
        <time>2026-08-01T09:28:59Z</time>
      </trkpt>
      <trkpt lat="44.170828" lon="7.231544">
        <ele>2613.4</ele>
        <time>2026-08-01T09:29:00Z</time>
      </trkpt>
      <trkpt lat="44.170863" lon="7.231583">
        <ele>2613.2</ele>
        <time>2026-08-01T09:29:05Z</time>
      </trkpt>
      <trkpt lat="44.170884" lon="7.231608">
        <ele>2613.2</ele>
        <time>2026-08-01T09:29:08Z</time>
      </trkpt>
      <trkpt lat="44.170882" lon="7.231603">
        <ele>2612.6</ele>
        <time>2026-08-01T09:29:14Z</time>
      </trkpt>
      <trkpt lat="44.170881" lon="7.2316">
        <ele>2612.4</ele>
        <time>2026-08-01T09:29:15Z</time>
      </trkpt>
      <trkpt lat="44.170882" lon="7.231597">
        <ele>2612.0</ele>
        <time>2026-08-01T09:29:17Z</time>
      </trkpt>
      <trkpt lat="44.170896" lon="7.231612">
        <ele>2610.8</ele>
        <time>2026-08-01T09:29:22Z</time>
      </trkpt>
      <trkpt lat="44.170896" lon="7.231616">
        <ele>2610.6</ele>
        <time>2026-08-01T09:29:23Z</time>
      </trkpt>
      <trkpt lat="44.170913" lon="7.231609">
        <ele>2609.6</ele>
        <time>2026-08-01T09:29:29Z</time>
      </trkpt>
      <trkpt lat="44.170916" lon="7.231609">
        <ele>2609.4</ele>
        <time>2026-08-01T09:29:30Z</time>
      </trkpt>
      <trkpt lat="44.17093" lon="7.231597">
        <ele>2608.6</ele>
        <time>2026-08-01T09:29:34Z</time>
      </trkpt>
      <trkpt lat="44.170922" lon="7.231549">
        <ele>2607.8</ele>
        <time>2026-08-01T09:29:39Z</time>
      </trkpt>
      <trkpt lat="44.170922" lon="7.231538">
        <ele>2607.4</ele>
        <time>2026-08-01T09:29:42Z</time>
      </trkpt>
      <trkpt lat="44.170931" lon="7.231537">
        <ele>2606.6</ele>
        <time>2026-08-01T09:29:48Z</time>
      </trkpt>
      <trkpt lat="44.170934" lon="7.231536">
        <ele>2606.4</ele>
        <time>2026-08-01T09:29:49Z</time>
      </trkpt>
      <trkpt lat="44.170932" lon="7.231481">
        <ele>2605.4</ele>
        <time>2026-08-01T09:29:54Z</time>
      </trkpt>
      <trkpt lat="44.17092" lon="7.231448">
        <ele>2605.2</ele>
        <time>2026-08-01T09:29:57Z</time>
      </trkpt>
      <trkpt lat="44.170891" lon="7.231397">
        <ele>2605.8</ele>
        <time>2026-08-01T09:30:06Z</time>
      </trkpt>
      <trkpt lat="44.170753" lon="7.231331">
        <ele>2606.4</ele>
        <time>2026-08-01T09:30:18Z</time>
      </trkpt>
      <trkpt lat="44.170716" lon="7.231296">
        <ele>2606.0</ele>
        <time>2026-08-01T09:30:24Z</time>
      </trkpt>
      <trkpt lat="44.170706" lon="7.231352">
        <ele>2606.4</ele>
        <time>2026-08-01T09:31:08Z</time>
      </trkpt>
      <trkpt lat="44.170838" lon="7.231443">
        <ele>2606.0</ele>
        <time>2026-08-01T09:31:13Z</time>
      </trkpt>
      <trkpt lat="44.170901" lon="7.231519">
        <ele>2606.4</ele>
        <time>2026-08-01T09:31:19Z</time>
      </trkpt>
      <trkpt lat="44.170971" lon="7.231521">
        <ele>2605.6</ele>
        <time>2026-08-01T09:31:25Z</time>
      </trkpt>
      <trkpt lat="44.170972" lon="7.231512">
        <ele>2605.4</ele>
        <time>2026-08-01T09:31:26Z</time>
      </trkpt>
      <trkpt lat="44.170977" lon="7.2315">
        <ele>2605.0</ele>
        <time>2026-08-01T09:31:28Z</time>
      </trkpt>
      <trkpt lat="44.170967" lon="7.231464">
        <ele>2604.2</ele>
        <time>2026-08-01T09:31:32Z</time>
      </trkpt>
      <trkpt lat="44.170966" lon="7.231453">
        <ele>2604.0</ele>
        <time>2026-08-01T09:31:33Z</time>
      </trkpt>
      <trkpt lat="44.17096" lon="7.231439">
        <ele>2603.0</ele>
        <time>2026-08-01T09:31:37Z</time>
      </trkpt>
      <trkpt lat="44.170952" lon="7.23143">
        <ele>2602.6</ele>
        <time>2026-08-01T09:31:41Z</time>
      </trkpt>
      <trkpt lat="44.170944" lon="7.2314">
        <ele>2602.0</ele>
        <time>2026-08-01T09:31:45Z</time>
      </trkpt>
      <trkpt lat="44.170948" lon="7.231384">
        <ele>2601.0</ele>
        <time>2026-08-01T09:31:50Z</time>
      </trkpt>
      <trkpt lat="44.170951" lon="7.231386">
        <ele>2600.8</ele>
        <time>2026-08-01T09:31:51Z</time>
      </trkpt>
      <trkpt lat="44.170985" lon="7.231395">
        <ele>2600.6</ele>
        <time>2026-08-01T09:31:57Z</time>
      </trkpt>
      <trkpt lat="44.170981" lon="7.231393">
        <ele>2599.8</ele>
        <time>2026-08-01T09:32:02Z</time>
      </trkpt>
      <trkpt lat="44.170982" lon="7.231386">
        <ele>2599.2</ele>
        <time>2026-08-01T09:32:05Z</time>
      </trkpt>
      <trkpt lat="44.170987" lon="7.231354">
        <ele>2598.6</ele>
        <time>2026-08-01T09:32:10Z</time>
      </trkpt>
      <trkpt lat="44.171002" lon="7.231353">
        <ele>2598.0</ele>
        <time>2026-08-01T09:32:13Z</time>
      </trkpt>
      <trkpt lat="44.171022" lon="7.231361">
        <ele>2597.4</ele>
        <time>2026-08-01T09:32:15Z</time>
      </trkpt>
      <trkpt lat="44.17108" lon="7.231405">
        <ele>2596.6</ele>
        <time>2026-08-01T09:32:20Z</time>
      </trkpt>
      <trkpt lat="44.171088" lon="7.231413">
        <ele>2596.4</ele>
        <time>2026-08-01T09:32:21Z</time>
      </trkpt>
      <trkpt lat="44.171085" lon="7.231449">
        <ele>2596.0</ele>
        <time>2026-08-01T09:32:27Z</time>
      </trkpt>
      <trkpt lat="44.171056" lon="7.231435">
        <ele>2596.4</ele>
        <time>2026-08-01T09:32:35Z</time>
      </trkpt>
      <trkpt lat="44.171051" lon="7.231433">
        <ele>2596.6</ele>
        <time>2026-08-01T09:32:36Z</time>
      </trkpt>
      <trkpt lat="44.171045" lon="7.231431">
        <ele>2596.6</ele>
        <time>2026-08-01T09:32:37Z</time>
      </trkpt>
      <trkpt lat="44.171034" lon="7.231415">
        <ele>2596.8</ele>
        <time>2026-08-01T09:32:45Z</time>
      </trkpt>
      <trkpt lat="44.171027" lon="7.231406">
        <ele>2596.6</ele>
        <time>2026-08-01T09:32:47Z</time>
      </trkpt>
      <trkpt lat="44.17103" lon="7.231404">
        <ele>2596.8</ele>
        <time>2026-08-01T09:32:52Z</time>
      </trkpt>
      <trkpt lat="44.171056" lon="7.231423">
        <ele>2596.6</ele>
        <time>2026-08-01T09:32:55Z</time>
      </trkpt>
      <trkpt lat="44.171105" lon="7.231393">
        <ele>2595.2</ele>
        <time>2026-08-01T09:33:02Z</time>
      </trkpt>
      <trkpt lat="44.171104" lon="7.231336">
        <ele>2594.0</ele>
        <time>2026-08-01T09:33:07Z</time>
      </trkpt>
      <trkpt lat="44.171102" lon="7.231332">
        <ele>2594.0</ele>
        <time>2026-08-01T09:33:08Z</time>
      </trkpt>
      <trkpt lat="44.171097" lon="7.231283">
        <ele>2592.8</ele>
        <time>2026-08-01T09:33:13Z</time>
      </trkpt>
      <trkpt lat="44.171108" lon="7.231268">
        <ele>2592.2</ele>
        <time>2026-08-01T09:33:16Z</time>
      </trkpt>
      <trkpt lat="44.171118" lon="7.231244">
        <ele>2591.8</ele>
        <time>2026-08-01T09:33:18Z</time>
      </trkpt>
      <trkpt lat="44.171133" lon="7.231162">
        <ele>2590.8</ele>
        <time>2026-08-01T09:33:23Z</time>
      </trkpt>
      <trkpt lat="44.171134" lon="7.231149">
        <ele>2590.8</ele>
        <time>2026-08-01T09:33:24Z</time>
      </trkpt>
      <trkpt lat="44.171136" lon="7.231132">
        <ele>2589.8</ele>
        <time>2026-08-01T09:33:31Z</time>
      </trkpt>
      <trkpt lat="44.171137" lon="7.231142">
        <ele>2589.6</ele>
        <time>2026-08-01T09:33:32Z</time>
      </trkpt>
      <trkpt lat="44.171137" lon="7.231185">
        <ele>2588.6</ele>
        <time>2026-08-01T09:33:36Z</time>
      </trkpt>
      <trkpt lat="44.171145" lon="7.231196">
        <ele>2587.8</ele>
        <time>2026-08-01T09:33:39Z</time>
      </trkpt>
      <trkpt lat="44.171145" lon="7.2312">
        <ele>2587.6</ele>
        <time>2026-08-01T09:33:40Z</time>
      </trkpt>
      <trkpt lat="44.171165" lon="7.231285">
        <ele>2586.4</ele>
        <time>2026-08-01T09:33:46Z</time>
      </trkpt>
      <trkpt lat="44.171178" lon="7.231303">
        <ele>2586.2</ele>
        <time>2026-08-01T09:33:48Z</time>
      </trkpt>
      <trkpt lat="44.17119" lon="7.231326">
        <ele>2586.4</ele>
        <time>2026-08-01T09:33:56Z</time>
      </trkpt>
      <trkpt lat="44.17119" lon="7.231332">
        <ele>2586.4</ele>
        <time>2026-08-01T09:33:57Z</time>
      </trkpt>
      <trkpt lat="44.171182" lon="7.231387">
        <ele>2586.0</ele>
        <time>2026-08-01T09:34:06Z</time>
      </trkpt>
      <trkpt lat="44.171188" lon="7.231394">
        <ele>2585.4</ele>
        <time>2026-08-01T09:34:09Z</time>
      </trkpt>
      <trkpt lat="44.171212" lon="7.231426">
        <ele>2585.6</ele>
        <time>2026-08-01T09:34:15Z</time>
      </trkpt>
      <trkpt lat="44.171257" lon="7.231469">
        <ele>2584.4</ele>
        <time>2026-08-01T09:34:22Z</time>
      </trkpt>
      <trkpt lat="44.171271" lon="7.23148">
        <ele>2584.0</ele>
        <time>2026-08-01T09:34:24Z</time>
      </trkpt>
      <trkpt lat="44.17131" lon="7.231479">
        <ele>2583.4</ele>
        <time>2026-08-01T09:34:28Z</time>
      </trkpt>
      <trkpt lat="44.171315" lon="7.23145">
        <ele>2582.8</ele>
        <time>2026-08-01T09:34:31Z</time>
      </trkpt>
      <trkpt lat="44.171307" lon="7.231443">
        <ele>2582.4</ele>
        <time>2026-08-01T09:34:33Z</time>
      </trkpt>
      <trkpt lat="44.171301" lon="7.231439">
        <ele>2582.2</ele>
        <time>2026-08-01T09:34:34Z</time>
      </trkpt>
      <trkpt lat="44.171284" lon="7.231392">
        <ele>2582.2</ele>
        <time>2026-08-01T09:34:38Z</time>
      </trkpt>
      <trkpt lat="44.171274" lon="7.231341">
        <ele>2581.2</ele>
        <time>2026-08-01T09:34:45Z</time>
      </trkpt>
      <trkpt lat="44.171285" lon="7.231258">
        <ele>2580.8</ele>
        <time>2026-08-01T09:34:52Z</time>
      </trkpt>
      <trkpt lat="44.171267" lon="7.23123">
        <ele>2580.0</ele>
        <time>2026-08-01T09:34:56Z</time>
      </trkpt>
      <trkpt lat="44.171274" lon="7.231206">
        <ele>2579.2</ele>
        <time>2026-08-01T09:34:59Z</time>
      </trkpt>
      <trkpt lat="44.171275" lon="7.231198">
        <ele>2578.8</ele>
        <time>2026-08-01T09:35:00Z</time>
      </trkpt>
      <trkpt lat="44.171275" lon="7.231173">
        <ele>2577.8</ele>
        <time>2026-08-01T09:35:04Z</time>
      </trkpt>
      <trkpt lat="44.171273" lon="7.231182">
        <ele>2577.2</ele>
        <time>2026-08-01T09:35:06Z</time>
      </trkpt>
      <trkpt lat="44.171276" lon="7.231195">
        <ele>2576.6</ele>
        <time>2026-08-01T09:35:08Z</time>
      </trkpt>
      <trkpt lat="44.171274" lon="7.231275">
        <ele>2575.4</ele>
        <time>2026-08-01T09:35:12Z</time>
      </trkpt>
      <trkpt lat="44.171277" lon="7.231287">
        <ele>2575.2</ele>
        <time>2026-08-01T09:35:13Z</time>
      </trkpt>
      <trkpt lat="44.171297" lon="7.231331">
        <ele>2574.6</ele>
        <time>2026-08-01T09:35:20Z</time>
      </trkpt>
      <trkpt lat="44.171342" lon="7.231377">
        <ele>2574.8</ele>
        <time>2026-08-01T09:35:28Z</time>
      </trkpt>
      <trkpt lat="44.171348" lon="7.231381">
        <ele>2574.8</ele>
        <time>2026-08-01T09:35:29Z</time>
      </trkpt>
      <trkpt lat="44.171402" lon="7.231354">
        <ele>2574.4</ele>
        <time>2026-08-01T09:35:36Z</time>
      </trkpt>
      <trkpt lat="44.171413" lon="7.231312">
        <ele>2573.4</ele>
        <time>2026-08-01T09:35:40Z</time>
      </trkpt>
      <trkpt lat="44.171415" lon="7.231304">
        <ele>2573.2</ele>
        <time>2026-08-01T09:35:41Z</time>
      </trkpt>
      <trkpt lat="44.171416" lon="7.231296">
        <ele>2572.8</ele>
        <time>2026-08-01T09:35:43Z</time>
      </trkpt>
      <trkpt lat="44.171418" lon="7.231265">
        <ele>2572.0</ele>
        <time>2026-08-01T09:35:47Z</time>
      </trkpt>
      <trkpt lat="44.171421" lon="7.231227">
        <ele>2571.0</ele>
        <time>2026-08-01T09:35:51Z</time>
      </trkpt>
      <trkpt lat="44.171422" lon="7.231216">
        <ele>2570.8</ele>
        <time>2026-08-01T09:35:52Z</time>
      </trkpt>
      <trkpt lat="44.171423" lon="7.231162">
        <ele>2570.2</ele>
        <time>2026-08-01T09:35:58Z</time>
      </trkpt>
      <trkpt lat="44.171424" lon="7.231138">
        <ele>2569.8</ele>
        <time>2026-08-01T09:36:00Z</time>
      </trkpt>
      <trkpt lat="44.171435" lon="7.231152">
        <ele>2568.6</ele>
        <time>2026-08-01T09:36:05Z</time>
      </trkpt>
      <trkpt lat="44.171456" lon="7.231214">
        <ele>2567.4</ele>
        <time>2026-08-01T09:36:10Z</time>
      </trkpt>
      <trkpt lat="44.171477" lon="7.231252">
        <ele>2566.6</ele>
        <time>2026-08-01T09:36:14Z</time>
      </trkpt>
      <trkpt lat="44.171501" lon="7.231292">
        <ele>2566.6</ele>
        <time>2026-08-01T09:36:21Z</time>
      </trkpt>
      <trkpt lat="44.171509" lon="7.231312">
        <ele>2566.2</ele>
        <time>2026-08-01T09:36:23Z</time>
      </trkpt>
      <trkpt lat="44.171553" lon="7.231359">
        <ele>2565.4</ele>
        <time>2026-08-01T09:36:28Z</time>
      </trkpt>
      <trkpt lat="44.171567" lon="7.231373">
        <ele>2565.2</ele>
        <time>2026-08-01T09:36:29Z</time>
      </trkpt>
      <trkpt lat="44.171592" lon="7.231386">
        <ele>2564.4</ele>
        <time>2026-08-01T09:36:34Z</time>
      </trkpt>
      <trkpt lat="44.171594" lon="7.231378">
        <ele>2564.4</ele>
        <time>2026-08-01T09:36:35Z</time>
      </trkpt>
      <trkpt lat="44.171599" lon="7.231376">
        <ele>2564.2</ele>
        <time>2026-08-01T09:36:36Z</time>
      </trkpt>
      <trkpt lat="44.171616" lon="7.231358">
        <ele>2563.0</ele>
        <time>2026-08-01T09:36:41Z</time>
      </trkpt>
      <trkpt lat="44.171615" lon="7.231351">
        <ele>2562.6</ele>
        <time>2026-08-01T09:36:42Z</time>
      </trkpt>
      <trkpt lat="44.171616" lon="7.231302">
        <ele>2561.8</ele>
        <time>2026-08-01T09:36:46Z</time>
      </trkpt>
      <trkpt lat="44.171613" lon="7.231272">
        <ele>2561.4</ele>
        <time>2026-08-01T09:36:48Z</time>
      </trkpt>
      <trkpt lat="44.1716" lon="7.231222">
        <ele>2560.6</ele>
        <time>2026-08-01T09:36:55Z</time>
      </trkpt>
      <trkpt lat="44.171596" lon="7.231215">
        <ele>2560.4</ele>
        <time>2026-08-01T09:36:56Z</time>
      </trkpt>
      <trkpt lat="44.171588" lon="7.231206">
        <ele>2559.6</ele>
        <time>2026-08-01T09:37:00Z</time>
      </trkpt>
      <trkpt lat="44.171589" lon="7.231199">
        <ele>2558.8</ele>
        <time>2026-08-01T09:37:05Z</time>
      </trkpt>
      <trkpt lat="44.171594" lon="7.231187">
        <ele>2558.6</ele>
        <time>2026-08-01T09:37:08Z</time>
      </trkpt>
      <trkpt lat="44.171612" lon="7.231182">
        <ele>2557.4</ele>
        <time>2026-08-01T09:37:13Z</time>
      </trkpt>
      <trkpt lat="44.171625" lon="7.231191">
        <ele>2556.4</ele>
        <time>2026-08-01T09:37:20Z</time>
      </trkpt>
      <trkpt lat="44.171644" lon="7.231113">
        <ele>2555.6</ele>
        <time>2026-08-01T09:37:27Z</time>
      </trkpt>
      <trkpt lat="44.171637" lon="7.231109">
        <ele>2555.2</ele>
        <time>2026-08-01T09:37:29Z</time>
      </trkpt>
      <trkpt lat="44.171633" lon="7.231117">
        <ele>2554.8</ele>
        <time>2026-08-01T09:37:34Z</time>
      </trkpt>
      <trkpt lat="44.171614" lon="7.231078">
        <ele>2554.4</ele>
        <time>2026-08-01T09:37:43Z</time>
      </trkpt>
      <trkpt lat="44.171613" lon="7.231063">
        <ele>2554.2</ele>
        <time>2026-08-01T09:37:45Z</time>
      </trkpt>
      <trkpt lat="44.171616" lon="7.231057">
        <ele>2553.8</ele>
        <time>2026-08-01T09:37:47Z</time>
      </trkpt>
      <trkpt lat="44.171623" lon="7.231064">
        <ele>2553.4</ele>
        <time>2026-08-01T09:37:49Z</time>
      </trkpt>
      <trkpt lat="44.171627" lon="7.231069">
        <ele>2553.2</ele>
        <time>2026-08-01T09:37:50Z</time>
      </trkpt>
      <trkpt lat="44.171639" lon="7.231083">
        <ele>2552.6</ele>
        <time>2026-08-01T09:37:52Z</time>
      </trkpt>
      <trkpt lat="44.171663" lon="7.231086">
        <ele>2552.0</ele>
        <time>2026-08-01T09:37:55Z</time>
      </trkpt>
      <trkpt lat="44.17166" lon="7.231058">
        <ele>2551.6</ele>
        <time>2026-08-01T09:37:59Z</time>
      </trkpt>
      <trkpt lat="44.171699" lon="7.231056">
        <ele>2550.8</ele>
        <time>2026-08-01T09:38:05Z</time>
      </trkpt>
      <trkpt lat="44.171708" lon="7.231065">
        <ele>2550.6</ele>
        <time>2026-08-01T09:38:06Z</time>
      </trkpt>
      <trkpt lat="44.171747" lon="7.231105">
        <ele>2549.8</ele>
        <time>2026-08-01T09:38:10Z</time>
      </trkpt>
      <trkpt lat="44.171775" lon="7.231129">
        <ele>2549.4</ele>
        <time>2026-08-01T09:38:13Z</time>
      </trkpt>
      <trkpt lat="44.171794" lon="7.231159">
        <ele>2548.6</ele>
        <time>2026-08-01T09:38:20Z</time>
      </trkpt>
      <trkpt lat="44.171801" lon="7.23117">
        <ele>2548.2</ele>
        <time>2026-08-01T09:38:22Z</time>
      </trkpt>
      <trkpt lat="44.171802" lon="7.231183">
        <ele>2547.6</ele>
        <time>2026-08-01T09:38:25Z</time>
      </trkpt>
      <trkpt lat="44.171859" lon="7.231211">
        <ele>2546.8</ele>
        <time>2026-08-01T09:38:33Z</time>
      </trkpt>
      <trkpt lat="44.171863" lon="7.23121">
        <ele>2546.6</ele>
        <time>2026-08-01T09:38:34Z</time>
      </trkpt>
      <trkpt lat="44.171853" lon="7.23116">
        <ele>2546.2</ele>
        <time>2026-08-01T09:38:39Z</time>
      </trkpt>
      <trkpt lat="44.171834" lon="7.231106">
        <ele>2546.6</ele>
        <time>2026-08-01T09:38:46Z</time>
      </trkpt>
      <trkpt lat="44.17183" lon="7.23109">
        <ele>2546.2</ele>
        <time>2026-08-01T09:38:48Z</time>
      </trkpt>
      <trkpt lat="44.171826" lon="7.231068">
        <ele>2545.4</ele>
        <time>2026-08-01T09:38:51Z</time>
      </trkpt>
      <trkpt lat="44.171828" lon="7.231054">
        <ele>2544.6</ele>
        <time>2026-08-01T09:38:54Z</time>
      </trkpt>
      <trkpt lat="44.171831" lon="7.23105">
        <ele>2544.4</ele>
        <time>2026-08-01T09:38:55Z</time>
      </trkpt>
      <trkpt lat="44.171854" lon="7.231058">
        <ele>2543.4</ele>
        <time>2026-08-01T09:39:00Z</time>
      </trkpt>
      <trkpt lat="44.171862" lon="7.231068">
        <ele>2543.0</ele>
        <time>2026-08-01T09:39:02Z</time>
      </trkpt>
      <trkpt lat="44.171888" lon="7.231098">
        <ele>2542.2</ele>
        <time>2026-08-01T09:39:07Z</time>
      </trkpt>
      <trkpt lat="44.171907" lon="7.231103">
        <ele>2541.4</ele>
        <time>2026-08-01T09:39:12Z</time>
      </trkpt>
      <trkpt lat="44.171909" lon="7.2311">
        <ele>2541.2</ele>
        <time>2026-08-01T09:39:13Z</time>
      </trkpt>
      <trkpt lat="44.171945" lon="7.231105">
        <ele>2540.4</ele>
        <time>2026-08-01T09:39:17Z</time>
      </trkpt>
      <trkpt lat="44.171965" lon="7.231109">
        <ele>2540.0</ele>
        <time>2026-08-01T09:39:19Z</time>
      </trkpt>
      <trkpt lat="44.171957" lon="7.231102">
        <ele>2539.0</ele>
        <time>2026-08-01T09:39:25Z</time>
      </trkpt>
      <trkpt lat="44.171949" lon="7.231094">
        <ele>2539.0</ele>
        <time>2026-08-01T09:39:26Z</time>
      </trkpt>
      <trkpt lat="44.171942" lon="7.231073">
        <ele>2538.8</ele>
        <time>2026-08-01T09:39:28Z</time>
      </trkpt>
      <trkpt lat="44.171925" lon="7.231023">
        <ele>2538.2</ele>
        <time>2026-08-01T09:39:33Z</time>
      </trkpt>
      <trkpt lat="44.171915" lon="7.230995">
        <ele>2537.8</ele>
        <time>2026-08-01T09:39:35Z</time>
      </trkpt>
      <trkpt lat="44.171903" lon="7.230951">
        <ele>2536.8</ele>
        <time>2026-08-01T09:39:41Z</time>
      </trkpt>
      <trkpt lat="44.171906" lon="7.230946">
        <ele>2536.6</ele>
        <time>2026-08-01T09:39:42Z</time>
      </trkpt>
      <trkpt lat="44.171918" lon="7.230952">
        <ele>2536.0</ele>
        <time>2026-08-01T09:39:45Z</time>
      </trkpt>
      <trkpt lat="44.171922" lon="7.230953">
        <ele>2535.8</ele>
        <time>2026-08-01T09:39:46Z</time>
      </trkpt>
      <trkpt lat="44.171952" lon="7.230973">
        <ele>2535.4</ele>
        <time>2026-08-01T09:39:48Z</time>
      </trkpt>
      <trkpt lat="44.171948" lon="7.230977">
        <ele>2534.8</ele>
        <time>2026-08-01T09:39:52Z</time>
      </trkpt>
      <trkpt lat="44.171951" lon="7.230974">
        <ele>2534.8</ele>
        <time>2026-08-01T09:39:53Z</time>
      </trkpt>
      <trkpt lat="44.171982" lon="7.230985">
        <ele>2533.6</ele>
        <time>2026-08-01T09:39:59Z</time>
      </trkpt>
      <trkpt lat="44.172012" lon="7.231031">
        <ele>2532.8</ele>
        <time>2026-08-01T09:40:05Z</time>
      </trkpt>
      <trkpt lat="44.172018" lon="7.231036">
        <ele>2532.6</ele>
        <time>2026-08-01T09:40:06Z</time>
      </trkpt>
      <trkpt lat="44.172022" lon="7.231036">
        <ele>2532.4</ele>
        <time>2026-08-01T09:40:07Z</time>
      </trkpt>
      <trkpt lat="44.17203" lon="7.231034">
        <ele>2532.0</ele>
        <time>2026-08-01T09:40:09Z</time>
      </trkpt>
      <trkpt lat="44.172031" lon="7.23103">
        <ele>2531.6</ele>
        <time>2026-08-01T09:40:13Z</time>
      </trkpt>
      <trkpt lat="44.17203" lon="7.231032">
        <ele>2531.6</ele>
        <time>2026-08-01T09:40:14Z</time>
      </trkpt>
      <trkpt lat="44.172042" lon="7.231041">
        <ele>2531.2</ele>
        <time>2026-08-01T09:40:18Z</time>
      </trkpt>
      <trkpt lat="44.172065" lon="7.231028">
        <ele>2530.8</ele>
        <time>2026-08-01T09:40:24Z</time>
      </trkpt>
      <trkpt lat="44.172061" lon="7.231021">
        <ele>2530.4</ele>
        <time>2026-08-01T09:40:25Z</time>
      </trkpt>
      <trkpt lat="44.172067" lon="7.230997">
        <ele>2529.8</ele>
        <time>2026-08-01T09:40:29Z</time>
      </trkpt>
      <trkpt lat="44.172066" lon="7.230989">
        <ele>2529.4</ele>
        <time>2026-08-01T09:40:32Z</time>
      </trkpt>
      <trkpt lat="44.172063" lon="7.230983">
        <ele>2529.4</ele>
        <time>2026-08-01T09:40:33Z</time>
      </trkpt>
      <trkpt lat="44.172051" lon="7.230916">
        <ele>2528.4</ele>
        <time>2026-08-01T09:40:38Z</time>
      </trkpt>
      <trkpt lat="44.172052" lon="7.23091">
        <ele>2528.2</ele>
        <time>2026-08-01T09:40:39Z</time>
      </trkpt>
      <trkpt lat="44.172045" lon="7.230868">
        <ele>2527.2</ele>
        <time>2026-08-01T09:40:44Z</time>
      </trkpt>
      <trkpt lat="44.172042" lon="7.230852">
        <ele>2526.6</ele>
        <time>2026-08-01T09:40:48Z</time>
      </trkpt>
      <trkpt lat="44.172035" lon="7.230828">
        <ele>2526.2</ele>
        <time>2026-08-01T09:40:51Z</time>
      </trkpt>
      <trkpt lat="44.172023" lon="7.230777">
        <ele>2525.0</ele>
        <time>2026-08-01T09:40:56Z</time>
      </trkpt>
      <trkpt lat="44.172026" lon="7.23075">
        <ele>2524.0</ele>
        <time>2026-08-01T09:41:00Z</time>
      </trkpt>
      <trkpt lat="44.172038" lon="7.230693">
        <ele>2522.6</ele>
        <time>2026-08-01T09:41:04Z</time>
      </trkpt>
      <trkpt lat="44.17204" lon="7.230686">
        <ele>2522.4</ele>
        <time>2026-08-01T09:41:05Z</time>
      </trkpt>
      <trkpt lat="44.172041" lon="7.230669">
        <ele>2521.6</ele>
        <time>2026-08-01T09:41:08Z</time>
      </trkpt>
      <trkpt lat="44.172037" lon="7.230654">
        <ele>2520.6</ele>
        <time>2026-08-01T09:41:13Z</time>
      </trkpt>
      <trkpt lat="44.172034" lon="7.230642">
        <ele>2520.4</ele>
        <time>2026-08-01T09:41:14Z</time>
      </trkpt>
      <trkpt lat="44.172021" lon="7.230564">
        <ele>2519.6</ele>
        <time>2026-08-01T09:41:19Z</time>
      </trkpt>
      <trkpt lat="44.172016" lon="7.230538">
        <ele>2519.4</ele>
        <time>2026-08-01T09:41:24Z</time>
      </trkpt>
      <trkpt lat="44.17202" lon="7.23053">
        <ele>2519.4</ele>
        <time>2026-08-01T09:41:25Z</time>
      </trkpt>
      <trkpt lat="44.172056" lon="7.230543">
        <ele>2518.2</ele>
        <time>2026-08-01T09:41:30Z</time>
      </trkpt>
      <trkpt lat="44.172082" lon="7.230567">
        <ele>2517.2</ele>
        <time>2026-08-01T09:41:34Z</time>
      </trkpt>
      <trkpt lat="44.172092" lon="7.230574">
        <ele>2516.6</ele>
        <time>2026-08-01T09:41:36Z</time>
      </trkpt>
      <trkpt lat="44.172109" lon="7.230573">
        <ele>2516.2</ele>
        <time>2026-08-01T09:41:38Z</time>
      </trkpt>
      <trkpt lat="44.17212" lon="7.23054">
        <ele>2515.6</ele>
        <time>2026-08-01T09:41:42Z</time>
      </trkpt>
      <trkpt lat="44.172127" lon="7.230514">
        <ele>2515.0</ele>
        <time>2026-08-01T09:41:44Z</time>
      </trkpt>
      <trkpt lat="44.172127" lon="7.230499">
        <ele>2514.4</ele>
        <time>2026-08-01T09:41:46Z</time>
      </trkpt>
      <trkpt lat="44.172131" lon="7.230497">
        <ele>2514.0</ele>
        <time>2026-08-01T09:41:47Z</time>
      </trkpt>
      <trkpt lat="44.172146" lon="7.230533">
        <ele>2513.0</ele>
        <time>2026-08-01T09:41:52Z</time>
      </trkpt>
      <trkpt lat="44.172151" lon="7.230545">
        <ele>2513.0</ele>
        <time>2026-08-01T09:41:54Z</time>
      </trkpt>
      <trkpt lat="44.172171" lon="7.230542">
        <ele>2512.6</ele>
        <time>2026-08-01T09:41:57Z</time>
      </trkpt>
      <trkpt lat="44.172194" lon="7.230542">
        <ele>2511.8</ele>
        <time>2026-08-01T09:42:01Z</time>
      </trkpt>
      <trkpt lat="44.172198" lon="7.230545">
        <ele>2511.4</ele>
        <time>2026-08-01T09:42:03Z</time>
      </trkpt>
      <trkpt lat="44.172216" lon="7.230541">
        <ele>2510.6</ele>
        <time>2026-08-01T09:42:06Z</time>
      </trkpt>
      <trkpt lat="44.172211" lon="7.230549">
        <ele>2510.0</ele>
        <time>2026-08-01T09:42:10Z</time>
      </trkpt>
      <trkpt lat="44.17222" lon="7.230544">
        <ele>2509.4</ele>
        <time>2026-08-01T09:42:12Z</time>
      </trkpt>
      <trkpt lat="44.172252" lon="7.230537">
        <ele>2508.2</ele>
        <time>2026-08-01T09:42:17Z</time>
      </trkpt>
      <trkpt lat="44.172261" lon="7.230476">
        <ele>2507.0</ele>
        <time>2026-08-01T09:42:22Z</time>
      </trkpt>
      <trkpt lat="44.172261" lon="7.230475">
        <ele>2506.8</ele>
        <time>2026-08-01T09:42:23Z</time>
      </trkpt>
      <trkpt lat="44.172257" lon="7.230476">
        <ele>2506.4</ele>
        <time>2026-08-01T09:42:25Z</time>
      </trkpt>
      <trkpt lat="44.172258" lon="7.230463">
        <ele>2506.0</ele>
        <time>2026-08-01T09:42:29Z</time>
      </trkpt>
      <trkpt lat="44.172259" lon="7.230463">
        <ele>2505.8</ele>
        <time>2026-08-01T09:42:30Z</time>
      </trkpt>
      <trkpt lat="44.172279" lon="7.230459">
        <ele>2504.8</ele>
        <time>2026-08-01T09:42:33Z</time>
      </trkpt>
      <trkpt lat="44.172296" lon="7.230456">
        <ele>2504.4</ele>
        <time>2026-08-01T09:42:35Z</time>
      </trkpt>
      <trkpt lat="44.172324" lon="7.230461">
        <ele>2503.6</ele>
        <time>2026-08-01T09:42:38Z</time>
      </trkpt>
      <trkpt lat="44.172339" lon="7.23046">
        <ele>2503.2</ele>
        <time>2026-08-01T09:42:40Z</time>
      </trkpt>
      <trkpt lat="44.172341" lon="7.230443">
        <ele>2502.6</ele>
        <time>2026-08-01T09:42:43Z</time>
      </trkpt>
      <trkpt lat="44.172338" lon="7.230382">
        <ele>2501.6</ele>
        <time>2026-08-01T09:42:48Z</time>
      </trkpt>
      <trkpt lat="44.172335" lon="7.230365">
        <ele>2501.4</ele>
        <time>2026-08-01T09:42:49Z</time>
      </trkpt>
      <trkpt lat="44.172335" lon="7.23028">
        <ele>2500.4</ele>
        <time>2026-08-01T09:42:55Z</time>
      </trkpt>
      <trkpt lat="44.172333" lon="7.230264">
        <ele>2500.4</ele>
        <time>2026-08-01T09:42:56Z</time>
      </trkpt>
      <trkpt lat="44.172331" lon="7.230193">
        <ele>2499.4</ele>
        <time>2026-08-01T09:43:02Z</time>
      </trkpt>
      <trkpt lat="44.172335" lon="7.230178">
        <ele>2499.0</ele>
        <time>2026-08-01T09:43:04Z</time>
      </trkpt>
      <trkpt lat="44.172343" lon="7.230194">
        <ele>2498.4</ele>
        <time>2026-08-01T09:43:07Z</time>
      </trkpt>
      <trkpt lat="44.172345" lon="7.230213">
        <ele>2498.2</ele>
        <time>2026-08-01T09:43:08Z</time>
      </trkpt>
      <trkpt lat="44.172353" lon="7.23024">
        <ele>2498.0</ele>
        <time>2026-08-01T09:43:10Z</time>
      </trkpt>
      <trkpt lat="44.17239" lon="7.23033">
        <ele>2497.2</ele>
        <time>2026-08-01T09:43:18Z</time>
      </trkpt>
      <trkpt lat="44.1724" lon="7.23033">
        <ele>2497.0</ele>
        <time>2026-08-01T09:43:20Z</time>
      </trkpt>
      <trkpt lat="44.172452" lon="7.23032">
        <ele>2496.2</ele>
        <time>2026-08-01T09:43:25Z</time>
      </trkpt>
      <trkpt lat="44.172455" lon="7.230326">
        <ele>2495.8</ele>
        <time>2026-08-01T09:43:26Z</time>
      </trkpt>
      <trkpt lat="44.17248" lon="7.23035">
        <ele>2495.0</ele>
        <time>2026-08-01T09:43:30Z</time>
      </trkpt>
      <trkpt lat="44.172509" lon="7.230356">
        <ele>2494.6</ele>
        <time>2026-08-01T09:43:32Z</time>
      </trkpt>
      <trkpt lat="44.172536" lon="7.23031">
        <ele>2494.0</ele>
        <time>2026-08-01T09:43:36Z</time>
      </trkpt>
      <trkpt lat="44.172537" lon="7.230294">
        <ele>2494.0</ele>
        <time>2026-08-01T09:43:37Z</time>
      </trkpt>
      <trkpt lat="44.172536" lon="7.230283">
        <ele>2493.6</ele>
        <time>2026-08-01T09:43:38Z</time>
      </trkpt>
      <trkpt lat="44.172531" lon="7.230253">
        <ele>2492.6</ele>
        <time>2026-08-01T09:43:41Z</time>
      </trkpt>
      <trkpt lat="44.172538" lon="7.230216">
        <ele>2491.4</ele>
        <time>2026-08-01T09:43:44Z</time>
      </trkpt>
      <trkpt lat="44.172557" lon="7.230214">
        <ele>2490.2</ele>
        <time>2026-08-01T09:43:49Z</time>
      </trkpt>
      <trkpt lat="44.172546" lon="7.230185">
        <ele>2489.6</ele>
        <time>2026-08-01T09:43:51Z</time>
      </trkpt>
      <trkpt lat="44.172546" lon="7.230167">
        <ele>2489.0</ele>
        <time>2026-08-01T09:43:53Z</time>
      </trkpt>
      <trkpt lat="44.172575" lon="7.230151">
        <ele>2487.8</ele>
        <time>2026-08-01T09:43:58Z</time>
      </trkpt>
      <trkpt lat="44.172584" lon="7.230135">
        <ele>2486.8</ele>
        <time>2026-08-01T09:44:02Z</time>
      </trkpt>
      <trkpt lat="44.172592" lon="7.230092">
        <ele>2486.0</ele>
        <time>2026-08-01T09:44:05Z</time>
      </trkpt>
      <trkpt lat="44.172595" lon="7.23008">
        <ele>2485.8</ele>
        <time>2026-08-01T09:44:06Z</time>
      </trkpt>
      <trkpt lat="44.17262" lon="7.230033">
        <ele>2484.6</ele>
        <time>2026-08-01T09:44:11Z</time>
      </trkpt>
      <trkpt lat="44.172637" lon="7.230013">
        <ele>2484.2</ele>
        <time>2026-08-01T09:44:13Z</time>
      </trkpt>
      <trkpt lat="44.172658" lon="7.229981">
        <ele>2483.4</ele>
        <time>2026-08-01T09:44:16Z</time>
      </trkpt>
      <trkpt lat="44.172681" lon="7.229946">
        <ele>2482.8</ele>
        <time>2026-08-01T09:44:19Z</time>
      </trkpt>
      <trkpt lat="44.172692" lon="7.229901">
        <ele>2482.4</ele>
        <time>2026-08-01T09:44:22Z</time>
      </trkpt>
      <trkpt lat="44.172698" lon="7.229862">
        <ele>2482.0</ele>
        <time>2026-08-01T09:44:25Z</time>
      </trkpt>
      <trkpt lat="44.172696" lon="7.229858">
        <ele>2481.6</ele>
        <time>2026-08-01T09:44:30Z</time>
      </trkpt>
      <trkpt lat="44.172703" lon="7.229799">
        <ele>2481.6</ele>
        <time>2026-08-01T09:44:35Z</time>
      </trkpt>
      <trkpt lat="44.1727" lon="7.229793">
        <ele>2481.2</ele>
        <time>2026-08-01T09:44:37Z</time>
      </trkpt>
      <trkpt lat="44.172709" lon="7.229761">
        <ele>2481.0</ele>
        <time>2026-08-01T09:44:43Z</time>
      </trkpt>
      <trkpt lat="44.172718" lon="7.229741">
        <ele>2480.0</ele>
        <time>2026-08-01T09:44:48Z</time>
      </trkpt>
      <trkpt lat="44.172717" lon="7.229754">
        <ele>2479.6</ele>
        <time>2026-08-01T09:44:49Z</time>
      </trkpt>
      <trkpt lat="44.172727" lon="7.229746">
        <ele>2478.8</ele>
        <time>2026-08-01T09:44:52Z</time>
      </trkpt>
      <trkpt lat="44.172725" lon="7.229742">
        <ele>2477.8</ele>
        <time>2026-08-01T09:44:58Z</time>
      </trkpt>
      <trkpt lat="44.172721" lon="7.229747">
        <ele>2477.8</ele>
        <time>2026-08-01T09:44:59Z</time>
      </trkpt>
      <trkpt lat="44.172725" lon="7.229761">
        <ele>2476.6</ele>
        <time>2026-08-01T09:45:04Z</time>
      </trkpt>
      <trkpt lat="44.172731" lon="7.229816">
        <ele>2476.0</ele>
        <time>2026-08-01T09:45:08Z</time>
      </trkpt>
      <trkpt lat="44.172744" lon="7.229837">
        <ele>2475.4</ele>
        <time>2026-08-01T09:45:12Z</time>
      </trkpt>
      <trkpt lat="44.172761" lon="7.229875">
        <ele>2474.4</ele>
        <time>2026-08-01T09:45:18Z</time>
      </trkpt>
      <trkpt lat="44.172799" lon="7.229923">
        <ele>2474.4</ele>
        <time>2026-08-01T09:45:25Z</time>
      </trkpt>
      <trkpt lat="44.172819" lon="7.229945">
        <ele>2474.2</ele>
        <time>2026-08-01T09:45:27Z</time>
      </trkpt>
      <trkpt lat="44.172828" lon="7.22992">
        <ele>2474.0</ele>
        <time>2026-08-01T09:45:34Z</time>
      </trkpt>
      <trkpt lat="44.172813" lon="7.229854">
        <ele>2473.4</ele>
        <time>2026-08-01T09:45:38Z</time>
      </trkpt>
      <trkpt lat="44.172814" lon="7.229843">
        <ele>2473.0</ele>
        <time>2026-08-01T09:45:39Z</time>
      </trkpt>
      <trkpt lat="44.17282" lon="7.229816">
        <ele>2472.2</ele>
        <time>2026-08-01T09:45:41Z</time>
      </trkpt>
      <trkpt lat="44.172828" lon="7.229798">
        <ele>2471.2</ele>
        <time>2026-08-01T09:45:46Z</time>
      </trkpt>
      <trkpt lat="44.17285" lon="7.229752">
        <ele>2470.0</ele>
        <time>2026-08-01T09:45:55Z</time>
      </trkpt>
      <trkpt lat="44.172851" lon="7.229748">
        <ele>2469.8</ele>
        <time>2026-08-01T09:45:56Z</time>
      </trkpt>
      <trkpt lat="44.172862" lon="7.229709">
        <ele>2469.0</ele>
        <time>2026-08-01T09:46:00Z</time>
      </trkpt>
      <trkpt lat="44.172863" lon="7.229656">
        <ele>2467.8</ele>
        <time>2026-08-01T09:46:05Z</time>
      </trkpt>
      <trkpt lat="44.172874" lon="7.229615">
        <ele>2466.6</ele>
        <time>2026-08-01T09:46:13Z</time>
      </trkpt>
      <trkpt lat="44.172906" lon="7.229594">
        <ele>2465.6</ele>
        <time>2026-08-01T09:46:18Z</time>
      </trkpt>
      <trkpt lat="44.172917" lon="7.229598">
        <ele>2464.8</ele>
        <time>2026-08-01T09:46:21Z</time>
      </trkpt>
      <trkpt lat="44.173002" lon="7.229613">
        <ele>2464.4</ele>
        <time>2026-08-01T09:46:28Z</time>
      </trkpt>
      <trkpt lat="44.173018" lon="7.229613">
        <ele>2464.4</ele>
        <time>2026-08-01T09:46:29Z</time>
      </trkpt>
      <trkpt lat="44.173033" lon="7.229607">
        <ele>2463.6</ele>
        <time>2026-08-01T09:46:35Z</time>
      </trkpt>
      <trkpt lat="44.173033" lon="7.229599">
        <ele>2463.2</ele>
        <time>2026-08-01T09:46:37Z</time>
      </trkpt>
      <trkpt lat="44.173037" lon="7.229597">
        <ele>2463.0</ele>
        <time>2026-08-01T09:46:38Z</time>
      </trkpt>
      <trkpt lat="44.173051" lon="7.229597">
        <ele>2462.6</ele>
        <time>2026-08-01T09:46:40Z</time>
      </trkpt>
      <trkpt lat="44.17307" lon="7.229591">
        <ele>2462.2</ele>
        <time>2026-08-01T09:46:42Z</time>
      </trkpt>
      <trkpt lat="44.173121" lon="7.229562">
        <ele>2461.0</ele>
        <time>2026-08-01T09:46:48Z</time>
      </trkpt>
      <trkpt lat="44.173142" lon="7.229545">
        <ele>2460.2</ele>
        <time>2026-08-01T09:46:51Z</time>
      </trkpt>
      <trkpt lat="44.173149" lon="7.229539">
        <ele>2459.8</ele>
        <time>2026-08-01T09:46:52Z</time>
      </trkpt>
      <trkpt lat="44.17319" lon="7.22954">
        <ele>2458.8</ele>
        <time>2026-08-01T09:46:57Z</time>
      </trkpt>
      <trkpt lat="44.1732" lon="7.229545">
        <ele>2458.4</ele>
        <time>2026-08-01T09:46:58Z</time>
      </trkpt>
      <trkpt lat="44.173228" lon="7.229558">
        <ele>2457.6</ele>
        <time>2026-08-01T09:47:02Z</time>
      </trkpt>
      <trkpt lat="44.173229" lon="7.229556">
        <ele>2457.0</ele>
        <time>2026-08-01T09:47:05Z</time>
      </trkpt>
      <trkpt lat="44.173249" lon="7.229535">
        <ele>2456.6</ele>
        <time>2026-08-01T09:47:10Z</time>
      </trkpt>
      <trkpt lat="44.17325" lon="7.22953">
        <ele>2456.4</ele>
        <time>2026-08-01T09:47:11Z</time>
      </trkpt>
      <trkpt lat="44.173265" lon="7.229524">
        <ele>2455.8</ele>
        <time>2026-08-01T09:47:15Z</time>
      </trkpt>
      <trkpt lat="44.173281" lon="7.229522">
        <ele>2455.2</ele>
        <time>2026-08-01T09:47:18Z</time>
      </trkpt>
      <trkpt lat="44.173299" lon="7.229508">
        <ele>2454.6</ele>
        <time>2026-08-01T09:47:22Z</time>
      </trkpt>
      <trkpt lat="44.173308" lon="7.229501">
        <ele>2454.0</ele>
        <time>2026-08-01T09:47:25Z</time>
      </trkpt>
      <trkpt lat="44.173334" lon="7.229536">
        <ele>2453.0</ele>
        <time>2026-08-01T09:47:30Z</time>
      </trkpt>
      <trkpt lat="44.173358" lon="7.229588">
        <ele>2452.0</ele>
        <time>2026-08-01T09:47:37Z</time>
      </trkpt>
      <trkpt lat="44.173354" lon="7.22961">
        <ele>2450.8</ele>
        <time>2026-08-01T09:47:42Z</time>
      </trkpt>
      <trkpt lat="44.173354" lon="7.229675">
        <ele>2450.6</ele>
        <time>2026-08-01T09:47:45Z</time>
      </trkpt>
      <trkpt lat="44.17336" lon="7.22965">
        <ele>2450.0</ele>
        <time>2026-08-01T09:47:49Z</time>
      </trkpt>
      <trkpt lat="44.173365" lon="7.22964">
        <ele>2450.0</ele>
        <time>2026-08-01T09:47:50Z</time>
      </trkpt>
      <trkpt lat="44.173371" lon="7.229631">
        <ele>2449.8</ele>
        <time>2026-08-01T09:47:51Z</time>
      </trkpt>
      <trkpt lat="44.173393" lon="7.229612">
        <ele>2449.0</ele>
        <time>2026-08-01T09:47:57Z</time>
      </trkpt>
      <trkpt lat="44.173404" lon="7.229601">
        <ele>2448.8</ele>
        <time>2026-08-01T09:47:59Z</time>
      </trkpt>
      <trkpt lat="44.17343" lon="7.229575">
        <ele>2447.6</ele>
        <time>2026-08-01T09:48:05Z</time>
      </trkpt>
      <trkpt lat="44.173437" lon="7.229525">
        <ele>2446.6</ele>
        <time>2026-08-01T09:48:10Z</time>
      </trkpt>
      <trkpt lat="44.173441" lon="7.22949">
        <ele>2446.0</ele>
        <time>2026-08-01T09:48:13Z</time>
      </trkpt>
      <trkpt lat="44.173446" lon="7.229458">
        <ele>2445.6</ele>
        <time>2026-08-01T09:48:15Z</time>
      </trkpt>
      <trkpt lat="44.173455" lon="7.229414">
        <ele>2445.2</ele>
        <time>2026-08-01T09:48:20Z</time>
      </trkpt>
      <trkpt lat="44.173458" lon="7.229355">
        <ele>2444.4</ele>
        <time>2026-08-01T09:48:28Z</time>
      </trkpt>
      <trkpt lat="44.173449" lon="7.229284">
        <ele>2443.6</ele>
        <time>2026-08-01T09:48:37Z</time>
      </trkpt>
      <trkpt lat="44.17345" lon="7.229278">
        <ele>2443.4</ele>
        <time>2026-08-01T09:48:38Z</time>
      </trkpt>
      <trkpt lat="44.173452" lon="7.229227">
        <ele>2442.2</ele>
        <time>2026-08-01T09:48:42Z</time>
      </trkpt>
      <trkpt lat="44.173452" lon="7.229202">
        <ele>2441.8</ele>
        <time>2026-08-01T09:48:46Z</time>
      </trkpt>
      <trkpt lat="44.173451" lon="7.229201">
        <ele>2441.8</ele>
        <time>2026-08-01T09:48:53Z</time>
      </trkpt>
      <trkpt lat="44.173443" lon="7.229202">
        <ele>2441.6</ele>
        <time>2026-08-01T09:48:56Z</time>
      </trkpt>
      <trkpt lat="44.173399" lon="7.229188">
        <ele>2441.2</ele>
        <time>2026-08-01T09:49:02Z</time>
      </trkpt>
      <trkpt lat="44.173391" lon="7.22918">
        <ele>2441.0</ele>
        <time>2026-08-01T09:49:03Z</time>
      </trkpt>
      <trkpt lat="44.173354" lon="7.229147">
        <ele>2440.0</ele>
        <time>2026-08-01T09:49:07Z</time>
      </trkpt>
      <trkpt lat="44.173323" lon="7.229081">
        <ele>2439.4</ele>
        <time>2026-08-01T09:49:12Z</time>
      </trkpt>
      <trkpt lat="44.173318" lon="7.229049">
        <ele>2439.0</ele>
        <time>2026-08-01T09:49:14Z</time>
      </trkpt>
      <trkpt lat="44.17333" lon="7.228997">
        <ele>2438.2</ele>
        <time>2026-08-01T09:49:19Z</time>
      </trkpt>
      <trkpt lat="44.173338" lon="7.228988">
        <ele>2437.8</ele>
        <time>2026-08-01T09:49:20Z</time>
      </trkpt>
      <trkpt lat="44.173359" lon="7.228931">
        <ele>2436.8</ele>
        <time>2026-08-01T09:49:25Z</time>
      </trkpt>
      <trkpt lat="44.173364" lon="7.22892">
        <ele>2436.6</ele>
        <time>2026-08-01T09:49:26Z</time>
      </trkpt>
      <trkpt lat="44.173402" lon="7.228886">
        <ele>2436.4</ele>
        <time>2026-08-01T09:49:33Z</time>
      </trkpt>
      <trkpt lat="44.173431" lon="7.228848">
        <ele>2435.8</ele>
        <time>2026-08-01T09:49:37Z</time>
      </trkpt>
      <trkpt lat="44.173459" lon="7.228818">
        <ele>2434.8</ele>
        <time>2026-08-01T09:49:41Z</time>
      </trkpt>
      <trkpt lat="44.173463" lon="7.228813">
        <ele>2434.6</ele>
        <time>2026-08-01T09:49:42Z</time>
      </trkpt>
      <trkpt lat="44.173473" lon="7.228754">
        <ele>2433.6</ele>
        <time>2026-08-01T09:49:49Z</time>
      </trkpt>
      <trkpt lat="44.173471" lon="7.228742">
        <ele>2433.4</ele>
        <time>2026-08-01T09:49:50Z</time>
      </trkpt>
      <trkpt lat="44.173473" lon="7.228713">
        <ele>2433.0</ele>
        <time>2026-08-01T09:49:52Z</time>
      </trkpt>
      <trkpt lat="44.173478" lon="7.228685">
        <ele>2432.4</ele>
        <time>2026-08-01T09:49:55Z</time>
      </trkpt>
      <trkpt lat="44.173482" lon="7.228676">
        <ele>2432.2</ele>
        <time>2026-08-01T09:49:56Z</time>
      </trkpt>
      <trkpt lat="44.173502" lon="7.228634">
        <ele>2431.2</ele>
        <time>2026-08-01T09:50:00Z</time>
      </trkpt>
      <trkpt lat="44.173522" lon="7.228589">
        <ele>2430.2</ele>
        <time>2026-08-01T09:50:04Z</time>
      </trkpt>
      <trkpt lat="44.173559" lon="7.228546">
        <ele>2429.0</ele>
        <time>2026-08-01T09:50:09Z</time>
      </trkpt>
      <trkpt lat="44.173583" lon="7.228523">
        <ele>2428.0</ele>
        <time>2026-08-01T09:50:13Z</time>
      </trkpt>
      <trkpt lat="44.173585" lon="7.228523">
        <ele>2427.8</ele>
        <time>2026-08-01T09:50:14Z</time>
      </trkpt>
      <trkpt lat="44.173618" lon="7.228493">
        <ele>2426.8</ele>
        <time>2026-08-01T09:50:20Z</time>
      </trkpt>
      <trkpt lat="44.173639" lon="7.228462">
        <ele>2425.6</ele>
        <time>2026-08-01T09:50:24Z</time>
      </trkpt>
      <trkpt lat="44.173664" lon="7.228415">
        <ele>2424.4</ele>
        <time>2026-08-01T09:50:28Z</time>
      </trkpt>
      <trkpt lat="44.173683" lon="7.228355">
        <ele>2423.4</ele>
        <time>2026-08-01T09:50:32Z</time>
      </trkpt>
      <trkpt lat="44.173688" lon="7.228335">
        <ele>2423.0</ele>
        <time>2026-08-01T09:50:34Z</time>
      </trkpt>
      <trkpt lat="44.173711" lon="7.228273">
        <ele>2422.2</ele>
        <time>2026-08-01T09:50:39Z</time>
      </trkpt>
      <trkpt lat="44.173726" lon="7.228232">
        <ele>2421.6</ele>
        <time>2026-08-01T09:50:42Z</time>
      </trkpt>
      <trkpt lat="44.173733" lon="7.228221">
        <ele>2421.0</ele>
        <time>2026-08-01T09:50:44Z</time>
      </trkpt>
      <trkpt lat="44.173771" lon="7.228165">
        <ele>2420.0</ele>
        <time>2026-08-01T09:50:50Z</time>
      </trkpt>
      <trkpt lat="44.173788" lon="7.228103">
        <ele>2418.8</ele>
        <time>2026-08-01T09:50:56Z</time>
      </trkpt>
      <trkpt lat="44.17381" lon="7.228047">
        <ele>2417.8</ele>
        <time>2026-08-01T09:51:02Z</time>
      </trkpt>
      <trkpt lat="44.173813" lon="7.228049">
        <ele>2417.6</ele>
        <time>2026-08-01T09:51:03Z</time>
      </trkpt>
      <trkpt lat="44.173833" lon="7.228036">
        <ele>2416.8</ele>
        <time>2026-08-01T09:51:07Z</time>
      </trkpt>
      <trkpt lat="44.173867" lon="7.228023">
        <ele>2416.2</ele>
        <time>2026-08-01T09:51:11Z</time>
      </trkpt>
      <trkpt lat="44.173894" lon="7.228018">
        <ele>2415.8</ele>
        <time>2026-08-01T09:51:15Z</time>
      </trkpt>
      <trkpt lat="44.173913" lon="7.228026">
        <ele>2415.4</ele>
        <time>2026-08-01T09:51:19Z</time>
      </trkpt>
      <trkpt lat="44.173949" lon="7.228032">
        <ele>2414.8</ele>
        <time>2026-08-01T09:51:25Z</time>
      </trkpt>
      <trkpt lat="44.173957" lon="7.228035">
        <ele>2414.8</ele>
        <time>2026-08-01T09:51:26Z</time>
      </trkpt>
      <trkpt lat="44.173992" lon="7.228074">
        <ele>2413.6</ele>
        <time>2026-08-01T09:51:33Z</time>
      </trkpt>
      <trkpt lat="44.174023" lon="7.228075">
        <ele>2412.4</ele>
        <time>2026-08-01T09:51:37Z</time>
      </trkpt>
      <trkpt lat="44.174075" lon="7.228039">
        <ele>2411.4</ele>
        <time>2026-08-01T09:51:41Z</time>
      </trkpt>
      <trkpt lat="44.174085" lon="7.227994">
        <ele>2410.2</ele>
        <time>2026-08-01T09:51:46Z</time>
      </trkpt>
      <trkpt lat="44.174079" lon="7.227992">
        <ele>2410.0</ele>
        <time>2026-08-01T09:51:47Z</time>
      </trkpt>
      <trkpt lat="44.174057" lon="7.227956">
        <ele>2409.6</ele>
        <time>2026-08-01T09:51:50Z</time>
      </trkpt>
      <trkpt lat="44.174045" lon="7.227928">
        <ele>2409.2</ele>
        <time>2026-08-01T09:51:52Z</time>
      </trkpt>
      <trkpt lat="44.174033" lon="7.227909">
        <ele>2408.6</ele>
        <time>2026-08-01T09:51:54Z</time>
      </trkpt>
      <trkpt lat="44.174027" lon="7.227879">
        <ele>2408.2</ele>
        <time>2026-08-01T09:51:56Z</time>
      </trkpt>
      <trkpt lat="44.174006" lon="7.22785">
        <ele>2407.0</ele>
        <time>2026-08-01T09:52:00Z</time>
      </trkpt>
      <trkpt lat="44.173999" lon="7.227844">
        <ele>2406.8</ele>
        <time>2026-08-01T09:52:01Z</time>
      </trkpt>
      <trkpt lat="44.173923" lon="7.227796">
        <ele>2406.4</ele>
        <time>2026-08-01T09:52:10Z</time>
      </trkpt>
      <trkpt lat="44.17392" lon="7.227759">
        <ele>2406.0</ele>
        <time>2026-08-01T09:52:16Z</time>
      </trkpt>
      <trkpt lat="44.17392" lon="7.227754">
        <ele>2406.0</ele>
        <time>2026-08-01T09:52:17Z</time>
      </trkpt>
      <trkpt lat="44.173922" lon="7.227704">
        <ele>2405.8</ele>
        <time>2026-08-01T09:52:21Z</time>
      </trkpt>
      <trkpt lat="44.173928" lon="7.22767">
        <ele>2406.0</ele>
        <time>2026-08-01T09:52:24Z</time>
      </trkpt>
      <trkpt lat="44.173943" lon="7.227657">
        <ele>2406.6</ele>
        <time>2026-08-01T09:52:27Z</time>
      </trkpt>
      <trkpt lat="44.173968" lon="7.227632">
        <ele>2407.0</ele>
        <time>2026-08-01T09:52:30Z</time>
      </trkpt>
      <trkpt lat="44.173977" lon="7.227635">
        <ele>2407.2</ele>
        <time>2026-08-01T09:52:31Z</time>
      </trkpt>
      <trkpt lat="44.174041" lon="7.227622">
        <ele>2407.0</ele>
        <time>2026-08-01T09:52:38Z</time>
      </trkpt>
      <trkpt lat="44.174098" lon="7.227615">
        <ele>2406.4</ele>
        <time>2026-08-01T09:52:45Z</time>
      </trkpt>
      <trkpt lat="44.174172" lon="7.227604">
        <ele>2406.0</ele>
        <time>2026-08-01T09:52:51Z</time>
      </trkpt>
      <trkpt lat="44.174199" lon="7.227597">
        <ele>2406.0</ele>
        <time>2026-08-01T09:52:53Z</time>
      </trkpt>
      <trkpt lat="44.174229" lon="7.227581">
        <ele>2405.6</ele>
        <time>2026-08-01T09:52:59Z</time>
      </trkpt>
      <trkpt lat="44.17424" lon="7.227578">
        <ele>2404.8</ele>
        <time>2026-08-01T09:53:03Z</time>
      </trkpt>
      <trkpt lat="44.174257" lon="7.227579">
        <ele>2404.0</ele>
        <time>2026-08-01T09:53:06Z</time>
      </trkpt>
      <trkpt lat="44.174312" lon="7.227575">
        <ele>2404.0</ele>
        <time>2026-08-01T09:53:14Z</time>
      </trkpt>
      <trkpt lat="44.174325" lon="7.227563">
        <ele>2403.8</ele>
        <time>2026-08-01T09:53:16Z</time>
      </trkpt>
      <trkpt lat="44.174342" lon="7.227538">
        <ele>2403.2</ele>
        <time>2026-08-01T09:53:20Z</time>
      </trkpt>
      <trkpt lat="44.174344" lon="7.227527">
        <ele>2402.6</ele>
        <time>2026-08-01T09:53:22Z</time>
      </trkpt>
      <trkpt lat="44.17436" lon="7.227484">
        <ele>2401.6</ele>
        <time>2026-08-01T09:53:26Z</time>
      </trkpt>
      <trkpt lat="44.17437" lon="7.22748">
        <ele>2400.8</ele>
        <time>2026-08-01T09:53:31Z</time>
      </trkpt>
      <trkpt lat="44.174377" lon="7.227481">
        <ele>2400.4</ele>
        <time>2026-08-01T09:53:33Z</time>
      </trkpt>
      <trkpt lat="44.174409" lon="7.227469">
        <ele>2400.0</ele>
        <time>2026-08-01T09:53:38Z</time>
      </trkpt>
      <trkpt lat="44.174443" lon="7.22747">
        <ele>2399.4</ele>
        <time>2026-08-01T09:53:45Z</time>
      </trkpt>
      <trkpt lat="44.174442" lon="7.227465">
        <ele>2399.4</ele>
        <time>2026-08-01T09:53:46Z</time>
      </trkpt>
      <trkpt lat="44.174449" lon="7.227397">
        <ele>2398.4</ele>
        <time>2026-08-01T09:53:52Z</time>
      </trkpt>
      <trkpt lat="44.174451" lon="7.227388">
        <ele>2398.2</ele>
        <time>2026-08-01T09:53:53Z</time>
      </trkpt>
      <trkpt lat="44.174469" lon="7.227383">
        <ele>2398.0</ele>
        <time>2026-08-01T09:53:58Z</time>
      </trkpt>
      <trkpt lat="44.174502" lon="7.227346">
        <ele>2397.2</ele>
        <time>2026-08-01T09:54:07Z</time>
      </trkpt>
      <trkpt lat="44.174505" lon="7.227339">
        <ele>2397.0</ele>
        <time>2026-08-01T09:54:08Z</time>
      </trkpt>
      <trkpt lat="44.174521" lon="7.227304">
        <ele>2395.8</ele>
        <time>2026-08-01T09:54:12Z</time>
      </trkpt>
      <trkpt lat="44.174517" lon="7.22728">
        <ele>2395.4</ele>
        <time>2026-08-01T09:54:15Z</time>
      </trkpt>
      <trkpt lat="44.174513" lon="7.227259">
        <ele>2394.8</ele>
        <time>2026-08-01T09:54:18Z</time>
      </trkpt>
      <trkpt lat="44.174514" lon="7.227219">
        <ele>2395.2</ele>
        <time>2026-08-01T09:54:23Z</time>
      </trkpt>
      <trkpt lat="44.174527" lon="7.227189">
        <ele>2394.8</ele>
        <time>2026-08-01T09:54:29Z</time>
      </trkpt>
      <trkpt lat="44.174521" lon="7.227197">
        <ele>2394.2</ele>
        <time>2026-08-01T09:54:40Z</time>
      </trkpt>
      <trkpt lat="44.174505" lon="7.227167">
        <ele>2394.0</ele>
        <time>2026-08-01T09:54:48Z</time>
      </trkpt>
      <trkpt lat="44.174504" lon="7.227168">
        <ele>2393.8</ele>
        <time>2026-08-01T09:54:50Z</time>
      </trkpt>
      <trkpt lat="44.174501" lon="7.227165">
        <ele>2393.6</ele>
        <time>2026-08-01T09:54:52Z</time>
      </trkpt>
      <trkpt lat="44.17449" lon="7.227143">
        <ele>2393.6</ele>
        <time>2026-08-01T09:55:01Z</time>
      </trkpt>
      <trkpt lat="44.174476" lon="7.227068">
        <ele>2393.8</ele>
        <time>2026-08-01T09:55:10Z</time>
      </trkpt>
      <trkpt lat="44.174518" lon="7.227072">
        <ele>2393.6</ele>
        <time>2026-08-01T09:55:16Z</time>
      </trkpt>
      <trkpt lat="44.174521" lon="7.227074">
        <ele>2394.6</ele>
        <time>2026-08-01T09:55:23Z</time>
      </trkpt>
      <trkpt lat="44.174516" lon="7.227074">
        <ele>2394.8</ele>
        <time>2026-08-01T09:55:24Z</time>
      </trkpt>
      <trkpt lat="44.174487" lon="7.227038">
        <ele>2396.2</ele>
        <time>2026-08-01T09:55:30Z</time>
      </trkpt>
      <trkpt lat="44.174476" lon="7.227044">
        <ele>2396.8</ele>
        <time>2026-08-01T09:55:32Z</time>
      </trkpt>
      <trkpt lat="44.174453" lon="7.227034">
        <ele>2396.6</ele>
        <time>2026-08-01T09:55:40Z</time>
      </trkpt>
      <trkpt lat="44.174442" lon="7.227002">
        <ele>2395.8</ele>
        <time>2026-08-01T09:55:46Z</time>
      </trkpt>
      <trkpt lat="44.174443" lon="7.226997">
        <ele>2395.2</ele>
        <time>2026-08-01T09:55:48Z</time>
      </trkpt>
      <trkpt lat="44.17445" lon="7.226996">
        <ele>2394.6</ele>
        <time>2026-08-01T09:55:50Z</time>
      </trkpt>
      <trkpt lat="44.174454" lon="7.226996">
        <ele>2394.4</ele>
        <time>2026-08-01T09:55:51Z</time>
      </trkpt>
      <trkpt lat="44.174473" lon="7.227014">
        <ele>2394.0</ele>
        <time>2026-08-01T09:55:55Z</time>
      </trkpt>
      <trkpt lat="44.174488" lon="7.227005">
        <ele>2392.8</ele>
        <time>2026-08-01T09:56:00Z</time>
      </trkpt>
      <trkpt lat="44.174485" lon="7.226984">
        <ele>2392.0</ele>
        <time>2026-08-01T09:56:03Z</time>
      </trkpt>
      <trkpt lat="44.174476" lon="7.22699">
        <ele>2391.8</ele>
        <time>2026-08-01T09:56:04Z</time>
      </trkpt>
      <trkpt lat="44.174457" lon="7.226937">
        <ele>2391.2</ele>
        <time>2026-08-01T09:56:10Z</time>
      </trkpt>
      <trkpt lat="44.174455" lon="7.226893">
        <ele>2390.8</ele>
        <time>2026-08-01T09:56:14Z</time>
      </trkpt>
      <trkpt lat="44.174454" lon="7.226847">
        <ele>2390.4</ele>
        <time>2026-08-01T09:56:18Z</time>
      </trkpt>
      <trkpt lat="44.174454" lon="7.226812">
        <ele>2389.4</ele>
        <time>2026-08-01T09:56:21Z</time>
      </trkpt>
      <trkpt lat="44.174446" lon="7.22679">
        <ele>2389.0</ele>
        <time>2026-08-01T09:56:26Z</time>
      </trkpt>
      <trkpt lat="44.174443" lon="7.226752">
        <ele>2388.6</ele>
        <time>2026-08-01T09:56:33Z</time>
      </trkpt>
      <trkpt lat="44.174442" lon="7.226749">
        <ele>2388.4</ele>
        <time>2026-08-01T09:56:34Z</time>
      </trkpt>
      <trkpt lat="44.17443" lon="7.226734">
        <ele>2388.2</ele>
        <time>2026-08-01T09:56:35Z</time>
      </trkpt>
      <trkpt lat="44.174463" lon="7.226737">
        <ele>2388.2</ele>
        <time>2026-08-01T09:56:41Z</time>
      </trkpt>
      <trkpt lat="44.174488" lon="7.226741">
        <ele>2388.0</ele>
        <time>2026-08-01T09:56:47Z</time>
      </trkpt>
      <trkpt lat="44.174489" lon="7.226708">
        <ele>2387.8</ele>
        <time>2026-08-01T09:56:52Z</time>
      </trkpt>
      <trkpt lat="44.17449" lon="7.226668">
        <ele>2387.6</ele>
        <time>2026-08-01T09:56:56Z</time>
      </trkpt>
      <trkpt lat="44.174489" lon="7.226665">
        <ele>2387.4</ele>
        <time>2026-08-01T09:56:58Z</time>
      </trkpt>
      <trkpt lat="44.174488" lon="7.226663">
        <ele>2387.4</ele>
        <time>2026-08-01T09:56:59Z</time>
      </trkpt>
      <trkpt lat="44.174496" lon="7.226626">
        <ele>2387.2</ele>
        <time>2026-08-01T09:57:04Z</time>
      </trkpt>
      <trkpt lat="44.174507" lon="7.226587">
        <ele>2387.4</ele>
        <time>2026-08-01T09:57:10Z</time>
      </trkpt>
      <trkpt lat="44.174511" lon="7.226568">
        <ele>2387.0</ele>
        <time>2026-08-01T09:57:16Z</time>
      </trkpt>
      <trkpt lat="44.174514" lon="7.226557">
        <ele>2386.2</ele>
        <time>2026-08-01T09:57:19Z</time>
      </trkpt>
      <trkpt lat="44.174519" lon="7.226547">
        <ele>2385.2</ele>
        <time>2026-08-01T09:57:24Z</time>
      </trkpt>
      <trkpt lat="44.17452" lon="7.226545">
        <ele>2385.2</ele>
        <time>2026-08-01T09:57:25Z</time>
      </trkpt>
      <trkpt lat="44.174525" lon="7.226527">
        <ele>2384.8</ele>
        <time>2026-08-01T09:57:31Z</time>
      </trkpt>
      <trkpt lat="44.174527" lon="7.226466">
        <ele>2385.2</ele>
        <time>2026-08-01T09:57:38Z</time>
      </trkpt>
      <trkpt lat="44.17455" lon="7.22638">
        <ele>2384.4</ele>
        <time>2026-08-01T09:57:47Z</time>
      </trkpt>
      <trkpt lat="44.174547" lon="7.226363">
        <ele>2384.0</ele>
        <time>2026-08-01T09:57:50Z</time>
      </trkpt>
      <trkpt lat="44.174533" lon="7.226358">
        <ele>2383.6</ele>
        <time>2026-08-01T09:57:54Z</time>
      </trkpt>
      <trkpt lat="44.174524" lon="7.226308">
        <ele>2382.8</ele>
        <time>2026-08-01T09:58:00Z</time>
      </trkpt>
      <trkpt lat="44.174525" lon="7.226297">
        <ele>2382.0</ele>
        <time>2026-08-01T09:58:02Z</time>
      </trkpt>
      <trkpt lat="44.174523" lon="7.226287">
        <ele>2381.8</ele>
        <time>2026-08-01T09:58:04Z</time>
      </trkpt>
      <trkpt lat="44.174526" lon="7.226226">
        <ele>2380.4</ele>
        <time>2026-08-01T09:58:10Z</time>
      </trkpt>
      <trkpt lat="44.174527" lon="7.226218">
        <ele>2380.2</ele>
        <time>2026-08-01T09:58:11Z</time>
      </trkpt>
      <trkpt lat="44.17453" lon="7.22616">
        <ele>2379.4</ele>
        <time>2026-08-01T09:58:15Z</time>
      </trkpt>
      <trkpt lat="44.174536" lon="7.226123">
        <ele>2379.4</ele>
        <time>2026-08-01T09:58:19Z</time>
      </trkpt>
      <trkpt lat="44.174567" lon="7.226031">
        <ele>2379.0</ele>
        <time>2026-08-01T09:58:27Z</time>
      </trkpt>
      <trkpt lat="44.174609" lon="7.225989">
        <ele>2379.6</ele>
        <time>2026-08-01T09:58:33Z</time>
      </trkpt>
      <trkpt lat="44.174662" lon="7.225959">
        <ele>2379.4</ele>
        <time>2026-08-01T09:58:41Z</time>
      </trkpt>
      <trkpt lat="44.174706" lon="7.225913">
        <ele>2380.2</ele>
        <time>2026-08-01T09:58:50Z</time>
      </trkpt>
      <trkpt lat="44.174754" lon="7.225864">
        <ele>2379.8</ele>
        <time>2026-08-01T09:58:58Z</time>
      </trkpt>
      <trkpt lat="44.174811" lon="7.225843">
        <ele>2379.8</ele>
        <time>2026-08-01T09:59:06Z</time>
      </trkpt>
      <trkpt lat="44.174851" lon="7.225826">
        <ele>2380.0</ele>
        <time>2026-08-01T09:59:11Z</time>
      </trkpt>
      <trkpt lat="44.174888" lon="7.225796">
        <ele>2380.0</ele>
        <time>2026-08-01T09:59:15Z</time>
      </trkpt>
      <trkpt lat="44.174926" lon="7.225789">
        <ele>2378.8</ele>
        <time>2026-08-01T09:59:22Z</time>
      </trkpt>
      <trkpt lat="44.174982" lon="7.225828">
        <ele>2378.6</ele>
        <time>2026-08-01T09:59:28Z</time>
      </trkpt>
      <trkpt lat="44.175039" lon="7.22581">
        <ele>2378.6</ele>
        <time>2026-08-01T09:59:33Z</time>
      </trkpt>
      <trkpt lat="44.1751" lon="7.225769">
        <ele>2378.4</ele>
        <time>2026-08-01T09:59:37Z</time>
      </trkpt>
      <trkpt lat="44.175112" lon="7.225758">
        <ele>2378.2</ele>
        <time>2026-08-01T09:59:39Z</time>
      </trkpt>
      <trkpt lat="44.175153" lon="7.225729">
        <ele>2377.8</ele>
        <time>2026-08-01T09:59:44Z</time>
      </trkpt>
      <trkpt lat="44.175173" lon="7.225719">
        <ele>2377.2</ele>
        <time>2026-08-01T09:59:47Z</time>
      </trkpt>
      <trkpt lat="44.175208" lon="7.225715">
        <ele>2377.0</ele>
        <time>2026-08-01T09:59:50Z</time>
      </trkpt>
      <trkpt lat="44.175212" lon="7.22572">
        <ele>2376.8</ele>
        <time>2026-08-01T09:59:52Z</time>
      </trkpt>
      <trkpt lat="44.175219" lon="7.225719">
        <ele>2376.6</ele>
        <time>2026-08-01T09:59:54Z</time>
      </trkpt>
      <trkpt lat="44.175219" lon="7.225714">
        <ele>2376.2</ele>
        <time>2026-08-01T09:59:56Z</time>
      </trkpt>
      <trkpt lat="44.17522" lon="7.225704">
        <ele>2375.2</ele>
        <time>2026-08-01T09:59:59Z</time>
      </trkpt>
      <trkpt lat="44.175243" lon="7.225669">
        <ele>2374.2</ele>
        <time>2026-08-01T10:00:03Z</time>
      </trkpt>
      <trkpt lat="44.175265" lon="7.225638">
        <ele>2373.6</ele>
        <time>2026-08-01T10:00:05Z</time>
      </trkpt>
      <trkpt lat="44.175287" lon="7.225605">
        <ele>2373.0</ele>
        <time>2026-08-01T10:00:08Z</time>
      </trkpt>
      <trkpt lat="44.17529" lon="7.225592">
        <ele>2371.8</ele>
        <time>2026-08-01T10:00:13Z</time>
      </trkpt>
      <trkpt lat="44.175338" lon="7.225526">
        <ele>2370.8</ele>
        <time>2026-08-01T10:00:21Z</time>
      </trkpt>
      <trkpt lat="44.175344" lon="7.225517">
        <ele>2370.4</ele>
        <time>2026-08-01T10:00:22Z</time>
      </trkpt>
      <trkpt lat="44.175382" lon="7.225492">
        <ele>2369.6</ele>
        <time>2026-08-01T10:00:25Z</time>
      </trkpt>
      <trkpt lat="44.175443" lon="7.22547">
        <ele>2368.6</ele>
        <time>2026-08-01T10:00:32Z</time>
      </trkpt>
      <trkpt lat="44.175446" lon="7.225467">
        <ele>2368.4</ele>
        <time>2026-08-01T10:00:33Z</time>
      </trkpt>
      <trkpt lat="44.17547" lon="7.225448">
        <ele>2367.4</ele>
        <time>2026-08-01T10:00:37Z</time>
      </trkpt>
      <trkpt lat="44.175485" lon="7.225443">
        <ele>2366.8</ele>
        <time>2026-08-01T10:00:40Z</time>
      </trkpt>
      <trkpt lat="44.175493" lon="7.225454">
        <ele>2366.4</ele>
        <time>2026-08-01T10:00:43Z</time>
      </trkpt>
      <trkpt lat="44.175493" lon="7.225468">
        <ele>2366.0</ele>
        <time>2026-08-01T10:00:45Z</time>
      </trkpt>
      <trkpt lat="44.175507" lon="7.225463">
        <ele>2365.8</ele>
        <time>2026-08-01T10:00:48Z</time>
      </trkpt>
      <trkpt lat="44.17553" lon="7.225454">
        <ele>2365.2</ele>
        <time>2026-08-01T10:00:51Z</time>
      </trkpt>
      <trkpt lat="44.17562" lon="7.22544">
        <ele>2364.2</ele>
        <time>2026-08-01T10:00:58Z</time>
      </trkpt>
      <trkpt lat="44.175698" lon="7.225378">
        <ele>2363.0</ele>
        <time>2026-08-01T10:01:05Z</time>
      </trkpt>
      <trkpt lat="44.175711" lon="7.225368">
        <ele>2363.0</ele>
        <time>2026-08-01T10:01:06Z</time>
      </trkpt>
      <trkpt lat="44.175776" lon="7.225319">
        <ele>2362.2</ele>
        <time>2026-08-01T10:01:12Z</time>
      </trkpt>
      <trkpt lat="44.175802" lon="7.225293">
        <ele>2362.6</ele>
        <time>2026-08-01T10:01:14Z</time>
      </trkpt>
      <trkpt lat="44.175815" lon="7.225271">
        <ele>2362.8</ele>
        <time>2026-08-01T10:01:16Z</time>
      </trkpt>
      <trkpt lat="44.175835" lon="7.22525">
        <ele>2363.4</ele>
        <time>2026-08-01T10:01:21Z</time>
      </trkpt>
      <trkpt lat="44.175858" lon="7.225272">
        <ele>2363.6</ele>
        <time>2026-08-01T10:01:27Z</time>
      </trkpt>
      <trkpt lat="44.17587" lon="7.225293">
        <ele>2363.6</ele>
        <time>2026-08-01T10:01:29Z</time>
      </trkpt>
      <trkpt lat="44.175894" lon="7.225264">
        <ele>2364.2</ele>
        <time>2026-08-01T10:01:34Z</time>
      </trkpt>
      <trkpt lat="44.175907" lon="7.22524">
        <ele>2364.4</ele>
        <time>2026-08-01T10:01:37Z</time>
      </trkpt>
      <trkpt lat="44.175897" lon="7.225237">
        <ele>2363.8</ele>
        <time>2026-08-01T10:01:44Z</time>
      </trkpt>
      <trkpt lat="44.175888" lon="7.225266">
        <ele>2364.0</ele>
        <time>2026-08-01T10:01:50Z</time>
      </trkpt>
      <trkpt lat="44.175886" lon="7.225267">
        <ele>2364.0</ele>
        <time>2026-08-01T10:01:51Z</time>
      </trkpt>
      <trkpt lat="44.175883" lon="7.225257">
        <ele>2364.0</ele>
        <time>2026-08-01T10:01:54Z</time>
      </trkpt>
      <trkpt lat="44.175853" lon="7.225229">
        <ele>2364.0</ele>
        <time>2026-08-01T10:02:00Z</time>
      </trkpt>
      <trkpt lat="44.175867" lon="7.225282">
        <ele>2364.8</ele>
        <time>2026-08-01T10:02:07Z</time>
      </trkpt>
      <trkpt lat="44.175927" lon="7.225271">
        <ele>2365.4</ele>
        <time>2026-08-01T10:02:12Z</time>
      </trkpt>
      <trkpt lat="44.175925" lon="7.225269">
        <ele>2365.4</ele>
        <time>2026-08-01T10:02:13Z</time>
      </trkpt>
      <trkpt lat="44.17591" lon="7.225256">
        <ele>2365.6</ele>
        <time>2026-08-01T10:02:16Z</time>
      </trkpt>
      <trkpt lat="44.175894" lon="7.225263">
        <ele>2365.8</ele>
        <time>2026-08-01T10:02:20Z</time>
      </trkpt>
      <trkpt lat="44.175867" lon="7.225229">
        <ele>2365.4</ele>
        <time>2026-08-01T10:02:29Z</time>
      </trkpt>
      <trkpt lat="44.175871" lon="7.225191">
        <ele>2365.8</ele>
        <time>2026-08-01T10:02:37Z</time>
      </trkpt>
      <trkpt lat="44.175874" lon="7.225188">
        <ele>2365.8</ele>
        <time>2026-08-01T10:02:46Z</time>
      </trkpt>
      <trkpt lat="44.175873" lon="7.225191">
        <ele>2365.8</ele>
        <time>2026-08-01T10:02:47Z</time>
      </trkpt>
      <trkpt lat="44.175902" lon="7.225213">
        <ele>2364.6</ele>
        <time>2026-08-01T10:02:53Z</time>
      </trkpt>
      <trkpt lat="44.175898" lon="7.225219">
        <ele>2364.4</ele>
        <time>2026-08-01T10:02:54Z</time>
      </trkpt>
      <trkpt lat="44.175895" lon="7.225221">
        <ele>2364.2</ele>
        <time>2026-08-01T10:02:55Z</time>
      </trkpt>
      <trkpt lat="44.175898" lon="7.225249">
        <ele>2364.0</ele>
        <time>2026-08-01T10:03:00Z</time>
      </trkpt>
      <trkpt lat="44.175937" lon="7.225264">
        <ele>2363.2</ele>
        <time>2026-08-01T10:03:06Z</time>
      </trkpt>
      <trkpt lat="44.175952" lon="7.225275">
        <ele>2363.0</ele>
        <time>2026-08-01T10:03:07Z</time>
      </trkpt>
      <trkpt lat="44.175998" lon="7.225287">
        <ele>2362.2</ele>
        <time>2026-08-01T10:03:11Z</time>
      </trkpt>
      <trkpt lat="44.176029" lon="7.225284">
        <ele>2361.4</ele>
        <time>2026-08-01T10:03:15Z</time>
      </trkpt>
      <trkpt lat="44.176035" lon="7.225273">
        <ele>2361.0</ele>
        <time>2026-08-01T10:03:18Z</time>
      </trkpt>
      <trkpt lat="44.176058" lon="7.225254">
        <ele>2360.6</ele>
        <time>2026-08-01T10:03:21Z</time>
      </trkpt>
      <trkpt lat="44.176106" lon="7.225243">
        <ele>2360.0</ele>
        <time>2026-08-01T10:03:24Z</time>
      </trkpt>
      <trkpt lat="44.176137" lon="7.225202">
        <ele>2359.6</ele>
        <time>2026-08-01T10:03:27Z</time>
      </trkpt>
      <trkpt lat="44.176169" lon="7.225156">
        <ele>2358.8</ele>
        <time>2026-08-01T10:03:31Z</time>
      </trkpt>
      <trkpt lat="44.176222" lon="7.225123">
        <ele>2357.6</ele>
        <time>2026-08-01T10:03:36Z</time>
      </trkpt>
      <trkpt lat="44.176385" lon="7.225455">
        <ele>2357.0</ele>
        <time>2026-08-01T10:03:43Z</time>
      </trkpt>
      <trkpt lat="44.176537" lon="7.225805">
        <ele>2356.4</ele>
        <time>2026-08-01T10:03:45Z</time>
      </trkpt>
      <trkpt lat="44.176854" lon="7.226473">
        <ele>2355.8</ele>
        <time>2026-08-01T10:03:50Z</time>
      </trkpt>
      <trkpt lat="44.176846" lon="7.226426">
        <ele>2356.2</ele>
        <time>2026-08-01T10:03:52Z</time>
      </trkpt>
      <trkpt lat="44.1771" lon="7.227016">
        <ele>2355.4</ele>
        <time>2026-08-01T10:03:58Z</time>
      </trkpt>
      <trkpt lat="44.177303" lon="7.227475">
        <ele>2354.8</ele>
        <time>2026-08-01T10:04:01Z</time>
      </trkpt>
      <trkpt lat="44.177397" lon="7.227699">
        <ele>2354.8</ele>
        <time>2026-08-01T10:04:03Z</time>
      </trkpt>
      <trkpt lat="44.177638" lon="7.22837">
        <ele>2355.4</ele>
        <time>2026-08-01T10:04:06Z</time>
      </trkpt>
      <trkpt lat="44.178708" lon="7.228152">
        <ele>2355.8</ele>
        <time>2026-08-01T10:04:10Z</time>
      </trkpt>
      <trkpt lat="44.17918" lon="7.227538">
        <ele>2355.8</ele>
        <time>2026-08-01T10:04:11Z</time>
      </trkpt>
      <trkpt lat="44.179965" lon="7.226753">
        <ele>2355.6</ele>
        <time>2026-08-01T10:04:12Z</time>
      </trkpt>
      <trkpt lat="44.181714" lon="7.224237">
        <ele>2355.6</ele>
        <time>2026-08-01T10:04:13Z</time>
      </trkpt>
      <trkpt lat="44.181742" lon="7.221921">
        <ele>2355.6</ele>
        <time>2026-08-01T10:04:14Z</time>
      </trkpt>
      <trkpt lat="44.181564" lon="7.223996">
        <ele>2355.2</ele>
        <time>2026-08-01T10:04:16Z</time>
      </trkpt>
      <trkpt lat="44.181552" lon="7.226052">
        <ele>2355.2</ele>
        <time>2026-08-01T10:04:18Z</time>
      </trkpt>
      <trkpt lat="44.181693" lon="7.226789">
        <ele>2355.2</ele>
        <time>2026-08-01T10:04:19Z</time>
      </trkpt>
      <trkpt lat="44.181831" lon="7.227222">
        <ele>2355.4</ele>
        <time>2026-08-01T10:04:20Z</time>
      </trkpt>
      <trkpt lat="44.181644" lon="7.226515">
        <ele>2355.4</ele>
        <time>2026-08-01T10:04:21Z</time>
      </trkpt>
      <trkpt lat="44.181311" lon="7.225352">
        <ele>2355.4</ele>
        <time>2026-08-01T10:04:22Z</time>
      </trkpt>
      <trkpt lat="44.181056" lon="7.225586">
        <ele>2355.4</ele>
        <time>2026-08-01T10:04:23Z</time>
      </trkpt>
      <trkpt lat="44.180841" lon="7.225823">
        <ele>2355.2</ele>
        <time>2026-08-01T10:04:24Z</time>
      </trkpt>
      <trkpt lat="44.180663" lon="7.22577">
        <ele>2355.2</ele>
        <time>2026-08-01T10:04:25Z</time>
      </trkpt>
      <trkpt lat="44.180591" lon="7.225758">
        <ele>2355.2</ele>
        <time>2026-08-01T10:04:26Z</time>
      </trkpt>
      <trkpt lat="44.180704" lon="7.22568">
        <ele>2355.0</ele>
        <time>2026-08-01T10:04:27Z</time>
      </trkpt>
      <trkpt lat="44.177195" lon="7.225268">
        <ele>2347.8</ele>
        <time>2026-08-01T10:05:32Z</time>
      </trkpt>
      <trkpt lat="44.177253" lon="7.225296">
        <ele>2347.4</ele>
        <time>2026-08-01T10:05:36Z</time>
      </trkpt>
      <trkpt lat="44.177272" lon="7.225293">
        <ele>2347.2</ele>
        <time>2026-08-01T10:05:38Z</time>
      </trkpt>
      <trkpt lat="44.177313" lon="7.22522">
        <ele>2347.0</ele>
        <time>2026-08-01T10:05:45Z</time>
      </trkpt>
      <trkpt lat="44.177352" lon="7.225193">
        <ele>2347.6</ele>
        <time>2026-08-01T10:05:50Z</time>
      </trkpt>
      <trkpt lat="44.177411" lon="7.225126">
        <ele>2347.6</ele>
        <time>2026-08-01T10:05:56Z</time>
      </trkpt>
      <trkpt lat="44.177482" lon="7.225075">
        <ele>2346.4</ele>
        <time>2026-08-01T10:06:02Z</time>
      </trkpt>
      <trkpt lat="44.177489" lon="7.225072">
        <ele>2346.2</ele>
        <time>2026-08-01T10:06:03Z</time>
      </trkpt>
      <trkpt lat="44.177506" lon="7.225064">
        <ele>2345.4</ele>
        <time>2026-08-01T10:06:06Z</time>
      </trkpt>
      <trkpt lat="44.177517" lon="7.225046">
        <ele>2344.4</ele>
        <time>2026-08-01T10:06:10Z</time>
      </trkpt>
      <trkpt lat="44.177521" lon="7.225035">
        <ele>2343.2</ele>
        <time>2026-08-01T10:06:14Z</time>
      </trkpt>
      <trkpt lat="44.17752" lon="7.22503">
        <ele>2342.8</ele>
        <time>2026-08-01T10:06:16Z</time>
      </trkpt>
      <trkpt lat="44.177522" lon="7.225037">
        <ele>2342.6</ele>
        <time>2026-08-01T10:06:17Z</time>
      </trkpt>
      <trkpt lat="44.177546" lon="7.225056">
        <ele>2342.2</ele>
        <time>2026-08-01T10:06:21Z</time>
      </trkpt>
      <trkpt lat="44.177544" lon="7.225091">
        <ele>2341.6</ele>
        <time>2026-08-01T10:06:24Z</time>
      </trkpt>
      <trkpt lat="44.177545" lon="7.225117">
        <ele>2341.0</ele>
        <time>2026-08-01T10:06:26Z</time>
      </trkpt>
      <trkpt lat="44.177541" lon="7.225169">
        <ele>2340.0</ele>
        <time>2026-08-01T10:06:30Z</time>
      </trkpt>
      <trkpt lat="44.177537" lon="7.225191">
        <ele>2339.6</ele>
        <time>2026-08-01T10:06:32Z</time>
      </trkpt>
      <trkpt lat="44.177528" lon="7.225228">
        <ele>2339.0</ele>
        <time>2026-08-01T10:06:36Z</time>
      </trkpt>
      <trkpt lat="44.177525" lon="7.225235">
        <ele>2338.8</ele>
        <time>2026-08-01T10:06:37Z</time>
      </trkpt>
      <trkpt lat="44.177525" lon="7.22524">
        <ele>2338.4</ele>
        <time>2026-08-01T10:06:40Z</time>
      </trkpt>
      <trkpt lat="44.177531" lon="7.225235">
        <ele>2337.8</ele>
        <time>2026-08-01T10:06:42Z</time>
      </trkpt>
      <trkpt lat="44.177547" lon="7.225217">
        <ele>2336.8</ele>
        <time>2026-08-01T10:06:45Z</time>
      </trkpt>
      <trkpt lat="44.177574" lon="7.22519">
        <ele>2336.0</ele>
        <time>2026-08-01T10:06:49Z</time>
      </trkpt>
      <trkpt lat="44.177585" lon="7.225175">
        <ele>2335.6</ele>
        <time>2026-08-01T10:06:51Z</time>
      </trkpt>
      <trkpt lat="44.177615" lon="7.225138">
        <ele>2334.4</ele>
        <time>2026-08-01T10:06:56Z</time>
      </trkpt>
      <trkpt lat="44.177622" lon="7.22513">
        <ele>2334.0</ele>
        <time>2026-08-01T10:06:57Z</time>
      </trkpt>
      <trkpt lat="44.177634" lon="7.225135">
        <ele>2333.2</ele>
        <time>2026-08-01T10:07:00Z</time>
      </trkpt>
      <trkpt lat="44.177666" lon="7.225124">
        <ele>2332.6</ele>
        <time>2026-08-01T10:07:04Z</time>
      </trkpt>
      <trkpt lat="44.177684" lon="7.225126">
        <ele>2332.2</ele>
        <time>2026-08-01T10:07:06Z</time>
      </trkpt>
      <trkpt lat="44.177684" lon="7.225182">
        <ele>2331.2</ele>
        <time>2026-08-01T10:07:11Z</time>
      </trkpt>
      <trkpt lat="44.177682" lon="7.225191">
        <ele>2331.0</ele>
        <time>2026-08-01T10:07:12Z</time>
      </trkpt>
      <trkpt lat="44.17766" lon="7.225275">
        <ele>2330.0</ele>
        <time>2026-08-01T10:07:19Z</time>
      </trkpt>
      <trkpt lat="44.177652" lon="7.225305">
        <ele>2329.6</ele>
        <time>2026-08-01T10:07:21Z</time>
      </trkpt>
      <trkpt lat="44.177643" lon="7.22533">
        <ele>2328.8</ele>
        <time>2026-08-01T10:07:24Z</time>
      </trkpt>
      <trkpt lat="44.177637" lon="7.225357">
        <ele>2327.8</ele>
        <time>2026-08-01T10:07:29Z</time>
      </trkpt>
      <trkpt lat="44.177645" lon="7.225364">
        <ele>2327.4</ele>
        <time>2026-08-01T10:07:32Z</time>
      </trkpt>
      <trkpt lat="44.177648" lon="7.225358">
        <ele>2327.4</ele>
        <time>2026-08-01T10:07:33Z</time>
      </trkpt>
      <trkpt lat="44.177654" lon="7.22535">
        <ele>2326.8</ele>
        <time>2026-08-01T10:07:35Z</time>
      </trkpt>
      <trkpt lat="44.177662" lon="7.225341">
        <ele>2326.0</ele>
        <time>2026-08-01T10:07:37Z</time>
      </trkpt>
      <trkpt lat="44.177668" lon="7.225335">
        <ele>2325.8</ele>
        <time>2026-08-01T10:07:38Z</time>
      </trkpt>
      <trkpt lat="44.177691" lon="7.225319">
        <ele>2324.8</ele>
        <time>2026-08-01T10:07:43Z</time>
      </trkpt>
      <trkpt lat="44.177716" lon="7.225305">
        <ele>2323.6</ele>
        <time>2026-08-01T10:07:47Z</time>
      </trkpt>
      <trkpt lat="44.177785" lon="7.225262">
        <ele>2322.6</ele>
        <time>2026-08-01T10:07:55Z</time>
      </trkpt>
      <trkpt lat="44.177782" lon="7.225243">
        <ele>2321.8</ele>
        <time>2026-08-01T10:08:01Z</time>
      </trkpt>
      <trkpt lat="44.177788" lon="7.225235">
        <ele>2321.4</ele>
        <time>2026-08-01T10:08:03Z</time>
      </trkpt>
      <trkpt lat="44.177802" lon="7.225224">
        <ele>2320.2</ele>
        <time>2026-08-01T10:08:07Z</time>
      </trkpt>
      <trkpt lat="44.177814" lon="7.225194">
        <ele>2319.4</ele>
        <time>2026-08-01T10:08:10Z</time>
      </trkpt>
      <trkpt lat="44.177819" lon="7.225185">
        <ele>2319.0</ele>
        <time>2026-08-01T10:08:11Z</time>
      </trkpt>
      <trkpt lat="44.177845" lon="7.225157">
        <ele>2317.8</ele>
        <time>2026-08-01T10:08:15Z</time>
      </trkpt>
      <trkpt lat="44.177863" lon="7.225143">
        <ele>2317.2</ele>
        <time>2026-08-01T10:08:17Z</time>
      </trkpt>
      <trkpt lat="44.177897" lon="7.225121">
        <ele>2316.8</ele>
        <time>2026-08-01T10:08:20Z</time>
      </trkpt>
      <trkpt lat="44.177929" lon="7.225108">
        <ele>2315.8</ele>
        <time>2026-08-01T10:08:25Z</time>
      </trkpt>
      <trkpt lat="44.177932" lon="7.22511">
        <ele>2315.6</ele>
        <time>2026-08-01T10:08:26Z</time>
      </trkpt>
      <trkpt lat="44.177979" lon="7.225087">
        <ele>2315.0</ele>
        <time>2026-08-01T10:08:32Z</time>
      </trkpt>
      <trkpt lat="44.177989" lon="7.225081">
        <ele>2314.8</ele>
        <time>2026-08-01T10:08:33Z</time>
      </trkpt>
      <trkpt lat="44.177998" lon="7.225076">
        <ele>2314.6</ele>
        <time>2026-08-01T10:08:34Z</time>
      </trkpt>
      <trkpt lat="44.178076" lon="7.225062">
        <ele>2313.4</ele>
        <time>2026-08-01T10:08:40Z</time>
      </trkpt>
      <trkpt lat="44.178087" lon="7.225063">
        <ele>2313.2</ele>
        <time>2026-08-01T10:08:41Z</time>
      </trkpt>
      <trkpt lat="44.178136" lon="7.225063">
        <ele>2312.4</ele>
        <time>2026-08-01T10:08:46Z</time>
      </trkpt>
      <trkpt lat="44.178144" lon="7.225051">
        <ele>2312.0</ele>
        <time>2026-08-01T10:08:49Z</time>
      </trkpt>
      <trkpt lat="44.178091" lon="7.225083">
        <ele>2311.8</ele>
        <time>2026-08-01T10:08:56Z</time>
      </trkpt>
      <trkpt lat="44.178147" lon="7.225077">
        <ele>2311.2</ele>
        <time>2026-08-01T10:09:01Z</time>
      </trkpt>
      <trkpt lat="44.178158" lon="7.225076">
        <ele>2311.0</ele>
        <time>2026-08-01T10:09:02Z</time>
      </trkpt>
      <trkpt lat="44.178195" lon="7.225062">
        <ele>2310.0</ele>
        <time>2026-08-01T10:09:05Z</time>
      </trkpt>
      <trkpt lat="44.17822" lon="7.225038">
        <ele>2308.8</ele>
        <time>2026-08-01T10:09:09Z</time>
      </trkpt>
      <trkpt lat="44.178225" lon="7.225031">
        <ele>2308.6</ele>
        <time>2026-08-01T10:09:10Z</time>
      </trkpt>
      <trkpt lat="44.178249" lon="7.225025">
        <ele>2307.6</ele>
        <time>2026-08-01T10:09:13Z</time>
      </trkpt>
      <trkpt lat="44.178232" lon="7.225053">
        <ele>2307.0</ele>
        <time>2026-08-01T10:09:16Z</time>
      </trkpt>
      <trkpt lat="44.178203" lon="7.225108">
        <ele>2306.6</ele>
        <time>2026-08-01T10:09:23Z</time>
      </trkpt>
      <trkpt lat="44.178192" lon="7.225129">
        <ele>2306.0</ele>
        <time>2026-08-01T10:09:25Z</time>
      </trkpt>
      <trkpt lat="44.178166" lon="7.225193">
        <ele>2305.6</ele>
        <time>2026-08-01T10:09:31Z</time>
      </trkpt>
      <trkpt lat="44.178186" lon="7.225178">
        <ele>2305.4</ele>
        <time>2026-08-01T10:09:33Z</time>
      </trkpt>
      <trkpt lat="44.178226" lon="7.22515">
        <ele>2304.4</ele>
        <time>2026-08-01T10:09:38Z</time>
      </trkpt>
      <trkpt lat="44.178268" lon="7.225124">
        <ele>2303.2</ele>
        <time>2026-08-01T10:09:44Z</time>
      </trkpt>
      <trkpt lat="44.178315" lon="7.225121">
        <ele>2302.2</ele>
        <time>2026-08-01T10:09:48Z</time>
      </trkpt>
      <trkpt lat="44.178331" lon="7.22513">
        <ele>2301.0</ele>
        <time>2026-08-01T10:09:51Z</time>
      </trkpt>
      <trkpt lat="44.178342" lon="7.225128">
        <ele>2300.6</ele>
        <time>2026-08-01T10:09:53Z</time>
      </trkpt>
      <trkpt lat="44.178356" lon="7.225123">
        <ele>2300.0</ele>
        <time>2026-08-01T10:09:55Z</time>
      </trkpt>
      <trkpt lat="44.178375" lon="7.225101">
        <ele>2299.0</ele>
        <time>2026-08-01T10:09:59Z</time>
      </trkpt>
      <trkpt lat="44.178393" lon="7.225089">
        <ele>2298.2</ele>
        <time>2026-08-01T10:10:02Z</time>
      </trkpt>
      <trkpt lat="44.178411" lon="7.225083">
        <ele>2297.8</ele>
        <time>2026-08-01T10:10:04Z</time>
      </trkpt>
      <trkpt lat="44.178422" lon="7.225099">
        <ele>2296.8</ele>
        <time>2026-08-01T10:10:08Z</time>
      </trkpt>
      <trkpt lat="44.17842" lon="7.225111">
        <ele>2296.4</ele>
        <time>2026-08-01T10:10:09Z</time>
      </trkpt>
      <trkpt lat="44.178382" lon="7.225207">
        <ele>2296.0</ele>
        <time>2026-08-01T10:10:17Z</time>
      </trkpt>
      <trkpt lat="44.178362" lon="7.225243">
        <ele>2295.6</ele>
        <time>2026-08-01T10:10:21Z</time>
      </trkpt>
      <trkpt lat="44.178353" lon="7.225257">
        <ele>2295.4</ele>
        <time>2026-08-01T10:10:23Z</time>
      </trkpt>
      <trkpt lat="44.178337" lon="7.225289">
        <ele>2294.4</ele>
        <time>2026-08-01T10:10:27Z</time>
      </trkpt>
      <trkpt lat="44.178339" lon="7.225297">
        <ele>2294.0</ele>
        <time>2026-08-01T10:10:30Z</time>
      </trkpt>
      <trkpt lat="44.17837" lon="7.225299">
        <ele>2293.4</ele>
        <time>2026-08-01T10:10:36Z</time>
      </trkpt>
      <trkpt lat="44.178376" lon="7.225298">
        <ele>2293.2</ele>
        <time>2026-08-01T10:10:37Z</time>
      </trkpt>
      <trkpt lat="44.1784" lon="7.225283">
        <ele>2292.2</ele>
        <time>2026-08-01T10:10:40Z</time>
      </trkpt>
      <trkpt lat="44.17843" lon="7.225268">
        <ele>2291.4</ele>
        <time>2026-08-01T10:10:44Z</time>
      </trkpt>
      <trkpt lat="44.178439" lon="7.225263">
        <ele>2291.2</ele>
        <time>2026-08-01T10:10:46Z</time>
      </trkpt>
      <trkpt lat="44.178456" lon="7.225258">
        <ele>2290.6</ele>
        <time>2026-08-01T10:10:48Z</time>
      </trkpt>
      <trkpt lat="44.178479" lon="7.225251">
        <ele>2290.2</ele>
        <time>2026-08-01T10:10:50Z</time>
      </trkpt>
      <trkpt lat="44.178488" lon="7.225248">
        <ele>2290.0</ele>
        <time>2026-08-01T10:10:51Z</time>
      </trkpt>
      <trkpt lat="44.178508" lon="7.225242">
        <ele>2289.6</ele>
        <time>2026-08-01T10:10:53Z</time>
      </trkpt>
      <trkpt lat="44.178537" lon="7.225221">
        <ele>2288.8</ele>
        <time>2026-08-01T10:10:57Z</time>
      </trkpt>
      <trkpt lat="44.17855" lon="7.225187">
        <ele>2288.0</ele>
        <time>2026-08-01T10:11:01Z</time>
      </trkpt>
      <trkpt lat="44.178567" lon="7.225127">
        <ele>2287.8</ele>
        <time>2026-08-01T10:11:06Z</time>
      </trkpt>
      <trkpt lat="44.178576" lon="7.225104">
        <ele>2287.4</ele>
        <time>2026-08-01T10:11:09Z</time>
      </trkpt>
      <trkpt lat="44.178582" lon="7.225092">
        <ele>2286.8</ele>
        <time>2026-08-01T10:11:13Z</time>
      </trkpt>
      <trkpt lat="44.178591" lon="7.225083">
        <ele>2285.8</ele>
        <time>2026-08-01T10:11:16Z</time>
      </trkpt>
      <trkpt lat="44.178595" lon="7.225074">
        <ele>2285.6</ele>
        <time>2026-08-01T10:11:17Z</time>
      </trkpt>
      <trkpt lat="44.178616" lon="7.225094">
        <ele>2285.4</ele>
        <time>2026-08-01T10:11:23Z</time>
      </trkpt>
      <trkpt lat="44.178606" lon="7.225128">
        <ele>2284.6</ele>
        <time>2026-08-01T10:11:27Z</time>
      </trkpt>
      <trkpt lat="44.178589" lon="7.225146">
        <ele>2284.0</ele>
        <time>2026-08-01T10:11:31Z</time>
      </trkpt>
      <trkpt lat="44.178577" lon="7.225168">
        <ele>2283.4</ele>
        <time>2026-08-01T10:11:34Z</time>
      </trkpt>
      <trkpt lat="44.178557" lon="7.225213">
        <ele>2282.6</ele>
        <time>2026-08-01T10:11:39Z</time>
      </trkpt>
      <trkpt lat="44.178552" lon="7.225222">
        <ele>2282.4</ele>
        <time>2026-08-01T10:11:40Z</time>
      </trkpt>
      <trkpt lat="44.178546" lon="7.225236">
        <ele>2281.8</ele>
        <time>2026-08-01T10:11:42Z</time>
      </trkpt>
      <trkpt lat="44.178538" lon="7.225286">
        <ele>2281.2</ele>
        <time>2026-08-01T10:11:46Z</time>
      </trkpt>
      <trkpt lat="44.178526" lon="7.225353">
        <ele>2280.4</ele>
        <time>2026-08-01T10:11:49Z</time>
      </trkpt>
      <trkpt lat="44.1785" lon="7.225447">
        <ele>2280.0</ele>
        <time>2026-08-01T10:11:51Z</time>
      </trkpt>
      <trkpt lat="44.178481" lon="7.225544">
        <ele>2279.6</ele>
        <time>2026-08-01T10:11:57Z</time>
      </trkpt>
      <trkpt lat="44.178516" lon="7.225474">
        <ele>2278.8</ele>
        <time>2026-08-01T10:12:02Z</time>
      </trkpt>
      <trkpt lat="44.178524" lon="7.225457">
        <ele>2278.6</ele>
        <time>2026-08-01T10:12:03Z</time>
      </trkpt>
      <trkpt lat="44.178552" lon="7.225411">
        <ele>2277.6</ele>
        <time>2026-08-01T10:12:06Z</time>
      </trkpt>
      <trkpt lat="44.178583" lon="7.225389">
        <ele>2277.2</ele>
        <time>2026-08-01T10:12:08Z</time>
      </trkpt>
      <trkpt lat="44.178596" lon="7.225387">
        <ele>2276.6</ele>
        <time>2026-08-01T10:12:10Z</time>
      </trkpt>
      <trkpt lat="44.178611" lon="7.225383">
        <ele>2276.0</ele>
        <time>2026-08-01T10:12:13Z</time>
      </trkpt>
      <trkpt lat="44.178631" lon="7.225365">
        <ele>2275.4</ele>
        <time>2026-08-01T10:12:18Z</time>
      </trkpt>
      <trkpt lat="44.17866" lon="7.225317">
        <ele>2274.6</ele>
        <time>2026-08-01T10:12:23Z</time>
      </trkpt>
      <trkpt lat="44.178658" lon="7.225316">
        <ele>2274.4</ele>
        <time>2026-08-01T10:12:24Z</time>
      </trkpt>
      <trkpt lat="44.178651" lon="7.225311">
        <ele>2274.2</ele>
        <time>2026-08-01T10:12:30Z</time>
      </trkpt>
      <trkpt lat="44.178666" lon="7.225291">
        <ele>2273.4</ele>
        <time>2026-08-01T10:12:34Z</time>
      </trkpt>
      <trkpt lat="44.178663" lon="7.225292">
        <ele>2272.8</ele>
        <time>2026-08-01T10:12:36Z</time>
      </trkpt>
      <trkpt lat="44.178671" lon="7.225299">
        <ele>2272.2</ele>
        <time>2026-08-01T10:12:38Z</time>
      </trkpt>
      <trkpt lat="44.178679" lon="7.225292">
        <ele>2271.4</ele>
        <time>2026-08-01T10:12:42Z</time>
      </trkpt>
      <trkpt lat="44.178682" lon="7.225287">
        <ele>2271.2</ele>
        <time>2026-08-01T10:12:43Z</time>
      </trkpt>
      <trkpt lat="44.178716" lon="7.225259">
        <ele>2270.8</ele>
        <time>2026-08-01T10:12:48Z</time>
      </trkpt>
      <trkpt lat="44.178776" lon="7.225196">
        <ele>2270.2</ele>
        <time>2026-08-01T10:12:54Z</time>
      </trkpt>
      <trkpt lat="44.178785" lon="7.225178">
        <ele>2270.0</ele>
        <time>2026-08-01T10:12:55Z</time>
      </trkpt>
      <trkpt lat="44.178818" lon="7.225104">
        <ele>2268.8</ele>
        <time>2026-08-01T10:13:00Z</time>
      </trkpt>
      <trkpt lat="44.178845" lon="7.225073">
        <ele>2267.8</ele>
        <time>2026-08-01T10:13:05Z</time>
      </trkpt>
      <trkpt lat="44.178845" lon="7.225066">
        <ele>2267.6</ele>
        <time>2026-08-01T10:13:06Z</time>
      </trkpt>
      <trkpt lat="44.178877" lon="7.225056">
        <ele>2266.6</ele>
        <time>2026-08-01T10:13:10Z</time>
      </trkpt>
      <trkpt lat="44.178881" lon="7.225056">
        <ele>2266.4</ele>
        <time>2026-08-01T10:13:11Z</time>
      </trkpt>
      <trkpt lat="44.178897" lon="7.225061">
        <ele>2265.6</ele>
        <time>2026-08-01T10:13:16Z</time>
      </trkpt>
      <trkpt lat="44.178938" lon="7.225055">
        <ele>2265.4</ele>
        <time>2026-08-01T10:13:20Z</time>
      </trkpt>
      <trkpt lat="44.178948" lon="7.225058">
        <ele>2265.0</ele>
        <time>2026-08-01T10:13:22Z</time>
      </trkpt>
      <trkpt lat="44.178994" lon="7.225053">
        <ele>2264.4</ele>
        <time>2026-08-01T10:13:28Z</time>
      </trkpt>
      <trkpt lat="44.178998" lon="7.22505">
        <ele>2264.4</ele>
        <time>2026-08-01T10:13:29Z</time>
      </trkpt>
      <trkpt lat="44.179091" lon="7.225022">
        <ele>2264.4</ele>
        <time>2026-08-01T10:13:37Z</time>
      </trkpt>
      <trkpt lat="44.179125" lon="7.225008">
        <ele>2265.4</ele>
        <time>2026-08-01T10:13:42Z</time>
      </trkpt>
      <trkpt lat="44.179156" lon="7.224996">
        <ele>2266.2</ele>
        <time>2026-08-01T10:13:45Z</time>
      </trkpt>
      <trkpt lat="44.179168" lon="7.224992">
        <ele>2266.6</ele>
        <time>2026-08-01T10:13:46Z</time>
      </trkpt>
      <trkpt lat="44.179254" lon="7.224929">
        <ele>2267.4</ele>
        <time>2026-08-01T10:13:52Z</time>
      </trkpt>
      <trkpt lat="44.179266" lon="7.22492">
        <ele>2267.6</ele>
        <time>2026-08-01T10:13:53Z</time>
      </trkpt>
      <trkpt lat="44.179289" lon="7.224929">
        <ele>2268.4</ele>
        <time>2026-08-01T10:13:55Z</time>
      </trkpt>
      <trkpt lat="44.179322" lon="7.224926">
        <ele>2268.8</ele>
        <time>2026-08-01T10:13:57Z</time>
      </trkpt>
      <trkpt lat="44.179298" lon="7.224933">
        <ele>2269.2</ele>
        <time>2026-08-01T10:14:01Z</time>
      </trkpt>
      <trkpt lat="44.179315" lon="7.2249">
        <ele>2269.2</ele>
        <time>2026-08-01T10:14:02Z</time>
      </trkpt>
      <trkpt lat="44.179348" lon="7.224825">
        <ele>2269.6</ele>
        <time>2026-08-01T10:14:05Z</time>
      </trkpt>
      <trkpt lat="44.179355" lon="7.224822">
        <ele>2269.8</ele>
        <time>2026-08-01T10:14:06Z</time>
      </trkpt>
      <trkpt lat="44.179362" lon="7.224814">
        <ele>2270.0</ele>
        <time>2026-08-01T10:14:07Z</time>
      </trkpt>
      <trkpt lat="44.179406" lon="7.224744">
        <ele>2270.4</ele>
        <time>2026-08-01T10:14:12Z</time>
      </trkpt>
      <trkpt lat="44.179411" lon="7.22474">
        <ele>2270.4</ele>
        <time>2026-08-01T10:14:13Z</time>
      </trkpt>
      <trkpt lat="44.179437" lon="7.224737">
        <ele>2270.2</ele>
        <time>2026-08-01T10:14:18Z</time>
      </trkpt>
      <trkpt lat="44.179448" lon="7.224738">
        <ele>2270.4</ele>
        <time>2026-08-01T10:14:19Z</time>
      </trkpt>
      <trkpt lat="44.179478" lon="7.224742">
        <ele>2271.0</ele>
        <time>2026-08-01T10:14:21Z</time>
      </trkpt>
      <trkpt lat="44.179498" lon="7.224769">
        <ele>2271.6</ele>
        <time>2026-08-01T10:14:24Z</time>
      </trkpt>
      <trkpt lat="44.179556" lon="7.224798">
        <ele>2271.4</ele>
        <time>2026-08-01T10:14:29Z</time>
      </trkpt>
      <trkpt lat="44.179668" lon="7.22479">
        <ele>2270.2</ele>
        <time>2026-08-01T10:14:36Z</time>
      </trkpt>
      <trkpt lat="44.179697" lon="7.22478">
        <ele>2270.0</ele>
        <time>2026-08-01T10:14:38Z</time>
      </trkpt>
      <trkpt lat="44.179713" lon="7.224784">
        <ele>2269.0</ele>
        <time>2026-08-01T10:14:43Z</time>
      </trkpt>
      <trkpt lat="44.179701" lon="7.224787">
        <ele>2268.8</ele>
        <time>2026-08-01T10:14:44Z</time>
      </trkpt>
      <trkpt lat="44.179724" lon="7.224745">
        <ele>2268.8</ele>
        <time>2026-08-01T10:14:47Z</time>
      </trkpt>
      <trkpt lat="44.179722" lon="7.224739">
        <ele>2268.8</ele>
        <time>2026-08-01T10:15:03Z</time>
      </trkpt>
      <trkpt lat="44.179761" lon="7.224726">
        <ele>2268.8</ele>
        <time>2026-08-01T10:15:09Z</time>
      </trkpt>
      <trkpt lat="44.179762" lon="7.224746">
        <ele>2268.8</ele>
        <time>2026-08-01T10:15:11Z</time>
      </trkpt>
      <trkpt lat="44.179756" lon="7.224753">
        <ele>2268.8</ele>
        <time>2026-08-01T10:15:12Z</time>
      </trkpt>
      <trkpt lat="44.179727" lon="7.224784">
        <ele>2269.2</ele>
        <time>2026-08-01T10:15:19Z</time>
      </trkpt>
      <trkpt lat="44.179696" lon="7.224807">
        <ele>2269.4</ele>
        <time>2026-08-01T10:15:26Z</time>
      </trkpt>
      <trkpt lat="44.179709" lon="7.224767">
        <ele>2269.0</ele>
        <time>2026-08-01T10:15:31Z</time>
      </trkpt>
      <trkpt lat="44.179712" lon="7.22476">
        <ele>2269.0</ele>
        <time>2026-08-01T10:15:33Z</time>
      </trkpt>
      <trkpt lat="44.179712" lon="7.224756">
        <ele>2268.8</ele>
        <time>2026-08-01T10:15:37Z</time>
      </trkpt>
      <trkpt lat="44.179732" lon="7.22475">
        <ele>2268.8</ele>
        <time>2026-08-01T10:15:48Z</time>
      </trkpt>
      <trkpt lat="44.179743" lon="7.224721">
        <ele>2268.4</ele>
        <time>2026-08-01T10:15:54Z</time>
      </trkpt>
      <trkpt lat="44.179773" lon="7.224704">
        <ele>2268.8</ele>
        <time>2026-08-01T10:15:57Z</time>
      </trkpt>
      <trkpt lat="44.179767" lon="7.224707">
        <ele>2269.0</ele>
        <time>2026-08-01T10:15:59Z</time>
      </trkpt>
      <trkpt lat="44.17978" lon="7.224695">
        <ele>2269.4</ele>
        <time>2026-08-01T10:16:07Z</time>
      </trkpt>
      <trkpt lat="44.179769" lon="7.224743">
        <ele>2269.6</ele>
        <time>2026-08-01T10:16:15Z</time>
      </trkpt>
      <trkpt lat="44.179754" lon="7.224761">
        <ele>2270.0</ele>
        <time>2026-08-01T10:16:21Z</time>
      </trkpt>
      <trkpt lat="44.179734" lon="7.224799">
        <ele>2270.2</ele>
        <time>2026-08-01T10:16:23Z</time>
      </trkpt>
      <trkpt lat="44.179704" lon="7.224775">
        <ele>2270.0</ele>
        <time>2026-08-01T10:16:29Z</time>
      </trkpt>
      <trkpt lat="44.179674" lon="7.22478">
        <ele>2269.6</ele>
        <time>2026-08-01T10:16:36Z</time>
      </trkpt>
      <trkpt lat="44.179678" lon="7.224795">
        <ele>2268.8</ele>
        <time>2026-08-01T10:16:40Z</time>
      </trkpt>
      <trkpt lat="44.179704" lon="7.224762">
        <ele>2268.0</ele>
        <time>2026-08-01T10:16:45Z</time>
      </trkpt>
      <trkpt lat="44.179712" lon="7.224741">
        <ele>2267.8</ele>
        <time>2026-08-01T10:16:48Z</time>
      </trkpt>
      <trkpt lat="44.179711" lon="7.224765">
        <ele>2267.8</ele>
        <time>2026-08-01T10:16:52Z</time>
      </trkpt>
      <trkpt lat="44.179713" lon="7.224804">
        <ele>2268.2</ele>
        <time>2026-08-01T10:16:59Z</time>
      </trkpt>
      <trkpt lat="44.179716" lon="7.22481">
        <ele>2268.8</ele>
        <time>2026-08-01T10:17:04Z</time>
      </trkpt>
      <trkpt lat="44.179716" lon="7.224803">
        <ele>2268.8</ele>
        <time>2026-08-01T10:17:05Z</time>
      </trkpt>
      <trkpt lat="44.179724" lon="7.224778">
        <ele>2269.0</ele>
        <time>2026-08-01T10:17:07Z</time>
      </trkpt>
      <trkpt lat="44.179723" lon="7.22476">
        <ele>2269.8</ele>
        <time>2026-08-01T10:17:11Z</time>
      </trkpt>
      <trkpt lat="44.179707" lon="7.224748">
        <ele>2271.0</ele>
        <time>2026-08-01T10:17:14Z</time>
      </trkpt>
      <trkpt lat="44.17973" lon="7.224719">
        <ele>2271.6</ele>
        <time>2026-08-01T10:17:20Z</time>
      </trkpt>
      <trkpt lat="44.179775" lon="7.224722">
        <ele>2271.8</ele>
        <time>2026-08-01T10:17:28Z</time>
      </trkpt>
      <trkpt lat="44.179764" lon="7.224684">
        <ele>2271.6</ele>
        <time>2026-08-01T10:17:31Z</time>
      </trkpt>
      <trkpt lat="44.179737" lon="7.224708">
        <ele>2271.4</ele>
        <time>2026-08-01T10:17:34Z</time>
      </trkpt>
      <trkpt lat="44.179684" lon="7.224772">
        <ele>2271.2</ele>
        <time>2026-08-01T10:17:41Z</time>
      </trkpt>
      <trkpt lat="44.179674" lon="7.224773">
        <ele>2270.6</ele>
        <time>2026-08-01T10:17:48Z</time>
      </trkpt>
      <trkpt lat="44.179706" lon="7.224761">
        <ele>2270.4</ele>
        <time>2026-08-01T10:17:51Z</time>
      </trkpt>
      <trkpt lat="44.179742" lon="7.224745">
        <ele>2270.2</ele>
        <time>2026-08-01T10:17:54Z</time>
      </trkpt>
      <trkpt lat="44.179744" lon="7.224763">
        <ele>2270.0</ele>
        <time>2026-08-01T10:17:58Z</time>
      </trkpt>
      <trkpt lat="44.179747" lon="7.224755">
        <ele>2269.8</ele>
        <time>2026-08-01T10:18:00Z</time>
      </trkpt>
      <trkpt lat="44.179766" lon="7.224758">
        <ele>2269.8</ele>
        <time>2026-08-01T10:18:02Z</time>
      </trkpt>
      <trkpt lat="44.17975" lon="7.224763">
        <ele>2268.8</ele>
        <time>2026-08-01T10:18:09Z</time>
      </trkpt>
      <trkpt lat="44.179741" lon="7.224771">
        <ele>2268.6</ele>
        <time>2026-08-01T10:18:10Z</time>
      </trkpt>
      <trkpt lat="44.179726" lon="7.224779">
        <ele>2268.0</ele>
        <time>2026-08-01T10:18:17Z</time>
      </trkpt>
      <trkpt lat="44.179763" lon="7.224733">
        <ele>2270.0</ele>
        <time>2026-08-01T10:18:23Z</time>
      </trkpt>
      <trkpt lat="44.179761" lon="7.224724">
        <ele>2269.8</ele>
        <time>2026-08-01T10:18:24Z</time>
      </trkpt>
      <trkpt lat="44.179765" lon="7.224715">
        <ele>2269.8</ele>
        <time>2026-08-01T10:18:25Z</time>
      </trkpt>
      <trkpt lat="44.179749" lon="7.22469">
        <ele>2268.8</ele>
        <time>2026-08-01T10:18:28Z</time>
      </trkpt>
      <trkpt lat="44.179701" lon="7.224674">
        <ele>2268.8</ele>
        <time>2026-08-01T10:18:31Z</time>
      </trkpt>
      <trkpt lat="44.179674" lon="7.224697">
        <ele>2269.2</ele>
        <time>2026-08-01T10:18:36Z</time>
      </trkpt>
      <trkpt lat="44.179676" lon="7.224686">
        <ele>2267.8</ele>
        <time>2026-08-01T10:18:41Z</time>
      </trkpt>
      <trkpt lat="44.179668" lon="7.224694">
        <ele>2267.6</ele>
        <time>2026-08-01T10:18:42Z</time>
      </trkpt>
      <trkpt lat="44.179662" lon="7.224686">
        <ele>2267.4</ele>
        <time>2026-08-01T10:18:44Z</time>
      </trkpt>
      <trkpt lat="44.17965" lon="7.224711">
        <ele>2266.6</ele>
        <time>2026-08-01T10:18:50Z</time>
      </trkpt>
      <trkpt lat="44.179655" lon="7.224699">
        <ele>2266.4</ele>
        <time>2026-08-01T10:18:51Z</time>
      </trkpt>
      <trkpt lat="44.179671" lon="7.224687">
        <ele>2266.4</ele>
        <time>2026-08-01T10:18:54Z</time>
      </trkpt>
      <trkpt lat="44.179691" lon="7.224689">
        <ele>2266.4</ele>
        <time>2026-08-01T10:18:57Z</time>
      </trkpt>
      <trkpt lat="44.179714" lon="7.224689">
        <ele>2266.2</ele>
        <time>2026-08-01T10:19:03Z</time>
      </trkpt>
      <trkpt lat="44.17972" lon="7.224688">
        <ele>2265.8</ele>
        <time>2026-08-01T10:19:05Z</time>
      </trkpt>
      <trkpt lat="44.179725" lon="7.224687">
        <ele>2265.4</ele>
        <time>2026-08-01T10:19:08Z</time>
      </trkpt>
      <trkpt lat="44.179725" lon="7.224691">
        <ele>2265.4</ele>
        <time>2026-08-01T10:19:09Z</time>
      </trkpt>
      <trkpt lat="44.179726" lon="7.224698">
        <ele>2265.2</ele>
        <time>2026-08-01T10:19:11Z</time>
      </trkpt>
      <trkpt lat="44.179708" lon="7.224722">
        <ele>2264.8</ele>
        <time>2026-08-01T10:19:17Z</time>
      </trkpt>
      <trkpt lat="44.179702" lon="7.224741">
        <ele>2264.4</ele>
        <time>2026-08-01T10:19:22Z</time>
      </trkpt>
      <trkpt lat="44.179699" lon="7.224735">
        <ele>2264.4</ele>
        <time>2026-08-01T10:19:23Z</time>
      </trkpt>
      <trkpt lat="44.17963" lon="7.22474">
        <ele>2265.4</ele>
        <time>2026-08-01T10:19:28Z</time>
      </trkpt>
      <trkpt lat="44.179626" lon="7.224739">
        <ele>2265.4</ele>
        <time>2026-08-01T10:19:29Z</time>
      </trkpt>
      <trkpt lat="44.179606" lon="7.224775">
        <ele>2264.4</ele>
        <time>2026-08-01T10:19:35Z</time>
      </trkpt>
      <trkpt lat="44.17961" lon="7.224781">
        <ele>2264.4</ele>
        <time>2026-08-01T10:19:36Z</time>
      </trkpt>
      <trkpt lat="44.179604" lon="7.224779">
        <ele>2263.8</ele>
        <time>2026-08-01T10:19:41Z</time>
      </trkpt>
      <trkpt lat="44.179614" lon="7.224783">
        <ele>2263.4</ele>
        <time>2026-08-01T10:19:46Z</time>
      </trkpt>
      <trkpt lat="44.179611" lon="7.224784">
        <ele>2263.0</ele>
        <time>2026-08-01T10:19:47Z</time>
      </trkpt>
      <trkpt lat="44.17963" lon="7.224796">
        <ele>2262.2</ele>
        <time>2026-08-01T10:19:50Z</time>
      </trkpt>
      <trkpt lat="44.179643" lon="7.224837">
        <ele>2262.0</ele>
        <time>2026-08-01T10:19:53Z</time>
      </trkpt>
      <trkpt lat="44.179616" lon="7.225019">
        <ele>2261.8</ele>
        <time>2026-08-01T10:19:59Z</time>
      </trkpt>
      <trkpt lat="44.179201" lon="7.224961">
        <ele>2262.0</ele>
        <time>2026-08-01T10:20:05Z</time>
      </trkpt>
      <trkpt lat="44.178962" lon="7.225223">
        <ele>2261.0</ele>
        <time>2026-08-01T10:20:14Z</time>
      </trkpt>
      <trkpt lat="44.179019" lon="7.225225">
        <ele>2260.6</ele>
        <time>2026-08-01T10:20:20Z</time>
      </trkpt>
      <trkpt lat="44.179006" lon="7.225216">
        <ele>2260.6</ele>
        <time>2026-08-01T10:20:21Z</time>
      </trkpt>
      <trkpt lat="44.178978" lon="7.225165">
        <ele>2260.8</ele>
        <time>2026-08-01T10:20:25Z</time>
      </trkpt>
      <trkpt lat="44.178961" lon="7.225128">
        <ele>2261.0</ele>
        <time>2026-08-01T10:20:27Z</time>
      </trkpt>
      <trkpt lat="44.178676" lon="7.227977">
        <ele>2259.2</ele>
        <time>2026-08-01T10:20:58Z</time>
      </trkpt>
      <trkpt lat="44.178661" lon="7.228048">
        <ele>2260.0</ele>
        <time>2026-08-01T10:21:05Z</time>
      </trkpt>
      <trkpt lat="44.178694" lon="7.228029">
        <ele>2261.2</ele>
        <time>2026-08-01T10:21:10Z</time>
      </trkpt>
      <trkpt lat="44.178671" lon="7.228119">
        <ele>2262.4</ele>
        <time>2026-08-01T10:21:17Z</time>
      </trkpt>
      <trkpt lat="44.178659" lon="7.228136">
        <ele>2262.6</ele>
        <time>2026-08-01T10:21:18Z</time>
      </trkpt>
      <trkpt lat="44.178607" lon="7.228208">
        <ele>2263.6</ele>
        <time>2026-08-01T10:21:24Z</time>
      </trkpt>
      <trkpt lat="44.178602" lon="7.228223">
        <ele>2263.8</ele>
        <time>2026-08-01T10:21:25Z</time>
      </trkpt>
      <trkpt lat="44.178536" lon="7.228341">
        <ele>2264.6</ele>
        <time>2026-08-01T10:21:32Z</time>
      </trkpt>
      <trkpt lat="44.178523" lon="7.22836">
        <ele>2264.2</ele>
        <time>2026-08-01T10:21:37Z</time>
      </trkpt>
      <trkpt lat="44.178534" lon="7.228332">
        <ele>2263.6</ele>
        <time>2026-08-01T10:21:40Z</time>
      </trkpt>
      <trkpt lat="44.178544" lon="7.228309">
        <ele>2263.4</ele>
        <time>2026-08-01T10:21:42Z</time>
      </trkpt>
      <trkpt lat="44.178557" lon="7.228207">
        <ele>2263.6</ele>
        <time>2026-08-01T10:21:45Z</time>
      </trkpt>
      <trkpt lat="44.178561" lon="7.228141">
        <ele>2263.6</ele>
        <time>2026-08-01T10:21:47Z</time>
      </trkpt>
      <trkpt lat="44.178575" lon="7.228136">
        <ele>2264.0</ele>
        <time>2026-08-01T10:21:55Z</time>
      </trkpt>
      <trkpt lat="44.178575" lon="7.228134">
        <ele>2264.2</ele>
        <time>2026-08-01T10:21:57Z</time>
      </trkpt>
      <trkpt lat="44.178569" lon="7.228128">
        <ele>2264.6</ele>
        <time>2026-08-01T10:22:03Z</time>
      </trkpt>
      <trkpt lat="44.178566" lon="7.228113">
        <ele>2265.0</ele>
        <time>2026-08-01T10:22:04Z</time>
      </trkpt>
      <trkpt lat="44.178554" lon="7.228094">
        <ele>2266.0</ele>
        <time>2026-08-01T10:22:07Z</time>
      </trkpt>
      <trkpt lat="44.178534" lon="7.228018">
        <ele>2265.2</ele>
        <time>2026-08-01T10:22:10Z</time>
      </trkpt>
      <trkpt lat="44.178529" lon="7.22802">
        <ele>2264.8</ele>
        <time>2026-08-01T10:22:11Z</time>
      </trkpt>
      <trkpt lat="44.178522" lon="7.22801">
        <ele>2263.6</ele>
        <time>2026-08-01T10:22:14Z</time>
      </trkpt>
      <trkpt lat="44.178525" lon="7.227982">
        <ele>2263.0</ele>
        <time>2026-08-01T10:22:17Z</time>
      </trkpt>
      <trkpt lat="44.178534" lon="7.227993">
        <ele>2262.6</ele>
        <time>2026-08-01T10:22:19Z</time>
      </trkpt>
      <trkpt lat="44.178532" lon="7.227977">
        <ele>2261.6</ele>
        <time>2026-08-01T10:22:25Z</time>
      </trkpt>
      <trkpt lat="44.178523" lon="7.227981">
        <ele>2260.8</ele>
        <time>2026-08-01T10:22:33Z</time>
      </trkpt>
      <trkpt lat="44.178522" lon="7.227991">
        <ele>2260.6</ele>
        <time>2026-08-01T10:22:34Z</time>
      </trkpt>
      <trkpt lat="44.178542" lon="7.22801">
        <ele>2260.2</ele>
        <time>2026-08-01T10:22:39Z</time>
      </trkpt>
      <trkpt lat="44.17854" lon="7.227984">
        <ele>2260.0</ele>
        <time>2026-08-01T10:22:40Z</time>
      </trkpt>
      <trkpt lat="44.178535" lon="7.227981">
        <ele>2260.0</ele>
        <time>2026-08-01T10:22:43Z</time>
      </trkpt>
      <trkpt lat="44.17854" lon="7.227976">
        <ele>2260.6</ele>
        <time>2026-08-01T10:22:45Z</time>
      </trkpt>
      <trkpt lat="44.178542" lon="7.228003">
        <ele>2261.0</ele>
        <time>2026-08-01T10:22:46Z</time>
      </trkpt>
      <trkpt lat="44.17856" lon="7.22802">
        <ele>2262.0</ele>
        <time>2026-08-01T10:22:48Z</time>
      </trkpt>
      <trkpt lat="44.178583" lon="7.228029">
        <ele>2262.4</ele>
        <time>2026-08-01T10:22:50Z</time>
      </trkpt>
      <trkpt lat="44.178591" lon="7.227998">
        <ele>2262.4</ele>
        <time>2026-08-01T10:22:54Z</time>
      </trkpt>
      <trkpt lat="44.178619" lon="7.228011">
        <ele>2262.4</ele>
        <time>2026-08-01T10:22:55Z</time>
      </trkpt>
      <trkpt lat="44.178628" lon="7.228027">
        <ele>2262.4</ele>
        <time>2026-08-01T10:22:56Z</time>
      </trkpt>
      <trkpt lat="44.178668" lon="7.228081">
        <ele>2261.8</ele>
        <time>2026-08-01T10:23:02Z</time>
      </trkpt>
      <trkpt lat="44.178653" lon="7.228089">
        <ele>2261.4</ele>
        <time>2026-08-01T10:23:10Z</time>
      </trkpt>
      <trkpt lat="44.17865" lon="7.228068">
        <ele>2260.8</ele>
        <time>2026-08-01T10:23:14Z</time>
      </trkpt>
      <trkpt lat="44.17865" lon="7.22807">
        <ele>2260.8</ele>
        <time>2026-08-01T10:23:15Z</time>
      </trkpt>
      <trkpt lat="44.17867" lon="7.228046">
        <ele>2260.4</ele>
        <time>2026-08-01T10:23:19Z</time>
      </trkpt>
      <trkpt lat="44.178725" lon="7.228013">
        <ele>2259.8</ele>
        <time>2026-08-01T10:23:23Z</time>
      </trkpt>
      <trkpt lat="44.17874" lon="7.228008">
        <ele>2259.8</ele>
        <time>2026-08-01T10:23:24Z</time>
      </trkpt>
      <trkpt lat="44.178828" lon="7.228015">
        <ele>2259.2</ele>
        <time>2026-08-01T10:23:32Z</time>
      </trkpt>
      <trkpt lat="44.178853" lon="7.228019">
        <ele>2258.8</ele>
        <time>2026-08-01T10:23:34Z</time>
      </trkpt>
      <trkpt lat="44.178903" lon="7.228034">
        <ele>2257.6</ele>
        <time>2026-08-01T10:23:39Z</time>
      </trkpt>
      <trkpt lat="44.17891" lon="7.228031">
        <ele>2256.6</ele>
        <time>2026-08-01T10:23:43Z</time>
      </trkpt>
      <trkpt lat="44.178903" lon="7.22803">
        <ele>2256.4</ele>
        <time>2026-08-01T10:23:44Z</time>
      </trkpt>
      <trkpt lat="44.180968" lon="7.22761">
        <ele>2264.6</ele>
        <time>2026-08-01T10:24:54Z</time>
      </trkpt>
      <trkpt lat="44.18112" lon="7.227402">
        <ele>2264.6</ele>
        <time>2026-08-01T10:24:55Z</time>
      </trkpt>
      <trkpt lat="44.181235" lon="7.227286">
        <ele>2264.8</ele>
        <time>2026-08-01T10:24:56Z</time>
      </trkpt>
      <trkpt lat="44.181269" lon="7.227306">
        <ele>2265.6</ele>
        <time>2026-08-01T10:25:01Z</time>
      </trkpt>
      <trkpt lat="44.181264" lon="7.227308">
        <ele>2265.8</ele>
        <time>2026-08-01T10:25:02Z</time>
      </trkpt>
      <trkpt lat="44.181207" lon="7.227368">
        <ele>2266.6</ele>
        <time>2026-08-01T10:25:07Z</time>
      </trkpt>
      <trkpt lat="44.18115" lon="7.227381">
        <ele>2266.0</ele>
        <time>2026-08-01T10:25:15Z</time>
      </trkpt>
      <trkpt lat="44.181117" lon="7.227447">
        <ele>2266.0</ele>
        <time>2026-08-01T10:25:22Z</time>
      </trkpt>
      <trkpt lat="44.181156" lon="7.22749">
        <ele>2265.6</ele>
        <time>2026-08-01T10:25:29Z</time>
      </trkpt>
      <trkpt lat="44.181201" lon="7.227498">
        <ele>2265.8</ele>
        <time>2026-08-01T10:25:34Z</time>
      </trkpt>
      <trkpt lat="44.181298" lon="7.227482">
        <ele>2266.0</ele>
        <time>2026-08-01T10:25:41Z</time>
      </trkpt>
      <trkpt lat="44.181398" lon="7.227433">
        <ele>2266.0</ele>
        <time>2026-08-01T10:25:47Z</time>
      </trkpt>
      <trkpt lat="44.181502" lon="7.227354">
        <ele>2266.4</ele>
        <time>2026-08-01T10:25:53Z</time>
      </trkpt>
      <trkpt lat="44.181644" lon="7.227272">
        <ele>2266.8</ele>
        <time>2026-08-01T10:26:00Z</time>
      </trkpt>
      <trkpt lat="44.181745" lon="7.227203">
        <ele>2267.0</ele>
        <time>2026-08-01T10:26:05Z</time>
      </trkpt>
      <trkpt lat="44.181769" lon="7.227185">
        <ele>2267.2</ele>
        <time>2026-08-01T10:26:06Z</time>
      </trkpt>
      <trkpt lat="44.181893" lon="7.227063">
        <ele>2267.8</ele>
        <time>2026-08-01T10:26:12Z</time>
      </trkpt>
      <trkpt lat="44.181925" lon="7.227018">
        <ele>2268.0</ele>
        <time>2026-08-01T10:26:16Z</time>
      </trkpt>
      <trkpt lat="44.181944" lon="7.226973">
        <ele>2268.2</ele>
        <time>2026-08-01T10:26:18Z</time>
      </trkpt>
      <trkpt lat="44.182004" lon="7.226913">
        <ele>2268.2</ele>
        <time>2026-08-01T10:26:25Z</time>
      </trkpt>
      <trkpt lat="44.182056" lon="7.226859">
        <ele>2268.4</ele>
        <time>2026-08-01T10:26:31Z</time>
      </trkpt>
      <trkpt lat="44.182109" lon="7.226864">
        <ele>2268.4</ele>
        <time>2026-08-01T10:26:36Z</time>
      </trkpt>
      <trkpt lat="44.182156" lon="7.226841">
        <ele>2268.0</ele>
        <time>2026-08-01T10:26:42Z</time>
      </trkpt>
      <trkpt lat="44.182209" lon="7.226839">
        <ele>2267.4</ele>
        <time>2026-08-01T10:26:46Z</time>
      </trkpt>
      <trkpt lat="44.182267" lon="7.226821">
        <ele>2267.0</ele>
        <time>2026-08-01T10:26:49Z</time>
      </trkpt>
      <trkpt lat="44.182277" lon="7.226799">
        <ele>2267.0</ele>
        <time>2026-08-01T10:26:50Z</time>
      </trkpt>
      <trkpt lat="44.182354" lon="7.226783">
        <ele>2266.6</ele>
        <time>2026-08-01T10:26:56Z</time>
      </trkpt>
      <trkpt lat="44.182376" lon="7.226725">
        <ele>2266.0</ele>
        <time>2026-08-01T10:26:59Z</time>
      </trkpt>
      <trkpt lat="44.182402" lon="7.226703">
        <ele>2265.0</ele>
        <time>2026-08-01T10:27:02Z</time>
      </trkpt>
      <trkpt lat="44.182421" lon="7.226706">
        <ele>2264.8</ele>
        <time>2026-08-01T10:27:04Z</time>
      </trkpt>
      <trkpt lat="44.182441" lon="7.226701">
        <ele>2264.2</ele>
        <time>2026-08-01T10:27:08Z</time>
      </trkpt>
      <trkpt lat="44.182447" lon="7.226707">
        <ele>2264.4</ele>
        <time>2026-08-01T10:27:11Z</time>
      </trkpt>
      <trkpt lat="44.182451" lon="7.226689">
        <ele>2264.6</ele>
        <time>2026-08-01T10:27:14Z</time>
      </trkpt>
      <trkpt lat="44.182489" lon="7.22667">
        <ele>2263.8</ele>
        <time>2026-08-01T10:27:19Z</time>
      </trkpt>
      <trkpt lat="44.182514" lon="7.22666">
        <ele>2262.8</ele>
        <time>2026-08-01T10:27:23Z</time>
      </trkpt>
      <trkpt lat="44.182542" lon="7.226637">
        <ele>2262.2</ele>
        <time>2026-08-01T10:27:26Z</time>
      </trkpt>
      <trkpt lat="44.182568" lon="7.226644">
        <ele>2261.6</ele>
        <time>2026-08-01T10:27:29Z</time>
      </trkpt>
      <trkpt lat="44.182597" lon="7.226641">
        <ele>2260.8</ele>
        <time>2026-08-01T10:27:33Z</time>
      </trkpt>
      <trkpt lat="44.182603" lon="7.226562">
        <ele>2260.4</ele>
        <time>2026-08-01T10:27:35Z</time>
      </trkpt>
      <trkpt lat="44.18259" lon="7.226406">
        <ele>2259.8</ele>
        <time>2026-08-01T10:27:38Z</time>
      </trkpt>
      <trkpt lat="44.182572" lon="7.226323">
        <ele>2259.4</ele>
        <time>2026-08-01T10:27:41Z</time>
      </trkpt>
      <trkpt lat="44.182535" lon="7.226221">
        <ele>2258.8</ele>
        <time>2026-08-01T10:27:44Z</time>
      </trkpt>
      <trkpt lat="44.182378" lon="7.225696">
        <ele>2257.4</ele>
        <time>2026-08-01T10:27:52Z</time>
      </trkpt>
      <trkpt lat="44.182378" lon="7.225651">
        <ele>2257.4</ele>
        <time>2026-08-01T10:27:53Z</time>
      </trkpt>
      <trkpt lat="44.18237" lon="7.225559">
        <ele>2257.0</ele>
        <time>2026-08-01T10:27:55Z</time>
      </trkpt>
      <trkpt lat="44.182347" lon="7.225488">
        <ele>2256.8</ele>
        <time>2026-08-01T10:27:57Z</time>
      </trkpt>
      <trkpt lat="44.182312" lon="7.225447">
        <ele>2256.8</ele>
        <time>2026-08-01T10:27:58Z</time>
      </trkpt>
      <trkpt lat="44.182272" lon="7.225371">
        <ele>2256.6</ele>
        <time>2026-08-01T10:28:00Z</time>
      </trkpt>
      <trkpt lat="44.182164" lon="7.225211">
        <ele>2256.6</ele>
        <time>2026-08-01T10:28:04Z</time>
      </trkpt>
      <trkpt lat="44.182159" lon="7.225093">
        <ele>2256.6</ele>
        <time>2026-08-01T10:28:06Z</time>
      </trkpt>
      <trkpt lat="44.182163" lon="7.22495">
        <ele>2256.6</ele>
        <time>2026-08-01T10:28:09Z</time>
      </trkpt>
      <trkpt lat="44.1821" lon="7.224794">
        <ele>2257.6</ele>
        <time>2026-08-01T10:28:16Z</time>
      </trkpt>
      <trkpt lat="44.182089" lon="7.224731">
        <ele>2258.4</ele>
        <time>2026-08-01T10:28:18Z</time>
      </trkpt>
      <trkpt lat="44.182083" lon="7.22468">
        <ele>2258.8</ele>
        <time>2026-08-01T10:28:19Z</time>
      </trkpt>
      <trkpt lat="44.182086" lon="7.224583">
        <ele>2259.8</ele>
        <time>2026-08-01T10:28:21Z</time>
      </trkpt>
      <trkpt lat="44.182095" lon="7.224511">
        <ele>2260.6</ele>
        <time>2026-08-01T10:28:23Z</time>
      </trkpt>
      <trkpt lat="44.182104" lon="7.224474">
        <ele>2261.0</ele>
        <time>2026-08-01T10:28:24Z</time>
      </trkpt>
      <trkpt lat="44.182132" lon="7.224332">
        <ele>2261.8</ele>
        <time>2026-08-01T10:28:28Z</time>
      </trkpt>
      <trkpt lat="44.182133" lon="7.224264">
        <ele>2261.8</ele>
        <time>2026-08-01T10:28:30Z</time>
      </trkpt>
      <trkpt lat="44.182137" lon="7.224224">
        <ele>2262.0</ele>
        <time>2026-08-01T10:28:31Z</time>
      </trkpt>
      <trkpt lat="44.182178" lon="7.224079">
        <ele>2262.0</ele>
        <time>2026-08-01T10:28:34Z</time>
      </trkpt>
      <trkpt lat="44.182209" lon="7.22399">
        <ele>2262.0</ele>
        <time>2026-08-01T10:28:36Z</time>
      </trkpt>
      <trkpt lat="44.182279" lon="7.223854">
        <ele>2262.0</ele>
        <time>2026-08-01T10:28:43Z</time>
      </trkpt>
      <trkpt lat="44.182318" lon="7.223767">
        <ele>2261.6</ele>
        <time>2026-08-01T10:28:49Z</time>
      </trkpt>
      <trkpt lat="44.182349" lon="7.223708">
        <ele>2261.0</ele>
        <time>2026-08-01T10:28:55Z</time>
      </trkpt>
      <trkpt lat="44.182407" lon="7.223637">
        <ele>2260.4</ele>
        <time>2026-08-01T10:29:03Z</time>
      </trkpt>
      <trkpt lat="44.182475" lon="7.223592">
        <ele>2261.6</ele>
        <time>2026-08-01T10:29:12Z</time>
      </trkpt>
      <trkpt lat="44.182497" lon="7.223575">
        <ele>2261.8</ele>
        <time>2026-08-01T10:29:14Z</time>
      </trkpt>
      <trkpt lat="44.18253" lon="7.223545">
        <ele>2261.6</ele>
        <time>2026-08-01T10:29:17Z</time>
      </trkpt>
      <trkpt lat="44.182602" lon="7.223489">
        <ele>2261.4</ele>
        <time>2026-08-01T10:29:24Z</time>
      </trkpt>
      <trkpt lat="44.18269" lon="7.223485">
        <ele>2261.6</ele>
        <time>2026-08-01T10:29:32Z</time>
      </trkpt>
      <trkpt lat="44.182762" lon="7.223454">
        <ele>2262.0</ele>
        <time>2026-08-01T10:29:40Z</time>
      </trkpt>
      <trkpt lat="44.182824" lon="7.223439">
        <ele>2261.6</ele>
        <time>2026-08-01T10:29:47Z</time>
      </trkpt>
      <trkpt lat="44.182878" lon="7.223405">
        <ele>2261.4</ele>
        <time>2026-08-01T10:29:54Z</time>
      </trkpt>
      <trkpt lat="44.182935" lon="7.223371">
        <ele>2261.6</ele>
        <time>2026-08-01T10:30:01Z</time>
      </trkpt>
      <trkpt lat="44.182968" lon="7.223325">
        <ele>2262.0</ele>
        <time>2026-08-01T10:30:05Z</time>
      </trkpt>
      <trkpt lat="44.182972" lon="7.223292">
        <ele>2263.4</ele>
        <time>2026-08-01T10:30:08Z</time>
      </trkpt>
      <trkpt lat="44.182977" lon="7.223277">
        <ele>2264.8</ele>
        <time>2026-08-01T10:30:11Z</time>
      </trkpt>
      <trkpt lat="44.182984" lon="7.223248">
        <ele>2263.4</ele>
        <time>2026-08-01T10:30:14Z</time>
      </trkpt>
      <trkpt lat="44.182984" lon="7.2232">
        <ele>2263.4</ele>
        <time>2026-08-01T10:30:18Z</time>
      </trkpt>
      <trkpt lat="44.182984" lon="7.223173">
        <ele>2264.6</ele>
        <time>2026-08-01T10:30:21Z</time>
      </trkpt>
      <trkpt lat="44.182984" lon="7.223149">
        <ele>2265.6</ele>
        <time>2026-08-01T10:30:25Z</time>
      </trkpt>
      <trkpt lat="44.182978" lon="7.223111">
        <ele>2266.6</ele>
        <time>2026-08-01T10:30:28Z</time>
      </trkpt>
      <trkpt lat="44.182978" lon="7.223076">
        <ele>2267.6</ele>
        <time>2026-08-01T10:30:32Z</time>
      </trkpt>
      <trkpt lat="44.182979" lon="7.223062">
        <ele>2267.6</ele>
        <time>2026-08-01T10:30:34Z</time>
      </trkpt>
      <trkpt lat="44.183002" lon="7.222997">
        <ele>2266.6</ele>
        <time>2026-08-01T10:30:41Z</time>
      </trkpt>
      <trkpt lat="44.183006" lon="7.222984">
        <ele>2266.6</ele>
        <time>2026-08-01T10:30:42Z</time>
      </trkpt>
      <trkpt lat="44.183028" lon="7.222868">
        <ele>2266.8</ele>
        <time>2026-08-01T10:30:50Z</time>
      </trkpt>
      <trkpt lat="44.183034" lon="7.222775">
        <ele>2266.4</ele>
        <time>2026-08-01T10:30:58Z</time>
      </trkpt>
      <trkpt lat="44.183071" lon="7.2227">
        <ele>2266.4</ele>
        <time>2026-08-01T10:31:07Z</time>
      </trkpt>
      <trkpt lat="44.183126" lon="7.222628">
        <ele>2266.4</ele>
        <time>2026-08-01T10:31:14Z</time>
      </trkpt>
      <trkpt lat="44.183134" lon="7.222619">
        <ele>2266.2</ele>
        <time>2026-08-01T10:31:16Z</time>
      </trkpt>
      <trkpt lat="44.183153" lon="7.222576">
        <ele>2265.4</ele>
        <time>2026-08-01T10:31:25Z</time>
      </trkpt>
      <trkpt lat="44.183158" lon="7.222568">
        <ele>2264.4</ele>
        <time>2026-08-01T10:31:27Z</time>
      </trkpt>
      <trkpt lat="44.183161" lon="7.222565">
        <ele>2264.0</ele>
        <time>2026-08-01T10:31:28Z</time>
      </trkpt>
      <trkpt lat="44.183168" lon="7.22256">
        <ele>2263.4</ele>
        <time>2026-08-01T10:31:29Z</time>
      </trkpt>
      <trkpt lat="44.183173" lon="7.222552">
        <ele>2263.0</ele>
        <time>2026-08-01T10:31:30Z</time>
      </trkpt>
      <trkpt lat="44.18318" lon="7.222541">
        <ele>2262.4</ele>
        <time>2026-08-01T10:31:32Z</time>
      </trkpt>
      <trkpt lat="44.183239" lon="7.222482">
        <ele>2261.4</ele>
        <time>2026-08-01T10:31:41Z</time>
      </trkpt>
      <trkpt lat="44.183242" lon="7.222478">
        <ele>2261.2</ele>
        <time>2026-08-01T10:31:42Z</time>
      </trkpt>
      <trkpt lat="44.183257" lon="7.222446">
        <ele>2260.2</ele>
        <time>2026-08-01T10:31:50Z</time>
      </trkpt>
      <trkpt lat="44.183262" lon="7.222444">
        <ele>2259.8</ele>
        <time>2026-08-01T10:31:51Z</time>
      </trkpt>
      <trkpt lat="44.183268" lon="7.222435">
        <ele>2259.0</ele>
        <time>2026-08-01T10:31:53Z</time>
      </trkpt>
      <trkpt lat="44.183285" lon="7.222416">
        <ele>2257.8</ele>
        <time>2026-08-01T10:31:56Z</time>
      </trkpt>
      <trkpt lat="44.183305" lon="7.222396">
        <ele>2256.8</ele>
        <time>2026-08-01T10:32:00Z</time>
      </trkpt>
      <trkpt lat="44.183345" lon="7.22232">
        <ele>2256.4</ele>
        <time>2026-08-01T10:32:09Z</time>
      </trkpt>
      <trkpt lat="44.183354" lon="7.222267">
        <ele>2258.2</ele>
        <time>2026-08-01T10:32:14Z</time>
      </trkpt>
      <trkpt lat="44.183362" lon="7.222231">
        <ele>2259.2</ele>
        <time>2026-08-01T10:32:17Z</time>
      </trkpt>
      <trkpt lat="44.183367" lon="7.222209">
        <ele>2259.8</ele>
        <time>2026-08-01T10:32:19Z</time>
      </trkpt>
      <trkpt lat="44.183376" lon="7.22217">
        <ele>2260.4</ele>
        <time>2026-08-01T10:32:22Z</time>
      </trkpt>
      <trkpt lat="44.1834" lon="7.222102">
        <ele>2260.2</ele>
        <time>2026-08-01T10:32:28Z</time>
      </trkpt>
      <trkpt lat="44.183459" lon="7.222038">
        <ele>2259.4</ele>
        <time>2026-08-01T10:32:36Z</time>
      </trkpt>
      <trkpt lat="44.183467" lon="7.222028">
        <ele>2259.2</ele>
        <time>2026-08-01T10:32:37Z</time>
      </trkpt>
      <trkpt lat="44.183483" lon="7.221991">
        <ele>2258.0</ele>
        <time>2026-08-01T10:32:41Z</time>
      </trkpt>
      <trkpt lat="44.183498" lon="7.221943">
        <ele>2257.4</ele>
        <time>2026-08-01T10:32:44Z</time>
      </trkpt>
      <trkpt lat="44.183503" lon="7.221917">
        <ele>2256.8</ele>
        <time>2026-08-01T10:32:46Z</time>
      </trkpt>
      <trkpt lat="44.183505" lon="7.22189">
        <ele>2256.4</ele>
        <time>2026-08-01T10:32:49Z</time>
      </trkpt>
      <trkpt lat="44.183516" lon="7.221868">
        <ele>2255.8</ele>
        <time>2026-08-01T10:32:52Z</time>
      </trkpt>
      <trkpt lat="44.183525" lon="7.221838">
        <ele>2255.4</ele>
        <time>2026-08-01T10:32:55Z</time>
      </trkpt>
      <trkpt lat="44.183562" lon="7.221774">
        <ele>2254.8</ele>
        <time>2026-08-01T10:33:00Z</time>
      </trkpt>
      <trkpt lat="44.183578" lon="7.221736">
        <ele>2254.6</ele>
        <time>2026-08-01T10:33:03Z</time>
      </trkpt>
      <trkpt lat="44.183585" lon="7.22164">
        <ele>2255.4</ele>
        <time>2026-08-01T10:33:11Z</time>
      </trkpt>
      <trkpt lat="44.183585" lon="7.221633">
        <ele>2255.8</ele>
        <time>2026-08-01T10:33:12Z</time>
      </trkpt>
      <trkpt lat="44.183581" lon="7.221588">
        <ele>2257.0</ele>
        <time>2026-08-01T10:33:16Z</time>
      </trkpt>
      <trkpt lat="44.18358" lon="7.221565">
        <ele>2257.2</ele>
        <time>2026-08-01T10:33:18Z</time>
      </trkpt>
      <trkpt lat="44.183595" lon="7.221523">
        <ele>2258.0</ele>
        <time>2026-08-01T10:33:23Z</time>
      </trkpt>
      <trkpt lat="44.183605" lon="7.221472">
        <ele>2258.4</ele>
        <time>2026-08-01T10:33:27Z</time>
      </trkpt>
      <trkpt lat="44.183582" lon="7.221431">
        <ele>2258.6</ele>
        <time>2026-08-01T10:33:34Z</time>
      </trkpt>
      <trkpt lat="44.183571" lon="7.221447">
        <ele>2259.0</ele>
        <time>2026-08-01T10:33:36Z</time>
      </trkpt>
      <trkpt lat="44.183539" lon="7.2215">
        <ele>2260.0</ele>
        <time>2026-08-01T10:33:41Z</time>
      </trkpt>
      <trkpt lat="44.183513" lon="7.22154">
        <ele>2261.2</ele>
        <time>2026-08-01T10:33:45Z</time>
      </trkpt>
      <trkpt lat="44.183495" lon="7.221561">
        <ele>2261.4</ele>
        <time>2026-08-01T10:33:49Z</time>
      </trkpt>
      <trkpt lat="44.183473" lon="7.221597">
        <ele>2262.0</ele>
        <time>2026-08-01T10:33:54Z</time>
      </trkpt>
      <trkpt lat="44.183472" lon="7.2216">
        <ele>2262.2</ele>
        <time>2026-08-01T10:33:55Z</time>
      </trkpt>
      <trkpt lat="44.183468" lon="7.221603">
        <ele>2262.2</ele>
        <time>2026-08-01T10:33:56Z</time>
      </trkpt>
      <trkpt lat="44.183437" lon="7.221579">
        <ele>2262.0</ele>
        <time>2026-08-01T10:34:04Z</time>
      </trkpt>
      <trkpt lat="44.183431" lon="7.221512">
        <ele>2262.4</ele>
        <time>2026-08-01T10:34:13Z</time>
      </trkpt>
      <trkpt lat="44.183422" lon="7.221436">
        <ele>2262.8</ele>
        <time>2026-08-01T10:34:22Z</time>
      </trkpt>
      <trkpt lat="44.183441" lon="7.221389">
        <ele>2263.2</ele>
        <time>2026-08-01T10:34:28Z</time>
      </trkpt>
      <trkpt lat="44.183459" lon="7.221365">
        <ele>2263.4</ele>
        <time>2026-08-01T10:34:31Z</time>
      </trkpt>
      <trkpt lat="44.183524" lon="7.22128">
        <ele>2263.8</ele>
        <time>2026-08-01T10:34:40Z</time>
      </trkpt>
      <trkpt lat="44.183535" lon="7.221267">
        <ele>2264.0</ele>
        <time>2026-08-01T10:34:47Z</time>
      </trkpt>
      <trkpt lat="44.18352" lon="7.22128">
        <ele>2263.8</ele>
        <time>2026-08-01T10:34:50Z</time>
      </trkpt>
      <trkpt lat="44.183524" lon="7.221266">
        <ele>2263.6</ele>
        <time>2026-08-01T10:34:56Z</time>
      </trkpt>
      <trkpt lat="44.183529" lon="7.22126">
        <ele>2263.4</ele>
        <time>2026-08-01T10:35:00Z</time>
      </trkpt>
      <trkpt lat="44.183517" lon="7.221252">
        <ele>2263.6</ele>
        <time>2026-08-01T10:35:07Z</time>
      </trkpt>
      <trkpt lat="44.183519" lon="7.221251">
        <ele>2264.0</ele>
        <time>2026-08-01T10:35:10Z</time>
      </trkpt>
      <trkpt lat="44.183526" lon="7.22126">
        <ele>2264.4</ele>
        <time>2026-08-01T10:35:12Z</time>
      </trkpt>
      <trkpt lat="44.18353" lon="7.221274">
        <ele>2264.6</ele>
        <time>2026-08-01T10:35:16Z</time>
      </trkpt>
      <trkpt lat="44.183527" lon="7.221277">
        <ele>2264.4</ele>
        <time>2026-08-01T10:35:18Z</time>
      </trkpt>
      <trkpt lat="44.183525" lon="7.22128">
        <ele>2264.4</ele>
        <time>2026-08-01T10:35:20Z</time>
      </trkpt>
      <trkpt lat="44.183524" lon="7.221284">
        <ele>2264.2</ele>
        <time>2026-08-01T10:35:26Z</time>
      </trkpt>
      <trkpt lat="44.183529" lon="7.221292">
        <ele>2264.0</ele>
        <time>2026-08-01T10:35:37Z</time>
      </trkpt>
      <trkpt lat="44.183525" lon="7.221291">
        <ele>2263.8</ele>
        <time>2026-08-01T10:35:43Z</time>
      </trkpt>
      <trkpt lat="44.183531" lon="7.221286">
        <ele>2263.8</ele>
        <time>2026-08-01T10:35:47Z</time>
      </trkpt>
      <trkpt lat="44.183531" lon="7.221272">
        <ele>2263.4</ele>
        <time>2026-08-01T10:35:51Z</time>
      </trkpt>
      <trkpt lat="44.183532" lon="7.221269">
        <ele>2263.4</ele>
        <time>2026-08-01T10:35:52Z</time>
      </trkpt>
      <trkpt lat="44.18355" lon="7.221244">
        <ele>2263.6</ele>
        <time>2026-08-01T10:35:58Z</time>
      </trkpt>
      <trkpt lat="44.183562" lon="7.221202">
        <ele>2264.6</ele>
        <time>2026-08-01T10:36:03Z</time>
      </trkpt>
      <trkpt lat="44.183554" lon="7.221178">
        <ele>2265.8</ele>
        <time>2026-08-01T10:36:06Z</time>
      </trkpt>
      <trkpt lat="44.183545" lon="7.221153">
        <ele>2266.2</ele>
        <time>2026-08-01T10:36:09Z</time>
      </trkpt>
      <trkpt lat="44.183521" lon="7.221074">
        <ele>2267.0</ele>
        <time>2026-08-01T10:36:17Z</time>
      </trkpt>
      <trkpt lat="44.183516" lon="7.221062">
        <ele>2267.2</ele>
        <time>2026-08-01T10:36:18Z</time>
      </trkpt>
      <trkpt lat="44.183493" lon="7.221">
        <ele>2267.4</ele>
        <time>2026-08-01T10:36:27Z</time>
      </trkpt>
      <trkpt lat="44.183493" lon="7.221003">
        <ele>2267.6</ele>
        <time>2026-08-01T10:36:28Z</time>
      </trkpt>
      <trkpt lat="44.183485" lon="7.221008">
        <ele>2267.8</ele>
        <time>2026-08-01T10:36:31Z</time>
      </trkpt>
      <trkpt lat="44.183471" lon="7.221016">
        <ele>2268.0</ele>
        <time>2026-08-01T10:36:34Z</time>
      </trkpt>
      <trkpt lat="44.183465" lon="7.221048">
        <ele>2269.0</ele>
        <time>2026-08-01T10:36:38Z</time>
      </trkpt>
      <trkpt lat="44.183462" lon="7.221072">
        <ele>2269.2</ele>
        <time>2026-08-01T10:36:40Z</time>
      </trkpt>
      <trkpt lat="44.18346" lon="7.221089">
        <ele>2270.2</ele>
        <time>2026-08-01T10:36:44Z</time>
      </trkpt>
      <trkpt lat="44.18346" lon="7.221097">
        <ele>2270.4</ele>
        <time>2026-08-01T10:36:45Z</time>
      </trkpt>
      <trkpt lat="44.183463" lon="7.221116">
        <ele>2270.6</ele>
        <time>2026-08-01T10:36:48Z</time>
      </trkpt>
      <trkpt lat="44.183459" lon="7.221145">
        <ele>2271.0</ele>
        <time>2026-08-01T10:36:52Z</time>
      </trkpt>
      <trkpt lat="44.183448" lon="7.221146">
        <ele>2271.4</ele>
        <time>2026-08-01T10:36:54Z</time>
      </trkpt>
      <trkpt lat="44.183431" lon="7.221095">
        <ele>2271.6</ele>
        <time>2026-08-01T10:36:58Z</time>
      </trkpt>
      <trkpt lat="44.18342" lon="7.221043">
        <ele>2272.4</ele>
        <time>2026-08-01T10:37:03Z</time>
      </trkpt>
      <trkpt lat="44.183407" lon="7.221023">
        <ele>2273.0</ele>
        <time>2026-08-01T10:37:06Z</time>
      </trkpt>
      <trkpt lat="44.183377" lon="7.221074">
        <ele>2273.4</ele>
        <time>2026-08-01T10:37:13Z</time>
      </trkpt>
      <trkpt lat="44.183367" lon="7.221107">
        <ele>2273.4</ele>
        <time>2026-08-01T10:37:18Z</time>
      </trkpt>
      <trkpt lat="44.183363" lon="7.221121">
        <ele>2273.6</ele>
        <time>2026-08-01T10:37:20Z</time>
      </trkpt>
      <trkpt lat="44.183361" lon="7.221133">
        <ele>2273.8</ele>
        <time>2026-08-01T10:37:22Z</time>
      </trkpt>
      <trkpt lat="44.183363" lon="7.221148">
        <ele>2274.6</ele>
        <time>2026-08-01T10:37:26Z</time>
      </trkpt>
      <trkpt lat="44.183332" lon="7.221157">
        <ele>2275.2</ele>
        <time>2026-08-01T10:37:30Z</time>
      </trkpt>
      <trkpt lat="44.183324" lon="7.221158">
        <ele>2275.6</ele>
        <time>2026-08-01T10:37:31Z</time>
      </trkpt>
      <trkpt lat="44.183321" lon="7.22109">
        <ele>2276.6</ele>
        <time>2026-08-01T10:37:37Z</time>
      </trkpt>
      <trkpt lat="44.183329" lon="7.221031">
        <ele>2277.8</ele>
        <time>2026-08-01T10:37:47Z</time>
      </trkpt>
      <trkpt lat="44.183298" lon="7.22107">
        <ele>2278.4</ele>
        <time>2026-08-01T10:37:54Z</time>
      </trkpt>
      <trkpt lat="44.183249" lon="7.221069">
        <ele>2278.8</ele>
        <time>2026-08-01T10:38:03Z</time>
      </trkpt>
      <trkpt lat="44.183248" lon="7.221061">
        <ele>2279.0</ele>
        <time>2026-08-01T10:38:04Z</time>
      </trkpt>
      <trkpt lat="44.183246" lon="7.221032">
        <ele>2280.0</ele>
        <time>2026-08-01T10:38:07Z</time>
      </trkpt>
      <trkpt lat="44.183253" lon="7.221001">
        <ele>2280.2</ele>
        <time>2026-08-01T10:38:10Z</time>
      </trkpt>
      <trkpt lat="44.183242" lon="7.220947">
        <ele>2280.2</ele>
        <time>2026-08-01T10:38:17Z</time>
      </trkpt>
      <trkpt lat="44.18323" lon="7.220946">
        <ele>2281.2</ele>
        <time>2026-08-01T10:38:20Z</time>
      </trkpt>
      <trkpt lat="44.183222" lon="7.22092">
        <ele>2282.0</ele>
        <time>2026-08-01T10:38:23Z</time>
      </trkpt>
      <trkpt lat="44.183219" lon="7.220911">
        <ele>2282.2</ele>
        <time>2026-08-01T10:38:24Z</time>
      </trkpt>
      <trkpt lat="44.183217" lon="7.220908">
        <ele>2282.4</ele>
        <time>2026-08-01T10:38:25Z</time>
      </trkpt>
      <trkpt lat="44.183197" lon="7.220856">
        <ele>2283.4</ele>
        <time>2026-08-01T10:38:32Z</time>
      </trkpt>
      <trkpt lat="44.18319" lon="7.220828">
        <ele>2284.2</ele>
        <time>2026-08-01T10:38:35Z</time>
      </trkpt>
      <trkpt lat="44.183182" lon="7.220804">
        <ele>2284.4</ele>
        <time>2026-08-01T10:38:37Z</time>
      </trkpt>
      <trkpt lat="44.183162" lon="7.220746">
        <ele>2284.4</ele>
        <time>2026-08-01T10:38:45Z</time>
      </trkpt>
      <trkpt lat="44.183151" lon="7.220683">
        <ele>2285.6</ele>
        <time>2026-08-01T10:38:54Z</time>
      </trkpt>
      <trkpt lat="44.183141" lon="7.220639">
        <ele>2286.0</ele>
        <time>2026-08-01T10:39:01Z</time>
      </trkpt>
      <trkpt lat="44.183139" lon="7.220615">
        <ele>2286.6</ele>
        <time>2026-08-01T10:39:03Z</time>
      </trkpt>
      <trkpt lat="44.183119" lon="7.22057">
        <ele>2287.6</ele>
        <time>2026-08-01T10:39:10Z</time>
      </trkpt>
      <trkpt lat="44.183107" lon="7.220549">
        <ele>2288.8</ele>
        <time>2026-08-01T10:39:14Z</time>
      </trkpt>
      <trkpt lat="44.183085" lon="7.220526">
        <ele>2289.8</ele>
        <time>2026-08-01T10:39:19Z</time>
      </trkpt>
      <trkpt lat="44.183082" lon="7.220454">
        <ele>2290.8</ele>
        <time>2026-08-01T10:39:25Z</time>
      </trkpt>
      <trkpt lat="44.183087" lon="7.22042">
        <ele>2291.2</ele>
        <time>2026-08-01T10:39:27Z</time>
      </trkpt>
      <trkpt lat="44.183122" lon="7.220315">
        <ele>2290.4</ele>
        <time>2026-08-01T10:39:34Z</time>
      </trkpt>
      <trkpt lat="44.183151" lon="7.220274">
        <ele>2289.6</ele>
        <time>2026-08-01T10:39:37Z</time>
      </trkpt>
      <trkpt lat="44.183203" lon="7.220233">
        <ele>2288.4</ele>
        <time>2026-08-01T10:39:42Z</time>
      </trkpt>
      <trkpt lat="44.183211" lon="7.220227">
        <ele>2288.2</ele>
        <time>2026-08-01T10:39:43Z</time>
      </trkpt>
      <trkpt lat="44.183243" lon="7.220143">
        <ele>2287.4</ele>
        <time>2026-08-01T10:39:50Z</time>
      </trkpt>
      <trkpt lat="44.183246" lon="7.220126">
        <ele>2287.2</ele>
        <time>2026-08-01T10:39:51Z</time>
      </trkpt>
      <trkpt lat="44.183265" lon="7.220035">
        <ele>2287.6</ele>
        <time>2026-08-01T10:39:58Z</time>
      </trkpt>
      <trkpt lat="44.183271" lon="7.220004">
        <ele>2287.8</ele>
        <time>2026-08-01T10:40:00Z</time>
      </trkpt>
      <trkpt lat="44.18327" lon="7.219941">
        <ele>2288.6</ele>
        <time>2026-08-01T10:40:04Z</time>
      </trkpt>
      <trkpt lat="44.183273" lon="7.21987">
        <ele>2289.2</ele>
        <time>2026-08-01T10:40:09Z</time>
      </trkpt>
      <trkpt lat="44.183277" lon="7.21984">
        <ele>2289.6</ele>
        <time>2026-08-01T10:40:11Z</time>
      </trkpt>
      <trkpt lat="44.183322" lon="7.219805">
        <ele>2290.2</ele>
        <time>2026-08-01T10:40:18Z</time>
      </trkpt>
      <trkpt lat="44.183332" lon="7.219791">
        <ele>2290.6</ele>
        <time>2026-08-01T10:40:20Z</time>
      </trkpt>
      <trkpt lat="44.183335" lon="7.219762">
        <ele>2291.6</ele>
        <time>2026-08-01T10:40:24Z</time>
      </trkpt>
      <trkpt lat="44.183337" lon="7.219751">
        <ele>2291.8</ele>
        <time>2026-08-01T10:40:25Z</time>
      </trkpt>
      <trkpt lat="44.18336" lon="7.219681">
        <ele>2292.8</ele>
        <time>2026-08-01T10:40:33Z</time>
      </trkpt>
      <trkpt lat="44.183406" lon="7.219566">
        <ele>2293.2</ele>
        <time>2026-08-01T10:40:41Z</time>
      </trkpt>
      <trkpt lat="44.183409" lon="7.219552">
        <ele>2293.2</ele>
        <time>2026-08-01T10:40:42Z</time>
      </trkpt>
      <trkpt lat="44.183415" lon="7.219529">
        <ele>2293.2</ele>
        <time>2026-08-01T10:40:44Z</time>
      </trkpt>
      <trkpt lat="44.183417" lon="7.219517">
        <ele>2293.4</ele>
        <time>2026-08-01T10:40:45Z</time>
      </trkpt>
      <trkpt lat="44.183417" lon="7.21951">
        <ele>2293.4</ele>
        <time>2026-08-01T10:40:46Z</time>
      </trkpt>
      <trkpt lat="44.183428" lon="7.219476">
        <ele>2293.8</ele>
        <time>2026-08-01T10:40:49Z</time>
      </trkpt>
      <trkpt lat="44.18344" lon="7.219444">
        <ele>2295.0</ele>
        <time>2026-08-01T10:40:53Z</time>
      </trkpt>
      <trkpt lat="44.183447" lon="7.219409">
        <ele>2295.6</ele>
        <time>2026-08-01T10:40:56Z</time>
      </trkpt>
      <trkpt lat="44.183454" lon="7.219385">
        <ele>2296.2</ele>
        <time>2026-08-01T10:40:58Z</time>
      </trkpt>
      <trkpt lat="44.183478" lon="7.219318">
        <ele>2297.2</ele>
        <time>2026-08-01T10:41:03Z</time>
      </trkpt>
      <trkpt lat="44.183482" lon="7.219306">
        <ele>2297.4</ele>
        <time>2026-08-01T10:41:04Z</time>
      </trkpt>
      <trkpt lat="44.183497" lon="7.219262">
        <ele>2298.4</ele>
        <time>2026-08-01T10:41:10Z</time>
      </trkpt>
      <trkpt lat="44.183498" lon="7.219243">
        <ele>2298.6</ele>
        <time>2026-08-01T10:41:12Z</time>
      </trkpt>
      <trkpt lat="44.183505" lon="7.219193">
        <ele>2299.6</ele>
        <time>2026-08-01T10:41:16Z</time>
      </trkpt>
      <trkpt lat="44.183507" lon="7.219139">
        <ele>2300.6</ele>
        <time>2026-08-01T10:41:22Z</time>
      </trkpt>
      <trkpt lat="44.183509" lon="7.219127">
        <ele>2300.8</ele>
        <time>2026-08-01T10:41:23Z</time>
      </trkpt>
      <trkpt lat="44.183505" lon="7.219072">
        <ele>2301.8</ele>
        <time>2026-08-01T10:41:30Z</time>
      </trkpt>
      <trkpt lat="44.183512" lon="7.219005">
        <ele>2301.8</ele>
        <time>2026-08-01T10:41:35Z</time>
      </trkpt>
      <trkpt lat="44.183528" lon="7.218969">
        <ele>2302.2</ele>
        <time>2026-08-01T10:41:38Z</time>
      </trkpt>
      <trkpt lat="44.183563" lon="7.21894">
        <ele>2303.2</ele>
        <time>2026-08-01T10:41:44Z</time>
      </trkpt>
      <trkpt lat="44.183592" lon="7.218908">
        <ele>2304.0</ele>
        <time>2026-08-01T10:41:47Z</time>
      </trkpt>
      <trkpt lat="44.183603" lon="7.218895">
        <ele>2304.2</ele>
        <time>2026-08-01T10:41:48Z</time>
      </trkpt>
      <trkpt lat="44.183623" lon="7.218776">
        <ele>2303.6</ele>
        <time>2026-08-01T10:41:56Z</time>
      </trkpt>
      <trkpt lat="44.18364" lon="7.218661">
        <ele>2303.6</ele>
        <time>2026-08-01T10:42:03Z</time>
      </trkpt>
      <trkpt lat="44.183694" lon="7.218559">
        <ele>2304.8</ele>
        <time>2026-08-01T10:42:12Z</time>
      </trkpt>
      <trkpt lat="44.183706" lon="7.21853">
        <ele>2305.2</ele>
        <time>2026-08-01T10:42:14Z</time>
      </trkpt>
      <trkpt lat="44.183717" lon="7.218494">
        <ele>2305.4</ele>
        <time>2026-08-01T10:42:16Z</time>
      </trkpt>
      <trkpt lat="44.183734" lon="7.218417">
        <ele>2306.0</ele>
        <time>2026-08-01T10:42:22Z</time>
      </trkpt>
      <trkpt lat="44.183745" lon="7.218385">
        <ele>2306.4</ele>
        <time>2026-08-01T10:42:24Z</time>
      </trkpt>
      <trkpt lat="44.183776" lon="7.218283">
        <ele>2306.4</ele>
        <time>2026-08-01T10:42:31Z</time>
      </trkpt>
      <trkpt lat="44.183842" lon="7.21819">
        <ele>2305.8</ele>
        <time>2026-08-01T10:42:40Z</time>
      </trkpt>
      <trkpt lat="44.183876" lon="7.218142">
        <ele>2305.6</ele>
        <time>2026-08-01T10:42:44Z</time>
      </trkpt>
      <trkpt lat="44.183891" lon="7.218121">
        <ele>2305.4</ele>
        <time>2026-08-01T10:42:48Z</time>
      </trkpt>
      <trkpt lat="44.183898" lon="7.218115">
        <ele>2305.4</ele>
        <time>2026-08-01T10:42:49Z</time>
      </trkpt>
      <trkpt lat="44.183923" lon="7.218083">
        <ele>2304.2</ele>
        <time>2026-08-01T10:42:53Z</time>
      </trkpt>
      <trkpt lat="44.183941" lon="7.218057">
        <ele>2303.4</ele>
        <time>2026-08-01T10:42:56Z</time>
      </trkpt>
      <trkpt lat="44.183959" lon="7.218045">
        <ele>2303.0</ele>
        <time>2026-08-01T10:42:58Z</time>
      </trkpt>
      <trkpt lat="44.183999" lon="7.217977">
        <ele>2302.2</ele>
        <time>2026-08-01T10:43:04Z</time>
      </trkpt>
      <trkpt lat="44.184017" lon="7.217943">
        <ele>2301.8</ele>
        <time>2026-08-01T10:43:07Z</time>
      </trkpt>
      <trkpt lat="44.184055" lon="7.217885">
        <ele>2301.4</ele>
        <time>2026-08-01T10:43:12Z</time>
      </trkpt>
      <trkpt lat="44.184126" lon="7.217752">
        <ele>2302.4</ele>
        <time>2026-08-01T10:43:22Z</time>
      </trkpt>
      <trkpt lat="44.184154" lon="7.217702">
        <ele>2303.0</ele>
        <time>2026-08-01T10:43:25Z</time>
      </trkpt>
      <trkpt lat="44.184183" lon="7.217661">
        <ele>2303.8</ele>
        <time>2026-08-01T10:43:29Z</time>
      </trkpt>
      <trkpt lat="44.184189" lon="7.217649">
        <ele>2304.2</ele>
        <time>2026-08-01T10:43:30Z</time>
      </trkpt>
      <trkpt lat="44.184245" lon="7.217557">
        <ele>2304.0</ele>
        <time>2026-08-01T10:43:38Z</time>
      </trkpt>
      <trkpt lat="44.184287" lon="7.217489">
        <ele>2303.0</ele>
        <time>2026-08-01T10:43:44Z</time>
      </trkpt>
      <trkpt lat="44.18431" lon="7.217462">
        <ele>2302.4</ele>
        <time>2026-08-01T10:43:47Z</time>
      </trkpt>
      <trkpt lat="44.184332" lon="7.217457">
        <ele>2302.0</ele>
        <time>2026-08-01T10:43:50Z</time>
      </trkpt>
      <trkpt lat="44.184338" lon="7.217445">
        <ele>2301.6</ele>
        <time>2026-08-01T10:43:52Z</time>
      </trkpt>
      <trkpt lat="44.184343" lon="7.217434">
        <ele>2301.4</ele>
        <time>2026-08-01T10:43:55Z</time>
      </trkpt>
      <trkpt lat="44.184341" lon="7.21742">
        <ele>2301.0</ele>
        <time>2026-08-01T10:44:01Z</time>
      </trkpt>
      <trkpt lat="44.184343" lon="7.217407">
        <ele>2300.8</ele>
        <time>2026-08-01T10:44:02Z</time>
      </trkpt>
      <trkpt lat="44.184348" lon="7.217395">
        <ele>2300.6</ele>
        <time>2026-08-01T10:44:03Z</time>
      </trkpt>
      <trkpt lat="44.184361" lon="7.217367">
        <ele>2300.0</ele>
        <time>2026-08-01T10:44:05Z</time>
      </trkpt>
      <trkpt lat="44.184378" lon="7.217348">
        <ele>2299.8</ele>
        <time>2026-08-01T10:44:07Z</time>
      </trkpt>
      <trkpt lat="44.18441" lon="7.217305">
        <ele>2299.6</ele>
        <time>2026-08-01T10:44:11Z</time>
      </trkpt>
      <trkpt lat="44.184436" lon="7.217255">
        <ele>2298.8</ele>
        <time>2026-08-01T10:44:15Z</time>
      </trkpt>
      <trkpt lat="44.184459" lon="7.217217">
        <ele>2298.4</ele>
        <time>2026-08-01T10:44:19Z</time>
      </trkpt>
      <trkpt lat="44.184489" lon="7.217142">
        <ele>2297.6</ele>
        <time>2026-08-01T10:44:24Z</time>
      </trkpt>
      <trkpt lat="44.184517" lon="7.217095">
        <ele>2297.6</ele>
        <time>2026-08-01T10:44:27Z</time>
      </trkpt>
      <trkpt lat="44.184576" lon="7.216995">
        <ele>2297.8</ele>
        <time>2026-08-01T10:44:36Z</time>
      </trkpt>
      <trkpt lat="44.184614" lon="7.216895">
        <ele>2299.0</ele>
        <time>2026-08-01T10:44:45Z</time>
      </trkpt>
      <trkpt lat="44.184631" lon="7.216863">
        <ele>2299.4</ele>
        <time>2026-08-01T10:44:47Z</time>
      </trkpt>
      <trkpt lat="44.184676" lon="7.216822">
        <ele>2300.0</ele>
        <time>2026-08-01T10:44:53Z</time>
      </trkpt>
      <trkpt lat="44.184683" lon="7.21682">
        <ele>2300.2</ele>
        <time>2026-08-01T10:44:54Z</time>
      </trkpt>
      <trkpt lat="44.184698" lon="7.216796">
        <ele>2300.8</ele>
        <time>2026-08-01T10:44:57Z</time>
      </trkpt>
      <trkpt lat="44.184718" lon="7.216765">
        <ele>2301.2</ele>
        <time>2026-08-01T10:44:59Z</time>
      </trkpt>
      <trkpt lat="44.184734" lon="7.216735">
        <ele>2301.8</ele>
        <time>2026-08-01T10:45:01Z</time>
      </trkpt>
      <trkpt lat="44.184741" lon="7.216718">
        <ele>2302.4</ele>
        <time>2026-08-01T10:45:03Z</time>
      </trkpt>
      <trkpt lat="44.184771" lon="7.216637">
        <ele>2303.4</ele>
        <time>2026-08-01T10:45:08Z</time>
      </trkpt>
      <trkpt lat="44.184774" lon="7.216623">
        <ele>2303.4</ele>
        <time>2026-08-01T10:45:09Z</time>
      </trkpt>
      <trkpt lat="44.184808" lon="7.216567">
        <ele>2304.4</ele>
        <time>2026-08-01T10:45:16Z</time>
      </trkpt>
      <trkpt lat="44.184819" lon="7.216554">
        <ele>2304.4</ele>
        <time>2026-08-01T10:45:18Z</time>
      </trkpt>
      <trkpt lat="44.184848" lon="7.216493">
        <ele>2305.6</ele>
        <time>2026-08-01T10:45:25Z</time>
      </trkpt>
      <trkpt lat="44.184852" lon="7.216481">
        <ele>2305.6</ele>
        <time>2026-08-01T10:45:26Z</time>
      </trkpt>
      <trkpt lat="44.184872" lon="7.216458">
        <ele>2306.2</ele>
        <time>2026-08-01T10:45:30Z</time>
      </trkpt>
      <trkpt lat="44.184878" lon="7.216443">
        <ele>2306.4</ele>
        <time>2026-08-01T10:45:32Z</time>
      </trkpt>
      <trkpt lat="44.184896" lon="7.216401">
        <ele>2306.6</ele>
        <time>2026-08-01T10:45:36Z</time>
      </trkpt>
      <trkpt lat="44.184924" lon="7.216353">
        <ele>2307.6</ele>
        <time>2026-08-01T10:45:41Z</time>
      </trkpt>
      <trkpt lat="44.184961" lon="7.216304">
        <ele>2308.6</ele>
        <time>2026-08-01T10:45:46Z</time>
      </trkpt>
      <trkpt lat="44.184969" lon="7.216291">
        <ele>2308.8</ele>
        <time>2026-08-01T10:45:47Z</time>
      </trkpt>
      <trkpt lat="44.184985" lon="7.216273">
        <ele>2309.2</ele>
        <time>2026-08-01T10:45:49Z</time>
      </trkpt>
      <trkpt lat="44.185024" lon="7.216202">
        <ele>2309.8</ele>
        <time>2026-08-01T10:45:58Z</time>
      </trkpt>
      <trkpt lat="44.185034" lon="7.2162">
        <ele>2309.8</ele>
        <time>2026-08-01T10:46:06Z</time>
      </trkpt>
      <trkpt lat="44.185037" lon="7.216199">
        <ele>2310.0</ele>
        <time>2026-08-01T10:46:07Z</time>
      </trkpt>
      <trkpt lat="44.185035" lon="7.216198">
        <ele>2310.2</ele>
        <time>2026-08-01T10:46:09Z</time>
      </trkpt>
      <trkpt lat="44.18502" lon="7.216189">
        <ele>2310.4</ele>
        <time>2026-08-01T10:46:12Z</time>
      </trkpt>
      <trkpt lat="44.184993" lon="7.216167">
        <ele>2310.6</ele>
        <time>2026-08-01T10:46:15Z</time>
      </trkpt>
      <trkpt lat="44.184985" lon="7.216133">
        <ele>2311.0</ele>
        <time>2026-08-01T10:46:19Z</time>
      </trkpt>
      <trkpt lat="44.184966" lon="7.216101">
        <ele>2312.2</ele>
        <time>2026-08-01T10:46:23Z</time>
      </trkpt>
      <trkpt lat="44.18496" lon="7.216096">
        <ele>2312.4</ele>
        <time>2026-08-01T10:46:24Z</time>
      </trkpt>
      <trkpt lat="44.184936" lon="7.216109">
        <ele>2313.4</ele>
        <time>2026-08-01T10:46:28Z</time>
      </trkpt>
      <trkpt lat="44.184905" lon="7.216102">
        <ele>2314.2</ele>
        <time>2026-08-01T10:46:32Z</time>
      </trkpt>
      <trkpt lat="44.184898" lon="7.216099">
        <ele>2314.4</ele>
        <time>2026-08-01T10:46:33Z</time>
      </trkpt>
      <trkpt lat="44.184849" lon="7.216077">
        <ele>2315.6</ele>
        <time>2026-08-01T10:46:40Z</time>
      </trkpt>
      <trkpt lat="44.184813" lon="7.216064">
        <ele>2316.2</ele>
        <time>2026-08-01T10:46:44Z</time>
      </trkpt>
      <trkpt lat="44.18479" lon="7.216061">
        <ele>2316.6</ele>
        <time>2026-08-01T10:46:47Z</time>
      </trkpt>
      <trkpt lat="44.184731" lon="7.216069">
        <ele>2317.6</ele>
        <time>2026-08-01T10:46:53Z</time>
      </trkpt>
      <trkpt lat="44.184725" lon="7.216073">
        <ele>2317.8</ele>
        <time>2026-08-01T10:46:54Z</time>
      </trkpt>
      <trkpt lat="44.184686" lon="7.216076">
        <ele>2318.8</ele>
        <time>2026-08-01T10:47:01Z</time>
      </trkpt>
      <trkpt lat="44.18468" lon="7.216077">
        <ele>2319.2</ele>
        <time>2026-08-01T10:47:02Z</time>
      </trkpt>
      <trkpt lat="44.18465" lon="7.21609">
        <ele>2320.0</ele>
        <time>2026-08-01T10:47:05Z</time>
      </trkpt>
      <trkpt lat="44.184593" lon="7.21612">
        <ele>2321.0</ele>
        <time>2026-08-01T10:47:11Z</time>
      </trkpt>
      <trkpt lat="44.18457" lon="7.216135">
        <ele>2321.4</ele>
        <time>2026-08-01T10:47:13Z</time>
      </trkpt>
      <trkpt lat="44.184554" lon="7.216153">
        <ele>2322.0</ele>
        <time>2026-08-01T10:47:15Z</time>
      </trkpt>
      <trkpt lat="44.184496" lon="7.216196">
        <ele>2322.8</ele>
        <time>2026-08-01T10:47:21Z</time>
      </trkpt>
      <trkpt lat="44.184485" lon="7.216202">
        <ele>2323.2</ele>
        <time>2026-08-01T10:47:22Z</time>
      </trkpt>
      <trkpt lat="44.184419" lon="7.216215">
        <ele>2323.8</ele>
        <time>2026-08-01T10:47:29Z</time>
      </trkpt>
      <trkpt lat="44.184394" lon="7.216213">
        <ele>2324.2</ele>
        <time>2026-08-01T10:47:32Z</time>
      </trkpt>
      <trkpt lat="44.184344" lon="7.216202">
        <ele>2324.6</ele>
        <time>2026-08-01T10:47:38Z</time>
      </trkpt>
      <trkpt lat="44.184291" lon="7.216218">
        <ele>2325.2</ele>
        <time>2026-08-01T10:47:43Z</time>
      </trkpt>
      <trkpt lat="44.184249" lon="7.216232">
        <ele>2326.0</ele>
        <time>2026-08-01T10:47:47Z</time>
      </trkpt>
      <trkpt lat="44.184233" lon="7.216241">
        <ele>2326.4</ele>
        <time>2026-08-01T10:47:49Z</time>
      </trkpt>
      <trkpt lat="44.184226" lon="7.216214">
        <ele>2327.2</ele>
        <time>2026-08-01T10:47:54Z</time>
      </trkpt>
      <trkpt lat="44.184249" lon="7.216204">
        <ele>2327.6</ele>
        <time>2026-08-01T10:47:56Z</time>
      </trkpt>
      <trkpt lat="44.184302" lon="7.21618">
        <ele>2328.6</ele>
        <time>2026-08-01T10:48:02Z</time>
      </trkpt>
      <trkpt lat="44.184359" lon="7.216125">
        <ele>2329.4</ele>
        <time>2026-08-01T10:48:09Z</time>
      </trkpt>
      <trkpt lat="44.184395" lon="7.216102">
        <ele>2329.6</ele>
        <time>2026-08-01T10:48:12Z</time>
      </trkpt>
      <trkpt lat="44.184421" lon="7.216078">
        <ele>2330.0</ele>
        <time>2026-08-01T10:48:15Z</time>
      </trkpt>
      <trkpt lat="44.184436" lon="7.216065">
        <ele>2330.0</ele>
        <time>2026-08-01T10:48:17Z</time>
      </trkpt>
      <trkpt lat="44.1845" lon="7.215973">
        <ele>2330.4</ele>
        <time>2026-08-01T10:48:25Z</time>
      </trkpt>
      <trkpt lat="44.184527" lon="7.215929">
        <ele>2330.6</ele>
        <time>2026-08-01T10:48:29Z</time>
      </trkpt>
      <trkpt lat="44.184548" lon="7.215893">
        <ele>2331.2</ele>
        <time>2026-08-01T10:48:33Z</time>
      </trkpt>
      <trkpt lat="44.18457" lon="7.215855">
        <ele>2331.8</ele>
        <time>2026-08-01T10:48:37Z</time>
      </trkpt>
      <trkpt lat="44.184593" lon="7.215817">
        <ele>2332.8</ele>
        <time>2026-08-01T10:48:40Z</time>
      </trkpt>
      <trkpt lat="44.18461" lon="7.215796">
        <ele>2333.4</ele>
        <time>2026-08-01T10:48:42Z</time>
      </trkpt>
      <trkpt lat="44.184625" lon="7.215776">
        <ele>2334.0</ele>
        <time>2026-08-01T10:48:44Z</time>
      </trkpt>
      <trkpt lat="44.184647" lon="7.215739">
        <ele>2335.2</ele>
        <time>2026-08-01T10:48:48Z</time>
      </trkpt>
      <trkpt lat="44.184661" lon="7.215702">
        <ele>2336.0</ele>
        <time>2026-08-01T10:48:51Z</time>
      </trkpt>
      <trkpt lat="44.184666" lon="7.215681">
        <ele>2336.2</ele>
        <time>2026-08-01T10:48:53Z</time>
      </trkpt>
      <trkpt lat="44.184687" lon="7.21559">
        <ele>2337.2</ele>
        <time>2026-08-01T10:48:59Z</time>
      </trkpt>
      <trkpt lat="44.184692" lon="7.215559">
        <ele>2337.8</ele>
        <time>2026-08-01T10:49:01Z</time>
      </trkpt>
      <trkpt lat="44.184672" lon="7.215564">
        <ele>2338.2</ele>
        <time>2026-08-01T10:49:05Z</time>
      </trkpt>
      <trkpt lat="44.184666" lon="7.215574">
        <ele>2338.4</ele>
        <time>2026-08-01T10:49:06Z</time>
      </trkpt>
      <trkpt lat="44.184629" lon="7.215623">
        <ele>2339.6</ele>
        <time>2026-08-01T10:49:11Z</time>
      </trkpt>
      <trkpt lat="44.184597" lon="7.215659">
        <ele>2339.8</ele>
        <time>2026-08-01T10:49:15Z</time>
      </trkpt>
      <trkpt lat="44.184558" lon="7.215708">
        <ele>2340.6</ele>
        <time>2026-08-01T10:49:20Z</time>
      </trkpt>
      <trkpt lat="44.18452" lon="7.215741">
        <ele>2340.6</ele>
        <time>2026-08-01T10:49:24Z</time>
      </trkpt>
      <trkpt lat="44.184441" lon="7.215798">
        <ele>2341.6</ele>
        <time>2026-08-01T10:49:32Z</time>
      </trkpt>
      <trkpt lat="44.184401" lon="7.215813">
        <ele>2342.6</ele>
        <time>2026-08-01T10:49:37Z</time>
      </trkpt>
      <trkpt lat="44.184378" lon="7.215825">
        <ele>2343.4</ele>
        <time>2026-08-01T10:49:40Z</time>
      </trkpt>
      <trkpt lat="44.184359" lon="7.215834">
        <ele>2343.8</ele>
        <time>2026-08-01T10:49:42Z</time>
      </trkpt>
      <trkpt lat="44.184326" lon="7.215848">
        <ele>2344.8</ele>
        <time>2026-08-01T10:49:47Z</time>
      </trkpt>
      <trkpt lat="44.18431" lon="7.215851">
        <ele>2345.4</ele>
        <time>2026-08-01T10:49:49Z</time>
      </trkpt>
      <trkpt lat="44.184297" lon="7.215849">
        <ele>2346.0</ele>
        <time>2026-08-01T10:49:51Z</time>
      </trkpt>
      <trkpt lat="44.184272" lon="7.215838">
        <ele>2347.0</ele>
        <time>2026-08-01T10:49:54Z</time>
      </trkpt>
      <trkpt lat="44.184236" lon="7.215833">
        <ele>2348.2</ele>
        <time>2026-08-01T10:49:57Z</time>
      </trkpt>
      <trkpt lat="44.184186" lon="7.215827">
        <ele>2349.4</ele>
        <time>2026-08-01T10:50:03Z</time>
      </trkpt>
      <trkpt lat="44.184176" lon="7.215823">
        <ele>2349.8</ele>
        <time>2026-08-01T10:50:05Z</time>
      </trkpt>
      <trkpt lat="44.18416" lon="7.215819">
        <ele>2350.4</ele>
        <time>2026-08-01T10:50:07Z</time>
      </trkpt>
      <trkpt lat="44.184119" lon="7.215807">
        <ele>2351.4</ele>
        <time>2026-08-01T10:50:14Z</time>
      </trkpt>
      <trkpt lat="44.184068" lon="7.215794">
        <ele>2352.6</ele>
        <time>2026-08-01T10:50:19Z</time>
      </trkpt>
      <trkpt lat="44.184023" lon="7.215776">
        <ele>2353.6</ele>
        <time>2026-08-01T10:50:23Z</time>
      </trkpt>
      <trkpt lat="44.184019" lon="7.215775">
        <ele>2353.8</ele>
        <time>2026-08-01T10:50:24Z</time>
      </trkpt>
      <trkpt lat="44.183963" lon="7.215754">
        <ele>2354.8</ele>
        <time>2026-08-01T10:50:31Z</time>
      </trkpt>
      <trkpt lat="44.183945" lon="7.215743">
        <ele>2355.2</ele>
        <time>2026-08-01T10:50:33Z</time>
      </trkpt>
      <trkpt lat="44.183924" lon="7.21573">
        <ele>2355.8</ele>
        <time>2026-08-01T10:50:35Z</time>
      </trkpt>
      <trkpt lat="44.183912" lon="7.215721">
        <ele>2356.0</ele>
        <time>2026-08-01T10:50:37Z</time>
      </trkpt>
      <trkpt lat="44.183897" lon="7.215711">
        <ele>2356.2</ele>
        <time>2026-08-01T10:50:39Z</time>
      </trkpt>
      <trkpt lat="44.18388" lon="7.215699">
        <ele>2356.6</ele>
        <time>2026-08-01T10:50:41Z</time>
      </trkpt>
      <trkpt lat="44.183872" lon="7.215694">
        <ele>2356.8</ele>
        <time>2026-08-01T10:50:42Z</time>
      </trkpt>
      <trkpt lat="44.183855" lon="7.215675">
        <ele>2357.2</ele>
        <time>2026-08-01T10:50:45Z</time>
      </trkpt>
      <trkpt lat="44.183818" lon="7.215647">
        <ele>2358.0</ele>
        <time>2026-08-01T10:50:50Z</time>
      </trkpt>
      <trkpt lat="44.183756" lon="7.215632">
        <ele>2359.0</ele>
        <time>2026-08-01T10:50:57Z</time>
      </trkpt>
      <trkpt lat="44.183747" lon="7.21563">
        <ele>2359.2</ele>
        <time>2026-08-01T10:50:58Z</time>
      </trkpt>
      <trkpt lat="44.183722" lon="7.215579">
        <ele>2359.8</ele>
        <time>2026-08-01T10:51:06Z</time>
      </trkpt>
      <trkpt lat="44.183727" lon="7.215528">
        <ele>2360.2</ele>
        <time>2026-08-01T10:51:12Z</time>
      </trkpt>
      <trkpt lat="44.183718" lon="7.215529">
        <ele>2360.6</ele>
        <time>2026-08-01T10:51:14Z</time>
      </trkpt>
      <trkpt lat="44.183693" lon="7.215589">
        <ele>2361.2</ele>
        <time>2026-08-01T10:51:21Z</time>
      </trkpt>
      <trkpt lat="44.183685" lon="7.215598">
        <ele>2361.4</ele>
        <time>2026-08-01T10:51:22Z</time>
      </trkpt>
      <trkpt lat="44.183647" lon="7.215634">
        <ele>2362.2</ele>
        <time>2026-08-01T10:51:26Z</time>
      </trkpt>
      <trkpt lat="44.183627" lon="7.215648">
        <ele>2362.6</ele>
        <time>2026-08-01T10:51:28Z</time>
      </trkpt>
      <trkpt lat="44.183604" lon="7.215666">
        <ele>2363.0</ele>
        <time>2026-08-01T10:51:30Z</time>
      </trkpt>
      <trkpt lat="44.183592" lon="7.21568">
        <ele>2363.4</ele>
        <time>2026-08-01T10:51:32Z</time>
      </trkpt>
      <trkpt lat="44.183582" lon="7.215695">
        <ele>2363.6</ele>
        <time>2026-08-01T10:51:34Z</time>
      </trkpt>
      <trkpt lat="44.18356" lon="7.215728">
        <ele>2364.2</ele>
        <time>2026-08-01T10:51:38Z</time>
      </trkpt>
      <trkpt lat="44.183533" lon="7.215819">
        <ele>2364.6</ele>
        <time>2026-08-01T10:51:44Z</time>
      </trkpt>
      <trkpt lat="44.183516" lon="7.215869">
        <ele>2364.8</ele>
        <time>2026-08-01T10:51:47Z</time>
      </trkpt>
      <trkpt lat="44.183477" lon="7.215954">
        <ele>2365.2</ele>
        <time>2026-08-01T10:51:55Z</time>
      </trkpt>
      <trkpt lat="44.183468" lon="7.215961">
        <ele>2365.8</ele>
        <time>2026-08-01T10:51:58Z</time>
      </trkpt>
      <trkpt lat="44.183455" lon="7.216">
        <ele>2366.8</ele>
        <time>2026-08-01T10:52:02Z</time>
      </trkpt>
      <trkpt lat="44.183449" lon="7.216026">
        <ele>2367.6</ele>
        <time>2026-08-01T10:52:04Z</time>
      </trkpt>
      <trkpt lat="44.183445" lon="7.21604">
        <ele>2367.8</ele>
        <time>2026-08-01T10:52:05Z</time>
      </trkpt>
      <trkpt lat="44.1834" lon="7.216069">
        <ele>2368.4</ele>
        <time>2026-08-01T10:52:12Z</time>
      </trkpt>
      <trkpt lat="44.183379" lon="7.21605">
        <ele>2369.0</ele>
        <time>2026-08-01T10:52:15Z</time>
      </trkpt>
      <trkpt lat="44.183362" lon="7.216036">
        <ele>2370.0</ele>
        <time>2026-08-01T10:52:18Z</time>
      </trkpt>
      <trkpt lat="44.183347" lon="7.216011">
        <ele>2370.6</ele>
        <time>2026-08-01T10:52:21Z</time>
      </trkpt>
      <trkpt lat="44.183332" lon="7.21596">
        <ele>2371.2</ele>
        <time>2026-08-01T10:52:25Z</time>
      </trkpt>
      <trkpt lat="44.183326" lon="7.215904">
        <ele>2371.2</ele>
        <time>2026-08-01T10:52:30Z</time>
      </trkpt>
      <trkpt lat="44.183305" lon="7.215864">
        <ele>2371.8</ele>
        <time>2026-08-01T10:52:36Z</time>
      </trkpt>
      <trkpt lat="44.183299" lon="7.21588">
        <ele>2372.6</ele>
        <time>2026-08-01T10:52:38Z</time>
      </trkpt>
      <trkpt lat="44.183283" lon="7.215921">
        <ele>2373.8</ele>
        <time>2026-08-01T10:52:41Z</time>
      </trkpt>
      <trkpt lat="44.183245" lon="7.215949">
        <ele>2374.6</ele>
        <time>2026-08-01T10:52:45Z</time>
      </trkpt>
      <trkpt lat="44.183221" lon="7.215938">
        <ele>2375.0</ele>
        <time>2026-08-01T10:52:50Z</time>
      </trkpt>
      <trkpt lat="44.183209" lon="7.215931">
        <ele>2375.6</ele>
        <time>2026-08-01T10:52:52Z</time>
      </trkpt>
      <trkpt lat="44.183204" lon="7.215925">
        <ele>2376.0</ele>
        <time>2026-08-01T10:52:53Z</time>
      </trkpt>
      <trkpt lat="44.183177" lon="7.215906">
        <ele>2377.2</ele>
        <time>2026-08-01T10:52:57Z</time>
      </trkpt>
      <trkpt lat="44.183151" lon="7.215894">
        <ele>2378.0</ele>
        <time>2026-08-01T10:53:02Z</time>
      </trkpt>
      <trkpt lat="44.183142" lon="7.215893">
        <ele>2378.2</ele>
        <time>2026-08-01T10:53:03Z</time>
      </trkpt>
      <trkpt lat="44.183079" lon="7.215907">
        <ele>2379.2</ele>
        <time>2026-08-01T10:53:10Z</time>
      </trkpt>
      <trkpt lat="44.183069" lon="7.21591">
        <ele>2379.2</ele>
        <time>2026-08-01T10:53:11Z</time>
      </trkpt>
      <trkpt lat="44.183046" lon="7.215938">
        <ele>2380.2</ele>
        <time>2026-08-01T10:53:18Z</time>
      </trkpt>
      <trkpt lat="44.183044" lon="7.215945">
        <ele>2380.4</ele>
        <time>2026-08-01T10:53:19Z</time>
      </trkpt>
      <trkpt lat="44.183026" lon="7.215948">
        <ele>2381.0</ele>
        <time>2026-08-01T10:53:22Z</time>
      </trkpt>
      <trkpt lat="44.183018" lon="7.21595">
        <ele>2381.2</ele>
        <time>2026-08-01T10:53:23Z</time>
      </trkpt>
      <trkpt lat="44.182995" lon="7.215986">
        <ele>2382.2</ele>
        <time>2026-08-01T10:53:28Z</time>
      </trkpt>
      <trkpt lat="44.182985" lon="7.216048">
        <ele>2383.2</ele>
        <time>2026-08-01T10:53:35Z</time>
      </trkpt>
      <trkpt lat="44.182984" lon="7.216061">
        <ele>2383.4</ele>
        <time>2026-08-01T10:53:36Z</time>
      </trkpt>
      <trkpt lat="44.182973" lon="7.216129">
        <ele>2384.0</ele>
        <time>2026-08-01T10:53:42Z</time>
      </trkpt>
      <trkpt lat="44.182961" lon="7.216193">
        <ele>2383.6</ele>
        <time>2026-08-01T10:53:49Z</time>
      </trkpt>
      <trkpt lat="44.182972" lon="7.216222">
        <ele>2384.6</ele>
        <time>2026-08-01T10:53:52Z</time>
      </trkpt>
      <trkpt lat="44.182963" lon="7.216248">
        <ele>2385.2</ele>
        <time>2026-08-01T10:53:55Z</time>
      </trkpt>
      <trkpt lat="44.182924" lon="7.216304">
        <ele>2385.4</ele>
        <time>2026-08-01T10:54:02Z</time>
      </trkpt>
      <trkpt lat="44.182918" lon="7.216343">
        <ele>2385.6</ele>
        <time>2026-08-01T10:54:06Z</time>
      </trkpt>
      <trkpt lat="44.182911" lon="7.216395">
        <ele>2385.8</ele>
        <time>2026-08-01T10:54:10Z</time>
      </trkpt>
      <trkpt lat="44.182887" lon="7.216424">
        <ele>2385.2</ele>
        <time>2026-08-01T10:54:17Z</time>
      </trkpt>
      <trkpt lat="44.182883" lon="7.216421">
        <ele>2385.0</ele>
        <time>2026-08-01T10:54:19Z</time>
      </trkpt>
      <trkpt lat="44.182881" lon="7.216416">
        <ele>2384.6</ele>
        <time>2026-08-01T10:54:21Z</time>
      </trkpt>
      <trkpt lat="44.182893" lon="7.21641">
        <ele>2383.4</ele>
        <time>2026-08-01T10:54:24Z</time>
      </trkpt>
      <trkpt lat="44.182896" lon="7.216401">
        <ele>2383.2</ele>
        <time>2026-08-01T10:54:26Z</time>
      </trkpt>
      <trkpt lat="44.182897" lon="7.216419">
        <ele>2382.8</ele>
        <time>2026-08-01T10:54:37Z</time>
      </trkpt>
      <trkpt lat="44.182898" lon="7.21642">
        <ele>2382.2</ele>
        <time>2026-08-01T10:54:39Z</time>
      </trkpt>
      <trkpt lat="44.182897" lon="7.216421">
        <ele>2382.0</ele>
        <time>2026-08-01T10:54:40Z</time>
      </trkpt>
      <trkpt lat="44.182896" lon="7.216407">
        <ele>2382.0</ele>
        <time>2026-08-01T10:54:48Z</time>
      </trkpt>
      <trkpt lat="44.18289" lon="7.21641">
        <ele>2381.2</ele>
        <time>2026-08-01T10:54:57Z</time>
      </trkpt>
      <trkpt lat="44.18289" lon="7.216417">
        <ele>2381.0</ele>
        <time>2026-08-01T10:54:58Z</time>
      </trkpt>
      <trkpt lat="44.182883" lon="7.216436">
        <ele>2381.4</ele>
        <time>2026-08-01T10:55:06Z</time>
      </trkpt>
      <trkpt lat="44.182882" lon="7.216442">
        <ele>2382.2</ele>
        <time>2026-08-01T10:55:10Z</time>
      </trkpt>
      <trkpt lat="44.182893" lon="7.216426">
        <ele>2382.4</ele>
        <time>2026-08-01T10:55:14Z</time>
      </trkpt>
      <trkpt lat="44.182891" lon="7.216429">
        <ele>2382.8</ele>
        <time>2026-08-01T10:55:22Z</time>
      </trkpt>
      <trkpt lat="44.182888" lon="7.216416">
        <ele>2383.2</ele>
        <time>2026-08-01T10:55:31Z</time>
      </trkpt>
      <trkpt lat="44.182886" lon="7.216413">
        <ele>2383.4</ele>
        <time>2026-08-01T10:55:33Z</time>
      </trkpt>
      <trkpt lat="44.182887" lon="7.216418">
        <ele>2384.0</ele>
        <time>2026-08-01T10:55:43Z</time>
      </trkpt>
      <trkpt lat="44.182896" lon="7.21642">
        <ele>2383.6</ele>
        <time>2026-08-01T10:55:47Z</time>
      </trkpt>
      <trkpt lat="44.182937" lon="7.216408">
        <ele>2382.0</ele>
        <time>2026-08-01T10:55:53Z</time>
      </trkpt>
      <trkpt lat="44.182937" lon="7.216421">
        <ele>2381.8</ele>
        <time>2026-08-01T10:55:54Z</time>
      </trkpt>
      <trkpt lat="44.182898" lon="7.216444">
        <ele>2382.0</ele>
        <time>2026-08-01T10:56:01Z</time>
      </trkpt>
      <trkpt lat="44.182894" lon="7.216436">
        <ele>2382.0</ele>
        <time>2026-08-01T10:56:02Z</time>
      </trkpt>
      <trkpt lat="44.182892" lon="7.216405">
        <ele>2382.8</ele>
        <time>2026-08-01T10:56:09Z</time>
      </trkpt>
      <trkpt lat="44.18287" lon="7.216414">
        <ele>2382.0</ele>
        <time>2026-08-01T10:56:16Z</time>
      </trkpt>
      <trkpt lat="44.182903" lon="7.216435">
        <ele>2382.2</ele>
        <time>2026-08-01T10:56:26Z</time>
      </trkpt>
      <trkpt lat="44.182909" lon="7.216432">
        <ele>2382.0</ele>
        <time>2026-08-01T10:56:28Z</time>
      </trkpt>
      <trkpt lat="44.182932" lon="7.216427">
        <ele>2381.2</ele>
        <time>2026-08-01T10:56:40Z</time>
      </trkpt>
      <trkpt lat="44.18294" lon="7.216352">
        <ele>2381.4</ele>
        <time>2026-08-01T10:56:48Z</time>
      </trkpt>
      <trkpt lat="44.18294" lon="7.216331">
        <ele>2381.4</ele>
        <time>2026-08-01T10:56:54Z</time>
      </trkpt>
      <trkpt lat="44.182939" lon="7.216343">
        <ele>2381.0</ele>
        <time>2026-08-01T10:56:58Z</time>
      </trkpt>
      <trkpt lat="44.182943" lon="7.216319">
        <ele>2381.2</ele>
        <time>2026-08-01T10:57:02Z</time>
      </trkpt>
      <trkpt lat="44.18293" lon="7.216314">
        <ele>2381.2</ele>
        <time>2026-08-01T10:57:13Z</time>
      </trkpt>
      <trkpt lat="44.182913" lon="7.216343">
        <ele>2381.4</ele>
        <time>2026-08-01T10:57:23Z</time>
      </trkpt>
      <trkpt lat="44.182923" lon="7.216405">
        <ele>2380.6</ele>
        <time>2026-08-01T10:57:32Z</time>
      </trkpt>
      <trkpt lat="44.182877" lon="7.216414">
        <ele>2380.2</ele>
        <time>2026-08-01T10:57:42Z</time>
      </trkpt>
      <trkpt lat="44.18286" lon="7.216425">
        <ele>2380.2</ele>
        <time>2026-08-01T10:57:46Z</time>
      </trkpt>
      <trkpt lat="44.182862" lon="7.21644">
        <ele>2380.6</ele>
        <time>2026-08-01T10:57:49Z</time>
      </trkpt>
      <trkpt lat="44.182846" lon="7.216414">
        <ele>2380.2</ele>
        <time>2026-08-01T10:58:00Z</time>
      </trkpt>
      <trkpt lat="44.182843" lon="7.216398">
        <ele>2380.0</ele>
        <time>2026-08-01T10:58:04Z</time>
      </trkpt>
      <trkpt lat="44.182837" lon="7.216389">
        <ele>2379.6</ele>
        <time>2026-08-01T10:58:12Z</time>
      </trkpt>
      <trkpt lat="44.18283" lon="7.216398">
        <ele>2379.6</ele>
        <time>2026-08-01T10:58:14Z</time>
      </trkpt>
      <trkpt lat="44.18282" lon="7.216454">
        <ele>2379.8</ele>
        <time>2026-08-01T10:58:23Z</time>
      </trkpt>
      <trkpt lat="44.182818" lon="7.2165">
        <ele>2380.0</ele>
        <time>2026-08-01T10:58:33Z</time>
      </trkpt>
      <trkpt lat="44.182839" lon="7.216486">
        <ele>2380.6</ele>
        <time>2026-08-01T10:58:43Z</time>
      </trkpt>
      <trkpt lat="44.18282" lon="7.216482">
        <ele>2380.4</ele>
        <time>2026-08-01T10:58:54Z</time>
      </trkpt>
      <trkpt lat="44.182801" lon="7.216472">
        <ele>2380.4</ele>
        <time>2026-08-01T10:59:05Z</time>
      </trkpt>
      <trkpt lat="44.182781" lon="7.216473">
        <ele>2380.6</ele>
        <time>2026-08-01T10:59:09Z</time>
      </trkpt>
      <trkpt lat="44.18278" lon="7.216486">
        <ele>2380.8</ele>
        <time>2026-08-01T10:59:12Z</time>
      </trkpt>
      <trkpt lat="44.182781" lon="7.21649">
        <ele>2381.0</ele>
        <time>2026-08-01T10:59:13Z</time>
      </trkpt>
      <trkpt lat="44.182814" lon="7.216514">
        <ele>2381.2</ele>
        <time>2026-08-01T10:59:21Z</time>
      </trkpt>
      <trkpt lat="44.182812" lon="7.216521">
        <ele>2381.6</ele>
        <time>2026-08-01T10:59:24Z</time>
      </trkpt>
      <trkpt lat="44.182813" lon="7.216531">
        <ele>2381.0</ele>
        <time>2026-08-01T10:59:33Z</time>
      </trkpt>
      <trkpt lat="44.182811" lon="7.21656">
        <ele>2381.6</ele>
        <time>2026-08-01T10:59:42Z</time>
      </trkpt>
      <trkpt lat="44.182829" lon="7.216522">
        <ele>2381.0</ele>
        <time>2026-08-01T10:59:52Z</time>
      </trkpt>
      <trkpt lat="44.182856" lon="7.216494">
        <ele>2380.6</ele>
        <time>2026-08-01T11:00:04Z</time>
      </trkpt>
      <trkpt lat="44.182861" lon="7.216475">
        <ele>2381.0</ele>
        <time>2026-08-01T11:00:10Z</time>
      </trkpt>
      <trkpt lat="44.182889" lon="7.216399">
        <ele>2381.6</ele>
        <time>2026-08-01T11:00:14Z</time>
      </trkpt>
      <trkpt lat="44.182886" lon="7.216399">
        <ele>2380.8</ele>
        <time>2026-08-01T11:00:22Z</time>
      </trkpt>
      <trkpt lat="44.182871" lon="7.216408">
        <ele>2380.0</ele>
        <time>2026-08-01T11:00:26Z</time>
      </trkpt>
      <trkpt lat="44.18286" lon="7.21642">
        <ele>2380.2</ele>
        <time>2026-08-01T11:00:32Z</time>
      </trkpt>
      <trkpt lat="44.182843" lon="7.216406">
        <ele>2380.4</ele>
        <time>2026-08-01T11:00:33Z</time>
      </trkpt>
      <trkpt lat="44.182833" lon="7.216412">
        <ele>2381.0</ele>
        <time>2026-08-01T11:00:40Z</time>
      </trkpt>
      <trkpt lat="44.18283" lon="7.216418">
        <ele>2381.2</ele>
        <time>2026-08-01T11:00:42Z</time>
      </trkpt>
      <trkpt lat="44.182852" lon="7.216414">
        <ele>2381.0</ele>
        <time>2026-08-01T11:00:46Z</time>
      </trkpt>
      <trkpt lat="44.182899" lon="7.216421">
        <ele>2380.4</ele>
        <time>2026-08-01T11:00:52Z</time>
      </trkpt>
      <trkpt lat="44.182918" lon="7.216362">
        <ele>2380.4</ele>
        <time>2026-08-01T11:00:59Z</time>
      </trkpt>
      <trkpt lat="44.182926" lon="7.216332">
        <ele>2381.2</ele>
        <time>2026-08-01T11:01:02Z</time>
      </trkpt>
      <trkpt lat="44.182948" lon="7.216328">
        <ele>2381.6</ele>
        <time>2026-08-01T11:01:07Z</time>
      </trkpt>
      <trkpt lat="44.18292" lon="7.216331">
        <ele>2380.2</ele>
        <time>2026-08-01T11:01:16Z</time>
      </trkpt>
      <trkpt lat="44.182905" lon="7.216328">
        <ele>2380.0</ele>
        <time>2026-08-01T11:01:17Z</time>
      </trkpt>
      <trkpt lat="44.182896" lon="7.216322">
        <ele>2379.4</ele>
        <time>2026-08-01T11:01:26Z</time>
      </trkpt>
      <trkpt lat="44.182896" lon="7.216329">
        <ele>2379.0</ele>
        <time>2026-08-01T11:01:30Z</time>
      </trkpt>
      <trkpt lat="44.182916" lon="7.216327">
        <ele>2378.2</ele>
        <time>2026-08-01T11:01:36Z</time>
      </trkpt>
      <trkpt lat="44.182916" lon="7.216324">
        <ele>2378.0</ele>
        <time>2026-08-01T11:01:39Z</time>
      </trkpt>
      <trkpt lat="44.182909" lon="7.216327">
        <ele>2377.8</ele>
        <time>2026-08-01T11:01:44Z</time>
      </trkpt>
      <trkpt lat="44.182876" lon="7.216339">
        <ele>2377.6</ele>
        <time>2026-08-01T11:01:49Z</time>
      </trkpt>
      <trkpt lat="44.182868" lon="7.216341">
        <ele>2377.8</ele>
        <time>2026-08-01T11:01:52Z</time>
      </trkpt>
      <trkpt lat="44.182927" lon="7.216325">
        <ele>2377.2</ele>
        <time>2026-08-01T11:02:00Z</time>
      </trkpt>
      <trkpt lat="44.182943" lon="7.216301">
        <ele>2377.0</ele>
        <time>2026-08-01T11:02:04Z</time>
      </trkpt>
      <trkpt lat="44.182936" lon="7.216324">
        <ele>2376.8</ele>
        <time>2026-08-01T11:02:11Z</time>
      </trkpt>
      <trkpt lat="44.182916" lon="7.216338">
        <ele>2377.0</ele>
        <time>2026-08-01T11:02:22Z</time>
      </trkpt>
      <trkpt lat="44.18293" lon="7.216326">
        <ele>2377.0</ele>
        <time>2026-08-01T11:02:32Z</time>
      </trkpt>
      <trkpt lat="44.182853" lon="7.216365">
        <ele>2370.6</ele>
        <time>2026-08-01T13:00:09Z</time>
      </trkpt>
      <trkpt lat="44.182853" lon="7.216362">
        <ele>2370.6</ele>
        <time>2026-08-01T13:00:10Z</time>
      </trkpt>
      <trkpt lat="44.182887" lon="7.216351">
        <ele>2370.8</ele>
        <time>2026-08-01T13:00:18Z</time>
      </trkpt>
      <trkpt lat="44.182889" lon="7.216326">
        <ele>2371.6</ele>
        <time>2026-08-01T13:00:28Z</time>
      </trkpt>
      <trkpt lat="44.182902" lon="7.216316">
        <ele>2372.0</ele>
        <time>2026-08-01T13:00:29Z</time>
      </trkpt>
      <trkpt lat="44.182948" lon="7.216274">
        <ele>2373.0</ele>
        <time>2026-08-01T13:00:36Z</time>
      </trkpt>
      <trkpt lat="44.182955" lon="7.216265">
        <ele>2373.6</ele>
        <time>2026-08-01T13:00:38Z</time>
      </trkpt>
      <trkpt lat="44.18295" lon="7.216226">
        <ele>2372.6</ele>
        <time>2026-08-01T13:00:47Z</time>
      </trkpt>
      <trkpt lat="44.182977" lon="7.216171">
        <ele>2372.0</ele>
        <time>2026-08-01T13:00:54Z</time>
      </trkpt>
      <trkpt lat="44.182979" lon="7.216163">
        <ele>2371.8</ele>
        <time>2026-08-01T13:00:55Z</time>
      </trkpt>
      <trkpt lat="44.182979" lon="7.216127">
        <ele>2371.0</ele>
        <time>2026-08-01T13:01:05Z</time>
      </trkpt>
      <trkpt lat="44.182994" lon="7.216108">
        <ele>2370.8</ele>
        <time>2026-08-01T13:01:11Z</time>
      </trkpt>
      <trkpt lat="44.182998" lon="7.216082">
        <ele>2370.4</ele>
        <time>2026-08-01T13:01:14Z</time>
      </trkpt>
      <trkpt lat="44.182996" lon="7.215968">
        <ele>2370.4</ele>
        <time>2026-08-01T13:01:23Z</time>
      </trkpt>
      <trkpt lat="44.182985" lon="7.215966">
        <ele>2370.6</ele>
        <time>2026-08-01T13:01:29Z</time>
      </trkpt>
      <trkpt lat="44.182982" lon="7.215944">
        <ele>2370.4</ele>
        <time>2026-08-01T13:01:33Z</time>
      </trkpt>
      <trkpt lat="44.183006" lon="7.215935">
        <ele>2369.8</ele>
        <time>2026-08-01T13:01:38Z</time>
      </trkpt>
      <trkpt lat="44.183009" lon="7.215939">
        <ele>2369.8</ele>
        <time>2026-08-01T13:01:39Z</time>
      </trkpt>
      <trkpt lat="44.183037" lon="7.215959">
        <ele>2369.2</ele>
        <time>2026-08-01T13:01:46Z</time>
      </trkpt>
      <trkpt lat="44.183049" lon="7.215954">
        <ele>2368.6</ele>
        <time>2026-08-01T13:01:49Z</time>
      </trkpt>
      <trkpt lat="44.183053" lon="7.215935">
        <ele>2368.2</ele>
        <time>2026-08-01T13:01:55Z</time>
      </trkpt>
      <trkpt lat="44.183088" lon="7.215903">
        <ele>2367.6</ele>
        <time>2026-08-01T13:02:00Z</time>
      </trkpt>
      <trkpt lat="44.183107" lon="7.215896">
        <ele>2367.0</ele>
        <time>2026-08-01T13:02:03Z</time>
      </trkpt>
      <trkpt lat="44.183123" lon="7.215897">
        <ele>2366.6</ele>
        <time>2026-08-01T13:02:07Z</time>
      </trkpt>
      <trkpt lat="44.183151" lon="7.215877">
        <ele>2365.4</ele>
        <time>2026-08-01T13:02:12Z</time>
      </trkpt>
      <trkpt lat="44.183178" lon="7.215894">
        <ele>2364.8</ele>
        <time>2026-08-01T13:02:20Z</time>
      </trkpt>
      <trkpt lat="44.183188" lon="7.215903">
        <ele>2364.2</ele>
        <time>2026-08-01T13:02:25Z</time>
      </trkpt>
      <trkpt lat="44.183206" lon="7.215912">
        <ele>2363.8</ele>
        <time>2026-08-01T13:02:28Z</time>
      </trkpt>
      <trkpt lat="44.18322" lon="7.215914">
        <ele>2363.6</ele>
        <time>2026-08-01T13:02:30Z</time>
      </trkpt>
      <trkpt lat="44.183245" lon="7.215923">
        <ele>2363.2</ele>
        <time>2026-08-01T13:02:34Z</time>
      </trkpt>
      <trkpt lat="44.183266" lon="7.215918">
        <ele>2362.4</ele>
        <time>2026-08-01T13:02:39Z</time>
      </trkpt>
      <trkpt lat="44.183293" lon="7.215898">
        <ele>2362.2</ele>
        <time>2026-08-01T13:02:44Z</time>
      </trkpt>
      <trkpt lat="44.183302" lon="7.215869">
        <ele>2361.6</ele>
        <time>2026-08-01T13:02:49Z</time>
      </trkpt>
      <trkpt lat="44.183313" lon="7.215862">
        <ele>2361.0</ele>
        <time>2026-08-01T13:02:52Z</time>
      </trkpt>
      <trkpt lat="44.183337" lon="7.215876">
        <ele>2360.4</ele>
        <time>2026-08-01T13:02:58Z</time>
      </trkpt>
      <trkpt lat="44.183345" lon="7.215924">
        <ele>2360.0</ele>
        <time>2026-08-01T13:03:04Z</time>
      </trkpt>
      <trkpt lat="44.183347" lon="7.215947">
        <ele>2360.0</ele>
        <time>2026-08-01T13:03:06Z</time>
      </trkpt>
      <trkpt lat="44.183364" lon="7.216008">
        <ele>2359.8</ele>
        <time>2026-08-01T13:03:10Z</time>
      </trkpt>
      <trkpt lat="44.183382" lon="7.216039">
        <ele>2359.0</ele>
        <time>2026-08-01T13:03:14Z</time>
      </trkpt>
      <trkpt lat="44.183386" lon="7.216048">
        <ele>2359.0</ele>
        <time>2026-08-01T13:03:15Z</time>
      </trkpt>
      <trkpt lat="44.183423" lon="7.216094">
        <ele>2357.8</ele>
        <time>2026-08-01T13:03:22Z</time>
      </trkpt>
      <trkpt lat="44.183437" lon="7.216081">
        <ele>2357.4</ele>
        <time>2026-08-01T13:03:24Z</time>
      </trkpt>
      <trkpt lat="44.183442" lon="7.216051">
        <ele>2356.8</ele>
        <time>2026-08-01T13:03:27Z</time>
      </trkpt>
      <trkpt lat="44.183444" lon="7.215989">
        <ele>2356.2</ele>
        <time>2026-08-01T13:03:32Z</time>
      </trkpt>
      <trkpt lat="44.183454" lon="7.215927">
        <ele>2356.0</ele>
        <time>2026-08-01T13:03:38Z</time>
      </trkpt>
      <trkpt lat="44.183456" lon="7.215923">
        <ele>2355.8</ele>
        <time>2026-08-01T13:03:39Z</time>
      </trkpt>
      <trkpt lat="44.183459" lon="7.215918">
        <ele>2355.4</ele>
        <time>2026-08-01T13:03:40Z</time>
      </trkpt>
      <trkpt lat="44.183489" lon="7.215892">
        <ele>2354.4</ele>
        <time>2026-08-01T13:03:45Z</time>
      </trkpt>
      <trkpt lat="44.183501" lon="7.215873">
        <ele>2354.0</ele>
        <time>2026-08-01T13:03:48Z</time>
      </trkpt>
      <trkpt lat="44.183516" lon="7.215799">
        <ele>2353.4</ele>
        <time>2026-08-01T13:03:56Z</time>
      </trkpt>
      <trkpt lat="44.183519" lon="7.215782">
        <ele>2353.4</ele>
        <time>2026-08-01T13:03:57Z</time>
      </trkpt>
      <trkpt lat="44.183575" lon="7.215659">
        <ele>2352.2</ele>
        <time>2026-08-01T13:04:08Z</time>
      </trkpt>
      <trkpt lat="44.183648" lon="7.215616">
        <ele>2351.2</ele>
        <time>2026-08-01T13:04:16Z</time>
      </trkpt>
      <trkpt lat="44.183673" lon="7.2156">
        <ele>2351.0</ele>
        <time>2026-08-01T13:04:19Z</time>
      </trkpt>
      <trkpt lat="44.183738" lon="7.215551">
        <ele>2350.2</ele>
        <time>2026-08-01T13:04:26Z</time>
      </trkpt>
      <trkpt lat="44.183781" lon="7.215516">
        <ele>2349.2</ele>
        <time>2026-08-01T13:04:31Z</time>
      </trkpt>
      <trkpt lat="44.183854" lon="7.21553">
        <ele>2350.4</ele>
        <time>2026-08-01T13:04:40Z</time>
      </trkpt>
      <trkpt lat="44.18389" lon="7.215554">
        <ele>2351.2</ele>
        <time>2026-08-01T13:04:45Z</time>
      </trkpt>
      <trkpt lat="44.183891" lon="7.215555">
        <ele>2351.4</ele>
        <time>2026-08-01T13:04:46Z</time>
      </trkpt>
      <trkpt lat="44.183901" lon="7.215555">
        <ele>2351.8</ele>
        <time>2026-08-01T13:04:48Z</time>
      </trkpt>
      <trkpt lat="44.183934" lon="7.215542">
        <ele>2352.4</ele>
        <time>2026-08-01T13:04:52Z</time>
      </trkpt>
      <trkpt lat="44.183967" lon="7.215523">
        <ele>2353.2</ele>
        <time>2026-08-01T13:04:57Z</time>
      </trkpt>
      <trkpt lat="44.183973" lon="7.215525">
        <ele>2353.4</ele>
        <time>2026-08-01T13:04:59Z</time>
      </trkpt>
      <trkpt lat="44.184022" lon="7.215526">
        <ele>2353.8</ele>
        <time>2026-08-01T13:05:03Z</time>
      </trkpt>
      <trkpt lat="44.184051" lon="7.215531">
        <ele>2354.4</ele>
        <time>2026-08-01T13:05:06Z</time>
      </trkpt>
      <trkpt lat="44.184101" lon="7.215543">
        <ele>2355.0</ele>
        <time>2026-08-01T13:05:12Z</time>
      </trkpt>
      <trkpt lat="44.184126" lon="7.215533">
        <ele>2355.6</ele>
        <time>2026-08-01T13:05:15Z</time>
      </trkpt>
      <trkpt lat="44.18415" lon="7.215512">
        <ele>2356.6</ele>
        <time>2026-08-01T13:05:20Z</time>
      </trkpt>
      <trkpt lat="44.184172" lon="7.215509">
        <ele>2356.6</ele>
        <time>2026-08-01T13:05:22Z</time>
      </trkpt>
      <trkpt lat="44.184246" lon="7.215458">
        <ele>2356.2</ele>
        <time>2026-08-01T13:05:30Z</time>
      </trkpt>
      <trkpt lat="44.184291" lon="7.215443">
        <ele>2356.2</ele>
        <time>2026-08-01T13:05:38Z</time>
      </trkpt>
      <trkpt lat="44.18431" lon="7.215353">
        <ele>2357.0</ele>
        <time>2026-08-01T13:05:48Z</time>
      </trkpt>
      <trkpt lat="44.184323" lon="7.215283">
        <ele>2357.8</ele>
        <time>2026-08-01T13:05:53Z</time>
      </trkpt>
      <trkpt lat="44.184343" lon="7.215242">
        <ele>2358.0</ele>
        <time>2026-08-01T13:05:56Z</time>
      </trkpt>
      <trkpt lat="44.184387" lon="7.215187">
        <ele>2358.8</ele>
        <time>2026-08-01T13:06:03Z</time>
      </trkpt>
      <trkpt lat="44.184392" lon="7.215174">
        <ele>2359.0</ele>
        <time>2026-08-01T13:06:05Z</time>
      </trkpt>
      <trkpt lat="44.184392" lon="7.215164">
        <ele>2359.4</ele>
        <time>2026-08-01T13:06:07Z</time>
      </trkpt>
      <trkpt lat="44.1844" lon="7.215142">
        <ele>2359.8</ele>
        <time>2026-08-01T13:06:10Z</time>
      </trkpt>
      <trkpt lat="44.184408" lon="7.215123">
        <ele>2360.0</ele>
        <time>2026-08-01T13:06:12Z</time>
      </trkpt>
      <trkpt lat="44.184418" lon="7.215106">
        <ele>2360.4</ele>
        <time>2026-08-01T13:06:15Z</time>
      </trkpt>
      <trkpt lat="44.184422" lon="7.215084">
        <ele>2360.8</ele>
        <time>2026-08-01T13:06:18Z</time>
      </trkpt>
      <trkpt lat="44.184426" lon="7.215004">
        <ele>2361.4</ele>
        <time>2026-08-01T13:06:24Z</time>
      </trkpt>
      <trkpt lat="44.184418" lon="7.214965">
        <ele>2362.0</ele>
        <time>2026-08-01T13:06:27Z</time>
      </trkpt>
      <trkpt lat="44.184386" lon="7.214893">
        <ele>2362.8</ele>
        <time>2026-08-01T13:06:33Z</time>
      </trkpt>
      <trkpt lat="44.184375" lon="7.214875">
        <ele>2363.0</ele>
        <time>2026-08-01T13:06:35Z</time>
      </trkpt>
      <trkpt lat="44.184361" lon="7.214821">
        <ele>2364.2</ele>
        <time>2026-08-01T13:06:41Z</time>
      </trkpt>
      <trkpt lat="44.184353" lon="7.214754">
        <ele>2365.4</ele>
        <time>2026-08-01T13:06:46Z</time>
      </trkpt>
      <trkpt lat="44.184358" lon="7.214737">
        <ele>2366.0</ele>
        <time>2026-08-01T13:06:49Z</time>
      </trkpt>
      <trkpt lat="44.184368" lon="7.214723">
        <ele>2366.6</ele>
        <time>2026-08-01T13:06:51Z</time>
      </trkpt>
      <trkpt lat="44.184378" lon="7.214715">
        <ele>2367.0</ele>
        <time>2026-08-01T13:06:53Z</time>
      </trkpt>
      <trkpt lat="44.18439" lon="7.214714">
        <ele>2367.6</ele>
        <time>2026-08-01T13:06:56Z</time>
      </trkpt>
      <trkpt lat="44.184393" lon="7.214712">
        <ele>2367.8</ele>
        <time>2026-08-01T13:06:57Z</time>
      </trkpt>
      <trkpt lat="44.184408" lon="7.214686">
        <ele>2368.6</ele>
        <time>2026-08-01T13:07:03Z</time>
      </trkpt>
      <trkpt lat="44.184406" lon="7.214677">
        <ele>2368.8</ele>
        <time>2026-08-01T13:07:05Z</time>
      </trkpt>
      <trkpt lat="44.184383" lon="7.214658">
        <ele>2369.8</ele>
        <time>2026-08-01T13:07:10Z</time>
      </trkpt>
      <trkpt lat="44.184373" lon="7.214642">
        <ele>2370.6</ele>
        <time>2026-08-01T13:07:13Z</time>
      </trkpt>
      <trkpt lat="44.184367" lon="7.214635">
        <ele>2370.8</ele>
        <time>2026-08-01T13:07:14Z</time>
      </trkpt>
      <trkpt lat="44.184346" lon="7.214612">
        <ele>2371.8</ele>
        <time>2026-08-01T13:07:18Z</time>
      </trkpt>
      <trkpt lat="44.184324" lon="7.214596">
        <ele>2372.6</ele>
        <time>2026-08-01T13:07:21Z</time>
      </trkpt>
      <trkpt lat="44.184318" lon="7.214592">
        <ele>2372.8</ele>
        <time>2026-08-01T13:07:22Z</time>
      </trkpt>
      <trkpt lat="44.184295" lon="7.214592">
        <ele>2373.8</ele>
        <time>2026-08-01T13:07:27Z</time>
      </trkpt>
      <trkpt lat="44.184271" lon="7.214563">
        <ele>2374.6</ele>
        <time>2026-08-01T13:07:31Z</time>
      </trkpt>
      <trkpt lat="44.184266" lon="7.214551">
        <ele>2374.8</ele>
        <time>2026-08-01T13:07:32Z</time>
      </trkpt>
      <trkpt lat="44.18425" lon="7.214526">
        <ele>2375.4</ele>
        <time>2026-08-01T13:07:35Z</time>
      </trkpt>
      <trkpt lat="44.184239" lon="7.21451">
        <ele>2375.6</ele>
        <time>2026-08-01T13:07:37Z</time>
      </trkpt>
      <trkpt lat="44.184232" lon="7.214499">
        <ele>2375.8</ele>
        <time>2026-08-01T13:07:38Z</time>
      </trkpt>
      <trkpt lat="44.184225" lon="7.214491">
        <ele>2376.0</ele>
        <time>2026-08-01T13:07:39Z</time>
      </trkpt>
      <trkpt lat="44.184221" lon="7.214485">
        <ele>2376.2</ele>
        <time>2026-08-01T13:07:40Z</time>
      </trkpt>
      <trkpt lat="44.184157" lon="7.214453">
        <ele>2377.0</ele>
        <time>2026-08-01T13:07:48Z</time>
      </trkpt>
      <trkpt lat="44.184145" lon="7.214433">
        <ele>2377.2</ele>
        <time>2026-08-01T13:07:50Z</time>
      </trkpt>
      <trkpt lat="44.184129" lon="7.214365">
        <ele>2378.0</ele>
        <time>2026-08-01T13:07:55Z</time>
      </trkpt>
      <trkpt lat="44.184135" lon="7.214356">
        <ele>2378.0</ele>
        <time>2026-08-01T13:07:56Z</time>
      </trkpt>
      <trkpt lat="44.184139" lon="7.214348">
        <ele>2378.4</ele>
        <time>2026-08-01T13:07:57Z</time>
      </trkpt>
      <trkpt lat="44.184172" lon="7.214372">
        <ele>2379.2</ele>
        <time>2026-08-01T13:08:02Z</time>
      </trkpt>
      <trkpt lat="44.184191" lon="7.21439">
        <ele>2379.4</ele>
        <time>2026-08-01T13:08:04Z</time>
      </trkpt>
      <trkpt lat="44.18425" lon="7.214432">
        <ele>2380.4</ele>
        <time>2026-08-01T13:08:11Z</time>
      </trkpt>
      <trkpt lat="44.184284" lon="7.214442">
        <ele>2381.4</ele>
        <time>2026-08-01T13:08:14Z</time>
      </trkpt>
      <trkpt lat="44.184295" lon="7.214444">
        <ele>2381.8</ele>
        <time>2026-08-01T13:08:15Z</time>
      </trkpt>
      <trkpt lat="44.18432" lon="7.21445">
        <ele>2382.6</ele>
        <time>2026-08-01T13:08:17Z</time>
      </trkpt>
      <trkpt lat="44.184375" lon="7.21445">
        <ele>2382.4</ele>
        <time>2026-08-01T13:08:23Z</time>
      </trkpt>
      <trkpt lat="44.184377" lon="7.214448">
        <ele>2382.4</ele>
        <time>2026-08-01T13:08:24Z</time>
      </trkpt>
      <trkpt lat="44.184402" lon="7.21441">
        <ele>2383.8</ele>
        <time>2026-08-01T13:08:30Z</time>
      </trkpt>
      <trkpt lat="44.184383" lon="7.214396">
        <ele>2384.0</ele>
        <time>2026-08-01T13:08:32Z</time>
      </trkpt>
      <trkpt lat="44.184336" lon="7.214372">
        <ele>2385.0</ele>
        <time>2026-08-01T13:08:39Z</time>
      </trkpt>
      <trkpt lat="44.184325" lon="7.214361">
        <ele>2386.2</ele>
        <time>2026-08-01T13:08:42Z</time>
      </trkpt>
      <trkpt lat="44.184301" lon="7.21435">
        <ele>2387.2</ele>
        <time>2026-08-01T13:08:45Z</time>
      </trkpt>
      <trkpt lat="44.184284" lon="7.214338">
        <ele>2387.4</ele>
        <time>2026-08-01T13:08:49Z</time>
      </trkpt>
      <trkpt lat="44.184277" lon="7.21433">
        <ele>2387.4</ele>
        <time>2026-08-01T13:08:50Z</time>
      </trkpt>
      <trkpt lat="44.184267" lon="7.214319">
        <ele>2387.4</ele>
        <time>2026-08-01T13:08:52Z</time>
      </trkpt>
      <trkpt lat="44.184237" lon="7.214286">
        <ele>2387.8</ele>
        <time>2026-08-01T13:08:56Z</time>
      </trkpt>
      <trkpt lat="44.184228" lon="7.214246">
        <ele>2388.2</ele>
        <time>2026-08-01T13:09:01Z</time>
      </trkpt>
      <trkpt lat="44.184215" lon="7.21419">
        <ele>2388.4</ele>
        <time>2026-08-01T13:09:04Z</time>
      </trkpt>
      <trkpt lat="44.184217" lon="7.214106">
        <ele>2389.4</ele>
        <time>2026-08-01T13:09:12Z</time>
      </trkpt>
      <trkpt lat="44.184248" lon="7.214069">
        <ele>2390.4</ele>
        <time>2026-08-01T13:09:18Z</time>
      </trkpt>
      <trkpt lat="44.184252" lon="7.214077">
        <ele>2390.4</ele>
        <time>2026-08-01T13:09:19Z</time>
      </trkpt>
      <trkpt lat="44.184259" lon="7.214083">
        <ele>2390.6</ele>
        <time>2026-08-01T13:09:20Z</time>
      </trkpt>
      <trkpt lat="44.184282" lon="7.214119">
        <ele>2391.4</ele>
        <time>2026-08-01T13:09:25Z</time>
      </trkpt>
      <trkpt lat="44.184289" lon="7.214121">
        <ele>2392.4</ele>
        <time>2026-08-01T13:09:29Z</time>
      </trkpt>
      <trkpt lat="44.184289" lon="7.214109">
        <ele>2392.6</ele>
        <time>2026-08-01T13:09:30Z</time>
      </trkpt>
      <trkpt lat="44.184302" lon="7.214019">
        <ele>2393.2</ele>
        <time>2026-08-01T13:09:36Z</time>
      </trkpt>
      <trkpt lat="44.184304" lon="7.213985">
        <ele>2393.6</ele>
        <time>2026-08-01T13:09:39Z</time>
      </trkpt>
      <trkpt lat="44.184319" lon="7.21395">
        <ele>2394.2</ele>
        <time>2026-08-01T13:09:44Z</time>
      </trkpt>
      <trkpt lat="44.184341" lon="7.213918">
        <ele>2394.8</ele>
        <time>2026-08-01T13:09:49Z</time>
      </trkpt>
      <trkpt lat="44.184361" lon="7.213892">
        <ele>2395.2</ele>
        <time>2026-08-01T13:09:52Z</time>
      </trkpt>
      <trkpt lat="44.184378" lon="7.213858">
        <ele>2395.6</ele>
        <time>2026-08-01T13:09:55Z</time>
      </trkpt>
      <trkpt lat="44.184381" lon="7.213851">
        <ele>2395.8</ele>
        <time>2026-08-01T13:09:56Z</time>
      </trkpt>
      <trkpt lat="44.184396" lon="7.213809">
        <ele>2396.2</ele>
        <time>2026-08-01T13:10:00Z</time>
      </trkpt>
      <trkpt lat="44.184412" lon="7.213778">
        <ele>2396.4</ele>
        <time>2026-08-01T13:10:04Z</time>
      </trkpt>
      <trkpt lat="44.184441" lon="7.213734">
        <ele>2396.0</ele>
        <time>2026-08-01T13:10:07Z</time>
      </trkpt>
      <trkpt lat="44.184495" lon="7.213604">
        <ele>2395.2</ele>
        <time>2026-08-01T13:10:16Z</time>
      </trkpt>
      <trkpt lat="44.184512" lon="7.213564">
        <ele>2394.8</ele>
        <time>2026-08-01T13:10:19Z</time>
      </trkpt>
      <trkpt lat="44.184563" lon="7.21351">
        <ele>2394.4</ele>
        <time>2026-08-01T13:10:25Z</time>
      </trkpt>
      <trkpt lat="44.184598" lon="7.213507">
        <ele>2394.4</ele>
        <time>2026-08-01T13:10:29Z</time>
      </trkpt>
      <trkpt lat="44.184625" lon="7.213514">
        <ele>2394.2</ele>
        <time>2026-08-01T13:10:31Z</time>
      </trkpt>
      <trkpt lat="44.184685" lon="7.213526">
        <ele>2393.8</ele>
        <time>2026-08-01T13:10:36Z</time>
      </trkpt>
      <trkpt lat="44.184711" lon="7.213534">
        <ele>2393.8</ele>
        <time>2026-08-01T13:10:38Z</time>
      </trkpt>
      <trkpt lat="44.18476" lon="7.213542">
        <ele>2393.8</ele>
        <time>2026-08-01T13:10:42Z</time>
      </trkpt>
      <trkpt lat="44.1848" lon="7.213569">
        <ele>2393.6</ele>
        <time>2026-08-01T13:10:46Z</time>
      </trkpt>
      <trkpt lat="44.184882" lon="7.213553">
        <ele>2393.6</ele>
        <time>2026-08-01T13:10:53Z</time>
      </trkpt>
      <trkpt lat="44.184921" lon="7.213621">
        <ele>2392.6</ele>
        <time>2026-08-01T13:11:00Z</time>
      </trkpt>
      <trkpt lat="44.184962" lon="7.213736">
        <ele>2391.6</ele>
        <time>2026-08-01T13:11:07Z</time>
      </trkpt>
      <trkpt lat="44.184972" lon="7.213744">
        <ele>2391.6</ele>
        <time>2026-08-01T13:11:08Z</time>
      </trkpt>
      <trkpt lat="44.185007" lon="7.213743">
        <ele>2391.2</ele>
        <time>2026-08-01T13:11:11Z</time>
      </trkpt>
      <trkpt lat="44.185041" lon="7.213716">
        <ele>2390.8</ele>
        <time>2026-08-01T13:11:14Z</time>
      </trkpt>
      <trkpt lat="44.185054" lon="7.213706">
        <ele>2390.6</ele>
        <time>2026-08-01T13:11:15Z</time>
      </trkpt>
      <trkpt lat="44.185133" lon="7.213678">
        <ele>2389.6</ele>
        <time>2026-08-01T13:11:22Z</time>
      </trkpt>
      <trkpt lat="44.185144" lon="7.213678">
        <ele>2389.6</ele>
        <time>2026-08-01T13:11:23Z</time>
      </trkpt>
      <trkpt lat="44.185195" lon="7.213646">
        <ele>2388.6</ele>
        <time>2026-08-01T13:11:29Z</time>
      </trkpt>
      <trkpt lat="44.185216" lon="7.213641">
        <ele>2388.2</ele>
        <time>2026-08-01T13:11:31Z</time>
      </trkpt>
      <trkpt lat="44.185247" lon="7.213648">
        <ele>2388.0</ele>
        <time>2026-08-01T13:11:34Z</time>
      </trkpt>
      <trkpt lat="44.185281" lon="7.213666">
        <ele>2387.6</ele>
        <time>2026-08-01T13:11:38Z</time>
      </trkpt>
      <trkpt lat="44.185287" lon="7.213679">
        <ele>2386.4</ele>
        <time>2026-08-01T13:11:44Z</time>
      </trkpt>
      <trkpt lat="44.185285" lon="7.213679">
        <ele>2386.4</ele>
        <time>2026-08-01T13:11:45Z</time>
      </trkpt>
      <trkpt lat="44.185266" lon="7.213683">
        <ele>2386.8</ele>
        <time>2026-08-01T13:11:50Z</time>
      </trkpt>
      <trkpt lat="44.185269" lon="7.213686">
        <ele>2387.0</ele>
        <time>2026-08-01T13:11:52Z</time>
      </trkpt>
      <trkpt lat="44.185267" lon="7.213699">
        <ele>2386.8</ele>
        <time>2026-08-01T13:11:54Z</time>
      </trkpt>
      <trkpt lat="44.185269" lon="7.213734">
        <ele>2386.0</ele>
        <time>2026-08-01T13:11:58Z</time>
      </trkpt>
      <trkpt lat="44.18529" lon="7.213742">
        <ele>2386.0</ele>
        <time>2026-08-01T13:12:02Z</time>
      </trkpt>
      <trkpt lat="44.185304" lon="7.213727">
        <ele>2385.0</ele>
        <time>2026-08-01T13:12:05Z</time>
      </trkpt>
      <trkpt lat="44.18531" lon="7.213724">
        <ele>2384.0</ele>
        <time>2026-08-01T13:12:07Z</time>
      </trkpt>
      <trkpt lat="44.185308" lon="7.213737">
        <ele>2383.0</ele>
        <time>2026-08-01T13:12:10Z</time>
      </trkpt>
      <trkpt lat="44.185303" lon="7.213741">
        <ele>2383.0</ele>
        <time>2026-08-01T13:12:11Z</time>
      </trkpt>
      <trkpt lat="44.185318" lon="7.213808">
        <ele>2382.4</ele>
        <time>2026-08-01T13:12:18Z</time>
      </trkpt>
      <trkpt lat="44.185338" lon="7.213803">
        <ele>2381.8</ele>
        <time>2026-08-01T13:12:20Z</time>
      </trkpt>
      <trkpt lat="44.185374" lon="7.213786">
        <ele>2381.6</ele>
        <time>2026-08-01T13:12:25Z</time>
      </trkpt>
      <trkpt lat="44.185402" lon="7.213764">
        <ele>2380.6</ele>
        <time>2026-08-01T13:12:30Z</time>
      </trkpt>
      <trkpt lat="44.185421" lon="7.213744">
        <ele>2379.6</ele>
        <time>2026-08-01T13:12:33Z</time>
      </trkpt>
      <trkpt lat="44.18543" lon="7.213738">
        <ele>2379.2</ele>
        <time>2026-08-01T13:12:34Z</time>
      </trkpt>
      <trkpt lat="44.185447" lon="7.213727">
        <ele>2378.4</ele>
        <time>2026-08-01T13:12:36Z</time>
      </trkpt>
      <trkpt lat="44.185476" lon="7.21371">
        <ele>2377.4</ele>
        <time>2026-08-01T13:12:40Z</time>
      </trkpt>
      <trkpt lat="44.185516" lon="7.213683">
        <ele>2376.4</ele>
        <time>2026-08-01T13:12:46Z</time>
      </trkpt>
      <trkpt lat="44.185517" lon="7.213684">
        <ele>2376.4</ele>
        <time>2026-08-01T13:12:47Z</time>
      </trkpt>
      <trkpt lat="44.185563" lon="7.213651">
        <ele>2376.2</ele>
        <time>2026-08-01T13:12:52Z</time>
      </trkpt>
      <trkpt lat="44.185586" lon="7.21359">
        <ele>2376.2</ele>
        <time>2026-08-01T13:12:57Z</time>
      </trkpt>
      <trkpt lat="44.18561" lon="7.213555">
        <ele>2376.6</ele>
        <time>2026-08-01T13:13:01Z</time>
      </trkpt>
      <trkpt lat="44.185634" lon="7.213553">
        <ele>2377.4</ele>
        <time>2026-08-01T13:13:04Z</time>
      </trkpt>
      <trkpt lat="44.185659" lon="7.21357">
        <ele>2378.6</ele>
        <time>2026-08-01T13:13:08Z</time>
      </trkpt>
      <trkpt lat="44.185663" lon="7.213567">
        <ele>2379.6</ele>
        <time>2026-08-01T13:13:11Z</time>
      </trkpt>
      <trkpt lat="44.185663" lon="7.213564">
        <ele>2379.8</ele>
        <time>2026-08-01T13:13:12Z</time>
      </trkpt>
      <trkpt lat="44.185662" lon="7.213543">
        <ele>2379.6</ele>
        <time>2026-08-01T13:13:15Z</time>
      </trkpt>
      <trkpt lat="44.185661" lon="7.213532">
        <ele>2379.6</ele>
        <time>2026-08-01T13:13:16Z</time>
      </trkpt>
      <trkpt lat="44.185662" lon="7.213524">
        <ele>2379.4</ele>
        <time>2026-08-01T13:13:17Z</time>
      </trkpt>
      <trkpt lat="44.185677" lon="7.213522">
        <ele>2379.8</ele>
        <time>2026-08-01T13:13:25Z</time>
      </trkpt>
      <trkpt lat="44.185674" lon="7.213526">
        <ele>2379.2</ele>
        <time>2026-08-01T13:13:27Z</time>
      </trkpt>
      <trkpt lat="44.185678" lon="7.213527">
        <ele>2378.4</ele>
        <time>2026-08-01T13:13:29Z</time>
      </trkpt>
      <trkpt lat="44.185678" lon="7.213533">
        <ele>2377.8</ele>
        <time>2026-08-01T13:13:32Z</time>
      </trkpt>
      <trkpt lat="44.18568" lon="7.21354">
        <ele>2377.6</ele>
        <time>2026-08-01T13:13:34Z</time>
      </trkpt>
      <trkpt lat="44.185681" lon="7.213539">
        <ele>2377.2</ele>
        <time>2026-08-01T13:13:36Z</time>
      </trkpt>
      <trkpt lat="44.185677" lon="7.213557">
        <ele>2377.8</ele>
        <time>2026-08-01T13:13:41Z</time>
      </trkpt>
      <trkpt lat="44.185673" lon="7.213572">
        <ele>2378.0</ele>
        <time>2026-08-01T13:13:45Z</time>
      </trkpt>
      <trkpt lat="44.185634" lon="7.213563">
        <ele>2377.4</ele>
        <time>2026-08-01T13:13:53Z</time>
      </trkpt>
      <trkpt lat="44.185594" lon="7.213566">
        <ele>2377.6</ele>
        <time>2026-08-01T13:14:01Z</time>
      </trkpt>
      <trkpt lat="44.18553" lon="7.213628">
        <ele>2376.6</ele>
        <time>2026-08-01T13:14:10Z</time>
      </trkpt>
      <trkpt lat="44.185505" lon="7.213659">
        <ele>2376.8</ele>
        <time>2026-08-01T13:14:16Z</time>
      </trkpt>
      <trkpt lat="44.185508" lon="7.213658">
        <ele>2377.0</ele>
        <time>2026-08-01T13:14:19Z</time>
      </trkpt>
      <trkpt lat="44.185522" lon="7.213642">
        <ele>2377.0</ele>
        <time>2026-08-01T13:14:24Z</time>
      </trkpt>
      <trkpt lat="44.18553" lon="7.213667">
        <ele>2376.8</ele>
        <time>2026-08-01T13:14:28Z</time>
      </trkpt>
      <trkpt lat="44.185518" lon="7.213724">
        <ele>2376.2</ele>
        <time>2026-08-01T13:14:32Z</time>
      </trkpt>
      <trkpt lat="44.185514" lon="7.213748">
        <ele>2375.8</ele>
        <time>2026-08-01T13:14:35Z</time>
      </trkpt>
      <trkpt lat="44.185511" lon="7.213782">
        <ele>2375.2</ele>
        <time>2026-08-01T13:14:38Z</time>
      </trkpt>
      <trkpt lat="44.185507" lon="7.21384">
        <ele>2374.2</ele>
        <time>2026-08-01T13:14:44Z</time>
      </trkpt>
      <trkpt lat="44.185503" lon="7.213883">
        <ele>2373.0</ele>
        <time>2026-08-01T13:14:50Z</time>
      </trkpt>
      <trkpt lat="44.185495" lon="7.2139">
        <ele>2372.6</ele>
        <time>2026-08-01T13:14:52Z</time>
      </trkpt>
      <trkpt lat="44.185466" lon="7.213947">
        <ele>2372.0</ele>
        <time>2026-08-01T13:14:56Z</time>
      </trkpt>
      <trkpt lat="44.18545" lon="7.213984">
        <ele>2371.8</ele>
        <time>2026-08-01T13:15:01Z</time>
      </trkpt>
      <trkpt lat="44.185447" lon="7.213996">
        <ele>2371.6</ele>
        <time>2026-08-01T13:15:02Z</time>
      </trkpt>
      <trkpt lat="44.185436" lon="7.214027">
        <ele>2371.0</ele>
        <time>2026-08-01T13:15:05Z</time>
      </trkpt>
      <trkpt lat="44.185424" lon="7.21407">
        <ele>2370.6</ele>
        <time>2026-08-01T13:15:11Z</time>
      </trkpt>
      <trkpt lat="44.185423" lon="7.214091">
        <ele>2370.4</ele>
        <time>2026-08-01T13:15:16Z</time>
      </trkpt>
      <trkpt lat="44.185424" lon="7.214095">
        <ele>2370.0</ele>
        <time>2026-08-01T13:15:18Z</time>
      </trkpt>
      <trkpt lat="44.185429" lon="7.214091">
        <ele>2369.6</ele>
        <time>2026-08-01T13:15:19Z</time>
      </trkpt>
      <trkpt lat="44.185441" lon="7.214087">
        <ele>2368.8</ele>
        <time>2026-08-01T13:15:21Z</time>
      </trkpt>
      <trkpt lat="44.185471" lon="7.214087">
        <ele>2367.6</ele>
        <time>2026-08-01T13:15:25Z</time>
      </trkpt>
      <trkpt lat="44.185479" lon="7.214092">
        <ele>2367.4</ele>
        <time>2026-08-01T13:15:26Z</time>
      </trkpt>
      <trkpt lat="44.185507" lon="7.214107">
        <ele>2366.6</ele>
        <time>2026-08-01T13:15:29Z</time>
      </trkpt>
      <trkpt lat="44.185523" lon="7.214131">
        <ele>2365.2</ele>
        <time>2026-08-01T13:15:33Z</time>
      </trkpt>
      <trkpt lat="44.185524" lon="7.214136">
        <ele>2365.0</ele>
        <time>2026-08-01T13:15:34Z</time>
      </trkpt>
      <trkpt lat="44.185533" lon="7.214133">
        <ele>2364.2</ele>
        <time>2026-08-01T13:15:37Z</time>
      </trkpt>
      <trkpt lat="44.185549" lon="7.214124">
        <ele>2363.8</ele>
        <time>2026-08-01T13:15:40Z</time>
      </trkpt>
      <trkpt lat="44.18556" lon="7.214129">
        <ele>2363.6</ele>
        <time>2026-08-01T13:15:42Z</time>
      </trkpt>
      <trkpt lat="44.185574" lon="7.214134">
        <ele>2363.2</ele>
        <time>2026-08-01T13:15:44Z</time>
      </trkpt>
      <trkpt lat="44.185601" lon="7.214149">
        <ele>2362.0</ele>
        <time>2026-08-01T13:15:49Z</time>
      </trkpt>
      <trkpt lat="44.185607" lon="7.214151">
        <ele>2361.6</ele>
        <time>2026-08-01T13:15:51Z</time>
      </trkpt>
      <trkpt lat="44.185629" lon="7.214165">
        <ele>2360.8</ele>
        <time>2026-08-01T13:15:54Z</time>
      </trkpt>
      <trkpt lat="44.185668" lon="7.21415">
        <ele>2360.2</ele>
        <time>2026-08-01T13:15:59Z</time>
      </trkpt>
      <trkpt lat="44.185671" lon="7.214143">
        <ele>2360.2</ele>
        <time>2026-08-01T13:16:00Z</time>
      </trkpt>
      <trkpt lat="44.185701" lon="7.214133">
        <ele>2359.8</ele>
        <time>2026-08-01T13:16:04Z</time>
      </trkpt>
      <trkpt lat="44.185736" lon="7.214143">
        <ele>2358.8</ele>
        <time>2026-08-01T13:16:09Z</time>
      </trkpt>
      <trkpt lat="44.185757" lon="7.21416">
        <ele>2358.4</ele>
        <time>2026-08-01T13:16:11Z</time>
      </trkpt>
      <trkpt lat="44.185785" lon="7.214132">
        <ele>2357.6</ele>
        <time>2026-08-01T13:16:18Z</time>
      </trkpt>
      <trkpt lat="44.185793" lon="7.214123">
        <ele>2357.2</ele>
        <time>2026-08-01T13:16:19Z</time>
      </trkpt>
      <trkpt lat="44.185809" lon="7.214067">
        <ele>2356.4</ele>
        <time>2026-08-01T13:16:23Z</time>
      </trkpt>
      <trkpt lat="44.185844" lon="7.214001">
        <ele>2355.6</ele>
        <time>2026-08-01T13:16:28Z</time>
      </trkpt>
      <trkpt lat="44.185864" lon="7.21398">
        <ele>2355.2</ele>
        <time>2026-08-01T13:16:30Z</time>
      </trkpt>
      <trkpt lat="44.18594" lon="7.213913">
        <ele>2354.6</ele>
        <time>2026-08-01T13:16:37Z</time>
      </trkpt>
      <trkpt lat="44.185994" lon="7.213843">
        <ele>2354.2</ele>
        <time>2026-08-01T13:16:43Z</time>
      </trkpt>
      <trkpt lat="44.186001" lon="7.213829">
        <ele>2354.0</ele>
        <time>2026-08-01T13:16:44Z</time>
      </trkpt>
      <trkpt lat="44.186021" lon="7.21378">
        <ele>2352.8</ele>
        <time>2026-08-01T13:16:49Z</time>
      </trkpt>
      <trkpt lat="44.186026" lon="7.213767">
        <ele>2352.6</ele>
        <time>2026-08-01T13:16:50Z</time>
      </trkpt>
      <trkpt lat="44.186054" lon="7.213736">
        <ele>2351.8</ele>
        <time>2026-08-01T13:16:54Z</time>
      </trkpt>
      <trkpt lat="44.186077" lon="7.213689">
        <ele>2351.0</ele>
        <time>2026-08-01T13:16:59Z</time>
      </trkpt>
      <trkpt lat="44.18608" lon="7.213663">
        <ele>2350.8</ele>
        <time>2026-08-01T13:17:01Z</time>
      </trkpt>
      <trkpt lat="44.186115" lon="7.213588">
        <ele>2349.8</ele>
        <time>2026-08-01T13:17:07Z</time>
      </trkpt>
      <trkpt lat="44.186121" lon="7.213577">
        <ele>2349.6</ele>
        <time>2026-08-01T13:17:08Z</time>
      </trkpt>
      <trkpt lat="44.186137" lon="7.213557">
        <ele>2348.6</ele>
        <time>2026-08-01T13:17:12Z</time>
      </trkpt>
      <trkpt lat="44.186178" lon="7.213525">
        <ele>2347.8</ele>
        <time>2026-08-01T13:17:17Z</time>
      </trkpt>
      <trkpt lat="44.186196" lon="7.213505">
        <ele>2347.6</ele>
        <time>2026-08-01T13:17:19Z</time>
      </trkpt>
      <trkpt lat="44.186256" lon="7.21343">
        <ele>2346.6</ele>
        <time>2026-08-01T13:17:26Z</time>
      </trkpt>
      <trkpt lat="44.186323" lon="7.21332">
        <ele>2346.6</ele>
        <time>2026-08-01T13:17:35Z</time>
      </trkpt>
      <trkpt lat="44.186391" lon="7.213247">
        <ele>2347.2</ele>
        <time>2026-08-01T13:17:43Z</time>
      </trkpt>
      <trkpt lat="44.186501" lon="7.213203">
        <ele>2347.0</ele>
        <time>2026-08-01T13:17:51Z</time>
      </trkpt>
      <trkpt lat="44.186576" lon="7.213162">
        <ele>2347.6</ele>
        <time>2026-08-01T13:17:57Z</time>
      </trkpt>
      <trkpt lat="44.1866" lon="7.213144">
        <ele>2348.0</ele>
        <time>2026-08-01T13:17:59Z</time>
      </trkpt>
      <trkpt lat="44.186631" lon="7.213123">
        <ele>2348.6</ele>
        <time>2026-08-01T13:18:05Z</time>
      </trkpt>
      <trkpt lat="44.186635" lon="7.213112">
        <ele>2348.8</ele>
        <time>2026-08-01T13:18:06Z</time>
      </trkpt>
      <trkpt lat="44.18668" lon="7.213109">
        <ele>2349.4</ele>
        <time>2026-08-01T13:18:10Z</time>
      </trkpt>
      <trkpt lat="44.186706" lon="7.213104">
        <ele>2349.6</ele>
        <time>2026-08-01T13:18:13Z</time>
      </trkpt>
      <trkpt lat="44.186714" lon="7.213102">
        <ele>2349.6</ele>
        <time>2026-08-01T13:18:14Z</time>
      </trkpt>
      <trkpt lat="44.186744" lon="7.213087">
        <ele>2349.8</ele>
        <time>2026-08-01T13:18:17Z</time>
      </trkpt>
      <trkpt lat="44.186799" lon="7.213061">
        <ele>2349.4</ele>
        <time>2026-08-01T13:18:21Z</time>
      </trkpt>
      <trkpt lat="44.186907" lon="7.213029">
        <ele>2348.8</ele>
        <time>2026-08-01T13:18:30Z</time>
      </trkpt>
      <trkpt lat="44.186989" lon="7.213043">
        <ele>2348.6</ele>
        <time>2026-08-01T13:18:37Z</time>
      </trkpt>
      <trkpt lat="44.187034" lon="7.213041">
        <ele>2348.0</ele>
        <time>2026-08-01T13:18:40Z</time>
      </trkpt>
      <trkpt lat="44.18707" lon="7.213031">
        <ele>2347.6</ele>
        <time>2026-08-01T13:18:43Z</time>
      </trkpt>
      <trkpt lat="44.187152" lon="7.213001">
        <ele>2347.0</ele>
        <time>2026-08-01T13:18:50Z</time>
      </trkpt>
      <trkpt lat="44.187172" lon="7.212992">
        <ele>2347.0</ele>
        <time>2026-08-01T13:18:52Z</time>
      </trkpt>
      <trkpt lat="44.187207" lon="7.212976">
        <ele>2346.4</ele>
        <time>2026-08-01T13:18:55Z</time>
      </trkpt>
      <trkpt lat="44.187263" lon="7.212951">
        <ele>2346.2</ele>
        <time>2026-08-01T13:18:59Z</time>
      </trkpt>
      <trkpt lat="44.187289" lon="7.212938">
        <ele>2346.2</ele>
        <time>2026-08-01T13:19:01Z</time>
      </trkpt>
      <trkpt lat="44.187378" lon="7.212931">
        <ele>2347.4</ele>
        <time>2026-08-01T13:19:08Z</time>
      </trkpt>
      <trkpt lat="44.187392" lon="7.212933">
        <ele>2347.6</ele>
        <time>2026-08-01T13:19:09Z</time>
      </trkpt>
      <trkpt lat="44.187481" lon="7.212956">
        <ele>2347.0</ele>
        <time>2026-08-01T13:19:17Z</time>
      </trkpt>
      <trkpt lat="44.187542" lon="7.212932">
        <ele>2346.4</ele>
        <time>2026-08-01T13:19:23Z</time>
      </trkpt>
      <trkpt lat="44.187556" lon="7.212909">
        <ele>2345.8</ele>
        <time>2026-08-01T13:19:25Z</time>
      </trkpt>
      <trkpt lat="44.187566" lon="7.212827">
        <ele>2345.6</ele>
        <time>2026-08-01T13:19:30Z</time>
      </trkpt>
      <trkpt lat="44.187575" lon="7.212789">
        <ele>2345.6</ele>
        <time>2026-08-01T13:19:32Z</time>
      </trkpt>
      <trkpt lat="44.187601" lon="7.212726">
        <ele>2345.2</ele>
        <time>2026-08-01T13:19:36Z</time>
      </trkpt>
      <trkpt lat="44.187613" lon="7.212713">
        <ele>2345.0</ele>
        <time>2026-08-01T13:19:38Z</time>
      </trkpt>
      <trkpt lat="44.187625" lon="7.212718">
        <ele>2344.8</ele>
        <time>2026-08-01T13:19:40Z</time>
      </trkpt>
      <trkpt lat="44.187671" lon="7.212682">
        <ele>2344.2</ele>
        <time>2026-08-01T13:19:45Z</time>
      </trkpt>
      <trkpt lat="44.187693" lon="7.212651">
        <ele>2343.6</ele>
        <time>2026-08-01T13:19:48Z</time>
      </trkpt>
      <trkpt lat="44.18772" lon="7.212622">
        <ele>2343.0</ele>
        <time>2026-08-01T13:19:51Z</time>
      </trkpt>
      <trkpt lat="44.187784" lon="7.212602">
        <ele>2342.2</ele>
        <time>2026-08-01T13:19:57Z</time>
      </trkpt>
      <trkpt lat="44.187811" lon="7.212598">
        <ele>2342.0</ele>
        <time>2026-08-01T13:20:00Z</time>
      </trkpt>
      <trkpt lat="44.187874" lon="7.212578">
        <ele>2341.2</ele>
        <time>2026-08-01T13:20:06Z</time>
      </trkpt>
      <trkpt lat="44.187892" lon="7.212568">
        <ele>2341.0</ele>
        <time>2026-08-01T13:20:08Z</time>
      </trkpt>
      <trkpt lat="44.187987" lon="7.212518">
        <ele>2340.8</ele>
        <time>2026-08-01T13:20:16Z</time>
      </trkpt>
      <trkpt lat="44.188072" lon="7.212451">
        <ele>2342.0</ele>
        <time>2026-08-01T13:20:24Z</time>
      </trkpt>
      <trkpt lat="44.188084" lon="7.21244">
        <ele>2342.2</ele>
        <time>2026-08-01T13:20:25Z</time>
      </trkpt>
      <trkpt lat="44.188149" lon="7.212415">
        <ele>2343.0</ele>
        <time>2026-08-01T13:20:31Z</time>
      </trkpt>
      <trkpt lat="44.188165" lon="7.21242">
        <ele>2343.2</ele>
        <time>2026-08-01T13:20:33Z</time>
      </trkpt>
      <trkpt lat="44.188243" lon="7.212441">
        <ele>2343.4</ele>
        <time>2026-08-01T13:20:41Z</time>
      </trkpt>
      <trkpt lat="44.188254" lon="7.212441">
        <ele>2343.4</ele>
        <time>2026-08-01T13:20:42Z</time>
      </trkpt>
      <trkpt lat="44.188319" lon="7.212418">
        <ele>2343.0</ele>
        <time>2026-08-01T13:20:50Z</time>
      </trkpt>
      <trkpt lat="44.188355" lon="7.212391">
        <ele>2342.0</ele>
        <time>2026-08-01T13:20:54Z</time>
      </trkpt>
      <trkpt lat="44.188398" lon="7.212367">
        <ele>2341.0</ele>
        <time>2026-08-01T13:20:59Z</time>
      </trkpt>
      <trkpt lat="44.188409" lon="7.212367">
        <ele>2340.8</ele>
        <time>2026-08-01T13:21:00Z</time>
      </trkpt>
      <trkpt lat="44.188491" lon="7.212354">
        <ele>2339.8</ele>
        <time>2026-08-01T13:21:06Z</time>
      </trkpt>
      <trkpt lat="44.188523" lon="7.212356">
        <ele>2339.4</ele>
        <time>2026-08-01T13:21:08Z</time>
      </trkpt>
      <trkpt lat="44.188594" lon="7.212317">
        <ele>2339.8</ele>
        <time>2026-08-01T13:21:16Z</time>
      </trkpt>
      <trkpt lat="44.188673" lon="7.212284">
        <ele>2339.6</ele>
        <time>2026-08-01T13:21:24Z</time>
      </trkpt>
      <trkpt lat="44.188795" lon="7.212258">
        <ele>2338.8</ele>
        <time>2026-08-01T13:21:33Z</time>
      </trkpt>
      <trkpt lat="44.188823" lon="7.21225">
        <ele>2338.8</ele>
        <time>2026-08-01T13:21:35Z</time>
      </trkpt>
      <trkpt lat="44.188905" lon="7.212207">
        <ele>2339.2</ele>
        <time>2026-08-01T13:21:43Z</time>
      </trkpt>
      <trkpt lat="44.188963" lon="7.212191">
        <ele>2339.6</ele>
        <time>2026-08-01T13:21:49Z</time>
      </trkpt>
      <trkpt lat="44.188981" lon="7.212185">
        <ele>2339.8</ele>
        <time>2026-08-01T13:21:51Z</time>
      </trkpt>
      <trkpt lat="44.189004" lon="7.212177">
        <ele>2339.8</ele>
        <time>2026-08-01T13:21:53Z</time>
      </trkpt>
      <trkpt lat="44.189067" lon="7.212156">
        <ele>2340.2</ele>
        <time>2026-08-01T13:21:58Z</time>
      </trkpt>
      <trkpt lat="44.18911" lon="7.212138">
        <ele>2340.0</ele>
        <time>2026-08-01T13:22:02Z</time>
      </trkpt>
      <trkpt lat="44.1892" lon="7.212109">
        <ele>2340.4</ele>
        <time>2026-08-01T13:22:09Z</time>
      </trkpt>
      <trkpt lat="44.189209" lon="7.21211">
        <ele>2340.4</ele>
        <time>2026-08-01T13:22:10Z</time>
      </trkpt>
      <trkpt lat="44.189314" lon="7.212115">
        <ele>2340.8</ele>
        <time>2026-08-01T13:22:19Z</time>
      </trkpt>
      <trkpt lat="44.189327" lon="7.212118">
        <ele>2340.8</ele>
        <time>2026-08-01T13:22:20Z</time>
      </trkpt>
      <trkpt lat="44.189387" lon="7.212149">
        <ele>2341.0</ele>
        <time>2026-08-01T13:22:26Z</time>
      </trkpt>
      <trkpt lat="44.189411" lon="7.212169">
        <ele>2341.4</ele>
        <time>2026-08-01T13:22:29Z</time>
      </trkpt>
      <trkpt lat="44.189536" lon="7.212268">
        <ele>2340.6</ele>
        <time>2026-08-01T13:22:40Z</time>
      </trkpt>
      <trkpt lat="44.189596" lon="7.212302">
        <ele>2340.8</ele>
        <time>2026-08-01T13:22:48Z</time>
      </trkpt>
      <trkpt lat="44.189629" lon="7.212298">
        <ele>2339.8</ele>
        <time>2026-08-01T13:22:54Z</time>
      </trkpt>
      <trkpt lat="44.189668" lon="7.212275">
        <ele>2339.0</ele>
        <time>2026-08-01T13:22:59Z</time>
      </trkpt>
      <trkpt lat="44.189687" lon="7.212264">
        <ele>2338.6</ele>
        <time>2026-08-01T13:23:01Z</time>
      </trkpt>
      <trkpt lat="44.18971" lon="7.212251">
        <ele>2338.6</ele>
        <time>2026-08-01T13:23:03Z</time>
      </trkpt>
      <trkpt lat="44.189752" lon="7.21224">
        <ele>2338.2</ele>
        <time>2026-08-01T13:23:07Z</time>
      </trkpt>
      <trkpt lat="44.189764" lon="7.212239">
        <ele>2338.2</ele>
        <time>2026-08-01T13:23:08Z</time>
      </trkpt>
      <trkpt lat="44.189833" lon="7.2122">
        <ele>2338.4</ele>
        <time>2026-08-01T13:23:17Z</time>
      </trkpt>
      <trkpt lat="44.189814" lon="7.212119">
        <ele>2339.4</ele>
        <time>2026-08-01T13:23:24Z</time>
      </trkpt>
      <trkpt lat="44.189818" lon="7.212051">
        <ele>2339.6</ele>
        <time>2026-08-01T13:23:28Z</time>
      </trkpt>
      <trkpt lat="44.189819" lon="7.211998">
        <ele>2339.6</ele>
        <time>2026-08-01T13:23:31Z</time>
      </trkpt>
      <trkpt lat="44.189819" lon="7.211987">
        <ele>2339.8</ele>
        <time>2026-08-01T13:23:32Z</time>
      </trkpt>
      <trkpt lat="44.189816" lon="7.211981">
        <ele>2340.0</ele>
        <time>2026-08-01T13:23:33Z</time>
      </trkpt>
      <trkpt lat="44.189809" lon="7.211941">
        <ele>2341.0</ele>
        <time>2026-08-01T13:23:38Z</time>
      </trkpt>
      <trkpt lat="44.189817" lon="7.211879">
        <ele>2341.0</ele>
        <time>2026-08-01T13:23:43Z</time>
      </trkpt>
      <trkpt lat="44.189856" lon="7.2118">
        <ele>2340.4</ele>
        <time>2026-08-01T13:23:49Z</time>
      </trkpt>
      <trkpt lat="44.189876" lon="7.21176">
        <ele>2340.2</ele>
        <time>2026-08-01T13:23:52Z</time>
      </trkpt>
      <trkpt lat="44.189949" lon="7.211643">
        <ele>2340.4</ele>
        <time>2026-08-01T13:24:02Z</time>
      </trkpt>
      <trkpt lat="44.189974" lon="7.211595">
        <ele>2341.0</ele>
        <time>2026-08-01T13:24:08Z</time>
      </trkpt>
      <trkpt lat="44.189978" lon="7.211587">
        <ele>2341.0</ele>
        <time>2026-08-01T13:24:10Z</time>
      </trkpt>
      <trkpt lat="44.189997" lon="7.211567">
        <ele>2342.2</ele>
        <time>2026-08-01T13:24:14Z</time>
      </trkpt>
      <trkpt lat="44.190019" lon="7.211559">
        <ele>2343.4</ele>
        <time>2026-08-01T13:24:17Z</time>
      </trkpt>
      <trkpt lat="44.190045" lon="7.211546">
        <ele>2344.6</ele>
        <time>2026-08-01T13:24:20Z</time>
      </trkpt>
      <trkpt lat="44.190115" lon="7.211537">
        <ele>2344.8</ele>
        <time>2026-08-01T13:24:27Z</time>
      </trkpt>
      <trkpt lat="44.19014" lon="7.211523">
        <ele>2344.8</ele>
        <time>2026-08-01T13:24:29Z</time>
      </trkpt>
      <trkpt lat="44.19015" lon="7.211516">
        <ele>2344.8</ele>
        <time>2026-08-01T13:24:30Z</time>
      </trkpt>
      <trkpt lat="44.190168" lon="7.211502">
        <ele>2344.6</ele>
        <time>2026-08-01T13:24:32Z</time>
      </trkpt>
      <trkpt lat="44.190208" lon="7.211457">
        <ele>2344.2</ele>
        <time>2026-08-01T13:24:36Z</time>
      </trkpt>
      <trkpt lat="44.190268" lon="7.211385">
        <ele>2343.6</ele>
        <time>2026-08-01T13:24:44Z</time>
      </trkpt>
      <trkpt lat="44.190269" lon="7.211383">
        <ele>2343.6</ele>
        <time>2026-08-01T13:24:46Z</time>
      </trkpt>
      <trkpt lat="44.190296" lon="7.21136">
        <ele>2343.2</ele>
        <time>2026-08-01T13:24:52Z</time>
      </trkpt>
      <trkpt lat="44.190295" lon="7.211357">
        <ele>2343.0</ele>
        <time>2026-08-01T13:24:54Z</time>
      </trkpt>
      <trkpt lat="44.190291" lon="7.211351">
        <ele>2342.8</ele>
        <time>2026-08-01T13:24:56Z</time>
      </trkpt>
      <trkpt lat="44.190289" lon="7.21135">
        <ele>2342.8</ele>
        <time>2026-08-01T13:24:57Z</time>
      </trkpt>
      <trkpt lat="44.190285" lon="7.211356">
        <ele>2342.8</ele>
        <time>2026-08-01T13:24:59Z</time>
      </trkpt>
      <trkpt lat="44.190288" lon="7.211352">
        <ele>2342.8</ele>
        <time>2026-08-01T13:25:00Z</time>
      </trkpt>
      <trkpt lat="44.190323" lon="7.211334">
        <ele>2343.0</ele>
        <time>2026-08-01T13:25:05Z</time>
      </trkpt>
      <trkpt lat="44.190339" lon="7.211327">
        <ele>2343.0</ele>
        <time>2026-08-01T13:25:07Z</time>
      </trkpt>
      <trkpt lat="44.190346" lon="7.211319">
        <ele>2343.0</ele>
        <time>2026-08-01T13:25:08Z</time>
      </trkpt>
      <trkpt lat="44.190353" lon="7.211313">
        <ele>2342.8</ele>
        <time>2026-08-01T13:25:09Z</time>
      </trkpt>
      <trkpt lat="44.190375" lon="7.211293">
        <ele>2342.4</ele>
        <time>2026-08-01T13:25:12Z</time>
      </trkpt>
      <trkpt lat="44.190443" lon="7.211223">
        <ele>2341.6</ele>
        <time>2026-08-01T13:25:20Z</time>
      </trkpt>
      <trkpt lat="44.19047" lon="7.211207">
        <ele>2341.4</ele>
        <time>2026-08-01T13:25:22Z</time>
      </trkpt>
      <trkpt lat="44.190483" lon="7.211199">
        <ele>2341.2</ele>
        <time>2026-08-01T13:25:23Z</time>
      </trkpt>
      <trkpt lat="44.19052" lon="7.21118">
        <ele>2340.8</ele>
        <time>2026-08-01T13:25:27Z</time>
      </trkpt>
      <trkpt lat="44.190556" lon="7.211171">
        <ele>2340.2</ele>
        <time>2026-08-01T13:25:30Z</time>
      </trkpt>
      <trkpt lat="44.190588" lon="7.211169">
        <ele>2339.0</ele>
        <time>2026-08-01T13:25:36Z</time>
      </trkpt>
      <trkpt lat="44.190618" lon="7.211174">
        <ele>2337.8</ele>
        <time>2026-08-01T13:25:40Z</time>
      </trkpt>
      <trkpt lat="44.19065" lon="7.211174">
        <ele>2336.8</ele>
        <time>2026-08-01T13:25:47Z</time>
      </trkpt>
      <trkpt lat="44.190657" lon="7.211173">
        <ele>2336.4</ele>
        <time>2026-08-01T13:25:48Z</time>
      </trkpt>
      <trkpt lat="44.190681" lon="7.211167">
        <ele>2335.6</ele>
        <time>2026-08-01T13:25:52Z</time>
      </trkpt>
      <trkpt lat="44.190712" lon="7.211175">
        <ele>2335.2</ele>
        <time>2026-08-01T13:25:56Z</time>
      </trkpt>
      <trkpt lat="44.190757" lon="7.211231">
        <ele>2334.4</ele>
        <time>2026-08-01T13:26:02Z</time>
      </trkpt>
      <trkpt lat="44.19078" lon="7.21126">
        <ele>2334.4</ele>
        <time>2026-08-01T13:26:04Z</time>
      </trkpt>
      <trkpt lat="44.190865" lon="7.211388">
        <ele>2333.8</ele>
        <time>2026-08-01T13:26:14Z</time>
      </trkpt>
      <trkpt lat="44.190894" lon="7.211423">
        <ele>2333.4</ele>
        <time>2026-08-01T13:26:17Z</time>
      </trkpt>
      <trkpt lat="44.190947" lon="7.211464">
        <ele>2333.2</ele>
        <time>2026-08-01T13:26:22Z</time>
      </trkpt>
      <trkpt lat="44.190986" lon="7.211493">
        <ele>2334.0</ele>
        <time>2026-08-01T13:26:26Z</time>
      </trkpt>
      <trkpt lat="44.191016" lon="7.211507">
        <ele>2334.4</ele>
        <time>2026-08-01T13:26:28Z</time>
      </trkpt>
      <trkpt lat="44.191064" lon="7.211534">
        <ele>2334.4</ele>
        <time>2026-08-01T13:26:32Z</time>
      </trkpt>
      <trkpt lat="44.191085" lon="7.21157">
        <ele>2333.4</ele>
        <time>2026-08-01T13:26:38Z</time>
      </trkpt>
      <trkpt lat="44.191094" lon="7.211596">
        <ele>2333.0</ele>
        <time>2026-08-01T13:26:40Z</time>
      </trkpt>
      <trkpt lat="44.191112" lon="7.211637">
        <ele>2332.4</ele>
        <time>2026-08-01T13:26:43Z</time>
      </trkpt>
      <trkpt lat="44.191141" lon="7.211677">
        <ele>2331.2</ele>
        <time>2026-08-01T13:26:47Z</time>
      </trkpt>
      <trkpt lat="44.191151" lon="7.21169">
        <ele>2331.0</ele>
        <time>2026-08-01T13:26:48Z</time>
      </trkpt>
      <trkpt lat="44.191192" lon="7.211729">
        <ele>2330.0</ele>
        <time>2026-08-01T13:26:52Z</time>
      </trkpt>
      <trkpt lat="44.191232" lon="7.211769">
        <ele>2329.6</ele>
        <time>2026-08-01T13:26:56Z</time>
      </trkpt>
      <trkpt lat="44.191253" lon="7.211848">
        <ele>2329.0</ele>
        <time>2026-08-01T13:27:03Z</time>
      </trkpt>
      <trkpt lat="44.19125" lon="7.211856">
        <ele>2328.8</ele>
        <time>2026-08-01T13:27:04Z</time>
      </trkpt>
      <trkpt lat="44.191258" lon="7.211916">
        <ele>2327.8</ele>
        <time>2026-08-01T13:27:11Z</time>
      </trkpt>
      <trkpt lat="44.191263" lon="7.211928">
        <ele>2327.8</ele>
        <time>2026-08-01T13:27:12Z</time>
      </trkpt>
      <trkpt lat="44.191304" lon="7.212008">
        <ele>2326.8</ele>
        <time>2026-08-01T13:27:21Z</time>
      </trkpt>
      <trkpt lat="44.191331" lon="7.212067">
        <ele>2325.6</ele>
        <time>2026-08-01T13:27:27Z</time>
      </trkpt>
      <trkpt lat="44.191342" lon="7.212089">
        <ele>2325.4</ele>
        <time>2026-08-01T13:27:29Z</time>
      </trkpt>
      <trkpt lat="44.191366" lon="7.212147">
        <ele>2325.0</ele>
        <time>2026-08-01T13:27:36Z</time>
      </trkpt>
      <trkpt lat="44.191387" lon="7.212223">
        <ele>2324.6</ele>
        <time>2026-08-01T13:27:42Z</time>
      </trkpt>
      <trkpt lat="44.191392" lon="7.212237">
        <ele>2324.2</ele>
        <time>2026-08-01T13:27:43Z</time>
      </trkpt>
      <trkpt lat="44.191425" lon="7.212248">
        <ele>2323.4</ele>
        <time>2026-08-01T13:27:46Z</time>
      </trkpt>
      <trkpt lat="44.191437" lon="7.212285">
        <ele>2323.0</ele>
        <time>2026-08-01T13:27:49Z</time>
      </trkpt>
      <trkpt lat="44.191451" lon="7.212309">
        <ele>2322.4</ele>
        <time>2026-08-01T13:27:52Z</time>
      </trkpt>
      <trkpt lat="44.191461" lon="7.212309">
        <ele>2322.0</ele>
        <time>2026-08-01T13:27:53Z</time>
      </trkpt>
      <trkpt lat="44.191477" lon="7.212311">
        <ele>2321.2</ele>
        <time>2026-08-01T13:27:55Z</time>
      </trkpt>
      <trkpt lat="44.191487" lon="7.212311">
        <ele>2320.8</ele>
        <time>2026-08-01T13:27:56Z</time>
      </trkpt>
      <trkpt lat="44.191518" lon="7.212298">
        <ele>2319.8</ele>
        <time>2026-08-01T13:28:00Z</time>
      </trkpt>
      <trkpt lat="44.191537" lon="7.212277">
        <ele>2319.0</ele>
        <time>2026-08-01T13:28:03Z</time>
      </trkpt>
      <trkpt lat="44.191564" lon="7.212253">
        <ele>2318.8</ele>
        <time>2026-08-01T13:28:06Z</time>
      </trkpt>
      <trkpt lat="44.191596" lon="7.212249">
        <ele>2318.2</ele>
        <time>2026-08-01T13:28:09Z</time>
      </trkpt>
      <trkpt lat="44.191626" lon="7.212256">
        <ele>2317.6</ele>
        <time>2026-08-01T13:28:13Z</time>
      </trkpt>
      <trkpt lat="44.191627" lon="7.212253">
        <ele>2317.4</ele>
        <time>2026-08-01T13:28:16Z</time>
      </trkpt>
      <trkpt lat="44.191644" lon="7.21224">
        <ele>2316.6</ele>
        <time>2026-08-01T13:28:19Z</time>
      </trkpt>
      <trkpt lat="44.191667" lon="7.21224">
        <ele>2315.8</ele>
        <time>2026-08-01T13:28:22Z</time>
      </trkpt>
      <trkpt lat="44.191677" lon="7.212244">
        <ele>2315.4</ele>
        <time>2026-08-01T13:28:23Z</time>
      </trkpt>
      <trkpt lat="44.19172" lon="7.212272">
        <ele>2314.2</ele>
        <time>2026-08-01T13:28:28Z</time>
      </trkpt>
      <trkpt lat="44.191727" lon="7.212289">
        <ele>2314.0</ele>
        <time>2026-08-01T13:28:30Z</time>
      </trkpt>
      <trkpt lat="44.191745" lon="7.212321">
        <ele>2313.2</ele>
        <time>2026-08-01T13:28:34Z</time>
      </trkpt>
      <trkpt lat="44.191774" lon="7.212348">
        <ele>2312.0</ele>
        <time>2026-08-01T13:28:38Z</time>
      </trkpt>
      <trkpt lat="44.191797" lon="7.212362">
        <ele>2311.6</ele>
        <time>2026-08-01T13:28:41Z</time>
      </trkpt>
      <trkpt lat="44.191808" lon="7.21236">
        <ele>2310.8</ele>
        <time>2026-08-01T13:28:44Z</time>
      </trkpt>
      <trkpt lat="44.191836" lon="7.212383">
        <ele>2310.0</ele>
        <time>2026-08-01T13:28:48Z</time>
      </trkpt>
      <trkpt lat="44.191844" lon="7.21239">
        <ele>2309.8</ele>
        <time>2026-08-01T13:28:49Z</time>
      </trkpt>
      <trkpt lat="44.191873" lon="7.212406">
        <ele>2308.8</ele>
        <time>2026-08-01T13:28:52Z</time>
      </trkpt>
      <trkpt lat="44.191902" lon="7.212398">
        <ele>2307.6</ele>
        <time>2026-08-01T13:28:56Z</time>
      </trkpt>
      <trkpt lat="44.191908" lon="7.21239">
        <ele>2307.6</ele>
        <time>2026-08-01T13:28:57Z</time>
      </trkpt>
      <trkpt lat="44.191912" lon="7.212383">
        <ele>2307.4</ele>
        <time>2026-08-01T13:28:58Z</time>
      </trkpt>
      <trkpt lat="44.191911" lon="7.212362">
        <ele>2307.2</ele>
        <time>2026-08-01T13:29:03Z</time>
      </trkpt>
      <trkpt lat="44.19193" lon="7.212373">
        <ele>2308.2</ele>
        <time>2026-08-01T13:29:11Z</time>
      </trkpt>
      <trkpt lat="44.191935" lon="7.212373">
        <ele>2308.2</ele>
        <time>2026-08-01T13:29:12Z</time>
      </trkpt>
      <trkpt lat="44.191964" lon="7.212357">
        <ele>2308.6</ele>
        <time>2026-08-01T13:29:21Z</time>
      </trkpt>
      <trkpt lat="44.191967" lon="7.212352">
        <ele>2308.8</ele>
        <time>2026-08-01T13:29:23Z</time>
      </trkpt>
      <trkpt lat="44.191965" lon="7.212363">
        <ele>2308.8</ele>
        <time>2026-08-01T13:29:32Z</time>
      </trkpt>
      <trkpt lat="44.191965" lon="7.212394">
        <ele>2309.0</ele>
        <time>2026-08-01T13:29:38Z</time>
      </trkpt>
      <trkpt lat="44.191959" lon="7.21239">
        <ele>2309.2</ele>
        <time>2026-08-01T13:29:40Z</time>
      </trkpt>
      <trkpt lat="44.191944" lon="7.212386">
        <ele>2309.0</ele>
        <time>2026-08-01T13:29:43Z</time>
      </trkpt>
      <trkpt lat="44.191934" lon="7.21237">
        <ele>2308.8</ele>
        <time>2026-08-01T13:29:50Z</time>
      </trkpt>
      <trkpt lat="44.191901" lon="7.212312">
        <ele>2308.8</ele>
        <time>2026-08-01T13:29:57Z</time>
      </trkpt>
      <trkpt lat="44.191875" lon="7.212329">
        <ele>2308.4</ele>
        <time>2026-08-01T13:30:04Z</time>
      </trkpt>
      <trkpt lat="44.191901" lon="7.21232">
        <ele>2308.6</ele>
        <time>2026-08-01T13:30:12Z</time>
      </trkpt>
      <trkpt lat="44.191952" lon="7.212347">
        <ele>2309.6</ele>
        <time>2026-08-01T13:30:22Z</time>
      </trkpt>
      <trkpt lat="44.191956" lon="7.212369">
        <ele>2309.2</ele>
        <time>2026-08-01T13:30:32Z</time>
      </trkpt>
      <trkpt lat="44.191934" lon="7.212397">
        <ele>2309.2</ele>
        <time>2026-08-01T13:30:43Z</time>
      </trkpt>
      <trkpt lat="44.191943" lon="7.212391">
        <ele>2309.2</ele>
        <time>2026-08-01T13:30:53Z</time>
      </trkpt>
      <trkpt lat="44.191965" lon="7.212347">
        <ele>2309.4</ele>
        <time>2026-08-01T13:31:01Z</time>
      </trkpt>
      <trkpt lat="44.191967" lon="7.212342">
        <ele>2309.0</ele>
        <time>2026-08-01T13:31:03Z</time>
      </trkpt>
      <trkpt lat="44.191973" lon="7.212325">
        <ele>2308.4</ele>
        <time>2026-08-01T13:31:13Z</time>
      </trkpt>
      <trkpt lat="44.191965" lon="7.212348">
        <ele>2308.6</ele>
        <time>2026-08-01T13:31:21Z</time>
      </trkpt>
      <trkpt lat="44.191958" lon="7.212352">
        <ele>2308.2</ele>
        <time>2026-08-01T13:31:34Z</time>
      </trkpt>
      <trkpt lat="44.191958" lon="7.212352">
        <ele>2308.6</ele>
        <time>2026-08-01T13:31:46Z</time>
      </trkpt>
      <trkpt lat="44.191955" lon="7.212365">
        <ele>2308.4</ele>
        <time>2026-08-01T13:31:59Z</time>
      </trkpt>
      <trkpt lat="44.191955" lon="7.212378">
        <ele>2308.4</ele>
        <time>2026-08-01T13:32:02Z</time>
      </trkpt>
      <trkpt lat="44.19197" lon="7.212385">
        <ele>2307.8</ele>
        <time>2026-08-01T13:32:12Z</time>
      </trkpt>
      <trkpt lat="44.191965" lon="7.212371">
        <ele>2307.8</ele>
        <time>2026-08-01T13:32:15Z</time>
      </trkpt>
      <trkpt lat="44.191947" lon="7.212364">
        <ele>2307.6</ele>
        <time>2026-08-01T13:32:18Z</time>
      </trkpt>
      <trkpt lat="44.191941" lon="7.212359">
        <ele>2307.6</ele>
        <time>2026-08-01T13:32:21Z</time>
      </trkpt>
      <trkpt lat="44.191941" lon="7.21236">
        <ele>2307.2</ele>
        <time>2026-08-01T13:32:24Z</time>
      </trkpt>
      <trkpt lat="44.191939" lon="7.212363">
        <ele>2307.2</ele>
        <time>2026-08-01T13:32:25Z</time>
      </trkpt>
      <trkpt lat="44.191943" lon="7.212366">
        <ele>2307.2</ele>
        <time>2026-08-01T13:32:27Z</time>
      </trkpt>
      <trkpt lat="44.191951" lon="7.21237">
        <ele>2307.2</ele>
        <time>2026-08-01T13:32:33Z</time>
      </trkpt>
      <trkpt lat="44.191935" lon="7.212391">
        <ele>2307.8</ele>
        <time>2026-08-01T13:32:45Z</time>
      </trkpt>
      <trkpt lat="44.191938" lon="7.212398">
        <ele>2308.6</ele>
        <time>2026-08-01T13:32:54Z</time>
      </trkpt>
      <trkpt lat="44.191942" lon="7.212392">
        <ele>2308.8</ele>
        <time>2026-08-01T13:32:56Z</time>
      </trkpt>
      <trkpt lat="44.191946" lon="7.212383">
        <ele>2308.8</ele>
        <time>2026-08-01T13:33:02Z</time>
      </trkpt>
      <trkpt lat="44.191942" lon="7.212392">
        <ele>2308.8</ele>
        <time>2026-08-01T13:33:04Z</time>
      </trkpt>
      <trkpt lat="44.191952" lon="7.212387">
        <ele>2309.2</ele>
        <time>2026-08-01T13:33:14Z</time>
      </trkpt>
      <trkpt lat="44.191958" lon="7.212387">
        <ele>2309.6</ele>
        <time>2026-08-01T13:33:18Z</time>
      </trkpt>
      <trkpt lat="44.19194" lon="7.212392">
        <ele>2309.0</ele>
        <time>2026-08-01T13:33:23Z</time>
      </trkpt>
      <trkpt lat="44.191929" lon="7.212403">
        <ele>2308.8</ele>
        <time>2026-08-01T13:33:31Z</time>
      </trkpt>
      <trkpt lat="44.191934" lon="7.212406">
        <ele>2308.8</ele>
        <time>2026-08-01T13:33:35Z</time>
      </trkpt>
      <trkpt lat="44.191939" lon="7.212404">
        <ele>2308.8</ele>
        <time>2026-08-01T13:33:36Z</time>
      </trkpt>
      <trkpt lat="44.191945" lon="7.212405">
        <ele>2308.6</ele>
        <time>2026-08-01T13:33:38Z</time>
      </trkpt>
      <trkpt lat="44.191959" lon="7.212396">
        <ele>2308.4</ele>
        <time>2026-08-01T13:33:43Z</time>
      </trkpt>
      <trkpt lat="44.19197" lon="7.212344">
        <ele>2308.4</ele>
        <time>2026-08-01T13:33:52Z</time>
      </trkpt>
      <trkpt lat="44.191975" lon="7.212346">
        <ele>2309.0</ele>
        <time>2026-08-01T13:34:03Z</time>
      </trkpt>
      <trkpt lat="44.191977" lon="7.212346">
        <ele>2308.6</ele>
        <time>2026-08-01T13:34:11Z</time>
      </trkpt>
      <trkpt lat="44.191966" lon="7.21236">
        <ele>2309.0</ele>
        <time>2026-08-01T13:34:21Z</time>
      </trkpt>
      <trkpt lat="44.191956" lon="7.212388">
        <ele>2309.2</ele>
        <time>2026-08-01T13:34:33Z</time>
      </trkpt>
      <trkpt lat="44.191967" lon="7.212374">
        <ele>2309.2</ele>
        <time>2026-08-01T13:34:45Z</time>
      </trkpt>
      <trkpt lat="44.191965" lon="7.212372">
        <ele>2309.0</ele>
        <time>2026-08-01T13:34:46Z</time>
      </trkpt>
      <trkpt lat="44.191956" lon="7.212374">
        <ele>2309.0</ele>
        <time>2026-08-01T13:34:48Z</time>
      </trkpt>
      <trkpt lat="44.191941" lon="7.212377">
        <ele>2308.6</ele>
        <time>2026-08-01T13:34:52Z</time>
      </trkpt>
      <trkpt lat="44.191943" lon="7.212368">
        <ele>2308.6</ele>
        <time>2026-08-01T13:34:56Z</time>
      </trkpt>
      <trkpt lat="44.191968" lon="7.212351">
        <ele>2308.4</ele>
        <time>2026-08-01T13:35:04Z</time>
      </trkpt>
      <trkpt lat="44.191962" lon="7.21235">
        <ele>2308.4</ele>
        <time>2026-08-01T13:35:13Z</time>
      </trkpt>
      <trkpt lat="44.191958" lon="7.212363">
        <ele>2309.2</ele>
        <time>2026-08-01T13:35:22Z</time>
      </trkpt>
      <trkpt lat="44.191942" lon="7.212381">
        <ele>2309.0</ele>
        <time>2026-08-01T13:35:32Z</time>
      </trkpt>
      <trkpt lat="44.191943" lon="7.21238">
        <ele>2308.8</ele>
        <time>2026-08-01T13:35:40Z</time>
      </trkpt>
      <trkpt lat="44.191928" lon="7.212377">
        <ele>2309.4</ele>
        <time>2026-08-01T13:35:49Z</time>
      </trkpt>
      <trkpt lat="44.191952" lon="7.212371">
        <ele>2309.6</ele>
        <time>2026-08-01T13:35:59Z</time>
      </trkpt>
      <trkpt lat="44.191943" lon="7.212351">
        <ele>2309.6</ele>
        <time>2026-08-01T13:36:05Z</time>
      </trkpt>
      <trkpt lat="44.191941" lon="7.212351">
        <ele>2309.6</ele>
        <time>2026-08-01T13:36:07Z</time>
      </trkpt>
      <trkpt lat="44.191944" lon="7.212353">
        <ele>2309.6</ele>
        <time>2026-08-01T13:36:08Z</time>
      </trkpt>
      <trkpt lat="44.191951" lon="7.212356">
        <ele>2309.8</ele>
        <time>2026-08-01T13:36:09Z</time>
      </trkpt>
      <trkpt lat="44.19196" lon="7.21236">
        <ele>2309.8</ele>
        <time>2026-08-01T13:36:16Z</time>
      </trkpt>
      <trkpt lat="44.191972" lon="7.212377">
        <ele>2310.0</ele>
        <time>2026-08-01T13:36:27Z</time>
      </trkpt>
      <trkpt lat="44.191962" lon="7.21238">
        <ele>2309.8</ele>
        <time>2026-08-01T13:36:37Z</time>
      </trkpt>
      <trkpt lat="44.191969" lon="7.212374">
        <ele>2310.6</ele>
        <time>2026-08-01T13:36:47Z</time>
      </trkpt>
      <trkpt lat="44.19197" lon="7.212363">
        <ele>2311.0</ele>
        <time>2026-08-01T13:36:49Z</time>
      </trkpt>
      <trkpt lat="44.191974" lon="7.212359">
        <ele>2310.6</ele>
        <time>2026-08-01T13:36:55Z</time>
      </trkpt>
      <trkpt lat="44.191976" lon="7.212365">
        <ele>2310.6</ele>
        <time>2026-08-01T13:37:00Z</time>
      </trkpt>
      <trkpt lat="44.191978" lon="7.212377">
        <ele>2311.0</ele>
        <time>2026-08-01T13:37:03Z</time>
      </trkpt>
      <trkpt lat="44.191977" lon="7.212385">
        <ele>2311.2</ele>
        <time>2026-08-01T13:37:04Z</time>
      </trkpt>
      <trkpt lat="44.191967" lon="7.212394">
        <ele>2311.2</ele>
        <time>2026-08-01T13:37:07Z</time>
      </trkpt>
      <trkpt lat="44.191958" lon="7.212393">
        <ele>2310.6</ele>
        <time>2026-08-01T13:37:16Z</time>
      </trkpt>
      <trkpt lat="44.191959" lon="7.212388">
        <ele>2310.6</ele>
        <time>2026-08-01T13:37:18Z</time>
      </trkpt>
      <trkpt lat="44.191961" lon="7.212367">
        <ele>2310.8</ele>
        <time>2026-08-01T13:37:29Z</time>
      </trkpt>
      <trkpt lat="44.191971" lon="7.212377">
        <ele>2310.2</ele>
        <time>2026-08-01T13:37:38Z</time>
      </trkpt>
      <trkpt lat="44.191973" lon="7.212379">
        <ele>2310.2</ele>
        <time>2026-08-01T13:37:39Z</time>
      </trkpt>
      <trkpt lat="44.191974" lon="7.212382">
        <ele>2310.4</ele>
        <time>2026-08-01T13:37:41Z</time>
      </trkpt>
      <trkpt lat="44.191972" lon="7.21239">
        <ele>2310.2</ele>
        <time>2026-08-01T13:37:43Z</time>
      </trkpt>
      <trkpt lat="44.191966" lon="7.212389">
        <ele>2310.0</ele>
        <time>2026-08-01T13:37:45Z</time>
      </trkpt>
      <trkpt lat="44.191948" lon="7.212384">
        <ele>2310.6</ele>
        <time>2026-08-01T13:37:50Z</time>
      </trkpt>
      <trkpt lat="44.191932" lon="7.212392">
        <ele>2310.6</ele>
        <time>2026-08-01T13:37:53Z</time>
      </trkpt>
      <trkpt lat="44.191917" lon="7.212386">
        <ele>2311.2</ele>
        <time>2026-08-01T13:37:56Z</time>
      </trkpt>
      <trkpt lat="44.191903" lon="7.212365">
        <ele>2311.0</ele>
        <time>2026-08-01T13:38:04Z</time>
      </trkpt>
      <trkpt lat="44.191936" lon="7.212373">
        <ele>2311.6</ele>
        <time>2026-08-01T13:38:15Z</time>
      </trkpt>
      <trkpt lat="44.191944" lon="7.212367">
        <ele>2311.6</ele>
        <time>2026-08-01T13:38:20Z</time>
      </trkpt>
      <trkpt lat="44.191937" lon="7.212369">
        <ele>2311.2</ele>
        <time>2026-08-01T13:38:25Z</time>
      </trkpt>
      <trkpt lat="44.191952" lon="7.212382">
        <ele>2311.4</ele>
        <time>2026-08-01T13:38:37Z</time>
      </trkpt>
      <trkpt lat="44.191965" lon="7.21238">
        <ele>2311.8</ele>
        <time>2026-08-01T13:38:45Z</time>
      </trkpt>
      <trkpt lat="44.191946" lon="7.212388">
        <ele>2311.2</ele>
        <time>2026-08-01T13:38:54Z</time>
      </trkpt>
      <trkpt lat="44.191975" lon="7.212382">
        <ele>2311.4</ele>
        <time>2026-08-01T13:39:03Z</time>
      </trkpt>
      <trkpt lat="44.192001" lon="7.21233">
        <ele>2311.4</ele>
        <time>2026-08-01T13:39:13Z</time>
      </trkpt>
      <trkpt lat="44.192023" lon="7.212308">
        <ele>2312.2</ele>
        <time>2026-08-01T13:39:23Z</time>
      </trkpt>
      <trkpt lat="44.192027" lon="7.212301">
        <ele>2312.4</ele>
        <time>2026-08-01T13:39:24Z</time>
      </trkpt>
      <trkpt lat="44.192042" lon="7.212266">
        <ele>2313.0</ele>
        <time>2026-08-01T13:39:29Z</time>
      </trkpt>
      <trkpt lat="44.192047" lon="7.212261">
        <ele>2313.2</ele>
        <time>2026-08-01T13:39:30Z</time>
      </trkpt>
      <trkpt lat="44.192058" lon="7.212262">
        <ele>2313.8</ele>
        <time>2026-08-01T13:39:33Z</time>
      </trkpt>
      <trkpt lat="44.19209" lon="7.212242">
        <ele>2314.2</ele>
        <time>2026-08-01T13:39:37Z</time>
      </trkpt>
      <trkpt lat="44.192095" lon="7.212239">
        <ele>2314.2</ele>
        <time>2026-08-01T13:39:38Z</time>
      </trkpt>
      <trkpt lat="44.192102" lon="7.21224">
        <ele>2314.4</ele>
        <time>2026-08-01T13:39:40Z</time>
      </trkpt>
      <trkpt lat="44.192172" lon="7.212217">
        <ele>2314.2</ele>
        <time>2026-08-01T13:39:49Z</time>
      </trkpt>
      <trkpt lat="44.192238" lon="7.212139">
        <ele>2314.0</ele>
        <time>2026-08-01T13:39:57Z</time>
      </trkpt>
      <trkpt lat="44.192262" lon="7.212116">
        <ele>2313.2</ele>
        <time>2026-08-01T13:40:01Z</time>
      </trkpt>
      <trkpt lat="44.192312" lon="7.212096">
        <ele>2312.6</ele>
        <time>2026-08-01T13:40:05Z</time>
      </trkpt>
      <trkpt lat="44.19241" lon="7.212068">
        <ele>2312.4</ele>
        <time>2026-08-01T13:40:14Z</time>
      </trkpt>
      <trkpt lat="44.192479" lon="7.212039">
        <ele>2313.0</ele>
        <time>2026-08-01T13:40:23Z</time>
      </trkpt>
      <trkpt lat="44.192551" lon="7.212081">
        <ele>2314.0</ele>
        <time>2026-08-01T13:40:31Z</time>
      </trkpt>
      <trkpt lat="44.192642" lon="7.212107">
        <ele>2313.8</ele>
        <time>2026-08-01T13:40:41Z</time>
      </trkpt>
      <trkpt lat="44.192664" lon="7.212111">
        <ele>2313.8</ele>
        <time>2026-08-01T13:40:43Z</time>
      </trkpt>
      <trkpt lat="44.192686" lon="7.212116">
        <ele>2313.8</ele>
        <time>2026-08-01T13:40:45Z</time>
      </trkpt>
      <trkpt lat="44.192707" lon="7.212121">
        <ele>2313.8</ele>
        <time>2026-08-01T13:40:47Z</time>
      </trkpt>
      <trkpt lat="44.192726" lon="7.212128">
        <ele>2313.2</ele>
        <time>2026-08-01T13:40:51Z</time>
      </trkpt>
      <trkpt lat="44.192824" lon="7.212158">
        <ele>2312.2</ele>
        <time>2026-08-01T13:40:59Z</time>
      </trkpt>
      <trkpt lat="44.192832" lon="7.212161">
        <ele>2312.2</ele>
        <time>2026-08-01T13:41:00Z</time>
      </trkpt>
      <trkpt lat="44.192909" lon="7.212188">
        <ele>2311.2</ele>
        <time>2026-08-01T13:41:09Z</time>
      </trkpt>
      <trkpt lat="44.192988" lon="7.21224">
        <ele>2311.0</ele>
        <time>2026-08-01T13:41:16Z</time>
      </trkpt>
      <trkpt lat="44.19303" lon="7.212286">
        <ele>2310.6</ele>
        <time>2026-08-01T13:41:22Z</time>
      </trkpt>
      <trkpt lat="44.193097" lon="7.212351">
        <ele>2310.8</ele>
        <time>2026-08-01T13:41:30Z</time>
      </trkpt>
      <trkpt lat="44.193157" lon="7.2124">
        <ele>2310.2</ele>
        <time>2026-08-01T13:41:36Z</time>
      </trkpt>
      <trkpt lat="44.193174" lon="7.212417">
        <ele>2309.8</ele>
        <time>2026-08-01T13:41:39Z</time>
      </trkpt>
      <trkpt lat="44.193216" lon="7.212458">
        <ele>2309.2</ele>
        <time>2026-08-01T13:41:44Z</time>
      </trkpt>
      <trkpt lat="44.193255" lon="7.212476">
        <ele>2308.0</ele>
        <time>2026-08-01T13:41:48Z</time>
      </trkpt>
      <trkpt lat="44.19328" lon="7.212485">
        <ele>2307.2</ele>
        <time>2026-08-01T13:41:51Z</time>
      </trkpt>
      <trkpt lat="44.193326" lon="7.212512">
        <ele>2307.0</ele>
        <time>2026-08-01T13:41:56Z</time>
      </trkpt>
      <trkpt lat="44.193354" lon="7.212528">
        <ele>2306.4</ele>
        <time>2026-08-01T13:41:59Z</time>
      </trkpt>
      <trkpt lat="44.193398" lon="7.212545">
        <ele>2305.8</ele>
        <time>2026-08-01T13:42:04Z</time>
      </trkpt>
      <trkpt lat="44.193462" lon="7.212554">
        <ele>2305.2</ele>
        <time>2026-08-01T13:42:09Z</time>
      </trkpt>
      <trkpt lat="44.193531" lon="7.212527">
        <ele>2304.6</ele>
        <time>2026-08-01T13:42:15Z</time>
      </trkpt>
      <trkpt lat="44.193588" lon="7.21248">
        <ele>2304.8</ele>
        <time>2026-08-01T13:42:21Z</time>
      </trkpt>
      <trkpt lat="44.193661" lon="7.212405">
        <ele>2303.8</ele>
        <time>2026-08-01T13:42:30Z</time>
      </trkpt>
      <trkpt lat="44.193667" lon="7.212398">
        <ele>2303.6</ele>
        <time>2026-08-01T13:42:31Z</time>
      </trkpt>
      <trkpt lat="44.193676" lon="7.212391">
        <ele>2303.6</ele>
        <time>2026-08-01T13:42:32Z</time>
      </trkpt>
      <trkpt lat="44.19374" lon="7.212295">
        <ele>2302.6</ele>
        <time>2026-08-01T13:42:40Z</time>
      </trkpt>
      <trkpt lat="44.193747" lon="7.212279">
        <ele>2302.4</ele>
        <time>2026-08-01T13:42:42Z</time>
      </trkpt>
      <trkpt lat="44.193769" lon="7.212212">
        <ele>2301.2</ele>
        <time>2026-08-01T13:42:47Z</time>
      </trkpt>
      <trkpt lat="44.19379" lon="7.212104">
        <ele>2300.2</ele>
        <time>2026-08-01T13:42:55Z</time>
      </trkpt>
      <trkpt lat="44.193795" lon="7.212087">
        <ele>2300.0</ele>
        <time>2026-08-01T13:42:56Z</time>
      </trkpt>
      <trkpt lat="44.193852" lon="7.211959">
        <ele>2299.4</ele>
        <time>2026-08-01T13:43:04Z</time>
      </trkpt>
      <trkpt lat="44.193886" lon="7.211838">
        <ele>2299.6</ele>
        <time>2026-08-01T13:43:12Z</time>
      </trkpt>
      <trkpt lat="44.193936" lon="7.211799">
        <ele>2299.8</ele>
        <time>2026-08-01T13:43:20Z</time>
      </trkpt>
      <trkpt lat="44.194013" lon="7.211868">
        <ele>2300.2</ele>
        <time>2026-08-01T13:43:27Z</time>
      </trkpt>
      <trkpt lat="44.194041" lon="7.211848">
        <ele>2300.8</ele>
        <time>2026-08-01T13:43:33Z</time>
      </trkpt>
      <trkpt lat="44.194037" lon="7.211829">
        <ele>2301.2</ele>
        <time>2026-08-01T13:43:35Z</time>
      </trkpt>
      <trkpt lat="44.194037" lon="7.211817">
        <ele>2301.4</ele>
        <time>2026-08-01T13:43:36Z</time>
      </trkpt>
      <trkpt lat="44.19402" lon="7.211788">
        <ele>2301.8</ele>
        <time>2026-08-01T13:43:40Z</time>
      </trkpt>
      <trkpt lat="44.194009" lon="7.211751">
        <ele>2302.2</ele>
        <time>2026-08-01T13:43:44Z</time>
      </trkpt>
      <trkpt lat="44.194008" lon="7.211746">
        <ele>2302.4</ele>
        <time>2026-08-01T13:43:45Z</time>
      </trkpt>
      <trkpt lat="44.194003" lon="7.211706">
        <ele>2303.0</ele>
        <time>2026-08-01T13:43:49Z</time>
      </trkpt>
      <trkpt lat="44.194" lon="7.211678">
        <ele>2303.6</ele>
        <time>2026-08-01T13:43:52Z</time>
      </trkpt>
      <trkpt lat="44.194011" lon="7.21164">
        <ele>2304.2</ele>
        <time>2026-08-01T13:43:56Z</time>
      </trkpt>
      <trkpt lat="44.194018" lon="7.211632">
        <ele>2304.2</ele>
        <time>2026-08-01T13:43:57Z</time>
      </trkpt>
      <trkpt lat="44.194028" lon="7.21161">
        <ele>2304.6</ele>
        <time>2026-08-01T13:44:00Z</time>
      </trkpt>
      <trkpt lat="44.194074" lon="7.21159">
        <ele>2305.2</ele>
        <time>2026-08-01T13:44:06Z</time>
      </trkpt>
      <trkpt lat="44.194065" lon="7.211598">
        <ele>2304.8</ele>
        <time>2026-08-01T13:44:13Z</time>
      </trkpt>
      <trkpt lat="44.194081" lon="7.211489">
        <ele>2304.2</ele>
        <time>2026-08-01T13:44:21Z</time>
      </trkpt>
      <trkpt lat="44.194088" lon="7.211438">
        <ele>2303.6</ele>
        <time>2026-08-01T13:44:24Z</time>
      </trkpt>
      <trkpt lat="44.194089" lon="7.211418">
        <ele>2302.6</ele>
        <time>2026-08-01T13:44:28Z</time>
      </trkpt>
      <trkpt lat="44.194092" lon="7.211408">
        <ele>2302.4</ele>
        <time>2026-08-01T13:44:30Z</time>
      </trkpt>
      <trkpt lat="44.19411" lon="7.211382">
        <ele>2301.6</ele>
        <time>2026-08-01T13:44:35Z</time>
      </trkpt>
      <trkpt lat="44.19414" lon="7.21139">
        <ele>2301.4</ele>
        <time>2026-08-01T13:44:38Z</time>
      </trkpt>
      <trkpt lat="44.194187" lon="7.211433">
        <ele>2301.0</ele>
        <time>2026-08-01T13:44:46Z</time>
      </trkpt>
      <trkpt lat="44.194219" lon="7.211471">
        <ele>2300.6</ele>
        <time>2026-08-01T13:44:53Z</time>
      </trkpt>
      <trkpt lat="44.19422" lon="7.211463">
        <ele>2300.0</ele>
        <time>2026-08-01T13:44:54Z</time>
      </trkpt>
      <trkpt lat="44.19422" lon="7.2114">
        <ele>2299.4</ele>
        <time>2026-08-01T13:44:58Z</time>
      </trkpt>
      <trkpt lat="44.194218" lon="7.211369">
        <ele>2299.2</ele>
        <time>2026-08-01T13:45:00Z</time>
      </trkpt>
      <trkpt lat="44.194218" lon="7.211353">
        <ele>2299.0</ele>
        <time>2026-08-01T13:45:01Z</time>
      </trkpt>
      <trkpt lat="44.194224" lon="7.211366">
        <ele>2297.8</ele>
        <time>2026-08-01T13:45:06Z</time>
      </trkpt>
      <trkpt lat="44.194239" lon="7.211409">
        <ele>2296.6</ele>
        <time>2026-08-01T13:45:10Z</time>
      </trkpt>
      <trkpt lat="44.194259" lon="7.211448">
        <ele>2295.4</ele>
        <time>2026-08-01T13:45:14Z</time>
      </trkpt>
      <trkpt lat="44.19427" lon="7.211466">
        <ele>2294.4</ele>
        <time>2026-08-01T13:45:17Z</time>
      </trkpt>
      <trkpt lat="44.194283" lon="7.211464">
        <ele>2293.6</ele>
        <time>2026-08-01T13:45:21Z</time>
      </trkpt>
      <trkpt lat="44.194302" lon="7.211477">
        <ele>2293.4</ele>
        <time>2026-08-01T13:45:23Z</time>
      </trkpt>
      <trkpt lat="44.194344" lon="7.211487">
        <ele>2293.2</ele>
        <time>2026-08-01T13:45:27Z</time>
      </trkpt>
      <trkpt lat="44.194463" lon="7.211516">
        <ele>2293.6</ele>
        <time>2026-08-01T13:45:37Z</time>
      </trkpt>
      <trkpt lat="44.194557" lon="7.211555">
        <ele>2294.4</ele>
        <time>2026-08-01T13:45:44Z</time>
      </trkpt>
      <trkpt lat="44.194584" lon="7.211582">
        <ele>2294.6</ele>
        <time>2026-08-01T13:45:47Z</time>
      </trkpt>
      <trkpt lat="44.19466" lon="7.211629">
        <ele>2294.4</ele>
        <time>2026-08-01T13:45:56Z</time>
      </trkpt>
      <trkpt lat="44.194727" lon="7.211661">
        <ele>2293.4</ele>
        <time>2026-08-01T13:46:04Z</time>
      </trkpt>
      <trkpt lat="44.19471" lon="7.21167">
        <ele>2292.6</ele>
        <time>2026-08-01T13:46:12Z</time>
      </trkpt>
      <trkpt lat="44.194708" lon="7.211672">
        <ele>2292.8</ele>
        <time>2026-08-01T13:46:13Z</time>
      </trkpt>
      <trkpt lat="44.194701" lon="7.211685">
        <ele>2292.8</ele>
        <time>2026-08-01T13:46:30Z</time>
      </trkpt>
      <trkpt lat="44.194707" lon="7.211678">
        <ele>2292.8</ele>
        <time>2026-08-01T13:46:31Z</time>
      </trkpt>
      <trkpt lat="44.194769" lon="7.211616">
        <ele>2292.8</ele>
        <time>2026-08-01T13:46:38Z</time>
      </trkpt>
      <trkpt lat="44.19482" lon="7.211593">
        <ele>2294.0</ele>
        <time>2026-08-01T13:46:46Z</time>
      </trkpt>
      <trkpt lat="44.194826" lon="7.211594">
        <ele>2294.4</ele>
        <time>2026-08-01T13:46:48Z</time>
      </trkpt>
      <trkpt lat="44.194879" lon="7.211589">
        <ele>2294.8</ele>
        <time>2026-08-01T13:46:55Z</time>
      </trkpt>
      <trkpt lat="44.194962" lon="7.211581">
        <ele>2294.4</ele>
        <time>2026-08-01T13:47:03Z</time>
      </trkpt>
      <trkpt lat="44.19502" lon="7.211604">
        <ele>2294.2</ele>
        <time>2026-08-01T13:47:10Z</time>
      </trkpt>
      <trkpt lat="44.195117" lon="7.211596">
        <ele>2295.0</ele>
        <time>2026-08-01T13:47:21Z</time>
      </trkpt>
      <trkpt lat="44.195186" lon="7.211661">
        <ele>2294.4</ele>
        <time>2026-08-01T13:47:30Z</time>
      </trkpt>
      <trkpt lat="44.19524" lon="7.211706">
        <ele>2293.4</ele>
        <time>2026-08-01T13:47:36Z</time>
      </trkpt>
      <trkpt lat="44.19527" lon="7.211712">
        <ele>2293.2</ele>
        <time>2026-08-01T13:47:39Z</time>
      </trkpt>
      <trkpt lat="44.195332" lon="7.211715">
        <ele>2294.4</ele>
        <time>2026-08-01T13:47:47Z</time>
      </trkpt>
      <trkpt lat="44.19534" lon="7.211716">
        <ele>2294.6</ele>
        <time>2026-08-01T13:47:48Z</time>
      </trkpt>
      <trkpt lat="44.195409" lon="7.211699">
        <ele>2295.6</ele>
        <time>2026-08-01T13:47:57Z</time>
      </trkpt>
      <trkpt lat="44.195412" lon="7.211641">
        <ele>2296.4</ele>
        <time>2026-08-01T13:48:06Z</time>
      </trkpt>
      <trkpt lat="44.195411" lon="7.211625">
        <ele>2296.6</ele>
        <time>2026-08-01T13:48:07Z</time>
      </trkpt>
      <trkpt lat="44.195443" lon="7.211562">
        <ele>2297.4</ele>
        <time>2026-08-01T13:48:13Z</time>
      </trkpt>
      <trkpt lat="44.195455" lon="7.211553">
        <ele>2297.6</ele>
        <time>2026-08-01T13:48:14Z</time>
      </trkpt>
      <trkpt lat="44.195519" lon="7.211539">
        <ele>2298.6</ele>
        <time>2026-08-01T13:48:21Z</time>
      </trkpt>
      <trkpt lat="44.19553" lon="7.211541">
        <ele>2298.6</ele>
        <time>2026-08-01T13:48:22Z</time>
      </trkpt>
      <trkpt lat="44.195553" lon="7.211547">
        <ele>2299.0</ele>
        <time>2026-08-01T13:48:24Z</time>
      </trkpt>
      <trkpt lat="44.195565" lon="7.211556">
        <ele>2299.0</ele>
        <time>2026-08-01T13:48:26Z</time>
      </trkpt>
      <trkpt lat="44.195574" lon="7.211562">
        <ele>2299.2</ele>
        <time>2026-08-01T13:48:27Z</time>
      </trkpt>
      <trkpt lat="44.195585" lon="7.211576">
        <ele>2299.6</ele>
        <time>2026-08-01T13:48:29Z</time>
      </trkpt>
      <trkpt lat="44.195593" lon="7.211582">
        <ele>2300.0</ele>
        <time>2026-08-01T13:48:30Z</time>
      </trkpt>
      <trkpt lat="44.195617" lon="7.211596">
        <ele>2300.8</ele>
        <time>2026-08-01T13:48:33Z</time>
      </trkpt>
      <trkpt lat="44.195684" lon="7.211598">
        <ele>2301.2</ele>
        <time>2026-08-01T13:48:39Z</time>
      </trkpt>
      <trkpt lat="44.195748" lon="7.211578">
        <ele>2301.8</ele>
        <time>2026-08-01T13:48:45Z</time>
      </trkpt>
      <trkpt lat="44.19577" lon="7.211548">
        <ele>2302.4</ele>
        <time>2026-08-01T13:48:48Z</time>
      </trkpt>
      <trkpt lat="44.195793" lon="7.211517">
        <ele>2303.0</ele>
        <time>2026-08-01T13:48:51Z</time>
      </trkpt>
      <trkpt lat="44.195829" lon="7.211443">
        <ele>2303.0</ele>
        <time>2026-08-01T13:48:58Z</time>
      </trkpt>
      <trkpt lat="44.195851" lon="7.211337">
        <ele>2304.0</ele>
        <time>2026-08-01T13:49:07Z</time>
      </trkpt>
      <trkpt lat="44.195907" lon="7.211203">
        <ele>2303.2</ele>
        <time>2026-08-01T13:49:16Z</time>
      </trkpt>
      <trkpt lat="44.195962" lon="7.211055">
        <ele>2303.8</ele>
        <time>2026-08-01T13:49:26Z</time>
      </trkpt>
      <trkpt lat="44.195981" lon="7.211025">
        <ele>2304.8</ele>
        <time>2026-08-01T13:49:29Z</time>
      </trkpt>
      <trkpt lat="44.195987" lon="7.211014">
        <ele>2305.4</ele>
        <time>2026-08-01T13:49:30Z</time>
      </trkpt>
      <trkpt lat="44.195998" lon="7.210995">
        <ele>2306.4</ele>
        <time>2026-08-01T13:49:32Z</time>
      </trkpt>
      <trkpt lat="44.196007" lon="7.210969">
        <ele>2307.4</ele>
        <time>2026-08-01T13:49:35Z</time>
      </trkpt>
      <trkpt lat="44.196009" lon="7.210954">
        <ele>2307.6</ele>
        <time>2026-08-01T13:49:37Z</time>
      </trkpt>
      <trkpt lat="44.196035" lon="7.210869">
        <ele>2308.4</ele>
        <time>2026-08-01T13:49:44Z</time>
      </trkpt>
      <trkpt lat="44.196052" lon="7.210842">
        <ele>2309.2</ele>
        <time>2026-08-01T13:49:47Z</time>
      </trkpt>
      <trkpt lat="44.196116" lon="7.21078">
        <ele>2309.2</ele>
        <time>2026-08-01T13:49:54Z</time>
      </trkpt>
      <trkpt lat="44.196194" lon="7.210681">
        <ele>2308.4</ele>
        <time>2026-08-01T13:50:00Z</time>
      </trkpt>
      <trkpt lat="44.196205" lon="7.210663">
        <ele>2308.2</ele>
        <time>2026-08-01T13:50:02Z</time>
      </trkpt>
      <trkpt lat="44.196245" lon="7.210593">
        <ele>2307.6</ele>
        <time>2026-08-01T13:50:08Z</time>
      </trkpt>
      <trkpt lat="44.196266" lon="7.210561">
        <ele>2307.6</ele>
        <time>2026-08-01T13:50:10Z</time>
      </trkpt>
      <trkpt lat="44.196301" lon="7.2105">
        <ele>2307.4</ele>
        <time>2026-08-01T13:50:14Z</time>
      </trkpt>
      <trkpt lat="44.196328" lon="7.210431">
        <ele>2307.6</ele>
        <time>2026-08-01T13:50:19Z</time>
      </trkpt>
      <trkpt lat="44.196329" lon="7.210417">
        <ele>2308.0</ele>
        <time>2026-08-01T13:50:25Z</time>
      </trkpt>
      <trkpt lat="44.19633" lon="7.210383">
        <ele>2308.6</ele>
        <time>2026-08-01T13:50:28Z</time>
      </trkpt>
      <trkpt lat="44.196332" lon="7.21037">
        <ele>2309.0</ele>
        <time>2026-08-01T13:50:29Z</time>
      </trkpt>
      <trkpt lat="44.196331" lon="7.210351">
        <ele>2309.2</ele>
        <time>2026-08-01T13:50:30Z</time>
      </trkpt>
      <trkpt lat="44.196331" lon="7.210337">
        <ele>2309.4</ele>
        <time>2026-08-01T13:50:31Z</time>
      </trkpt>
      <trkpt lat="44.196331" lon="7.210323">
        <ele>2309.4</ele>
        <time>2026-08-01T13:50:32Z</time>
      </trkpt>
      <trkpt lat="44.196328" lon="7.210288">
        <ele>2309.8</ele>
        <time>2026-08-01T13:50:36Z</time>
      </trkpt>
      <trkpt lat="44.196337" lon="7.210288">
        <ele>2310.4</ele>
        <time>2026-08-01T13:50:39Z</time>
      </trkpt>
      <trkpt lat="44.196362" lon="7.210345">
        <ele>2310.6</ele>
        <time>2026-08-01T13:50:44Z</time>
      </trkpt>
      <trkpt lat="44.196369" lon="7.210356">
        <ele>2310.8</ele>
        <time>2026-08-01T13:50:45Z</time>
      </trkpt>
      <trkpt lat="44.196377" lon="7.210364">
        <ele>2310.8</ele>
        <time>2026-08-01T13:50:46Z</time>
      </trkpt>
      <trkpt lat="44.196393" lon="7.210326">
        <ele>2311.4</ele>
        <time>2026-08-01T13:50:52Z</time>
      </trkpt>
      <trkpt lat="44.196384" lon="7.210291">
        <ele>2312.0</ele>
        <time>2026-08-01T13:50:54Z</time>
      </trkpt>
      <trkpt lat="44.196378" lon="7.21024">
        <ele>2313.2</ele>
        <time>2026-08-01T13:50:57Z</time>
      </trkpt>
      <trkpt lat="44.196376" lon="7.210202">
        <ele>2313.8</ele>
        <time>2026-08-01T13:51:00Z</time>
      </trkpt>
      <trkpt lat="44.196378" lon="7.210191">
        <ele>2314.4</ele>
        <time>2026-08-01T13:51:02Z</time>
      </trkpt>
      <trkpt lat="44.196376" lon="7.210189">
        <ele>2315.4</ele>
        <time>2026-08-01T13:51:06Z</time>
      </trkpt>
      <trkpt lat="44.196374" lon="7.210202">
        <ele>2315.8</ele>
        <time>2026-08-01T13:51:08Z</time>
      </trkpt>
      <trkpt lat="44.196365" lon="7.210172">
        <ele>2316.0</ele>
        <time>2026-08-01T13:51:15Z</time>
      </trkpt>
      <trkpt lat="44.19637" lon="7.210156">
        <ele>2316.6</ele>
        <time>2026-08-01T13:51:17Z</time>
      </trkpt>
      <trkpt lat="44.196402" lon="7.210111">
        <ele>2317.6</ele>
        <time>2026-08-01T13:51:22Z</time>
      </trkpt>
      <trkpt lat="44.196447" lon="7.210083">
        <ele>2318.4</ele>
        <time>2026-08-01T13:51:30Z</time>
      </trkpt>
      <trkpt lat="44.196452" lon="7.210083">
        <ele>2318.6</ele>
        <time>2026-08-01T13:51:31Z</time>
      </trkpt>
      <trkpt lat="44.196463" lon="7.210091">
        <ele>2319.8</ele>
        <time>2026-08-01T13:51:36Z</time>
      </trkpt>
      <trkpt lat="44.196493" lon="7.210081">
        <ele>2320.2</ele>
        <time>2026-08-01T13:51:39Z</time>
      </trkpt>
      <trkpt lat="44.196503" lon="7.210059">
        <ele>2320.8</ele>
        <time>2026-08-01T13:51:42Z</time>
      </trkpt>
      <trkpt lat="44.196509" lon="7.209999">
        <ele>2321.4</ele>
        <time>2026-08-01T13:51:47Z</time>
      </trkpt>
      <trkpt lat="44.196509" lon="7.209959">
        <ele>2322.0</ele>
        <time>2026-08-01T13:51:50Z</time>
      </trkpt>
      <trkpt lat="44.196516" lon="7.209904">
        <ele>2322.6</ele>
        <time>2026-08-01T13:51:56Z</time>
      </trkpt>
      <trkpt lat="44.196547" lon="7.209825">
        <ele>2323.0</ele>
        <time>2026-08-01T13:52:00Z</time>
      </trkpt>
      <trkpt lat="44.19656" lon="7.209793">
        <ele>2323.6</ele>
        <time>2026-08-01T13:52:03Z</time>
      </trkpt>
      <trkpt lat="44.196564" lon="7.209784">
        <ele>2323.8</ele>
        <time>2026-08-01T13:52:04Z</time>
      </trkpt>
      <trkpt lat="44.196569" lon="7.209781">
        <ele>2324.0</ele>
        <time>2026-08-01T13:52:05Z</time>
      </trkpt>
      <trkpt lat="44.196575" lon="7.209779">
        <ele>2324.4</ele>
        <time>2026-08-01T13:52:06Z</time>
      </trkpt>
      <trkpt lat="44.196607" lon="7.209748">
        <ele>2325.8</ele>
        <time>2026-08-01T13:52:09Z</time>
      </trkpt>
      <trkpt lat="44.19659" lon="7.209781">
        <ele>2326.4</ele>
        <time>2026-08-01T13:52:11Z</time>
      </trkpt>
      <trkpt lat="44.19658" lon="7.209808">
        <ele>2326.8</ele>
        <time>2026-08-01T13:52:13Z</time>
      </trkpt>
      <trkpt lat="44.196615" lon="7.209821">
        <ele>2327.6</ele>
        <time>2026-08-01T13:52:18Z</time>
      </trkpt>
      <trkpt lat="44.196627" lon="7.20982">
        <ele>2328.0</ele>
        <time>2026-08-01T13:52:19Z</time>
      </trkpt>
      <trkpt lat="44.196661" lon="7.209811">
        <ele>2329.2</ele>
        <time>2026-08-01T13:52:22Z</time>
      </trkpt>
      <trkpt lat="44.196697" lon="7.209778">
        <ele>2330.0</ele>
        <time>2026-08-01T13:52:27Z</time>
      </trkpt>
      <trkpt lat="44.19672" lon="7.209759">
        <ele>2330.2</ele>
        <time>2026-08-01T13:52:29Z</time>
      </trkpt>
      <trkpt lat="44.196757" lon="7.209719">
        <ele>2330.8</ele>
        <time>2026-08-01T13:52:34Z</time>
      </trkpt>
      <trkpt lat="44.196788" lon="7.209682">
        <ele>2331.6</ele>
        <time>2026-08-01T13:52:37Z</time>
      </trkpt>
      <trkpt lat="44.196822" lon="7.209644">
        <ele>2332.4</ele>
        <time>2026-08-01T13:52:42Z</time>
      </trkpt>
      <trkpt lat="44.196874" lon="7.20959">
        <ele>2332.6</ele>
        <time>2026-08-01T13:52:47Z</time>
      </trkpt>
      <trkpt lat="44.196915" lon="7.20956">
        <ele>2333.0</ele>
        <time>2026-08-01T13:52:51Z</time>
      </trkpt>
      <trkpt lat="44.196948" lon="7.209538">
        <ele>2333.6</ele>
        <time>2026-08-01T13:52:54Z</time>
      </trkpt>
      <trkpt lat="44.196999" lon="7.209493">
        <ele>2334.8</ele>
        <time>2026-08-01T13:52:59Z</time>
      </trkpt>
      <trkpt lat="44.197029" lon="7.209449">
        <ele>2336.0</ele>
        <time>2026-08-01T13:53:04Z</time>
      </trkpt>
      <trkpt lat="44.197047" lon="7.209418">
        <ele>2336.2</ele>
        <time>2026-08-01T13:53:06Z</time>
      </trkpt>
      <trkpt lat="44.197077" lon="7.209317">
        <ele>2335.6</ele>
        <time>2026-08-01T13:53:13Z</time>
      </trkpt>
      <trkpt lat="44.197083" lon="7.209293">
        <ele>2335.2</ele>
        <time>2026-08-01T13:53:15Z</time>
      </trkpt>
      <trkpt lat="44.197087" lon="7.209274">
        <ele>2334.8</ele>
        <time>2026-08-01T13:53:17Z</time>
      </trkpt>
      <trkpt lat="44.197102" lon="7.209212">
        <ele>2333.6</ele>
        <time>2026-08-01T13:53:22Z</time>
      </trkpt>
      <trkpt lat="44.197118" lon="7.209165">
        <ele>2333.0</ele>
        <time>2026-08-01T13:53:25Z</time>
      </trkpt>
      <trkpt lat="44.197129" lon="7.209095">
        <ele>2332.6</ele>
        <time>2026-08-01T13:53:30Z</time>
      </trkpt>
      <trkpt lat="44.197126" lon="7.209021">
        <ele>2331.6</ele>
        <time>2026-08-01T13:53:34Z</time>
      </trkpt>
      <trkpt lat="44.197126" lon="7.209001">
        <ele>2331.4</ele>
        <time>2026-08-01T13:53:35Z</time>
      </trkpt>
      <trkpt lat="44.19711" lon="7.208931">
        <ele>2330.4</ele>
        <time>2026-08-01T13:53:40Z</time>
      </trkpt>
      <trkpt lat="44.197113" lon="7.208908">
        <ele>2330.4</ele>
        <time>2026-08-01T13:53:43Z</time>
      </trkpt>
      <trkpt lat="44.197131" lon="7.208947">
        <ele>2329.2</ele>
        <time>2026-08-01T13:53:48Z</time>
      </trkpt>
      <trkpt lat="44.197138" lon="7.208961">
        <ele>2329.2</ele>
        <time>2026-08-01T13:53:49Z</time>
      </trkpt>
      <trkpt lat="44.197166" lon="7.20905">
        <ele>2328.2</ele>
        <time>2026-08-01T13:53:57Z</time>
      </trkpt>
      <trkpt lat="44.197169" lon="7.209056">
        <ele>2328.0</ele>
        <time>2026-08-01T13:53:58Z</time>
      </trkpt>
      <trkpt lat="44.197201" lon="7.209145">
        <ele>2326.8</ele>
        <time>2026-08-01T13:54:04Z</time>
      </trkpt>
      <trkpt lat="44.197218" lon="7.209155">
        <ele>2326.2</ele>
        <time>2026-08-01T13:54:06Z</time>
      </trkpt>
      <trkpt lat="44.197246" lon="7.209094">
        <ele>2326.6</ele>
        <time>2026-08-01T13:54:12Z</time>
      </trkpt>
      <trkpt lat="44.197247" lon="7.209041">
        <ele>2325.6</ele>
        <time>2026-08-01T13:54:16Z</time>
      </trkpt>
      <trkpt lat="44.197246" lon="7.209013">
        <ele>2324.4</ele>
        <time>2026-08-01T13:54:18Z</time>
      </trkpt>
      <trkpt lat="44.197248" lon="7.208996">
        <ele>2323.4</ele>
        <time>2026-08-01T13:54:20Z</time>
      </trkpt>
      <trkpt lat="44.197249" lon="7.208985">
        <ele>2323.0</ele>
        <time>2026-08-01T13:54:21Z</time>
      </trkpt>
      <trkpt lat="44.197242" lon="7.208947">
        <ele>2322.2</ele>
        <time>2026-08-01T13:54:26Z</time>
      </trkpt>
      <trkpt lat="44.197229" lon="7.208896">
        <ele>2321.0</ele>
        <time>2026-08-01T13:54:30Z</time>
      </trkpt>
      <trkpt lat="44.19722" lon="7.208887">
        <ele>2320.6</ele>
        <time>2026-08-01T13:54:31Z</time>
      </trkpt>
      <trkpt lat="44.197212" lon="7.208853">
        <ele>2319.8</ele>
        <time>2026-08-01T13:54:34Z</time>
      </trkpt>
      <trkpt lat="44.197217" lon="7.208824">
        <ele>2318.8</ele>
        <time>2026-08-01T13:54:38Z</time>
      </trkpt>
      <trkpt lat="44.197221" lon="7.208791">
        <ele>2318.4</ele>
        <time>2026-08-01T13:54:40Z</time>
      </trkpt>
      <trkpt lat="44.197217" lon="7.208774">
        <ele>2318.4</ele>
        <time>2026-08-01T13:54:41Z</time>
      </trkpt>
      <trkpt lat="44.197216" lon="7.20876">
        <ele>2318.2</ele>
        <time>2026-08-01T13:54:42Z</time>
      </trkpt>
      <trkpt lat="44.197214" lon="7.208726">
        <ele>2317.6</ele>
        <time>2026-08-01T13:54:44Z</time>
      </trkpt>
      <trkpt lat="44.197216" lon="7.208682">
        <ele>2316.8</ele>
        <time>2026-08-01T13:54:47Z</time>
      </trkpt>
      <trkpt lat="44.197219" lon="7.208646">
        <ele>2316.4</ele>
        <time>2026-08-01T13:54:49Z</time>
      </trkpt>
      <trkpt lat="44.19725" lon="7.208533">
        <ele>2316.0</ele>
        <time>2026-08-01T13:54:57Z</time>
      </trkpt>
      <trkpt lat="44.197259" lon="7.208493">
        <ele>2315.2</ele>
        <time>2026-08-01T13:55:00Z</time>
      </trkpt>
      <trkpt lat="44.197237" lon="7.208419">
        <ele>2315.0</ele>
        <time>2026-08-01T13:55:06Z</time>
      </trkpt>
      <trkpt lat="44.197235" lon="7.208373">
        <ele>2314.2</ele>
        <time>2026-08-01T13:55:09Z</time>
      </trkpt>
      <trkpt lat="44.197231" lon="7.208329">
        <ele>2313.2</ele>
        <time>2026-08-01T13:55:12Z</time>
      </trkpt>
      <trkpt lat="44.197241" lon="7.208293">
        <ele>2312.8</ele>
        <time>2026-08-01T13:55:16Z</time>
      </trkpt>
      <trkpt lat="44.197244" lon="7.208303">
        <ele>2312.6</ele>
        <time>2026-08-01T13:55:17Z</time>
      </trkpt>
      <trkpt lat="44.197249" lon="7.208313">
        <ele>2312.6</ele>
        <time>2026-08-01T13:55:18Z</time>
      </trkpt>
      <trkpt lat="44.19728" lon="7.208354">
        <ele>2312.0</ele>
        <time>2026-08-01T13:55:22Z</time>
      </trkpt>
      <trkpt lat="44.197312" lon="7.208389">
        <ele>2311.2</ele>
        <time>2026-08-01T13:55:26Z</time>
      </trkpt>
      <trkpt lat="44.19732" lon="7.208397">
        <ele>2311.0</ele>
        <time>2026-08-01T13:55:28Z</time>
      </trkpt>
      <trkpt lat="44.197338" lon="7.20842">
        <ele>2309.6</ele>
        <time>2026-08-01T13:55:32Z</time>
      </trkpt>
      <trkpt lat="44.197367" lon="7.208459">
        <ele>2308.2</ele>
        <time>2026-08-01T13:55:36Z</time>
      </trkpt>
      <trkpt lat="44.197371" lon="7.208466">
        <ele>2308.0</ele>
        <time>2026-08-01T13:55:37Z</time>
      </trkpt>
      <trkpt lat="44.197394" lon="7.208521">
        <ele>2307.8</ele>
        <time>2026-08-01T13:55:43Z</time>
      </trkpt>
      <trkpt lat="44.19741" lon="7.208548">
        <ele>2306.8</ele>
        <time>2026-08-01T13:55:46Z</time>
      </trkpt>
      <trkpt lat="44.197423" lon="7.20854">
        <ele>2305.4</ele>
        <time>2026-08-01T13:55:50Z</time>
      </trkpt>
      <trkpt lat="44.197418" lon="7.208501">
        <ele>2304.8</ele>
        <time>2026-08-01T13:55:53Z</time>
      </trkpt>
      <trkpt lat="44.197411" lon="7.20841">
        <ele>2304.2</ele>
        <time>2026-08-01T13:56:00Z</time>
      </trkpt>
      <trkpt lat="44.197408" lon="7.20838">
        <ele>2303.6</ele>
        <time>2026-08-01T13:56:03Z</time>
      </trkpt>
      <trkpt lat="44.197406" lon="7.208371">
        <ele>2303.2</ele>
        <time>2026-08-01T13:56:04Z</time>
      </trkpt>
      <trkpt lat="44.197403" lon="7.208344">
        <ele>2301.8</ele>
        <time>2026-08-01T13:56:07Z</time>
      </trkpt>
      <trkpt lat="44.197404" lon="7.208269">
        <ele>2301.2</ele>
        <time>2026-08-01T13:56:12Z</time>
      </trkpt>
      <trkpt lat="44.197402" lon="7.208231">
        <ele>2301.0</ele>
        <time>2026-08-01T13:56:15Z</time>
      </trkpt>
      <trkpt lat="44.197402" lon="7.208195">
        <ele>2300.6</ele>
        <time>2026-08-01T13:56:17Z</time>
      </trkpt>
      <trkpt lat="44.1974" lon="7.208147">
        <ele>2300.0</ele>
        <time>2026-08-01T13:56:21Z</time>
      </trkpt>
      <trkpt lat="44.197395" lon="7.208118">
        <ele>2299.6</ele>
        <time>2026-08-01T13:56:24Z</time>
      </trkpt>
      <trkpt lat="44.197378" lon="7.208065">
        <ele>2298.4</ele>
        <time>2026-08-01T13:56:29Z</time>
      </trkpt>
      <trkpt lat="44.197373" lon="7.208023">
        <ele>2298.0</ele>
        <time>2026-08-01T13:56:33Z</time>
      </trkpt>
      <trkpt lat="44.197376" lon="7.207979">
        <ele>2297.4</ele>
        <time>2026-08-01T13:56:36Z</time>
      </trkpt>
      <trkpt lat="44.197418" lon="7.207963">
        <ele>2297.0</ele>
        <time>2026-08-01T13:56:38Z</time>
      </trkpt>
      <trkpt lat="44.197442" lon="7.207974">
        <ele>2296.4</ele>
        <time>2026-08-01T13:56:40Z</time>
      </trkpt>
      <trkpt lat="44.197453" lon="7.207981">
        <ele>2296.2</ele>
        <time>2026-08-01T13:56:41Z</time>
      </trkpt>
      <trkpt lat="44.19752" lon="7.208041">
        <ele>2295.0</ele>
        <time>2026-08-01T13:56:48Z</time>
      </trkpt>
      <trkpt lat="44.19752" lon="7.208041">
        <ele>2295.0</ele>
        <time>2026-08-01T13:56:49Z</time>
      </trkpt>
      <trkpt lat="44.197516" lon="7.208035">
        <ele>2294.8</ele>
        <time>2026-08-01T13:56:51Z</time>
      </trkpt>
      <trkpt lat="44.197535" lon="7.208047">
        <ele>2294.2</ele>
        <time>2026-08-01T13:56:54Z</time>
      </trkpt>
      <trkpt lat="44.197557" lon="7.208067">
        <ele>2294.2</ele>
        <time>2026-08-01T13:56:56Z</time>
      </trkpt>
      <trkpt lat="44.197573" lon="7.208092">
        <ele>2294.0</ele>
        <time>2026-08-01T13:57:00Z</time>
      </trkpt>
      <trkpt lat="44.197575" lon="7.208114">
        <ele>2292.8</ele>
        <time>2026-08-01T13:57:03Z</time>
      </trkpt>
      <trkpt lat="44.197574" lon="7.208149">
        <ele>2291.6</ele>
        <time>2026-08-01T13:57:07Z</time>
      </trkpt>
      <trkpt lat="44.19756" lon="7.208175">
        <ele>2290.2</ele>
        <time>2026-08-01T13:57:11Z</time>
      </trkpt>
      <trkpt lat="44.197551" lon="7.20819">
        <ele>2289.4</ele>
        <time>2026-08-01T13:57:14Z</time>
      </trkpt>
      <trkpt lat="44.19755" lon="7.208199">
        <ele>2289.0</ele>
        <time>2026-08-01T13:57:15Z</time>
      </trkpt>
      <trkpt lat="44.197536" lon="7.208244">
        <ele>2287.8</ele>
        <time>2026-08-01T13:57:19Z</time>
      </trkpt>
      <trkpt lat="44.197527" lon="7.208283">
        <ele>2287.4</ele>
        <time>2026-08-01T13:57:21Z</time>
      </trkpt>
      <trkpt lat="44.197527" lon="7.208355">
        <ele>2286.8</ele>
        <time>2026-08-01T13:57:26Z</time>
      </trkpt>
      <trkpt lat="44.197541" lon="7.208348">
        <ele>2286.4</ele>
        <time>2026-08-01T13:57:28Z</time>
      </trkpt>
      <trkpt lat="44.197548" lon="7.208334">
        <ele>2286.4</ele>
        <time>2026-08-01T13:57:29Z</time>
      </trkpt>
      <trkpt lat="44.197576" lon="7.208263">
        <ele>2285.6</ele>
        <time>2026-08-01T13:57:34Z</time>
      </trkpt>
      <trkpt lat="44.197597" lon="7.208257">
        <ele>2284.6</ele>
        <time>2026-08-01T13:57:38Z</time>
      </trkpt>
      <trkpt lat="44.197599" lon="7.208271">
        <ele>2284.4</ele>
        <time>2026-08-01T13:57:39Z</time>
      </trkpt>
      <trkpt lat="44.1976" lon="7.208296">
        <ele>2284.0</ele>
        <time>2026-08-01T13:57:41Z</time>
      </trkpt>
      <trkpt lat="44.1976" lon="7.208326">
        <ele>2283.6</ele>
        <time>2026-08-01T13:57:43Z</time>
      </trkpt>
      <trkpt lat="44.197603" lon="7.208405">
        <ele>2282.2</ele>
        <time>2026-08-01T13:57:48Z</time>
      </trkpt>
      <trkpt lat="44.197616" lon="7.208443">
        <ele>2281.2</ele>
        <time>2026-08-01T13:57:52Z</time>
      </trkpt>
      <trkpt lat="44.197624" lon="7.208449">
        <ele>2280.8</ele>
        <time>2026-08-01T13:57:53Z</time>
      </trkpt>
      <trkpt lat="44.197645" lon="7.208488">
        <ele>2280.0</ele>
        <time>2026-08-01T13:57:57Z</time>
      </trkpt>
      <trkpt lat="44.197656" lon="7.208523">
        <ele>2279.4</ele>
        <time>2026-08-01T13:58:02Z</time>
      </trkpt>
      <trkpt lat="44.197699" lon="7.208605">
        <ele>2279.0</ele>
        <time>2026-08-01T13:58:09Z</time>
      </trkpt>
      <trkpt lat="44.197704" lon="7.20861">
        <ele>2278.8</ele>
        <time>2026-08-01T13:58:10Z</time>
      </trkpt>
      <trkpt lat="44.197738" lon="7.208677">
        <ele>2278.0</ele>
        <time>2026-08-01T13:58:15Z</time>
      </trkpt>
      <trkpt lat="44.197757" lon="7.208717">
        <ele>2277.4</ele>
        <time>2026-08-01T13:58:19Z</time>
      </trkpt>
      <trkpt lat="44.197789" lon="7.208774">
        <ele>2277.0</ele>
        <time>2026-08-01T13:58:23Z</time>
      </trkpt>
      <trkpt lat="44.197825" lon="7.208791">
        <ele>2276.2</ele>
        <time>2026-08-01T13:58:26Z</time>
      </trkpt>
      <trkpt lat="44.19784" lon="7.208776">
        <ele>2275.8</ele>
        <time>2026-08-01T13:58:28Z</time>
      </trkpt>
      <trkpt lat="44.19786" lon="7.208744">
        <ele>2275.8</ele>
        <time>2026-08-01T13:58:31Z</time>
      </trkpt>
      <trkpt lat="44.197877" lon="7.208697">
        <ele>2275.4</ele>
        <time>2026-08-01T13:58:35Z</time>
      </trkpt>
      <trkpt lat="44.197891" lon="7.208653">
        <ele>2275.0</ele>
        <time>2026-08-01T13:58:39Z</time>
      </trkpt>
      <trkpt lat="44.197894" lon="7.208652">
        <ele>2274.8</ele>
        <time>2026-08-01T13:58:40Z</time>
      </trkpt>
      <trkpt lat="44.197927" lon="7.20863">
        <ele>2273.4</ele>
        <time>2026-08-01T13:58:44Z</time>
      </trkpt>
      <trkpt lat="44.197927" lon="7.208633">
        <ele>2274.4</ele>
        <time>2026-08-01T13:58:45Z</time>
      </trkpt>
      <trkpt lat="44.197928" lon="7.20864">
        <ele>2275.6</ele>
        <time>2026-08-01T13:58:46Z</time>
      </trkpt>
      <trkpt lat="44.19793" lon="7.208641">
        <ele>2276.6</ele>
        <time>2026-08-01T13:58:47Z</time>
      </trkpt>
      <trkpt lat="44.197936" lon="7.208644">
        <ele>2276.6</ele>
        <time>2026-08-01T13:58:48Z</time>
      </trkpt>
      <trkpt lat="44.197946" lon="7.208648">
        <ele>2276.6</ele>
        <time>2026-08-01T13:58:49Z</time>
      </trkpt>
      <trkpt lat="44.197915" lon="7.20868">
        <ele>2276.4</ele>
        <time>2026-08-01T13:58:53Z</time>
      </trkpt>
      <trkpt lat="44.197909" lon="7.208683">
        <ele>2276.2</ele>
        <time>2026-08-01T13:58:54Z</time>
      </trkpt>
      <trkpt lat="44.197904" lon="7.208685">
        <ele>2275.6</ele>
        <time>2026-08-01T13:58:57Z</time>
      </trkpt>
      <trkpt lat="44.197901" lon="7.208692">
        <ele>2275.4</ele>
        <time>2026-08-01T13:58:59Z</time>
      </trkpt>
      <trkpt lat="44.197906" lon="7.20864">
        <ele>2275.6</ele>
        <time>2026-08-01T13:59:04Z</time>
      </trkpt>
      <trkpt lat="44.197877" lon="7.20865">
        <ele>2275.8</ele>
        <time>2026-08-01T13:59:11Z</time>
      </trkpt>
      <trkpt lat="44.197889" lon="7.208628">
        <ele>2276.2</ele>
        <time>2026-08-01T13:59:18Z</time>
      </trkpt>
      <trkpt lat="44.19784" lon="7.208625">
        <ele>2275.2</ele>
        <time>2026-08-01T13:59:25Z</time>
      </trkpt>
      <trkpt lat="44.197921" lon="7.208582">
        <ele>2275.4</ele>
        <time>2026-08-01T13:59:34Z</time>
      </trkpt>
      <trkpt lat="44.197894" lon="7.208627">
        <ele>2276.0</ele>
        <time>2026-08-01T13:59:40Z</time>
      </trkpt>
      <trkpt lat="44.197867" lon="7.208671">
        <ele>2275.8</ele>
        <time>2026-08-01T13:59:48Z</time>
      </trkpt>
      <trkpt lat="44.197875" lon="7.208647">
        <ele>2275.4</ele>
        <time>2026-08-01T13:59:56Z</time>
      </trkpt>
      <trkpt lat="44.197902" lon="7.208555">
        <ele>2274.8</ele>
        <time>2026-08-01T14:00:03Z</time>
      </trkpt>
      <trkpt lat="44.197913" lon="7.208531">
        <ele>2274.4</ele>
        <time>2026-08-01T14:00:05Z</time>
      </trkpt>
      <trkpt lat="44.19794" lon="7.208499">
        <ele>2273.8</ele>
        <time>2026-08-01T14:00:10Z</time>
      </trkpt>
      <trkpt lat="44.197948" lon="7.208479">
        <ele>2273.4</ele>
        <time>2026-08-01T14:00:12Z</time>
      </trkpt>
      <trkpt lat="44.197987" lon="7.208388">
        <ele>2272.8</ele>
        <time>2026-08-01T14:00:18Z</time>
      </trkpt>
      <trkpt lat="44.197992" lon="7.208375">
        <ele>2272.4</ele>
        <time>2026-08-01T14:00:21Z</time>
      </trkpt>
      <trkpt lat="44.198008" lon="7.208345">
        <ele>2272.0</ele>
        <time>2026-08-01T14:00:24Z</time>
      </trkpt>
      <trkpt lat="44.198059" lon="7.208284">
        <ele>2271.4</ele>
        <time>2026-08-01T14:00:32Z</time>
      </trkpt>
      <trkpt lat="44.198073" lon="7.208266">
        <ele>2271.2</ele>
        <time>2026-08-01T14:00:34Z</time>
      </trkpt>
      <trkpt lat="44.19813" lon="7.208195">
        <ele>2271.0</ele>
        <time>2026-08-01T14:00:41Z</time>
      </trkpt>
      <trkpt lat="44.198175" lon="7.208133">
        <ele>2270.8</ele>
        <time>2026-08-01T14:00:45Z</time>
      </trkpt>
      <trkpt lat="44.198203" lon="7.208083">
        <ele>2270.8</ele>
        <time>2026-08-01T14:00:49Z</time>
      </trkpt>
      <trkpt lat="44.198248" lon="7.208027">
        <ele>2270.2</ele>
        <time>2026-08-01T14:00:55Z</time>
      </trkpt>
      <trkpt lat="44.19828" lon="7.207989">
        <ele>2270.0</ele>
        <time>2026-08-01T14:00:58Z</time>
      </trkpt>
      <trkpt lat="44.198332" lon="7.207889">
        <ele>2269.8</ele>
        <time>2026-08-01T14:01:06Z</time>
      </trkpt>
      <trkpt lat="44.198409" lon="7.20779">
        <ele>2269.2</ele>
        <time>2026-08-01T14:01:14Z</time>
      </trkpt>
      <trkpt lat="44.198453" lon="7.207733">
        <ele>2269.0</ele>
        <time>2026-08-01T14:01:19Z</time>
      </trkpt>
      <trkpt lat="44.198474" lon="7.207719">
        <ele>2269.0</ele>
        <time>2026-08-01T14:01:22Z</time>
      </trkpt>
      <trkpt lat="44.198567" lon="7.207672">
        <ele>2268.8</ele>
        <time>2026-08-01T14:01:31Z</time>
      </trkpt>
      <trkpt lat="44.198651" lon="7.207682">
        <ele>2268.4</ele>
        <time>2026-08-01T14:01:38Z</time>
      </trkpt>
      <trkpt lat="44.198656" lon="7.207684">
        <ele>2268.4</ele>
        <time>2026-08-01T14:01:40Z</time>
      </trkpt>
      <trkpt lat="44.198663" lon="7.207682">
        <ele>2268.2</ele>
        <time>2026-08-01T14:01:42Z</time>
      </trkpt>
      <trkpt lat="44.198667" lon="7.207658">
        <ele>2267.8</ele>
        <time>2026-08-01T14:01:45Z</time>
      </trkpt>
      <trkpt lat="44.198672" lon="7.207635">
        <ele>2267.6</ele>
        <time>2026-08-01T14:01:48Z</time>
      </trkpt>
      <trkpt lat="44.198673" lon="7.207528">
        <ele>2268.4</ele>
        <time>2026-08-01T14:01:56Z</time>
      </trkpt>
      <trkpt lat="44.198622" lon="7.207402">
        <ele>2269.0</ele>
        <time>2026-08-01T14:02:03Z</time>
      </trkpt>
      <trkpt lat="44.198614" lon="7.207382">
        <ele>2269.2</ele>
        <time>2026-08-01T14:02:04Z</time>
      </trkpt>
      <trkpt lat="44.198599" lon="7.207347">
        <ele>2269.2</ele>
        <time>2026-08-01T14:02:06Z</time>
      </trkpt>
      <trkpt lat="44.198567" lon="7.207289">
        <ele>2269.4</ele>
        <time>2026-08-01T14:02:10Z</time>
      </trkpt>
      <trkpt lat="44.198561" lon="7.207275">
        <ele>2269.6</ele>
        <time>2026-08-01T14:02:11Z</time>
      </trkpt>
      <trkpt lat="44.198532" lon="7.207206">
        <ele>2269.8</ele>
        <time>2026-08-01T14:02:16Z</time>
      </trkpt>
      <trkpt lat="44.198508" lon="7.207151">
        <ele>2269.8</ele>
        <time>2026-08-01T14:02:19Z</time>
      </trkpt>
      <trkpt lat="44.19848" lon="7.207058">
        <ele>2269.8</ele>
        <time>2026-08-01T14:02:27Z</time>
      </trkpt>
      <trkpt lat="44.198448" lon="7.206988">
        <ele>2269.8</ele>
        <time>2026-08-01T14:02:34Z</time>
      </trkpt>
      <trkpt lat="44.198467" lon="7.207004">
        <ele>2269.8</ele>
        <time>2026-08-01T14:02:38Z</time>
      </trkpt>
      <trkpt lat="44.19847" lon="7.20701">
        <ele>2269.8</ele>
        <time>2026-08-01T14:02:40Z</time>
      </trkpt>
      <trkpt lat="44.198482" lon="7.207009">
        <ele>2270.0</ele>
        <time>2026-08-01T14:02:43Z</time>
      </trkpt>
      <trkpt lat="44.198487" lon="7.206996">
        <ele>2270.2</ele>
        <time>2026-08-01T14:02:45Z</time>
      </trkpt>
      <trkpt lat="44.198491" lon="7.206953">
        <ele>2270.2</ele>
        <time>2026-08-01T14:02:48Z</time>
      </trkpt>
      <trkpt lat="44.198494" lon="7.206837">
        <ele>2270.0</ele>
        <time>2026-08-01T14:02:55Z</time>
      </trkpt>
      <trkpt lat="44.198496" lon="7.206711">
        <ele>2269.6</ele>
        <time>2026-08-01T14:03:01Z</time>
      </trkpt>
      <trkpt lat="44.198512" lon="7.206621">
        <ele>2269.2</ele>
        <time>2026-08-01T14:03:08Z</time>
      </trkpt>
      <trkpt lat="44.198516" lon="7.206601">
        <ele>2269.2</ele>
        <time>2026-08-01T14:03:09Z</time>
      </trkpt>
      <trkpt lat="44.198538" lon="7.206512">
        <ele>2269.0</ele>
        <time>2026-08-01T14:03:13Z</time>
      </trkpt>
      <trkpt lat="44.198548" lon="7.206476">
        <ele>2269.0</ele>
        <time>2026-08-01T14:03:15Z</time>
      </trkpt>
      <trkpt lat="44.198595" lon="7.206378">
        <ele>2269.0</ele>
        <time>2026-08-01T14:03:23Z</time>
      </trkpt>
      <trkpt lat="44.19864" lon="7.206272">
        <ele>2268.8</ele>
        <time>2026-08-01T14:03:31Z</time>
      </trkpt>
      <trkpt lat="44.198656" lon="7.206245">
        <ele>2268.8</ele>
        <time>2026-08-01T14:03:34Z</time>
      </trkpt>
      <trkpt lat="44.198671" lon="7.206248">
        <ele>2269.0</ele>
        <time>2026-08-01T14:03:39Z</time>
      </trkpt>
      <trkpt lat="44.198672" lon="7.206253">
        <ele>2269.0</ele>
        <time>2026-08-01T14:03:40Z</time>
      </trkpt>
      <trkpt lat="44.19866" lon="7.206249">
        <ele>2268.8</ele>
        <time>2026-08-01T14:03:48Z</time>
      </trkpt>
      <trkpt lat="44.198645" lon="7.206258">
        <ele>2269.4</ele>
        <time>2026-08-01T14:03:54Z</time>
      </trkpt>
      <trkpt lat="44.198617" lon="7.206271">
        <ele>2268.8</ele>
        <time>2026-08-01T14:04:02Z</time>
      </trkpt>
      <trkpt lat="44.198643" lon="7.206186">
        <ele>2268.4</ele>
        <time>2026-08-01T14:04:09Z</time>
      </trkpt>
      <trkpt lat="44.198643" lon="7.206052">
        <ele>2269.0</ele>
        <time>2026-08-01T14:04:16Z</time>
      </trkpt>
      <trkpt lat="44.198649" lon="7.206014">
        <ele>2269.0</ele>
        <time>2026-08-01T14:04:18Z</time>
      </trkpt>
      <trkpt lat="44.198662" lon="7.205965">
        <ele>2268.8</ele>
        <time>2026-08-01T14:04:21Z</time>
      </trkpt>
      <trkpt lat="44.198687" lon="7.205889">
        <ele>2268.8</ele>
        <time>2026-08-01T14:04:25Z</time>
      </trkpt>
      <trkpt lat="44.198714" lon="7.205782">
        <ele>2268.6</ele>
        <time>2026-08-01T14:04:32Z</time>
      </trkpt>
      <trkpt lat="44.198731" lon="7.205636">
        <ele>2268.6</ele>
        <time>2026-08-01T14:04:40Z</time>
      </trkpt>
      <trkpt lat="44.198769" lon="7.20545">
        <ele>2269.6</ele>
        <time>2026-08-01T14:04:51Z</time>
      </trkpt>
      <trkpt lat="44.198781" lon="7.205329">
        <ele>2270.2</ele>
        <time>2026-08-01T14:04:58Z</time>
      </trkpt>
      <trkpt lat="44.198787" lon="7.205298">
        <ele>2270.6</ele>
        <time>2026-08-01T14:05:00Z</time>
      </trkpt>
      <trkpt lat="44.198778" lon="7.20516">
        <ele>2270.8</ele>
        <time>2026-08-01T14:05:07Z</time>
      </trkpt>
      <trkpt lat="44.19876" lon="7.205126">
        <ele>2270.6</ele>
        <time>2026-08-01T14:05:09Z</time>
      </trkpt>
      <trkpt lat="44.198699" lon="7.20504">
        <ele>2271.0</ele>
        <time>2026-08-01T14:05:16Z</time>
      </trkpt>
      <trkpt lat="44.198693" lon="7.204901">
        <ele>2270.8</ele>
        <time>2026-08-01T14:05:23Z</time>
      </trkpt>
      <trkpt lat="44.198699" lon="7.204761">
        <ele>2270.4</ele>
        <time>2026-08-01T14:05:31Z</time>
      </trkpt>
      <trkpt lat="44.198675" lon="7.204603">
        <ele>2270.2</ele>
        <time>2026-08-01T14:05:40Z</time>
      </trkpt>
      <trkpt lat="44.19864" lon="7.204468">
        <ele>2271.2</ele>
        <time>2026-08-01T14:05:48Z</time>
      </trkpt>
      <trkpt lat="44.198627" lon="7.204434">
        <ele>2271.4</ele>
        <time>2026-08-01T14:05:50Z</time>
      </trkpt>
      <trkpt lat="44.198591" lon="7.204328">
        <ele>2272.4</ele>
        <time>2026-08-01T14:05:56Z</time>
      </trkpt>
      <trkpt lat="44.198587" lon="7.204315">
        <ele>2272.6</ele>
        <time>2026-08-01T14:05:57Z</time>
      </trkpt>
      <trkpt lat="44.198565" lon="7.204251">
        <ele>2273.2</ele>
        <time>2026-08-01T14:06:04Z</time>
      </trkpt>
      <trkpt lat="44.198563" lon="7.204228">
        <ele>2273.4</ele>
        <time>2026-08-01T14:06:06Z</time>
      </trkpt>
      <trkpt lat="44.198561" lon="7.20421">
        <ele>2273.4</ele>
        <time>2026-08-01T14:06:07Z</time>
      </trkpt>
      <trkpt lat="44.198562" lon="7.204093">
        <ele>2273.6</ele>
        <time>2026-08-01T14:06:13Z</time>
      </trkpt>
      <trkpt lat="44.198563" lon="7.204072">
        <ele>2273.6</ele>
        <time>2026-08-01T14:06:14Z</time>
      </trkpt>
      <trkpt lat="44.198563" lon="7.2039">
        <ele>2274.2</ele>
        <time>2026-08-01T14:06:23Z</time>
      </trkpt>
      <trkpt lat="44.198564" lon="7.203873">
        <ele>2274.6</ele>
        <time>2026-08-01T14:06:25Z</time>
      </trkpt>
      <trkpt lat="44.198576" lon="7.203809">
        <ele>2275.4</ele>
        <time>2026-08-01T14:06:31Z</time>
      </trkpt>
      <trkpt lat="44.198569" lon="7.203812">
        <ele>2274.6</ele>
        <time>2026-08-01T14:06:40Z</time>
      </trkpt>
      <trkpt lat="44.198556" lon="7.203818">
        <ele>2274.4</ele>
        <time>2026-08-01T14:06:43Z</time>
      </trkpt>
      <trkpt lat="44.198563" lon="7.203806">
        <ele>2274.6</ele>
        <time>2026-08-01T14:06:48Z</time>
      </trkpt>
      <trkpt lat="44.19853" lon="7.203853">
        <ele>2274.0</ele>
        <time>2026-08-01T14:07:00Z</time>
      </trkpt>
      <trkpt lat="44.198545" lon="7.203836">
        <ele>2273.8</ele>
        <time>2026-08-01T14:07:08Z</time>
      </trkpt>
      <trkpt lat="44.198556" lon="7.203828">
        <ele>2274.0</ele>
        <time>2026-08-01T14:07:10Z</time>
      </trkpt>
      <trkpt lat="44.198562" lon="7.203822">
        <ele>2274.0</ele>
        <time>2026-08-01T14:07:11Z</time>
      </trkpt>
      <trkpt lat="44.198571" lon="7.20381">
        <ele>2274.4</ele>
        <time>2026-08-01T14:07:17Z</time>
      </trkpt>
      <trkpt lat="44.198562" lon="7.203775">
        <ele>2275.0</ele>
        <time>2026-08-01T14:07:22Z</time>
      </trkpt>
      <trkpt lat="44.198554" lon="7.203766">
        <ele>2275.0</ele>
        <time>2026-08-01T14:07:24Z</time>
      </trkpt>
      <trkpt lat="44.198494" lon="7.203704">
        <ele>2275.6</ele>
        <time>2026-08-01T14:07:32Z</time>
      </trkpt>
      <trkpt lat="44.198454" lon="7.203693">
        <ele>2276.0</ele>
        <time>2026-08-01T14:07:40Z</time>
      </trkpt>
      <trkpt lat="44.198447" lon="7.203687">
        <ele>2276.0</ele>
        <time>2026-08-01T14:07:43Z</time>
      </trkpt>
      <trkpt lat="44.19843" lon="7.203667">
        <ele>2276.2</ele>
        <time>2026-08-01T14:07:47Z</time>
      </trkpt>
      <trkpt lat="44.198421" lon="7.203659">
        <ele>2276.2</ele>
        <time>2026-08-01T14:07:48Z</time>
      </trkpt>
      <trkpt lat="44.198386" lon="7.203621">
        <ele>2276.6</ele>
        <time>2026-08-01T14:07:52Z</time>
      </trkpt>
      <trkpt lat="44.198353" lon="7.203559">
        <ele>2277.0</ele>
        <time>2026-08-01T14:07:58Z</time>
      </trkpt>
      <trkpt lat="44.198366" lon="7.203521">
        <ele>2277.6</ele>
        <time>2026-08-01T14:08:02Z</time>
      </trkpt>
      <trkpt lat="44.198373" lon="7.203486">
        <ele>2277.6</ele>
        <time>2026-08-01T14:08:05Z</time>
      </trkpt>
      <trkpt lat="44.198377" lon="7.203312">
        <ele>2278.0</ele>
        <time>2026-08-01T14:08:13Z</time>
      </trkpt>
      <trkpt lat="44.198375" lon="7.203219">
        <ele>2278.0</ele>
        <time>2026-08-01T14:08:18Z</time>
      </trkpt>
      <trkpt lat="44.198371" lon="7.203152">
        <ele>2278.4</ele>
        <time>2026-08-01T14:08:22Z</time>
      </trkpt>
      <trkpt lat="44.198364" lon="7.20309">
        <ele>2278.6</ele>
        <time>2026-08-01T14:08:28Z</time>
      </trkpt>
      <trkpt lat="44.198361" lon="7.203061">
        <ele>2278.6</ele>
        <time>2026-08-01T14:08:30Z</time>
      </trkpt>
      <trkpt lat="44.19833" lon="7.202935">
        <ele>2278.6</ele>
        <time>2026-08-01T14:08:38Z</time>
      </trkpt>
      <trkpt lat="44.198294" lon="7.202794">
        <ele>2279.0</ele>
        <time>2026-08-01T14:08:45Z</time>
      </trkpt>
      <trkpt lat="44.198284" lon="7.202646">
        <ele>2279.0</ele>
        <time>2026-08-01T14:08:54Z</time>
      </trkpt>
      <trkpt lat="44.198275" lon="7.202629">
        <ele>2278.6</ele>
        <time>2026-08-01T14:09:00Z</time>
      </trkpt>
      <trkpt lat="44.198282" lon="7.202598">
        <ele>2278.2</ele>
        <time>2026-08-01T14:09:08Z</time>
      </trkpt>
      <trkpt lat="44.198283" lon="7.20258">
        <ele>2278.2</ele>
        <time>2026-08-01T14:09:09Z</time>
      </trkpt>
      <trkpt lat="44.198268" lon="7.20244">
        <ele>2278.0</ele>
        <time>2026-08-01T14:09:17Z</time>
      </trkpt>
      <trkpt lat="44.198226" lon="7.202316">
        <ele>2278.0</ele>
        <time>2026-08-01T14:09:24Z</time>
      </trkpt>
      <trkpt lat="44.198191" lon="7.202206">
        <ele>2278.6</ele>
        <time>2026-08-01T14:09:32Z</time>
      </trkpt>
      <trkpt lat="44.198183" lon="7.202154">
        <ele>2278.4</ele>
        <time>2026-08-01T14:09:40Z</time>
      </trkpt>
      <trkpt lat="44.198158" lon="7.202118">
        <ele>2278.2</ele>
        <time>2026-08-01T14:09:49Z</time>
      </trkpt>
      <trkpt lat="44.198129" lon="7.202054">
        <ele>2278.2</ele>
        <time>2026-08-01T14:09:56Z</time>
      </trkpt>
      <trkpt lat="44.198103" lon="7.201981">
        <ele>2278.4</ele>
        <time>2026-08-01T14:10:01Z</time>
      </trkpt>
      <trkpt lat="44.198096" lon="7.201966">
        <ele>2278.4</ele>
        <time>2026-08-01T14:10:02Z</time>
      </trkpt>
      <trkpt lat="44.198088" lon="7.201951">
        <ele>2278.6</ele>
        <time>2026-08-01T14:10:03Z</time>
      </trkpt>
      <trkpt lat="44.198063" lon="7.201922">
        <ele>2279.0</ele>
        <time>2026-08-01T14:10:07Z</time>
      </trkpt>
      <trkpt lat="44.198037" lon="7.201904">
        <ele>2279.8</ele>
        <time>2026-08-01T14:10:11Z</time>
      </trkpt>
      <trkpt lat="44.198018" lon="7.201903">
        <ele>2280.6</ele>
        <time>2026-08-01T14:10:17Z</time>
      </trkpt>
      <trkpt lat="44.198012" lon="7.201906">
        <ele>2280.8</ele>
        <time>2026-08-01T14:10:18Z</time>
      </trkpt>
      <trkpt lat="44.197928" lon="7.201888">
        <ele>2281.4</ele>
        <time>2026-08-01T14:10:25Z</time>
      </trkpt>
      <trkpt lat="44.197855" lon="7.201862">
        <ele>2282.0</ele>
        <time>2026-08-01T14:10:32Z</time>
      </trkpt>
      <trkpt lat="44.197752" lon="7.201825">
        <ele>2282.6</ele>
        <time>2026-08-01T14:10:40Z</time>
      </trkpt>
      <trkpt lat="44.197713" lon="7.201825">
        <ele>2283.0</ele>
        <time>2026-08-01T14:10:43Z</time>
      </trkpt>
      <trkpt lat="44.197672" lon="7.201829">
        <ele>2283.6</ele>
        <time>2026-08-01T14:10:48Z</time>
      </trkpt>
      <trkpt lat="44.197646" lon="7.201817">
        <ele>2284.0</ele>
        <time>2026-08-01T14:10:52Z</time>
      </trkpt>
      <trkpt lat="44.197631" lon="7.201815">
        <ele>2284.4</ele>
        <time>2026-08-01T14:10:56Z</time>
      </trkpt>
      <trkpt lat="44.197607" lon="7.201817">
        <ele>2285.0</ele>
        <time>2026-08-01T14:11:00Z</time>
      </trkpt>
      <trkpt lat="44.197532" lon="7.201849">
        <ele>2286.0</ele>
        <time>2026-08-01T14:11:06Z</time>
      </trkpt>
      <trkpt lat="44.197521" lon="7.201856">
        <ele>2286.2</ele>
        <time>2026-08-01T14:11:07Z</time>
      </trkpt>
      <trkpt lat="44.197465" lon="7.201862">
        <ele>2286.8</ele>
        <time>2026-08-01T14:11:14Z</time>
      </trkpt>
      <trkpt lat="44.197433" lon="7.201856">
        <ele>2287.2</ele>
        <time>2026-08-01T14:11:17Z</time>
      </trkpt>
      <trkpt lat="44.197394" lon="7.201863">
        <ele>2287.6</ele>
        <time>2026-08-01T14:11:20Z</time>
      </trkpt>
      <trkpt lat="44.197392" lon="7.201867">
        <ele>2287.8</ele>
        <time>2026-08-01T14:11:22Z</time>
      </trkpt>
      <trkpt lat="44.197383" lon="7.201873">
        <ele>2288.2</ele>
        <time>2026-08-01T14:11:24Z</time>
      </trkpt>
      <trkpt lat="44.197342" lon="7.201903">
        <ele>2288.8</ele>
        <time>2026-08-01T14:11:29Z</time>
      </trkpt>
      <trkpt lat="44.197312" lon="7.201916">
        <ele>2289.2</ele>
        <time>2026-08-01T14:11:32Z</time>
      </trkpt>
      <trkpt lat="44.197261" lon="7.201935">
        <ele>2290.0</ele>
        <time>2026-08-01T14:11:38Z</time>
      </trkpt>
      <trkpt lat="44.197251" lon="7.201937">
        <ele>2290.2</ele>
        <time>2026-08-01T14:11:40Z</time>
      </trkpt>
      <trkpt lat="44.19722" lon="7.201958">
        <ele>2291.4</ele>
        <time>2026-08-01T14:11:46Z</time>
      </trkpt>
      <trkpt lat="44.197196" lon="7.201965">
        <ele>2292.4</ele>
        <time>2026-08-01T14:11:50Z</time>
      </trkpt>
      <trkpt lat="44.197172" lon="7.20197">
        <ele>2293.2</ele>
        <time>2026-08-01T14:11:53Z</time>
      </trkpt>
      <trkpt lat="44.19715" lon="7.201971">
        <ele>2293.6</ele>
        <time>2026-08-01T14:11:55Z</time>
      </trkpt>
      <trkpt lat="44.197124" lon="7.201969">
        <ele>2294.0</ele>
        <time>2026-08-01T14:11:57Z</time>
      </trkpt>
      <trkpt lat="44.197086" lon="7.201976">
        <ele>2294.6</ele>
        <time>2026-08-01T14:12:00Z</time>
      </trkpt>
      <trkpt lat="44.197061" lon="7.20199">
        <ele>2295.2</ele>
        <time>2026-08-01T14:12:04Z</time>
      </trkpt>
      <trkpt lat="44.196999" lon="7.202002">
        <ele>2295.8</ele>
        <time>2026-08-01T14:12:10Z</time>
      </trkpt>
      <trkpt lat="44.196967" lon="7.202008">
        <ele>2296.2</ele>
        <time>2026-08-01T14:12:13Z</time>
      </trkpt>
      <trkpt lat="44.196949" lon="7.20203">
        <ele>2296.8</ele>
        <time>2026-08-01T14:12:18Z</time>
      </trkpt>
      <trkpt lat="44.196928" lon="7.202057">
        <ele>2297.4</ele>
        <time>2026-08-01T14:12:21Z</time>
      </trkpt>
      <trkpt lat="44.196924" lon="7.202066">
        <ele>2298.0</ele>
        <time>2026-08-01T14:12:23Z</time>
      </trkpt>
      <trkpt lat="44.196889" lon="7.202086">
        <ele>2299.2</ele>
        <time>2026-08-01T14:12:27Z</time>
      </trkpt>
      <trkpt lat="44.196878" lon="7.202086">
        <ele>2299.2</ele>
        <time>2026-08-01T14:12:28Z</time>
      </trkpt>
      <trkpt lat="44.196814" lon="7.202065">
        <ele>2300.4</ele>
        <time>2026-08-01T14:12:36Z</time>
      </trkpt>
      <trkpt lat="44.19683" lon="7.202034">
        <ele>2301.0</ele>
        <time>2026-08-01T14:12:40Z</time>
      </trkpt>
      <trkpt lat="44.196853" lon="7.202006">
        <ele>2301.2</ele>
        <time>2026-08-01T14:12:43Z</time>
      </trkpt>
      <trkpt lat="44.196877" lon="7.20197">
        <ele>2301.4</ele>
        <time>2026-08-01T14:12:46Z</time>
      </trkpt>
      <trkpt lat="44.196907" lon="7.201917">
        <ele>2302.0</ele>
        <time>2026-08-01T14:12:52Z</time>
      </trkpt>
      <trkpt lat="44.196934" lon="7.201881">
        <ele>2302.2</ele>
        <time>2026-08-01T14:12:59Z</time>
      </trkpt>
      <trkpt lat="44.196935" lon="7.201868">
        <ele>2302.4</ele>
        <time>2026-08-01T14:13:01Z</time>
      </trkpt>
      <trkpt lat="44.196896" lon="7.201873">
        <ele>2303.6</ele>
        <time>2026-08-01T14:13:06Z</time>
      </trkpt>
      <trkpt lat="44.196886" lon="7.201875">
        <ele>2304.0</ele>
        <time>2026-08-01T14:13:07Z</time>
      </trkpt>
      <trkpt lat="44.196868" lon="7.201881">
        <ele>2304.8</ele>
        <time>2026-08-01T14:13:09Z</time>
      </trkpt>
      <trkpt lat="44.196829" lon="7.201921">
        <ele>2305.8</ele>
        <time>2026-08-01T14:13:12Z</time>
      </trkpt>
      <trkpt lat="44.196812" lon="7.201951">
        <ele>2306.6</ele>
        <time>2026-08-01T14:13:15Z</time>
      </trkpt>
      <trkpt lat="44.196807" lon="7.201958">
        <ele>2306.8</ele>
        <time>2026-08-01T14:13:16Z</time>
      </trkpt>
      <trkpt lat="44.196783" lon="7.201991">
        <ele>2308.0</ele>
        <time>2026-08-01T14:13:21Z</time>
      </trkpt>
      <trkpt lat="44.196777" lon="7.201995">
        <ele>2308.4</ele>
        <time>2026-08-01T14:13:23Z</time>
      </trkpt>
      <trkpt lat="44.196764" lon="7.201998">
        <ele>2309.0</ele>
        <time>2026-08-01T14:13:26Z</time>
      </trkpt>
      <trkpt lat="44.196734" lon="7.202004">
        <ele>2309.8</ele>
        <time>2026-08-01T14:13:31Z</time>
      </trkpt>
      <trkpt lat="44.196726" lon="7.202004">
        <ele>2310.0</ele>
        <time>2026-08-01T14:13:32Z</time>
      </trkpt>
      <trkpt lat="44.196708" lon="7.202">
        <ele>2311.2</ele>
        <time>2026-08-01T14:13:35Z</time>
      </trkpt>
      <trkpt lat="44.196672" lon="7.201977">
        <ele>2312.0</ele>
        <time>2026-08-01T14:13:41Z</time>
      </trkpt>
      <trkpt lat="44.196671" lon="7.201964">
        <ele>2312.2</ele>
        <time>2026-08-01T14:13:43Z</time>
      </trkpt>
      <trkpt lat="44.196648" lon="7.201929">
        <ele>2313.0</ele>
        <time>2026-08-01T14:13:48Z</time>
      </trkpt>
      <trkpt lat="44.196645" lon="7.201928">
        <ele>2313.2</ele>
        <time>2026-08-01T14:13:49Z</time>
      </trkpt>
      <trkpt lat="44.196615" lon="7.201926">
        <ele>2314.0</ele>
        <time>2026-08-01T14:13:55Z</time>
      </trkpt>
      <trkpt lat="44.196606" lon="7.20192">
        <ele>2314.2</ele>
        <time>2026-08-01T14:13:56Z</time>
      </trkpt>
      <trkpt lat="44.196575" lon="7.201905">
        <ele>2315.4</ele>
        <time>2026-08-01T14:14:00Z</time>
      </trkpt>
      <trkpt lat="44.196556" lon="7.201915">
        <ele>2316.2</ele>
        <time>2026-08-01T14:14:04Z</time>
      </trkpt>
      <trkpt lat="44.196546" lon="7.201915">
        <ele>2316.4</ele>
        <time>2026-08-01T14:14:05Z</time>
      </trkpt>
      <trkpt lat="44.196487" lon="7.201914">
        <ele>2317.2</ele>
        <time>2026-08-01T14:14:10Z</time>
      </trkpt>
      <trkpt lat="44.19648" lon="7.201914">
        <ele>2317.4</ele>
        <time>2026-08-01T14:14:11Z</time>
      </trkpt>
      <trkpt lat="44.196446" lon="7.201883">
        <ele>2318.0</ele>
        <time>2026-08-01T14:14:18Z</time>
      </trkpt>
      <trkpt lat="44.196426" lon="7.201867">
        <ele>2318.6</ele>
        <time>2026-08-01T14:14:20Z</time>
      </trkpt>
      <trkpt lat="44.196369" lon="7.201856">
        <ele>2319.0</ele>
        <time>2026-08-01T14:14:26Z</time>
      </trkpt>
      <trkpt lat="44.196342" lon="7.201879">
        <ele>2319.8</ele>
        <time>2026-08-01T14:14:30Z</time>
      </trkpt>
      <trkpt lat="44.196321" lon="7.201903">
        <ele>2320.4</ele>
        <time>2026-08-01T14:14:34Z</time>
      </trkpt>
      <trkpt lat="44.196303" lon="7.201912">
        <ele>2320.8</ele>
        <time>2026-08-01T14:14:36Z</time>
      </trkpt>
      <trkpt lat="44.196275" lon="7.201918">
        <ele>2321.8</ele>
        <time>2026-08-01T14:14:39Z</time>
      </trkpt>
      <trkpt lat="44.196246" lon="7.201922">
        <ele>2322.6</ele>
        <time>2026-08-01T14:14:42Z</time>
      </trkpt>
      <trkpt lat="44.196221" lon="7.201923">
        <ele>2323.0</ele>
        <time>2026-08-01T14:14:46Z</time>
      </trkpt>
      <trkpt lat="44.196157" lon="7.201928">
        <ele>2323.6</ele>
        <time>2026-08-01T14:14:51Z</time>
      </trkpt>
      <trkpt lat="44.196125" lon="7.201937">
        <ele>2324.0</ele>
        <time>2026-08-01T14:14:54Z</time>
      </trkpt>
      <trkpt lat="44.196087" lon="7.201925">
        <ele>2324.6</ele>
        <time>2026-08-01T14:15:00Z</time>
      </trkpt>
      <trkpt lat="44.196083" lon="7.201897">
        <ele>2325.0</ele>
        <time>2026-08-01T14:15:04Z</time>
      </trkpt>
      <trkpt lat="44.196097" lon="7.201866">
        <ele>2325.6</ele>
        <time>2026-08-01T14:15:08Z</time>
      </trkpt>
      <trkpt lat="44.196109" lon="7.20184">
        <ele>2326.2</ele>
        <time>2026-08-01T14:15:11Z</time>
      </trkpt>
      <trkpt lat="44.196135" lon="7.201769">
        <ele>2327.2</ele>
        <time>2026-08-01T14:15:16Z</time>
      </trkpt>
      <trkpt lat="44.196153" lon="7.201728">
        <ele>2328.0</ele>
        <time>2026-08-01T14:15:19Z</time>
      </trkpt>
      <trkpt lat="44.19616" lon="7.201711">
        <ele>2328.2</ele>
        <time>2026-08-01T14:15:21Z</time>
      </trkpt>
      <trkpt lat="44.196164" lon="7.2017">
        <ele>2329.2</ele>
        <time>2026-08-01T14:15:25Z</time>
      </trkpt>
      <trkpt lat="44.196163" lon="7.2017">
        <ele>2329.4</ele>
        <time>2026-08-01T14:15:26Z</time>
      </trkpt>
      <trkpt lat="44.196165" lon="7.201699">
        <ele>2330.0</ele>
        <time>2026-08-01T14:15:28Z</time>
      </trkpt>
      <trkpt lat="44.196169" lon="7.201668">
        <ele>2330.6</ele>
        <time>2026-08-01T14:15:31Z</time>
      </trkpt>
      <trkpt lat="44.196148" lon="7.201595">
        <ele>2331.0</ele>
        <time>2026-08-01T14:15:37Z</time>
      </trkpt>
      <trkpt lat="44.196111" lon="7.201625">
        <ele>2331.8</ele>
        <time>2026-08-01T14:15:41Z</time>
      </trkpt>
      <trkpt lat="44.196096" lon="7.201653">
        <ele>2332.2</ele>
        <time>2026-08-01T14:15:43Z</time>
      </trkpt>
      <trkpt lat="44.196079" lon="7.201677">
        <ele>2332.8</ele>
        <time>2026-08-01T14:15:45Z</time>
      </trkpt>
      <trkpt lat="44.19603" lon="7.201721">
        <ele>2333.4</ele>
        <time>2026-08-01T14:15:51Z</time>
      </trkpt>
      <trkpt lat="44.195997" lon="7.201721">
        <ele>2333.8</ele>
        <time>2026-08-01T14:15:55Z</time>
      </trkpt>
      <trkpt lat="44.195981" lon="7.201714">
        <ele>2333.8</ele>
        <time>2026-08-01T14:15:59Z</time>
      </trkpt>
      <trkpt lat="44.19591" lon="7.201716">
        <ele>2334.8</ele>
        <time>2026-08-01T14:16:05Z</time>
      </trkpt>
      <trkpt lat="44.195861" lon="7.20173">
        <ele>2335.2</ele>
        <time>2026-08-01T14:16:08Z</time>
      </trkpt>
      <trkpt lat="44.195811" lon="7.201785">
        <ele>2336.0</ele>
        <time>2026-08-01T14:16:14Z</time>
      </trkpt>
      <trkpt lat="44.195795" lon="7.201807">
        <ele>2336.4</ele>
        <time>2026-08-01T14:16:16Z</time>
      </trkpt>
      <trkpt lat="44.195776" lon="7.201845">
        <ele>2337.2</ele>
        <time>2026-08-01T14:16:19Z</time>
      </trkpt>
      <trkpt lat="44.195745" lon="7.201888">
        <ele>2338.2</ele>
        <time>2026-08-01T14:16:24Z</time>
      </trkpt>
      <trkpt lat="44.19573" lon="7.201865">
        <ele>2339.0</ele>
        <time>2026-08-01T14:16:28Z</time>
      </trkpt>
      <trkpt lat="44.195719" lon="7.201855">
        <ele>2339.2</ele>
        <time>2026-08-01T14:16:29Z</time>
      </trkpt>
      <trkpt lat="44.195702" lon="7.201839">
        <ele>2339.6</ele>
        <time>2026-08-01T14:16:31Z</time>
      </trkpt>
      <trkpt lat="44.195677" lon="7.201839">
        <ele>2340.2</ele>
        <time>2026-08-01T14:16:34Z</time>
      </trkpt>
      <trkpt lat="44.195653" lon="7.201856">
        <ele>2341.2</ele>
        <time>2026-08-01T14:16:39Z</time>
      </trkpt>
      <trkpt lat="44.195644" lon="7.201855">
        <ele>2341.4</ele>
        <time>2026-08-01T14:16:40Z</time>
      </trkpt>
      <trkpt lat="44.195588" lon="7.201844">
        <ele>2342.0</ele>
        <time>2026-08-01T14:16:45Z</time>
      </trkpt>
      <trkpt lat="44.195568" lon="7.201842">
        <ele>2342.2</ele>
        <time>2026-08-01T14:16:47Z</time>
      </trkpt>
      <trkpt lat="44.195559" lon="7.20184">
        <ele>2342.4</ele>
        <time>2026-08-01T14:16:49Z</time>
      </trkpt>
      <trkpt lat="44.195544" lon="7.201825">
        <ele>2343.6</ele>
        <time>2026-08-01T14:16:52Z</time>
      </trkpt>
      <trkpt lat="44.19554" lon="7.201804">
        <ele>2344.0</ele>
        <time>2026-08-01T14:16:54Z</time>
      </trkpt>
      <trkpt lat="44.195594" lon="7.201722">
        <ele>2343.8</ele>
        <time>2026-08-01T14:17:02Z</time>
      </trkpt>
      <trkpt lat="44.195618" lon="7.201683">
        <ele>2344.8</ele>
        <time>2026-08-01T14:17:05Z</time>
      </trkpt>
      <trkpt lat="44.195644" lon="7.201627">
        <ele>2345.8</ele>
        <time>2026-08-01T14:17:09Z</time>
      </trkpt>
      <trkpt lat="44.195647" lon="7.201621">
        <ele>2346.2</ele>
        <time>2026-08-01T14:17:10Z</time>
      </trkpt>
      <trkpt lat="44.195652" lon="7.201596">
        <ele>2346.8</ele>
        <time>2026-08-01T14:17:13Z</time>
      </trkpt>
      <trkpt lat="44.195661" lon="7.201547">
        <ele>2347.6</ele>
        <time>2026-08-01T14:17:19Z</time>
      </trkpt>
      <trkpt lat="44.195661" lon="7.201501">
        <ele>2348.0</ele>
        <time>2026-08-01T14:17:21Z</time>
      </trkpt>
      <trkpt lat="44.195666" lon="7.201448">
        <ele>2348.6</ele>
        <time>2026-08-01T14:17:25Z</time>
      </trkpt>
      <trkpt lat="44.195678" lon="7.201372">
        <ele>2349.0</ele>
        <time>2026-08-01T14:17:30Z</time>
      </trkpt>
      <trkpt lat="44.195694" lon="7.201308">
        <ele>2349.4</ele>
        <time>2026-08-01T14:17:34Z</time>
      </trkpt>
      <trkpt lat="44.195722" lon="7.201227">
        <ele>2350.2</ele>
        <time>2026-08-01T14:17:40Z</time>
      </trkpt>
      <trkpt lat="44.195742" lon="7.201187">
        <ele>2350.6</ele>
        <time>2026-08-01T14:17:43Z</time>
      </trkpt>
      <trkpt lat="44.195747" lon="7.20116">
        <ele>2351.2</ele>
        <time>2026-08-01T14:17:45Z</time>
      </trkpt>
      <trkpt lat="44.195744" lon="7.201125">
        <ele>2352.6</ele>
        <time>2026-08-01T14:17:47Z</time>
      </trkpt>
      <trkpt lat="44.195727" lon="7.201104">
        <ele>2353.6</ele>
        <time>2026-08-01T14:17:50Z</time>
      </trkpt>
      <trkpt lat="44.19572" lon="7.201102">
        <ele>2353.6</ele>
        <time>2026-08-01T14:17:51Z</time>
      </trkpt>
      <trkpt lat="44.195682" lon="7.201114">
        <ele>2353.2</ele>
        <time>2026-08-01T14:17:55Z</time>
      </trkpt>
      <trkpt lat="44.195636" lon="7.201126">
        <ele>2353.0</ele>
        <time>2026-08-01T14:17:58Z</time>
      </trkpt>
      <trkpt lat="44.195554" lon="7.201157">
        <ele>2354.4</ele>
        <time>2026-08-01T14:18:05Z</time>
      </trkpt>
      <trkpt lat="44.195469" lon="7.201153">
        <ele>2354.8</ele>
        <time>2026-08-01T14:18:12Z</time>
      </trkpt>
      <trkpt lat="44.195457" lon="7.201115">
        <ele>2355.4</ele>
        <time>2026-08-01T14:18:16Z</time>
      </trkpt>
      <trkpt lat="44.195461" lon="7.201088">
        <ele>2355.6</ele>
        <time>2026-08-01T14:18:18Z</time>
      </trkpt>
      <trkpt lat="44.195462" lon="7.201078">
        <ele>2355.8</ele>
        <time>2026-08-01T14:18:19Z</time>
      </trkpt>
      <trkpt lat="44.19548" lon="7.201034">
        <ele>2357.0</ele>
        <time>2026-08-01T14:18:23Z</time>
      </trkpt>
      <trkpt lat="44.195487" lon="7.201019">
        <ele>2357.4</ele>
        <time>2026-08-01T14:18:24Z</time>
      </trkpt>
      <trkpt lat="44.195539" lon="7.200942">
        <ele>2358.2</ele>
        <time>2026-08-01T14:18:30Z</time>
      </trkpt>
      <trkpt lat="44.195561" lon="7.200907">
        <ele>2358.8</ele>
        <time>2026-08-01T14:18:33Z</time>
      </trkpt>
      <trkpt lat="44.195571" lon="7.200876">
        <ele>2359.6</ele>
        <time>2026-08-01T14:18:36Z</time>
      </trkpt>
      <trkpt lat="44.195549" lon="7.200871">
        <ele>2360.2</ele>
        <time>2026-08-01T14:18:40Z</time>
      </trkpt>
      <trkpt lat="44.195466" lon="7.200915">
        <ele>2359.2</ele>
        <time>2026-08-01T14:18:46Z</time>
      </trkpt>
      <trkpt lat="44.1954" lon="7.200972">
        <ele>2360.6</ele>
        <time>2026-08-01T14:18:55Z</time>
      </trkpt>
      <trkpt lat="44.195391" lon="7.200976">
        <ele>2360.8</ele>
        <time>2026-08-01T14:18:56Z</time>
      </trkpt>
      <trkpt lat="44.195373" lon="7.200984">
        <ele>2361.0</ele>
        <time>2026-08-01T14:19:00Z</time>
      </trkpt>
      <trkpt lat="44.195333" lon="7.201004">
        <ele>2361.4</ele>
        <time>2026-08-01T14:19:05Z</time>
      </trkpt>
      <trkpt lat="44.195268" lon="7.201047">
        <ele>2361.8</ele>
        <time>2026-08-01T14:19:12Z</time>
      </trkpt>
      <trkpt lat="44.195256" lon="7.201059">
        <ele>2361.8</ele>
        <time>2026-08-01T14:19:14Z</time>
      </trkpt>
      <trkpt lat="44.195221" lon="7.20107">
        <ele>2363.0</ele>
        <time>2026-08-01T14:19:18Z</time>
      </trkpt>
      <trkpt lat="44.195188" lon="7.201075">
        <ele>2363.4</ele>
        <time>2026-08-01T14:19:22Z</time>
      </trkpt>
      <trkpt lat="44.195127" lon="7.201071">
        <ele>2364.0</ele>
        <time>2026-08-01T14:19:28Z</time>
      </trkpt>
      <trkpt lat="44.195118" lon="7.201073">
        <ele>2364.2</ele>
        <time>2026-08-01T14:19:29Z</time>
      </trkpt>
      <trkpt lat="44.19505" lon="7.201098">
        <ele>2365.0</ele>
        <time>2026-08-01T14:19:35Z</time>
      </trkpt>
      <trkpt lat="44.195039" lon="7.201098">
        <ele>2365.0</ele>
        <time>2026-08-01T14:19:36Z</time>
      </trkpt>
      <trkpt lat="44.195029" lon="7.201095">
        <ele>2365.2</ele>
        <time>2026-08-01T14:19:37Z</time>
      </trkpt>
      <trkpt lat="44.195032" lon="7.200996">
        <ele>2365.8</ele>
        <time>2026-08-01T14:19:43Z</time>
      </trkpt>
      <trkpt lat="44.195063" lon="7.20096">
        <ele>2366.2</ele>
        <time>2026-08-01T14:19:46Z</time>
      </trkpt>
      <trkpt lat="44.195099" lon="7.200926">
        <ele>2367.0</ele>
        <time>2026-08-01T14:19:49Z</time>
      </trkpt>
      <trkpt lat="44.195119" lon="7.200903">
        <ele>2367.4</ele>
        <time>2026-08-01T14:19:51Z</time>
      </trkpt>
      <trkpt lat="44.19516" lon="7.200841">
        <ele>2368.4</ele>
        <time>2026-08-01T14:19:59Z</time>
      </trkpt>
      <trkpt lat="44.195164" lon="7.200833">
        <ele>2368.4</ele>
        <time>2026-08-01T14:20:00Z</time>
      </trkpt>
      <trkpt lat="44.195216" lon="7.200711">
        <ele>2369.2</ele>
        <time>2026-08-01T14:20:08Z</time>
      </trkpt>
      <trkpt lat="44.195231" lon="7.200677">
        <ele>2369.4</ele>
        <time>2026-08-01T14:20:11Z</time>
      </trkpt>
      <trkpt lat="44.195273" lon="7.200623">
        <ele>2369.4</ele>
        <time>2026-08-01T14:20:16Z</time>
      </trkpt>
      <trkpt lat="44.195299" lon="7.200581">
        <ele>2369.4</ele>
        <time>2026-08-01T14:20:23Z</time>
      </trkpt>
      <trkpt lat="44.195237" lon="7.200632">
        <ele>2369.4</ele>
        <time>2026-08-01T14:20:29Z</time>
      </trkpt>
      <trkpt lat="44.195214" lon="7.200659">
        <ele>2370.0</ele>
        <time>2026-08-01T14:20:35Z</time>
      </trkpt>
      <trkpt lat="44.195208" lon="7.200667">
        <ele>2369.4</ele>
        <time>2026-08-01T14:20:39Z</time>
      </trkpt>
      <trkpt lat="44.195292" lon="7.200588">
        <ele>2369.2</ele>
        <time>2026-08-01T14:20:46Z</time>
      </trkpt>
      <trkpt lat="44.195341" lon="7.200585">
        <ele>2369.4</ele>
        <time>2026-08-01T14:20:53Z</time>
      </trkpt>
      <trkpt lat="44.195281" lon="7.200618">
        <ele>2369.0</ele>
        <time>2026-08-01T14:20:59Z</time>
      </trkpt>
      <trkpt lat="44.19524" lon="7.200621">
        <ele>2368.8</ele>
        <time>2026-08-01T14:21:08Z</time>
      </trkpt>
      <trkpt lat="44.19524" lon="7.200605">
        <ele>2368.8</ele>
        <time>2026-08-01T14:21:10Z</time>
      </trkpt>
      <trkpt lat="44.195241" lon="7.20057">
        <ele>2369.0</ele>
        <time>2026-08-01T14:21:15Z</time>
      </trkpt>
      <trkpt lat="44.195222" lon="7.200545">
        <ele>2369.8</ele>
        <time>2026-08-01T14:21:19Z</time>
      </trkpt>
      <trkpt lat="44.195203" lon="7.200561">
        <ele>2369.6</ele>
        <time>2026-08-01T14:21:23Z</time>
      </trkpt>
      <trkpt lat="44.19519" lon="7.200578">
        <ele>2369.6</ele>
        <time>2026-08-01T14:21:26Z</time>
      </trkpt>
      <trkpt lat="44.19519" lon="7.200579">
        <ele>2369.6</ele>
        <time>2026-08-01T14:21:27Z</time>
      </trkpt>
      <trkpt lat="44.195187" lon="7.200584">
        <ele>2369.6</ele>
        <time>2026-08-01T14:21:28Z</time>
      </trkpt>
      <trkpt lat="44.195194" lon="7.200575">
        <ele>2370.0</ele>
        <time>2026-08-01T14:21:30Z</time>
      </trkpt>
      <trkpt lat="44.195193" lon="7.200572">
        <ele>2370.0</ele>
        <time>2026-08-01T14:21:31Z</time>
      </trkpt>
      <trkpt lat="44.195184" lon="7.200575">
        <ele>2370.4</ele>
        <time>2026-08-01T14:21:33Z</time>
      </trkpt>
      <trkpt lat="44.195175" lon="7.200585">
        <ele>2370.6</ele>
        <time>2026-08-01T14:21:34Z</time>
      </trkpt>
      <trkpt lat="44.19512" lon="7.200648">
        <ele>2371.6</ele>
        <time>2026-08-01T14:21:39Z</time>
      </trkpt>
      <trkpt lat="44.195032" lon="7.200713">
        <ele>2372.4</ele>
        <time>2026-08-01T14:21:47Z</time>
      </trkpt>
      <trkpt lat="44.195002" lon="7.200754">
        <ele>2372.6</ele>
        <time>2026-08-01T14:21:53Z</time>
      </trkpt>
      <trkpt lat="44.194993" lon="7.200759">
        <ele>2373.4</ele>
        <time>2026-08-01T14:21:56Z</time>
      </trkpt>
      <trkpt lat="44.194995" lon="7.200755">
        <ele>2373.6</ele>
        <time>2026-08-01T14:21:57Z</time>
      </trkpt>
      <trkpt lat="44.19499" lon="7.200686">
        <ele>2374.8</ele>
        <time>2026-08-01T14:22:02Z</time>
      </trkpt>
      <trkpt lat="44.194986" lon="7.200673">
        <ele>2375.0</ele>
        <time>2026-08-01T14:22:03Z</time>
      </trkpt>
      <trkpt lat="44.194955" lon="7.200611">
        <ele>2376.0</ele>
        <time>2026-08-01T14:22:10Z</time>
      </trkpt>
      <trkpt lat="44.194941" lon="7.200607">
        <ele>2376.2</ele>
        <time>2026-08-01T14:22:12Z</time>
      </trkpt>
      <trkpt lat="44.194926" lon="7.200613">
        <ele>2376.6</ele>
        <time>2026-08-01T14:22:15Z</time>
      </trkpt>
      <trkpt lat="44.194907" lon="7.200619">
        <ele>2377.2</ele>
        <time>2026-08-01T14:22:18Z</time>
      </trkpt>
      <trkpt lat="44.1949" lon="7.200621">
        <ele>2377.4</ele>
        <time>2026-08-01T14:22:19Z</time>
      </trkpt>
      <trkpt lat="44.194865" lon="7.200635">
        <ele>2378.2</ele>
        <time>2026-08-01T14:22:26Z</time>
      </trkpt>
      <trkpt lat="44.194847" lon="7.200639">
        <ele>2378.8</ele>
        <time>2026-08-01T14:22:30Z</time>
      </trkpt>
      <trkpt lat="44.194833" lon="7.200647">
        <ele>2379.2</ele>
        <time>2026-08-01T14:22:33Z</time>
      </trkpt>
      <trkpt lat="44.194782" lon="7.200672">
        <ele>2380.4</ele>
        <time>2026-08-01T14:22:39Z</time>
      </trkpt>
      <trkpt lat="44.194768" lon="7.200673">
        <ele>2380.6</ele>
        <time>2026-08-01T14:22:40Z</time>
      </trkpt>
      <trkpt lat="44.194734" lon="7.200593">
        <ele>2381.2</ele>
        <time>2026-08-01T14:22:47Z</time>
      </trkpt>
      <trkpt lat="44.194742" lon="7.200568">
        <ele>2381.4</ele>
        <time>2026-08-01T14:22:49Z</time>
      </trkpt>
      <trkpt lat="44.194774" lon="7.200519">
        <ele>2382.4</ele>
        <time>2026-08-01T14:22:54Z</time>
      </trkpt>
      <trkpt lat="44.194778" lon="7.200502">
        <ele>2382.8</ele>
        <time>2026-08-01T14:22:55Z</time>
      </trkpt>
      <trkpt lat="44.19478" lon="7.200451">
        <ele>2383.6</ele>
        <time>2026-08-01T14:22:58Z</time>
      </trkpt>
      <trkpt lat="44.194758" lon="7.200427">
        <ele>2384.6</ele>
        <time>2026-08-01T14:23:02Z</time>
      </trkpt>
      <trkpt lat="44.194752" lon="7.200427">
        <ele>2384.6</ele>
        <time>2026-08-01T14:23:03Z</time>
      </trkpt>
      <trkpt lat="44.194742" lon="7.20043">
        <ele>2384.6</ele>
        <time>2026-08-01T14:23:04Z</time>
      </trkpt>
      <trkpt lat="44.194678" lon="7.200456">
        <ele>2385.8</ele>
        <time>2026-08-01T14:23:11Z</time>
      </trkpt>
      <trkpt lat="44.194607" lon="7.200526">
        <ele>2386.8</ele>
        <time>2026-08-01T14:23:20Z</time>
      </trkpt>
      <trkpt lat="44.194597" lon="7.200545">
        <ele>2387.0</ele>
        <time>2026-08-01T14:23:23Z</time>
      </trkpt>
      <trkpt lat="44.194549" lon="7.200613">
        <ele>2387.6</ele>
        <time>2026-08-01T14:23:28Z</time>
      </trkpt>
      <trkpt lat="44.194481" lon="7.20068">
        <ele>2388.2</ele>
        <time>2026-08-01T14:23:35Z</time>
      </trkpt>
      <trkpt lat="44.194438" lon="7.200718">
        <ele>2389.4</ele>
        <time>2026-08-01T14:23:41Z</time>
      </trkpt>
      <trkpt lat="44.19443" lon="7.200735">
        <ele>2389.8</ele>
        <time>2026-08-01T14:23:44Z</time>
      </trkpt>
      <trkpt lat="44.194413" lon="7.200757">
        <ele>2390.4</ele>
        <time>2026-08-01T14:23:48Z</time>
      </trkpt>
      <trkpt lat="44.194387" lon="7.200761">
        <ele>2391.0</ele>
        <time>2026-08-01T14:23:52Z</time>
      </trkpt>
      <trkpt lat="44.19438" lon="7.200739">
        <ele>2391.4</ele>
        <time>2026-08-01T14:23:54Z</time>
      </trkpt>
      <trkpt lat="44.194356" lon="7.200643">
        <ele>2392.6</ele>
        <time>2026-08-01T14:23:59Z</time>
      </trkpt>
      <trkpt lat="44.194333" lon="7.200582">
        <ele>2393.6</ele>
        <time>2026-08-01T14:24:05Z</time>
      </trkpt>
      <trkpt lat="44.194328" lon="7.200554">
        <ele>2393.8</ele>
        <time>2026-08-01T14:24:07Z</time>
      </trkpt>
      <trkpt lat="44.194355" lon="7.200452">
        <ele>2394.0</ele>
        <time>2026-08-01T14:24:15Z</time>
      </trkpt>
      <trkpt lat="44.194375" lon="7.200374">
        <ele>2394.6</ele>
        <time>2026-08-01T14:24:21Z</time>
      </trkpt>
      <trkpt lat="44.194377" lon="7.200319">
        <ele>2395.8</ele>
        <time>2026-08-01T14:24:25Z</time>
      </trkpt>
      <trkpt lat="44.194379" lon="7.200283">
        <ele>2397.0</ele>
        <time>2026-08-01T14:24:32Z</time>
      </trkpt>
      <trkpt lat="44.194374" lon="7.200285">
        <ele>2397.0</ele>
        <time>2026-08-01T14:24:33Z</time>
      </trkpt>
      <trkpt lat="44.194348" lon="7.200324">
        <ele>2398.0</ele>
        <time>2026-08-01T14:24:38Z</time>
      </trkpt>
      <trkpt lat="44.194336" lon="7.200339">
        <ele>2398.4</ele>
        <time>2026-08-01T14:24:40Z</time>
      </trkpt>
      <trkpt lat="44.194296" lon="7.200372">
        <ele>2399.0</ele>
        <time>2026-08-01T14:24:45Z</time>
      </trkpt>
      <trkpt lat="44.194273" lon="7.200396">
        <ele>2399.6</ele>
        <time>2026-08-01T14:24:48Z</time>
      </trkpt>
      <trkpt lat="44.194256" lon="7.200414">
        <ele>2400.2</ele>
        <time>2026-08-01T14:24:51Z</time>
      </trkpt>
      <trkpt lat="44.194223" lon="7.200429">
        <ele>2401.0</ele>
        <time>2026-08-01T14:24:55Z</time>
      </trkpt>
      <trkpt lat="44.194213" lon="7.20043">
        <ele>2401.4</ele>
        <time>2026-08-01T14:24:56Z</time>
      </trkpt>
      <trkpt lat="44.194144" lon="7.20046">
        <ele>2402.4</ele>
        <time>2026-08-01T14:25:02Z</time>
      </trkpt>
      <trkpt lat="44.194149" lon="7.20047">
        <ele>2403.0</ele>
        <time>2026-08-01T14:25:04Z</time>
      </trkpt>
      <trkpt lat="44.194139" lon="7.200494">
        <ele>2403.6</ele>
        <time>2026-08-01T14:25:07Z</time>
      </trkpt>
      <trkpt lat="44.194089" lon="7.200553">
        <ele>2404.6</ele>
        <time>2026-08-01T14:25:12Z</time>
      </trkpt>
      <trkpt lat="44.194078" lon="7.200558">
        <ele>2404.6</ele>
        <time>2026-08-01T14:25:13Z</time>
      </trkpt>
      <trkpt lat="44.194011" lon="7.200581">
        <ele>2405.2</ele>
        <time>2026-08-01T14:25:20Z</time>
      </trkpt>
      <trkpt lat="44.193979" lon="7.200615">
        <ele>2405.8</ele>
        <time>2026-08-01T14:25:26Z</time>
      </trkpt>
      <trkpt lat="44.193955" lon="7.200651">
        <ele>2406.2</ele>
        <time>2026-08-01T14:25:29Z</time>
      </trkpt>
      <trkpt lat="44.193926" lon="7.200692">
        <ele>2406.6</ele>
        <time>2026-08-01T14:25:33Z</time>
      </trkpt>
      <trkpt lat="44.193921" lon="7.200705">
        <ele>2406.8</ele>
        <time>2026-08-01T14:25:34Z</time>
      </trkpt>
      <trkpt lat="44.19392" lon="7.200779">
        <ele>2407.8</ele>
        <time>2026-08-01T14:25:39Z</time>
      </trkpt>
      <trkpt lat="44.193918" lon="7.200794">
        <ele>2407.8</ele>
        <time>2026-08-01T14:25:40Z</time>
      </trkpt>
      <trkpt lat="44.193895" lon="7.200879">
        <ele>2409.0</ele>
        <time>2026-08-01T14:25:46Z</time>
      </trkpt>
      <trkpt lat="44.193891" lon="7.200889">
        <ele>2409.2</ele>
        <time>2026-08-01T14:25:47Z</time>
      </trkpt>
      <trkpt lat="44.193874" lon="7.200893">
        <ele>2409.4</ele>
        <time>2026-08-01T14:25:50Z</time>
      </trkpt>
      <trkpt lat="44.193874" lon="7.200893">
        <ele>2409.0</ele>
        <time>2026-08-01T14:25:54Z</time>
      </trkpt>
      <trkpt lat="44.193866" lon="7.200903">
        <ele>2409.2</ele>
        <time>2026-08-01T14:25:56Z</time>
      </trkpt>
      <trkpt lat="44.193831" lon="7.200945">
        <ele>2410.2</ele>
        <time>2026-08-01T14:26:01Z</time>
      </trkpt>
      <trkpt lat="44.193823" lon="7.200953">
        <ele>2410.4</ele>
        <time>2026-08-01T14:26:02Z</time>
      </trkpt>
      <trkpt lat="44.193769" lon="7.200979">
        <ele>2411.2</ele>
        <time>2026-08-01T14:26:07Z</time>
      </trkpt>
      <trkpt lat="44.193736" lon="7.201013">
        <ele>2412.0</ele>
        <time>2026-08-01T14:26:11Z</time>
      </trkpt>
      <trkpt lat="44.193718" lon="7.201037">
        <ele>2412.4</ele>
        <time>2026-08-01T14:26:13Z</time>
      </trkpt>
      <trkpt lat="44.193693" lon="7.201074">
        <ele>2412.4</ele>
        <time>2026-08-01T14:26:16Z</time>
      </trkpt>
      <trkpt lat="44.193675" lon="7.201143">
        <ele>2413.0</ele>
        <time>2026-08-01T14:26:21Z</time>
      </trkpt>
      <trkpt lat="44.193667" lon="7.201182">
        <ele>2413.4</ele>
        <time>2026-08-01T14:26:24Z</time>
      </trkpt>
      <trkpt lat="44.193648" lon="7.201239">
        <ele>2414.2</ele>
        <time>2026-08-01T14:26:29Z</time>
      </trkpt>
      <trkpt lat="44.193636" lon="7.201275">
        <ele>2414.4</ele>
        <time>2026-08-01T14:26:32Z</time>
      </trkpt>
      <trkpt lat="44.193624" lon="7.201333">
        <ele>2415.2</ele>
        <time>2026-08-01T14:26:37Z</time>
      </trkpt>
      <trkpt lat="44.193609" lon="7.201364">
        <ele>2415.6</ele>
        <time>2026-08-01T14:26:39Z</time>
      </trkpt>
      <trkpt lat="44.193605" lon="7.201375">
        <ele>2415.8</ele>
        <time>2026-08-01T14:26:40Z</time>
      </trkpt>
      <trkpt lat="44.193567" lon="7.201417">
        <ele>2416.4</ele>
        <time>2026-08-01T14:26:45Z</time>
      </trkpt>
      <trkpt lat="44.193553" lon="7.201412">
        <ele>2416.6</ele>
        <time>2026-08-01T14:26:47Z</time>
      </trkpt>
      <trkpt lat="44.193563" lon="7.20136">
        <ele>2416.8</ele>
        <time>2026-08-01T14:26:51Z</time>
      </trkpt>
      <trkpt lat="44.193582" lon="7.201274">
        <ele>2417.6</ele>
        <time>2026-08-01T14:26:57Z</time>
      </trkpt>
      <trkpt lat="44.193582" lon="7.201265">
        <ele>2417.8</ele>
        <time>2026-08-01T14:26:58Z</time>
      </trkpt>
      <trkpt lat="44.193567" lon="7.201196">
        <ele>2418.6</ele>
        <time>2026-08-01T14:27:06Z</time>
      </trkpt>
      <trkpt lat="44.193539" lon="7.201112">
        <ele>2419.4</ele>
        <time>2026-08-01T14:27:13Z</time>
      </trkpt>
      <trkpt lat="44.193532" lon="7.201096">
        <ele>2419.6</ele>
        <time>2026-08-01T14:27:15Z</time>
      </trkpt>
      <trkpt lat="44.19349" lon="7.201026">
        <ele>2420.2</ele>
        <time>2026-08-01T14:27:23Z</time>
      </trkpt>
      <trkpt lat="44.19349" lon="7.200982">
        <ele>2420.8</ele>
        <time>2026-08-01T14:27:27Z</time>
      </trkpt>
      <trkpt lat="44.193499" lon="7.200935">
        <ele>2421.4</ele>
        <time>2026-08-01T14:27:30Z</time>
      </trkpt>
      <trkpt lat="44.193503" lon="7.200924">
        <ele>2421.6</ele>
        <time>2026-08-01T14:27:31Z</time>
      </trkpt>
      <trkpt lat="44.193523" lon="7.200882">
        <ele>2422.0</ele>
        <time>2026-08-01T14:27:35Z</time>
      </trkpt>
      <trkpt lat="44.193537" lon="7.200841">
        <ele>2422.6</ele>
        <time>2026-08-01T14:27:39Z</time>
      </trkpt>
      <trkpt lat="44.193543" lon="7.200815">
        <ele>2423.0</ele>
        <time>2026-08-01T14:27:41Z</time>
      </trkpt>
      <trkpt lat="44.193535" lon="7.200754">
        <ele>2423.8</ele>
        <time>2026-08-01T14:27:48Z</time>
      </trkpt>
      <trkpt lat="44.193511" lon="7.200696">
        <ele>2424.2</ele>
        <time>2026-08-01T14:27:52Z</time>
      </trkpt>
      <trkpt lat="44.193496" lon="7.200636">
        <ele>2424.8</ele>
        <time>2026-08-01T14:27:56Z</time>
      </trkpt>
      <trkpt lat="44.193497" lon="7.200617">
        <ele>2425.2</ele>
        <time>2026-08-01T14:27:58Z</time>
      </trkpt>
      <trkpt lat="44.193518" lon="7.200537">
        <ele>2425.4</ele>
        <time>2026-08-01T14:28:03Z</time>
      </trkpt>
      <trkpt lat="44.193594" lon="7.200444">
        <ele>2426.2</ele>
        <time>2026-08-01T14:28:12Z</time>
      </trkpt>
      <trkpt lat="44.193599" lon="7.200439">
        <ele>2426.4</ele>
        <time>2026-08-01T14:28:13Z</time>
      </trkpt>
      <trkpt lat="44.19364" lon="7.20039">
        <ele>2427.2</ele>
        <time>2026-08-01T14:28:19Z</time>
      </trkpt>
      <trkpt lat="44.193645" lon="7.200378">
        <ele>2427.4</ele>
        <time>2026-08-01T14:28:20Z</time>
      </trkpt>
      <trkpt lat="44.193688" lon="7.200297">
        <ele>2428.2</ele>
        <time>2026-08-01T14:28:27Z</time>
      </trkpt>
      <trkpt lat="44.193708" lon="7.200267">
        <ele>2428.4</ele>
        <time>2026-08-01T14:28:30Z</time>
      </trkpt>
      <trkpt lat="44.193738" lon="7.200215">
        <ele>2429.4</ele>
        <time>2026-08-01T14:28:36Z</time>
      </trkpt>
      <trkpt lat="44.193741" lon="7.200208">
        <ele>2429.6</ele>
        <time>2026-08-01T14:28:37Z</time>
      </trkpt>
      <trkpt lat="44.193763" lon="7.200174">
        <ele>2430.4</ele>
        <time>2026-08-01T14:28:40Z</time>
      </trkpt>
      <trkpt lat="44.193811" lon="7.200138">
        <ele>2431.6</ele>
        <time>2026-08-01T14:28:45Z</time>
      </trkpt>
      <trkpt lat="44.193821" lon="7.200133">
        <ele>2431.6</ele>
        <time>2026-08-01T14:28:46Z</time>
      </trkpt>
      <trkpt lat="44.193849" lon="7.200112">
        <ele>2432.6</ele>
        <time>2026-08-01T14:28:49Z</time>
      </trkpt>
      <trkpt lat="44.193862" lon="7.200052">
        <ele>2433.2</ele>
        <time>2026-08-01T14:28:54Z</time>
      </trkpt>
      <trkpt lat="44.193864" lon="7.20001">
        <ele>2433.6</ele>
        <time>2026-08-01T14:28:58Z</time>
      </trkpt>
      <trkpt lat="44.193881" lon="7.199952">
        <ele>2434.4</ele>
        <time>2026-08-01T14:29:02Z</time>
      </trkpt>
      <trkpt lat="44.193886" lon="7.199939">
        <ele>2434.8</ele>
        <time>2026-08-01T14:29:05Z</time>
      </trkpt>
      <trkpt lat="44.193892" lon="7.199935">
        <ele>2435.2</ele>
        <time>2026-08-01T14:29:08Z</time>
      </trkpt>
      <trkpt lat="44.193895" lon="7.199904">
        <ele>2435.6</ele>
        <time>2026-08-01T14:29:11Z</time>
      </trkpt>
      <trkpt lat="44.193888" lon="7.199881">
        <ele>2436.0</ele>
        <time>2026-08-01T14:29:13Z</time>
      </trkpt>
      <trkpt lat="44.193881" lon="7.19977">
        <ele>2436.6</ele>
        <time>2026-08-01T14:29:18Z</time>
      </trkpt>
      <trkpt lat="44.19388" lon="7.19975">
        <ele>2437.0</ele>
        <time>2026-08-01T14:29:21Z</time>
      </trkpt>
      <trkpt lat="44.193886" lon="7.199733">
        <ele>2437.0</ele>
        <time>2026-08-01T14:29:24Z</time>
      </trkpt>
      <trkpt lat="44.193898" lon="7.199667">
        <ele>2437.8</ele>
        <time>2026-08-01T14:29:31Z</time>
      </trkpt>
      <trkpt lat="44.193897" lon="7.199643">
        <ele>2438.0</ele>
        <time>2026-08-01T14:29:34Z</time>
      </trkpt>
      <trkpt lat="44.193898" lon="7.199611">
        <ele>2439.0</ele>
        <time>2026-08-01T14:29:38Z</time>
      </trkpt>
      <trkpt lat="44.1939" lon="7.199585">
        <ele>2440.4</ele>
        <time>2026-08-01T14:29:41Z</time>
      </trkpt>
      <trkpt lat="44.193902" lon="7.199527">
        <ele>2441.4</ele>
        <time>2026-08-01T14:29:46Z</time>
      </trkpt>
      <trkpt lat="44.193904" lon="7.199517">
        <ele>2441.6</ele>
        <time>2026-08-01T14:29:47Z</time>
      </trkpt>
      <trkpt lat="44.193908" lon="7.199439">
        <ele>2442.6</ele>
        <time>2026-08-01T14:29:54Z</time>
      </trkpt>
      <trkpt lat="44.193909" lon="7.199424">
        <ele>2443.0</ele>
        <time>2026-08-01T14:29:55Z</time>
      </trkpt>
      <trkpt lat="44.19391" lon="7.199407">
        <ele>2443.6</ele>
        <time>2026-08-01T14:29:56Z</time>
      </trkpt>
      <trkpt lat="44.193913" lon="7.199334">
        <ele>2444.6</ele>
        <time>2026-08-01T14:30:01Z</time>
      </trkpt>
      <trkpt lat="44.193915" lon="7.199325">
        <ele>2444.8</ele>
        <time>2026-08-01T14:30:02Z</time>
      </trkpt>
      <trkpt lat="44.193918" lon="7.199317">
        <ele>2445.0</ele>
        <time>2026-08-01T14:30:03Z</time>
      </trkpt>
      <trkpt lat="44.193931" lon="7.199265">
        <ele>2445.8</ele>
        <time>2026-08-01T14:30:09Z</time>
      </trkpt>
      <trkpt lat="44.193929" lon="7.199257">
        <ele>2446.2</ele>
        <time>2026-08-01T14:30:12Z</time>
      </trkpt>
      <trkpt lat="44.19389" lon="7.199307">
        <ele>2447.0</ele>
        <time>2026-08-01T14:30:19Z</time>
      </trkpt>
      <trkpt lat="44.193881" lon="7.199315">
        <ele>2447.0</ele>
        <time>2026-08-01T14:30:20Z</time>
      </trkpt>
      <trkpt lat="44.19385" lon="7.199319">
        <ele>2448.2</ele>
        <time>2026-08-01T14:30:25Z</time>
      </trkpt>
      <trkpt lat="44.19383" lon="7.199312">
        <ele>2448.8</ele>
        <time>2026-08-01T14:30:28Z</time>
      </trkpt>
      <trkpt lat="44.193806" lon="7.199306">
        <ele>2449.4</ele>
        <time>2026-08-01T14:30:31Z</time>
      </trkpt>
      <trkpt lat="44.193774" lon="7.199306">
        <ele>2450.4</ele>
        <time>2026-08-01T14:30:34Z</time>
      </trkpt>
      <trkpt lat="44.193739" lon="7.199302">
        <ele>2451.0</ele>
        <time>2026-08-01T14:30:36Z</time>
      </trkpt>
      <trkpt lat="44.193687" lon="7.199298">
        <ele>2451.6</ele>
        <time>2026-08-01T14:30:40Z</time>
      </trkpt>
      <trkpt lat="44.193655" lon="7.199283">
        <ele>2452.4</ele>
        <time>2026-08-01T14:30:44Z</time>
      </trkpt>
      <trkpt lat="44.193646" lon="7.199253">
        <ele>2452.6</ele>
        <time>2026-08-01T14:30:47Z</time>
      </trkpt>
      <trkpt lat="44.193674" lon="7.199217">
        <ele>2453.2</ele>
        <time>2026-08-01T14:30:51Z</time>
      </trkpt>
      <trkpt lat="44.193698" lon="7.199201">
        <ele>2453.8</ele>
        <time>2026-08-01T14:30:54Z</time>
      </trkpt>
      <trkpt lat="44.19375" lon="7.199187">
        <ele>2454.6</ele>
        <time>2026-08-01T14:31:01Z</time>
      </trkpt>
      <trkpt lat="44.193763" lon="7.199172">
        <ele>2455.0</ele>
        <time>2026-08-01T14:31:03Z</time>
      </trkpt>
      <trkpt lat="44.193791" lon="7.199082">
        <ele>2455.8</ele>
        <time>2026-08-01T14:31:09Z</time>
      </trkpt>
      <trkpt lat="44.193818" lon="7.198953">
        <ele>2455.8</ele>
        <time>2026-08-01T14:31:17Z</time>
      </trkpt>
      <trkpt lat="44.193841" lon="7.198933">
        <ele>2456.0</ele>
        <time>2026-08-01T14:31:19Z</time>
      </trkpt>
      <trkpt lat="44.193853" lon="7.198935">
        <ele>2456.2</ele>
        <time>2026-08-01T14:31:20Z</time>
      </trkpt>
      <trkpt lat="44.193892" lon="7.198947">
        <ele>2456.6</ele>
        <time>2026-08-01T14:31:23Z</time>
      </trkpt>
      <trkpt lat="44.193907" lon="7.198947">
        <ele>2456.6</ele>
        <time>2026-08-01T14:31:24Z</time>
      </trkpt>
      <trkpt lat="44.194026" lon="7.198947">
        <ele>2456.4</ele>
        <time>2026-08-01T14:31:33Z</time>
      </trkpt>
      <trkpt lat="44.194064" lon="7.198904">
        <ele>2456.6</ele>
        <time>2026-08-01T14:31:40Z</time>
      </trkpt>
      <trkpt lat="44.194037" lon="7.198804">
        <ele>2456.4</ele>
        <time>2026-08-01T14:31:46Z</time>
      </trkpt>
      <trkpt lat="44.194022" lon="7.198725">
        <ele>2457.2</ele>
        <time>2026-08-01T14:31:51Z</time>
      </trkpt>
      <trkpt lat="44.194007" lon="7.198655">
        <ele>2458.0</ele>
        <time>2026-08-01T14:31:56Z</time>
      </trkpt>
      <trkpt lat="44.19401" lon="7.198632">
        <ele>2458.4</ele>
        <time>2026-08-01T14:31:58Z</time>
      </trkpt>
      <trkpt lat="44.194041" lon="7.198582">
        <ele>2458.8</ele>
        <time>2026-08-01T14:32:04Z</time>
      </trkpt>
      <trkpt lat="44.194051" lon="7.198567">
        <ele>2458.8</ele>
        <time>2026-08-01T14:32:10Z</time>
      </trkpt>
      <trkpt lat="44.194035" lon="7.198519">
        <ele>2459.4</ele>
        <time>2026-08-01T14:32:15Z</time>
      </trkpt>
      <trkpt lat="44.194038" lon="7.198491">
        <ele>2459.6</ele>
        <time>2026-08-01T14:32:17Z</time>
      </trkpt>
      <trkpt lat="44.194041" lon="7.198451">
        <ele>2459.8</ele>
        <time>2026-08-01T14:32:25Z</time>
      </trkpt>
      <trkpt lat="44.194046" lon="7.198439">
        <ele>2458.8</ele>
        <time>2026-08-01T14:32:35Z</time>
      </trkpt>
      <trkpt lat="44.19404" lon="7.198444">
        <ele>2458.4</ele>
        <time>2026-08-01T14:32:39Z</time>
      </trkpt>
      <trkpt lat="44.194037" lon="7.198422">
        <ele>2458.2</ele>
        <time>2026-08-01T14:32:45Z</time>
      </trkpt>
      <trkpt lat="44.194041" lon="7.198407">
        <ele>2458.0</ele>
        <time>2026-08-01T14:32:48Z</time>
      </trkpt>
      <trkpt lat="44.194042" lon="7.198396">
        <ele>2457.4</ele>
        <time>2026-08-01T14:32:51Z</time>
      </trkpt>
      <trkpt lat="44.194045" lon="7.198402">
        <ele>2457.4</ele>
        <time>2026-08-01T14:32:53Z</time>
      </trkpt>
      <trkpt lat="44.194051" lon="7.198417">
        <ele>2458.4</ele>
        <time>2026-08-01T14:32:56Z</time>
      </trkpt>
      <trkpt lat="44.194079" lon="7.198436">
        <ele>2458.0</ele>
        <time>2026-08-01T14:33:01Z</time>
      </trkpt>
      <trkpt lat="44.194095" lon="7.198454">
        <ele>2458.2</ele>
        <time>2026-08-01T14:33:03Z</time>
      </trkpt>
      <trkpt lat="44.194106" lon="7.198469">
        <ele>2458.2</ele>
        <time>2026-08-01T14:33:05Z</time>
      </trkpt>
      <trkpt lat="44.194131" lon="7.198506">
        <ele>2459.4</ele>
        <time>2026-08-01T14:33:10Z</time>
      </trkpt>
      <trkpt lat="44.194158" lon="7.198524">
        <ele>2460.0</ele>
        <time>2026-08-01T14:33:13Z</time>
      </trkpt>
      <trkpt lat="44.19419" lon="7.198525">
        <ele>2460.6</ele>
        <time>2026-08-01T14:33:16Z</time>
      </trkpt>
      <trkpt lat="44.194208" lon="7.198515">
        <ele>2461.4</ele>
        <time>2026-08-01T14:33:20Z</time>
      </trkpt>
      <trkpt lat="44.194205" lon="7.198513">
        <ele>2461.6</ele>
        <time>2026-08-01T14:33:21Z</time>
      </trkpt>
      <trkpt lat="44.194202" lon="7.19851">
        <ele>2462.2</ele>
        <time>2026-08-01T14:33:24Z</time>
      </trkpt>
      <trkpt lat="44.194208" lon="7.198515">
        <ele>2462.4</ele>
        <time>2026-08-01T14:33:26Z</time>
      </trkpt>
      <trkpt lat="44.194209" lon="7.198519">
        <ele>2462.2</ele>
        <time>2026-08-01T14:33:27Z</time>
      </trkpt>
      <trkpt lat="44.194182" lon="7.198526">
        <ele>2461.2</ele>
        <time>2026-08-01T14:33:36Z</time>
      </trkpt>
      <trkpt lat="44.194131" lon="7.198467">
        <ele>2460.6</ele>
        <time>2026-08-01T14:33:44Z</time>
      </trkpt>
      <trkpt lat="44.194133" lon="7.198436">
        <ele>2459.8</ele>
        <time>2026-08-01T14:33:46Z</time>
      </trkpt>
      <trkpt lat="44.194126" lon="7.198399">
        <ele>2459.4</ele>
        <time>2026-08-01T14:33:48Z</time>
      </trkpt>
      <trkpt lat="44.194109" lon="7.198351">
        <ele>2459.4</ele>
        <time>2026-08-01T14:33:53Z</time>
      </trkpt>
      <trkpt lat="44.194107" lon="7.19831">
        <ele>2458.4</ele>
        <time>2026-08-01T14:33:56Z</time>
      </trkpt>
      <trkpt lat="44.194109" lon="7.198296">
        <ele>2457.2</ele>
        <time>2026-08-01T14:33:58Z</time>
      </trkpt>
      <trkpt lat="44.194119" lon="7.198257">
        <ele>2456.8</ele>
        <time>2026-08-01T14:34:01Z</time>
      </trkpt>
      <trkpt lat="44.194139" lon="7.198166">
        <ele>2458.2</ele>
        <time>2026-08-01T14:34:06Z</time>
      </trkpt>
      <trkpt lat="44.194143" lon="7.198133">
        <ele>2458.4</ele>
        <time>2026-08-01T14:34:08Z</time>
      </trkpt>
      <trkpt lat="44.194144" lon="7.197995">
        <ele>2458.6</ele>
        <time>2026-08-01T14:34:15Z</time>
      </trkpt>
      <trkpt lat="44.194114" lon="7.197934">
        <ele>2459.0</ele>
        <time>2026-08-01T14:34:21Z</time>
      </trkpt>
      <trkpt lat="44.194093" lon="7.197837">
        <ele>2459.4</ele>
        <time>2026-08-01T14:34:27Z</time>
      </trkpt>
      <trkpt lat="44.194095" lon="7.197809">
        <ele>2459.4</ele>
        <time>2026-08-01T14:34:29Z</time>
      </trkpt>
      <trkpt lat="44.1941" lon="7.197684">
        <ele>2459.2</ele>
        <time>2026-08-01T14:34:37Z</time>
      </trkpt>
      <trkpt lat="44.194111" lon="7.197538">
        <ele>2459.4</ele>
        <time>2026-08-01T14:34:46Z</time>
      </trkpt>
      <trkpt lat="44.194114" lon="7.197484">
        <ele>2460.2</ele>
        <time>2026-08-01T14:34:50Z</time>
      </trkpt>
      <trkpt lat="44.194114" lon="7.197473">
        <ele>2460.4</ele>
        <time>2026-08-01T14:34:51Z</time>
      </trkpt>
      <trkpt lat="44.194111" lon="7.197434">
        <ele>2461.4</ele>
        <time>2026-08-01T14:34:56Z</time>
      </trkpt>
      <trkpt lat="44.194111" lon="7.197436">
        <ele>2461.4</ele>
        <time>2026-08-01T14:34:57Z</time>
      </trkpt>
      <trkpt lat="44.194113" lon="7.197455">
        <ele>2461.2</ele>
        <time>2026-08-01T14:34:59Z</time>
      </trkpt>
      <trkpt lat="44.194121" lon="7.197436">
        <ele>2460.8</ele>
        <time>2026-08-01T14:35:01Z</time>
      </trkpt>
      <trkpt lat="44.19413" lon="7.197416">
        <ele>2460.8</ele>
        <time>2026-08-01T14:35:03Z</time>
      </trkpt>
      <trkpt lat="44.194133" lon="7.197395">
        <ele>2461.4</ele>
        <time>2026-08-01T14:35:06Z</time>
      </trkpt>
      <trkpt lat="44.194129" lon="7.197384">
        <ele>2461.6</ele>
        <time>2026-08-01T14:35:08Z</time>
      </trkpt>
      <trkpt lat="44.194128" lon="7.197358">
        <ele>2461.6</ele>
        <time>2026-08-01T14:35:10Z</time>
      </trkpt>
      <trkpt lat="44.19408" lon="7.197299">
        <ele>2460.8</ele>
        <time>2026-08-01T14:35:19Z</time>
      </trkpt>
      <trkpt lat="44.194074" lon="7.197304">
        <ele>2460.6</ele>
        <time>2026-08-01T14:35:20Z</time>
      </trkpt>
      <trkpt lat="44.194063" lon="7.197312">
        <ele>2460.2</ele>
        <time>2026-08-01T14:35:24Z</time>
      </trkpt>
      <trkpt lat="44.19404" lon="7.197301">
        <ele>2460.4</ele>
        <time>2026-08-01T14:35:28Z</time>
      </trkpt>
      <trkpt lat="44.193982" lon="7.19728">
        <ele>2460.0</ele>
        <time>2026-08-01T14:35:35Z</time>
      </trkpt>
      <trkpt lat="44.193902" lon="7.197274">
        <ele>2459.8</ele>
        <time>2026-08-01T14:35:43Z</time>
      </trkpt>
      <trkpt lat="44.193837" lon="7.197292">
        <ele>2460.2</ele>
        <time>2026-08-01T14:35:50Z</time>
      </trkpt>
      <trkpt lat="44.193793" lon="7.197315">
        <ele>2460.2</ele>
        <time>2026-08-01T14:35:58Z</time>
      </trkpt>
      <trkpt lat="44.193768" lon="7.197356">
        <ele>2460.4</ele>
        <time>2026-08-01T14:36:07Z</time>
      </trkpt>
      <trkpt lat="44.193751" lon="7.197319">
        <ele>2461.0</ele>
        <time>2026-08-01T14:36:15Z</time>
      </trkpt>
      <trkpt lat="44.193754" lon="7.197308">
        <ele>2461.2</ele>
        <time>2026-08-01T14:36:21Z</time>
      </trkpt>
      <trkpt lat="44.193758" lon="7.197314">
        <ele>2461.6</ele>
        <time>2026-08-01T14:36:25Z</time>
      </trkpt>
      <trkpt lat="44.193735" lon="7.197283">
        <ele>2461.8</ele>
        <time>2026-08-01T14:36:32Z</time>
      </trkpt>
      <trkpt lat="44.193753" lon="7.197258">
        <ele>2460.2</ele>
        <time>2026-08-01T14:36:38Z</time>
      </trkpt>
      <trkpt lat="44.193756" lon="7.197253">
        <ele>2460.0</ele>
        <time>2026-08-01T14:36:39Z</time>
      </trkpt>
      <trkpt lat="44.193746" lon="7.197277">
        <ele>2460.6</ele>
        <time>2026-08-01T14:36:48Z</time>
      </trkpt>
      <trkpt lat="44.193755" lon="7.19732">
        <ele>2460.8</ele>
        <time>2026-08-01T14:36:57Z</time>
      </trkpt>
      <trkpt lat="44.19375" lon="7.197307">
        <ele>2460.0</ele>
        <time>2026-08-01T14:37:08Z</time>
      </trkpt>
      <trkpt lat="44.193747" lon="7.19733">
        <ele>2460.4</ele>
        <time>2026-08-01T14:37:13Z</time>
      </trkpt>
      <trkpt lat="44.193751" lon="7.197332">
        <ele>2460.0</ele>
        <time>2026-08-01T14:37:15Z</time>
      </trkpt>
      <trkpt lat="44.193771" lon="7.197288">
        <ele>2460.6</ele>
        <time>2026-08-01T14:37:22Z</time>
      </trkpt>
      <trkpt lat="44.193758" lon="7.19734">
        <ele>2459.8</ele>
        <time>2026-08-01T14:37:31Z</time>
      </trkpt>
      <trkpt lat="44.193746" lon="7.197322">
        <ele>2460.6</ele>
        <time>2026-08-01T14:37:39Z</time>
      </trkpt>
      <trkpt lat="44.193744" lon="7.197299">
        <ele>2460.6</ele>
        <time>2026-08-01T14:37:41Z</time>
      </trkpt>
      <trkpt lat="44.193763" lon="7.197254">
        <ele>2460.0</ele>
        <time>2026-08-01T14:38:01Z</time>
      </trkpt>
      <trkpt lat="44.193763" lon="7.197256">
        <ele>2459.6</ele>
        <time>2026-08-01T14:38:02Z</time>
      </trkpt>
    </trkseg>
  </trk>
</gpx>