<?xml version="1.0" encoding="UTF-8"?>
<gpx xmlns="http://www.topografix.com/GPX/1/1" xmlns:xsi="http://www.w3.org/2001/XMLSchema-instance" xsi:schemaLocation="http://www.topografix.com/GPX/1/1 http://www.topografix.com/GPX/1/1/gpx.xsd" version="1.1" creator="Alta Linea Continua">
  <metadata>
    <name>Alta Linea Continua – Stage 10: Lago di Lausfer to Colle Longue</name>
  </metadata>
  <trk>
    <name>Alta Linea Continua – Stage 10: Lago di Lausfer to Colle Longue</name>
    <trkseg>
      <trkpt lat="44.225147" lon="7.085871">
        <ele>2355.4</ele>
        <time>2026-08-05T04:19:56Z</time>
      </trkpt>
      <trkpt lat="44.225276" lon="7.085799">
        <ele>2354.8</ele>
        <time>2026-08-05T04:20:06Z</time>
      </trkpt>
      <trkpt lat="44.225371" lon="7.085786">
        <ele>2354.6</ele>
        <time>2026-08-05T04:20:15Z</time>
      </trkpt>
      <trkpt lat="44.225434" lon="7.085736">
        <ele>2354.2</ele>
        <time>2026-08-05T04:20:22Z</time>
      </trkpt>
      <trkpt lat="44.225443" lon="7.085727">
        <ele>2354.2</ele>
        <time>2026-08-05T04:20:23Z</time>
      </trkpt>
      <trkpt lat="44.225538" lon="7.085679">
        <ele>2354.2</ele>
        <time>2026-08-05T04:20:31Z</time>
      </trkpt>
      <trkpt lat="44.225637" lon="7.085728">
        <ele>2354.8</ele>
        <time>2026-08-05T04:20:39Z</time>
      </trkpt>
      <trkpt lat="44.225702" lon="7.085753">
        <ele>2355.2</ele>
        <time>2026-08-05T04:20:45Z</time>
      </trkpt>
      <trkpt lat="44.225714" lon="7.085742">
        <ele>2355.6</ele>
        <time>2026-08-05T04:20:47Z</time>
      </trkpt>
      <trkpt lat="44.225729" lon="7.08572">
        <ele>2356.4</ele>
        <time>2026-08-05T04:20:50Z</time>
      </trkpt>
      <trkpt lat="44.22573" lon="7.085667">
        <ele>2357.4</ele>
        <time>2026-08-05T04:20:55Z</time>
      </trkpt>
      <trkpt lat="44.225729" lon="7.085656">
        <ele>2357.6</ele>
        <time>2026-08-05T04:20:56Z</time>
      </trkpt>
      <trkpt lat="44.22574" lon="7.085592">
        <ele>2358.6</ele>
        <time>2026-08-05T04:21:02Z</time>
      </trkpt>
      <trkpt lat="44.225747" lon="7.08559">
        <ele>2358.6</ele>
        <time>2026-08-05T04:21:03Z</time>
      </trkpt>
      <trkpt lat="44.225793" lon="7.085604">
        <ele>2359.6</ele>
        <time>2026-08-05T04:21:11Z</time>
      </trkpt>
      <trkpt lat="44.225804" lon="7.085604">
        <ele>2359.8</ele>
        <time>2026-08-05T04:21:12Z</time>
      </trkpt>
      <trkpt lat="44.225826" lon="7.085591">
        <ele>2360.6</ele>
        <time>2026-08-05T04:21:16Z</time>
      </trkpt>
      <trkpt lat="44.225828" lon="7.085589">
        <ele>2360.8</ele>
        <time>2026-08-05T04:21:17Z</time>
      </trkpt>
      <trkpt lat="44.225833" lon="7.085588">
        <ele>2361.2</ele>
        <time>2026-08-05T04:21:19Z</time>
      </trkpt>
      <trkpt lat="44.225844" lon="7.085564">
        <ele>2362.0</ele>
        <time>2026-08-05T04:21:24Z</time>
      </trkpt>
      <trkpt lat="44.225874" lon="7.08556">
        <ele>2362.8</ele>
        <time>2026-08-05T04:21:28Z</time>
      </trkpt>
      <trkpt lat="44.225894" lon="7.085575">
        <ele>2363.0</ele>
        <time>2026-08-05T04:21:31Z</time>
      </trkpt>
      <trkpt lat="44.225916" lon="7.085605">
        <ele>2364.0</ele>
        <time>2026-08-05T04:21:36Z</time>
      </trkpt>
      <trkpt lat="44.225918" lon="7.08561">
        <ele>2364.2</ele>
        <time>2026-08-05T04:21:37Z</time>
      </trkpt>
      <trkpt lat="44.225921" lon="7.085619">
        <ele>2364.8</ele>
        <time>2026-08-05T04:21:40Z</time>
      </trkpt>
      <trkpt lat="44.225933" lon="7.085631">
        <ele>2365.2</ele>
        <time>2026-08-05T04:21:43Z</time>
      </trkpt>
      <trkpt lat="44.22594" lon="7.085637">
        <ele>2365.8</ele>
        <time>2026-08-05T04:21:46Z</time>
      </trkpt>
      <trkpt lat="44.225944" lon="7.085645">
        <ele>2366.4</ele>
        <time>2026-08-05T04:21:48Z</time>
      </trkpt>
      <trkpt lat="44.225965" lon="7.085684">
        <ele>2367.4</ele>
        <time>2026-08-05T04:21:54Z</time>
      </trkpt>
      <trkpt lat="44.22597" lon="7.085688">
        <ele>2367.6</ele>
        <time>2026-08-05T04:21:55Z</time>
      </trkpt>
      <trkpt lat="44.225985" lon="7.085707">
        <ele>2368.6</ele>
        <time>2026-08-05T04:21:59Z</time>
      </trkpt>
      <trkpt lat="44.226014" lon="7.085729">
        <ele>2369.6</ele>
        <time>2026-08-05T04:22:04Z</time>
      </trkpt>
      <trkpt lat="44.226021" lon="7.085736">
        <ele>2369.8</ele>
        <time>2026-08-05T04:22:05Z</time>
      </trkpt>
      <trkpt lat="44.226033" lon="7.085747">
        <ele>2370.2</ele>
        <time>2026-08-05T04:22:09Z</time>
      </trkpt>
      <trkpt lat="44.226045" lon="7.085739">
        <ele>2370.8</ele>
        <time>2026-08-05T04:22:12Z</time>
      </trkpt>
      <trkpt lat="44.226055" lon="7.085728">
        <ele>2371.2</ele>
        <time>2026-08-05T04:22:14Z</time>
      </trkpt>
      <trkpt lat="44.226066" lon="7.085681">
        <ele>2371.8</ele>
        <time>2026-08-05T04:22:20Z</time>
      </trkpt>
      <trkpt lat="44.226064" lon="7.085676">
        <ele>2372.2</ele>
        <time>2026-08-05T04:22:22Z</time>
      </trkpt>
      <trkpt lat="44.226061" lon="7.085659">
        <ele>2373.0</ele>
        <time>2026-08-05T04:22:27Z</time>
      </trkpt>
      <trkpt lat="44.226056" lon="7.085658">
        <ele>2372.8</ele>
        <time>2026-08-05T04:22:31Z</time>
      </trkpt>
      <trkpt lat="44.226072" lon="7.085645">
        <ele>2373.2</ele>
        <time>2026-08-05T04:22:40Z</time>
      </trkpt>
      <trkpt lat="44.226072" lon="7.085616">
        <ele>2374.0</ele>
        <time>2026-08-05T04:22:46Z</time>
      </trkpt>
      <trkpt lat="44.226081" lon="7.085617">
        <ele>2374.4</ele>
        <time>2026-08-05T04:22:48Z</time>
      </trkpt>
      <trkpt lat="44.226108" lon="7.085612">
        <ele>2375.2</ele>
        <time>2026-08-05T04:22:53Z</time>
      </trkpt>
      <trkpt lat="44.226124" lon="7.08561">
        <ele>2375.6</ele>
        <time>2026-08-05T04:22:56Z</time>
      </trkpt>
      <trkpt lat="44.226135" lon="7.085604">
        <ele>2376.2</ele>
        <time>2026-08-05T04:22:59Z</time>
      </trkpt>
      <trkpt lat="44.22614" lon="7.085602">
        <ele>2376.2</ele>
        <time>2026-08-05T04:23:00Z</time>
      </trkpt>
      <trkpt lat="44.226152" lon="7.085596">
        <ele>2376.8</ele>
        <time>2026-08-05T04:23:04Z</time>
      </trkpt>
      <trkpt lat="44.22616" lon="7.085596">
        <ele>2377.2</ele>
        <time>2026-08-05T04:23:07Z</time>
      </trkpt>
      <trkpt lat="44.226165" lon="7.085597">
        <ele>2377.4</ele>
        <time>2026-08-05T04:23:08Z</time>
      </trkpt>
      <trkpt lat="44.226174" lon="7.085584">
        <ele>2378.2</ele>
        <time>2026-08-05T04:23:12Z</time>
      </trkpt>
      <trkpt lat="44.226177" lon="7.085572">
        <ele>2378.4</ele>
        <time>2026-08-05T04:23:14Z</time>
      </trkpt>
      <trkpt lat="44.226203" lon="7.085523">
        <ele>2379.6</ele>
        <time>2026-08-05T04:23:20Z</time>
      </trkpt>
      <trkpt lat="44.226242" lon="7.085551">
        <ele>2380.6</ele>
        <time>2026-08-05T04:23:27Z</time>
      </trkpt>
      <trkpt lat="44.226275" lon="7.085619">
        <ele>2381.6</ele>
        <time>2026-08-05T04:23:34Z</time>
      </trkpt>
      <trkpt lat="44.226277" lon="7.085625">
        <ele>2381.8</ele>
        <time>2026-08-05T04:23:35Z</time>
      </trkpt>
      <trkpt lat="44.226284" lon="7.085649">
        <ele>2382.6</ele>
        <time>2026-08-05T04:23:41Z</time>
      </trkpt>
      <trkpt lat="44.226299" lon="7.085665">
        <ele>2383.4</ele>
        <time>2026-08-05T04:23:45Z</time>
      </trkpt>
      <trkpt lat="44.22631" lon="7.085673">
        <ele>2383.8</ele>
        <time>2026-08-05T04:23:47Z</time>
      </trkpt>
      <trkpt lat="44.226334" lon="7.085637">
        <ele>2384.8</ele>
        <time>2026-08-05T04:23:53Z</time>
      </trkpt>
      <trkpt lat="44.226339" lon="7.085626">
        <ele>2385.0</ele>
        <time>2026-08-05T04:23:54Z</time>
      </trkpt>
      <trkpt lat="44.226349" lon="7.085588">
        <ele>2385.8</ele>
        <time>2026-08-05T04:23:58Z</time>
      </trkpt>
      <trkpt lat="44.226356" lon="7.085586">
        <ele>2386.0</ele>
        <time>2026-08-05T04:23:59Z</time>
      </trkpt>
      <trkpt lat="44.226371" lon="7.085577">
        <ele>2386.4</ele>
        <time>2026-08-05T04:24:02Z</time>
      </trkpt>
      <trkpt lat="44.226381" lon="7.085576">
        <ele>2387.0</ele>
        <time>2026-08-05T04:24:06Z</time>
      </trkpt>
      <trkpt lat="44.226388" lon="7.085578">
        <ele>2387.4</ele>
        <time>2026-08-05T04:24:08Z</time>
      </trkpt>
      <trkpt lat="44.2264" lon="7.08556">
        <ele>2388.2</ele>
        <time>2026-08-05T04:24:12Z</time>
      </trkpt>
      <trkpt lat="44.226403" lon="7.085549">
        <ele>2388.6</ele>
        <time>2026-08-05T04:24:15Z</time>
      </trkpt>
      <trkpt lat="44.226401" lon="7.085524">
        <ele>2389.4</ele>
        <time>2026-08-05T04:24:18Z</time>
      </trkpt>
      <trkpt lat="44.226411" lon="7.085483">
        <ele>2390.4</ele>
        <time>2026-08-05T04:24:23Z</time>
      </trkpt>
      <trkpt lat="44.22642" lon="7.085406">
        <ele>2391.4</ele>
        <time>2026-08-05T04:24:31Z</time>
      </trkpt>
      <trkpt lat="44.226422" lon="7.085405">
        <ele>2391.6</ele>
        <time>2026-08-05T04:24:32Z</time>
      </trkpt>
      <trkpt lat="44.226429" lon="7.085384">
        <ele>2392.6</ele>
        <time>2026-08-05T04:24:38Z</time>
      </trkpt>
      <trkpt lat="44.226427" lon="7.085364">
        <ele>2392.8</ele>
        <time>2026-08-05T04:24:40Z</time>
      </trkpt>
      <trkpt lat="44.226428" lon="7.085322">
        <ele>2393.8</ele>
        <time>2026-08-05T04:24:45Z</time>
      </trkpt>
      <trkpt lat="44.226438" lon="7.085306">
        <ele>2394.6</ele>
        <time>2026-08-05T04:24:49Z</time>
      </trkpt>
      <trkpt lat="44.226441" lon="7.085299">
        <ele>2394.8</ele>
        <time>2026-08-05T04:24:50Z</time>
      </trkpt>
      <trkpt lat="44.226454" lon="7.085233">
        <ele>2396.0</ele>
        <time>2026-08-05T04:24:59Z</time>
      </trkpt>
      <trkpt lat="44.226458" lon="7.085185">
        <ele>2397.0</ele>
        <time>2026-08-05T04:25:05Z</time>
      </trkpt>
      <trkpt lat="44.226468" lon="7.085168">
        <ele>2397.4</ele>
        <time>2026-08-05T04:25:07Z</time>
      </trkpt>
      <trkpt lat="44.226474" lon="7.085139">
        <ele>2398.0</ele>
        <time>2026-08-05T04:25:11Z</time>
      </trkpt>
      <trkpt lat="44.226475" lon="7.085133">
        <ele>2398.2</ele>
        <time>2026-08-05T04:25:12Z</time>
      </trkpt>
      <trkpt lat="44.226486" lon="7.085094">
        <ele>2399.2</ele>
        <time>2026-08-05T04:25:18Z</time>
      </trkpt>
      <trkpt lat="44.226493" lon="7.085084">
        <ele>2399.6</ele>
        <time>2026-08-05T04:25:20Z</time>
      </trkpt>
      <trkpt lat="44.226501" lon="7.085084">
        <ele>2399.8</ele>
        <time>2026-08-05T04:25:22Z</time>
      </trkpt>
      <trkpt lat="44.226505" lon="7.08508">
        <ele>2400.0</ele>
        <time>2026-08-05T04:25:23Z</time>
      </trkpt>
      <trkpt lat="44.226511" lon="7.085074">
        <ele>2400.2</ele>
        <time>2026-08-05T04:25:24Z</time>
      </trkpt>
      <trkpt lat="44.226527" lon="7.085055">
        <ele>2401.0</ele>
        <time>2026-08-05T04:25:28Z</time>
      </trkpt>
      <trkpt lat="44.226532" lon="7.08505">
        <ele>2401.2</ele>
        <time>2026-08-05T04:25:29Z</time>
      </trkpt>
      <trkpt lat="44.226545" lon="7.085031">
        <ele>2402.0</ele>
        <time>2026-08-05T04:25:32Z</time>
      </trkpt>
      <trkpt lat="44.226549" lon="7.085017">
        <ele>2402.4</ele>
        <time>2026-08-05T04:25:34Z</time>
      </trkpt>
      <trkpt lat="44.226557" lon="7.084999">
        <ele>2403.2</ele>
        <time>2026-08-05T04:25:37Z</time>
      </trkpt>
      <trkpt lat="44.226582" lon="7.084994">
        <ele>2403.4</ele>
        <time>2026-08-05T04:25:41Z</time>
      </trkpt>
      <trkpt lat="44.226615" lon="7.084987">
        <ele>2403.6</ele>
        <time>2026-08-05T04:25:44Z</time>
      </trkpt>
      <trkpt lat="44.22665" lon="7.084947">
        <ele>2404.4</ele>
        <time>2026-08-05T04:25:50Z</time>
      </trkpt>
      <trkpt lat="44.226659" lon="7.08493">
        <ele>2404.6</ele>
        <time>2026-08-05T04:25:52Z</time>
      </trkpt>
      <trkpt lat="44.226685" lon="7.084856">
        <ele>2405.2</ele>
        <time>2026-08-05T04:26:01Z</time>
      </trkpt>
      <trkpt lat="44.226699" lon="7.084846">
        <ele>2405.6</ele>
        <time>2026-08-05T04:26:03Z</time>
      </trkpt>
      <trkpt lat="44.226713" lon="7.084831">
        <ele>2405.6</ele>
        <time>2026-08-05T04:26:05Z</time>
      </trkpt>
      <trkpt lat="44.22674" lon="7.084809">
        <ele>2405.8</ele>
        <time>2026-08-05T04:26:09Z</time>
      </trkpt>
      <trkpt lat="44.22683" lon="7.084699">
        <ele>2406.0</ele>
        <time>2026-08-05T04:26:18Z</time>
      </trkpt>
      <trkpt lat="44.22689" lon="7.084619">
        <ele>2406.0</ele>
        <time>2026-08-05T04:26:25Z</time>
      </trkpt>
      <trkpt lat="44.226899" lon="7.084603">
        <ele>2406.0</ele>
        <time>2026-08-05T04:26:26Z</time>
      </trkpt>
      <trkpt lat="44.226949" lon="7.084525">
        <ele>2406.0</ele>
        <time>2026-08-05T04:26:32Z</time>
      </trkpt>
      <trkpt lat="44.226965" lon="7.0845">
        <ele>2406.2</ele>
        <time>2026-08-05T04:26:34Z</time>
      </trkpt>
      <trkpt lat="44.226989" lon="7.084478">
        <ele>2406.6</ele>
        <time>2026-08-05T04:26:37Z</time>
      </trkpt>
      <trkpt lat="44.227032" lon="7.084436">
        <ele>2406.8</ele>
        <time>2026-08-05T04:26:42Z</time>
      </trkpt>
      <trkpt lat="44.227117" lon="7.08439">
        <ele>2406.8</ele>
        <time>2026-08-05T04:26:50Z</time>
      </trkpt>
      <trkpt lat="44.227196" lon="7.084418">
        <ele>2406.8</ele>
        <time>2026-08-05T04:26:57Z</time>
      </trkpt>
      <trkpt lat="44.227265" lon="7.084464">
        <ele>2407.0</ele>
        <time>2026-08-05T04:27:04Z</time>
      </trkpt>
      <trkpt lat="44.227259" lon="7.084472">
        <ele>2407.2</ele>
        <time>2026-08-05T04:27:11Z</time>
      </trkpt>
      <trkpt lat="44.227257" lon="7.08447">
        <ele>2407.2</ele>
        <time>2026-08-05T04:27:12Z</time>
      </trkpt>
      <trkpt lat="44.227249" lon="7.084472">
        <ele>2407.2</ele>
        <time>2026-08-05T04:27:20Z</time>
      </trkpt>
      <trkpt lat="44.22723" lon="7.084444">
        <ele>2407.2</ele>
        <time>2026-08-05T04:27:28Z</time>
      </trkpt>
      <trkpt lat="44.227236" lon="7.084463">
        <ele>2407.0</ele>
        <time>2026-08-05T04:27:35Z</time>
      </trkpt>
      <trkpt lat="44.227243" lon="7.084464">
        <ele>2406.6</ele>
        <time>2026-08-05T04:27:38Z</time>
      </trkpt>
      <trkpt lat="44.227247" lon="7.084455">
        <ele>2406.8</ele>
        <time>2026-08-05T04:27:47Z</time>
      </trkpt>
      <trkpt lat="44.22726" lon="7.084468">
        <ele>2407.0</ele>
        <time>2026-08-05T04:27:55Z</time>
      </trkpt>
      <trkpt lat="44.227267" lon="7.084486">
        <ele>2406.4</ele>
        <time>2026-08-05T04:28:05Z</time>
      </trkpt>
      <trkpt lat="44.227269" lon="7.08445">
        <ele>2406.2</ele>
        <time>2026-08-05T04:28:13Z</time>
      </trkpt>
      <trkpt lat="44.227268" lon="7.084438">
        <ele>2406.0</ele>
        <time>2026-08-05T04:28:21Z</time>
      </trkpt>
      <trkpt lat="44.227266" lon="7.084439">
        <ele>2406.0</ele>
        <time>2026-08-05T04:28:22Z</time>
      </trkpt>
      <trkpt lat="44.227264" lon="7.084442">
        <ele>2406.0</ele>
        <time>2026-08-05T04:28:23Z</time>
      </trkpt>
      <trkpt lat="44.227261" lon="7.084442">
        <ele>2406.2</ele>
        <time>2026-08-05T04:28:24Z</time>
      </trkpt>
      <trkpt lat="44.227233" lon="7.084457">
        <ele>2406.0</ele>
        <time>2026-08-05T04:28:33Z</time>
      </trkpt>
      <trkpt lat="44.227236" lon="7.084459">
        <ele>2406.0</ele>
        <time>2026-08-05T04:28:35Z</time>
      </trkpt>
      <trkpt lat="44.227255" lon="7.08447">
        <ele>2406.0</ele>
        <time>2026-08-05T04:28:42Z</time>
      </trkpt>
      <trkpt lat="44.227245" lon="7.084451">
        <ele>2406.0</ele>
        <time>2026-08-05T04:28:49Z</time>
      </trkpt>
      <trkpt lat="44.227232" lon="7.084461">
        <ele>2406.0</ele>
        <time>2026-08-05T04:28:59Z</time>
      </trkpt>
      <trkpt lat="44.227255" lon="7.084471">
        <ele>2406.2</ele>
        <time>2026-08-05T04:29:11Z</time>
      </trkpt>
      <trkpt lat="44.227258" lon="7.084472">
        <ele>2406.4</ele>
        <time>2026-08-05T04:29:13Z</time>
      </trkpt>
      <trkpt lat="44.22726" lon="7.084465">
        <ele>2406.4</ele>
        <time>2026-08-05T04:29:16Z</time>
      </trkpt>
      <trkpt lat="44.227266" lon="7.084466">
        <ele>2406.4</ele>
        <time>2026-08-05T04:29:22Z</time>
      </trkpt>
      <trkpt lat="44.227276" lon="7.084479">
        <ele>2406.4</ele>
        <time>2026-08-05T04:29:31Z</time>
      </trkpt>
      <trkpt lat="44.22726" lon="7.084465">
        <ele>2406.4</ele>
        <time>2026-08-05T04:29:39Z</time>
      </trkpt>
      <trkpt lat="44.227266" lon="7.084487">
        <ele>2406.6</ele>
        <time>2026-08-05T04:29:47Z</time>
      </trkpt>
      <trkpt lat="44.227267" lon="7.08449">
        <ele>2406.8</ele>
        <time>2026-08-05T04:29:48Z</time>
      </trkpt>
      <trkpt lat="44.22725" lon="7.08446">
        <ele>2407.0</ele>
        <time>2026-08-05T04:29:58Z</time>
      </trkpt>
      <trkpt lat="44.227245" lon="7.084452">
        <ele>2406.6</ele>
        <time>2026-08-05T04:30:09Z</time>
      </trkpt>
      <trkpt lat="44.227232" lon="7.084457">
        <ele>2406.8</ele>
        <time>2026-08-05T04:30:20Z</time>
      </trkpt>
      <trkpt lat="44.227262" lon="7.084431">
        <ele>2406.6</ele>
        <time>2026-08-05T04:30:29Z</time>
      </trkpt>
      <trkpt lat="44.227257" lon="7.084453">
        <ele>2406.8</ele>
        <time>2026-08-05T04:30:36Z</time>
      </trkpt>
      <trkpt lat="44.227255" lon="7.084449">
        <ele>2407.0</ele>
        <time>2026-08-05T04:30:43Z</time>
      </trkpt>
      <trkpt lat="44.227287" lon="7.084467">
        <ele>2407.2</ele>
        <time>2026-08-05T04:30:52Z</time>
      </trkpt>
      <trkpt lat="44.227265" lon="7.084451">
        <ele>2407.2</ele>
        <time>2026-08-05T04:31:01Z</time>
      </trkpt>
      <trkpt lat="44.227243" lon="7.084448">
        <ele>2407.2</ele>
        <time>2026-08-05T04:31:09Z</time>
      </trkpt>
      <trkpt lat="44.227242" lon="7.084448">
        <ele>2407.2</ele>
        <time>2026-08-05T04:31:11Z</time>
      </trkpt>
      <trkpt lat="44.227229" lon="7.084455">
        <ele>2407.4</ele>
        <time>2026-08-05T04:31:22Z</time>
      </trkpt>
      <trkpt lat="44.227217" lon="7.084434">
        <ele>2407.6</ele>
        <time>2026-08-05T04:31:27Z</time>
      </trkpt>
      <trkpt lat="44.227219" lon="7.084431">
        <ele>2407.6</ele>
        <time>2026-08-05T04:31:28Z</time>
      </trkpt>
      <trkpt lat="44.227275" lon="7.084447">
        <ele>2407.2</ele>
        <time>2026-08-05T04:31:36Z</time>
      </trkpt>
      <trkpt lat="44.227277" lon="7.084465">
        <ele>2407.6</ele>
        <time>2026-08-05T04:31:45Z</time>
      </trkpt>
      <trkpt lat="44.227268" lon="7.084408">
        <ele>2407.6</ele>
        <time>2026-08-05T04:31:54Z</time>
      </trkpt>
      <trkpt lat="44.227284" lon="7.084386">
        <ele>2407.8</ele>
        <time>2026-08-05T04:31:58Z</time>
      </trkpt>
      <trkpt lat="44.227301" lon="7.084412">
        <ele>2407.8</ele>
        <time>2026-08-05T04:32:02Z</time>
      </trkpt>
      <trkpt lat="44.22726" lon="7.08446">
        <ele>2408.2</ele>
        <time>2026-08-05T04:32:13Z</time>
      </trkpt>
      <trkpt lat="44.22724" lon="7.084454">
        <ele>2408.6</ele>
        <time>2026-08-05T04:32:20Z</time>
      </trkpt>
      <trkpt lat="44.227256" lon="7.084457">
        <ele>2408.6</ele>
        <time>2026-08-05T04:32:23Z</time>
      </trkpt>
      <trkpt lat="44.227257" lon="7.084467">
        <ele>2408.6</ele>
        <time>2026-08-05T04:32:28Z</time>
      </trkpt>
      <trkpt lat="44.227255" lon="7.084451">
        <ele>2408.6</ele>
        <time>2026-08-05T04:32:37Z</time>
      </trkpt>
      <trkpt lat="44.227237" lon="7.08445">
        <ele>2408.4</ele>
        <time>2026-08-05T04:32:47Z</time>
      </trkpt>
      <trkpt lat="44.227225" lon="7.084409">
        <ele>2409.2</ele>
        <time>2026-08-05T04:32:54Z</time>
      </trkpt>
      <trkpt lat="44.227207" lon="7.084338">
        <ele>2409.6</ele>
        <time>2026-08-05T04:33:00Z</time>
      </trkpt>
      <trkpt lat="44.227196" lon="7.084281">
        <ele>2410.2</ele>
        <time>2026-08-05T04:33:04Z</time>
      </trkpt>
      <trkpt lat="44.227201" lon="7.084246">
        <ele>2410.8</ele>
        <time>2026-08-05T04:33:08Z</time>
      </trkpt>
      <trkpt lat="44.227211" lon="7.084228">
        <ele>2411.8</ele>
        <time>2026-08-05T04:33:13Z</time>
      </trkpt>
      <trkpt lat="44.227226" lon="7.084167">
        <ele>2412.8</ele>
        <time>2026-08-05T04:33:19Z</time>
      </trkpt>
      <trkpt lat="44.227225" lon="7.084154">
        <ele>2413.2</ele>
        <time>2026-08-05T04:33:21Z</time>
      </trkpt>
      <trkpt lat="44.227221" lon="7.084138">
        <ele>2414.0</ele>
        <time>2026-08-05T04:33:26Z</time>
      </trkpt>
      <trkpt lat="44.227232" lon="7.084125">
        <ele>2414.8</ele>
        <time>2026-08-05T04:33:30Z</time>
      </trkpt>
      <trkpt lat="44.227237" lon="7.084119">
        <ele>2415.2</ele>
        <time>2026-08-05T04:33:31Z</time>
      </trkpt>
      <trkpt lat="44.227259" lon="7.084111">
        <ele>2416.2</ele>
        <time>2026-08-05T04:33:35Z</time>
      </trkpt>
      <trkpt lat="44.227276" lon="7.084084">
        <ele>2416.6</ele>
        <time>2026-08-05T04:33:38Z</time>
      </trkpt>
      <trkpt lat="44.227291" lon="7.084054">
        <ele>2417.2</ele>
        <time>2026-08-05T04:33:41Z</time>
      </trkpt>
      <trkpt lat="44.227334" lon="7.083995">
        <ele>2418.2</ele>
        <time>2026-08-05T04:33:47Z</time>
      </trkpt>
      <trkpt lat="44.227346" lon="7.083978">
        <ele>2418.4</ele>
        <time>2026-08-05T04:33:49Z</time>
      </trkpt>
      <trkpt lat="44.227387" lon="7.083934">
        <ele>2419.0</ele>
        <time>2026-08-05T04:33:55Z</time>
      </trkpt>
      <trkpt lat="44.227398" lon="7.083924">
        <ele>2419.4</ele>
        <time>2026-08-05T04:33:57Z</time>
      </trkpt>
      <trkpt lat="44.227443" lon="7.083894">
        <ele>2420.4</ele>
        <time>2026-08-05T04:34:04Z</time>
      </trkpt>
      <trkpt lat="44.227479" lon="7.083874">
        <ele>2421.4</ele>
        <time>2026-08-05T04:34:11Z</time>
      </trkpt>
      <trkpt lat="44.227482" lon="7.08387">
        <ele>2421.8</ele>
        <time>2026-08-05T04:34:14Z</time>
      </trkpt>
      <trkpt lat="44.227509" lon="7.083843">
        <ele>2422.6</ele>
        <time>2026-08-05T04:34:20Z</time>
      </trkpt>
      <trkpt lat="44.227549" lon="7.083816">
        <ele>2423.2</ele>
        <time>2026-08-05T04:34:24Z</time>
      </trkpt>
      <trkpt lat="44.227573" lon="7.083794">
        <ele>2423.6</ele>
        <time>2026-08-05T04:34:27Z</time>
      </trkpt>
      <trkpt lat="44.227589" lon="7.083785">
        <ele>2424.6</ele>
        <time>2026-08-05T04:34:32Z</time>
      </trkpt>
      <trkpt lat="44.227592" lon="7.083786">
        <ele>2425.0</ele>
        <time>2026-08-05T04:34:34Z</time>
      </trkpt>
      <trkpt lat="44.227608" lon="7.083772">
        <ele>2425.8</ele>
        <time>2026-08-05T04:34:38Z</time>
      </trkpt>
      <trkpt lat="44.227638" lon="7.083728">
        <ele>2426.4</ele>
        <time>2026-08-05T04:34:42Z</time>
      </trkpt>
      <trkpt lat="44.227653" lon="7.083704">
        <ele>2426.8</ele>
        <time>2026-08-05T04:34:44Z</time>
      </trkpt>
      <trkpt lat="44.227674" lon="7.083662">
        <ele>2427.8</ele>
        <time>2026-08-05T04:34:49Z</time>
      </trkpt>
      <trkpt lat="44.22768" lon="7.083652">
        <ele>2428.0</ele>
        <time>2026-08-05T04:34:50Z</time>
      </trkpt>
      <trkpt lat="44.227691" lon="7.083638">
        <ele>2429.0</ele>
        <time>2026-08-05T04:34:54Z</time>
      </trkpt>
      <trkpt lat="44.227693" lon="7.083629">
        <ele>2429.8</ele>
        <time>2026-08-05T04:34:58Z</time>
      </trkpt>
      <trkpt lat="44.227698" lon="7.083621">
        <ele>2430.0</ele>
        <time>2026-08-05T04:34:59Z</time>
      </trkpt>
      <trkpt lat="44.227724" lon="7.083601">
        <ele>2431.0</ele>
        <time>2026-08-05T04:35:04Z</time>
      </trkpt>
      <trkpt lat="44.227729" lon="7.083597">
        <ele>2431.2</ele>
        <time>2026-08-05T04:35:05Z</time>
      </trkpt>
      <trkpt lat="44.227747" lon="7.08357">
        <ele>2432.2</ele>
        <time>2026-08-05T04:35:09Z</time>
      </trkpt>
      <trkpt lat="44.227763" lon="7.083547">
        <ele>2432.6</ele>
        <time>2026-08-05T04:35:13Z</time>
      </trkpt>
      <trkpt lat="44.227794" lon="7.083515">
        <ele>2433.4</ele>
        <time>2026-08-05T04:35:18Z</time>
      </trkpt>
      <trkpt lat="44.227822" lon="7.083489">
        <ele>2434.2</ele>
        <time>2026-08-05T04:35:22Z</time>
      </trkpt>
      <trkpt lat="44.227842" lon="7.083469">
        <ele>2434.6</ele>
        <time>2026-08-05T04:35:25Z</time>
      </trkpt>
      <trkpt lat="44.22787" lon="7.083429">
        <ele>2435.6</ele>
        <time>2026-08-05T04:35:31Z</time>
      </trkpt>
      <trkpt lat="44.227875" lon="7.08342">
        <ele>2436.0</ele>
        <time>2026-08-05T04:35:32Z</time>
      </trkpt>
      <trkpt lat="44.227902" lon="7.08339">
        <ele>2436.8</ele>
        <time>2026-08-05T04:35:36Z</time>
      </trkpt>
      <trkpt lat="44.227928" lon="7.08336">
        <ele>2437.4</ele>
        <time>2026-08-05T04:35:40Z</time>
      </trkpt>
      <trkpt lat="44.227944" lon="7.083343">
        <ele>2438.0</ele>
        <time>2026-08-05T04:35:43Z</time>
      </trkpt>
      <trkpt lat="44.227986" lon="7.083327">
        <ele>2438.4</ele>
        <time>2026-08-05T04:35:48Z</time>
      </trkpt>
      <trkpt lat="44.228008" lon="7.083309">
        <ele>2439.0</ele>
        <time>2026-08-05T04:35:51Z</time>
      </trkpt>
      <trkpt lat="44.228049" lon="7.083294">
        <ele>2439.8</ele>
        <time>2026-08-05T04:35:57Z</time>
      </trkpt>
      <trkpt lat="44.228059" lon="7.083292">
        <ele>2440.2</ele>
        <time>2026-08-05T04:35:59Z</time>
      </trkpt>
      <trkpt lat="44.228093" lon="7.083286">
        <ele>2441.2</ele>
        <time>2026-08-05T04:36:05Z</time>
      </trkpt>
      <trkpt lat="44.228099" lon="7.083284">
        <ele>2441.2</ele>
        <time>2026-08-05T04:36:06Z</time>
      </trkpt>
      <trkpt lat="44.228134" lon="7.083245">
        <ele>2442.2</ele>
        <time>2026-08-05T04:36:13Z</time>
      </trkpt>
      <trkpt lat="44.228122" lon="7.083173">
        <ele>2443.4</ele>
        <time>2026-08-05T04:36:21Z</time>
      </trkpt>
      <trkpt lat="44.228132" lon="7.083168">
        <ele>2443.6</ele>
        <time>2026-08-05T04:36:23Z</time>
      </trkpt>
      <trkpt lat="44.228138" lon="7.083176">
        <ele>2443.6</ele>
        <time>2026-08-05T04:36:24Z</time>
      </trkpt>
      <trkpt lat="44.228177" lon="7.083215">
        <ele>2444.2</ele>
        <time>2026-08-05T04:36:29Z</time>
      </trkpt>
      <trkpt lat="44.228187" lon="7.083218">
        <ele>2444.6</ele>
        <time>2026-08-05T04:36:31Z</time>
      </trkpt>
      <trkpt lat="44.228177" lon="7.083192">
        <ele>2445.0</ele>
        <time>2026-08-05T04:36:34Z</time>
      </trkpt>
      <trkpt lat="44.22817" lon="7.08318">
        <ele>2445.0</ele>
        <time>2026-08-05T04:36:35Z</time>
      </trkpt>
      <trkpt lat="44.228155" lon="7.083119">
        <ele>2445.6</ele>
        <time>2026-08-05T04:36:40Z</time>
      </trkpt>
      <trkpt lat="44.228166" lon="7.083112">
        <ele>2446.2</ele>
        <time>2026-08-05T04:36:43Z</time>
      </trkpt>
      <trkpt lat="44.228191" lon="7.083121">
        <ele>2446.8</ele>
        <time>2026-08-05T04:36:47Z</time>
      </trkpt>
      <trkpt lat="44.228216" lon="7.083122">
        <ele>2447.2</ele>
        <time>2026-08-05T04:36:50Z</time>
      </trkpt>
      <trkpt lat="44.228236" lon="7.083117">
        <ele>2447.8</ele>
        <time>2026-08-05T04:36:53Z</time>
      </trkpt>
      <trkpt lat="44.22824" lon="7.083093">
        <ele>2448.8</ele>
        <time>2026-08-05T04:36:58Z</time>
      </trkpt>
      <trkpt lat="44.228256" lon="7.083052">
        <ele>2449.6</ele>
        <time>2026-08-05T04:37:04Z</time>
      </trkpt>
      <trkpt lat="44.228294" lon="7.083053">
        <ele>2450.0</ele>
        <time>2026-08-05T04:37:07Z</time>
      </trkpt>
      <trkpt lat="44.228322" lon="7.08303">
        <ele>2450.8</ele>
        <time>2026-08-05T04:37:11Z</time>
      </trkpt>
      <trkpt lat="44.228335" lon="7.08302">
        <ele>2451.0</ele>
        <time>2026-08-05T04:37:13Z</time>
      </trkpt>
      <trkpt lat="44.228361" lon="7.083007">
        <ele>2452.2</ele>
        <time>2026-08-05T04:37:17Z</time>
      </trkpt>
      <trkpt lat="44.228374" lon="7.082993">
        <ele>2452.6</ele>
        <time>2026-08-05T04:37:19Z</time>
      </trkpt>
      <trkpt lat="44.228376" lon="7.082953">
        <ele>2453.0</ele>
        <time>2026-08-05T04:37:25Z</time>
      </trkpt>
      <trkpt lat="44.228372" lon="7.08295">
        <ele>2453.2</ele>
        <time>2026-08-05T04:37:26Z</time>
      </trkpt>
      <trkpt lat="44.228367" lon="7.082913">
        <ele>2453.6</ele>
        <time>2026-08-05T04:37:29Z</time>
      </trkpt>
      <trkpt lat="44.22836" lon="7.082845">
        <ele>2454.0</ele>
        <time>2026-08-05T04:37:34Z</time>
      </trkpt>
      <trkpt lat="44.228362" lon="7.082834">
        <ele>2454.2</ele>
        <time>2026-08-05T04:37:35Z</time>
      </trkpt>
      <trkpt lat="44.228378" lon="7.082834">
        <ele>2454.6</ele>
        <time>2026-08-05T04:37:38Z</time>
      </trkpt>
      <trkpt lat="44.22839" lon="7.082849">
        <ele>2455.0</ele>
        <time>2026-08-05T04:37:40Z</time>
      </trkpt>
      <trkpt lat="44.228406" lon="7.082863">
        <ele>2455.2</ele>
        <time>2026-08-05T04:37:42Z</time>
      </trkpt>
      <trkpt lat="44.228441" lon="7.082881">
        <ele>2456.4</ele>
        <time>2026-08-05T04:37:48Z</time>
      </trkpt>
      <trkpt lat="44.228459" lon="7.082861">
        <ele>2457.6</ele>
        <time>2026-08-05T04:37:54Z</time>
      </trkpt>
      <trkpt lat="44.228455" lon="7.082848">
        <ele>2457.8</ele>
        <time>2026-08-05T04:37:55Z</time>
      </trkpt>
      <trkpt lat="44.228424" lon="7.082771">
        <ele>2458.6</ele>
        <time>2026-08-05T04:38:00Z</time>
      </trkpt>
      <trkpt lat="44.228417" lon="7.082745">
        <ele>2459.0</ele>
        <time>2026-08-05T04:38:02Z</time>
      </trkpt>
      <trkpt lat="44.228438" lon="7.0827">
        <ele>2459.4</ele>
        <time>2026-08-05T04:38:06Z</time>
      </trkpt>
      <trkpt lat="44.228453" lon="7.082704">
        <ele>2459.4</ele>
        <time>2026-08-05T04:38:08Z</time>
      </trkpt>
      <trkpt lat="44.228468" lon="7.082722">
        <ele>2459.8</ele>
        <time>2026-08-05T04:38:11Z</time>
      </trkpt>
      <trkpt lat="44.228509" lon="7.082753">
        <ele>2460.4</ele>
        <time>2026-08-05T04:38:15Z</time>
      </trkpt>
      <trkpt lat="44.228544" lon="7.08276">
        <ele>2460.8</ele>
        <time>2026-08-05T04:38:19Z</time>
      </trkpt>
      <trkpt lat="44.228555" lon="7.082741">
        <ele>2461.8</ele>
        <time>2026-08-05T04:38:23Z</time>
      </trkpt>
      <trkpt lat="44.228553" lon="7.082732">
        <ele>2462.0</ele>
        <time>2026-08-05T04:38:24Z</time>
      </trkpt>
      <trkpt lat="44.228553" lon="7.082719">
        <ele>2462.2</ele>
        <time>2026-08-05T04:38:25Z</time>
      </trkpt>
      <trkpt lat="44.228555" lon="7.082667">
        <ele>2462.8</ele>
        <time>2026-08-05T04:38:29Z</time>
      </trkpt>
      <trkpt lat="44.228555" lon="7.082637">
        <ele>2463.2</ele>
        <time>2026-08-05T04:38:31Z</time>
      </trkpt>
      <trkpt lat="44.228551" lon="7.082561">
        <ele>2464.2</ele>
        <time>2026-08-05T04:38:38Z</time>
      </trkpt>
      <trkpt lat="44.228549" lon="7.082551">
        <ele>2464.4</ele>
        <time>2026-08-05T04:38:39Z</time>
      </trkpt>
      <trkpt lat="44.228543" lon="7.08249">
        <ele>2465.2</ele>
        <time>2026-08-05T04:38:44Z</time>
      </trkpt>
      <trkpt lat="44.228559" lon="7.082454">
        <ele>2465.8</ele>
        <time>2026-08-05T04:38:48Z</time>
      </trkpt>
      <trkpt lat="44.228662" lon="7.082379">
        <ele>2465.4</ele>
        <time>2026-08-05T04:38:59Z</time>
      </trkpt>
      <trkpt lat="44.228752" lon="7.082318">
        <ele>2464.4</ele>
        <time>2026-08-05T04:39:09Z</time>
      </trkpt>
      <trkpt lat="44.228759" lon="7.082309">
        <ele>2464.2</ele>
        <time>2026-08-05T04:39:10Z</time>
      </trkpt>
      <trkpt lat="44.228767" lon="7.082302">
        <ele>2464.2</ele>
        <time>2026-08-05T04:39:11Z</time>
      </trkpt>
      <trkpt lat="44.228844" lon="7.082259">
        <ele>2463.8</ele>
        <time>2026-08-05T04:39:18Z</time>
      </trkpt>
      <trkpt lat="44.228887" lon="7.082244">
        <ele>2463.6</ele>
        <time>2026-08-05T04:39:22Z</time>
      </trkpt>
      <trkpt lat="44.228918" lon="7.082232">
        <ele>2463.0</ele>
        <time>2026-08-05T04:39:25Z</time>
      </trkpt>
      <trkpt lat="44.229003" lon="7.082168">
        <ele>2462.4</ele>
        <time>2026-08-05T04:39:33Z</time>
      </trkpt>
      <trkpt lat="44.229052" lon="7.082118">
        <ele>2462.0</ele>
        <time>2026-08-05T04:39:38Z</time>
      </trkpt>
      <trkpt lat="44.2291" lon="7.082058">
        <ele>2461.8</ele>
        <time>2026-08-05T04:39:44Z</time>
      </trkpt>
      <trkpt lat="44.229168" lon="7.082002">
        <ele>2461.6</ele>
        <time>2026-08-05T04:39:52Z</time>
      </trkpt>
      <trkpt lat="44.229226" lon="7.081968">
        <ele>2461.0</ele>
        <time>2026-08-05T04:39:58Z</time>
      </trkpt>
      <trkpt lat="44.229232" lon="7.081956">
        <ele>2460.6</ele>
        <time>2026-08-05T04:40:00Z</time>
      </trkpt>
      <trkpt lat="44.229255" lon="7.081916">
        <ele>2459.6</ele>
        <time>2026-08-05T04:40:03Z</time>
      </trkpt>
      <trkpt lat="44.229282" lon="7.081885">
        <ele>2459.0</ele>
        <time>2026-08-05T04:40:06Z</time>
      </trkpt>
      <trkpt lat="44.229325" lon="7.081827">
        <ele>2458.4</ele>
        <time>2026-08-05T04:40:12Z</time>
      </trkpt>
      <trkpt lat="44.229342" lon="7.081808">
        <ele>2458.0</ele>
        <time>2026-08-05T04:40:14Z</time>
      </trkpt>
      <trkpt lat="44.22943" lon="7.08177">
        <ele>2458.4</ele>
        <time>2026-08-05T04:40:22Z</time>
      </trkpt>
      <trkpt lat="44.229468" lon="7.081702">
        <ele>2457.6</ele>
        <time>2026-08-05T04:40:29Z</time>
      </trkpt>
      <trkpt lat="44.229466" lon="7.081689">
        <ele>2457.4</ele>
        <time>2026-08-05T04:40:30Z</time>
      </trkpt>
      <trkpt lat="44.229499" lon="7.081617">
        <ele>2456.8</ele>
        <time>2026-08-05T04:40:35Z</time>
      </trkpt>
      <trkpt lat="44.229567" lon="7.081582">
        <ele>2457.0</ele>
        <time>2026-08-05T04:40:42Z</time>
      </trkpt>
      <trkpt lat="44.229651" lon="7.081559">
        <ele>2458.4</ele>
        <time>2026-08-05T04:40:50Z</time>
      </trkpt>
      <trkpt lat="44.229663" lon="7.081557">
        <ele>2458.6</ele>
        <time>2026-08-05T04:40:51Z</time>
      </trkpt>
      <trkpt lat="44.229747" lon="7.081478">
        <ele>2459.0</ele>
        <time>2026-08-05T04:41:01Z</time>
      </trkpt>
      <trkpt lat="44.229768" lon="7.08146">
        <ele>2459.4</ele>
        <time>2026-08-05T04:41:06Z</time>
      </trkpt>
      <trkpt lat="44.229789" lon="7.081444">
        <ele>2459.4</ele>
        <time>2026-08-05T04:41:08Z</time>
      </trkpt>
      <trkpt lat="44.229865" lon="7.081389">
        <ele>2459.2</ele>
        <time>2026-08-05T04:41:15Z</time>
      </trkpt>
      <trkpt lat="44.229968" lon="7.081314">
        <ele>2458.6</ele>
        <time>2026-08-05T04:41:26Z</time>
      </trkpt>
      <trkpt lat="44.230016" lon="7.081275">
        <ele>2458.4</ele>
        <time>2026-08-05T04:41:30Z</time>
      </trkpt>
      <trkpt lat="44.230063" lon="7.081235">
        <ele>2458.8</ele>
        <time>2026-08-05T04:41:35Z</time>
      </trkpt>
      <trkpt lat="44.230105" lon="7.081164">
        <ele>2457.6</ele>
        <time>2026-08-05T04:41:44Z</time>
      </trkpt>
      <trkpt lat="44.23011" lon="7.081156">
        <ele>2457.4</ele>
        <time>2026-08-05T04:41:45Z</time>
      </trkpt>
      <trkpt lat="44.230134" lon="7.08112">
        <ele>2456.4</ele>
        <time>2026-08-05T04:41:49Z</time>
      </trkpt>
      <trkpt lat="44.230143" lon="7.081109">
        <ele>2456.2</ele>
        <time>2026-08-05T04:41:50Z</time>
      </trkpt>
      <trkpt lat="44.230216" lon="7.081042">
        <ele>2455.8</ele>
        <time>2026-08-05T04:41:58Z</time>
      </trkpt>
      <trkpt lat="44.230288" lon="7.080971">
        <ele>2455.8</ele>
        <time>2026-08-05T04:42:07Z</time>
      </trkpt>
      <trkpt lat="44.230337" lon="7.080893">
        <ele>2455.6</ele>
        <time>2026-08-05T04:42:15Z</time>
      </trkpt>
      <trkpt lat="44.230357" lon="7.080856">
        <ele>2455.0</ele>
        <time>2026-08-05T04:42:18Z</time>
      </trkpt>
      <trkpt lat="44.230389" lon="7.080804">
        <ele>2454.8</ele>
        <time>2026-08-05T04:42:22Z</time>
      </trkpt>
      <trkpt lat="44.230427" lon="7.080723">
        <ele>2455.2</ele>
        <time>2026-08-05T04:42:30Z</time>
      </trkpt>
      <trkpt lat="44.23042" lon="7.080721">
        <ele>2455.2</ele>
        <time>2026-08-05T04:42:39Z</time>
      </trkpt>
      <trkpt lat="44.230416" lon="7.080729">
        <ele>2455.2</ele>
        <time>2026-08-05T04:42:41Z</time>
      </trkpt>
      <trkpt lat="44.230414" lon="7.080738">
        <ele>2455.2</ele>
        <time>2026-08-05T04:42:43Z</time>
      </trkpt>
      <trkpt lat="44.230413" lon="7.080745">
        <ele>2455.2</ele>
        <time>2026-08-05T04:42:44Z</time>
      </trkpt>
      <trkpt lat="44.230413" lon="7.080754">
        <ele>2455.2</ele>
        <time>2026-08-05T04:42:47Z</time>
      </trkpt>
      <trkpt lat="44.230415" lon="7.080748">
        <ele>2455.2</ele>
        <time>2026-08-05T04:42:50Z</time>
      </trkpt>
      <trkpt lat="44.230426" lon="7.080735">
        <ele>2455.0</ele>
        <time>2026-08-05T04:42:57Z</time>
      </trkpt>
      <trkpt lat="44.23043" lon="7.080727">
        <ele>2455.0</ele>
        <time>2026-08-05T04:43:00Z</time>
      </trkpt>
      <trkpt lat="44.230428" lon="7.080719">
        <ele>2455.2</ele>
        <time>2026-08-05T04:43:02Z</time>
      </trkpt>
      <trkpt lat="44.230419" lon="7.080731">
        <ele>2455.2</ele>
        <time>2026-08-05T04:43:11Z</time>
      </trkpt>
      <trkpt lat="44.230426" lon="7.080716">
        <ele>2455.4</ele>
        <time>2026-08-05T04:43:22Z</time>
      </trkpt>
      <trkpt lat="44.230462" lon="7.080638">
        <ele>2455.4</ele>
        <time>2026-08-05T04:43:29Z</time>
      </trkpt>
      <trkpt lat="44.23051" lon="7.080593">
        <ele>2456.0</ele>
        <time>2026-08-05T04:43:34Z</time>
      </trkpt>
      <trkpt lat="44.230537" lon="7.080563">
        <ele>2456.6</ele>
        <time>2026-08-05T04:43:38Z</time>
      </trkpt>
      <trkpt lat="44.230558" lon="7.080521">
        <ele>2456.8</ele>
        <time>2026-08-05T04:43:44Z</time>
      </trkpt>
      <trkpt lat="44.230567" lon="7.08051">
        <ele>2457.2</ele>
        <time>2026-08-05T04:43:46Z</time>
      </trkpt>
      <trkpt lat="44.230583" lon="7.080469">
        <ele>2457.6</ele>
        <time>2026-08-05T04:43:51Z</time>
      </trkpt>
      <trkpt lat="44.230591" lon="7.080428">
        <ele>2458.2</ele>
        <time>2026-08-05T04:43:56Z</time>
      </trkpt>
      <trkpt lat="44.230601" lon="7.080412">
        <ele>2458.6</ele>
        <time>2026-08-05T04:43:59Z</time>
      </trkpt>
      <trkpt lat="44.230605" lon="7.080379">
        <ele>2459.2</ele>
        <time>2026-08-05T04:44:04Z</time>
      </trkpt>
      <trkpt lat="44.230615" lon="7.080358">
        <ele>2459.8</ele>
        <time>2026-08-05T04:44:08Z</time>
      </trkpt>
      <trkpt lat="44.230628" lon="7.080341">
        <ele>2460.2</ele>
        <time>2026-08-05T04:44:11Z</time>
      </trkpt>
      <trkpt lat="44.230639" lon="7.080325">
        <ele>2461.0</ele>
        <time>2026-08-05T04:44:16Z</time>
      </trkpt>
      <trkpt lat="44.230656" lon="7.080302">
        <ele>2462.0</ele>
        <time>2026-08-05T04:44:23Z</time>
      </trkpt>
      <trkpt lat="44.23067" lon="7.080255">
        <ele>2463.0</ele>
        <time>2026-08-05T04:44:29Z</time>
      </trkpt>
      <trkpt lat="44.230683" lon="7.080228">
        <ele>2463.6</ele>
        <time>2026-08-05T04:44:32Z</time>
      </trkpt>
      <trkpt lat="44.230694" lon="7.080218">
        <ele>2464.2</ele>
        <time>2026-08-05T04:44:36Z</time>
      </trkpt>
      <trkpt lat="44.230699" lon="7.080211">
        <ele>2465.0</ele>
        <time>2026-08-05T04:44:40Z</time>
      </trkpt>
      <trkpt lat="44.230706" lon="7.080198">
        <ele>2465.2</ele>
        <time>2026-08-05T04:44:42Z</time>
      </trkpt>
      <trkpt lat="44.230706" lon="7.080191">
        <ele>2465.4</ele>
        <time>2026-08-05T04:44:44Z</time>
      </trkpt>
      <trkpt lat="44.230705" lon="7.080146">
        <ele>2466.2</ele>
        <time>2026-08-05T04:44:50Z</time>
      </trkpt>
      <trkpt lat="44.230715" lon="7.08012">
        <ele>2467.4</ele>
        <time>2026-08-05T04:44:57Z</time>
      </trkpt>
      <trkpt lat="44.230721" lon="7.080111">
        <ele>2467.6</ele>
        <time>2026-08-05T04:44:58Z</time>
      </trkpt>
      <trkpt lat="44.230739" lon="7.08008">
        <ele>2468.4</ele>
        <time>2026-08-05T04:45:03Z</time>
      </trkpt>
      <trkpt lat="44.230754" lon="7.080055">
        <ele>2469.4</ele>
        <time>2026-08-05T04:45:07Z</time>
      </trkpt>
      <trkpt lat="44.230761" lon="7.080043">
        <ele>2469.6</ele>
        <time>2026-08-05T04:45:08Z</time>
      </trkpt>
      <trkpt lat="44.230778" lon="7.079979">
        <ele>2470.6</ele>
        <time>2026-08-05T04:45:15Z</time>
      </trkpt>
      <trkpt lat="44.230795" lon="7.079939">
        <ele>2471.8</ele>
        <time>2026-08-05T04:45:21Z</time>
      </trkpt>
      <trkpt lat="44.230803" lon="7.079921">
        <ele>2472.0</ele>
        <time>2026-08-05T04:45:23Z</time>
      </trkpt>
      <trkpt lat="44.230812" lon="7.079897">
        <ele>2472.8</ele>
        <time>2026-08-05T04:45:27Z</time>
      </trkpt>
      <trkpt lat="44.230833" lon="7.079838">
        <ele>2473.8</ele>
        <time>2026-08-05T04:45:33Z</time>
      </trkpt>
      <trkpt lat="44.230838" lon="7.079823">
        <ele>2473.8</ele>
        <time>2026-08-05T04:45:34Z</time>
      </trkpt>
      <trkpt lat="44.230863" lon="7.079746">
        <ele>2475.0</ele>
        <time>2026-08-05T04:45:41Z</time>
      </trkpt>
      <trkpt lat="44.230869" lon="7.079732">
        <ele>2475.2</ele>
        <time>2026-08-05T04:45:42Z</time>
      </trkpt>
      <trkpt lat="44.230906" lon="7.079698">
        <ele>2476.0</ele>
        <time>2026-08-05T04:45:49Z</time>
      </trkpt>
      <trkpt lat="44.230914" lon="7.079665">
        <ele>2477.0</ele>
        <time>2026-08-05T04:45:55Z</time>
      </trkpt>
      <trkpt lat="44.230914" lon="7.07967">
        <ele>2477.2</ele>
        <time>2026-08-05T04:45:56Z</time>
      </trkpt>
      <trkpt lat="44.230925" lon="7.07964">
        <ele>2478.0</ele>
        <time>2026-08-05T04:46:01Z</time>
      </trkpt>
      <trkpt lat="44.230928" lon="7.079637">
        <ele>2478.2</ele>
        <time>2026-08-05T04:46:02Z</time>
      </trkpt>
      <trkpt lat="44.230951" lon="7.079599">
        <ele>2479.2</ele>
        <time>2026-08-05T04:46:07Z</time>
      </trkpt>
      <trkpt lat="44.230963" lon="7.079584">
        <ele>2479.6</ele>
        <time>2026-08-05T04:46:10Z</time>
      </trkpt>
      <trkpt lat="44.230977" lon="7.079567">
        <ele>2480.2</ele>
        <time>2026-08-05T04:46:13Z</time>
      </trkpt>
      <trkpt lat="44.231005" lon="7.079548">
        <ele>2481.0</ele>
        <time>2026-08-05T04:46:18Z</time>
      </trkpt>
      <trkpt lat="44.23101" lon="7.079546">
        <ele>2481.2</ele>
        <time>2026-08-05T04:46:19Z</time>
      </trkpt>
      <trkpt lat="44.231042" lon="7.079509">
        <ele>2482.0</ele>
        <time>2026-08-05T04:46:24Z</time>
      </trkpt>
      <trkpt lat="44.231059" lon="7.079484">
        <ele>2482.4</ele>
        <time>2026-08-05T04:46:27Z</time>
      </trkpt>
      <trkpt lat="44.231063" lon="7.079474">
        <ele>2482.8</ele>
        <time>2026-08-05T04:46:30Z</time>
      </trkpt>
      <trkpt lat="44.231068" lon="7.079462">
        <ele>2483.6</ele>
        <time>2026-08-05T04:46:34Z</time>
      </trkpt>
      <trkpt lat="44.231075" lon="7.079442">
        <ele>2483.8</ele>
        <time>2026-08-05T04:46:36Z</time>
      </trkpt>
      <trkpt lat="44.231095" lon="7.079396">
        <ele>2484.6</ele>
        <time>2026-08-05T04:46:40Z</time>
      </trkpt>
      <trkpt lat="44.231138" lon="7.07934">
        <ele>2485.0</ele>
        <time>2026-08-05T04:46:45Z</time>
      </trkpt>
      <trkpt lat="44.231157" lon="7.079315">
        <ele>2485.2</ele>
        <time>2026-08-05T04:46:48Z</time>
      </trkpt>
      <trkpt lat="44.231187" lon="7.07927">
        <ele>2485.6</ele>
        <time>2026-08-05T04:46:52Z</time>
      </trkpt>
      <trkpt lat="44.231199" lon="7.079247">
        <ele>2485.8</ele>
        <time>2026-08-05T04:46:54Z</time>
      </trkpt>
      <trkpt lat="44.231235" lon="7.079192">
        <ele>2486.4</ele>
        <time>2026-08-05T04:47:00Z</time>
      </trkpt>
      <trkpt lat="44.231245" lon="7.07917">
        <ele>2486.6</ele>
        <time>2026-08-05T04:47:02Z</time>
      </trkpt>
      <trkpt lat="44.231306" lon="7.079072">
        <ele>2487.6</ele>
        <time>2026-08-05T04:47:11Z</time>
      </trkpt>
      <trkpt lat="44.23136" lon="7.079009">
        <ele>2488.6</ele>
        <time>2026-08-05T04:47:18Z</time>
      </trkpt>
      <trkpt lat="44.23137" lon="7.078999">
        <ele>2488.8</ele>
        <time>2026-08-05T04:47:19Z</time>
      </trkpt>
      <trkpt lat="44.2314" lon="7.078938">
        <ele>2489.4</ele>
        <time>2026-08-05T04:47:24Z</time>
      </trkpt>
      <trkpt lat="44.231429" lon="7.078891">
        <ele>2489.8</ele>
        <time>2026-08-05T04:47:29Z</time>
      </trkpt>
      <trkpt lat="44.231456" lon="7.078873">
        <ele>2490.0</ele>
        <time>2026-08-05T04:47:32Z</time>
      </trkpt>
      <trkpt lat="44.231516" lon="7.078793">
        <ele>2491.0</ele>
        <time>2026-08-05T04:47:40Z</time>
      </trkpt>
      <trkpt lat="44.231568" lon="7.07871">
        <ele>2492.0</ele>
        <time>2026-08-05T04:47:47Z</time>
      </trkpt>
      <trkpt lat="44.231576" lon="7.078699">
        <ele>2492.0</ele>
        <time>2026-08-05T04:47:48Z</time>
      </trkpt>
      <trkpt lat="44.231616" lon="7.078601">
        <ele>2492.6</ele>
        <time>2026-08-05T04:47:58Z</time>
      </trkpt>
      <trkpt lat="44.231644" lon="7.078536">
        <ele>2491.4</ele>
        <time>2026-08-05T04:48:07Z</time>
      </trkpt>
      <trkpt lat="44.23164" lon="7.078533">
        <ele>2491.0</ele>
        <time>2026-08-05T04:48:11Z</time>
      </trkpt>
      <trkpt lat="44.231638" lon="7.078531">
        <ele>2490.8</ele>
        <time>2026-08-05T04:48:12Z</time>
      </trkpt>
      <trkpt lat="44.231639" lon="7.078503">
        <ele>2490.8</ele>
        <time>2026-08-05T04:48:15Z</time>
      </trkpt>
      <trkpt lat="44.231636" lon="7.078485">
        <ele>2490.8</ele>
        <time>2026-08-05T04:48:19Z</time>
      </trkpt>
      <trkpt lat="44.231641" lon="7.078486">
        <ele>2490.6</ele>
        <time>2026-08-05T04:48:21Z</time>
      </trkpt>
      <trkpt lat="44.231646" lon="7.078478">
        <ele>2490.4</ele>
        <time>2026-08-05T04:48:22Z</time>
      </trkpt>
      <trkpt lat="44.231658" lon="7.078443">
        <ele>2489.8</ele>
        <time>2026-08-05T04:48:25Z</time>
      </trkpt>
      <trkpt lat="44.231679" lon="7.078362">
        <ele>2488.8</ele>
        <time>2026-08-05T04:48:31Z</time>
      </trkpt>
      <trkpt lat="44.23168" lon="7.078357">
        <ele>2488.8</ele>
        <time>2026-08-05T04:48:32Z</time>
      </trkpt>
      <trkpt lat="44.231689" lon="7.078315">
        <ele>2487.6</ele>
        <time>2026-08-05T04:48:36Z</time>
      </trkpt>
      <trkpt lat="44.23169" lon="7.078288">
        <ele>2487.0</ele>
        <time>2026-08-05T04:48:38Z</time>
      </trkpt>
      <trkpt lat="44.231723" lon="7.078164">
        <ele>2486.6</ele>
        <time>2026-08-05T04:48:46Z</time>
      </trkpt>
      <trkpt lat="44.231736" lon="7.078137">
        <ele>2486.6</ele>
        <time>2026-08-05T04:48:48Z</time>
      </trkpt>
      <trkpt lat="44.23178" lon="7.078002">
        <ele>2487.0</ele>
        <time>2026-08-05T04:48:57Z</time>
      </trkpt>
      <trkpt lat="44.231829" lon="7.077927">
        <ele>2487.6</ele>
        <time>2026-08-05T04:49:06Z</time>
      </trkpt>
      <trkpt lat="44.231872" lon="7.077875">
        <ele>2487.8</ele>
        <time>2026-08-05T04:49:14Z</time>
      </trkpt>
      <trkpt lat="44.231929" lon="7.077831">
        <ele>2488.2</ele>
        <time>2026-08-05T04:49:21Z</time>
      </trkpt>
      <trkpt lat="44.231975" lon="7.077793">
        <ele>2488.8</ele>
        <time>2026-08-05T04:49:27Z</time>
      </trkpt>
      <trkpt lat="44.231996" lon="7.077777">
        <ele>2489.4</ele>
        <time>2026-08-05T04:49:30Z</time>
      </trkpt>
      <trkpt lat="44.232007" lon="7.077762">
        <ele>2489.8</ele>
        <time>2026-08-05T04:49:32Z</time>
      </trkpt>
      <trkpt lat="44.232037" lon="7.077732">
        <ele>2490.4</ele>
        <time>2026-08-05T04:49:36Z</time>
      </trkpt>
      <trkpt lat="44.23206" lon="7.077716">
        <ele>2490.8</ele>
        <time>2026-08-05T04:49:39Z</time>
      </trkpt>
      <trkpt lat="44.232106" lon="7.077673">
        <ele>2491.2</ele>
        <time>2026-08-05T04:49:45Z</time>
      </trkpt>
      <trkpt lat="44.232152" lon="7.077579">
        <ele>2491.8</ele>
        <time>2026-08-05T04:49:53Z</time>
      </trkpt>
      <trkpt lat="44.232157" lon="7.077568">
        <ele>2492.0</ele>
        <time>2026-08-05T04:49:54Z</time>
      </trkpt>
      <trkpt lat="44.232193" lon="7.077535">
        <ele>2492.4</ele>
        <time>2026-08-05T04:50:01Z</time>
      </trkpt>
      <trkpt lat="44.232193" lon="7.077535">
        <ele>2492.4</ele>
        <time>2026-08-05T04:50:04Z</time>
      </trkpt>
      <trkpt lat="44.232192" lon="7.077534">
        <ele>2492.4</ele>
        <time>2026-08-05T04:50:06Z</time>
      </trkpt>
      <trkpt lat="44.232197" lon="7.07753">
        <ele>2492.4</ele>
        <time>2026-08-05T04:50:09Z</time>
      </trkpt>
      <trkpt lat="44.232193" lon="7.077535">
        <ele>2492.4</ele>
        <time>2026-08-05T04:50:15Z</time>
      </trkpt>
      <trkpt lat="44.232201" lon="7.077518">
        <ele>2492.4</ele>
        <time>2026-08-05T04:50:18Z</time>
      </trkpt>
      <trkpt lat="44.232226" lon="7.077438">
        <ele>2492.8</ele>
        <time>2026-08-05T04:50:26Z</time>
      </trkpt>
      <trkpt lat="44.232246" lon="7.077383">
        <ele>2493.0</ele>
        <time>2026-08-05T04:50:30Z</time>
      </trkpt>
      <trkpt lat="44.232288" lon="7.077322">
        <ele>2492.8</ele>
        <time>2026-08-05T04:50:36Z</time>
      </trkpt>
      <trkpt lat="44.232359" lon="7.077271">
        <ele>2493.2</ele>
        <time>2026-08-05T04:50:45Z</time>
      </trkpt>
      <trkpt lat="44.232394" lon="7.077246">
        <ele>2494.0</ele>
        <time>2026-08-05T04:50:51Z</time>
      </trkpt>
      <trkpt lat="44.232408" lon="7.077228">
        <ele>2494.2</ele>
        <time>2026-08-05T04:50:54Z</time>
      </trkpt>
      <trkpt lat="44.232431" lon="7.077192">
        <ele>2495.0</ele>
        <time>2026-08-05T04:50:59Z</time>
      </trkpt>
      <trkpt lat="44.232434" lon="7.077179">
        <ele>2495.4</ele>
        <time>2026-08-05T04:51:01Z</time>
      </trkpt>
      <trkpt lat="44.232446" lon="7.077159">
        <ele>2496.2</ele>
        <time>2026-08-05T04:51:05Z</time>
      </trkpt>
      <trkpt lat="44.232462" lon="7.077134">
        <ele>2496.8</ele>
        <time>2026-08-05T04:51:09Z</time>
      </trkpt>
      <trkpt lat="44.232468" lon="7.077118">
        <ele>2497.2</ele>
        <time>2026-08-05T04:51:12Z</time>
      </trkpt>
      <trkpt lat="44.232467" lon="7.077077">
        <ele>2498.0</ele>
        <time>2026-08-05T04:51:18Z</time>
      </trkpt>
      <trkpt lat="44.23246" lon="7.077075">
        <ele>2498.4</ele>
        <time>2026-08-05T04:51:23Z</time>
      </trkpt>
      <trkpt lat="44.232451" lon="7.077066">
        <ele>2499.0</ele>
        <time>2026-08-05T04:51:27Z</time>
      </trkpt>
      <trkpt lat="44.232451" lon="7.077046">
        <ele>2499.4</ele>
        <time>2026-08-05T04:51:31Z</time>
      </trkpt>
      <trkpt lat="44.232457" lon="7.077028">
        <ele>2500.2</ele>
        <time>2026-08-05T04:51:35Z</time>
      </trkpt>
      <trkpt lat="44.232465" lon="7.077027">
        <ele>2500.6</ele>
        <time>2026-08-05T04:51:38Z</time>
      </trkpt>
      <trkpt lat="44.23248" lon="7.076995">
        <ele>2501.2</ele>
        <time>2026-08-05T04:51:44Z</time>
      </trkpt>
      <trkpt lat="44.232478" lon="7.076989">
        <ele>2501.6</ele>
        <time>2026-08-05T04:51:46Z</time>
      </trkpt>
      <trkpt lat="44.232491" lon="7.076969">
        <ele>2502.4</ele>
        <time>2026-08-05T04:51:52Z</time>
      </trkpt>
      <trkpt lat="44.232494" lon="7.076967">
        <ele>2502.6</ele>
        <time>2026-08-05T04:51:53Z</time>
      </trkpt>
      <trkpt lat="44.232497" lon="7.076961">
        <ele>2502.6</ele>
        <time>2026-08-05T04:51:55Z</time>
      </trkpt>
      <trkpt lat="44.232519" lon="7.076934">
        <ele>2503.2</ele>
        <time>2026-08-05T04:52:00Z</time>
      </trkpt>
      <trkpt lat="44.232534" lon="7.07691">
        <ele>2503.6</ele>
        <time>2026-08-05T04:52:04Z</time>
      </trkpt>
      <trkpt lat="44.232546" lon="7.076886">
        <ele>2504.4</ele>
        <time>2026-08-05T04:52:08Z</time>
      </trkpt>
      <trkpt lat="44.232558" lon="7.076864">
        <ele>2504.8</ele>
        <time>2026-08-05T04:52:11Z</time>
      </trkpt>
      <trkpt lat="44.23258" lon="7.076808">
        <ele>2505.8</ele>
        <time>2026-08-05T04:52:19Z</time>
      </trkpt>
      <trkpt lat="44.232589" lon="7.076808">
        <ele>2505.8</ele>
        <time>2026-08-05T04:52:20Z</time>
      </trkpt>
      <trkpt lat="44.232628" lon="7.076795">
        <ele>2506.4</ele>
        <time>2026-08-05T04:52:27Z</time>
      </trkpt>
      <trkpt lat="44.232672" lon="7.076743">
        <ele>2506.8</ele>
        <time>2026-08-05T04:52:34Z</time>
      </trkpt>
      <trkpt lat="44.232674" lon="7.076737">
        <ele>2507.0</ele>
        <time>2026-08-05T04:52:35Z</time>
      </trkpt>
      <trkpt lat="44.2327" lon="7.076687">
        <ele>2507.4</ele>
        <time>2026-08-05T04:52:41Z</time>
      </trkpt>
      <trkpt lat="44.23271" lon="7.076671">
        <ele>2507.2</ele>
        <time>2026-08-05T04:52:43Z</time>
      </trkpt>
      <trkpt lat="44.232733" lon="7.07663">
        <ele>2507.2</ele>
        <time>2026-08-05T04:52:50Z</time>
      </trkpt>
      <trkpt lat="44.232741" lon="7.076621">
        <ele>2507.2</ele>
        <time>2026-08-05T04:52:51Z</time>
      </trkpt>
      <trkpt lat="44.232781" lon="7.076542">
        <ele>2506.6</ele>
        <time>2026-08-05T04:52:59Z</time>
      </trkpt>
      <trkpt lat="44.232779" lon="7.07652">
        <ele>2507.2</ele>
        <time>2026-08-05T04:53:06Z</time>
      </trkpt>
      <trkpt lat="44.232771" lon="7.076498">
        <ele>2508.0</ele>
        <time>2026-08-05T04:53:11Z</time>
      </trkpt>
      <trkpt lat="44.232763" lon="7.076476">
        <ele>2508.8</ele>
        <time>2026-08-05T04:53:16Z</time>
      </trkpt>
      <trkpt lat="44.232758" lon="7.076477">
        <ele>2509.0</ele>
        <time>2026-08-05T04:53:19Z</time>
      </trkpt>
      <trkpt lat="44.232735" lon="7.076479">
        <ele>2509.4</ele>
        <time>2026-08-05T04:53:23Z</time>
      </trkpt>
      <trkpt lat="44.232711" lon="7.076482">
        <ele>2510.2</ele>
        <time>2026-08-05T04:53:29Z</time>
      </trkpt>
      <trkpt lat="44.232689" lon="7.076492">
        <ele>2510.4</ele>
        <time>2026-08-05T04:53:33Z</time>
      </trkpt>
      <trkpt lat="44.232685" lon="7.076494">
        <ele>2510.6</ele>
        <time>2026-08-05T04:53:34Z</time>
      </trkpt>
      <trkpt lat="44.232672" lon="7.07651">
        <ele>2511.2</ele>
        <time>2026-08-05T04:53:40Z</time>
      </trkpt>
      <trkpt lat="44.23267" lon="7.076504">
        <ele>2511.6</ele>
        <time>2026-08-05T04:53:43Z</time>
      </trkpt>
      <trkpt lat="44.232672" lon="7.076496">
        <ele>2512.2</ele>
        <time>2026-08-05T04:53:47Z</time>
      </trkpt>
      <trkpt lat="44.232673" lon="7.076489">
        <ele>2512.8</ele>
        <time>2026-08-05T04:53:52Z</time>
      </trkpt>
      <trkpt lat="44.232665" lon="7.076482">
        <ele>2513.4</ele>
        <time>2026-08-05T04:53:56Z</time>
      </trkpt>
      <trkpt lat="44.23265" lon="7.076462">
        <ele>2514.2</ele>
        <time>2026-08-05T04:54:01Z</time>
      </trkpt>
      <trkpt lat="44.232644" lon="7.076477">
        <ele>2514.6</ele>
        <time>2026-08-05T04:54:07Z</time>
      </trkpt>
      <trkpt lat="44.232639" lon="7.076491">
        <ele>2514.8</ele>
        <time>2026-08-05T04:54:10Z</time>
      </trkpt>
      <trkpt lat="44.232612" lon="7.076516">
        <ele>2515.6</ele>
        <time>2026-08-05T04:54:15Z</time>
      </trkpt>
      <trkpt lat="44.232599" lon="7.076522">
        <ele>2516.0</ele>
        <time>2026-08-05T04:54:18Z</time>
      </trkpt>
      <trkpt lat="44.232579" lon="7.07651">
        <ele>2516.6</ele>
        <time>2026-08-05T04:54:22Z</time>
      </trkpt>
      <trkpt lat="44.232572" lon="7.076494">
        <ele>2516.8</ele>
        <time>2026-08-05T04:54:25Z</time>
      </trkpt>
      <trkpt lat="44.232568" lon="7.076478">
        <ele>2517.8</ele>
        <time>2026-08-05T04:54:31Z</time>
      </trkpt>
      <trkpt lat="44.232565" lon="7.076481">
        <ele>2518.4</ele>
        <time>2026-08-05T04:54:34Z</time>
      </trkpt>
      <trkpt lat="44.232549" lon="7.076484">
        <ele>2519.0</ele>
        <time>2026-08-05T04:54:37Z</time>
      </trkpt>
      <trkpt lat="44.232506" lon="7.076471">
        <ele>2520.2</ele>
        <time>2026-08-05T04:54:43Z</time>
      </trkpt>
      <trkpt lat="44.232489" lon="7.076471">
        <ele>2519.8</ele>
        <time>2026-08-05T04:54:48Z</time>
      </trkpt>
      <trkpt lat="44.232473" lon="7.076474">
        <ele>2519.0</ele>
        <time>2026-08-05T04:54:51Z</time>
      </trkpt>
      <trkpt lat="44.232462" lon="7.076475">
        <ele>2519.0</ele>
        <time>2026-08-05T04:54:53Z</time>
      </trkpt>
      <trkpt lat="44.232397" lon="7.076462">
        <ele>2518.4</ele>
        <time>2026-08-05T04:55:01Z</time>
      </trkpt>
      <trkpt lat="44.232348" lon="7.076448">
        <ele>2519.0</ele>
        <time>2026-08-05T04:55:08Z</time>
      </trkpt>
      <trkpt lat="44.232342" lon="7.07644">
        <ele>2519.4</ele>
        <time>2026-08-05T04:55:10Z</time>
      </trkpt>
      <trkpt lat="44.232327" lon="7.076421">
        <ele>2520.2</ele>
        <time>2026-08-05T04:55:14Z</time>
      </trkpt>
      <trkpt lat="44.232304" lon="7.076406">
        <ele>2521.2</ele>
        <time>2026-08-05T04:55:20Z</time>
      </trkpt>
      <trkpt lat="44.232288" lon="7.0764">
        <ele>2522.2</ele>
        <time>2026-08-05T04:55:25Z</time>
      </trkpt>
      <trkpt lat="44.232272" lon="7.076381">
        <ele>2522.8</ele>
        <time>2026-08-05T04:55:28Z</time>
      </trkpt>
      <trkpt lat="44.232261" lon="7.076359">
        <ele>2523.4</ele>
        <time>2026-08-05T04:55:31Z</time>
      </trkpt>
      <trkpt lat="44.232244" lon="7.076318">
        <ele>2523.6</ele>
        <time>2026-08-05T04:55:36Z</time>
      </trkpt>
      <trkpt lat="44.232197" lon="7.07625">
        <ele>2522.8</ele>
        <time>2026-08-05T04:55:46Z</time>
      </trkpt>
      <trkpt lat="44.232162" lon="7.076188">
        <ele>2522.2</ele>
        <time>2026-08-05T04:55:52Z</time>
      </trkpt>
      <trkpt lat="44.232131" lon="7.076165">
        <ele>2521.6</ele>
        <time>2026-08-05T04:55:57Z</time>
      </trkpt>
      <trkpt lat="44.232117" lon="7.076142">
        <ele>2521.2</ele>
        <time>2026-08-05T04:56:00Z</time>
      </trkpt>
      <trkpt lat="44.232099" lon="7.076112">
        <ele>2520.4</ele>
        <time>2026-08-05T04:56:04Z</time>
      </trkpt>
      <trkpt lat="44.232097" lon="7.076098">
        <ele>2520.0</ele>
        <time>2026-08-05T04:56:06Z</time>
      </trkpt>
      <trkpt lat="44.232086" lon="7.07608">
        <ele>2519.0</ele>
        <time>2026-08-05T04:56:12Z</time>
      </trkpt>
      <trkpt lat="44.23207" lon="7.076056">
        <ele>2517.8</ele>
        <time>2026-08-05T04:56:16Z</time>
      </trkpt>
      <trkpt lat="44.232063" lon="7.076048">
        <ele>2517.2</ele>
        <time>2026-08-05T04:56:18Z</time>
      </trkpt>
      <trkpt lat="44.232057" lon="7.076044">
        <ele>2516.6</ele>
        <time>2026-08-05T04:56:20Z</time>
      </trkpt>
      <trkpt lat="44.232052" lon="7.076047">
        <ele>2515.6</ele>
        <time>2026-08-05T04:56:24Z</time>
      </trkpt>
      <trkpt lat="44.232026" lon="7.076036">
        <ele>2514.6</ele>
        <time>2026-08-05T04:56:28Z</time>
      </trkpt>
      <trkpt lat="44.232022" lon="7.076036">
        <ele>2514.4</ele>
        <time>2026-08-05T04:56:29Z</time>
      </trkpt>
      <trkpt lat="44.232017" lon="7.076013">
        <ele>2513.4</ele>
        <time>2026-08-05T04:56:34Z</time>
      </trkpt>
      <trkpt lat="44.232015" lon="7.076007">
        <ele>2513.2</ele>
        <time>2026-08-05T04:56:35Z</time>
      </trkpt>
      <trkpt lat="44.232003" lon="7.075984">
        <ele>2512.2</ele>
        <time>2026-08-05T04:56:39Z</time>
      </trkpt>
      <trkpt lat="44.231987" lon="7.075957">
        <ele>2511.2</ele>
        <time>2026-08-05T04:56:44Z</time>
      </trkpt>
      <trkpt lat="44.231978" lon="7.075949">
        <ele>2510.4</ele>
        <time>2026-08-05T04:56:48Z</time>
      </trkpt>
      <trkpt lat="44.231974" lon="7.075948">
        <ele>2510.2</ele>
        <time>2026-08-05T04:56:49Z</time>
      </trkpt>
      <trkpt lat="44.231957" lon="7.075899">
        <ele>2509.0</ele>
        <time>2026-08-05T04:56:55Z</time>
      </trkpt>
      <trkpt lat="44.231968" lon="7.07583">
        <ele>2509.0</ele>
        <time>2026-08-05T04:57:01Z</time>
      </trkpt>
      <trkpt lat="44.231962" lon="7.075803">
        <ele>2508.8</ele>
        <time>2026-08-05T04:57:03Z</time>
      </trkpt>
      <trkpt lat="44.231975" lon="7.075721">
        <ele>2509.2</ele>
        <time>2026-08-05T04:57:10Z</time>
      </trkpt>
      <trkpt lat="44.231978" lon="7.07567">
        <ele>2510.2</ele>
        <time>2026-08-05T04:57:15Z</time>
      </trkpt>
      <trkpt lat="44.231972" lon="7.075634">
        <ele>2510.6</ele>
        <time>2026-08-05T04:57:19Z</time>
      </trkpt>
      <trkpt lat="44.231975" lon="7.075595">
        <ele>2511.4</ele>
        <time>2026-08-05T04:57:23Z</time>
      </trkpt>
      <trkpt lat="44.231976" lon="7.075565">
        <ele>2511.8</ele>
        <time>2026-08-05T04:57:27Z</time>
      </trkpt>
      <trkpt lat="44.231979" lon="7.075557">
        <ele>2512.2</ele>
        <time>2026-08-05T04:57:34Z</time>
      </trkpt>
      <trkpt lat="44.231979" lon="7.075557">
        <ele>2512.2</ele>
        <time>2026-08-05T04:57:36Z</time>
      </trkpt>
      <trkpt lat="44.231978" lon="7.075554">
        <ele>2512.4</ele>
        <time>2026-08-05T04:57:38Z</time>
      </trkpt>
      <trkpt lat="44.23198" lon="7.075524">
        <ele>2512.6</ele>
        <time>2026-08-05T04:57:40Z</time>
      </trkpt>
      <trkpt lat="44.231988" lon="7.075483">
        <ele>2513.4</ele>
        <time>2026-08-05T04:57:48Z</time>
      </trkpt>
      <trkpt lat="44.23199" lon="7.075478">
        <ele>2513.6</ele>
        <time>2026-08-05T04:57:49Z</time>
      </trkpt>
      <trkpt lat="44.231991" lon="7.075436">
        <ele>2514.6</ele>
        <time>2026-08-05T04:57:56Z</time>
      </trkpt>
      <trkpt lat="44.23199" lon="7.075429">
        <ele>2514.8</ele>
        <time>2026-08-05T04:57:57Z</time>
      </trkpt>
      <trkpt lat="44.231991" lon="7.075397">
        <ele>2515.2</ele>
        <time>2026-08-05T04:58:00Z</time>
      </trkpt>
      <trkpt lat="44.231992" lon="7.075373">
        <ele>2515.4</ele>
        <time>2026-08-05T04:58:03Z</time>
      </trkpt>
      <trkpt lat="44.231993" lon="7.075358">
        <ele>2515.6</ele>
        <time>2026-08-05T04:58:05Z</time>
      </trkpt>
      <trkpt lat="44.231997" lon="7.075326">
        <ele>2516.6</ele>
        <time>2026-08-05T04:58:10Z</time>
      </trkpt>
      <trkpt lat="44.231998" lon="7.075317">
        <ele>2516.6</ele>
        <time>2026-08-05T04:58:11Z</time>
      </trkpt>
      <trkpt lat="44.232011" lon="7.075269">
        <ele>2517.4</ele>
        <time>2026-08-05T04:58:17Z</time>
      </trkpt>
      <trkpt lat="44.232019" lon="7.075257">
        <ele>2517.8</ele>
        <time>2026-08-05T04:58:19Z</time>
      </trkpt>
      <trkpt lat="44.23202" lon="7.075237">
        <ele>2518.4</ele>
        <time>2026-08-05T04:58:24Z</time>
      </trkpt>
      <trkpt lat="44.232013" lon="7.075209">
        <ele>2518.8</ele>
        <time>2026-08-05T04:58:27Z</time>
      </trkpt>
      <trkpt lat="44.231998" lon="7.075177">
        <ele>2519.6</ele>
        <time>2026-08-05T04:58:31Z</time>
      </trkpt>
      <trkpt lat="44.231996" lon="7.075166">
        <ele>2519.8</ele>
        <time>2026-08-05T04:58:32Z</time>
      </trkpt>
      <trkpt lat="44.232001" lon="7.075119">
        <ele>2521.0</ele>
        <time>2026-08-05T04:58:38Z</time>
      </trkpt>
      <trkpt lat="44.232005" lon="7.075063">
        <ele>2522.2</ele>
        <time>2026-08-05T04:58:44Z</time>
      </trkpt>
      <trkpt lat="44.232004" lon="7.075037">
        <ele>2522.6</ele>
        <time>2026-08-05T04:58:47Z</time>
      </trkpt>
      <trkpt lat="44.23201" lon="7.07499">
        <ele>2523.2</ele>
        <time>2026-08-05T04:58:51Z</time>
      </trkpt>
      <trkpt lat="44.232011" lon="7.074969">
        <ele>2524.0</ele>
        <time>2026-08-05T04:58:54Z</time>
      </trkpt>
      <trkpt lat="44.232009" lon="7.074968">
        <ele>2524.2</ele>
        <time>2026-08-05T04:58:55Z</time>
      </trkpt>
      <trkpt lat="44.232006" lon="7.074962">
        <ele>2524.2</ele>
        <time>2026-08-05T04:58:56Z</time>
      </trkpt>
      <trkpt lat="44.232001" lon="7.074933">
        <ele>2524.8</ele>
        <time>2026-08-05T04:58:59Z</time>
      </trkpt>
      <trkpt lat="44.231997" lon="7.0749">
        <ele>2525.4</ele>
        <time>2026-08-05T04:59:02Z</time>
      </trkpt>
      <trkpt lat="44.232007" lon="7.074834">
        <ele>2526.4</ele>
        <time>2026-08-05T04:59:08Z</time>
      </trkpt>
      <trkpt lat="44.232007" lon="7.074824">
        <ele>2526.6</ele>
        <time>2026-08-05T04:59:09Z</time>
      </trkpt>
      <trkpt lat="44.23201" lon="7.074735">
        <ele>2527.4</ele>
        <time>2026-08-05T04:59:16Z</time>
      </trkpt>
      <trkpt lat="44.232015" lon="7.074702">
        <ele>2527.6</ele>
        <time>2026-08-05T04:59:19Z</time>
      </trkpt>
      <trkpt lat="44.232016" lon="7.074664">
        <ele>2527.6</ele>
        <time>2026-08-05T04:59:22Z</time>
      </trkpt>
      <trkpt lat="44.23202" lon="7.074635">
        <ele>2527.6</ele>
        <time>2026-08-05T04:59:25Z</time>
      </trkpt>
      <trkpt lat="44.232026" lon="7.074594">
        <ele>2528.4</ele>
        <time>2026-08-05T04:59:30Z</time>
      </trkpt>
      <trkpt lat="44.232026" lon="7.074591">
        <ele>2528.6</ele>
        <time>2026-08-05T04:59:31Z</time>
      </trkpt>
      <trkpt lat="44.232032" lon="7.07456">
        <ele>2529.8</ele>
        <time>2026-08-05T04:59:36Z</time>
      </trkpt>
      <trkpt lat="44.232034" lon="7.074537">
        <ele>2530.2</ele>
        <time>2026-08-05T04:59:38Z</time>
      </trkpt>
      <trkpt lat="44.232034" lon="7.074493">
        <ele>2530.8</ele>
        <time>2026-08-05T04:59:42Z</time>
      </trkpt>
      <trkpt lat="44.232038" lon="7.074466">
        <ele>2531.0</ele>
        <time>2026-08-05T04:59:44Z</time>
      </trkpt>
      <trkpt lat="44.232059" lon="7.074419">
        <ele>2532.0</ele>
        <time>2026-08-05T04:59:50Z</time>
      </trkpt>
      <trkpt lat="44.232069" lon="7.074397">
        <ele>2533.0</ele>
        <time>2026-08-05T04:59:56Z</time>
      </trkpt>
      <trkpt lat="44.232071" lon="7.074393">
        <ele>2533.0</ele>
        <time>2026-08-05T04:59:57Z</time>
      </trkpt>
      <trkpt lat="44.232073" lon="7.074388">
        <ele>2533.2</ele>
        <time>2026-08-05T04:59:58Z</time>
      </trkpt>
      <trkpt lat="44.232097" lon="7.074359">
        <ele>2534.2</ele>
        <time>2026-08-05T05:00:05Z</time>
      </trkpt>
      <trkpt lat="44.23211" lon="7.074347">
        <ele>2535.4</ele>
        <time>2026-08-05T05:00:12Z</time>
      </trkpt>
      <trkpt lat="44.232105" lon="7.074336">
        <ele>2535.8</ele>
        <time>2026-08-05T05:00:14Z</time>
      </trkpt>
      <trkpt lat="44.232117" lon="7.074311">
        <ele>2536.6</ele>
        <time>2026-08-05T05:00:18Z</time>
      </trkpt>
      <trkpt lat="44.232119" lon="7.074298">
        <ele>2537.0</ele>
        <time>2026-08-05T05:00:20Z</time>
      </trkpt>
      <trkpt lat="44.23213" lon="7.074294">
        <ele>2537.6</ele>
        <time>2026-08-05T05:00:24Z</time>
      </trkpt>
      <trkpt lat="44.232143" lon="7.07429">
        <ele>2538.0</ele>
        <time>2026-08-05T05:00:27Z</time>
      </trkpt>
      <trkpt lat="44.232151" lon="7.074282">
        <ele>2538.2</ele>
        <time>2026-08-05T05:00:29Z</time>
      </trkpt>
      <trkpt lat="44.232164" lon="7.07426">
        <ele>2538.6</ele>
        <time>2026-08-05T05:00:32Z</time>
      </trkpt>
      <trkpt lat="44.232175" lon="7.074237">
        <ele>2538.8</ele>
        <time>2026-08-05T05:00:34Z</time>
      </trkpt>
      <trkpt lat="44.232187" lon="7.074177">
        <ele>2539.0</ele>
        <time>2026-08-05T05:00:39Z</time>
      </trkpt>
      <trkpt lat="44.232194" lon="7.07414">
        <ele>2539.4</ele>
        <time>2026-08-05T05:00:42Z</time>
      </trkpt>
      <trkpt lat="44.232197" lon="7.074118">
        <ele>2539.6</ele>
        <time>2026-08-05T05:00:44Z</time>
      </trkpt>
      <trkpt lat="44.232191" lon="7.074086">
        <ele>2540.0</ele>
        <time>2026-08-05T05:00:47Z</time>
      </trkpt>
      <trkpt lat="44.232191" lon="7.074057">
        <ele>2540.0</ele>
        <time>2026-08-05T05:00:49Z</time>
      </trkpt>
      <trkpt lat="44.232212" lon="7.073967">
        <ele>2540.0</ele>
        <time>2026-08-05T05:00:56Z</time>
      </trkpt>
      <trkpt lat="44.232236" lon="7.07389">
        <ele>2540.6</ele>
        <time>2026-08-05T05:01:02Z</time>
      </trkpt>
      <trkpt lat="44.232242" lon="7.073873">
        <ele>2540.6</ele>
        <time>2026-08-05T05:01:03Z</time>
      </trkpt>
      <trkpt lat="44.232268" lon="7.073811">
        <ele>2541.4</ele>
        <time>2026-08-05T05:01:09Z</time>
      </trkpt>
      <trkpt lat="44.232277" lon="7.073787">
        <ele>2541.6</ele>
        <time>2026-08-05T05:01:11Z</time>
      </trkpt>
      <trkpt lat="44.232286" lon="7.073764">
        <ele>2541.8</ele>
        <time>2026-08-05T05:01:13Z</time>
      </trkpt>
      <trkpt lat="44.2323" lon="7.07373">
        <ele>2542.2</ele>
        <time>2026-08-05T05:01:17Z</time>
      </trkpt>
      <trkpt lat="44.23233" lon="7.073628">
        <ele>2542.8</ele>
        <time>2026-08-05T05:01:25Z</time>
      </trkpt>
      <trkpt lat="44.23235" lon="7.073518">
        <ele>2543.2</ele>
        <time>2026-08-05T05:01:35Z</time>
      </trkpt>
      <trkpt lat="44.23237" lon="7.073446">
        <ele>2543.6</ele>
        <time>2026-08-05T05:01:41Z</time>
      </trkpt>
      <trkpt lat="44.232375" lon="7.073419">
        <ele>2543.8</ele>
        <time>2026-08-05T05:01:44Z</time>
      </trkpt>
      <trkpt lat="44.232377" lon="7.073372">
        <ele>2543.8</ele>
        <time>2026-08-05T05:01:47Z</time>
      </trkpt>
      <trkpt lat="44.232384" lon="7.073247">
        <ele>2543.6</ele>
        <time>2026-08-05T05:01:55Z</time>
      </trkpt>
      <trkpt lat="44.232384" lon="7.073219">
        <ele>2543.8</ele>
        <time>2026-08-05T05:01:57Z</time>
      </trkpt>
      <trkpt lat="44.232385" lon="7.073156">
        <ele>2544.0</ele>
        <time>2026-08-05T05:02:02Z</time>
      </trkpt>
      <trkpt lat="44.232395" lon="7.073108">
        <ele>2544.2</ele>
        <time>2026-08-05T05:02:06Z</time>
      </trkpt>
      <trkpt lat="44.232405" lon="7.073043">
        <ele>2545.0</ele>
        <time>2026-08-05T05:02:11Z</time>
      </trkpt>
      <trkpt lat="44.232409" lon="7.073025">
        <ele>2545.0</ele>
        <time>2026-08-05T05:02:13Z</time>
      </trkpt>
      <trkpt lat="44.232444" lon="7.072961">
        <ele>2545.6</ele>
        <time>2026-08-05T05:02:19Z</time>
      </trkpt>
      <trkpt lat="44.232455" lon="7.072948">
        <ele>2546.0</ele>
        <time>2026-08-05T05:02:21Z</time>
      </trkpt>
      <trkpt lat="44.232473" lon="7.072875">
        <ele>2546.8</ele>
        <time>2026-08-05T05:02:26Z</time>
      </trkpt>
      <trkpt lat="44.232473" lon="7.072805">
        <ele>2546.8</ele>
        <time>2026-08-05T05:02:31Z</time>
      </trkpt>
      <trkpt lat="44.232476" lon="7.072765">
        <ele>2546.6</ele>
        <time>2026-08-05T05:02:34Z</time>
      </trkpt>
      <trkpt lat="44.23248" lon="7.072709">
        <ele>2547.0</ele>
        <time>2026-08-05T05:02:39Z</time>
      </trkpt>
      <trkpt lat="44.232486" lon="7.072702">
        <ele>2547.6</ele>
        <time>2026-08-05T05:02:41Z</time>
      </trkpt>
      <trkpt lat="44.232484" lon="7.072692">
        <ele>2547.8</ele>
        <time>2026-08-05T05:02:42Z</time>
      </trkpt>
      <trkpt lat="44.232484" lon="7.072674">
        <ele>2548.0</ele>
        <time>2026-08-05T05:02:44Z</time>
      </trkpt>
      <trkpt lat="44.232489" lon="7.072627">
        <ele>2548.0</ele>
        <time>2026-08-05T05:02:48Z</time>
      </trkpt>
      <trkpt lat="44.23249" lon="7.072543">
        <ele>2548.8</ele>
        <time>2026-08-05T05:02:55Z</time>
      </trkpt>
      <trkpt lat="44.232489" lon="7.0725">
        <ele>2549.2</ele>
        <time>2026-08-05T05:02:58Z</time>
      </trkpt>
      <trkpt lat="44.23249" lon="7.072428">
        <ele>2550.0</ele>
        <time>2026-08-05T05:03:04Z</time>
      </trkpt>
      <trkpt lat="44.232492" lon="7.07239">
        <ele>2550.0</ele>
        <time>2026-08-05T05:03:07Z</time>
      </trkpt>
      <trkpt lat="44.232495" lon="7.072342">
        <ele>2550.0</ele>
        <time>2026-08-05T05:03:10Z</time>
      </trkpt>
      <trkpt lat="44.232497" lon="7.072314">
        <ele>2550.2</ele>
        <time>2026-08-05T05:03:12Z</time>
      </trkpt>
      <trkpt lat="44.232498" lon="7.072299">
        <ele>2550.2</ele>
        <time>2026-08-05T05:03:13Z</time>
      </trkpt>
      <trkpt lat="44.232491" lon="7.072186">
        <ele>2550.0</ele>
        <time>2026-08-05T05:03:22Z</time>
      </trkpt>
      <trkpt lat="44.232492" lon="7.072094">
        <ele>2550.2</ele>
        <time>2026-08-05T05:03:30Z</time>
      </trkpt>
      <trkpt lat="44.232473" lon="7.072022">
        <ele>2551.2</ele>
        <time>2026-08-05T05:03:38Z</time>
      </trkpt>
      <trkpt lat="44.232465" lon="7.071981">
        <ele>2552.2</ele>
        <time>2026-08-05T05:03:44Z</time>
      </trkpt>
      <trkpt lat="44.232465" lon="7.071976">
        <ele>2552.2</ele>
        <time>2026-08-05T05:03:45Z</time>
      </trkpt>
      <trkpt lat="44.232468" lon="7.071969">
        <ele>2553.4</ele>
        <time>2026-08-05T05:03:50Z</time>
      </trkpt>
      <trkpt lat="44.232467" lon="7.071966">
        <ele>2553.6</ele>
        <time>2026-08-05T05:03:51Z</time>
      </trkpt>
      <trkpt lat="44.232426" lon="7.071892">
        <ele>2554.0</ele>
        <time>2026-08-05T05:04:00Z</time>
      </trkpt>
      <trkpt lat="44.232422" lon="7.071883">
        <ele>2553.4</ele>
        <time>2026-08-05T05:04:02Z</time>
      </trkpt>
      <trkpt lat="44.232416" lon="7.071866">
        <ele>2553.0</ele>
        <time>2026-08-05T05:04:04Z</time>
      </trkpt>
      <trkpt lat="44.232421" lon="7.07183">
        <ele>2552.4</ele>
        <time>2026-08-05T05:04:08Z</time>
      </trkpt>
      <trkpt lat="44.232423" lon="7.071807">
        <ele>2551.6</ele>
        <time>2026-08-05T05:04:15Z</time>
      </trkpt>
      <trkpt lat="44.23244" lon="7.07179">
        <ele>2552.4</ele>
        <time>2026-08-05T05:04:22Z</time>
      </trkpt>
      <trkpt lat="44.232441" lon="7.071776">
        <ele>2553.2</ele>
        <time>2026-08-05T05:04:28Z</time>
      </trkpt>
      <trkpt lat="44.232442" lon="7.071767">
        <ele>2553.4</ele>
        <time>2026-08-05T05:04:29Z</time>
      </trkpt>
      <trkpt lat="44.23245" lon="7.071666">
        <ele>2553.2</ele>
        <time>2026-08-05T05:04:36Z</time>
      </trkpt>
      <trkpt lat="44.232455" lon="7.071659">
        <ele>2553.4</ele>
        <time>2026-08-05T05:04:38Z</time>
      </trkpt>
      <trkpt lat="44.232458" lon="7.071651">
        <ele>2554.2</ele>
        <time>2026-08-05T05:04:42Z</time>
      </trkpt>
      <trkpt lat="44.232457" lon="7.071651">
        <ele>2554.6</ele>
        <time>2026-08-05T05:04:44Z</time>
      </trkpt>
      <trkpt lat="44.232452" lon="7.071624">
        <ele>2554.8</ele>
        <time>2026-08-05T05:04:52Z</time>
      </trkpt>
      <trkpt lat="44.232449" lon="7.071615">
        <ele>2555.6</ele>
        <time>2026-08-05T05:04:55Z</time>
      </trkpt>
      <trkpt lat="44.232465" lon="7.071602">
        <ele>2556.6</ele>
        <time>2026-08-05T05:05:02Z</time>
      </trkpt>
      <trkpt lat="44.232494" lon="7.071589">
        <ele>2557.6</ele>
        <time>2026-08-05T05:05:08Z</time>
      </trkpt>
      <trkpt lat="44.232496" lon="7.071583">
        <ele>2557.8</ele>
        <time>2026-08-05T05:05:10Z</time>
      </trkpt>
      <trkpt lat="44.232513" lon="7.071557">
        <ele>2558.6</ele>
        <time>2026-08-05T05:05:15Z</time>
      </trkpt>
      <trkpt lat="44.232522" lon="7.071527">
        <ele>2559.0</ele>
        <time>2026-08-05T05:05:18Z</time>
      </trkpt>
      <trkpt lat="44.232535" lon="7.071495">
        <ele>2559.2</ele>
        <time>2026-08-05T05:05:21Z</time>
      </trkpt>
      <trkpt lat="44.232537" lon="7.071465">
        <ele>2559.4</ele>
        <time>2026-08-05T05:05:25Z</time>
      </trkpt>
      <trkpt lat="44.232529" lon="7.07144">
        <ele>2558.6</ele>
        <time>2026-08-05T05:05:33Z</time>
      </trkpt>
      <trkpt lat="44.23254" lon="7.071383">
        <ele>2558.4</ele>
        <time>2026-08-05T05:05:39Z</time>
      </trkpt>
      <trkpt lat="44.232539" lon="7.071342">
        <ele>2559.0</ele>
        <time>2026-08-05T05:05:45Z</time>
      </trkpt>
      <trkpt lat="44.232549" lon="7.071318">
        <ele>2559.8</ele>
        <time>2026-08-05T05:05:51Z</time>
      </trkpt>
      <trkpt lat="44.232552" lon="7.071295">
        <ele>2560.4</ele>
        <time>2026-08-05T05:05:54Z</time>
      </trkpt>
      <trkpt lat="44.232564" lon="7.071262">
        <ele>2560.8</ele>
        <time>2026-08-05T05:05:59Z</time>
      </trkpt>
      <trkpt lat="44.232567" lon="7.071252">
        <ele>2561.4</ele>
        <time>2026-08-05T05:06:03Z</time>
      </trkpt>
      <trkpt lat="44.232566" lon="7.071241">
        <ele>2562.0</ele>
        <time>2026-08-05T05:06:10Z</time>
      </trkpt>
      <trkpt lat="44.232562" lon="7.071239">
        <ele>2562.4</ele>
        <time>2026-08-05T05:06:12Z</time>
      </trkpt>
      <trkpt lat="44.232565" lon="7.071217">
        <ele>2563.2</ele>
        <time>2026-08-05T05:06:15Z</time>
      </trkpt>
      <trkpt lat="44.232571" lon="7.071195">
        <ele>2563.8</ele>
        <time>2026-08-05T05:06:18Z</time>
      </trkpt>
      <trkpt lat="44.23257" lon="7.071188">
        <ele>2564.2</ele>
        <time>2026-08-05T05:06:21Z</time>
      </trkpt>
      <trkpt lat="44.232565" lon="7.071167">
        <ele>2565.0</ele>
        <time>2026-08-05T05:06:27Z</time>
      </trkpt>
      <trkpt lat="44.232564" lon="7.071164">
        <ele>2565.2</ele>
        <time>2026-08-05T05:06:28Z</time>
      </trkpt>
      <trkpt lat="44.232568" lon="7.071127">
        <ele>2565.8</ele>
        <time>2026-08-05T05:06:34Z</time>
      </trkpt>
      <trkpt lat="44.232576" lon="7.071114">
        <ele>2566.4</ele>
        <time>2026-08-05T05:06:38Z</time>
      </trkpt>
      <trkpt lat="44.232582" lon="7.071111">
        <ele>2566.8</ele>
        <time>2026-08-05T05:06:40Z</time>
      </trkpt>
      <trkpt lat="44.232587" lon="7.071098">
        <ele>2567.4</ele>
        <time>2026-08-05T05:06:46Z</time>
      </trkpt>
      <trkpt lat="44.232584" lon="7.0711">
        <ele>2568.0</ele>
        <time>2026-08-05T05:06:51Z</time>
      </trkpt>
      <trkpt lat="44.23258" lon="7.071104">
        <ele>2568.0</ele>
        <time>2026-08-05T05:06:54Z</time>
      </trkpt>
      <trkpt lat="44.23258" lon="7.071099">
        <ele>2568.0</ele>
        <time>2026-08-05T05:06:55Z</time>
      </trkpt>
      <trkpt lat="44.232578" lon="7.0711">
        <ele>2568.2</ele>
        <time>2026-08-05T05:06:59Z</time>
      </trkpt>
      <trkpt lat="44.232578" lon="7.071106">
        <ele>2568.2</ele>
        <time>2026-08-05T05:07:01Z</time>
      </trkpt>
      <trkpt lat="44.232572" lon="7.071101">
        <ele>2568.6</ele>
        <time>2026-08-05T05:07:04Z</time>
      </trkpt>
      <trkpt lat="44.232566" lon="7.071071">
        <ele>2569.2</ele>
        <time>2026-08-05T05:07:09Z</time>
      </trkpt>
      <trkpt lat="44.232561" lon="7.07106">
        <ele>2569.6</ele>
        <time>2026-08-05T05:07:12Z</time>
      </trkpt>
      <trkpt lat="44.232556" lon="7.071016">
        <ele>2569.2</ele>
        <time>2026-08-05T05:07:18Z</time>
      </trkpt>
      <trkpt lat="44.232544" lon="7.070998">
        <ele>2568.6</ele>
        <time>2026-08-05T05:07:22Z</time>
      </trkpt>
      <trkpt lat="44.232534" lon="7.070957">
        <ele>2568.2</ele>
        <time>2026-08-05T05:07:25Z</time>
      </trkpt>
      <trkpt lat="44.232524" lon="7.070888">
        <ele>2568.0</ele>
        <time>2026-08-05T05:07:32Z</time>
      </trkpt>
      <trkpt lat="44.232529" lon="7.070842">
        <ele>2568.6</ele>
        <time>2026-08-05T05:07:36Z</time>
      </trkpt>
      <trkpt lat="44.232526" lon="7.070837">
        <ele>2568.8</ele>
        <time>2026-08-05T05:07:37Z</time>
      </trkpt>
      <trkpt lat="44.232524" lon="7.070833">
        <ele>2568.8</ele>
        <time>2026-08-05T05:07:38Z</time>
      </trkpt>
      <trkpt lat="44.232519" lon="7.07082">
        <ele>2568.6</ele>
        <time>2026-08-05T05:07:41Z</time>
      </trkpt>
      <trkpt lat="44.232505" lon="7.070801">
        <ele>2568.6</ele>
        <time>2026-08-05T05:07:44Z</time>
      </trkpt>
      <trkpt lat="44.232484" lon="7.070753">
        <ele>2568.8</ele>
        <time>2026-08-05T05:07:51Z</time>
      </trkpt>
      <trkpt lat="44.232466" lon="7.0707">
        <ele>2568.2</ele>
        <time>2026-08-05T05:07:56Z</time>
      </trkpt>
      <trkpt lat="44.232464" lon="7.070686">
        <ele>2568.2</ele>
        <time>2026-08-05T05:07:58Z</time>
      </trkpt>
      <trkpt lat="44.232461" lon="7.070674">
        <ele>2568.4</ele>
        <time>2026-08-05T05:08:03Z</time>
      </trkpt>
      <trkpt lat="44.232461" lon="7.070662">
        <ele>2568.0</ele>
        <time>2026-08-05T05:08:05Z</time>
      </trkpt>
      <trkpt lat="44.232474" lon="7.070615">
        <ele>2568.0</ele>
        <time>2026-08-05T05:08:11Z</time>
      </trkpt>
      <trkpt lat="44.232494" lon="7.070567">
        <ele>2568.2</ele>
        <time>2026-08-05T05:08:19Z</time>
      </trkpt>
      <trkpt lat="44.232494" lon="7.070513">
        <ele>2568.2</ele>
        <time>2026-08-05T05:08:26Z</time>
      </trkpt>
      <trkpt lat="44.232482" lon="7.070469">
        <ele>2567.6</ele>
        <time>2026-08-05T05:08:32Z</time>
      </trkpt>
      <trkpt lat="44.232478" lon="7.070449">
        <ele>2567.4</ele>
        <time>2026-08-05T05:08:34Z</time>
      </trkpt>
      <trkpt lat="44.232448" lon="7.070361">
        <ele>2566.4</ele>
        <time>2026-08-05T05:08:41Z</time>
      </trkpt>
      <trkpt lat="44.232444" lon="7.070351">
        <ele>2566.4</ele>
        <time>2026-08-05T05:08:42Z</time>
      </trkpt>
      <trkpt lat="44.232378" lon="7.070236">
        <ele>2565.8</ele>
        <time>2026-08-05T05:08:52Z</time>
      </trkpt>
      <trkpt lat="44.232301" lon="7.070164">
        <ele>2566.8</ele>
        <time>2026-08-05T05:09:01Z</time>
      </trkpt>
      <trkpt lat="44.232223" lon="7.070093">
        <ele>2565.8</ele>
        <time>2026-08-05T05:09:10Z</time>
      </trkpt>
      <trkpt lat="44.23217" lon="7.070015">
        <ele>2565.8</ele>
        <time>2026-08-05T05:09:19Z</time>
      </trkpt>
      <trkpt lat="44.232136" lon="7.069974">
        <ele>2565.8</ele>
        <time>2026-08-05T05:09:25Z</time>
      </trkpt>
      <trkpt lat="44.232101" lon="7.069938">
        <ele>2565.4</ele>
        <time>2026-08-05T05:09:29Z</time>
      </trkpt>
      <trkpt lat="44.232072" lon="7.069856">
        <ele>2565.6</ele>
        <time>2026-08-05T05:09:35Z</time>
      </trkpt>
      <trkpt lat="44.232059" lon="7.069821">
        <ele>2565.0</ele>
        <time>2026-08-05T05:09:39Z</time>
      </trkpt>
      <trkpt lat="44.232063" lon="7.069809">
        <ele>2564.6</ele>
        <time>2026-08-05T05:09:41Z</time>
      </trkpt>
      <trkpt lat="44.232062" lon="7.069799">
        <ele>2564.4</ele>
        <time>2026-08-05T05:09:42Z</time>
      </trkpt>
      <trkpt lat="44.232058" lon="7.069739">
        <ele>2563.4</ele>
        <time>2026-08-05T05:09:49Z</time>
      </trkpt>
      <trkpt lat="44.232064" lon="7.069732">
        <ele>2563.2</ele>
        <time>2026-08-05T05:09:50Z</time>
      </trkpt>
      <trkpt lat="44.232077" lon="7.069643">
        <ele>2562.2</ele>
        <time>2026-08-05T05:09:57Z</time>
      </trkpt>
      <trkpt lat="44.232076" lon="7.069632">
        <ele>2562.0</ele>
        <time>2026-08-05T05:09:58Z</time>
      </trkpt>
      <trkpt lat="44.232066" lon="7.069585">
        <ele>2561.2</ele>
        <time>2026-08-05T05:10:03Z</time>
      </trkpt>
      <trkpt lat="44.232044" lon="7.069548">
        <ele>2560.6</ele>
        <time>2026-08-05T05:10:07Z</time>
      </trkpt>
      <trkpt lat="44.232028" lon="7.069455">
        <ele>2560.0</ele>
        <time>2026-08-05T05:10:15Z</time>
      </trkpt>
      <trkpt lat="44.232015" lon="7.06936">
        <ele>2559.2</ele>
        <time>2026-08-05T05:10:23Z</time>
      </trkpt>
      <trkpt lat="44.232006" lon="7.069341">
        <ele>2559.0</ele>
        <time>2026-08-05T05:10:25Z</time>
      </trkpt>
      <trkpt lat="44.231976" lon="7.069275">
        <ele>2558.4</ele>
        <time>2026-08-05T05:10:31Z</time>
      </trkpt>
      <trkpt lat="44.231961" lon="7.069176">
        <ele>2558.2</ele>
        <time>2026-08-05T05:10:39Z</time>
      </trkpt>
      <trkpt lat="44.231924" lon="7.069073">
        <ele>2558.2</ele>
        <time>2026-08-05T05:10:48Z</time>
      </trkpt>
      <trkpt lat="44.231913" lon="7.069019">
        <ele>2558.6</ele>
        <time>2026-08-05T05:10:55Z</time>
      </trkpt>
      <trkpt lat="44.231917" lon="7.068958">
        <ele>2559.0</ele>
        <time>2026-08-05T05:11:01Z</time>
      </trkpt>
      <trkpt lat="44.231896" lon="7.068909">
        <ele>2558.4</ele>
        <time>2026-08-05T05:11:07Z</time>
      </trkpt>
      <trkpt lat="44.231888" lon="7.068874">
        <ele>2558.0</ele>
        <time>2026-08-05T05:11:10Z</time>
      </trkpt>
      <trkpt lat="44.23188" lon="7.068843">
        <ele>2557.8</ele>
        <time>2026-08-05T05:11:13Z</time>
      </trkpt>
      <trkpt lat="44.231862" lon="7.068781">
        <ele>2557.4</ele>
        <time>2026-08-05T05:11:19Z</time>
      </trkpt>
      <trkpt lat="44.23183" lon="7.068721">
        <ele>2557.4</ele>
        <time>2026-08-05T05:11:26Z</time>
      </trkpt>
      <trkpt lat="44.231817" lon="7.068646">
        <ele>2557.6</ele>
        <time>2026-08-05T05:11:33Z</time>
      </trkpt>
      <trkpt lat="44.231774" lon="7.068567">
        <ele>2557.6</ele>
        <time>2026-08-05T05:11:40Z</time>
      </trkpt>
      <trkpt lat="44.231747" lon="7.068531">
        <ele>2557.4</ele>
        <time>2026-08-05T05:11:44Z</time>
      </trkpt>
      <trkpt lat="44.231728" lon="7.068515">
        <ele>2557.4</ele>
        <time>2026-08-05T05:11:48Z</time>
      </trkpt>
      <trkpt lat="44.23169" lon="7.068434">
        <ele>2558.2</ele>
        <time>2026-08-05T05:11:56Z</time>
      </trkpt>
      <trkpt lat="44.231673" lon="7.068377">
        <ele>2559.0</ele>
        <time>2026-08-05T05:12:01Z</time>
      </trkpt>
      <trkpt lat="44.231646" lon="7.068322">
        <ele>2559.8</ele>
        <time>2026-08-05T05:12:05Z</time>
      </trkpt>
      <trkpt lat="44.231626" lon="7.068291">
        <ele>2560.0</ele>
        <time>2026-08-05T05:12:09Z</time>
      </trkpt>
      <trkpt lat="44.23161" lon="7.068259">
        <ele>2560.8</ele>
        <time>2026-08-05T05:12:13Z</time>
      </trkpt>
      <trkpt lat="44.231596" lon="7.068234">
        <ele>2561.2</ele>
        <time>2026-08-05T05:12:15Z</time>
      </trkpt>
      <trkpt lat="44.231578" lon="7.068179">
        <ele>2561.6</ele>
        <time>2026-08-05T05:12:20Z</time>
      </trkpt>
      <trkpt lat="44.231557" lon="7.068134">
        <ele>2562.4</ele>
        <time>2026-08-05T05:12:24Z</time>
      </trkpt>
      <trkpt lat="44.231516" lon="7.06806">
        <ele>2563.2</ele>
        <time>2026-08-05T05:12:31Z</time>
      </trkpt>
      <trkpt lat="44.231512" lon="7.068053">
        <ele>2563.4</ele>
        <time>2026-08-05T05:12:32Z</time>
      </trkpt>
      <trkpt lat="44.23145" lon="7.067966">
        <ele>2564.2</ele>
        <time>2026-08-05T05:12:41Z</time>
      </trkpt>
      <trkpt lat="44.231443" lon="7.067956">
        <ele>2564.4</ele>
        <time>2026-08-05T05:12:42Z</time>
      </trkpt>
      <trkpt lat="44.23141" lon="7.067891">
        <ele>2565.6</ele>
        <time>2026-08-05T05:12:48Z</time>
      </trkpt>
      <trkpt lat="44.231352" lon="7.067808">
        <ele>2566.2</ele>
        <time>2026-08-05T05:12:56Z</time>
      </trkpt>
      <trkpt lat="44.231324" lon="7.067766">
        <ele>2566.6</ele>
        <time>2026-08-05T05:13:01Z</time>
      </trkpt>
      <trkpt lat="44.231305" lon="7.067743">
        <ele>2567.0</ele>
        <time>2026-08-05T05:13:04Z</time>
      </trkpt>
      <trkpt lat="44.231272" lon="7.067677">
        <ele>2567.6</ele>
        <time>2026-08-05T05:13:10Z</time>
      </trkpt>
      <trkpt lat="44.231257" lon="7.067664">
        <ele>2567.8</ele>
        <time>2026-08-05T05:13:12Z</time>
      </trkpt>
      <trkpt lat="44.231212" lon="7.067633">
        <ele>2567.8</ele>
        <time>2026-08-05T05:13:19Z</time>
      </trkpt>
      <trkpt lat="44.231208" lon="7.067625">
        <ele>2568.0</ele>
        <time>2026-08-05T05:13:24Z</time>
      </trkpt>
      <trkpt lat="44.231209" lon="7.067621">
        <ele>2568.0</ele>
        <time>2026-08-05T05:13:26Z</time>
      </trkpt>
      <trkpt lat="44.231205" lon="7.067611">
        <ele>2567.8</ele>
        <time>2026-08-05T05:13:30Z</time>
      </trkpt>
      <trkpt lat="44.231233" lon="7.067629">
        <ele>2567.8</ele>
        <time>2026-08-05T05:13:40Z</time>
      </trkpt>
      <trkpt lat="44.231231" lon="7.067644">
        <ele>2568.0</ele>
        <time>2026-08-05T05:13:46Z</time>
      </trkpt>
      <trkpt lat="44.23123" lon="7.067649">
        <ele>2568.0</ele>
        <time>2026-08-05T05:13:48Z</time>
      </trkpt>
      <trkpt lat="44.231207" lon="7.067648">
        <ele>2567.6</ele>
        <time>2026-08-05T05:13:56Z</time>
      </trkpt>
      <trkpt lat="44.231185" lon="7.067639">
        <ele>2567.6</ele>
        <time>2026-08-05T05:14:06Z</time>
      </trkpt>
      <trkpt lat="44.231134" lon="7.067619">
        <ele>2568.8</ele>
        <time>2026-08-05T05:14:15Z</time>
      </trkpt>
      <trkpt lat="44.231128" lon="7.067609">
        <ele>2569.2</ele>
        <time>2026-08-05T05:14:25Z</time>
      </trkpt>
      <trkpt lat="44.231121" lon="7.06761">
        <ele>2569.8</ele>
        <time>2026-08-05T05:14:33Z</time>
      </trkpt>
      <trkpt lat="44.231119" lon="7.067609">
        <ele>2569.8</ele>
        <time>2026-08-05T05:14:34Z</time>
      </trkpt>
      <trkpt lat="44.231111" lon="7.067607">
        <ele>2569.8</ele>
        <time>2026-08-05T05:14:36Z</time>
      </trkpt>
      <trkpt lat="44.231102" lon="7.067607">
        <ele>2569.8</ele>
        <time>2026-08-05T05:14:38Z</time>
      </trkpt>
      <trkpt lat="44.231098" lon="7.067618">
        <ele>2569.6</ele>
        <time>2026-08-05T05:14:45Z</time>
      </trkpt>
      <trkpt lat="44.231119" lon="7.067619">
        <ele>2569.4</ele>
        <time>2026-08-05T05:14:54Z</time>
      </trkpt>
      <trkpt lat="44.231097" lon="7.067598">
        <ele>2569.2</ele>
        <time>2026-08-05T05:15:02Z</time>
      </trkpt>
      <trkpt lat="44.231146" lon="7.06764">
        <ele>2569.2</ele>
        <time>2026-08-05T05:15:11Z</time>
      </trkpt>
      <trkpt lat="44.231152" lon="7.067647">
        <ele>2569.2</ele>
        <time>2026-08-05T05:15:12Z</time>
      </trkpt>
      <trkpt lat="44.231089" lon="7.067626">
        <ele>2569.4</ele>
        <time>2026-08-05T05:15:19Z</time>
      </trkpt>
      <trkpt lat="44.231088" lon="7.067631">
        <ele>2569.2</ele>
        <time>2026-08-05T05:15:27Z</time>
      </trkpt>
      <trkpt lat="44.231063" lon="7.067655">
        <ele>2569.8</ele>
        <time>2026-08-05T05:15:35Z</time>
      </trkpt>
      <trkpt lat="44.231021" lon="7.067635">
        <ele>2570.4</ele>
        <time>2026-08-05T05:15:39Z</time>
      </trkpt>
      <trkpt lat="44.23101" lon="7.067622">
        <ele>2571.0</ele>
        <time>2026-08-05T05:15:41Z</time>
      </trkpt>
      <trkpt lat="44.231006" lon="7.067617">
        <ele>2571.0</ele>
        <time>2026-08-05T05:15:42Z</time>
      </trkpt>
      <trkpt lat="44.231003" lon="7.067611">
        <ele>2571.2</ele>
        <time>2026-08-05T05:15:43Z</time>
      </trkpt>
      <trkpt lat="44.231" lon="7.067601">
        <ele>2572.0</ele>
        <time>2026-08-05T05:15:51Z</time>
      </trkpt>
      <trkpt lat="44.231001" lon="7.067604">
        <ele>2572.0</ele>
        <time>2026-08-05T05:15:52Z</time>
      </trkpt>
      <trkpt lat="44.23097" lon="7.067597">
        <ele>2572.0</ele>
        <time>2026-08-05T05:16:01Z</time>
      </trkpt>
      <trkpt lat="44.230938" lon="7.067599">
        <ele>2572.2</ele>
        <time>2026-08-05T05:16:10Z</time>
      </trkpt>
      <trkpt lat="44.230888" lon="7.067567">
        <ele>2572.6</ele>
        <time>2026-08-05T05:16:20Z</time>
      </trkpt>
      <trkpt lat="44.230878" lon="7.067561">
        <ele>2572.8</ele>
        <time>2026-08-05T05:16:22Z</time>
      </trkpt>
      <trkpt lat="44.230867" lon="7.067549">
        <ele>2573.0</ele>
        <time>2026-08-05T05:16:24Z</time>
      </trkpt>
      <trkpt lat="44.230845" lon="7.067504">
        <ele>2573.6</ele>
        <time>2026-08-05T05:16:29Z</time>
      </trkpt>
      <trkpt lat="44.230831" lon="7.06747">
        <ele>2574.2</ele>
        <time>2026-08-05T05:16:34Z</time>
      </trkpt>
      <trkpt lat="44.23082" lon="7.06747">
        <ele>2574.4</ele>
        <time>2026-08-05T05:16:36Z</time>
      </trkpt>
      <trkpt lat="44.230802" lon="7.067464">
        <ele>2574.8</ele>
        <time>2026-08-05T05:16:39Z</time>
      </trkpt>
      <trkpt lat="44.23078" lon="7.067468">
        <ele>2575.2</ele>
        <time>2026-08-05T05:16:42Z</time>
      </trkpt>
      <trkpt lat="44.230745" lon="7.067469">
        <ele>2576.2</ele>
        <time>2026-08-05T05:16:46Z</time>
      </trkpt>
      <trkpt lat="44.230738" lon="7.067467">
        <ele>2576.2</ele>
        <time>2026-08-05T05:16:47Z</time>
      </trkpt>
      <trkpt lat="44.230711" lon="7.06745">
        <ele>2577.4</ele>
        <time>2026-08-05T05:16:53Z</time>
      </trkpt>
      <trkpt lat="44.230698" lon="7.067452">
        <ele>2577.6</ele>
        <time>2026-08-05T05:16:55Z</time>
      </trkpt>
      <trkpt lat="44.230679" lon="7.067465">
        <ele>2578.4</ele>
        <time>2026-08-05T05:16:59Z</time>
      </trkpt>
      <trkpt lat="44.230667" lon="7.067443">
        <ele>2579.2</ele>
        <time>2026-08-05T05:17:03Z</time>
      </trkpt>
      <trkpt lat="44.230665" lon="7.067436">
        <ele>2579.4</ele>
        <time>2026-08-05T05:17:04Z</time>
      </trkpt>
      <trkpt lat="44.230642" lon="7.067407">
        <ele>2580.4</ele>
        <time>2026-08-05T05:17:11Z</time>
      </trkpt>
      <trkpt lat="44.230639" lon="7.067406">
        <ele>2580.6</ele>
        <time>2026-08-05T05:17:12Z</time>
      </trkpt>
      <trkpt lat="44.230593" lon="7.067408">
        <ele>2581.6</ele>
        <time>2026-08-05T05:17:18Z</time>
      </trkpt>
      <trkpt lat="44.230568" lon="7.067393">
        <ele>2582.6</ele>
        <time>2026-08-05T05:17:23Z</time>
      </trkpt>
      <trkpt lat="44.23056" lon="7.06739">
        <ele>2582.6</ele>
        <time>2026-08-05T05:17:24Z</time>
      </trkpt>
      <trkpt lat="44.23055" lon="7.067376">
        <ele>2583.0</ele>
        <time>2026-08-05T05:17:26Z</time>
      </trkpt>
      <trkpt lat="44.23054" lon="7.067352">
        <ele>2583.8</ele>
        <time>2026-08-05T05:17:32Z</time>
      </trkpt>
      <trkpt lat="44.230532" lon="7.067335">
        <ele>2584.0</ele>
        <time>2026-08-05T05:17:34Z</time>
      </trkpt>
      <trkpt lat="44.230503" lon="7.067304">
        <ele>2585.0</ele>
        <time>2026-08-05T05:17:39Z</time>
      </trkpt>
      <trkpt lat="44.230473" lon="7.067279">
        <ele>2585.8</ele>
        <time>2026-08-05T05:17:44Z</time>
      </trkpt>
      <trkpt lat="44.230469" lon="7.067275">
        <ele>2586.0</ele>
        <time>2026-08-05T05:17:45Z</time>
      </trkpt>
      <trkpt lat="44.230452" lon="7.067265">
        <ele>2586.4</ele>
        <time>2026-08-05T05:17:49Z</time>
      </trkpt>
      <trkpt lat="44.230434" lon="7.06726">
        <ele>2586.8</ele>
        <time>2026-08-05T05:17:52Z</time>
      </trkpt>
      <trkpt lat="44.230422" lon="7.067253">
        <ele>2587.2</ele>
        <time>2026-08-05T05:17:54Z</time>
      </trkpt>
      <trkpt lat="44.230401" lon="7.067223">
        <ele>2588.0</ele>
        <time>2026-08-05T05:18:00Z</time>
      </trkpt>
      <trkpt lat="44.230399" lon="7.067217">
        <ele>2588.2</ele>
        <time>2026-08-05T05:18:01Z</time>
      </trkpt>
      <trkpt lat="44.230377" lon="7.067196">
        <ele>2588.8</ele>
        <time>2026-08-05T05:18:05Z</time>
      </trkpt>
      <trkpt lat="44.23037" lon="7.0672">
        <ele>2589.2</ele>
        <time>2026-08-05T05:18:07Z</time>
      </trkpt>
      <trkpt lat="44.230364" lon="7.067202">
        <ele>2589.4</ele>
        <time>2026-08-05T05:18:08Z</time>
      </trkpt>
      <trkpt lat="44.230323" lon="7.067202">
        <ele>2590.6</ele>
        <time>2026-08-05T05:18:13Z</time>
      </trkpt>
      <trkpt lat="44.230304" lon="7.06719">
        <ele>2591.0</ele>
        <time>2026-08-05T05:18:16Z</time>
      </trkpt>
      <trkpt lat="44.230275" lon="7.067151">
        <ele>2591.6</ele>
        <time>2026-08-05T05:18:21Z</time>
      </trkpt>
      <trkpt lat="44.230241" lon="7.067127">
        <ele>2591.8</ele>
        <time>2026-08-05T05:18:25Z</time>
      </trkpt>
      <trkpt lat="44.230192" lon="7.067127">
        <ele>2592.6</ele>
        <time>2026-08-05T05:18:31Z</time>
      </trkpt>
      <trkpt lat="44.230176" lon="7.067128">
        <ele>2592.8</ele>
        <time>2026-08-05T05:18:34Z</time>
      </trkpt>
      <trkpt lat="44.23014" lon="7.067116">
        <ele>2593.8</ele>
        <time>2026-08-05T05:18:39Z</time>
      </trkpt>
      <trkpt lat="44.230131" lon="7.067096">
        <ele>2594.2</ele>
        <time>2026-08-05T05:18:42Z</time>
      </trkpt>
      <trkpt lat="44.230134" lon="7.067054">
        <ele>2594.8</ele>
        <time>2026-08-05T05:18:46Z</time>
      </trkpt>
      <trkpt lat="44.230129" lon="7.067037">
        <ele>2595.4</ele>
        <time>2026-08-05T05:18:49Z</time>
      </trkpt>
      <trkpt lat="44.230116" lon="7.067009">
        <ele>2595.8</ele>
        <time>2026-08-05T05:18:52Z</time>
      </trkpt>
      <trkpt lat="44.2301" lon="7.067">
        <ele>2596.6</ele>
        <time>2026-08-05T05:18:56Z</time>
      </trkpt>
      <trkpt lat="44.230086" lon="7.066984">
        <ele>2597.0</ele>
        <time>2026-08-05T05:18:58Z</time>
      </trkpt>
      <trkpt lat="44.230069" lon="7.06697">
        <ele>2597.4</ele>
        <time>2026-08-05T05:19:02Z</time>
      </trkpt>
      <trkpt lat="44.230059" lon="7.066963">
        <ele>2598.0</ele>
        <time>2026-08-05T05:19:05Z</time>
      </trkpt>
      <trkpt lat="44.229999" lon="7.066957">
        <ele>2599.0</ele>
        <time>2026-08-05T05:19:12Z</time>
      </trkpt>
      <trkpt lat="44.22996" lon="7.06695">
        <ele>2599.6</ele>
        <time>2026-08-05T05:19:17Z</time>
      </trkpt>
      <trkpt lat="44.229954" lon="7.066944">
        <ele>2600.2</ele>
        <time>2026-08-05T05:19:20Z</time>
      </trkpt>
      <trkpt lat="44.22995" lon="7.066942">
        <ele>2600.4</ele>
        <time>2026-08-05T05:19:21Z</time>
      </trkpt>
      <trkpt lat="44.22994" lon="7.066947">
        <ele>2600.8</ele>
        <time>2026-08-05T05:19:23Z</time>
      </trkpt>
      <trkpt lat="44.22993" lon="7.066957">
        <ele>2601.2</ele>
        <time>2026-08-05T05:19:25Z</time>
      </trkpt>
      <trkpt lat="44.229896" lon="7.066966">
        <ele>2601.8</ele>
        <time>2026-08-05T05:19:29Z</time>
      </trkpt>
      <trkpt lat="44.229852" lon="7.066995">
        <ele>2602.2</ele>
        <time>2026-08-05T05:19:34Z</time>
      </trkpt>
      <trkpt lat="44.229829" lon="7.067003">
        <ele>2602.4</ele>
        <time>2026-08-05T05:19:37Z</time>
      </trkpt>
      <trkpt lat="44.229796" lon="7.066976">
        <ele>2603.2</ele>
        <time>2026-08-05T05:19:43Z</time>
      </trkpt>
      <trkpt lat="44.229782" lon="7.066956">
        <ele>2603.8</ele>
        <time>2026-08-05T05:19:46Z</time>
      </trkpt>
      <trkpt lat="44.229775" lon="7.066955">
        <ele>2604.2</ele>
        <time>2026-08-05T05:19:49Z</time>
      </trkpt>
      <trkpt lat="44.229755" lon="7.066959">
        <ele>2604.8</ele>
        <time>2026-08-05T05:19:55Z</time>
      </trkpt>
      <trkpt lat="44.22973" lon="7.066978">
        <ele>2605.4</ele>
        <time>2026-08-05T05:19:59Z</time>
      </trkpt>
      <trkpt lat="44.229696" lon="7.066999">
        <ele>2606.2</ele>
        <time>2026-08-05T05:20:04Z</time>
      </trkpt>
      <trkpt lat="44.229689" lon="7.067004">
        <ele>2606.4</ele>
        <time>2026-08-05T05:20:05Z</time>
      </trkpt>
      <trkpt lat="44.229678" lon="7.067036">
        <ele>2607.4</ele>
        <time>2026-08-05T05:20:12Z</time>
      </trkpt>
      <trkpt lat="44.229676" lon="7.067041">
        <ele>2607.6</ele>
        <time>2026-08-05T05:20:13Z</time>
      </trkpt>
      <trkpt lat="44.229659" lon="7.067068">
        <ele>2608.2</ele>
        <time>2026-08-05T05:20:17Z</time>
      </trkpt>
      <trkpt lat="44.229656" lon="7.067077">
        <ele>2608.4</ele>
        <time>2026-08-05T05:20:19Z</time>
      </trkpt>
      <trkpt lat="44.229631" lon="7.067081">
        <ele>2609.2</ele>
        <time>2026-08-05T05:20:23Z</time>
      </trkpt>
      <trkpt lat="44.22961" lon="7.067092">
        <ele>2609.6</ele>
        <time>2026-08-05T05:20:25Z</time>
      </trkpt>
      <trkpt lat="44.229567" lon="7.067122">
        <ele>2610.2</ele>
        <time>2026-08-05T05:20:30Z</time>
      </trkpt>
      <trkpt lat="44.229546" lon="7.067127">
        <ele>2610.6</ele>
        <time>2026-08-05T05:20:33Z</time>
      </trkpt>
      <trkpt lat="44.229497" lon="7.06714">
        <ele>2611.6</ele>
        <time>2026-08-05T05:20:40Z</time>
      </trkpt>
      <trkpt lat="44.229466" lon="7.067161">
        <ele>2612.8</ele>
        <time>2026-08-05T05:20:46Z</time>
      </trkpt>
      <trkpt lat="44.229452" lon="7.067174">
        <ele>2613.4</ele>
        <time>2026-08-05T05:20:49Z</time>
      </trkpt>
      <trkpt lat="44.229444" lon="7.067178">
        <ele>2613.8</ele>
        <time>2026-08-05T05:20:51Z</time>
      </trkpt>
      <trkpt lat="44.229429" lon="7.0672">
        <ele>2615.0</ele>
        <time>2026-08-05T05:20:57Z</time>
      </trkpt>
      <trkpt lat="44.22939" lon="7.067198">
        <ele>2616.2</ele>
        <time>2026-08-05T05:21:03Z</time>
      </trkpt>
      <trkpt lat="44.229383" lon="7.067197">
        <ele>2616.6</ele>
        <time>2026-08-05T05:21:06Z</time>
      </trkpt>
      <trkpt lat="44.229376" lon="7.067194">
        <ele>2617.2</ele>
        <time>2026-08-05T05:21:10Z</time>
      </trkpt>
      <trkpt lat="44.229341" lon="7.067192">
        <ele>2618.4</ele>
        <time>2026-08-05T05:21:16Z</time>
      </trkpt>
      <trkpt lat="44.2293" lon="7.067216">
        <ele>2619.4</ele>
        <time>2026-08-05T05:21:23Z</time>
      </trkpt>
      <trkpt lat="44.229299" lon="7.067217">
        <ele>2619.4</ele>
        <time>2026-08-05T05:21:24Z</time>
      </trkpt>
      <trkpt lat="44.22931" lon="7.067219">
        <ele>2619.4</ele>
        <time>2026-08-05T05:21:29Z</time>
      </trkpt>
      <trkpt lat="44.229315" lon="7.067217">
        <ele>2619.2</ele>
        <time>2026-08-05T05:21:30Z</time>
      </trkpt>
      <trkpt lat="44.229328" lon="7.067214">
        <ele>2619.2</ele>
        <time>2026-08-05T05:21:34Z</time>
      </trkpt>
      <trkpt lat="44.229287" lon="7.067236">
        <ele>2619.8</ele>
        <time>2026-08-05T05:21:40Z</time>
      </trkpt>
      <trkpt lat="44.229273" lon="7.067234">
        <ele>2620.4</ele>
        <time>2026-08-05T05:21:42Z</time>
      </trkpt>
      <trkpt lat="44.229266" lon="7.067235">
        <ele>2620.6</ele>
        <time>2026-08-05T05:21:43Z</time>
      </trkpt>
      <trkpt lat="44.22923" lon="7.067231">
        <ele>2621.8</ele>
        <time>2026-08-05T05:21:48Z</time>
      </trkpt>
      <trkpt lat="44.22922" lon="7.067221">
        <ele>2622.4</ele>
        <time>2026-08-05T05:21:51Z</time>
      </trkpt>
      <trkpt lat="44.229213" lon="7.067211">
        <ele>2622.8</ele>
        <time>2026-08-05T05:21:53Z</time>
      </trkpt>
      <trkpt lat="44.229201" lon="7.067205">
        <ele>2623.6</ele>
        <time>2026-08-05T05:21:59Z</time>
      </trkpt>
      <trkpt lat="44.229195" lon="7.067203">
        <ele>2624.0</ele>
        <time>2026-08-05T05:22:01Z</time>
      </trkpt>
      <trkpt lat="44.229191" lon="7.067195">
        <ele>2624.2</ele>
        <time>2026-08-05T05:22:04Z</time>
      </trkpt>
      <trkpt lat="44.229181" lon="7.067166">
        <ele>2624.6</ele>
        <time>2026-08-05T05:22:08Z</time>
      </trkpt>
      <trkpt lat="44.22918" lon="7.067147">
        <ele>2625.2</ele>
        <time>2026-08-05T05:22:11Z</time>
      </trkpt>
      <trkpt lat="44.229169" lon="7.067094">
        <ele>2625.8</ele>
        <time>2026-08-05T05:22:16Z</time>
      </trkpt>
      <trkpt lat="44.22916" lon="7.067083">
        <ele>2626.2</ele>
        <time>2026-08-05T05:22:18Z</time>
      </trkpt>
      <trkpt lat="44.229153" lon="7.067083">
        <ele>2626.2</ele>
        <time>2026-08-05T05:22:19Z</time>
      </trkpt>
      <trkpt lat="44.229117" lon="7.067053">
        <ele>2627.4</ele>
        <time>2026-08-05T05:22:25Z</time>
      </trkpt>
      <trkpt lat="44.22911" lon="7.067">
        <ele>2628.6</ele>
        <time>2026-08-05T05:22:33Z</time>
      </trkpt>
      <trkpt lat="44.229113" lon="7.066978">
        <ele>2629.0</ele>
        <time>2026-08-05T05:22:35Z</time>
      </trkpt>
      <trkpt lat="44.22912" lon="7.066957">
        <ele>2629.6</ele>
        <time>2026-08-05T05:22:38Z</time>
      </trkpt>
      <trkpt lat="44.229118" lon="7.066943">
        <ele>2630.2</ele>
        <time>2026-08-05T05:22:43Z</time>
      </trkpt>
      <trkpt lat="44.229104" lon="7.06693">
        <ele>2631.0</ele>
        <time>2026-08-05T05:22:46Z</time>
      </trkpt>
      <trkpt lat="44.229069" lon="7.066894">
        <ele>2631.6</ele>
        <time>2026-08-05T05:22:51Z</time>
      </trkpt>
      <trkpt lat="44.229061" lon="7.06688">
        <ele>2632.0</ele>
        <time>2026-08-05T05:22:53Z</time>
      </trkpt>
      <trkpt lat="44.229055" lon="7.066862">
        <ele>2632.8</ele>
        <time>2026-08-05T05:22:58Z</time>
      </trkpt>
      <trkpt lat="44.229048" lon="7.066859">
        <ele>2633.0</ele>
        <time>2026-08-05T05:22:59Z</time>
      </trkpt>
      <trkpt lat="44.229006" lon="7.06684">
        <ele>2634.2</ele>
        <time>2026-08-05T05:23:06Z</time>
      </trkpt>
      <trkpt lat="44.228993" lon="7.06677">
        <ele>2635.0</ele>
        <time>2026-08-05T05:23:14Z</time>
      </trkpt>
      <trkpt lat="44.228992" lon="7.066761">
        <ele>2635.2</ele>
        <time>2026-08-05T05:23:15Z</time>
      </trkpt>
      <trkpt lat="44.228997" lon="7.066751">
        <ele>2636.0</ele>
        <time>2026-08-05T05:23:19Z</time>
      </trkpt>
      <trkpt lat="44.228988" lon="7.066742">
        <ele>2636.4</ele>
        <time>2026-08-05T05:23:22Z</time>
      </trkpt>
      <trkpt lat="44.228967" lon="7.066732">
        <ele>2637.0</ele>
        <time>2026-08-05T05:23:27Z</time>
      </trkpt>
      <trkpt lat="44.228946" lon="7.066717">
        <ele>2637.4</ele>
        <time>2026-08-05T05:23:30Z</time>
      </trkpt>
      <trkpt lat="44.228939" lon="7.06671">
        <ele>2637.6</ele>
        <time>2026-08-05T05:23:31Z</time>
      </trkpt>
      <trkpt lat="44.228911" lon="7.06666">
        <ele>2638.4</ele>
        <time>2026-08-05T05:23:37Z</time>
      </trkpt>
      <trkpt lat="44.228912" lon="7.066654">
        <ele>2638.6</ele>
        <time>2026-08-05T05:23:38Z</time>
      </trkpt>
      <trkpt lat="44.228915" lon="7.066646">
        <ele>2639.0</ele>
        <time>2026-08-05T05:23:40Z</time>
      </trkpt>
      <trkpt lat="44.228926" lon="7.066624">
        <ele>2639.6</ele>
        <time>2026-08-05T05:23:44Z</time>
      </trkpt>
      <trkpt lat="44.228927" lon="7.0666">
        <ele>2640.0</ele>
        <time>2026-08-05T05:23:48Z</time>
      </trkpt>
      <trkpt lat="44.228925" lon="7.066586">
        <ele>2640.2</ele>
        <time>2026-08-05T05:23:50Z</time>
      </trkpt>
      <trkpt lat="44.22892" lon="7.066559">
        <ele>2640.6</ele>
        <time>2026-08-05T05:23:54Z</time>
      </trkpt>
      <trkpt lat="44.228923" lon="7.066564">
        <ele>2641.0</ele>
        <time>2026-08-05T05:23:56Z</time>
      </trkpt>
      <trkpt lat="44.228926" lon="7.066595">
        <ele>2641.8</ele>
        <time>2026-08-05T05:24:01Z</time>
      </trkpt>
      <trkpt lat="44.228911" lon="7.066589">
        <ele>2642.0</ele>
        <time>2026-08-05T05:24:03Z</time>
      </trkpt>
      <trkpt lat="44.228918" lon="7.066616">
        <ele>2642.8</ele>
        <time>2026-08-05T05:24:10Z</time>
      </trkpt>
      <trkpt lat="44.22892" lon="7.066618">
        <ele>2642.8</ele>
        <time>2026-08-05T05:24:11Z</time>
      </trkpt>
      <trkpt lat="44.228886" lon="7.066616">
        <ele>2643.4</ele>
        <time>2026-08-05T05:24:17Z</time>
      </trkpt>
      <trkpt lat="44.228861" lon="7.066606">
        <ele>2643.8</ele>
        <time>2026-08-05T05:24:20Z</time>
      </trkpt>
      <trkpt lat="44.228829" lon="7.066597">
        <ele>2644.2</ele>
        <time>2026-08-05T05:24:24Z</time>
      </trkpt>
      <trkpt lat="44.228832" lon="7.066599">
        <ele>2644.4</ele>
        <time>2026-08-05T05:24:26Z</time>
      </trkpt>
      <trkpt lat="44.22885" lon="7.066595">
        <ele>2644.8</ele>
        <time>2026-08-05T05:24:32Z</time>
      </trkpt>
      <trkpt lat="44.22886" lon="7.066596">
        <ele>2644.8</ele>
        <time>2026-08-05T05:24:34Z</time>
      </trkpt>
      <trkpt lat="44.228862" lon="7.066612">
        <ele>2645.2</ele>
        <time>2026-08-05T05:24:41Z</time>
      </trkpt>
      <trkpt lat="44.22884" lon="7.066613">
        <ele>2645.2</ele>
        <time>2026-08-05T05:24:47Z</time>
      </trkpt>
      <trkpt lat="44.228825" lon="7.066601">
        <ele>2645.2</ele>
        <time>2026-08-05T05:24:53Z</time>
      </trkpt>
      <trkpt lat="44.228832" lon="7.066608">
        <ele>2645.0</ele>
        <time>2026-08-05T05:24:56Z</time>
      </trkpt>
      <trkpt lat="44.228824" lon="7.066618">
        <ele>2645.8</ele>
        <time>2026-08-05T05:25:07Z</time>
      </trkpt>
      <trkpt lat="44.228824" lon="7.066615">
        <ele>2646.0</ele>
        <time>2026-08-05T05:25:08Z</time>
      </trkpt>
      <trkpt lat="44.228836" lon="7.066603">
        <ele>2646.6</ele>
        <time>2026-08-05T05:25:14Z</time>
      </trkpt>
      <trkpt lat="44.22884" lon="7.066604">
        <ele>2647.0</ele>
        <time>2026-08-05T05:25:16Z</time>
      </trkpt>
      <trkpt lat="44.228838" lon="7.066631">
        <ele>2648.2</ele>
        <time>2026-08-05T05:25:24Z</time>
      </trkpt>
      <trkpt lat="44.228822" lon="7.066625">
        <ele>2648.6</ele>
        <time>2026-08-05T05:25:26Z</time>
      </trkpt>
      <trkpt lat="44.228791" lon="7.066632">
        <ele>2649.2</ele>
        <time>2026-08-05T05:25:30Z</time>
      </trkpt>
      <trkpt lat="44.228746" lon="7.06665">
        <ele>2649.8</ele>
        <time>2026-08-05T05:25:34Z</time>
      </trkpt>
      <trkpt lat="44.228699" lon="7.066672">
        <ele>2650.0</ele>
        <time>2026-08-05T05:25:42Z</time>
      </trkpt>
      <trkpt lat="44.228708" lon="7.06667">
        <ele>2650.0</ele>
        <time>2026-08-05T05:25:43Z</time>
      </trkpt>
      <trkpt lat="44.228744" lon="7.066646">
        <ele>2650.0</ele>
        <time>2026-08-05T05:25:49Z</time>
      </trkpt>
      <trkpt lat="44.228715" lon="7.06665">
        <ele>2650.0</ele>
        <time>2026-08-05T05:25:55Z</time>
      </trkpt>
      <trkpt lat="44.228735" lon="7.066646">
        <ele>2650.2</ele>
        <time>2026-08-05T05:26:01Z</time>
      </trkpt>
      <trkpt lat="44.228738" lon="7.066648">
        <ele>2650.4</ele>
        <time>2026-08-05T05:26:02Z</time>
      </trkpt>
      <trkpt lat="44.228737" lon="7.06663">
        <ele>2651.2</ele>
        <time>2026-08-05T05:26:08Z</time>
      </trkpt>
      <trkpt lat="44.228728" lon="7.066658">
        <ele>2651.6</ele>
        <time>2026-08-05T05:26:14Z</time>
      </trkpt>
      <trkpt lat="44.228717" lon="7.066651">
        <ele>2652.0</ele>
        <time>2026-08-05T05:26:16Z</time>
      </trkpt>
      <trkpt lat="44.228698" lon="7.066614">
        <ele>2652.6</ele>
        <time>2026-08-05T05:26:20Z</time>
      </trkpt>
      <trkpt lat="44.228697" lon="7.066601">
        <ele>2652.8</ele>
        <time>2026-08-05T05:26:23Z</time>
      </trkpt>
      <trkpt lat="44.228683" lon="7.066625">
        <ele>2653.6</ele>
        <time>2026-08-05T05:26:31Z</time>
      </trkpt>
      <trkpt lat="44.228678" lon="7.066623">
        <ele>2653.8</ele>
        <time>2026-08-05T05:26:32Z</time>
      </trkpt>
      <trkpt lat="44.228653" lon="7.066605">
        <ele>2654.8</ele>
        <time>2026-08-05T05:26:40Z</time>
      </trkpt>
      <trkpt lat="44.228636" lon="7.066553">
        <ele>2656.0</ele>
        <time>2026-08-05T05:26:48Z</time>
      </trkpt>
      <trkpt lat="44.228641" lon="7.066533">
        <ele>2656.8</ele>
        <time>2026-08-05T05:26:56Z</time>
      </trkpt>
      <trkpt lat="44.228638" lon="7.066537">
        <ele>2657.2</ele>
        <time>2026-08-05T05:27:00Z</time>
      </trkpt>
      <trkpt lat="44.22862" lon="7.066534">
        <ele>2658.2</ele>
        <time>2026-08-05T05:27:04Z</time>
      </trkpt>
      <trkpt lat="44.228613" lon="7.06653">
        <ele>2658.8</ele>
        <time>2026-08-05T05:27:06Z</time>
      </trkpt>
      <trkpt lat="44.228609" lon="7.066511">
        <ele>2659.4</ele>
        <time>2026-08-05T05:27:09Z</time>
      </trkpt>
      <trkpt lat="44.228614" lon="7.066478">
        <ele>2660.2</ele>
        <time>2026-08-05T05:27:15Z</time>
      </trkpt>
      <trkpt lat="44.228609" lon="7.06648">
        <ele>2660.4</ele>
        <time>2026-08-05T05:27:17Z</time>
      </trkpt>
      <trkpt lat="44.228586" lon="7.066476">
        <ele>2661.2</ele>
        <time>2026-08-05T05:27:22Z</time>
      </trkpt>
      <trkpt lat="44.228575" lon="7.066453">
        <ele>2661.4</ele>
        <time>2026-08-05T05:27:25Z</time>
      </trkpt>
      <trkpt lat="44.228574" lon="7.066433">
        <ele>2661.8</ele>
        <time>2026-08-05T05:27:29Z</time>
      </trkpt>
      <trkpt lat="44.228578" lon="7.066417">
        <ele>2662.6</ele>
        <time>2026-08-05T05:27:33Z</time>
      </trkpt>
      <trkpt lat="44.228569" lon="7.066406">
        <ele>2663.6</ele>
        <time>2026-08-05T05:27:39Z</time>
      </trkpt>
      <trkpt lat="44.228563" lon="7.066404">
        <ele>2663.6</ele>
        <time>2026-08-05T05:27:40Z</time>
      </trkpt>
      <trkpt lat="44.228537" lon="7.06638">
        <ele>2664.6</ele>
        <time>2026-08-05T05:27:48Z</time>
      </trkpt>
      <trkpt lat="44.228525" lon="7.06635">
        <ele>2665.8</ele>
        <time>2026-08-05T05:27:53Z</time>
      </trkpt>
      <trkpt lat="44.228515" lon="7.066319">
        <ele>2667.0</ele>
        <time>2026-08-05T05:27:57Z</time>
      </trkpt>
      <trkpt lat="44.228512" lon="7.066288">
        <ele>2668.2</ele>
        <time>2026-08-05T05:28:01Z</time>
      </trkpt>
      <trkpt lat="44.2285" lon="7.066231">
        <ele>2669.0</ele>
        <time>2026-08-05T05:28:06Z</time>
      </trkpt>
      <trkpt lat="44.228497" lon="7.066226">
        <ele>2669.2</ele>
        <time>2026-08-05T05:28:07Z</time>
      </trkpt>
      <trkpt lat="44.228509" lon="7.06619">
        <ele>2669.6</ele>
        <time>2026-08-05T05:28:13Z</time>
      </trkpt>
      <trkpt lat="44.228521" lon="7.06621">
        <ele>2669.4</ele>
        <time>2026-08-05T05:28:24Z</time>
      </trkpt>
      <trkpt lat="44.228512" lon="7.066221">
        <ele>2669.4</ele>
        <time>2026-08-05T05:28:31Z</time>
      </trkpt>
      <trkpt lat="44.228515" lon="7.066214">
        <ele>2669.0</ele>
        <time>2026-08-05T05:28:33Z</time>
      </trkpt>
      <trkpt lat="44.228496" lon="7.066223">
        <ele>2668.4</ele>
        <time>2026-08-05T05:28:41Z</time>
      </trkpt>
      <trkpt lat="44.228497" lon="7.066225">
        <ele>2668.2</ele>
        <time>2026-08-05T05:28:42Z</time>
      </trkpt>
      <trkpt lat="44.228509" lon="7.06623">
        <ele>2667.4</ele>
        <time>2026-08-05T05:28:52Z</time>
      </trkpt>
      <trkpt lat="44.2285" lon="7.066225">
        <ele>2667.2</ele>
        <time>2026-08-05T05:28:55Z</time>
      </trkpt>
      <trkpt lat="44.22849" lon="7.066223">
        <ele>2668.2</ele>
        <time>2026-08-05T05:28:59Z</time>
      </trkpt>
      <trkpt lat="44.228493" lon="7.066219">
        <ele>2668.6</ele>
        <time>2026-08-05T05:29:00Z</time>
      </trkpt>
      <trkpt lat="44.228495" lon="7.066187">
        <ele>2668.6</ele>
        <time>2026-08-05T05:29:07Z</time>
      </trkpt>
      <trkpt lat="44.2285" lon="7.066179">
        <ele>2668.4</ele>
        <time>2026-08-05T05:29:12Z</time>
      </trkpt>
      <trkpt lat="44.2285" lon="7.06618">
        <ele>2668.4</ele>
        <time>2026-08-05T05:29:14Z</time>
      </trkpt>
      <trkpt lat="44.228498" lon="7.066186">
        <ele>2668.2</ele>
        <time>2026-08-05T05:29:18Z</time>
      </trkpt>
      <trkpt lat="44.228499" lon="7.066189">
        <ele>2668.0</ele>
        <time>2026-08-05T05:29:28Z</time>
      </trkpt>
      <trkpt lat="44.22851" lon="7.066203">
        <ele>2667.2</ele>
        <time>2026-08-05T05:29:37Z</time>
      </trkpt>
      <trkpt lat="44.228521" lon="7.066192">
        <ele>2667.0</ele>
        <time>2026-08-05T05:29:46Z</time>
      </trkpt>
      <trkpt lat="44.228505" lon="7.066186">
        <ele>2666.8</ele>
        <time>2026-08-05T05:29:52Z</time>
      </trkpt>
      <trkpt lat="44.228509" lon="7.066191">
        <ele>2666.6</ele>
        <time>2026-08-05T05:29:54Z</time>
      </trkpt>
      <trkpt lat="44.228513" lon="7.066206">
        <ele>2666.2</ele>
        <time>2026-08-05T05:30:04Z</time>
      </trkpt>
      <trkpt lat="44.22852" lon="7.066197">
        <ele>2666.2</ele>
        <time>2026-08-05T05:30:10Z</time>
      </trkpt>
      <trkpt lat="44.228513" lon="7.066188">
        <ele>2665.8</ele>
        <time>2026-08-05T05:30:14Z</time>
      </trkpt>
      <trkpt lat="44.228529" lon="7.066179">
        <ele>2665.4</ele>
        <time>2026-08-05T05:30:27Z</time>
      </trkpt>
      <trkpt lat="44.228513" lon="7.066212">
        <ele>2665.8</ele>
        <time>2026-08-05T05:30:35Z</time>
      </trkpt>
      <trkpt lat="44.228506" lon="7.066221">
        <ele>2665.6</ele>
        <time>2026-08-05T05:30:38Z</time>
      </trkpt>
      <trkpt lat="44.228504" lon="7.066181">
        <ele>2666.0</ele>
        <time>2026-08-05T05:30:48Z</time>
      </trkpt>
      <trkpt lat="44.228505" lon="7.066181">
        <ele>2665.6</ele>
        <time>2026-08-05T05:30:57Z</time>
      </trkpt>
      <trkpt lat="44.228487" lon="7.066174">
        <ele>2665.4</ele>
        <time>2026-08-05T05:31:01Z</time>
      </trkpt>
      <trkpt lat="44.228484" lon="7.066181">
        <ele>2665.6</ele>
        <time>2026-08-05T05:31:07Z</time>
      </trkpt>
      <trkpt lat="44.228532" lon="7.0662">
        <ele>2665.0</ele>
        <time>2026-08-05T05:31:16Z</time>
      </trkpt>
      <trkpt lat="44.228531" lon="7.066199">
        <ele>2665.0</ele>
        <time>2026-08-05T05:31:19Z</time>
      </trkpt>
      <trkpt lat="44.228515" lon="7.066216">
        <ele>2664.8</ele>
        <time>2026-08-05T05:31:29Z</time>
      </trkpt>
      <trkpt lat="44.228507" lon="7.066218">
        <ele>2664.4</ele>
        <time>2026-08-05T05:31:36Z</time>
      </trkpt>
      <trkpt lat="44.228518" lon="7.066218">
        <ele>2664.0</ele>
        <time>2026-08-05T05:31:39Z</time>
      </trkpt>
      <trkpt lat="44.22852" lon="7.066219">
        <ele>2664.0</ele>
        <time>2026-08-05T05:31:40Z</time>
      </trkpt>
      <trkpt lat="44.228529" lon="7.066215">
        <ele>2663.6</ele>
        <time>2026-08-05T05:31:49Z</time>
      </trkpt>
      <trkpt lat="44.228517" lon="7.066234">
        <ele>2663.6</ele>
        <time>2026-08-05T05:31:56Z</time>
      </trkpt>
      <trkpt lat="44.228511" lon="7.066235">
        <ele>2663.6</ele>
        <time>2026-08-05T05:31:57Z</time>
      </trkpt>
      <trkpt lat="44.228508" lon="7.066202">
        <ele>2663.2</ele>
        <time>2026-08-05T05:32:08Z</time>
      </trkpt>
      <trkpt lat="44.228513" lon="7.066201">
        <ele>2663.0</ele>
        <time>2026-08-05T05:32:13Z</time>
      </trkpt>
      <trkpt lat="44.228503" lon="7.066207">
        <ele>2663.0</ele>
        <time>2026-08-05T05:32:19Z</time>
      </trkpt>
      <trkpt lat="44.228553" lon="7.066221">
        <ele>2663.2</ele>
        <time>2026-08-05T05:32:28Z</time>
      </trkpt>
      <trkpt lat="44.228535" lon="7.066191">
        <ele>2663.2</ele>
        <time>2026-08-05T05:32:39Z</time>
      </trkpt>
      <trkpt lat="44.228506" lon="7.066159">
        <ele>2663.0</ele>
        <time>2026-08-05T05:32:49Z</time>
      </trkpt>
      <trkpt lat="44.228511" lon="7.066172">
        <ele>2663.0</ele>
        <time>2026-08-05T05:32:55Z</time>
      </trkpt>
      <trkpt lat="44.228511" lon="7.066181">
        <ele>2663.0</ele>
        <time>2026-08-05T05:32:58Z</time>
      </trkpt>
      <trkpt lat="44.228515" lon="7.066195">
        <ele>2663.4</ele>
        <time>2026-08-05T05:33:06Z</time>
      </trkpt>
      <trkpt lat="44.228515" lon="7.066194">
        <ele>2663.4</ele>
        <time>2026-08-05T05:33:07Z</time>
      </trkpt>
      <trkpt lat="44.228517" lon="7.066193">
        <ele>2663.4</ele>
        <time>2026-08-05T05:33:10Z</time>
      </trkpt>
      <trkpt lat="44.228506" lon="7.06617">
        <ele>2663.6</ele>
        <time>2026-08-05T05:33:17Z</time>
      </trkpt>
      <trkpt lat="44.228496" lon="7.066165">
        <ele>2663.8</ele>
        <time>2026-08-05T05:33:25Z</time>
      </trkpt>
      <trkpt lat="44.228492" lon="7.066149">
        <ele>2664.0</ele>
        <time>2026-08-05T05:33:27Z</time>
      </trkpt>
      <trkpt lat="44.22848" lon="7.066113">
        <ele>2664.2</ele>
        <time>2026-08-05T05:33:33Z</time>
      </trkpt>
      <trkpt lat="44.228495" lon="7.066106">
        <ele>2663.8</ele>
        <time>2026-08-05T05:33:40Z</time>
      </trkpt>
      <trkpt lat="44.2285" lon="7.06608">
        <ele>2663.0</ele>
        <time>2026-08-05T05:33:44Z</time>
      </trkpt>
      <trkpt lat="44.228506" lon="7.066081">
        <ele>2662.2</ele>
        <time>2026-08-05T05:33:47Z</time>
      </trkpt>
      <trkpt lat="44.228509" lon="7.066085">
        <ele>2661.8</ele>
        <time>2026-08-05T05:33:52Z</time>
      </trkpt>
      <trkpt lat="44.228507" lon="7.066075">
        <ele>2661.8</ele>
        <time>2026-08-05T05:33:56Z</time>
      </trkpt>
      <trkpt lat="44.228522" lon="7.066072">
        <ele>2660.8</ele>
        <time>2026-08-05T05:34:03Z</time>
      </trkpt>
      <trkpt lat="44.22852" lon="7.066077">
        <ele>2660.6</ele>
        <time>2026-08-05T05:34:05Z</time>
      </trkpt>
      <trkpt lat="44.228537" lon="7.066035">
        <ele>2660.2</ele>
        <time>2026-08-05T05:34:14Z</time>
      </trkpt>
      <trkpt lat="44.22854" lon="7.066028">
        <ele>2660.0</ele>
        <time>2026-08-05T05:34:15Z</time>
      </trkpt>
      <trkpt lat="44.228543" lon="7.066019">
        <ele>2659.8</ele>
        <time>2026-08-05T05:34:16Z</time>
      </trkpt>
      <trkpt lat="44.228544" lon="7.066009">
        <ele>2659.6</ele>
        <time>2026-08-05T05:34:17Z</time>
      </trkpt>
      <trkpt lat="44.228551" lon="7.065968">
        <ele>2659.0</ele>
        <time>2026-08-05T05:34:24Z</time>
      </trkpt>
      <trkpt lat="44.228528" lon="7.065948">
        <ele>2660.4</ele>
        <time>2026-08-05T05:34:32Z</time>
      </trkpt>
      <trkpt lat="44.228527" lon="7.065952">
        <ele>2660.6</ele>
        <time>2026-08-05T05:34:33Z</time>
      </trkpt>
      <trkpt lat="44.228522" lon="7.065959">
        <ele>2661.0</ele>
        <time>2026-08-05T05:34:35Z</time>
      </trkpt>
      <trkpt lat="44.228477" lon="7.065983">
        <ele>2661.8</ele>
        <time>2026-08-05T05:34:44Z</time>
      </trkpt>
      <trkpt lat="44.228471" lon="7.065949">
        <ele>2662.0</ele>
        <time>2026-08-05T05:34:48Z</time>
      </trkpt>
      <trkpt lat="44.228469" lon="7.065921">
        <ele>2662.4</ele>
        <time>2026-08-05T05:34:51Z</time>
      </trkpt>
      <trkpt lat="44.228471" lon="7.065879">
        <ele>2663.2</ele>
        <time>2026-08-05T05:34:57Z</time>
      </trkpt>
      <trkpt lat="44.228471" lon="7.065876">
        <ele>2663.6</ele>
        <time>2026-08-05T05:34:58Z</time>
      </trkpt>
      <trkpt lat="44.22847" lon="7.065853">
        <ele>2664.2</ele>
        <time>2026-08-05T05:35:01Z</time>
      </trkpt>
      <trkpt lat="44.228474" lon="7.065832">
        <ele>2665.0</ele>
        <time>2026-08-05T05:35:04Z</time>
      </trkpt>
      <trkpt lat="44.228475" lon="7.065826">
        <ele>2665.0</ele>
        <time>2026-08-05T05:35:07Z</time>
      </trkpt>
      <trkpt lat="44.228477" lon="7.065841">
        <ele>2665.2</ele>
        <time>2026-08-05T05:35:10Z</time>
      </trkpt>
      <trkpt lat="44.228479" lon="7.065854">
        <ele>2665.6</ele>
        <time>2026-08-05T05:35:16Z</time>
      </trkpt>
      <trkpt lat="44.228477" lon="7.065856">
        <ele>2666.2</ele>
        <time>2026-08-05T05:35:24Z</time>
      </trkpt>
      <trkpt lat="44.228475" lon="7.065834">
        <ele>2666.6</ele>
        <time>2026-08-05T05:35:26Z</time>
      </trkpt>
      <trkpt lat="44.22847" lon="7.065827">
        <ele>2666.8</ele>
        <time>2026-08-05T05:35:27Z</time>
      </trkpt>
      <trkpt lat="44.228453" lon="7.065799">
        <ele>2667.2</ele>
        <time>2026-08-05T05:35:32Z</time>
      </trkpt>
      <trkpt lat="44.228453" lon="7.065801">
        <ele>2668.2</ele>
        <time>2026-08-05T05:35:36Z</time>
      </trkpt>
      <trkpt lat="44.228456" lon="7.065808">
        <ele>2668.4</ele>
        <time>2026-08-05T05:35:37Z</time>
      </trkpt>
      <trkpt lat="44.228454" lon="7.065816">
        <ele>2669.4</ele>
        <time>2026-08-05T05:35:42Z</time>
      </trkpt>
      <trkpt lat="44.228454" lon="7.06582">
        <ele>2670.2</ele>
        <time>2026-08-05T05:35:45Z</time>
      </trkpt>
      <trkpt lat="44.228409" lon="7.065797">
        <ele>2670.6</ele>
        <time>2026-08-05T05:35:50Z</time>
      </trkpt>
      <trkpt lat="44.2284" lon="7.065777">
        <ele>2671.0</ele>
        <time>2026-08-05T05:35:53Z</time>
      </trkpt>
      <trkpt lat="44.228396" lon="7.065729">
        <ele>2671.2</ele>
        <time>2026-08-05T05:36:00Z</time>
      </trkpt>
      <trkpt lat="44.228374" lon="7.065711">
        <ele>2671.0</ele>
        <time>2026-08-05T05:36:08Z</time>
      </trkpt>
      <trkpt lat="44.228357" lon="7.065732">
        <ele>2670.0</ele>
        <time>2026-08-05T05:36:15Z</time>
      </trkpt>
      <trkpt lat="44.228322" lon="7.065752">
        <ele>2670.2</ele>
        <time>2026-08-05T05:36:21Z</time>
      </trkpt>
      <trkpt lat="44.228318" lon="7.065749">
        <ele>2670.2</ele>
        <time>2026-08-05T05:36:23Z</time>
      </trkpt>
      <trkpt lat="44.228319" lon="7.065743">
        <ele>2670.2</ele>
        <time>2026-08-05T05:36:25Z</time>
      </trkpt>
      <trkpt lat="44.228318" lon="7.065739">
        <ele>2670.2</ele>
        <time>2026-08-05T05:36:26Z</time>
      </trkpt>
      <trkpt lat="44.228323" lon="7.065719">
        <ele>2670.2</ele>
        <time>2026-08-05T05:36:29Z</time>
      </trkpt>
      <trkpt lat="44.228318" lon="7.06571">
        <ele>2669.6</ele>
        <time>2026-08-05T05:36:34Z</time>
      </trkpt>
      <trkpt lat="44.228296" lon="7.065671">
        <ele>2669.6</ele>
        <time>2026-08-05T05:36:42Z</time>
      </trkpt>
      <trkpt lat="44.22829" lon="7.065624">
        <ele>2670.6</ele>
        <time>2026-08-05T05:36:50Z</time>
      </trkpt>
      <trkpt lat="44.228297" lon="7.065598">
        <ele>2671.0</ele>
        <time>2026-08-05T05:37:00Z</time>
      </trkpt>
      <trkpt lat="44.228294" lon="7.065595">
        <ele>2670.4</ele>
        <time>2026-08-05T05:37:06Z</time>
      </trkpt>
      <trkpt lat="44.228286" lon="7.065588">
        <ele>2669.6</ele>
        <time>2026-08-05T05:37:13Z</time>
      </trkpt>
      <trkpt lat="44.228289" lon="7.065592">
        <ele>2669.4</ele>
        <time>2026-08-05T05:37:14Z</time>
      </trkpt>
      <trkpt lat="44.228286" lon="7.065604">
        <ele>2669.2</ele>
        <time>2026-08-05T05:37:20Z</time>
      </trkpt>
      <trkpt lat="44.228281" lon="7.065593">
        <ele>2668.4</ele>
        <time>2026-08-05T05:37:27Z</time>
      </trkpt>
      <trkpt lat="44.228275" lon="7.065593">
        <ele>2668.0</ele>
        <time>2026-08-05T05:37:30Z</time>
      </trkpt>
      <trkpt lat="44.228279" lon="7.065593">
        <ele>2667.8</ele>
        <time>2026-08-05T05:37:39Z</time>
      </trkpt>
      <trkpt lat="44.22828" lon="7.065601">
        <ele>2667.8</ele>
        <time>2026-08-05T05:37:40Z</time>
      </trkpt>
      <trkpt lat="44.228276" lon="7.065635">
        <ele>2667.8</ele>
        <time>2026-08-05T05:37:47Z</time>
      </trkpt>
      <trkpt lat="44.228274" lon="7.065639">
        <ele>2667.8</ele>
        <time>2026-08-05T05:37:50Z</time>
      </trkpt>
      <trkpt lat="44.228269" lon="7.065625">
        <ele>2667.6</ele>
        <time>2026-08-05T05:38:00Z</time>
      </trkpt>
      <trkpt lat="44.228266" lon="7.065621">
        <ele>2667.2</ele>
        <time>2026-08-05T05:38:02Z</time>
      </trkpt>
      <trkpt lat="44.228268" lon="7.065625">
        <ele>2666.4</ele>
        <time>2026-08-05T05:38:09Z</time>
      </trkpt>
      <trkpt lat="44.228267" lon="7.065633">
        <ele>2666.0</ele>
        <time>2026-08-05T05:38:10Z</time>
      </trkpt>
      <trkpt lat="44.228256" lon="7.065639">
        <ele>2665.4</ele>
        <time>2026-08-05T05:38:17Z</time>
      </trkpt>
      <trkpt lat="44.228256" lon="7.065634">
        <ele>2665.0</ele>
        <time>2026-08-05T05:38:19Z</time>
      </trkpt>
      <trkpt lat="44.228251" lon="7.065646">
        <ele>2664.0</ele>
        <time>2026-08-05T05:38:27Z</time>
      </trkpt>
      <trkpt lat="44.228252" lon="7.065637">
        <ele>2663.6</ele>
        <time>2026-08-05T05:38:30Z</time>
      </trkpt>
      <trkpt lat="44.228248" lon="7.065646">
        <ele>2663.0</ele>
        <time>2026-08-05T05:38:36Z</time>
      </trkpt>
      <trkpt lat="44.228249" lon="7.065641">
        <ele>2662.6</ele>
        <time>2026-08-05T05:38:44Z</time>
      </trkpt>
      <trkpt lat="44.228227" lon="7.065611">
        <ele>2662.2</ele>
        <time>2026-08-05T05:38:56Z</time>
      </trkpt>
      <trkpt lat="44.228232" lon="7.065574">
        <ele>2662.0</ele>
        <time>2026-08-05T05:39:05Z</time>
      </trkpt>
      <trkpt lat="44.228235" lon="7.065572">
        <ele>2662.0</ele>
        <time>2026-08-05T05:39:06Z</time>
      </trkpt>
      <trkpt lat="44.228207" lon="7.06554">
        <ele>2661.6</ele>
        <time>2026-08-05T05:39:15Z</time>
      </trkpt>
      <trkpt lat="44.228201" lon="7.065514">
        <ele>2662.8</ele>
        <time>2026-08-05T05:39:21Z</time>
      </trkpt>
      <trkpt lat="44.2282" lon="7.065509">
        <ele>2663.0</ele>
        <time>2026-08-05T05:39:22Z</time>
      </trkpt>
      <trkpt lat="44.228189" lon="7.065488">
        <ele>2663.0</ele>
        <time>2026-08-05T05:39:28Z</time>
      </trkpt>
      <trkpt lat="44.22817" lon="7.065463">
        <ele>2664.2</ele>
        <time>2026-08-05T05:39:34Z</time>
      </trkpt>
      <trkpt lat="44.228159" lon="7.065448">
        <ele>2664.6</ele>
        <time>2026-08-05T05:39:36Z</time>
      </trkpt>
      <trkpt lat="44.228154" lon="7.065436">
        <ele>2665.4</ele>
        <time>2026-08-05T05:39:39Z</time>
      </trkpt>
      <trkpt lat="44.228148" lon="7.065397">
        <ele>2666.0</ele>
        <time>2026-08-05T05:39:42Z</time>
      </trkpt>
      <trkpt lat="44.228146" lon="7.065385">
        <ele>2666.6</ele>
        <time>2026-08-05T05:39:44Z</time>
      </trkpt>
      <trkpt lat="44.228144" lon="7.065397">
        <ele>2667.4</ele>
        <time>2026-08-05T05:39:49Z</time>
      </trkpt>
      <trkpt lat="44.228139" lon="7.065382">
        <ele>2667.6</ele>
        <time>2026-08-05T05:39:53Z</time>
      </trkpt>
      <trkpt lat="44.228138" lon="7.065376">
        <ele>2667.8</ele>
        <time>2026-08-05T05:39:54Z</time>
      </trkpt>
      <trkpt lat="44.228131" lon="7.065349">
        <ele>2668.6</ele>
        <time>2026-08-05T05:39:59Z</time>
      </trkpt>
      <trkpt lat="44.228131" lon="7.065351">
        <ele>2668.8</ele>
        <time>2026-08-05T05:40:01Z</time>
      </trkpt>
      <trkpt lat="44.228141" lon="7.065351">
        <ele>2668.8</ele>
        <time>2026-08-05T05:40:09Z</time>
      </trkpt>
      <trkpt lat="44.22812" lon="7.065315">
        <ele>2668.6</ele>
        <time>2026-08-05T05:40:17Z</time>
      </trkpt>
      <trkpt lat="44.228139" lon="7.065326">
        <ele>2667.8</ele>
        <time>2026-08-05T05:40:27Z</time>
      </trkpt>
      <trkpt lat="44.228138" lon="7.065325">
        <ele>2667.8</ele>
        <time>2026-08-05T05:40:29Z</time>
      </trkpt>
      <trkpt lat="44.228142" lon="7.065323">
        <ele>2667.6</ele>
        <time>2026-08-05T05:40:36Z</time>
      </trkpt>
      <trkpt lat="44.228138" lon="7.065325">
        <ele>2667.4</ele>
        <time>2026-08-05T05:40:39Z</time>
      </trkpt>
      <trkpt lat="44.228148" lon="7.065329">
        <ele>2666.6</ele>
        <time>2026-08-05T05:40:46Z</time>
      </trkpt>
      <trkpt lat="44.228147" lon="7.065334">
        <ele>2666.2</ele>
        <time>2026-08-05T05:40:50Z</time>
      </trkpt>
      <trkpt lat="44.228134" lon="7.06533">
        <ele>2665.8</ele>
        <time>2026-08-05T05:40:56Z</time>
      </trkpt>
      <trkpt lat="44.228131" lon="7.065331">
        <ele>2665.6</ele>
        <time>2026-08-05T05:40:57Z</time>
      </trkpt>
      <trkpt lat="44.228121" lon="7.065335">
        <ele>2665.4</ele>
        <time>2026-08-05T05:40:59Z</time>
      </trkpt>
      <trkpt lat="44.228101" lon="7.065303">
        <ele>2665.0</ele>
        <time>2026-08-05T05:41:06Z</time>
      </trkpt>
      <trkpt lat="44.228099" lon="7.065258">
        <ele>2666.0</ele>
        <time>2026-08-05T05:41:10Z</time>
      </trkpt>
      <trkpt lat="44.228097" lon="7.065232">
        <ele>2666.8</ele>
        <time>2026-08-05T05:41:13Z</time>
      </trkpt>
      <trkpt lat="44.228088" lon="7.065211">
        <ele>2667.6</ele>
        <time>2026-08-05T05:41:17Z</time>
      </trkpt>
      <trkpt lat="44.228084" lon="7.065207">
        <ele>2668.0</ele>
        <time>2026-08-05T05:41:18Z</time>
      </trkpt>
      <trkpt lat="44.228077" lon="7.06517">
        <ele>2668.4</ele>
        <time>2026-08-05T05:41:21Z</time>
      </trkpt>
      <trkpt lat="44.228071" lon="7.065123">
        <ele>2669.0</ele>
        <time>2026-08-05T05:41:25Z</time>
      </trkpt>
      <trkpt lat="44.22806" lon="7.065075">
        <ele>2669.8</ele>
        <time>2026-08-05T05:41:31Z</time>
      </trkpt>
      <trkpt lat="44.228058" lon="7.065073">
        <ele>2670.2</ele>
        <time>2026-08-05T05:41:32Z</time>
      </trkpt>
      <trkpt lat="44.228053" lon="7.065065">
        <ele>2671.2</ele>
        <time>2026-08-05T05:41:36Z</time>
      </trkpt>
      <trkpt lat="44.228046" lon="7.065042">
        <ele>2671.6</ele>
        <time>2026-08-05T05:41:39Z</time>
      </trkpt>
      <trkpt lat="44.228032" lon="7.065007">
        <ele>2671.2</ele>
        <time>2026-08-05T05:41:48Z</time>
      </trkpt>
      <trkpt lat="44.228023" lon="7.065007">
        <ele>2671.0</ele>
        <time>2026-08-05T05:41:54Z</time>
      </trkpt>
      <trkpt lat="44.22802" lon="7.065005">
        <ele>2670.8</ele>
        <time>2026-08-05T05:41:57Z</time>
      </trkpt>
      <trkpt lat="44.228006" lon="7.065002">
        <ele>2670.0</ele>
        <time>2026-08-05T05:42:01Z</time>
      </trkpt>
      <trkpt lat="44.227998" lon="7.064982">
        <ele>2669.4</ele>
        <time>2026-08-05T05:42:04Z</time>
      </trkpt>
      <trkpt lat="44.227977" lon="7.064945">
        <ele>2669.0</ele>
        <time>2026-08-05T05:42:09Z</time>
      </trkpt>
      <trkpt lat="44.227966" lon="7.064952">
        <ele>2668.6</ele>
        <time>2026-08-05T05:42:13Z</time>
      </trkpt>
      <trkpt lat="44.227958" lon="7.064955">
        <ele>2668.2</ele>
        <time>2026-08-05T05:42:15Z</time>
      </trkpt>
      <trkpt lat="44.227956" lon="7.064954">
        <ele>2668.0</ele>
        <time>2026-08-05T05:42:17Z</time>
      </trkpt>
      <trkpt lat="44.227947" lon="7.064935">
        <ele>2667.0</ele>
        <time>2026-08-05T05:42:23Z</time>
      </trkpt>
      <trkpt lat="44.22794" lon="7.064927">
        <ele>2666.8</ele>
        <time>2026-08-05T05:42:24Z</time>
      </trkpt>
      <trkpt lat="44.227918" lon="7.064907">
        <ele>2665.8</ele>
        <time>2026-08-05T05:42:28Z</time>
      </trkpt>
      <trkpt lat="44.227914" lon="7.064893">
        <ele>2665.6</ele>
        <time>2026-08-05T05:42:30Z</time>
      </trkpt>
      <trkpt lat="44.227907" lon="7.064858">
        <ele>2664.6</ele>
        <time>2026-08-05T05:42:37Z</time>
      </trkpt>
      <trkpt lat="44.227902" lon="7.064857">
        <ele>2663.6</ele>
        <time>2026-08-05T05:42:42Z</time>
      </trkpt>
      <trkpt lat="44.227896" lon="7.064881">
        <ele>2663.6</ele>
        <time>2026-08-05T05:42:46Z</time>
      </trkpt>
      <trkpt lat="44.227894" lon="7.064903">
        <ele>2662.6</ele>
        <time>2026-08-05T05:42:51Z</time>
      </trkpt>
      <trkpt lat="44.227891" lon="7.064884">
        <ele>2662.0</ele>
        <time>2026-08-05T05:42:56Z</time>
      </trkpt>
      <trkpt lat="44.227885" lon="7.064885">
        <ele>2661.4</ele>
        <time>2026-08-05T05:42:58Z</time>
      </trkpt>
      <trkpt lat="44.22787" lon="7.064883">
        <ele>2660.4</ele>
        <time>2026-08-05T05:43:02Z</time>
      </trkpt>
      <trkpt lat="44.22786" lon="7.064865">
        <ele>2660.0</ele>
        <time>2026-08-05T05:43:04Z</time>
      </trkpt>
      <trkpt lat="44.227846" lon="7.06484">
        <ele>2659.4</ele>
        <time>2026-08-05T05:43:08Z</time>
      </trkpt>
      <trkpt lat="44.227841" lon="7.064831">
        <ele>2659.4</ele>
        <time>2026-08-05T05:43:10Z</time>
      </trkpt>
      <trkpt lat="44.227838" lon="7.064821">
        <ele>2659.4</ele>
        <time>2026-08-05T05:43:11Z</time>
      </trkpt>
      <trkpt lat="44.22783" lon="7.064816">
        <ele>2659.0</ele>
        <time>2026-08-05T05:43:13Z</time>
      </trkpt>
      <trkpt lat="44.227828" lon="7.06482">
        <ele>2658.2</ele>
        <time>2026-08-05T05:43:16Z</time>
      </trkpt>
      <trkpt lat="44.227809" lon="7.064812">
        <ele>2657.2</ele>
        <time>2026-08-05T05:43:21Z</time>
      </trkpt>
      <trkpt lat="44.2278" lon="7.064807">
        <ele>2656.8</ele>
        <time>2026-08-05T05:43:24Z</time>
      </trkpt>
      <trkpt lat="44.227787" lon="7.064809">
        <ele>2656.2</ele>
        <time>2026-08-05T05:43:28Z</time>
      </trkpt>
      <trkpt lat="44.227763" lon="7.064792">
        <ele>2655.4</ele>
        <time>2026-08-05T05:43:33Z</time>
      </trkpt>
      <trkpt lat="44.227764" lon="7.064782">
        <ele>2655.0</ele>
        <time>2026-08-05T05:43:34Z</time>
      </trkpt>
      <trkpt lat="44.227744" lon="7.064764">
        <ele>2654.0</ele>
        <time>2026-08-05T05:43:38Z</time>
      </trkpt>
      <trkpt lat="44.227738" lon="7.064768">
        <ele>2653.6</ele>
        <time>2026-08-05T05:43:40Z</time>
      </trkpt>
      <trkpt lat="44.227727" lon="7.064766">
        <ele>2653.0</ele>
        <time>2026-08-05T05:43:44Z</time>
      </trkpt>
      <trkpt lat="44.227692" lon="7.064742">
        <ele>2652.0</ele>
        <time>2026-08-05T05:43:49Z</time>
      </trkpt>
      <trkpt lat="44.227625" lon="7.064647">
        <ele>2651.0</ele>
        <time>2026-08-05T05:43:57Z</time>
      </trkpt>
      <trkpt lat="44.227563" lon="7.064567">
        <ele>2651.0</ele>
        <time>2026-08-05T05:44:06Z</time>
      </trkpt>
      <trkpt lat="44.227555" lon="7.064558">
        <ele>2650.8</ele>
        <time>2026-08-05T05:44:08Z</time>
      </trkpt>
      <trkpt lat="44.227563" lon="7.06456">
        <ele>2650.8</ele>
        <time>2026-08-05T05:44:14Z</time>
      </trkpt>
      <trkpt lat="44.227557" lon="7.064569">
        <ele>2651.0</ele>
        <time>2026-08-05T05:44:24Z</time>
      </trkpt>
      <trkpt lat="44.227556" lon="7.064573">
        <ele>2651.0</ele>
        <time>2026-08-05T05:44:25Z</time>
      </trkpt>
      <trkpt lat="44.227556" lon="7.064593">
        <ele>2651.0</ele>
        <time>2026-08-05T05:44:30Z</time>
      </trkpt>
      <trkpt lat="44.227531" lon="7.064588">
        <ele>2651.2</ele>
        <time>2026-08-05T05:44:37Z</time>
      </trkpt>
      <trkpt lat="44.227526" lon="7.064589">
        <ele>2651.0</ele>
        <time>2026-08-05T05:44:46Z</time>
      </trkpt>
      <trkpt lat="44.2275" lon="7.064557">
        <ele>2650.2</ele>
        <time>2026-08-05T05:44:53Z</time>
      </trkpt>
      <trkpt lat="44.227489" lon="7.06453">
        <ele>2649.8</ele>
        <time>2026-08-05T05:44:56Z</time>
      </trkpt>
      <trkpt lat="44.227458" lon="7.06445">
        <ele>2649.4</ele>
        <time>2026-08-05T05:45:02Z</time>
      </trkpt>
      <trkpt lat="44.227452" lon="7.064435">
        <ele>2649.6</ele>
        <time>2026-08-05T05:45:03Z</time>
      </trkpt>
      <trkpt lat="44.227427" lon="7.064385">
        <ele>2650.2</ele>
        <time>2026-08-05T05:45:08Z</time>
      </trkpt>
      <trkpt lat="44.227419" lon="7.064364">
        <ele>2650.6</ele>
        <time>2026-08-05T05:45:11Z</time>
      </trkpt>
      <trkpt lat="44.227392" lon="7.064293">
        <ele>2650.8</ele>
        <time>2026-08-05T05:45:17Z</time>
      </trkpt>
      <trkpt lat="44.227378" lon="7.064262">
        <ele>2651.2</ele>
        <time>2026-08-05T05:45:20Z</time>
      </trkpt>
      <trkpt lat="44.22734" lon="7.064155">
        <ele>2650.0</ele>
        <time>2026-08-05T05:45:30Z</time>
      </trkpt>
      <trkpt lat="44.227335" lon="7.064128">
        <ele>2649.8</ele>
        <time>2026-08-05T05:45:32Z</time>
      </trkpt>
      <trkpt lat="44.227324" lon="7.064045">
        <ele>2649.2</ele>
        <time>2026-08-05T05:45:38Z</time>
      </trkpt>
      <trkpt lat="44.22731" lon="7.064012">
        <ele>2648.6</ele>
        <time>2026-08-05T05:45:41Z</time>
      </trkpt>
      <trkpt lat="44.22728" lon="7.063964">
        <ele>2647.6</ele>
        <time>2026-08-05T05:45:48Z</time>
      </trkpt>
      <trkpt lat="44.227277" lon="7.063924">
        <ele>2646.4</ele>
        <time>2026-08-05T05:45:56Z</time>
      </trkpt>
      <trkpt lat="44.227274" lon="7.063912">
        <ele>2646.2</ele>
        <time>2026-08-05T05:45:58Z</time>
      </trkpt>
      <trkpt lat="44.227266" lon="7.063901">
        <ele>2645.4</ele>
        <time>2026-08-05T05:46:01Z</time>
      </trkpt>
      <trkpt lat="44.227252" lon="7.063852">
        <ele>2644.8</ele>
        <time>2026-08-05T05:46:05Z</time>
      </trkpt>
      <trkpt lat="44.227232" lon="7.063802">
        <ele>2644.4</ele>
        <time>2026-08-05T05:46:11Z</time>
      </trkpt>
      <trkpt lat="44.227231" lon="7.063801">
        <ele>2644.2</ele>
        <time>2026-08-05T05:46:12Z</time>
      </trkpt>
      <trkpt lat="44.227211" lon="7.063761">
        <ele>2643.0</ele>
        <time>2026-08-05T05:46:18Z</time>
      </trkpt>
      <trkpt lat="44.227206" lon="7.063754">
        <ele>2642.6</ele>
        <time>2026-08-05T05:46:20Z</time>
      </trkpt>
      <trkpt lat="44.227196" lon="7.063762">
        <ele>2642.0</ele>
        <time>2026-08-05T05:46:24Z</time>
      </trkpt>
      <trkpt lat="44.227189" lon="7.063736">
        <ele>2641.0</ele>
        <time>2026-08-05T05:46:28Z</time>
      </trkpt>
      <trkpt lat="44.227185" lon="7.063727">
        <ele>2640.8</ele>
        <time>2026-08-05T05:46:29Z</time>
      </trkpt>
      <trkpt lat="44.227171" lon="7.06371">
        <ele>2640.0</ele>
        <time>2026-08-05T05:46:34Z</time>
      </trkpt>
      <trkpt lat="44.227168" lon="7.063716">
        <ele>2639.6</ele>
        <time>2026-08-05T05:46:36Z</time>
      </trkpt>
      <trkpt lat="44.227152" lon="7.063719">
        <ele>2638.4</ele>
        <time>2026-08-05T05:46:40Z</time>
      </trkpt>
      <trkpt lat="44.22714" lon="7.063694">
        <ele>2637.4</ele>
        <time>2026-08-05T05:46:45Z</time>
      </trkpt>
      <trkpt lat="44.227133" lon="7.063636">
        <ele>2638.0</ele>
        <time>2026-08-05T05:46:53Z</time>
      </trkpt>
      <trkpt lat="44.227125" lon="7.063587">
        <ele>2639.4</ele>
        <time>2026-08-05T05:47:00Z</time>
      </trkpt>
      <trkpt lat="44.227117" lon="7.063528">
        <ele>2640.6</ele>
        <time>2026-08-05T05:47:06Z</time>
      </trkpt>
      <trkpt lat="44.227103" lon="7.063504">
        <ele>2641.0</ele>
        <time>2026-08-05T05:47:09Z</time>
      </trkpt>
      <trkpt lat="44.227075" lon="7.063446">
        <ele>2641.6</ele>
        <time>2026-08-05T05:47:15Z</time>
      </trkpt>
      <trkpt lat="44.227066" lon="7.063422">
        <ele>2641.8</ele>
        <time>2026-08-05T05:47:18Z</time>
      </trkpt>
      <trkpt lat="44.227055" lon="7.063365">
        <ele>2642.8</ele>
        <time>2026-08-05T05:47:24Z</time>
      </trkpt>
      <trkpt lat="44.227053" lon="7.063342">
        <ele>2643.2</ele>
        <time>2026-08-05T05:47:26Z</time>
      </trkpt>
      <trkpt lat="44.227055" lon="7.063326">
        <ele>2643.8</ele>
        <time>2026-08-05T05:47:29Z</time>
      </trkpt>
      <trkpt lat="44.22704" lon="7.063297">
        <ele>2644.4</ele>
        <time>2026-08-05T05:47:35Z</time>
      </trkpt>
      <trkpt lat="44.227016" lon="7.063255">
        <ele>2644.4</ele>
        <time>2026-08-05T05:47:39Z</time>
      </trkpt>
      <trkpt lat="44.226997" lon="7.06322">
        <ele>2644.4</ele>
        <time>2026-08-05T05:47:45Z</time>
      </trkpt>
      <trkpt lat="44.226992" lon="7.063144">
        <ele>2644.8</ele>
        <time>2026-08-05T05:47:52Z</time>
      </trkpt>
      <trkpt lat="44.226991" lon="7.063138">
        <ele>2645.0</ele>
        <time>2026-08-05T05:47:53Z</time>
      </trkpt>
      <trkpt lat="44.22698" lon="7.063116">
        <ele>2646.0</ele>
        <time>2026-08-05T05:47:59Z</time>
      </trkpt>
      <trkpt lat="44.226963" lon="7.063087">
        <ele>2646.0</ele>
        <time>2026-08-05T05:48:02Z</time>
      </trkpt>
      <trkpt lat="44.226943" lon="7.063022">
        <ele>2646.6</ele>
        <time>2026-08-05T05:48:10Z</time>
      </trkpt>
      <trkpt lat="44.226938" lon="7.062999">
        <ele>2647.0</ele>
        <time>2026-08-05T05:48:12Z</time>
      </trkpt>
      <trkpt lat="44.226935" lon="7.062929">
        <ele>2647.2</ele>
        <time>2026-08-05T05:48:21Z</time>
      </trkpt>
      <trkpt lat="44.226936" lon="7.062891">
        <ele>2648.0</ele>
        <time>2026-08-05T05:48:29Z</time>
      </trkpt>
      <trkpt lat="44.226934" lon="7.062885">
        <ele>2648.2</ele>
        <time>2026-08-05T05:48:30Z</time>
      </trkpt>
      <trkpt lat="44.226923" lon="7.062877">
        <ele>2648.6</ele>
        <time>2026-08-05T05:48:36Z</time>
      </trkpt>
      <trkpt lat="44.226914" lon="7.062851">
        <ele>2648.2</ele>
        <time>2026-08-05T05:48:46Z</time>
      </trkpt>
      <trkpt lat="44.226911" lon="7.062812">
        <ele>2648.2</ele>
        <time>2026-08-05T05:48:52Z</time>
      </trkpt>
      <trkpt lat="44.22689" lon="7.062771">
        <ele>2649.2</ele>
        <time>2026-08-05T05:48:58Z</time>
      </trkpt>
      <trkpt lat="44.226888" lon="7.062767">
        <ele>2649.4</ele>
        <time>2026-08-05T05:48:59Z</time>
      </trkpt>
      <trkpt lat="44.226892" lon="7.062756">
        <ele>2649.6</ele>
        <time>2026-08-05T05:49:00Z</time>
      </trkpt>
      <trkpt lat="44.226888" lon="7.062734">
        <ele>2650.4</ele>
        <time>2026-08-05T05:49:03Z</time>
      </trkpt>
      <trkpt lat="44.226874" lon="7.062684">
        <ele>2651.2</ele>
        <time>2026-08-05T05:49:07Z</time>
      </trkpt>
      <trkpt lat="44.22687" lon="7.062673">
        <ele>2651.6</ele>
        <time>2026-08-05T05:49:09Z</time>
      </trkpt>
      <trkpt lat="44.226863" lon="7.062642">
        <ele>2652.8</ele>
        <time>2026-08-05T05:49:13Z</time>
      </trkpt>
      <trkpt lat="44.226857" lon="7.062624">
        <ele>2653.4</ele>
        <time>2026-08-05T05:49:15Z</time>
      </trkpt>
      <trkpt lat="44.226857" lon="7.06261">
        <ele>2653.8</ele>
        <time>2026-08-05T05:49:17Z</time>
      </trkpt>
      <trkpt lat="44.226868" lon="7.06259">
        <ele>2654.8</ele>
        <time>2026-08-05T05:49:21Z</time>
      </trkpt>
      <trkpt lat="44.226872" lon="7.062588">
        <ele>2655.2</ele>
        <time>2026-08-05T05:49:22Z</time>
      </trkpt>
      <trkpt lat="44.226874" lon="7.062583">
        <ele>2655.4</ele>
        <time>2026-08-05T05:49:23Z</time>
      </trkpt>
      <trkpt lat="44.226875" lon="7.062582">
        <ele>2655.8</ele>
        <time>2026-08-05T05:49:24Z</time>
      </trkpt>
      <trkpt lat="44.226875" lon="7.062577">
        <ele>2656.0</ele>
        <time>2026-08-05T05:49:25Z</time>
      </trkpt>
      <trkpt lat="44.226872" lon="7.06257">
        <ele>2656.2</ele>
        <time>2026-08-05T05:49:27Z</time>
      </trkpt>
      <trkpt lat="44.226862" lon="7.062554">
        <ele>2657.0</ele>
        <time>2026-08-05T05:49:31Z</time>
      </trkpt>
      <trkpt lat="44.226865" lon="7.062556">
        <ele>2657.2</ele>
        <time>2026-08-05T05:49:33Z</time>
      </trkpt>
      <trkpt lat="44.226865" lon="7.062506">
        <ele>2657.8</ele>
        <time>2026-08-05T05:49:39Z</time>
      </trkpt>
      <trkpt lat="44.226861" lon="7.062494">
        <ele>2658.0</ele>
        <time>2026-08-05T05:49:40Z</time>
      </trkpt>
      <trkpt lat="44.226859" lon="7.062484">
        <ele>2658.2</ele>
        <time>2026-08-05T05:49:41Z</time>
      </trkpt>
      <trkpt lat="44.226854" lon="7.062439">
        <ele>2659.0</ele>
        <time>2026-08-05T05:49:46Z</time>
      </trkpt>
      <trkpt lat="44.226851" lon="7.062421">
        <ele>2659.2</ele>
        <time>2026-08-05T05:49:48Z</time>
      </trkpt>
      <trkpt lat="44.22685" lon="7.062409">
        <ele>2659.2</ele>
        <time>2026-08-05T05:49:49Z</time>
      </trkpt>
      <trkpt lat="44.226844" lon="7.062354">
        <ele>2660.2</ele>
        <time>2026-08-05T05:49:57Z</time>
      </trkpt>
      <trkpt lat="44.226842" lon="7.06235">
        <ele>2660.4</ele>
        <time>2026-08-05T05:49:58Z</time>
      </trkpt>
      <trkpt lat="44.226825" lon="7.062304">
        <ele>2661.4</ele>
        <time>2026-08-05T05:50:06Z</time>
      </trkpt>
      <trkpt lat="44.226807" lon="7.06227">
        <ele>2662.6</ele>
        <time>2026-08-05T05:50:13Z</time>
      </trkpt>
      <trkpt lat="44.226791" lon="7.062262">
        <ele>2662.6</ele>
        <time>2026-08-05T05:50:16Z</time>
      </trkpt>
      <trkpt lat="44.226783" lon="7.062213">
        <ele>2663.6</ele>
        <time>2026-08-05T05:50:23Z</time>
      </trkpt>
      <trkpt lat="44.226785" lon="7.062189">
        <ele>2664.0</ele>
        <time>2026-08-05T05:50:25Z</time>
      </trkpt>
      <trkpt lat="44.226797" lon="7.062156">
        <ele>2664.8</ele>
        <time>2026-08-05T05:50:29Z</time>
      </trkpt>
      <trkpt lat="44.226803" lon="7.062134">
        <ele>2665.6</ele>
        <time>2026-08-05T05:50:35Z</time>
      </trkpt>
      <trkpt lat="44.226803" lon="7.062134">
        <ele>2665.8</ele>
        <time>2026-08-05T05:50:36Z</time>
      </trkpt>
      <trkpt lat="44.2268" lon="7.062114">
        <ele>2666.8</ele>
        <time>2026-08-05T05:50:42Z</time>
      </trkpt>
      <trkpt lat="44.226803" lon="7.062108">
        <ele>2667.2</ele>
        <time>2026-08-05T05:50:44Z</time>
      </trkpt>
      <trkpt lat="44.226799" lon="7.062081">
        <ele>2667.8</ele>
        <time>2026-08-05T05:50:47Z</time>
      </trkpt>
      <trkpt lat="44.226797" lon="7.06207">
        <ele>2668.0</ele>
        <time>2026-08-05T05:50:48Z</time>
      </trkpt>
      <trkpt lat="44.226792" lon="7.062048">
        <ele>2668.4</ele>
        <time>2026-08-05T05:50:51Z</time>
      </trkpt>
      <trkpt lat="44.226797" lon="7.062">
        <ele>2669.2</ele>
        <time>2026-08-05T05:50:55Z</time>
      </trkpt>
      <trkpt lat="44.226808" lon="7.061941">
        <ele>2670.0</ele>
        <time>2026-08-05T05:50:59Z</time>
      </trkpt>
      <trkpt lat="44.226808" lon="7.061927">
        <ele>2670.2</ele>
        <time>2026-08-05T05:51:00Z</time>
      </trkpt>
      <trkpt lat="44.226812" lon="7.061858">
        <ele>2671.0</ele>
        <time>2026-08-05T05:51:05Z</time>
      </trkpt>
      <trkpt lat="44.22681" lon="7.061846">
        <ele>2671.4</ele>
        <time>2026-08-05T05:51:07Z</time>
      </trkpt>
      <trkpt lat="44.226808" lon="7.061795">
        <ele>2672.2</ele>
        <time>2026-08-05T05:51:13Z</time>
      </trkpt>
      <trkpt lat="44.226806" lon="7.061761">
        <ele>2672.6</ele>
        <time>2026-08-05T05:51:17Z</time>
      </trkpt>
      <trkpt lat="44.226811" lon="7.061711">
        <ele>2673.4</ele>
        <time>2026-08-05T05:51:22Z</time>
      </trkpt>
      <trkpt lat="44.226818" lon="7.061672">
        <ele>2673.6</ele>
        <time>2026-08-05T05:51:25Z</time>
      </trkpt>
      <trkpt lat="44.226827" lon="7.06163">
        <ele>2674.4</ele>
        <time>2026-08-05T05:51:30Z</time>
      </trkpt>
      <trkpt lat="44.226829" lon="7.061616">
        <ele>2674.8</ele>
        <time>2026-08-05T05:51:32Z</time>
      </trkpt>
      <trkpt lat="44.226836" lon="7.061564">
        <ele>2675.4</ele>
        <time>2026-08-05T05:51:37Z</time>
      </trkpt>
      <trkpt lat="44.226836" lon="7.061544">
        <ele>2676.0</ele>
        <time>2026-08-05T05:51:40Z</time>
      </trkpt>
      <trkpt lat="44.226843" lon="7.061493">
        <ele>2677.2</ele>
        <time>2026-08-05T05:51:45Z</time>
      </trkpt>
      <trkpt lat="44.226845" lon="7.061482">
        <ele>2677.4</ele>
        <time>2026-08-05T05:51:46Z</time>
      </trkpt>
      <trkpt lat="44.226856" lon="7.061422">
        <ele>2678.2</ele>
        <time>2026-08-05T05:51:52Z</time>
      </trkpt>
      <trkpt lat="44.226856" lon="7.061412">
        <ele>2678.4</ele>
        <time>2026-08-05T05:51:54Z</time>
      </trkpt>
      <trkpt lat="44.22686" lon="7.061385">
        <ele>2679.0</ele>
        <time>2026-08-05T05:52:04Z</time>
      </trkpt>
      <trkpt lat="44.22686" lon="7.061394">
        <ele>2679.2</ele>
        <time>2026-08-05T05:52:06Z</time>
      </trkpt>
      <trkpt lat="44.226864" lon="7.0614">
        <ele>2679.0</ele>
        <time>2026-08-05T05:52:11Z</time>
      </trkpt>
      <trkpt lat="44.22687" lon="7.061386">
        <ele>2678.8</ele>
        <time>2026-08-05T05:52:14Z</time>
      </trkpt>
      <trkpt lat="44.226886" lon="7.061368">
        <ele>2678.2</ele>
        <time>2026-08-05T05:52:21Z</time>
      </trkpt>
      <trkpt lat="44.226882" lon="7.061369">
        <ele>2678.0</ele>
        <time>2026-08-05T05:52:23Z</time>
      </trkpt>
      <trkpt lat="44.226881" lon="7.06137">
        <ele>2677.4</ele>
        <time>2026-08-05T05:52:29Z</time>
      </trkpt>
      <trkpt lat="44.226881" lon="7.061373">
        <ele>2677.4</ele>
        <time>2026-08-05T05:52:31Z</time>
      </trkpt>
      <trkpt lat="44.226884" lon="7.06138">
        <ele>2677.2</ele>
        <time>2026-08-05T05:52:37Z</time>
      </trkpt>
      <trkpt lat="44.226897" lon="7.061354">
        <ele>2676.6</ele>
        <time>2026-08-05T05:52:44Z</time>
      </trkpt>
      <trkpt lat="44.226901" lon="7.06135">
        <ele>2676.4</ele>
        <time>2026-08-05T05:52:45Z</time>
      </trkpt>
      <trkpt lat="44.226908" lon="7.061348">
        <ele>2676.0</ele>
        <time>2026-08-05T05:52:47Z</time>
      </trkpt>
      <trkpt lat="44.226934" lon="7.061358">
        <ele>2674.8</ele>
        <time>2026-08-05T05:52:52Z</time>
      </trkpt>
      <trkpt lat="44.226949" lon="7.061352">
        <ele>2674.6</ele>
        <time>2026-08-05T05:52:54Z</time>
      </trkpt>
      <trkpt lat="44.226961" lon="7.061345">
        <ele>2673.8</ele>
        <time>2026-08-05T05:52:57Z</time>
      </trkpt>
      <trkpt lat="44.226958" lon="7.061325">
        <ele>2673.4</ele>
        <time>2026-08-05T05:53:01Z</time>
      </trkpt>
      <trkpt lat="44.226981" lon="7.061294">
        <ele>2672.6</ele>
        <time>2026-08-05T05:53:06Z</time>
      </trkpt>
      <trkpt lat="44.226994" lon="7.061272">
        <ele>2672.4</ele>
        <time>2026-08-05T05:53:08Z</time>
      </trkpt>
      <trkpt lat="44.227041" lon="7.061231">
        <ele>2672.0</ele>
        <time>2026-08-05T05:53:15Z</time>
      </trkpt>
      <trkpt lat="44.227058" lon="7.061211">
        <ele>2671.6</ele>
        <time>2026-08-05T05:53:18Z</time>
      </trkpt>
      <trkpt lat="44.227084" lon="7.061158">
        <ele>2671.2</ele>
        <time>2026-08-05T05:53:24Z</time>
      </trkpt>
      <trkpt lat="44.227101" lon="7.061094">
        <ele>2672.2</ele>
        <time>2026-08-05T05:53:33Z</time>
      </trkpt>
      <trkpt lat="44.227156" lon="7.061069">
        <ele>2670.8</ele>
        <time>2026-08-05T05:53:42Z</time>
      </trkpt>
      <trkpt lat="44.227163" lon="7.061065">
        <ele>2670.6</ele>
        <time>2026-08-05T05:53:43Z</time>
      </trkpt>
      <trkpt lat="44.227197" lon="7.061046">
        <ele>2669.6</ele>
        <time>2026-08-05T05:53:48Z</time>
      </trkpt>
      <trkpt lat="44.227228" lon="7.061027">
        <ele>2668.4</ele>
        <time>2026-08-05T05:53:54Z</time>
      </trkpt>
      <trkpt lat="44.227249" lon="7.061011">
        <ele>2667.4</ele>
        <time>2026-08-05T05:53:59Z</time>
      </trkpt>
      <trkpt lat="44.227258" lon="7.060987">
        <ele>2666.6</ele>
        <time>2026-08-05T05:54:03Z</time>
      </trkpt>
      <trkpt lat="44.227265" lon="7.060968">
        <ele>2666.2</ele>
        <time>2026-08-05T05:54:05Z</time>
      </trkpt>
      <trkpt lat="44.227288" lon="7.060918">
        <ele>2665.2</ele>
        <time>2026-08-05T05:54:12Z</time>
      </trkpt>
      <trkpt lat="44.227291" lon="7.060911">
        <ele>2665.0</ele>
        <time>2026-08-05T05:54:13Z</time>
      </trkpt>
      <trkpt lat="44.227293" lon="7.060892">
        <ele>2663.8</ele>
        <time>2026-08-05T05:54:19Z</time>
      </trkpt>
      <trkpt lat="44.2273" lon="7.060882">
        <ele>2663.4</ele>
        <time>2026-08-05T05:54:21Z</time>
      </trkpt>
      <trkpt lat="44.227313" lon="7.060869">
        <ele>2662.6</ele>
        <time>2026-08-05T05:54:25Z</time>
      </trkpt>
      <trkpt lat="44.227324" lon="7.060852">
        <ele>2661.8</ele>
        <time>2026-08-05T05:54:29Z</time>
      </trkpt>
      <trkpt lat="44.227327" lon="7.060849">
        <ele>2661.6</ele>
        <time>2026-08-05T05:54:30Z</time>
      </trkpt>
      <trkpt lat="44.227334" lon="7.06082">
        <ele>2660.8</ele>
        <time>2026-08-05T05:54:39Z</time>
      </trkpt>
      <trkpt lat="44.227343" lon="7.060824">
        <ele>2660.8</ele>
        <time>2026-08-05T05:54:46Z</time>
      </trkpt>
      <trkpt lat="44.227336" lon="7.060833">
        <ele>2660.8</ele>
        <time>2026-08-05T05:54:49Z</time>
      </trkpt>
      <trkpt lat="44.227321" lon="7.060821">
        <ele>2660.8</ele>
        <time>2026-08-05T05:55:00Z</time>
      </trkpt>
      <trkpt lat="44.227345" lon="7.060801">
        <ele>2661.2</ele>
        <time>2026-08-05T05:55:15Z</time>
      </trkpt>
      <trkpt lat="44.227348" lon="7.060753">
        <ele>2660.8</ele>
        <time>2026-08-05T05:55:22Z</time>
      </trkpt>
      <trkpt lat="44.227349" lon="7.060745">
        <ele>2660.4</ele>
        <time>2026-08-05T05:55:23Z</time>
      </trkpt>
      <trkpt lat="44.227363" lon="7.060717">
        <ele>2659.4</ele>
        <time>2026-08-05T05:55:28Z</time>
      </trkpt>
      <trkpt lat="44.22736" lon="7.060701">
        <ele>2658.8</ele>
        <time>2026-08-05T05:55:31Z</time>
      </trkpt>
      <trkpt lat="44.227366" lon="7.060688">
        <ele>2658.4</ele>
        <time>2026-08-05T05:55:33Z</time>
      </trkpt>
      <trkpt lat="44.227379" lon="7.060679">
        <ele>2657.6</ele>
        <time>2026-08-05T05:55:38Z</time>
      </trkpt>
      <trkpt lat="44.227377" lon="7.060682">
        <ele>2657.2</ele>
        <time>2026-08-05T05:55:40Z</time>
      </trkpt>
      <trkpt lat="44.227384" lon="7.060648">
        <ele>2657.0</ele>
        <time>2026-08-05T05:55:44Z</time>
      </trkpt>
      <trkpt lat="44.227404" lon="7.060605">
        <ele>2656.0</ele>
        <time>2026-08-05T05:55:49Z</time>
      </trkpt>
      <trkpt lat="44.227412" lon="7.060598">
        <ele>2655.2</ele>
        <time>2026-08-05T05:55:53Z</time>
      </trkpt>
      <trkpt lat="44.227415" lon="7.060584">
        <ele>2654.8</ele>
        <time>2026-08-05T05:55:55Z</time>
      </trkpt>
      <trkpt lat="44.227423" lon="7.060566">
        <ele>2653.8</ele>
        <time>2026-08-05T05:55:59Z</time>
      </trkpt>
      <trkpt lat="44.227425" lon="7.060564">
        <ele>2653.6</ele>
        <time>2026-08-05T05:56:00Z</time>
      </trkpt>
      <trkpt lat="44.227426" lon="7.06056">
        <ele>2653.4</ele>
        <time>2026-08-05T05:56:01Z</time>
      </trkpt>
      <trkpt lat="44.227432" lon="7.060535">
        <ele>2652.8</ele>
        <time>2026-08-05T05:56:04Z</time>
      </trkpt>
      <trkpt lat="44.227434" lon="7.060528">
        <ele>2652.6</ele>
        <time>2026-08-05T05:56:05Z</time>
      </trkpt>
      <trkpt lat="44.227436" lon="7.060505">
        <ele>2652.0</ele>
        <time>2026-08-05T05:56:10Z</time>
      </trkpt>
      <trkpt lat="44.227445" lon="7.060513">
        <ele>2651.4</ele>
        <time>2026-08-05T05:56:13Z</time>
      </trkpt>
      <trkpt lat="44.227442" lon="7.06049">
        <ele>2650.8</ele>
        <time>2026-08-05T05:56:16Z</time>
      </trkpt>
      <trkpt lat="44.227461" lon="7.060505">
        <ele>2650.4</ele>
        <time>2026-08-05T05:56:19Z</time>
      </trkpt>
      <trkpt lat="44.227468" lon="7.060508">
        <ele>2649.8</ele>
        <time>2026-08-05T05:56:21Z</time>
      </trkpt>
      <trkpt lat="44.227475" lon="7.060504">
        <ele>2649.2</ele>
        <time>2026-08-05T05:56:24Z</time>
      </trkpt>
      <trkpt lat="44.227472" lon="7.060488">
        <ele>2648.0</ele>
        <time>2026-08-05T05:56:29Z</time>
      </trkpt>
      <trkpt lat="44.227476" lon="7.060482">
        <ele>2647.8</ele>
        <time>2026-08-05T05:56:30Z</time>
      </trkpt>
      <trkpt lat="44.227496" lon="7.060467">
        <ele>2646.8</ele>
        <time>2026-08-05T05:56:34Z</time>
      </trkpt>
      <trkpt lat="44.227524" lon="7.060445">
        <ele>2646.2</ele>
        <time>2026-08-05T05:56:38Z</time>
      </trkpt>
      <trkpt lat="44.227538" lon="7.060427">
        <ele>2645.8</ele>
        <time>2026-08-05T05:56:41Z</time>
      </trkpt>
      <trkpt lat="44.227543" lon="7.060389">
        <ele>2645.0</ele>
        <time>2026-08-05T05:56:46Z</time>
      </trkpt>
      <trkpt lat="44.227529" lon="7.060337">
        <ele>2645.4</ele>
        <time>2026-08-05T05:56:52Z</time>
      </trkpt>
      <trkpt lat="44.227527" lon="7.060271">
        <ele>2645.8</ele>
        <time>2026-08-05T05:57:00Z</time>
      </trkpt>
      <trkpt lat="44.227525" lon="7.060172">
        <ele>2646.8</ele>
        <time>2026-08-05T05:57:08Z</time>
      </trkpt>
      <trkpt lat="44.227561" lon="7.060085">
        <ele>2646.0</ele>
        <time>2026-08-05T05:57:18Z</time>
      </trkpt>
      <trkpt lat="44.2276" lon="7.060052">
        <ele>2645.0</ele>
        <time>2026-08-05T05:57:25Z</time>
      </trkpt>
      <trkpt lat="44.227605" lon="7.060045">
        <ele>2644.8</ele>
        <time>2026-08-05T05:57:26Z</time>
      </trkpt>
      <trkpt lat="44.227637" lon="7.060018">
        <ele>2643.8</ele>
        <time>2026-08-05T05:57:33Z</time>
      </trkpt>
      <trkpt lat="44.227655" lon="7.059995">
        <ele>2643.2</ele>
        <time>2026-08-05T05:57:36Z</time>
      </trkpt>
      <trkpt lat="44.227663" lon="7.059967">
        <ele>2642.6</ele>
        <time>2026-08-05T05:57:39Z</time>
      </trkpt>
      <trkpt lat="44.227683" lon="7.059922">
        <ele>2641.6</ele>
        <time>2026-08-05T05:57:46Z</time>
      </trkpt>
      <trkpt lat="44.227701" lon="7.059878">
        <ele>2640.4</ele>
        <time>2026-08-05T05:57:51Z</time>
      </trkpt>
      <trkpt lat="44.227708" lon="7.059838">
        <ele>2640.0</ele>
        <time>2026-08-05T05:57:54Z</time>
      </trkpt>
      <trkpt lat="44.22773" lon="7.059744">
        <ele>2639.8</ele>
        <time>2026-08-05T05:58:03Z</time>
      </trkpt>
      <trkpt lat="44.227742" lon="7.059722">
        <ele>2639.4</ele>
        <time>2026-08-05T05:58:06Z</time>
      </trkpt>
      <trkpt lat="44.227768" lon="7.059691">
        <ele>2638.6</ele>
        <time>2026-08-05T05:58:11Z</time>
      </trkpt>
      <trkpt lat="44.227781" lon="7.059665">
        <ele>2638.4</ele>
        <time>2026-08-05T05:58:13Z</time>
      </trkpt>
      <trkpt lat="44.227815" lon="7.059616">
        <ele>2638.2</ele>
        <time>2026-08-05T05:58:18Z</time>
      </trkpt>
      <trkpt lat="44.227861" lon="7.059536">
        <ele>2638.0</ele>
        <time>2026-08-05T05:58:27Z</time>
      </trkpt>
      <trkpt lat="44.227895" lon="7.059521">
        <ele>2637.2</ele>
        <time>2026-08-05T05:58:32Z</time>
      </trkpt>
      <trkpt lat="44.227912" lon="7.059507">
        <ele>2637.0</ele>
        <time>2026-08-05T05:58:34Z</time>
      </trkpt>
      <trkpt lat="44.227953" lon="7.059426">
        <ele>2637.0</ele>
        <time>2026-08-05T05:58:41Z</time>
      </trkpt>
      <trkpt lat="44.227971" lon="7.059363">
        <ele>2637.4</ele>
        <time>2026-08-05T05:58:48Z</time>
      </trkpt>
      <trkpt lat="44.227982" lon="7.059294">
        <ele>2638.2</ele>
        <time>2026-08-05T05:58:55Z</time>
      </trkpt>
      <trkpt lat="44.227987" lon="7.059281">
        <ele>2638.4</ele>
        <time>2026-08-05T05:58:56Z</time>
      </trkpt>
      <trkpt lat="44.227998" lon="7.059244">
        <ele>2638.4</ele>
        <time>2026-08-05T05:58:59Z</time>
      </trkpt>
      <trkpt lat="44.228021" lon="7.059214">
        <ele>2639.0</ele>
        <time>2026-08-05T05:59:05Z</time>
      </trkpt>
      <trkpt lat="44.228057" lon="7.059135">
        <ele>2639.0</ele>
        <time>2026-08-05T05:59:13Z</time>
      </trkpt>
      <trkpt lat="44.228073" lon="7.059077">
        <ele>2639.4</ele>
        <time>2026-08-05T05:59:18Z</time>
      </trkpt>
      <trkpt lat="44.228079" lon="7.059048">
        <ele>2639.6</ele>
        <time>2026-08-05T05:59:21Z</time>
      </trkpt>
      <trkpt lat="44.228109" lon="7.058963">
        <ele>2640.4</ele>
        <time>2026-08-05T05:59:29Z</time>
      </trkpt>
      <trkpt lat="44.228112" lon="7.058953">
        <ele>2640.6</ele>
        <time>2026-08-05T05:59:30Z</time>
      </trkpt>
      <trkpt lat="44.228143" lon="7.058887">
        <ele>2641.4</ele>
        <time>2026-08-05T05:59:36Z</time>
      </trkpt>
      <trkpt lat="44.22815" lon="7.058864">
        <ele>2641.8</ele>
        <time>2026-08-05T05:59:38Z</time>
      </trkpt>
      <trkpt lat="44.228167" lon="7.058809">
        <ele>2642.4</ele>
        <time>2026-08-05T05:59:43Z</time>
      </trkpt>
      <trkpt lat="44.228176" lon="7.058795">
        <ele>2642.4</ele>
        <time>2026-08-05T05:59:45Z</time>
      </trkpt>
      <trkpt lat="44.228187" lon="7.058774">
        <ele>2642.4</ele>
        <time>2026-08-05T05:59:47Z</time>
      </trkpt>
      <trkpt lat="44.228225" lon="7.058711">
        <ele>2642.8</ele>
        <time>2026-08-05T05:59:54Z</time>
      </trkpt>
      <trkpt lat="44.228263" lon="7.058676">
        <ele>2642.8</ele>
        <time>2026-08-05T05:59:59Z</time>
      </trkpt>
      <trkpt lat="44.228276" lon="7.058658">
        <ele>2642.6</ele>
        <time>2026-08-05T06:00:01Z</time>
      </trkpt>
      <trkpt lat="44.228311" lon="7.058594">
        <ele>2642.0</ele>
        <time>2026-08-05T06:00:10Z</time>
      </trkpt>
      <trkpt lat="44.228346" lon="7.058516">
        <ele>2641.4</ele>
        <time>2026-08-05T06:00:17Z</time>
      </trkpt>
      <trkpt lat="44.228362" lon="7.058495">
        <ele>2641.2</ele>
        <time>2026-08-05T06:00:19Z</time>
      </trkpt>
      <trkpt lat="44.228412" lon="7.058459">
        <ele>2640.6</ele>
        <time>2026-08-05T06:00:27Z</time>
      </trkpt>
      <trkpt lat="44.228411" lon="7.05846">
        <ele>2640.4</ele>
        <time>2026-08-05T06:00:28Z</time>
      </trkpt>
      <trkpt lat="44.228406" lon="7.058466">
        <ele>2640.2</ele>
        <time>2026-08-05T06:00:34Z</time>
      </trkpt>
      <trkpt lat="44.228408" lon="7.058454">
        <ele>2639.6</ele>
        <time>2026-08-05T06:00:38Z</time>
      </trkpt>
      <trkpt lat="44.228409" lon="7.058455">
        <ele>2639.4</ele>
        <time>2026-08-05T06:00:40Z</time>
      </trkpt>
      <trkpt lat="44.228449" lon="7.058447">
        <ele>2638.8</ele>
        <time>2026-08-05T06:00:47Z</time>
      </trkpt>
      <trkpt lat="44.228468" lon="7.058438">
        <ele>2638.2</ele>
        <time>2026-08-05T06:00:51Z</time>
      </trkpt>
      <trkpt lat="44.228471" lon="7.058448">
        <ele>2637.8</ele>
        <time>2026-08-05T06:00:56Z</time>
      </trkpt>
      <trkpt lat="44.228475" lon="7.058446">
        <ele>2637.6</ele>
        <time>2026-08-05T06:01:03Z</time>
      </trkpt>
      <trkpt lat="44.228475" lon="7.058446">
        <ele>2637.4</ele>
        <time>2026-08-05T06:01:08Z</time>
      </trkpt>
      <trkpt lat="44.228474" lon="7.05845">
        <ele>2637.0</ele>
        <time>2026-08-05T06:01:11Z</time>
      </trkpt>
      <trkpt lat="44.228478" lon="7.05845">
        <ele>2636.8</ele>
        <time>2026-08-05T06:01:13Z</time>
      </trkpt>
      <trkpt lat="44.228489" lon="7.058447">
        <ele>2636.0</ele>
        <time>2026-08-05T06:01:17Z</time>
      </trkpt>
      <trkpt lat="44.228501" lon="7.058422">
        <ele>2635.0</ele>
        <time>2026-08-05T06:01:21Z</time>
      </trkpt>
      <trkpt lat="44.228505" lon="7.058414">
        <ele>2634.8</ele>
        <time>2026-08-05T06:01:22Z</time>
      </trkpt>
      <trkpt lat="44.228513" lon="7.058381">
        <ele>2633.6</ele>
        <time>2026-08-05T06:01:27Z</time>
      </trkpt>
      <trkpt lat="44.228522" lon="7.058363">
        <ele>2632.8</ele>
        <time>2026-08-05T06:01:31Z</time>
      </trkpt>
      <trkpt lat="44.228536" lon="7.058373">
        <ele>2632.6</ele>
        <time>2026-08-05T06:01:32Z</time>
      </trkpt>
      <trkpt lat="44.228561" lon="7.058391">
        <ele>2632.2</ele>
        <time>2026-08-05T06:01:35Z</time>
      </trkpt>
      <trkpt lat="44.228576" lon="7.05838">
        <ele>2631.6</ele>
        <time>2026-08-05T06:01:37Z</time>
      </trkpt>
      <trkpt lat="44.228583" lon="7.058377">
        <ele>2631.4</ele>
        <time>2026-08-05T06:01:38Z</time>
      </trkpt>
      <trkpt lat="44.228604" lon="7.058336">
        <ele>2630.2</ele>
        <time>2026-08-05T06:01:44Z</time>
      </trkpt>
      <trkpt lat="44.228621" lon="7.058307">
        <ele>2629.0</ele>
        <time>2026-08-05T06:01:50Z</time>
      </trkpt>
      <trkpt lat="44.228625" lon="7.058299">
        <ele>2628.8</ele>
        <time>2026-08-05T06:01:51Z</time>
      </trkpt>
      <trkpt lat="44.228631" lon="7.058274">
        <ele>2628.0</ele>
        <time>2026-08-05T06:01:55Z</time>
      </trkpt>
      <trkpt lat="44.228641" lon="7.058263">
        <ele>2627.6</ele>
        <time>2026-08-05T06:01:57Z</time>
      </trkpt>
      <trkpt lat="44.228655" lon="7.058243">
        <ele>2627.0</ele>
        <time>2026-08-05T06:02:01Z</time>
      </trkpt>
      <trkpt lat="44.228678" lon="7.058256">
        <ele>2626.0</ele>
        <time>2026-08-05T06:02:06Z</time>
      </trkpt>
      <trkpt lat="44.228682" lon="7.058258">
        <ele>2625.8</ele>
        <time>2026-08-05T06:02:07Z</time>
      </trkpt>
      <trkpt lat="44.2287" lon="7.058263">
        <ele>2624.6</ele>
        <time>2026-08-05T06:02:12Z</time>
      </trkpt>
      <trkpt lat="44.228706" lon="7.058263">
        <ele>2624.2</ele>
        <time>2026-08-05T06:02:14Z</time>
      </trkpt>
      <trkpt lat="44.228716" lon="7.058256">
        <ele>2623.6</ele>
        <time>2026-08-05T06:02:17Z</time>
      </trkpt>
      <trkpt lat="44.228737" lon="7.058219">
        <ele>2622.6</ele>
        <time>2026-08-05T06:02:22Z</time>
      </trkpt>
      <trkpt lat="44.228743" lon="7.058215">
        <ele>2622.4</ele>
        <time>2026-08-05T06:02:23Z</time>
      </trkpt>
      <trkpt lat="44.22878" lon="7.058201">
        <ele>2621.4</ele>
        <time>2026-08-05T06:02:30Z</time>
      </trkpt>
      <trkpt lat="44.228787" lon="7.058193">
        <ele>2621.2</ele>
        <time>2026-08-05T06:02:31Z</time>
      </trkpt>
      <trkpt lat="44.228801" lon="7.058181">
        <ele>2621.0</ele>
        <time>2026-08-05T06:02:34Z</time>
      </trkpt>
      <trkpt lat="44.228814" lon="7.058146">
        <ele>2620.4</ele>
        <time>2026-08-05T06:02:40Z</time>
      </trkpt>
      <trkpt lat="44.228815" lon="7.058142">
        <ele>2620.2</ele>
        <time>2026-08-05T06:02:41Z</time>
      </trkpt>
      <trkpt lat="44.228816" lon="7.058138">
        <ele>2620.0</ele>
        <time>2026-08-05T06:02:42Z</time>
      </trkpt>
      <trkpt lat="44.228844" lon="7.058111">
        <ele>2619.2</ele>
        <time>2026-08-05T06:02:48Z</time>
      </trkpt>
      <trkpt lat="44.228866" lon="7.058108">
        <ele>2618.8</ele>
        <time>2026-08-05T06:02:51Z</time>
      </trkpt>
      <trkpt lat="44.228896" lon="7.05808">
        <ele>2618.4</ele>
        <time>2026-08-05T06:02:57Z</time>
      </trkpt>
      <trkpt lat="44.228928" lon="7.058048">
        <ele>2618.2</ele>
        <time>2026-08-05T06:03:04Z</time>
      </trkpt>
      <trkpt lat="44.228938" lon="7.058037">
        <ele>2618.2</ele>
        <time>2026-08-05T06:03:06Z</time>
      </trkpt>
      <trkpt lat="44.228964" lon="7.057961">
        <ele>2617.4</ele>
        <time>2026-08-05T06:03:14Z</time>
      </trkpt>
      <trkpt lat="44.229002" lon="7.057894">
        <ele>2617.4</ele>
        <time>2026-08-05T06:03:24Z</time>
      </trkpt>
      <trkpt lat="44.22901" lon="7.057867">
        <ele>2617.0</ele>
        <time>2026-08-05T06:03:28Z</time>
      </trkpt>
      <trkpt lat="44.229014" lon="7.057847">
        <ele>2616.8</ele>
        <time>2026-08-05T06:03:32Z</time>
      </trkpt>
      <trkpt lat="44.229029" lon="7.057784">
        <ele>2616.6</ele>
        <time>2026-08-05T06:03:40Z</time>
      </trkpt>
      <trkpt lat="44.22904" lon="7.057713">
        <ele>2617.4</ele>
        <time>2026-08-05T06:03:47Z</time>
      </trkpt>
      <trkpt lat="44.229061" lon="7.057636">
        <ele>2617.2</ele>
        <time>2026-08-05T06:03:58Z</time>
      </trkpt>
      <trkpt lat="44.229083" lon="7.0576">
        <ele>2616.0</ele>
        <time>2026-08-05T06:04:06Z</time>
      </trkpt>
      <trkpt lat="44.229085" lon="7.057591">
        <ele>2615.8</ele>
        <time>2026-08-05T06:04:07Z</time>
      </trkpt>
      <trkpt lat="44.229097" lon="7.057564">
        <ele>2614.8</ele>
        <time>2026-08-05T06:04:11Z</time>
      </trkpt>
      <trkpt lat="44.229104" lon="7.057564">
        <ele>2614.6</ele>
        <time>2026-08-05T06:04:14Z</time>
      </trkpt>
      <trkpt lat="44.229112" lon="7.05756">
        <ele>2614.4</ele>
        <time>2026-08-05T06:04:15Z</time>
      </trkpt>
      <trkpt lat="44.229122" lon="7.057552">
        <ele>2613.8</ele>
        <time>2026-08-05T06:04:18Z</time>
      </trkpt>
      <trkpt lat="44.229135" lon="7.057558">
        <ele>2612.8</ele>
        <time>2026-08-05T06:04:24Z</time>
      </trkpt>
      <trkpt lat="44.229139" lon="7.057524">
        <ele>2611.8</ele>
        <time>2026-08-05T06:04:31Z</time>
      </trkpt>
      <trkpt lat="44.229137" lon="7.057502">
        <ele>2611.6</ele>
        <time>2026-08-05T06:04:33Z</time>
      </trkpt>
      <trkpt lat="44.229142" lon="7.057466">
        <ele>2612.0</ele>
        <time>2026-08-05T06:04:37Z</time>
      </trkpt>
      <trkpt lat="44.229148" lon="7.057478">
        <ele>2611.4</ele>
        <time>2026-08-05T06:04:41Z</time>
      </trkpt>
      <trkpt lat="44.229151" lon="7.05745">
        <ele>2610.8</ele>
        <time>2026-08-05T06:04:46Z</time>
      </trkpt>
      <trkpt lat="44.229153" lon="7.057439">
        <ele>2610.8</ele>
        <time>2026-08-05T06:04:49Z</time>
      </trkpt>
      <trkpt lat="44.229162" lon="7.057458">
        <ele>2609.6</ele>
        <time>2026-08-05T06:04:54Z</time>
      </trkpt>
      <trkpt lat="44.229166" lon="7.057461">
        <ele>2609.4</ele>
        <time>2026-08-05T06:04:55Z</time>
      </trkpt>
      <trkpt lat="44.229204" lon="7.057438">
        <ele>2608.4</ele>
        <time>2026-08-05T06:05:01Z</time>
      </trkpt>
      <trkpt lat="44.229213" lon="7.057416">
        <ele>2608.0</ele>
        <time>2026-08-05T06:05:03Z</time>
      </trkpt>
      <trkpt lat="44.229218" lon="7.057375">
        <ele>2607.2</ele>
        <time>2026-08-05T06:05:06Z</time>
      </trkpt>
      <trkpt lat="44.229212" lon="7.057351">
        <ele>2606.6</ele>
        <time>2026-08-05T06:05:10Z</time>
      </trkpt>
      <trkpt lat="44.229216" lon="7.057342">
        <ele>2606.0</ele>
        <time>2026-08-05T06:05:13Z</time>
      </trkpt>
      <trkpt lat="44.229231" lon="7.057324">
        <ele>2605.0</ele>
        <time>2026-08-05T06:05:19Z</time>
      </trkpt>
      <trkpt lat="44.229233" lon="7.057317">
        <ele>2605.0</ele>
        <time>2026-08-05T06:05:20Z</time>
      </trkpt>
      <trkpt lat="44.229236" lon="7.057298">
        <ele>2604.4</ele>
        <time>2026-08-05T06:05:25Z</time>
      </trkpt>
      <trkpt lat="44.229242" lon="7.057282">
        <ele>2604.0</ele>
        <time>2026-08-05T06:05:28Z</time>
      </trkpt>
      <trkpt lat="44.229272" lon="7.057255">
        <ele>2602.8</ele>
        <time>2026-08-05T06:05:33Z</time>
      </trkpt>
      <trkpt lat="44.229274" lon="7.057246">
        <ele>2602.6</ele>
        <time>2026-08-05T06:05:34Z</time>
      </trkpt>
      <trkpt lat="44.229266" lon="7.057177">
        <ele>2602.2</ele>
        <time>2026-08-05T06:05:42Z</time>
      </trkpt>
      <trkpt lat="44.229277" lon="7.05715">
        <ele>2601.8</ele>
        <time>2026-08-05T06:05:45Z</time>
      </trkpt>
      <trkpt lat="44.229279" lon="7.057109">
        <ele>2601.0</ele>
        <time>2026-08-05T06:05:49Z</time>
      </trkpt>
      <trkpt lat="44.229276" lon="7.057095">
        <ele>2600.8</ele>
        <time>2026-08-05T06:05:50Z</time>
      </trkpt>
      <trkpt lat="44.229273" lon="7.057083">
        <ele>2600.8</ele>
        <time>2026-08-05T06:05:51Z</time>
      </trkpt>
      <trkpt lat="44.229258" lon="7.057025">
        <ele>2601.4</ele>
        <time>2026-08-05T06:05:57Z</time>
      </trkpt>
      <trkpt lat="44.229257" lon="7.056957">
        <ele>2600.4</ele>
        <time>2026-08-05T06:06:04Z</time>
      </trkpt>
      <trkpt lat="44.229255" lon="7.056907">
        <ele>2599.6</ele>
        <time>2026-08-05T06:06:10Z</time>
      </trkpt>
      <trkpt lat="44.229259" lon="7.056894">
        <ele>2599.6</ele>
        <time>2026-08-05T06:06:12Z</time>
      </trkpt>
      <trkpt lat="44.229271" lon="7.056863">
        <ele>2598.6</ele>
        <time>2026-08-05T06:06:17Z</time>
      </trkpt>
      <trkpt lat="44.229278" lon="7.056837">
        <ele>2597.8</ele>
        <time>2026-08-05T06:06:20Z</time>
      </trkpt>
      <trkpt lat="44.229285" lon="7.056807">
        <ele>2597.6</ele>
        <time>2026-08-05T06:06:22Z</time>
      </trkpt>
      <trkpt lat="44.229297" lon="7.056731">
        <ele>2597.2</ele>
        <time>2026-08-05T06:06:28Z</time>
      </trkpt>
      <trkpt lat="44.229297" lon="7.056699">
        <ele>2596.4</ele>
        <time>2026-08-05T06:06:31Z</time>
      </trkpt>
      <trkpt lat="44.229286" lon="7.05663">
        <ele>2595.4</ele>
        <time>2026-08-05T06:06:38Z</time>
      </trkpt>
      <trkpt lat="44.229282" lon="7.056622">
        <ele>2595.4</ele>
        <time>2026-08-05T06:06:39Z</time>
      </trkpt>
      <trkpt lat="44.229279" lon="7.056595">
        <ele>2594.8</ele>
        <time>2026-08-05T06:06:44Z</time>
      </trkpt>
      <trkpt lat="44.229283" lon="7.056578">
        <ele>2594.2</ele>
        <time>2026-08-05T06:06:46Z</time>
      </trkpt>
      <trkpt lat="44.229301" lon="7.056534">
        <ele>2593.0</ele>
        <time>2026-08-05T06:06:50Z</time>
      </trkpt>
      <trkpt lat="44.229319" lon="7.056478">
        <ele>2592.4</ele>
        <time>2026-08-05T06:06:54Z</time>
      </trkpt>
      <trkpt lat="44.229333" lon="7.056445">
        <ele>2592.0</ele>
        <time>2026-08-05T06:06:57Z</time>
      </trkpt>
      <trkpt lat="44.229348" lon="7.056383">
        <ele>2591.0</ele>
        <time>2026-08-05T06:07:02Z</time>
      </trkpt>
      <trkpt lat="44.229358" lon="7.056361">
        <ele>2590.8</ele>
        <time>2026-08-05T06:07:04Z</time>
      </trkpt>
      <trkpt lat="44.229401" lon="7.056296">
        <ele>2589.8</ele>
        <time>2026-08-05T06:07:11Z</time>
      </trkpt>
      <trkpt lat="44.229406" lon="7.056285">
        <ele>2589.6</ele>
        <time>2026-08-05T06:07:12Z</time>
      </trkpt>
      <trkpt lat="44.229427" lon="7.056219">
        <ele>2588.8</ele>
        <time>2026-08-05T06:07:17Z</time>
      </trkpt>
      <trkpt lat="44.229428" lon="7.056213">
        <ele>2588.6</ele>
        <time>2026-08-05T06:07:18Z</time>
      </trkpt>
      <trkpt lat="44.229458" lon="7.056156">
        <ele>2589.2</ele>
        <time>2026-08-05T06:07:25Z</time>
      </trkpt>
      <trkpt lat="44.229476" lon="7.056066">
        <ele>2589.8</ele>
        <time>2026-08-05T06:07:33Z</time>
      </trkpt>
      <trkpt lat="44.229479" lon="7.056055">
        <ele>2590.0</ele>
        <time>2026-08-05T06:07:34Z</time>
      </trkpt>
      <trkpt lat="44.229489" lon="7.056032">
        <ele>2589.4</ele>
        <time>2026-08-05T06:07:42Z</time>
      </trkpt>
      <trkpt lat="44.229528" lon="7.056069">
        <ele>2588.8</ele>
        <time>2026-08-05T06:07:49Z</time>
      </trkpt>
      <trkpt lat="44.229537" lon="7.056074">
        <ele>2588.6</ele>
        <time>2026-08-05T06:07:50Z</time>
      </trkpt>
      <trkpt lat="44.229608" lon="7.056103">
        <ele>2587.8</ele>
        <time>2026-08-05T06:07:59Z</time>
      </trkpt>
      <trkpt lat="44.229626" lon="7.056112">
        <ele>2587.6</ele>
        <time>2026-08-05T06:08:01Z</time>
      </trkpt>
      <trkpt lat="44.229701" lon="7.05612">
        <ele>2587.0</ele>
        <time>2026-08-05T06:08:08Z</time>
      </trkpt>
      <trkpt lat="44.229764" lon="7.05608">
        <ele>2586.8</ele>
        <time>2026-08-05T06:08:17Z</time>
      </trkpt>
      <trkpt lat="44.22978" lon="7.056048">
        <ele>2587.6</ele>
        <time>2026-08-05T06:08:22Z</time>
      </trkpt>
      <trkpt lat="44.22978" lon="7.056041">
        <ele>2587.8</ele>
        <time>2026-08-05T06:08:23Z</time>
      </trkpt>
      <trkpt lat="44.229789" lon="7.056027">
        <ele>2588.8</ele>
        <time>2026-08-05T06:08:27Z</time>
      </trkpt>
      <trkpt lat="44.229791" lon="7.056047">
        <ele>2589.2</ele>
        <time>2026-08-05T06:08:30Z</time>
      </trkpt>
      <trkpt lat="44.229792" lon="7.056051">
        <ele>2589.2</ele>
        <time>2026-08-05T06:08:31Z</time>
      </trkpt>
      <trkpt lat="44.229791" lon="7.056054">
        <ele>2588.8</ele>
        <time>2026-08-05T06:08:34Z</time>
      </trkpt>
      <trkpt lat="44.229812" lon="7.056045">
        <ele>2587.8</ele>
        <time>2026-08-05T06:08:39Z</time>
      </trkpt>
      <trkpt lat="44.229818" lon="7.056041">
        <ele>2587.4</ele>
        <time>2026-08-05T06:08:40Z</time>
      </trkpt>
      <trkpt lat="44.229838" lon="7.056025">
        <ele>2586.8</ele>
        <time>2026-08-05T06:08:43Z</time>
      </trkpt>
      <trkpt lat="44.229852" lon="7.056018">
        <ele>2586.0</ele>
        <time>2026-08-05T06:08:48Z</time>
      </trkpt>
      <trkpt lat="44.229864" lon="7.056013">
        <ele>2585.8</ele>
        <time>2026-08-05T06:08:50Z</time>
      </trkpt>
      <trkpt lat="44.229879" lon="7.056028">
        <ele>2584.6</ele>
        <time>2026-08-05T06:08:55Z</time>
      </trkpt>
      <trkpt lat="44.229882" lon="7.056049">
        <ele>2584.2</ele>
        <time>2026-08-05T06:08:58Z</time>
      </trkpt>
      <trkpt lat="44.229885" lon="7.05607">
        <ele>2583.6</ele>
        <time>2026-08-05T06:09:01Z</time>
      </trkpt>
      <trkpt lat="44.229877" lon="7.05607">
        <ele>2582.6</ele>
        <time>2026-08-05T06:09:06Z</time>
      </trkpt>
      <trkpt lat="44.229867" lon="7.056066">
        <ele>2582.4</ele>
        <time>2026-08-05T06:09:09Z</time>
      </trkpt>
      <trkpt lat="44.229873" lon="7.056071">
        <ele>2582.2</ele>
        <time>2026-08-05T06:09:16Z</time>
      </trkpt>
      <trkpt lat="44.229905" lon="7.056066">
        <ele>2582.0</ele>
        <time>2026-08-05T06:09:25Z</time>
      </trkpt>
      <trkpt lat="44.229933" lon="7.056075">
        <ele>2581.8</ele>
        <time>2026-08-05T06:09:36Z</time>
      </trkpt>
      <trkpt lat="44.229919" lon="7.05608">
        <ele>2581.8</ele>
        <time>2026-08-05T06:09:43Z</time>
      </trkpt>
      <trkpt lat="44.229906" lon="7.056041">
        <ele>2581.6</ele>
        <time>2026-08-05T06:09:52Z</time>
      </trkpt>
      <trkpt lat="44.229905" lon="7.056041">
        <ele>2581.4</ele>
        <time>2026-08-05T06:09:53Z</time>
      </trkpt>
      <trkpt lat="44.229887" lon="7.056066">
        <ele>2581.4</ele>
        <time>2026-08-05T06:10:00Z</time>
      </trkpt>
      <trkpt lat="44.229887" lon="7.05607">
        <ele>2581.4</ele>
        <time>2026-08-05T06:10:02Z</time>
      </trkpt>
      <trkpt lat="44.229893" lon="7.056067">
        <ele>2581.2</ele>
        <time>2026-08-05T06:10:10Z</time>
      </trkpt>
      <trkpt lat="44.229854" lon="7.056075">
        <ele>2581.0</ele>
        <time>2026-08-05T06:10:16Z</time>
      </trkpt>
      <trkpt lat="44.229848" lon="7.056075">
        <ele>2581.0</ele>
        <time>2026-08-05T06:10:19Z</time>
      </trkpt>
      <trkpt lat="44.229882" lon="7.056092">
        <ele>2581.2</ele>
        <time>2026-08-05T06:10:27Z</time>
      </trkpt>
      <trkpt lat="44.229896" lon="7.056037">
        <ele>2580.4</ele>
        <time>2026-08-05T06:10:36Z</time>
      </trkpt>
      <trkpt lat="44.229898" lon="7.056036">
        <ele>2580.4</ele>
        <time>2026-08-05T06:10:37Z</time>
      </trkpt>
      <trkpt lat="44.229907" lon="7.05606">
        <ele>2580.2</ele>
        <time>2026-08-05T06:10:45Z</time>
      </trkpt>
      <trkpt lat="44.229924" lon="7.056055">
        <ele>2580.2</ele>
        <time>2026-08-05T06:10:51Z</time>
      </trkpt>
      <trkpt lat="44.229885" lon="7.056027">
        <ele>2579.8</ele>
        <time>2026-08-05T06:10:59Z</time>
      </trkpt>
      <trkpt lat="44.229879" lon="7.056002">
        <ele>2579.4</ele>
        <time>2026-08-05T06:11:05Z</time>
      </trkpt>
      <trkpt lat="44.229875" lon="7.056">
        <ele>2579.2</ele>
        <time>2026-08-05T06:11:07Z</time>
      </trkpt>
      <trkpt lat="44.229883" lon="7.056023">
        <ele>2579.0</ele>
        <time>2026-08-05T06:11:12Z</time>
      </trkpt>
      <trkpt lat="44.229878" lon="7.056016">
        <ele>2579.0</ele>
        <time>2026-08-05T06:11:15Z</time>
      </trkpt>
      <trkpt lat="44.229876" lon="7.055999">
        <ele>2578.4</ele>
        <time>2026-08-05T06:11:23Z</time>
      </trkpt>
      <trkpt lat="44.229874" lon="7.056006">
        <ele>2578.4</ele>
        <time>2026-08-05T06:11:26Z</time>
      </trkpt>
      <trkpt lat="44.229872" lon="7.056008">
        <ele>2578.2</ele>
        <time>2026-08-05T06:11:27Z</time>
      </trkpt>
      <trkpt lat="44.229868" lon="7.056028">
        <ele>2577.8</ele>
        <time>2026-08-05T06:11:36Z</time>
      </trkpt>
      <trkpt lat="44.229865" lon="7.056054">
        <ele>2577.6</ele>
        <time>2026-08-05T06:11:46Z</time>
      </trkpt>
      <trkpt lat="44.229866" lon="7.056059">
        <ele>2577.6</ele>
        <time>2026-08-05T06:11:49Z</time>
      </trkpt>
      <trkpt lat="44.229876" lon="7.05606">
        <ele>2577.4</ele>
        <time>2026-08-05T06:11:55Z</time>
      </trkpt>
      <trkpt lat="44.229885" lon="7.056058">
        <ele>2577.4</ele>
        <time>2026-08-05T06:11:59Z</time>
      </trkpt>
      <trkpt lat="44.229888" lon="7.056058">
        <ele>2577.4</ele>
        <time>2026-08-05T06:12:00Z</time>
      </trkpt>
      <trkpt lat="44.229892" lon="7.056061">
        <ele>2577.4</ele>
        <time>2026-08-05T06:12:01Z</time>
      </trkpt>
      <trkpt lat="44.229894" lon="7.056064">
        <ele>2577.4</ele>
        <time>2026-08-05T06:12:02Z</time>
      </trkpt>
      <trkpt lat="44.229888" lon="7.056045">
        <ele>2577.0</ele>
        <time>2026-08-05T06:12:07Z</time>
      </trkpt>
      <trkpt lat="44.229863" lon="7.056058">
        <ele>2576.8</ele>
        <time>2026-08-05T06:12:18Z</time>
      </trkpt>
      <trkpt lat="44.229876" lon="7.056048">
        <ele>2576.4</ele>
        <time>2026-08-05T06:12:28Z</time>
      </trkpt>
      <trkpt lat="44.229905" lon="7.056041">
        <ele>2576.4</ele>
        <time>2026-08-05T06:12:36Z</time>
      </trkpt>
      <trkpt lat="44.22991" lon="7.056074">
        <ele>2577.0</ele>
        <time>2026-08-05T06:12:45Z</time>
      </trkpt>
      <trkpt lat="44.229898" lon="7.056053">
        <ele>2577.2</ele>
        <time>2026-08-05T06:12:53Z</time>
      </trkpt>
      <trkpt lat="44.229898" lon="7.056049">
        <ele>2577.2</ele>
        <time>2026-08-05T06:12:54Z</time>
      </trkpt>
      <trkpt lat="44.229897" lon="7.056032">
        <ele>2576.8</ele>
        <time>2026-08-05T06:13:03Z</time>
      </trkpt>
      <trkpt lat="44.229901" lon="7.056075">
        <ele>2576.4</ele>
        <time>2026-08-05T06:13:11Z</time>
      </trkpt>
      <trkpt lat="44.229893" lon="7.056053">
        <ele>2576.6</ele>
        <time>2026-08-05T06:13:19Z</time>
      </trkpt>
      <trkpt lat="44.229899" lon="7.056053">
        <ele>2576.2</ele>
        <time>2026-08-05T06:13:27Z</time>
      </trkpt>
      <trkpt lat="44.229901" lon="7.056052">
        <ele>2575.8</ele>
        <time>2026-08-05T06:13:35Z</time>
      </trkpt>
      <trkpt lat="44.229901" lon="7.05605">
        <ele>2575.8</ele>
        <time>2026-08-05T06:13:37Z</time>
      </trkpt>
      <trkpt lat="44.229906" lon="7.056023">
        <ele>2575.4</ele>
        <time>2026-08-05T06:13:46Z</time>
      </trkpt>
      <trkpt lat="44.2299" lon="7.056013">
        <ele>2575.2</ele>
        <time>2026-08-05T06:13:51Z</time>
      </trkpt>
      <trkpt lat="44.229894" lon="7.056016">
        <ele>2575.4</ele>
        <time>2026-08-05T06:13:56Z</time>
      </trkpt>
      <trkpt lat="44.229857" lon="7.056015">
        <ele>2575.2</ele>
        <time>2026-08-05T06:14:07Z</time>
      </trkpt>
      <trkpt lat="44.229817" lon="7.05607">
        <ele>2575.2</ele>
        <time>2026-08-05T06:14:17Z</time>
      </trkpt>
      <trkpt lat="44.229824" lon="7.056075">
        <ele>2575.2</ele>
        <time>2026-08-05T06:14:22Z</time>
      </trkpt>
      <trkpt lat="44.229832" lon="7.056064">
        <ele>2575.0</ele>
        <time>2026-08-05T06:14:25Z</time>
      </trkpt>
      <trkpt lat="44.229862" lon="7.056087">
        <ele>2575.0</ele>
        <time>2026-08-05T06:14:32Z</time>
      </trkpt>
      <trkpt lat="44.229873" lon="7.056069">
        <ele>2575.0</ele>
        <time>2026-08-05T06:14:35Z</time>
      </trkpt>
      <trkpt lat="44.229899" lon="7.05606">
        <ele>2575.0</ele>
        <time>2026-08-05T06:14:43Z</time>
      </trkpt>
      <trkpt lat="44.229914" lon="7.056055">
        <ele>2575.0</ele>
        <time>2026-08-05T06:14:45Z</time>
      </trkpt>
      <trkpt lat="44.229918" lon="7.056051">
        <ele>2575.0</ele>
        <time>2026-08-05T06:14:46Z</time>
      </trkpt>
      <trkpt lat="44.229896" lon="7.056043">
        <ele>2574.6</ele>
        <time>2026-08-05T06:14:53Z</time>
      </trkpt>
      <trkpt lat="44.229868" lon="7.056059">
        <ele>2574.2</ele>
        <time>2026-08-05T06:15:01Z</time>
      </trkpt>
      <trkpt lat="44.229869" lon="7.056058">
        <ele>2574.2</ele>
        <time>2026-08-05T06:15:02Z</time>
      </trkpt>
      <trkpt lat="44.229872" lon="7.056057">
        <ele>2574.4</ele>
        <time>2026-08-05T06:15:09Z</time>
      </trkpt>
      <trkpt lat="44.229876" lon="7.056079">
        <ele>2574.6</ele>
        <time>2026-08-05T06:15:21Z</time>
      </trkpt>
      <trkpt lat="44.229888" lon="7.056074">
        <ele>2574.6</ele>
        <time>2026-08-05T06:15:27Z</time>
      </trkpt>
      <trkpt lat="44.229884" lon="7.056053">
        <ele>2574.4</ele>
        <time>2026-08-05T06:15:31Z</time>
      </trkpt>
      <trkpt lat="44.229887" lon="7.056069">
        <ele>2574.4</ele>
        <time>2026-08-05T06:15:38Z</time>
      </trkpt>
      <trkpt lat="44.229856" lon="7.056081">
        <ele>2574.4</ele>
        <time>2026-08-05T06:15:45Z</time>
      </trkpt>
      <trkpt lat="44.229873" lon="7.056086">
        <ele>2574.2</ele>
        <time>2026-08-05T06:15:53Z</time>
      </trkpt>
      <trkpt lat="44.22989" lon="7.056085">
        <ele>2574.0</ele>
        <time>2026-08-05T06:16:02Z</time>
      </trkpt>
      <trkpt lat="44.22986" lon="7.056051">
        <ele>2573.8</ele>
        <time>2026-08-05T06:16:12Z</time>
      </trkpt>
      <trkpt lat="44.229864" lon="7.056056">
        <ele>2573.6</ele>
        <time>2026-08-05T06:16:21Z</time>
      </trkpt>
      <trkpt lat="44.22987" lon="7.056054">
        <ele>2573.4</ele>
        <time>2026-08-05T06:16:23Z</time>
      </trkpt>
      <trkpt lat="44.229861" lon="7.056035">
        <ele>2573.2</ele>
        <time>2026-08-05T06:16:29Z</time>
      </trkpt>
      <trkpt lat="44.229859" lon="7.056036">
        <ele>2573.2</ele>
        <time>2026-08-05T06:16:30Z</time>
      </trkpt>
      <trkpt lat="44.229858" lon="7.056037">
        <ele>2573.2</ele>
        <time>2026-08-05T06:16:31Z</time>
      </trkpt>
      <trkpt lat="44.229879" lon="7.056046">
        <ele>2573.0</ele>
        <time>2026-08-05T06:16:43Z</time>
      </trkpt>
      <trkpt lat="44.229881" lon="7.056052">
        <ele>2572.8</ele>
        <time>2026-08-05T06:16:53Z</time>
      </trkpt>
      <trkpt lat="44.229925" lon="7.056114">
        <ele>2573.0</ele>
        <time>2026-08-05T06:17:02Z</time>
      </trkpt>
      <trkpt lat="44.229922" lon="7.056097">
        <ele>2573.0</ele>
        <time>2026-08-05T06:17:12Z</time>
      </trkpt>
      <trkpt lat="44.229902" lon="7.056085">
        <ele>2573.2</ele>
        <time>2026-08-05T06:17:21Z</time>
      </trkpt>
      <trkpt lat="44.2299" lon="7.056082">
        <ele>2573.2</ele>
        <time>2026-08-05T06:17:27Z</time>
      </trkpt>
      <trkpt lat="44.229897" lon="7.056074">
        <ele>2573.2</ele>
        <time>2026-08-05T06:17:31Z</time>
      </trkpt>
      <trkpt lat="44.229883" lon="7.056072">
        <ele>2573.6</ele>
        <time>2026-08-05T06:17:39Z</time>
      </trkpt>
      <trkpt lat="44.229892" lon="7.056069">
        <ele>2573.8</ele>
        <time>2026-08-05T06:17:47Z</time>
      </trkpt>
      <trkpt lat="44.229922" lon="7.056069">
        <ele>2573.6</ele>
        <time>2026-08-05T06:17:55Z</time>
      </trkpt>
      <trkpt lat="44.229947" lon="7.056086">
        <ele>2573.8</ele>
        <time>2026-08-05T06:18:03Z</time>
      </trkpt>
      <trkpt lat="44.229932" lon="7.056108">
        <ele>2573.8</ele>
        <time>2026-08-05T06:18:16Z</time>
      </trkpt>
      <trkpt lat="44.229979" lon="7.056091">
        <ele>2573.8</ele>
        <time>2026-08-05T06:18:23Z</time>
      </trkpt>
      <trkpt lat="44.229957" lon="7.056081">
        <ele>2573.8</ele>
        <time>2026-08-05T06:18:26Z</time>
      </trkpt>
      <trkpt lat="44.229946" lon="7.056075">
        <ele>2573.8</ele>
        <time>2026-08-05T06:18:27Z</time>
      </trkpt>
      <trkpt lat="44.229941" lon="7.056072">
        <ele>2573.6</ele>
        <time>2026-08-05T06:18:28Z</time>
      </trkpt>
      <trkpt lat="44.229928" lon="7.056068">
        <ele>2573.6</ele>
        <time>2026-08-05T06:18:30Z</time>
      </trkpt>
      <trkpt lat="44.22991" lon="7.056063">
        <ele>2573.4</ele>
        <time>2026-08-05T06:18:33Z</time>
      </trkpt>
      <trkpt lat="44.229897" lon="7.056058">
        <ele>2572.8</ele>
        <time>2026-08-05T06:18:41Z</time>
      </trkpt>
      <trkpt lat="44.229901" lon="7.056054">
        <ele>2572.8</ele>
        <time>2026-08-05T06:18:43Z</time>
      </trkpt>
      <trkpt lat="44.22987" lon="7.056065">
        <ele>2572.4</ele>
        <time>2026-08-05T06:18:49Z</time>
      </trkpt>
      <trkpt lat="44.229868" lon="7.056072">
        <ele>2572.2</ele>
        <time>2026-08-05T06:18:52Z</time>
      </trkpt>
      <trkpt lat="44.229866" lon="7.056071">
        <ele>2572.0</ele>
        <time>2026-08-05T06:18:53Z</time>
      </trkpt>
      <trkpt lat="44.22988" lon="7.05603">
        <ele>2572.2</ele>
        <time>2026-08-05T06:19:00Z</time>
      </trkpt>
      <trkpt lat="44.229884" lon="7.05607">
        <ele>2572.2</ele>
        <time>2026-08-05T06:19:07Z</time>
      </trkpt>
      <trkpt lat="44.229899" lon="7.056071">
        <ele>2572.2</ele>
        <time>2026-08-05T06:19:16Z</time>
      </trkpt>
      <trkpt lat="44.229931" lon="7.056062">
        <ele>2572.0</ele>
        <time>2026-08-05T06:19:24Z</time>
      </trkpt>
      <trkpt lat="44.229912" lon="7.056065">
        <ele>2571.8</ele>
        <time>2026-08-05T06:19:32Z</time>
      </trkpt>
      <trkpt lat="44.229908" lon="7.056063">
        <ele>2571.6</ele>
        <time>2026-08-05T06:19:34Z</time>
      </trkpt>
      <trkpt lat="44.229912" lon="7.056027">
        <ele>2571.6</ele>
        <time>2026-08-05T06:19:43Z</time>
      </trkpt>
      <trkpt lat="44.2299" lon="7.05602">
        <ele>2571.6</ele>
        <time>2026-08-05T06:19:47Z</time>
      </trkpt>
      <trkpt lat="44.229904" lon="7.056036">
        <ele>2571.4</ele>
        <time>2026-08-05T06:19:52Z</time>
      </trkpt>
      <trkpt lat="44.229904" lon="7.056061">
        <ele>2571.2</ele>
        <time>2026-08-05T06:20:02Z</time>
      </trkpt>
      <trkpt lat="44.229889" lon="7.05607">
        <ele>2571.2</ele>
        <time>2026-08-05T06:20:10Z</time>
      </trkpt>
      <trkpt lat="44.229892" lon="7.056068">
        <ele>2571.2</ele>
        <time>2026-08-05T06:20:11Z</time>
      </trkpt>
      <trkpt lat="44.229892" lon="7.056005">
        <ele>2571.0</ele>
        <time>2026-08-05T06:20:18Z</time>
      </trkpt>
      <trkpt lat="44.229895" lon="7.056007">
        <ele>2571.0</ele>
        <time>2026-08-05T06:20:19Z</time>
      </trkpt>
      <trkpt lat="44.229898" lon="7.056012">
        <ele>2571.0</ele>
        <time>2026-08-05T06:20:21Z</time>
      </trkpt>
      <trkpt lat="44.229904" lon="7.05601">
        <ele>2571.0</ele>
        <time>2026-08-05T06:20:26Z</time>
      </trkpt>
      <trkpt lat="44.229909" lon="7.05604">
        <ele>2571.4</ele>
        <time>2026-08-05T06:20:36Z</time>
      </trkpt>
      <trkpt lat="44.22992" lon="7.056068">
        <ele>2571.6</ele>
        <time>2026-08-05T06:20:45Z</time>
      </trkpt>
      <trkpt lat="44.229931" lon="7.056075">
        <ele>2571.6</ele>
        <time>2026-08-05T06:20:47Z</time>
      </trkpt>
      <trkpt lat="44.229933" lon="7.056079">
        <ele>2571.4</ele>
        <time>2026-08-05T06:20:49Z</time>
      </trkpt>
      <trkpt lat="44.229909" lon="7.056062">
        <ele>2571.4</ele>
        <time>2026-08-05T06:20:55Z</time>
      </trkpt>
      <trkpt lat="44.229904" lon="7.056054">
        <ele>2571.2</ele>
        <time>2026-08-05T06:20:58Z</time>
      </trkpt>
      <trkpt lat="44.229892" lon="7.056035">
        <ele>2571.0</ele>
        <time>2026-08-05T06:21:04Z</time>
      </trkpt>
      <trkpt lat="44.229901" lon="7.056083">
        <ele>2571.2</ele>
        <time>2026-08-05T06:21:14Z</time>
      </trkpt>
      <trkpt lat="44.229915" lon="7.056071">
        <ele>2571.2</ele>
        <time>2026-08-05T06:21:24Z</time>
      </trkpt>
      <trkpt lat="44.229918" lon="7.056078">
        <ele>2571.2</ele>
        <time>2026-08-05T06:21:41Z</time>
      </trkpt>
      <trkpt lat="44.229899" lon="7.056059">
        <ele>2571.4</ele>
        <time>2026-08-05T06:22:02Z</time>
      </trkpt>
      <trkpt lat="44.22989" lon="7.056075">
        <ele>2571.2</ele>
        <time>2026-08-05T06:22:11Z</time>
      </trkpt>
      <trkpt lat="44.229885" lon="7.056038">
        <ele>2570.8</ele>
        <time>2026-08-05T06:22:19Z</time>
      </trkpt>
      <trkpt lat="44.229862" lon="7.056011">
        <ele>2570.8</ele>
        <time>2026-08-05T06:22:27Z</time>
      </trkpt>
      <trkpt lat="44.229886" lon="7.056042">
        <ele>2570.6</ele>
        <time>2026-08-05T06:22:37Z</time>
      </trkpt>
      <trkpt lat="44.229887" lon="7.056048">
        <ele>2570.6</ele>
        <time>2026-08-05T06:22:38Z</time>
      </trkpt>
      <trkpt lat="44.229849" lon="7.05604">
        <ele>2570.6</ele>
        <time>2026-08-05T06:22:45Z</time>
      </trkpt>
      <trkpt lat="44.22987" lon="7.056029">
        <ele>2570.4</ele>
        <time>2026-08-05T06:22:54Z</time>
      </trkpt>
      <trkpt lat="44.229899" lon="7.056023">
        <ele>2570.2</ele>
        <time>2026-08-05T06:23:05Z</time>
      </trkpt>
      <trkpt lat="44.22989" lon="7.056034">
        <ele>2570.2</ele>
        <time>2026-08-05T06:23:08Z</time>
      </trkpt>
      <trkpt lat="44.229872" lon="7.05607">
        <ele>2570.2</ele>
        <time>2026-08-05T06:23:14Z</time>
      </trkpt>
      <trkpt lat="44.22989" lon="7.056068">
        <ele>2570.2</ele>
        <time>2026-08-05T06:23:25Z</time>
      </trkpt>
      <trkpt lat="44.229895" lon="7.056025">
        <ele>2570.2</ele>
        <time>2026-08-05T06:23:35Z</time>
      </trkpt>
      <trkpt lat="44.229924" lon="7.05605">
        <ele>2570.2</ele>
        <time>2026-08-05T06:23:41Z</time>
      </trkpt>
      <trkpt lat="44.229944" lon="7.056078">
        <ele>2570.2</ele>
        <time>2026-08-05T06:23:48Z</time>
      </trkpt>
      <trkpt lat="44.229908" lon="7.056054">
        <ele>2570.0</ele>
        <time>2026-08-05T06:24:05Z</time>
      </trkpt>
      <trkpt lat="44.229918" lon="7.056042">
        <ele>2569.8</ele>
        <time>2026-08-05T06:24:15Z</time>
      </trkpt>
      <trkpt lat="44.229924" lon="7.056046">
        <ele>2569.8</ele>
        <time>2026-08-05T06:24:20Z</time>
      </trkpt>
      <trkpt lat="44.229924" lon="7.056046">
        <ele>2569.8</ele>
        <time>2026-08-05T06:24:29Z</time>
      </trkpt>
      <trkpt lat="44.229924" lon="7.056046">
        <ele>2569.4</ele>
        <time>2026-08-05T06:24:41Z</time>
      </trkpt>
      <trkpt lat="44.229924" lon="7.056046">
        <ele>2569.0</ele>
        <time>2026-08-05T06:25:02Z</time>
      </trkpt>
      <trkpt lat="44.229924" lon="7.056046">
        <ele>2569.0</ele>
        <time>2026-08-05T06:25:09Z</time>
      </trkpt>
      <trkpt lat="44.229924" lon="7.056046">
        <ele>2568.8</ele>
        <time>2026-08-05T06:25:23Z</time>
      </trkpt>
      <trkpt lat="44.229911" lon="7.056023">
        <ele>2568.8</ele>
        <time>2026-08-05T06:25:42Z</time>
      </trkpt>
      <trkpt lat="44.229894" lon="7.056053">
        <ele>2568.6</ele>
        <time>2026-08-05T06:25:54Z</time>
      </trkpt>
      <trkpt lat="44.229907" lon="7.056068">
        <ele>2569.2</ele>
        <time>2026-08-05T06:26:03Z</time>
      </trkpt>
      <trkpt lat="44.229915" lon="7.056117">
        <ele>2568.8</ele>
        <time>2026-08-05T06:26:12Z</time>
      </trkpt>
      <trkpt lat="44.229925" lon="7.056098">
        <ele>2569.2</ele>
        <time>2026-08-05T06:26:17Z</time>
      </trkpt>
      <trkpt lat="44.229912" lon="7.056075">
        <ele>2569.0</ele>
        <time>2026-08-05T06:26:19Z</time>
      </trkpt>
      <trkpt lat="44.229904" lon="7.056048">
        <ele>2569.0</ele>
        <time>2026-08-05T06:26:25Z</time>
      </trkpt>
      <trkpt lat="44.22991" lon="7.056059">
        <ele>2569.2</ele>
        <time>2026-08-05T06:26:34Z</time>
      </trkpt>
      <trkpt lat="44.229893" lon="7.056056">
        <ele>2569.2</ele>
        <time>2026-08-05T06:26:41Z</time>
      </trkpt>
      <trkpt lat="44.2299" lon="7.056041">
        <ele>2569.0</ele>
        <time>2026-08-05T06:26:50Z</time>
      </trkpt>
      <trkpt lat="44.229877" lon="7.056001">
        <ele>2568.8</ele>
        <time>2026-08-05T06:27:00Z</time>
      </trkpt>
      <trkpt lat="44.229886" lon="7.055998">
        <ele>2568.8</ele>
        <time>2026-08-05T06:27:05Z</time>
      </trkpt>
      <trkpt lat="44.229888" lon="7.056039">
        <ele>2568.6</ele>
        <time>2026-08-05T06:27:11Z</time>
      </trkpt>
      <trkpt lat="44.229895" lon="7.056037">
        <ele>2568.8</ele>
        <time>2026-08-05T06:27:14Z</time>
      </trkpt>
      <trkpt lat="44.229901" lon="7.056041">
        <ele>2568.8</ele>
        <time>2026-08-05T06:27:20Z</time>
      </trkpt>
      <trkpt lat="44.229849" lon="7.056034">
        <ele>2568.6</ele>
        <time>2026-08-05T06:27:27Z</time>
      </trkpt>
      <trkpt lat="44.229884" lon="7.056065">
        <ele>2569.0</ele>
        <time>2026-08-05T06:27:33Z</time>
      </trkpt>
      <trkpt lat="44.229921" lon="7.056095">
        <ele>2568.8</ele>
        <time>2026-08-05T06:27:42Z</time>
      </trkpt>
      <trkpt lat="44.229892" lon="7.056061">
        <ele>2568.8</ele>
        <time>2026-08-05T06:27:50Z</time>
      </trkpt>
      <trkpt lat="44.229881" lon="7.056058">
        <ele>2568.8</ele>
        <time>2026-08-05T06:27:58Z</time>
      </trkpt>
      <trkpt lat="44.22988" lon="7.056054">
        <ele>2568.8</ele>
        <time>2026-08-05T06:28:07Z</time>
      </trkpt>
      <trkpt lat="44.229892" lon="7.056067">
        <ele>2569.0</ele>
        <time>2026-08-05T06:28:09Z</time>
      </trkpt>
      <trkpt lat="44.229921" lon="7.056097">
        <ele>2569.0</ele>
        <time>2026-08-05T06:28:15Z</time>
      </trkpt>
      <trkpt lat="44.229936" lon="7.056109">
        <ele>2569.0</ele>
        <time>2026-08-05T06:28:17Z</time>
      </trkpt>
      <trkpt lat="44.229893" lon="7.056062">
        <ele>2569.0</ele>
        <time>2026-08-05T06:28:24Z</time>
      </trkpt>
      <trkpt lat="44.22989" lon="7.056071">
        <ele>2569.2</ele>
        <time>2026-08-05T06:28:32Z</time>
      </trkpt>
      <trkpt lat="44.229926" lon="7.056078">
        <ele>2569.2</ele>
        <time>2026-08-05T06:28:40Z</time>
      </trkpt>
      <trkpt lat="44.229864" lon="7.05602">
        <ele>2568.8</ele>
        <time>2026-08-05T06:28:46Z</time>
      </trkpt>
      <trkpt lat="44.229855" lon="7.056059">
        <ele>2569.0</ele>
        <time>2026-08-05T06:28:53Z</time>
      </trkpt>
      <trkpt lat="44.229878" lon="7.056093">
        <ele>2569.0</ele>
        <time>2026-08-05T06:28:58Z</time>
      </trkpt>
      <trkpt lat="44.229899" lon="7.056098">
        <ele>2568.8</ele>
        <time>2026-08-05T06:29:01Z</time>
      </trkpt>
      <trkpt lat="44.229894" lon="7.056084">
        <ele>2569.0</ele>
        <time>2026-08-05T06:29:08Z</time>
      </trkpt>
      <trkpt lat="44.229896" lon="7.056064">
        <ele>2569.2</ele>
        <time>2026-08-05T06:29:18Z</time>
      </trkpt>
      <trkpt lat="44.22986" lon="7.056075">
        <ele>2568.8</ele>
        <time>2026-08-05T06:29:28Z</time>
      </trkpt>
      <trkpt lat="44.229901" lon="7.056016">
        <ele>2568.6</ele>
        <time>2026-08-05T06:29:38Z</time>
      </trkpt>
      <trkpt lat="44.229915" lon="7.056017">
        <ele>2568.6</ele>
        <time>2026-08-05T06:29:40Z</time>
      </trkpt>
      <trkpt lat="44.229897" lon="7.05606">
        <ele>2568.6</ele>
        <time>2026-08-05T06:29:46Z</time>
      </trkpt>
      <trkpt lat="44.229896" lon="7.0561">
        <ele>2568.8</ele>
        <time>2026-08-05T06:29:51Z</time>
      </trkpt>
      <trkpt lat="44.229889" lon="7.05607">
        <ele>2568.6</ele>
        <time>2026-08-05T06:29:56Z</time>
      </trkpt>
      <trkpt lat="44.229885" lon="7.056062">
        <ele>2568.4</ele>
        <time>2026-08-05T06:30:03Z</time>
      </trkpt>
      <trkpt lat="44.229924" lon="7.056068">
        <ele>2568.6</ele>
        <time>2026-08-05T06:30:10Z</time>
      </trkpt>
      <trkpt lat="44.229902" lon="7.056063">
        <ele>2568.4</ele>
        <time>2026-08-05T06:30:18Z</time>
      </trkpt>
      <trkpt lat="44.229888" lon="7.056056">
        <ele>2568.2</ele>
        <time>2026-08-05T06:30:25Z</time>
      </trkpt>
      <trkpt lat="44.22989" lon="7.056053">
        <ele>2568.0</ele>
        <time>2026-08-05T06:30:26Z</time>
      </trkpt>
      <trkpt lat="44.229906" lon="7.056017">
        <ele>2567.0</ele>
        <time>2026-08-05T06:30:34Z</time>
      </trkpt>
      <trkpt lat="44.229902" lon="7.056015">
        <ele>2567.0</ele>
        <time>2026-08-05T06:30:36Z</time>
      </trkpt>
      <trkpt lat="44.229914" lon="7.056042">
        <ele>2566.8</ele>
        <time>2026-08-05T06:30:42Z</time>
      </trkpt>
      <trkpt lat="44.22989" lon="7.056041">
        <ele>2566.0</ele>
        <time>2026-08-05T06:30:52Z</time>
      </trkpt>
      <trkpt lat="44.229887" lon="7.056041">
        <ele>2565.8</ele>
        <time>2026-08-05T06:30:53Z</time>
      </trkpt>
      <trkpt lat="44.229915" lon="7.056067">
        <ele>2565.0</ele>
        <time>2026-08-05T06:30:59Z</time>
      </trkpt>
      <trkpt lat="44.229923" lon="7.056069">
        <ele>2564.8</ele>
        <time>2026-08-05T06:31:00Z</time>
      </trkpt>
      <trkpt lat="44.229944" lon="7.056092">
        <ele>2563.8</ele>
        <time>2026-08-05T06:31:04Z</time>
      </trkpt>
      <trkpt lat="44.229948" lon="7.0561">
        <ele>2563.6</ele>
        <time>2026-08-05T06:31:05Z</time>
      </trkpt>
      <trkpt lat="44.229937" lon="7.056118">
        <ele>2562.6</ele>
        <time>2026-08-05T06:31:13Z</time>
      </trkpt>
      <trkpt lat="44.229941" lon="7.056135">
        <ele>2562.4</ele>
        <time>2026-08-05T06:31:15Z</time>
      </trkpt>
      <trkpt lat="44.229958" lon="7.056136">
        <ele>2561.8</ele>
        <time>2026-08-05T06:31:20Z</time>
      </trkpt>
      <trkpt lat="44.22996" lon="7.056148">
        <ele>2561.2</ele>
        <time>2026-08-05T06:31:23Z</time>
      </trkpt>
      <trkpt lat="44.229979" lon="7.056159">
        <ele>2560.0</ele>
        <time>2026-08-05T06:31:28Z</time>
      </trkpt>
      <trkpt lat="44.23" lon="7.056172">
        <ele>2559.0</ele>
        <time>2026-08-05T06:31:32Z</time>
      </trkpt>
      <trkpt lat="44.230062" lon="7.056151">
        <ele>2559.2</ele>
        <time>2026-08-05T06:31:38Z</time>
      </trkpt>
      <trkpt lat="44.230103" lon="7.056126">
        <ele>2560.0</ele>
        <time>2026-08-05T06:31:42Z</time>
      </trkpt>
      <trkpt lat="44.230113" lon="7.056112">
        <ele>2561.0</ele>
        <time>2026-08-05T06:31:45Z</time>
      </trkpt>
      <trkpt lat="44.230116" lon="7.056103">
        <ele>2561.2</ele>
        <time>2026-08-05T06:31:46Z</time>
      </trkpt>
      <trkpt lat="44.230142" lon="7.056065">
        <ele>2562.4</ele>
        <time>2026-08-05T06:31:51Z</time>
      </trkpt>
      <trkpt lat="44.230145" lon="7.056058">
        <ele>2562.6</ele>
        <time>2026-08-05T06:31:52Z</time>
      </trkpt>
      <trkpt lat="44.230149" lon="7.056049">
        <ele>2563.4</ele>
        <time>2026-08-05T06:31:55Z</time>
      </trkpt>
      <trkpt lat="44.230167" lon="7.056031">
        <ele>2564.2</ele>
        <time>2026-08-05T06:31:59Z</time>
      </trkpt>
      <trkpt lat="44.230171" lon="7.05603">
        <ele>2564.4</ele>
        <time>2026-08-05T06:32:00Z</time>
      </trkpt>
      <trkpt lat="44.230191" lon="7.056016">
        <ele>2565.0</ele>
        <time>2026-08-05T06:32:03Z</time>
      </trkpt>
      <trkpt lat="44.230198" lon="7.056015">
        <ele>2565.4</ele>
        <time>2026-08-05T06:32:05Z</time>
      </trkpt>
      <trkpt lat="44.230207" lon="7.056011">
        <ele>2565.6</ele>
        <time>2026-08-05T06:32:06Z</time>
      </trkpt>
      <trkpt lat="44.230212" lon="7.055999">
        <ele>2566.4</ele>
        <time>2026-08-05T06:32:09Z</time>
      </trkpt>
      <trkpt lat="44.230208" lon="7.055992">
        <ele>2566.6</ele>
        <time>2026-08-05T06:32:10Z</time>
      </trkpt>
      <trkpt lat="44.230208" lon="7.055974">
        <ele>2566.8</ele>
        <time>2026-08-05T06:32:12Z</time>
      </trkpt>
      <trkpt lat="44.230206" lon="7.055961">
        <ele>2566.8</ele>
        <time>2026-08-05T06:32:14Z</time>
      </trkpt>
      <trkpt lat="44.230226" lon="7.055965">
        <ele>2567.0</ele>
        <time>2026-08-05T06:32:24Z</time>
      </trkpt>
      <trkpt lat="44.230243" lon="7.055981">
        <ele>2565.8</ele>
        <time>2026-08-05T06:32:33Z</time>
      </trkpt>
      <trkpt lat="44.230238" lon="7.055982">
        <ele>2565.6</ele>
        <time>2026-08-05T06:32:34Z</time>
      </trkpt>
      <trkpt lat="44.230264" lon="7.055991">
        <ele>2564.6</ele>
        <time>2026-08-05T06:32:40Z</time>
      </trkpt>
      <trkpt lat="44.230278" lon="7.055995">
        <ele>2564.4</ele>
        <time>2026-08-05T06:32:41Z</time>
      </trkpt>
      <trkpt lat="44.230327" lon="7.055988">
        <ele>2563.4</ele>
        <time>2026-08-05T06:32:46Z</time>
      </trkpt>
      <trkpt lat="44.230341" lon="7.055976">
        <ele>2563.2</ele>
        <time>2026-08-05T06:32:48Z</time>
      </trkpt>
      <trkpt lat="44.230388" lon="7.055948">
        <ele>2562.4</ele>
        <time>2026-08-05T06:32:53Z</time>
      </trkpt>
      <trkpt lat="44.230418" lon="7.055914">
        <ele>2562.2</ele>
        <time>2026-08-05T06:32:56Z</time>
      </trkpt>
      <trkpt lat="44.230411" lon="7.05583">
        <ele>2561.8</ele>
        <time>2026-08-05T06:33:02Z</time>
      </trkpt>
      <trkpt lat="44.230408" lon="7.055808">
        <ele>2561.6</ele>
        <time>2026-08-05T06:33:03Z</time>
      </trkpt>
      <trkpt lat="44.230403" lon="7.05576">
        <ele>2561.4</ele>
        <time>2026-08-05T06:33:05Z</time>
      </trkpt>
      <trkpt lat="44.230409" lon="7.055671">
        <ele>2561.0</ele>
        <time>2026-08-05T06:33:10Z</time>
      </trkpt>
      <trkpt lat="44.230445" lon="7.055694">
        <ele>2560.8</ele>
        <time>2026-08-05T06:33:15Z</time>
      </trkpt>
      <trkpt lat="44.230488" lon="7.05572">
        <ele>2560.6</ele>
        <time>2026-08-05T06:33:18Z</time>
      </trkpt>
      <trkpt lat="44.230528" lon="7.055737">
        <ele>2560.4</ele>
        <time>2026-08-05T06:33:20Z</time>
      </trkpt>
      <trkpt lat="44.230548" lon="7.05575">
        <ele>2560.2</ele>
        <time>2026-08-05T06:33:21Z</time>
      </trkpt>
      <trkpt lat="44.2306" lon="7.055758">
        <ele>2559.8</ele>
        <time>2026-08-05T06:33:24Z</time>
      </trkpt>
      <trkpt lat="44.230636" lon="7.055748">
        <ele>2559.2</ele>
        <time>2026-08-05T06:33:27Z</time>
      </trkpt>
      <trkpt lat="44.230654" lon="7.055731">
        <ele>2558.6</ele>
        <time>2026-08-05T06:33:29Z</time>
      </trkpt>
      <trkpt lat="44.230689" lon="7.055691">
        <ele>2558.0</ele>
        <time>2026-08-05T06:33:33Z</time>
      </trkpt>
      <trkpt lat="44.230727" lon="7.055663">
        <ele>2557.8</ele>
        <time>2026-08-05T06:33:37Z</time>
      </trkpt>
      <trkpt lat="44.230759" lon="7.055663">
        <ele>2558.8</ele>
        <time>2026-08-05T06:33:43Z</time>
      </trkpt>
      <trkpt lat="44.230766" lon="7.055666">
        <ele>2559.0</ele>
        <time>2026-08-05T06:33:44Z</time>
      </trkpt>
      <trkpt lat="44.230779" lon="7.055668">
        <ele>2559.4</ele>
        <time>2026-08-05T06:33:46Z</time>
      </trkpt>
      <trkpt lat="44.230847" lon="7.055661">
        <ele>2559.2</ele>
        <time>2026-08-05T06:33:54Z</time>
      </trkpt>
      <trkpt lat="44.230892" lon="7.05562">
        <ele>2557.8</ele>
        <time>2026-08-05T06:34:00Z</time>
      </trkpt>
      <trkpt lat="44.230925" lon="7.055587">
        <ele>2557.4</ele>
        <time>2026-08-05T06:34:03Z</time>
      </trkpt>
      <trkpt lat="44.230937" lon="7.055575">
        <ele>2557.4</ele>
        <time>2026-08-05T06:34:04Z</time>
      </trkpt>
      <trkpt lat="44.230986" lon="7.055518">
        <ele>2556.8</ele>
        <time>2026-08-05T06:34:09Z</time>
      </trkpt>
      <trkpt lat="44.230993" lon="7.055493">
        <ele>2556.2</ele>
        <time>2026-08-05T06:34:13Z</time>
      </trkpt>
      <trkpt lat="44.230966" lon="7.055496">
        <ele>2556.0</ele>
        <time>2026-08-05T06:34:15Z</time>
      </trkpt>
      <trkpt lat="44.230955" lon="7.055499">
        <ele>2555.6</ele>
        <time>2026-08-05T06:34:16Z</time>
      </trkpt>
      <trkpt lat="44.230913" lon="7.055506">
        <ele>2555.0</ele>
        <time>2026-08-05T06:34:20Z</time>
      </trkpt>
      <trkpt lat="44.230873" lon="7.055516">
        <ele>2554.6</ele>
        <time>2026-08-05T06:34:23Z</time>
      </trkpt>
      <trkpt lat="44.230807" lon="7.055537">
        <ele>2554.4</ele>
        <time>2026-08-05T06:34:28Z</time>
      </trkpt>
      <trkpt lat="44.230794" lon="7.055563">
        <ele>2553.6</ele>
        <time>2026-08-05T06:34:35Z</time>
      </trkpt>
      <trkpt lat="44.230863" lon="7.055545">
        <ele>2552.6</ele>
        <time>2026-08-05T06:34:42Z</time>
      </trkpt>
      <trkpt lat="44.230881" lon="7.055523">
        <ele>2551.4</ele>
        <time>2026-08-05T06:34:47Z</time>
      </trkpt>
      <trkpt lat="44.230894" lon="7.055519">
        <ele>2550.8</ele>
        <time>2026-08-05T06:34:50Z</time>
      </trkpt>
      <trkpt lat="44.230905" lon="7.055499">
        <ele>2550.4</ele>
        <time>2026-08-05T06:34:52Z</time>
      </trkpt>
      <trkpt lat="44.230945" lon="7.055463">
        <ele>2549.4</ele>
        <time>2026-08-05T06:34:56Z</time>
      </trkpt>
      <trkpt lat="44.230954" lon="7.055455">
        <ele>2549.2</ele>
        <time>2026-08-05T06:34:57Z</time>
      </trkpt>
      <trkpt lat="44.231012" lon="7.055396">
        <ele>2548.2</ele>
        <time>2026-08-05T06:35:04Z</time>
      </trkpt>
      <trkpt lat="44.231018" lon="7.05539">
        <ele>2548.0</ele>
        <time>2026-08-05T06:35:05Z</time>
      </trkpt>
      <trkpt lat="44.231041" lon="7.055376">
        <ele>2547.2</ele>
        <time>2026-08-05T06:35:08Z</time>
      </trkpt>
      <trkpt lat="44.231047" lon="7.055373">
        <ele>2547.0</ele>
        <time>2026-08-05T06:35:09Z</time>
      </trkpt>
      <trkpt lat="44.231056" lon="7.055371">
        <ele>2546.4</ele>
        <time>2026-08-05T06:35:12Z</time>
      </trkpt>
      <trkpt lat="44.231054" lon="7.055368">
        <ele>2546.0</ele>
        <time>2026-08-05T06:35:14Z</time>
      </trkpt>
      <trkpt lat="44.23106" lon="7.055349">
        <ele>2544.8</ele>
        <time>2026-08-05T06:35:18Z</time>
      </trkpt>
      <trkpt lat="44.231087" lon="7.055326">
        <ele>2544.2</ele>
        <time>2026-08-05T06:35:21Z</time>
      </trkpt>
      <trkpt lat="44.231105" lon="7.055307">
        <ele>2543.6</ele>
        <time>2026-08-05T06:35:23Z</time>
      </trkpt>
      <trkpt lat="44.231139" lon="7.055278">
        <ele>2542.6</ele>
        <time>2026-08-05T06:35:28Z</time>
      </trkpt>
      <trkpt lat="44.231155" lon="7.055273">
        <ele>2542.0</ele>
        <time>2026-08-05T06:35:30Z</time>
      </trkpt>
      <trkpt lat="44.231178" lon="7.055263">
        <ele>2541.4</ele>
        <time>2026-08-05T06:35:33Z</time>
      </trkpt>
      <trkpt lat="44.231208" lon="7.055246">
        <ele>2540.2</ele>
        <time>2026-08-05T06:35:38Z</time>
      </trkpt>
      <trkpt lat="44.231218" lon="7.055238">
        <ele>2539.8</ele>
        <time>2026-08-05T06:35:40Z</time>
      </trkpt>
      <trkpt lat="44.23123" lon="7.05522">
        <ele>2539.2</ele>
        <time>2026-08-05T06:35:43Z</time>
      </trkpt>
      <trkpt lat="44.231245" lon="7.055205">
        <ele>2538.8</ele>
        <time>2026-08-05T06:35:45Z</time>
      </trkpt>
      <trkpt lat="44.23125" lon="7.055182">
        <ele>2538.2</ele>
        <time>2026-08-05T06:35:49Z</time>
      </trkpt>
      <trkpt lat="44.23125" lon="7.055182">
        <ele>2538.0</ele>
        <time>2026-08-05T06:35:50Z</time>
      </trkpt>
      <trkpt lat="44.231225" lon="7.055169">
        <ele>2537.0</ele>
        <time>2026-08-05T06:35:56Z</time>
      </trkpt>
      <trkpt lat="44.231208" lon="7.055165">
        <ele>2536.6</ele>
        <time>2026-08-05T06:35:58Z</time>
      </trkpt>
      <trkpt lat="44.231223" lon="7.055145">
        <ele>2535.8</ele>
        <time>2026-08-05T06:36:02Z</time>
      </trkpt>
      <trkpt lat="44.23123" lon="7.055141">
        <ele>2535.6</ele>
        <time>2026-08-05T06:36:03Z</time>
      </trkpt>
      <trkpt lat="44.231262" lon="7.055114">
        <ele>2534.8</ele>
        <time>2026-08-05T06:36:07Z</time>
      </trkpt>
      <trkpt lat="44.23127" lon="7.055084">
        <ele>2533.8</ele>
        <time>2026-08-05T06:36:12Z</time>
      </trkpt>
      <trkpt lat="44.23127" lon="7.055078">
        <ele>2533.6</ele>
        <time>2026-08-05T06:36:13Z</time>
      </trkpt>
      <trkpt lat="44.231293" lon="7.05504">
        <ele>2532.4</ele>
        <time>2026-08-05T06:36:19Z</time>
      </trkpt>
      <trkpt lat="44.231303" lon="7.055026">
        <ele>2532.0</ele>
        <time>2026-08-05T06:36:21Z</time>
      </trkpt>
      <trkpt lat="44.23132" lon="7.055018">
        <ele>2531.4</ele>
        <time>2026-08-05T06:36:25Z</time>
      </trkpt>
      <trkpt lat="44.23134" lon="7.055005">
        <ele>2530.6</ele>
        <time>2026-08-05T06:36:29Z</time>
      </trkpt>
      <trkpt lat="44.231342" lon="7.055003">
        <ele>2530.4</ele>
        <time>2026-08-05T06:36:30Z</time>
      </trkpt>
      <trkpt lat="44.231354" lon="7.054998">
        <ele>2529.4</ele>
        <time>2026-08-05T06:36:37Z</time>
      </trkpt>
      <trkpt lat="44.231362" lon="7.054991">
        <ele>2529.4</ele>
        <time>2026-08-05T06:36:38Z</time>
      </trkpt>
      <trkpt lat="44.231389" lon="7.054964">
        <ele>2528.4</ele>
        <time>2026-08-05T06:36:44Z</time>
      </trkpt>
      <trkpt lat="44.231394" lon="7.05496">
        <ele>2528.2</ele>
        <time>2026-08-05T06:36:45Z</time>
      </trkpt>
      <trkpt lat="44.231421" lon="7.054951">
        <ele>2527.2</ele>
        <time>2026-08-05T06:36:50Z</time>
      </trkpt>
      <trkpt lat="44.231442" lon="7.054938">
        <ele>2526.4</ele>
        <time>2026-08-05T06:36:53Z</time>
      </trkpt>
      <trkpt lat="44.231454" lon="7.054937">
        <ele>2526.0</ele>
        <time>2026-08-05T06:36:55Z</time>
      </trkpt>
      <trkpt lat="44.231478" lon="7.05492">
        <ele>2524.8</ele>
        <time>2026-08-05T06:37:00Z</time>
      </trkpt>
      <trkpt lat="44.231485" lon="7.05492">
        <ele>2524.4</ele>
        <time>2026-08-05T06:37:02Z</time>
      </trkpt>
      <trkpt lat="44.231448" lon="7.054919">
        <ele>2523.8</ele>
        <time>2026-08-05T06:37:09Z</time>
      </trkpt>
      <trkpt lat="44.231445" lon="7.054919">
        <ele>2523.6</ele>
        <time>2026-08-05T06:37:10Z</time>
      </trkpt>
      <trkpt lat="44.231364" lon="7.054934">
        <ele>2522.6</ele>
        <time>2026-08-05T06:37:19Z</time>
      </trkpt>
      <trkpt lat="44.231348" lon="7.054935">
        <ele>2522.4</ele>
        <time>2026-08-05T06:37:20Z</time>
      </trkpt>
      <trkpt lat="44.231315" lon="7.054959">
        <ele>2521.4</ele>
        <time>2026-08-05T06:37:25Z</time>
      </trkpt>
      <trkpt lat="44.231315" lon="7.054977">
        <ele>2521.0</ele>
        <time>2026-08-05T06:37:28Z</time>
      </trkpt>
      <trkpt lat="44.231362" lon="7.054946">
        <ele>2520.4</ele>
        <time>2026-08-05T06:37:32Z</time>
      </trkpt>
      <trkpt lat="44.231374" lon="7.054925">
        <ele>2519.8</ele>
        <time>2026-08-05T06:37:34Z</time>
      </trkpt>
      <trkpt lat="44.231382" lon="7.054909">
        <ele>2519.4</ele>
        <time>2026-08-05T06:37:37Z</time>
      </trkpt>
      <trkpt lat="44.231357" lon="7.054907">
        <ele>2518.8</ele>
        <time>2026-08-05T06:37:40Z</time>
      </trkpt>
      <trkpt lat="44.231312" lon="7.054915">
        <ele>2518.2</ele>
        <time>2026-08-05T06:37:45Z</time>
      </trkpt>
      <trkpt lat="44.231305" lon="7.054915">
        <ele>2517.6</ele>
        <time>2026-08-05T06:37:48Z</time>
      </trkpt>
      <trkpt lat="44.231292" lon="7.054898">
        <ele>2517.0</ele>
        <time>2026-08-05T06:37:53Z</time>
      </trkpt>
      <trkpt lat="44.231269" lon="7.054905">
        <ele>2516.8</ele>
        <time>2026-08-05T06:37:55Z</time>
      </trkpt>
      <trkpt lat="44.231202" lon="7.054914">
        <ele>2516.4</ele>
        <time>2026-08-05T06:38:04Z</time>
      </trkpt>
      <trkpt lat="44.231194" lon="7.054908">
        <ele>2516.0</ele>
        <time>2026-08-05T06:38:06Z</time>
      </trkpt>
      <trkpt lat="44.231179" lon="7.054921">
        <ele>2515.6</ele>
        <time>2026-08-05T06:38:13Z</time>
      </trkpt>
      <trkpt lat="44.231155" lon="7.054927">
        <ele>2515.8</ele>
        <time>2026-08-05T06:38:18Z</time>
      </trkpt>
      <trkpt lat="44.231113" lon="7.05493">
        <ele>2515.8</ele>
        <time>2026-08-05T06:38:21Z</time>
      </trkpt>
      <trkpt lat="44.231094" lon="7.054976">
        <ele>2515.8</ele>
        <time>2026-08-05T06:38:30Z</time>
      </trkpt>
      <trkpt lat="44.231088" lon="7.054997">
        <ele>2516.0</ele>
        <time>2026-08-05T06:38:32Z</time>
      </trkpt>
      <trkpt lat="44.231065" lon="7.055032">
        <ele>2516.6</ele>
        <time>2026-08-05T06:38:37Z</time>
      </trkpt>
      <trkpt lat="44.231059" lon="7.055031">
        <ele>2517.2</ele>
        <time>2026-08-05T06:38:39Z</time>
      </trkpt>
      <trkpt lat="44.231036" lon="7.055049">
        <ele>2517.8</ele>
        <time>2026-08-05T06:38:43Z</time>
      </trkpt>
      <trkpt lat="44.230982" lon="7.055072">
        <ele>2517.0</ele>
        <time>2026-08-05T06:38:52Z</time>
      </trkpt>
      <trkpt lat="44.230951" lon="7.055077">
        <ele>2516.0</ele>
        <time>2026-08-05T06:38:57Z</time>
      </trkpt>
      <trkpt lat="44.230916" lon="7.055077">
        <ele>2515.2</ele>
        <time>2026-08-05T06:39:02Z</time>
      </trkpt>
      <trkpt lat="44.230902" lon="7.055079">
        <ele>2514.8</ele>
        <time>2026-08-05T06:39:03Z</time>
      </trkpt>
      <trkpt lat="44.230877" lon="7.055066">
        <ele>2513.8</ele>
        <time>2026-08-05T06:39:10Z</time>
      </trkpt>
      <trkpt lat="44.230867" lon="7.055036">
        <ele>2513.0</ele>
        <time>2026-08-05T06:39:18Z</time>
      </trkpt>
      <trkpt lat="44.230859" lon="7.055026">
        <ele>2512.8</ele>
        <time>2026-08-05T06:39:20Z</time>
      </trkpt>
      <trkpt lat="44.230815" lon="7.055017">
        <ele>2512.4</ele>
        <time>2026-08-05T06:39:27Z</time>
      </trkpt>
      <trkpt lat="44.230816" lon="7.05503">
        <ele>2512.4</ele>
        <time>2026-08-05T06:39:29Z</time>
      </trkpt>
      <trkpt lat="44.230822" lon="7.055049">
        <ele>2512.0</ele>
        <time>2026-08-05T06:39:33Z</time>
      </trkpt>
      <trkpt lat="44.230816" lon="7.055058">
        <ele>2511.4</ele>
        <time>2026-08-05T06:39:35Z</time>
      </trkpt>
      <trkpt lat="44.230788" lon="7.055083">
        <ele>2510.8</ele>
        <time>2026-08-05T06:39:39Z</time>
      </trkpt>
      <trkpt lat="44.230774" lon="7.055107">
        <ele>2510.4</ele>
        <time>2026-08-05T06:39:42Z</time>
      </trkpt>
      <trkpt lat="44.230771" lon="7.0551">
        <ele>2510.2</ele>
        <time>2026-08-05T06:39:44Z</time>
      </trkpt>
      <trkpt lat="44.230761" lon="7.055102">
        <ele>2509.8</ele>
        <time>2026-08-05T06:39:47Z</time>
      </trkpt>
      <trkpt lat="44.230759" lon="7.055096">
        <ele>2509.6</ele>
        <time>2026-08-05T06:39:48Z</time>
      </trkpt>
      <trkpt lat="44.230728" lon="7.055096">
        <ele>2509.4</ele>
        <time>2026-08-05T06:39:51Z</time>
      </trkpt>
      <trkpt lat="44.230681" lon="7.055098">
        <ele>2508.6</ele>
        <time>2026-08-05T06:39:56Z</time>
      </trkpt>
      <trkpt lat="44.230664" lon="7.055096">
        <ele>2508.2</ele>
        <time>2026-08-05T06:39:59Z</time>
      </trkpt>
      <trkpt lat="44.230686" lon="7.055095">
        <ele>2508.0</ele>
        <time>2026-08-05T06:40:03Z</time>
      </trkpt>
      <trkpt lat="44.230695" lon="7.055066">
        <ele>2507.2</ele>
        <time>2026-08-05T06:40:07Z</time>
      </trkpt>
      <trkpt lat="44.230705" lon="7.05504">
        <ele>2506.4</ele>
        <time>2026-08-05T06:40:12Z</time>
      </trkpt>
      <trkpt lat="44.230706" lon="7.055039">
        <ele>2506.2</ele>
        <time>2026-08-05T06:40:13Z</time>
      </trkpt>
      <trkpt lat="44.230719" lon="7.055027">
        <ele>2505.2</ele>
        <time>2026-08-05T06:40:19Z</time>
      </trkpt>
      <trkpt lat="44.230723" lon="7.055015">
        <ele>2504.8</ele>
        <time>2026-08-05T06:40:21Z</time>
      </trkpt>
      <trkpt lat="44.230741" lon="7.054974">
        <ele>2504.0</ele>
        <time>2026-08-05T06:40:25Z</time>
      </trkpt>
      <trkpt lat="44.230735" lon="7.054962">
        <ele>2503.0</ele>
        <time>2026-08-05T06:40:29Z</time>
      </trkpt>
      <trkpt lat="44.230731" lon="7.054964">
        <ele>2502.8</ele>
        <time>2026-08-05T06:40:30Z</time>
      </trkpt>
      <trkpt lat="44.230705" lon="7.054974">
        <ele>2502.4</ele>
        <time>2026-08-05T06:40:37Z</time>
      </trkpt>
      <trkpt lat="44.230612" lon="7.055039">
        <ele>2503.4</ele>
        <time>2026-08-05T06:40:46Z</time>
      </trkpt>
      <trkpt lat="44.230541" lon="7.055103">
        <ele>2503.2</ele>
        <time>2026-08-05T06:40:53Z</time>
      </trkpt>
      <trkpt lat="44.230525" lon="7.055121">
        <ele>2503.0</ele>
        <time>2026-08-05T06:40:55Z</time>
      </trkpt>
      <trkpt lat="44.230506" lon="7.055137">
        <ele>2502.8</ele>
        <time>2026-08-05T06:40:58Z</time>
      </trkpt>
      <trkpt lat="44.230472" lon="7.055165">
        <ele>2502.6</ele>
        <time>2026-08-05T06:41:02Z</time>
      </trkpt>
      <trkpt lat="44.230449" lon="7.055185">
        <ele>2502.4</ele>
        <time>2026-08-05T06:41:05Z</time>
      </trkpt>
      <trkpt lat="44.230426" lon="7.055218">
        <ele>2501.8</ele>
        <time>2026-08-05T06:41:10Z</time>
      </trkpt>
      <trkpt lat="44.23039" lon="7.05525">
        <ele>2501.4</ele>
        <time>2026-08-05T06:41:14Z</time>
      </trkpt>
      <trkpt lat="44.230365" lon="7.055265">
        <ele>2501.4</ele>
        <time>2026-08-05T06:41:17Z</time>
      </trkpt>
      <trkpt lat="44.230349" lon="7.055258">
        <ele>2501.6</ele>
        <time>2026-08-05T06:41:22Z</time>
      </trkpt>
      <trkpt lat="44.230251" lon="7.055271">
        <ele>2501.8</ele>
        <time>2026-08-05T06:41:29Z</time>
      </trkpt>
      <trkpt lat="44.230195" lon="7.055282">
        <ele>2501.2</ele>
        <time>2026-08-05T06:41:35Z</time>
      </trkpt>
      <trkpt lat="44.230192" lon="7.055257">
        <ele>2500.6</ele>
        <time>2026-08-05T06:41:38Z</time>
      </trkpt>
      <trkpt lat="44.230198" lon="7.055249">
        <ele>2500.4</ele>
        <time>2026-08-05T06:41:39Z</time>
      </trkpt>
      <trkpt lat="44.230225" lon="7.055208">
        <ele>2499.6</ele>
        <time>2026-08-05T06:41:43Z</time>
      </trkpt>
      <trkpt lat="44.230252" lon="7.055156">
        <ele>2499.0</ele>
        <time>2026-08-05T06:41:47Z</time>
      </trkpt>
      <trkpt lat="44.230274" lon="7.055121">
        <ele>2498.4</ele>
        <time>2026-08-05T06:41:50Z</time>
      </trkpt>
      <trkpt lat="44.230302" lon="7.055082">
        <ele>2497.2</ele>
        <time>2026-08-05T06:41:55Z</time>
      </trkpt>
      <trkpt lat="44.230305" lon="7.055079">
        <ele>2497.0</ele>
        <time>2026-08-05T06:41:56Z</time>
      </trkpt>
      <trkpt lat="44.230328" lon="7.055061">
        <ele>2496.2</ele>
        <time>2026-08-05T06:42:00Z</time>
      </trkpt>
      <trkpt lat="44.230335" lon="7.055056">
        <ele>2496.0</ele>
        <time>2026-08-05T06:42:01Z</time>
      </trkpt>
      <trkpt lat="44.230351" lon="7.055054">
        <ele>2495.2</ele>
        <time>2026-08-05T06:42:05Z</time>
      </trkpt>
      <trkpt lat="44.230357" lon="7.055048">
        <ele>2495.0</ele>
        <time>2026-08-05T06:42:06Z</time>
      </trkpt>
      <trkpt lat="44.23039" lon="7.054991">
        <ele>2493.8</ele>
        <time>2026-08-05T06:42:11Z</time>
      </trkpt>
      <trkpt lat="44.230401" lon="7.054971">
        <ele>2493.4</ele>
        <time>2026-08-05T06:42:13Z</time>
      </trkpt>
      <trkpt lat="44.230413" lon="7.054931">
        <ele>2492.8</ele>
        <time>2026-08-05T06:42:16Z</time>
      </trkpt>
      <trkpt lat="44.230423" lon="7.054903">
        <ele>2491.8</ele>
        <time>2026-08-05T06:42:20Z</time>
      </trkpt>
      <trkpt lat="44.230425" lon="7.054897">
        <ele>2491.8</ele>
        <time>2026-08-05T06:42:21Z</time>
      </trkpt>
      <trkpt lat="44.23048" lon="7.05481">
        <ele>2491.0</ele>
        <time>2026-08-05T06:42:31Z</time>
      </trkpt>
      <trkpt lat="44.230485" lon="7.054799">
        <ele>2491.0</ele>
        <time>2026-08-05T06:42:32Z</time>
      </trkpt>
      <trkpt lat="44.230511" lon="7.054744">
        <ele>2490.6</ele>
        <time>2026-08-05T06:42:37Z</time>
      </trkpt>
      <trkpt lat="44.230543" lon="7.054683">
        <ele>2490.0</ele>
        <time>2026-08-05T06:42:42Z</time>
      </trkpt>
      <trkpt lat="44.230552" lon="7.054669">
        <ele>2489.6</ele>
        <time>2026-08-05T06:42:44Z</time>
      </trkpt>
      <trkpt lat="44.230566" lon="7.054665">
        <ele>2488.6</ele>
        <time>2026-08-05T06:42:48Z</time>
      </trkpt>
      <trkpt lat="44.230579" lon="7.054651">
        <ele>2488.2</ele>
        <time>2026-08-05T06:42:50Z</time>
      </trkpt>
      <trkpt lat="44.230597" lon="7.054644">
        <ele>2487.4</ele>
        <time>2026-08-05T06:42:53Z</time>
      </trkpt>
      <trkpt lat="44.230629" lon="7.054628">
        <ele>2486.4</ele>
        <time>2026-08-05T06:42:56Z</time>
      </trkpt>
      <trkpt lat="44.230638" lon="7.054626">
        <ele>2486.0</ele>
        <time>2026-08-05T06:42:57Z</time>
      </trkpt>
      <trkpt lat="44.230659" lon="7.054605">
        <ele>2485.2</ele>
        <time>2026-08-05T06:43:00Z</time>
      </trkpt>
      <trkpt lat="44.230636" lon="7.054572">
        <ele>2484.2</ele>
        <time>2026-08-05T06:43:05Z</time>
      </trkpt>
      <trkpt lat="44.230593" lon="7.054518">
        <ele>2483.0</ele>
        <time>2026-08-05T06:43:09Z</time>
      </trkpt>
      <trkpt lat="44.230566" lon="7.054464">
        <ele>2482.0</ele>
        <time>2026-08-05T06:43:12Z</time>
      </trkpt>
      <trkpt lat="44.230554" lon="7.054445">
        <ele>2481.8</ele>
        <time>2026-08-05T06:43:13Z</time>
      </trkpt>
      <trkpt lat="44.23053" lon="7.054415">
        <ele>2481.0</ele>
        <time>2026-08-05T06:43:16Z</time>
      </trkpt>
      <trkpt lat="44.230514" lon="7.054399">
        <ele>2480.6</ele>
        <time>2026-08-05T06:43:18Z</time>
      </trkpt>
      <trkpt lat="44.230502" lon="7.0544">
        <ele>2480.0</ele>
        <time>2026-08-05T06:43:20Z</time>
      </trkpt>
      <trkpt lat="44.230476" lon="7.054424">
        <ele>2479.4</ele>
        <time>2026-08-05T06:43:23Z</time>
      </trkpt>
      <trkpt lat="44.230442" lon="7.054459">
        <ele>2478.8</ele>
        <time>2026-08-05T06:43:27Z</time>
      </trkpt>
      <trkpt lat="44.230444" lon="7.054472">
        <ele>2478.4</ele>
        <time>2026-08-05T06:43:30Z</time>
      </trkpt>
      <trkpt lat="44.23043" lon="7.054517">
        <ele>2478.0</ele>
        <time>2026-08-05T06:43:34Z</time>
      </trkpt>
      <trkpt lat="44.230406" lon="7.054548">
        <ele>2477.2</ele>
        <time>2026-08-05T06:43:38Z</time>
      </trkpt>
      <trkpt lat="44.230371" lon="7.054563">
        <ele>2476.2</ele>
        <time>2026-08-05T06:43:43Z</time>
      </trkpt>
      <trkpt lat="44.230362" lon="7.054562">
        <ele>2476.0</ele>
        <time>2026-08-05T06:43:44Z</time>
      </trkpt>
      <trkpt lat="44.230325" lon="7.054559">
        <ele>2474.8</ele>
        <time>2026-08-05T06:43:50Z</time>
      </trkpt>
      <trkpt lat="44.230309" lon="7.054559">
        <ele>2474.4</ele>
        <time>2026-08-05T06:43:52Z</time>
      </trkpt>
      <trkpt lat="44.23028" lon="7.05457">
        <ele>2473.6</ele>
        <time>2026-08-05T06:43:56Z</time>
      </trkpt>
      <trkpt lat="44.230236" lon="7.054588">
        <ele>2472.6</ele>
        <time>2026-08-05T06:44:00Z</time>
      </trkpt>
      <trkpt lat="44.230224" lon="7.054582">
        <ele>2472.0</ele>
        <time>2026-08-05T06:44:03Z</time>
      </trkpt>
      <trkpt lat="44.230208" lon="7.054585">
        <ele>2471.6</ele>
        <time>2026-08-05T06:44:06Z</time>
      </trkpt>
      <trkpt lat="44.230187" lon="7.054593">
        <ele>2471.2</ele>
        <time>2026-08-05T06:44:09Z</time>
      </trkpt>
      <trkpt lat="44.23015" lon="7.054604">
        <ele>2470.6</ele>
        <time>2026-08-05T06:44:14Z</time>
      </trkpt>
      <trkpt lat="44.230139" lon="7.05461">
        <ele>2470.4</ele>
        <time>2026-08-05T06:44:15Z</time>
      </trkpt>
      <trkpt lat="44.230109" lon="7.05462">
        <ele>2470.2</ele>
        <time>2026-08-05T06:44:18Z</time>
      </trkpt>
      <trkpt lat="44.230079" lon="7.054631">
        <ele>2469.4</ele>
        <time>2026-08-05T06:44:23Z</time>
      </trkpt>
      <trkpt lat="44.230059" lon="7.054635">
        <ele>2469.0</ele>
        <time>2026-08-05T06:44:26Z</time>
      </trkpt>
      <trkpt lat="44.230035" lon="7.054636">
        <ele>2468.2</ele>
        <time>2026-08-05T06:44:29Z</time>
      </trkpt>
      <trkpt lat="44.230037" lon="7.054624">
        <ele>2467.8</ele>
        <time>2026-08-05T06:44:33Z</time>
      </trkpt>
      <trkpt lat="44.230052" lon="7.054599">
        <ele>2467.8</ele>
        <time>2026-08-05T06:44:36Z</time>
      </trkpt>
      <trkpt lat="44.230077" lon="7.054538">
        <ele>2467.2</ele>
        <time>2026-08-05T06:44:40Z</time>
      </trkpt>
      <trkpt lat="44.230085" lon="7.054489">
        <ele>2466.0</ele>
        <time>2026-08-05T06:44:47Z</time>
      </trkpt>
      <trkpt lat="44.230093" lon="7.054483">
        <ele>2465.8</ele>
        <time>2026-08-05T06:44:49Z</time>
      </trkpt>
      <trkpt lat="44.23014" lon="7.054431">
        <ele>2465.0</ele>
        <time>2026-08-05T06:44:55Z</time>
      </trkpt>
      <trkpt lat="44.230147" lon="7.054422">
        <ele>2464.8</ele>
        <time>2026-08-05T06:44:56Z</time>
      </trkpt>
      <trkpt lat="44.230149" lon="7.054381">
        <ele>2464.0</ele>
        <time>2026-08-05T06:45:03Z</time>
      </trkpt>
      <trkpt lat="44.230145" lon="7.054377">
        <ele>2463.8</ele>
        <time>2026-08-05T06:45:04Z</time>
      </trkpt>
      <trkpt lat="44.230153" lon="7.054323">
        <ele>2462.8</ele>
        <time>2026-08-05T06:45:12Z</time>
      </trkpt>
      <trkpt lat="44.230133" lon="7.054329">
        <ele>2462.4</ele>
        <time>2026-08-05T06:45:15Z</time>
      </trkpt>
      <trkpt lat="44.230106" lon="7.054334">
        <ele>2462.0</ele>
        <time>2026-08-05T06:45:18Z</time>
      </trkpt>
      <trkpt lat="44.230071" lon="7.054357">
        <ele>2461.8</ele>
        <time>2026-08-05T06:45:22Z</time>
      </trkpt>
      <trkpt lat="44.23003" lon="7.054365">
        <ele>2461.2</ele>
        <time>2026-08-05T06:45:27Z</time>
      </trkpt>
      <trkpt lat="44.230035" lon="7.054349">
        <ele>2460.8</ele>
        <time>2026-08-05T06:45:29Z</time>
      </trkpt>
      <trkpt lat="44.230047" lon="7.054336">
        <ele>2460.6</ele>
        <time>2026-08-05T06:45:31Z</time>
      </trkpt>
      <trkpt lat="44.230062" lon="7.054314">
        <ele>2460.2</ele>
        <time>2026-08-05T06:45:33Z</time>
      </trkpt>
      <trkpt lat="44.230084" lon="7.054273">
        <ele>2459.8</ele>
        <time>2026-08-05T06:45:37Z</time>
      </trkpt>
      <trkpt lat="44.230084" lon="7.054267">
        <ele>2459.4</ele>
        <time>2026-08-05T06:45:39Z</time>
      </trkpt>
      <trkpt lat="44.23008" lon="7.05426">
        <ele>2459.0</ele>
        <time>2026-08-05T06:45:41Z</time>
      </trkpt>
      <trkpt lat="44.23008" lon="7.054227">
        <ele>2458.4</ele>
        <time>2026-08-05T06:45:45Z</time>
      </trkpt>
      <trkpt lat="44.23008" lon="7.054192">
        <ele>2457.8</ele>
        <time>2026-08-05T06:45:48Z</time>
      </trkpt>
      <trkpt lat="44.230074" lon="7.054175">
        <ele>2457.2</ele>
        <time>2026-08-05T06:45:50Z</time>
      </trkpt>
      <trkpt lat="44.230069" lon="7.054113">
        <ele>2456.2</ele>
        <time>2026-08-05T06:45:55Z</time>
      </trkpt>
      <trkpt lat="44.230074" lon="7.05409">
        <ele>2456.0</ele>
        <time>2026-08-05T06:46:02Z</time>
      </trkpt>
      <trkpt lat="44.230082" lon="7.05409">
        <ele>2455.2</ele>
        <time>2026-08-05T06:46:06Z</time>
      </trkpt>
      <trkpt lat="44.230086" lon="7.054094">
        <ele>2454.4</ele>
        <time>2026-08-05T06:46:09Z</time>
      </trkpt>
      <trkpt lat="44.230091" lon="7.054101">
        <ele>2454.2</ele>
        <time>2026-08-05T06:46:10Z</time>
      </trkpt>
      <trkpt lat="44.230124" lon="7.054103">
        <ele>2453.2</ele>
        <time>2026-08-05T06:46:16Z</time>
      </trkpt>
      <trkpt lat="44.23016" lon="7.054124">
        <ele>2452.2</ele>
        <time>2026-08-05T06:46:22Z</time>
      </trkpt>
      <trkpt lat="44.230169" lon="7.054131">
        <ele>2451.2</ele>
        <time>2026-08-05T06:46:26Z</time>
      </trkpt>
      <trkpt lat="44.230173" lon="7.05413">
        <ele>2451.0</ele>
        <time>2026-08-05T06:46:27Z</time>
      </trkpt>
      <trkpt lat="44.230204" lon="7.054072">
        <ele>2450.0</ele>
        <time>2026-08-05T06:46:32Z</time>
      </trkpt>
      <trkpt lat="44.230215" lon="7.054048">
        <ele>2449.4</ele>
        <time>2026-08-05T06:46:34Z</time>
      </trkpt>
      <trkpt lat="44.230215" lon="7.05401">
        <ele>2448.8</ele>
        <time>2026-08-05T06:46:37Z</time>
      </trkpt>
      <trkpt lat="44.230194" lon="7.053955">
        <ele>2447.8</ele>
        <time>2026-08-05T06:46:42Z</time>
      </trkpt>
      <trkpt lat="44.230177" lon="7.053948">
        <ele>2446.6</ele>
        <time>2026-08-05T06:46:49Z</time>
      </trkpt>
      <trkpt lat="44.230176" lon="7.053942">
        <ele>2445.4</ele>
        <time>2026-08-05T06:46:54Z</time>
      </trkpt>
      <trkpt lat="44.230167" lon="7.053922">
        <ele>2444.6</ele>
        <time>2026-08-05T06:46:57Z</time>
      </trkpt>
      <trkpt lat="44.230154" lon="7.053906">
        <ele>2444.2</ele>
        <time>2026-08-05T06:46:58Z</time>
      </trkpt>
      <trkpt lat="44.230125" lon="7.053849">
        <ele>2443.2</ele>
        <time>2026-08-05T06:47:03Z</time>
      </trkpt>
      <trkpt lat="44.230119" lon="7.05384">
        <ele>2442.8</ele>
        <time>2026-08-05T06:47:04Z</time>
      </trkpt>
      <trkpt lat="44.230095" lon="7.05382">
        <ele>2442.0</ele>
        <time>2026-08-05T06:47:09Z</time>
      </trkpt>
      <trkpt lat="44.230082" lon="7.053808">
        <ele>2441.6</ele>
        <time>2026-08-05T06:47:11Z</time>
      </trkpt>
      <trkpt lat="44.230058" lon="7.053784">
        <ele>2440.8</ele>
        <time>2026-08-05T06:47:14Z</time>
      </trkpt>
      <trkpt lat="44.23002" lon="7.053734">
        <ele>2439.8</ele>
        <time>2026-08-05T06:47:20Z</time>
      </trkpt>
      <trkpt lat="44.230006" lon="7.053714">
        <ele>2439.6</ele>
        <time>2026-08-05T06:47:22Z</time>
      </trkpt>
      <trkpt lat="44.229985" lon="7.053669">
        <ele>2438.8</ele>
        <time>2026-08-05T06:47:28Z</time>
      </trkpt>
      <trkpt lat="44.22998" lon="7.053666">
        <ele>2438.6</ele>
        <time>2026-08-05T06:47:29Z</time>
      </trkpt>
      <trkpt lat="44.229933" lon="7.053643">
        <ele>2437.6</ele>
        <time>2026-08-05T06:47:36Z</time>
      </trkpt>
      <trkpt lat="44.229924" lon="7.05362">
        <ele>2437.4</ele>
        <time>2026-08-05T06:47:38Z</time>
      </trkpt>
      <trkpt lat="44.229936" lon="7.053573">
        <ele>2436.8</ele>
        <time>2026-08-05T06:47:44Z</time>
      </trkpt>
      <trkpt lat="44.229943" lon="7.05357">
        <ele>2436.6</ele>
        <time>2026-08-05T06:47:45Z</time>
      </trkpt>
      <trkpt lat="44.229945" lon="7.053575">
        <ele>2436.6</ele>
        <time>2026-08-05T06:47:50Z</time>
      </trkpt>
      <trkpt lat="44.229925" lon="7.05354">
        <ele>2436.6</ele>
        <time>2026-08-05T06:47:58Z</time>
      </trkpt>
      <trkpt lat="44.229945" lon="7.053504">
        <ele>2436.2</ele>
        <time>2026-08-05T06:48:04Z</time>
      </trkpt>
      <trkpt lat="44.229961" lon="7.053522">
        <ele>2435.8</ele>
        <time>2026-08-05T06:48:12Z</time>
      </trkpt>
      <trkpt lat="44.230018" lon="7.053567">
        <ele>2435.4</ele>
        <time>2026-08-05T06:48:19Z</time>
      </trkpt>
      <trkpt lat="44.230093" lon="7.0536">
        <ele>2434.4</ele>
        <time>2026-08-05T06:48:25Z</time>
      </trkpt>
      <trkpt lat="44.230107" lon="7.053577">
        <ele>2433.8</ele>
        <time>2026-08-05T06:48:27Z</time>
      </trkpt>
      <trkpt lat="44.23011" lon="7.053553">
        <ele>2433.2</ele>
        <time>2026-08-05T06:48:30Z</time>
      </trkpt>
      <trkpt lat="44.230102" lon="7.053501">
        <ele>2432.2</ele>
        <time>2026-08-05T06:48:35Z</time>
      </trkpt>
      <trkpt lat="44.230098" lon="7.053481">
        <ele>2431.8</ele>
        <time>2026-08-05T06:48:37Z</time>
      </trkpt>
      <trkpt lat="44.230093" lon="7.053447">
        <ele>2430.8</ele>
        <time>2026-08-05T06:48:40Z</time>
      </trkpt>
      <trkpt lat="44.230082" lon="7.053445">
        <ele>2430.0</ele>
        <time>2026-08-05T06:48:45Z</time>
      </trkpt>
      <trkpt lat="44.230069" lon="7.053426">
        <ele>2430.2</ele>
        <time>2026-08-05T06:48:54Z</time>
      </trkpt>
      <trkpt lat="44.23006" lon="7.053409">
        <ele>2430.0</ele>
        <time>2026-08-05T06:48:57Z</time>
      </trkpt>
      <trkpt lat="44.230051" lon="7.053383">
        <ele>2429.8</ele>
        <time>2026-08-05T06:48:59Z</time>
      </trkpt>
      <trkpt lat="44.230047" lon="7.053369">
        <ele>2429.6</ele>
        <time>2026-08-05T06:49:00Z</time>
      </trkpt>
      <trkpt lat="44.230042" lon="7.053354">
        <ele>2429.4</ele>
        <time>2026-08-05T06:49:01Z</time>
      </trkpt>
      <trkpt lat="44.230039" lon="7.05334">
        <ele>2429.2</ele>
        <time>2026-08-05T06:49:02Z</time>
      </trkpt>
      <trkpt lat="44.230034" lon="7.053308">
        <ele>2428.8</ele>
        <time>2026-08-05T06:49:04Z</time>
      </trkpt>
      <trkpt lat="44.230028" lon="7.053253">
        <ele>2427.6</ele>
        <time>2026-08-05T06:49:08Z</time>
      </trkpt>
      <trkpt lat="44.230022" lon="7.053215">
        <ele>2427.2</ele>
        <time>2026-08-05T06:49:11Z</time>
      </trkpt>
      <trkpt lat="44.23001" lon="7.053196">
        <ele>2426.8</ele>
        <time>2026-08-05T06:49:19Z</time>
      </trkpt>
      <trkpt lat="44.230005" lon="7.053194">
        <ele>2426.6</ele>
        <time>2026-08-05T06:49:20Z</time>
      </trkpt>
      <trkpt lat="44.229978" lon="7.053165">
        <ele>2425.2</ele>
        <time>2026-08-05T06:49:24Z</time>
      </trkpt>
      <trkpt lat="44.229955" lon="7.053132">
        <ele>2424.0</ele>
        <time>2026-08-05T06:49:27Z</time>
      </trkpt>
      <trkpt lat="44.229934" lon="7.053108">
        <ele>2423.0</ele>
        <time>2026-08-05T06:49:30Z</time>
      </trkpt>
      <trkpt lat="44.22992" lon="7.053065">
        <ele>2421.8</ele>
        <time>2026-08-05T06:49:34Z</time>
      </trkpt>
      <trkpt lat="44.229914" lon="7.053056">
        <ele>2421.6</ele>
        <time>2026-08-05T06:49:35Z</time>
      </trkpt>
      <trkpt lat="44.229899" lon="7.053019">
        <ele>2420.6</ele>
        <time>2026-08-05T06:49:38Z</time>
      </trkpt>
      <trkpt lat="44.229876" lon="7.052986">
        <ele>2419.6</ele>
        <time>2026-08-05T06:49:42Z</time>
      </trkpt>
      <trkpt lat="44.229849" lon="7.052965">
        <ele>2418.4</ele>
        <time>2026-08-05T06:49:46Z</time>
      </trkpt>
      <trkpt lat="44.229841" lon="7.052957">
        <ele>2418.0</ele>
        <time>2026-08-05T06:49:47Z</time>
      </trkpt>
      <trkpt lat="44.229824" lon="7.052955">
        <ele>2417.2</ele>
        <time>2026-08-05T06:49:49Z</time>
      </trkpt>
      <trkpt lat="44.229781" lon="7.052956">
        <ele>2416.0</ele>
        <time>2026-08-05T06:49:53Z</time>
      </trkpt>
      <trkpt lat="44.229759" lon="7.052951">
        <ele>2415.6</ele>
        <time>2026-08-05T06:49:55Z</time>
      </trkpt>
      <trkpt lat="44.229722" lon="7.052921">
        <ele>2415.0</ele>
        <time>2026-08-05T06:50:00Z</time>
      </trkpt>
      <trkpt lat="44.229678" lon="7.052893">
        <ele>2414.6</ele>
        <time>2026-08-05T06:50:04Z</time>
      </trkpt>
      <trkpt lat="44.229635" lon="7.052867">
        <ele>2413.8</ele>
        <time>2026-08-05T06:50:09Z</time>
      </trkpt>
      <trkpt lat="44.229602" lon="7.052854">
        <ele>2413.2</ele>
        <time>2026-08-05T06:50:13Z</time>
      </trkpt>
      <trkpt lat="44.22958" lon="7.052847">
        <ele>2412.8</ele>
        <time>2026-08-05T06:50:15Z</time>
      </trkpt>
      <trkpt lat="44.229519" lon="7.052822">
        <ele>2411.6</ele>
        <time>2026-08-05T06:50:20Z</time>
      </trkpt>
      <trkpt lat="44.229499" lon="7.052813">
        <ele>2411.2</ele>
        <time>2026-08-05T06:50:22Z</time>
      </trkpt>
      <trkpt lat="44.229476" lon="7.052804">
        <ele>2410.6</ele>
        <time>2026-08-05T06:50:25Z</time>
      </trkpt>
      <trkpt lat="44.229416" lon="7.052783">
        <ele>2409.4</ele>
        <time>2026-08-05T06:50:31Z</time>
      </trkpt>
      <trkpt lat="44.229397" lon="7.052788">
        <ele>2408.4</ele>
        <time>2026-08-05T06:50:35Z</time>
      </trkpt>
      <trkpt lat="44.229367" lon="7.052774">
        <ele>2408.0</ele>
        <time>2026-08-05T06:50:39Z</time>
      </trkpt>
      <trkpt lat="44.229291" lon="7.052666">
        <ele>2408.0</ele>
        <time>2026-08-05T06:50:46Z</time>
      </trkpt>
      <trkpt lat="44.229243" lon="7.052579">
        <ele>2407.8</ele>
        <time>2026-08-05T06:50:52Z</time>
      </trkpt>
      <trkpt lat="44.229241" lon="7.052561">
        <ele>2407.6</ele>
        <time>2026-08-05T06:50:54Z</time>
      </trkpt>
      <trkpt lat="44.229236" lon="7.052524">
        <ele>2407.2</ele>
        <time>2026-08-05T06:50:58Z</time>
      </trkpt>
      <trkpt lat="44.229235" lon="7.052483">
        <ele>2406.6</ele>
        <time>2026-08-05T06:51:01Z</time>
      </trkpt>
      <trkpt lat="44.229237" lon="7.052456">
        <ele>2406.2</ele>
        <time>2026-08-05T06:51:03Z</time>
      </trkpt>
      <trkpt lat="44.229238" lon="7.052429">
        <ele>2405.2</ele>
        <time>2026-08-05T06:51:08Z</time>
      </trkpt>
      <trkpt lat="44.229228" lon="7.052413">
        <ele>2404.6</ele>
        <time>2026-08-05T06:51:12Z</time>
      </trkpt>
      <trkpt lat="44.229183" lon="7.052363">
        <ele>2405.2</ele>
        <time>2026-08-05T06:51:18Z</time>
      </trkpt>
      <trkpt lat="44.229171" lon="7.052354">
        <ele>2405.4</ele>
        <time>2026-08-05T06:51:20Z</time>
      </trkpt>
      <trkpt lat="44.22915" lon="7.052296">
        <ele>2406.2</ele>
        <time>2026-08-05T06:51:28Z</time>
      </trkpt>
      <trkpt lat="44.229146" lon="7.052276">
        <ele>2406.2</ele>
        <time>2026-08-05T06:51:29Z</time>
      </trkpt>
      <trkpt lat="44.229164" lon="7.052169">
        <ele>2406.2</ele>
        <time>2026-08-05T06:51:38Z</time>
      </trkpt>
      <trkpt lat="44.229149" lon="7.05213">
        <ele>2406.8</ele>
        <time>2026-08-05T06:51:44Z</time>
      </trkpt>
      <trkpt lat="44.229149" lon="7.052131">
        <ele>2406.8</ele>
        <time>2026-08-05T06:51:47Z</time>
      </trkpt>
      <trkpt lat="44.229166" lon="7.052139">
        <ele>2407.0</ele>
        <time>2026-08-05T06:51:52Z</time>
      </trkpt>
      <trkpt lat="44.229162" lon="7.052132">
        <ele>2407.0</ele>
        <time>2026-08-05T06:51:53Z</time>
      </trkpt>
      <trkpt lat="44.229165" lon="7.052135">
        <ele>2407.0</ele>
        <time>2026-08-05T06:51:54Z</time>
      </trkpt>
      <trkpt lat="44.229166" lon="7.052135">
        <ele>2407.0</ele>
        <time>2026-08-05T06:51:55Z</time>
      </trkpt>
      <trkpt lat="44.22918" lon="7.052139">
        <ele>2407.2</ele>
        <time>2026-08-05T06:52:11Z</time>
      </trkpt>
      <trkpt lat="44.229182" lon="7.052133">
        <ele>2407.4</ele>
        <time>2026-08-05T06:52:12Z</time>
      </trkpt>
      <trkpt lat="44.229196" lon="7.052042">
        <ele>2408.2</ele>
        <time>2026-08-05T06:52:20Z</time>
      </trkpt>
      <trkpt lat="44.229208" lon="7.051944">
        <ele>2408.4</ele>
        <time>2026-08-05T06:52:27Z</time>
      </trkpt>
      <trkpt lat="44.229222" lon="7.051818">
        <ele>2408.8</ele>
        <time>2026-08-05T06:52:37Z</time>
      </trkpt>
      <trkpt lat="44.229278" lon="7.051698">
        <ele>2409.2</ele>
        <time>2026-08-05T06:52:44Z</time>
      </trkpt>
      <trkpt lat="44.229282" lon="7.05166">
        <ele>2409.2</ele>
        <time>2026-08-05T06:52:49Z</time>
      </trkpt>
      <trkpt lat="44.229285" lon="7.051646">
        <ele>2409.4</ele>
        <time>2026-08-05T06:52:50Z</time>
      </trkpt>
      <trkpt lat="44.229311" lon="7.051558">
        <ele>2409.4</ele>
        <time>2026-08-05T06:52:57Z</time>
      </trkpt>
      <trkpt lat="44.229348" lon="7.051486">
        <ele>2409.4</ele>
        <time>2026-08-05T06:53:04Z</time>
      </trkpt>
      <trkpt lat="44.229369" lon="7.051439">
        <ele>2409.2</ele>
        <time>2026-08-05T06:53:13Z</time>
      </trkpt>
      <trkpt lat="44.229375" lon="7.051448">
        <ele>2409.6</ele>
        <time>2026-08-05T06:53:22Z</time>
      </trkpt>
      <trkpt lat="44.229398" lon="7.05136">
        <ele>2409.4</ele>
        <time>2026-08-05T06:53:29Z</time>
      </trkpt>
      <trkpt lat="44.229385" lon="7.051259">
        <ele>2410.2</ele>
        <time>2026-08-05T06:53:37Z</time>
      </trkpt>
      <trkpt lat="44.229385" lon="7.051248">
        <ele>2410.4</ele>
        <time>2026-08-05T06:53:38Z</time>
      </trkpt>
      <trkpt lat="44.229393" lon="7.051204">
        <ele>2411.4</ele>
        <time>2026-08-05T06:53:45Z</time>
      </trkpt>
      <trkpt lat="44.229397" lon="7.051207">
        <ele>2411.6</ele>
        <time>2026-08-05T06:53:47Z</time>
      </trkpt>
      <trkpt lat="44.229388" lon="7.051237">
        <ele>2411.8</ele>
        <time>2026-08-05T06:53:52Z</time>
      </trkpt>
      <trkpt lat="44.22939" lon="7.05125">
        <ele>2411.8</ele>
        <time>2026-08-05T06:53:56Z</time>
      </trkpt>
      <trkpt lat="44.229392" lon="7.051234">
        <ele>2412.0</ele>
        <time>2026-08-05T06:53:59Z</time>
      </trkpt>
      <trkpt lat="44.229403" lon="7.051163">
        <ele>2412.0</ele>
        <time>2026-08-05T06:54:04Z</time>
      </trkpt>
      <trkpt lat="44.229381" lon="7.051126">
        <ele>2412.4</ele>
        <time>2026-08-05T06:54:09Z</time>
      </trkpt>
      <trkpt lat="44.229368" lon="7.051101">
        <ele>2412.6</ele>
        <time>2026-08-05T06:54:11Z</time>
      </trkpt>
      <trkpt lat="44.229364" lon="7.05109">
        <ele>2412.6</ele>
        <time>2026-08-05T06:54:12Z</time>
      </trkpt>
      <trkpt lat="44.229355" lon="7.051045">
        <ele>2412.8</ele>
        <time>2026-08-05T06:54:17Z</time>
      </trkpt>
      <trkpt lat="44.229356" lon="7.051026">
        <ele>2413.2</ele>
        <time>2026-08-05T06:54:20Z</time>
      </trkpt>
      <trkpt lat="44.229364" lon="7.050977">
        <ele>2413.8</ele>
        <time>2026-08-05T06:54:26Z</time>
      </trkpt>
      <trkpt lat="44.229373" lon="7.050976">
        <ele>2413.8</ele>
        <time>2026-08-05T06:54:29Z</time>
      </trkpt>
      <trkpt lat="44.229401" lon="7.050947">
        <ele>2413.8</ele>
        <time>2026-08-05T06:54:35Z</time>
      </trkpt>
      <trkpt lat="44.229398" lon="7.050943">
        <ele>2413.8</ele>
        <time>2026-08-05T06:54:38Z</time>
      </trkpt>
      <trkpt lat="44.229356" lon="7.050954">
        <ele>2413.8</ele>
        <time>2026-08-05T06:54:46Z</time>
      </trkpt>
      <trkpt lat="44.229352" lon="7.050951">
        <ele>2413.8</ele>
        <time>2026-08-05T06:54:54Z</time>
      </trkpt>
      <trkpt lat="44.229362" lon="7.050922">
        <ele>2413.8</ele>
        <time>2026-08-05T06:54:59Z</time>
      </trkpt>
      <trkpt lat="44.229368" lon="7.050927">
        <ele>2413.6</ele>
        <time>2026-08-05T06:55:03Z</time>
      </trkpt>
      <trkpt lat="44.229373" lon="7.050948">
        <ele>2413.6</ele>
        <time>2026-08-05T06:55:05Z</time>
      </trkpt>
      <trkpt lat="44.229378" lon="7.050958">
        <ele>2413.6</ele>
        <time>2026-08-05T06:55:07Z</time>
      </trkpt>
      <trkpt lat="44.229384" lon="7.050947">
        <ele>2413.4</ele>
        <time>2026-08-05T06:55:11Z</time>
      </trkpt>
      <trkpt lat="44.229391" lon="7.050942">
        <ele>2413.4</ele>
        <time>2026-08-05T06:55:14Z</time>
      </trkpt>
      <trkpt lat="44.229392" lon="7.050941">
        <ele>2413.4</ele>
        <time>2026-08-05T06:55:15Z</time>
      </trkpt>
      <trkpt lat="44.229392" lon="7.050941">
        <ele>2413.4</ele>
        <time>2026-08-05T06:55:16Z</time>
      </trkpt>
      <trkpt lat="44.229391" lon="7.050942">
        <ele>2413.4</ele>
        <time>2026-08-05T06:55:17Z</time>
      </trkpt>
      <trkpt lat="44.229388" lon="7.050945">
        <ele>2413.4</ele>
        <time>2026-08-05T06:55:18Z</time>
      </trkpt>
      <trkpt lat="44.229385" lon="7.050947">
        <ele>2413.2</ele>
        <time>2026-08-05T06:55:19Z</time>
      </trkpt>
      <trkpt lat="44.229376" lon="7.050952">
        <ele>2413.0</ele>
        <time>2026-08-05T06:55:23Z</time>
      </trkpt>
      <trkpt lat="44.22938" lon="7.050951">
        <ele>2412.6</ele>
        <time>2026-08-05T06:55:33Z</time>
      </trkpt>
      <trkpt lat="44.229383" lon="7.050945">
        <ele>2412.4</ele>
        <time>2026-08-05T06:55:39Z</time>
      </trkpt>
      <trkpt lat="44.229363" lon="7.05094">
        <ele>2412.0</ele>
        <time>2026-08-05T06:55:49Z</time>
      </trkpt>
      <trkpt lat="44.229358" lon="7.050941">
        <ele>2412.0</ele>
        <time>2026-08-05T06:55:50Z</time>
      </trkpt>
      <trkpt lat="44.229294" lon="7.051">
        <ele>2413.0</ele>
        <time>2026-08-05T06:55:58Z</time>
      </trkpt>
      <trkpt lat="44.229295" lon="7.051017">
        <ele>2413.2</ele>
        <time>2026-08-05T06:56:06Z</time>
      </trkpt>
      <trkpt lat="44.229275" lon="7.051045">
        <ele>2413.4</ele>
        <time>2026-08-05T06:56:11Z</time>
      </trkpt>
      <trkpt lat="44.229255" lon="7.051084">
        <ele>2413.6</ele>
        <time>2026-08-05T06:56:17Z</time>
      </trkpt>
      <trkpt lat="44.229252" lon="7.05109">
        <ele>2413.6</ele>
        <time>2026-08-05T06:56:18Z</time>
      </trkpt>
      <trkpt lat="44.229251" lon="7.05112">
        <ele>2414.2</ele>
        <time>2026-08-05T06:56:24Z</time>
      </trkpt>
      <trkpt lat="44.229237" lon="7.051145">
        <ele>2414.8</ele>
        <time>2026-08-05T06:56:31Z</time>
      </trkpt>
      <trkpt lat="44.229221" lon="7.051167">
        <ele>2415.4</ele>
        <time>2026-08-05T06:56:37Z</time>
      </trkpt>
      <trkpt lat="44.229223" lon="7.051177">
        <ele>2415.8</ele>
        <time>2026-08-05T06:56:40Z</time>
      </trkpt>
      <trkpt lat="44.229235" lon="7.051195">
        <ele>2416.2</ele>
        <time>2026-08-05T06:56:45Z</time>
      </trkpt>
      <trkpt lat="44.229228" lon="7.051238">
        <ele>2416.8</ele>
        <time>2026-08-05T06:56:52Z</time>
      </trkpt>
      <trkpt lat="44.229207" lon="7.051265">
        <ele>2417.4</ele>
        <time>2026-08-05T06:56:57Z</time>
      </trkpt>
      <trkpt lat="44.229201" lon="7.051245">
        <ele>2418.0</ele>
        <time>2026-08-05T06:57:01Z</time>
      </trkpt>
      <trkpt lat="44.229189" lon="7.051257">
        <ele>2418.6</ele>
        <time>2026-08-05T06:57:05Z</time>
      </trkpt>
      <trkpt lat="44.229184" lon="7.051261">
        <ele>2418.8</ele>
        <time>2026-08-05T06:57:06Z</time>
      </trkpt>
      <trkpt lat="44.229181" lon="7.051262">
        <ele>2418.8</ele>
        <time>2026-08-05T06:57:07Z</time>
      </trkpt>
      <trkpt lat="44.229182" lon="7.051261">
        <ele>2419.2</ele>
        <time>2026-08-05T06:57:08Z</time>
      </trkpt>
      <trkpt lat="44.229178" lon="7.051264">
        <ele>2419.4</ele>
        <time>2026-08-05T06:57:10Z</time>
      </trkpt>
      <trkpt lat="44.229174" lon="7.051272">
        <ele>2419.8</ele>
        <time>2026-08-05T06:57:13Z</time>
      </trkpt>
      <trkpt lat="44.229176" lon="7.051273">
        <ele>2420.0</ele>
        <time>2026-08-05T06:57:15Z</time>
      </trkpt>
      <trkpt lat="44.229174" lon="7.051275">
        <ele>2420.2</ele>
        <time>2026-08-05T06:57:16Z</time>
      </trkpt>
      <trkpt lat="44.229167" lon="7.0513">
        <ele>2420.8</ele>
        <time>2026-08-05T06:57:23Z</time>
      </trkpt>
      <trkpt lat="44.229164" lon="7.051313">
        <ele>2421.2</ele>
        <time>2026-08-05T06:57:27Z</time>
      </trkpt>
      <trkpt lat="44.229166" lon="7.051313">
        <ele>2421.2</ele>
        <time>2026-08-05T06:57:28Z</time>
      </trkpt>
      <trkpt lat="44.229168" lon="7.051332">
        <ele>2421.6</ele>
        <time>2026-08-05T06:57:31Z</time>
      </trkpt>
      <trkpt lat="44.229165" lon="7.051356">
        <ele>2422.4</ele>
        <time>2026-08-05T06:57:36Z</time>
      </trkpt>
      <trkpt lat="44.229164" lon="7.051363">
        <ele>2422.6</ele>
        <time>2026-08-05T06:57:37Z</time>
      </trkpt>
      <trkpt lat="44.229162" lon="7.05137">
        <ele>2423.4</ele>
        <time>2026-08-05T06:57:40Z</time>
      </trkpt>
      <trkpt lat="44.229179" lon="7.051367">
        <ele>2423.4</ele>
        <time>2026-08-05T06:57:44Z</time>
      </trkpt>
      <trkpt lat="44.2292" lon="7.051341">
        <ele>2424.0</ele>
        <time>2026-08-05T06:57:49Z</time>
      </trkpt>
      <trkpt lat="44.229187" lon="7.051332">
        <ele>2424.4</ele>
        <time>2026-08-05T06:57:52Z</time>
      </trkpt>
      <trkpt lat="44.229134" lon="7.051342">
        <ele>2425.6</ele>
        <time>2026-08-05T06:57:59Z</time>
      </trkpt>
      <trkpt lat="44.229122" lon="7.051348">
        <ele>2425.8</ele>
        <time>2026-08-05T06:58:01Z</time>
      </trkpt>
      <trkpt lat="44.2291" lon="7.051359">
        <ele>2426.6</ele>
        <time>2026-08-05T06:58:06Z</time>
      </trkpt>
      <trkpt lat="44.229113" lon="7.051364">
        <ele>2427.0</ele>
        <time>2026-08-05T06:58:10Z</time>
      </trkpt>
      <trkpt lat="44.229126" lon="7.051375">
        <ele>2427.6</ele>
        <time>2026-08-05T06:58:14Z</time>
      </trkpt>
      <trkpt lat="44.229128" lon="7.051368">
        <ele>2428.2</ele>
        <time>2026-08-05T06:58:19Z</time>
      </trkpt>
      <trkpt lat="44.229118" lon="7.051351">
        <ele>2428.6</ele>
        <time>2026-08-05T06:58:22Z</time>
      </trkpt>
      <trkpt lat="44.229117" lon="7.051352">
        <ele>2428.6</ele>
        <time>2026-08-05T06:58:23Z</time>
      </trkpt>
      <trkpt lat="44.22911" lon="7.05136">
        <ele>2429.0</ele>
        <time>2026-08-05T06:58:26Z</time>
      </trkpt>
      <trkpt lat="44.229113" lon="7.051337">
        <ele>2428.8</ele>
        <time>2026-08-05T06:58:34Z</time>
      </trkpt>
      <trkpt lat="44.229109" lon="7.051335">
        <ele>2428.8</ele>
        <time>2026-08-05T06:58:35Z</time>
      </trkpt>
      <trkpt lat="44.229102" lon="7.051334">
        <ele>2429.6</ele>
        <time>2026-08-05T06:58:41Z</time>
      </trkpt>
      <trkpt lat="44.229102" lon="7.051334">
        <ele>2429.8</ele>
        <time>2026-08-05T06:58:42Z</time>
      </trkpt>
      <trkpt lat="44.229073" lon="7.051332">
        <ele>2430.6</ele>
        <time>2026-08-05T06:58:47Z</time>
      </trkpt>
      <trkpt lat="44.229061" lon="7.051339">
        <ele>2431.0</ele>
        <time>2026-08-05T06:58:49Z</time>
      </trkpt>
      <trkpt lat="44.229075" lon="7.051334">
        <ele>2431.2</ele>
        <time>2026-08-05T06:58:53Z</time>
      </trkpt>
      <trkpt lat="44.229047" lon="7.051327">
        <ele>2431.6</ele>
        <time>2026-08-05T06:58:58Z</time>
      </trkpt>
      <trkpt lat="44.229036" lon="7.051323">
        <ele>2432.0</ele>
        <time>2026-08-05T06:59:00Z</time>
      </trkpt>
      <trkpt lat="44.229028" lon="7.051319">
        <ele>2433.0</ele>
        <time>2026-08-05T06:59:08Z</time>
      </trkpt>
      <trkpt lat="44.229046" lon="7.051317">
        <ele>2434.0</ele>
        <time>2026-08-05T06:59:15Z</time>
      </trkpt>
      <trkpt lat="44.229043" lon="7.051319">
        <ele>2434.0</ele>
        <time>2026-08-05T06:59:16Z</time>
      </trkpt>
      <trkpt lat="44.229037" lon="7.051322">
        <ele>2434.0</ele>
        <time>2026-08-05T06:59:17Z</time>
      </trkpt>
      <trkpt lat="44.229026" lon="7.05133">
        <ele>2434.8</ele>
        <time>2026-08-05T06:59:21Z</time>
      </trkpt>
      <trkpt lat="44.22902" lon="7.051332">
        <ele>2435.0</ele>
        <time>2026-08-05T06:59:22Z</time>
      </trkpt>
      <trkpt lat="44.229016" lon="7.051333">
        <ele>2435.2</ele>
        <time>2026-08-05T06:59:23Z</time>
      </trkpt>
      <trkpt lat="44.228974" lon="7.051347">
        <ele>2436.2</ele>
        <time>2026-08-05T06:59:30Z</time>
      </trkpt>
      <trkpt lat="44.22897" lon="7.051344">
        <ele>2436.2</ele>
        <time>2026-08-05T06:59:31Z</time>
      </trkpt>
      <trkpt lat="44.228933" lon="7.051363">
        <ele>2437.0</ele>
        <time>2026-08-05T06:59:38Z</time>
      </trkpt>
      <trkpt lat="44.228934" lon="7.051369">
        <ele>2437.4</ele>
        <time>2026-08-05T06:59:40Z</time>
      </trkpt>
      <trkpt lat="44.22895" lon="7.051365">
        <ele>2437.8</ele>
        <time>2026-08-05T06:59:45Z</time>
      </trkpt>
      <trkpt lat="44.22894" lon="7.051386">
        <ele>2438.0</ele>
        <time>2026-08-05T06:59:51Z</time>
      </trkpt>
      <trkpt lat="44.228942" lon="7.051376">
        <ele>2438.0</ele>
        <time>2026-08-05T06:59:53Z</time>
      </trkpt>
      <trkpt lat="44.22894" lon="7.051353">
        <ele>2437.8</ele>
        <time>2026-08-05T06:59:57Z</time>
      </trkpt>
      <trkpt lat="44.228935" lon="7.051343">
        <ele>2437.6</ele>
        <time>2026-08-05T07:00:01Z</time>
      </trkpt>
      <trkpt lat="44.228903" lon="7.051373">
        <ele>2438.2</ele>
        <time>2026-08-05T07:00:08Z</time>
      </trkpt>
      <trkpt lat="44.228915" lon="7.051368">
        <ele>2438.4</ele>
        <time>2026-08-05T07:00:09Z</time>
      </trkpt>
      <trkpt lat="44.228901" lon="7.051372">
        <ele>2439.0</ele>
        <time>2026-08-05T07:00:13Z</time>
      </trkpt>
      <trkpt lat="44.228898" lon="7.051369">
        <ele>2439.4</ele>
        <time>2026-08-05T07:00:15Z</time>
      </trkpt>
      <trkpt lat="44.228871" lon="7.051374">
        <ele>2440.4</ele>
        <time>2026-08-05T07:00:20Z</time>
      </trkpt>
      <trkpt lat="44.228848" lon="7.051385">
        <ele>2440.6</ele>
        <time>2026-08-05T07:00:22Z</time>
      </trkpt>
      <trkpt lat="44.228832" lon="7.051403">
        <ele>2441.2</ele>
        <time>2026-08-05T07:00:28Z</time>
      </trkpt>
      <trkpt lat="44.228846" lon="7.051396">
        <ele>2441.6</ele>
        <time>2026-08-05T07:00:32Z</time>
      </trkpt>
      <trkpt lat="44.228873" lon="7.051378">
        <ele>2442.0</ele>
        <time>2026-08-05T07:00:37Z</time>
      </trkpt>
      <trkpt lat="44.228828" lon="7.051408">
        <ele>2442.2</ele>
        <time>2026-08-05T07:00:43Z</time>
      </trkpt>
      <trkpt lat="44.228817" lon="7.051418">
        <ele>2442.6</ele>
        <time>2026-08-05T07:00:46Z</time>
      </trkpt>
      <trkpt lat="44.228833" lon="7.051407">
        <ele>2443.2</ele>
        <time>2026-08-05T07:00:50Z</time>
      </trkpt>
      <trkpt lat="44.228839" lon="7.051398">
        <ele>2443.8</ele>
        <time>2026-08-05T07:00:52Z</time>
      </trkpt>
      <trkpt lat="44.228841" lon="7.051407">
        <ele>2444.4</ele>
        <time>2026-08-05T07:00:58Z</time>
      </trkpt>
      <trkpt lat="44.228809" lon="7.051437">
        <ele>2444.4</ele>
        <time>2026-08-05T07:01:06Z</time>
      </trkpt>
      <trkpt lat="44.228796" lon="7.05145">
        <ele>2444.8</ele>
        <time>2026-08-05T07:01:09Z</time>
      </trkpt>
      <trkpt lat="44.228764" lon="7.051471">
        <ele>2445.4</ele>
        <time>2026-08-05T07:01:14Z</time>
      </trkpt>
      <trkpt lat="44.228739" lon="7.051494">
        <ele>2445.8</ele>
        <time>2026-08-05T07:01:17Z</time>
      </trkpt>
      <trkpt lat="44.228711" lon="7.051532">
        <ele>2446.2</ele>
        <time>2026-08-05T07:01:21Z</time>
      </trkpt>
      <trkpt lat="44.228693" lon="7.051532">
        <ele>2447.0</ele>
        <time>2026-08-05T07:01:27Z</time>
      </trkpt>
      <trkpt lat="44.228682" lon="7.05153">
        <ele>2447.2</ele>
        <time>2026-08-05T07:01:29Z</time>
      </trkpt>
      <trkpt lat="44.228674" lon="7.051541">
        <ele>2448.0</ele>
        <time>2026-08-05T07:01:33Z</time>
      </trkpt>
      <trkpt lat="44.228672" lon="7.051549">
        <ele>2448.4</ele>
        <time>2026-08-05T07:01:36Z</time>
      </trkpt>
      <trkpt lat="44.228658" lon="7.051561">
        <ele>2449.0</ele>
        <time>2026-08-05T07:01:40Z</time>
      </trkpt>
      <trkpt lat="44.228648" lon="7.051565">
        <ele>2449.4</ele>
        <time>2026-08-05T07:01:42Z</time>
      </trkpt>
      <trkpt lat="44.228637" lon="7.051567">
        <ele>2449.8</ele>
        <time>2026-08-05T07:01:44Z</time>
      </trkpt>
      <trkpt lat="44.228621" lon="7.05157">
        <ele>2450.0</ele>
        <time>2026-08-05T07:01:46Z</time>
      </trkpt>
      <trkpt lat="44.228597" lon="7.051558">
        <ele>2451.0</ele>
        <time>2026-08-05T07:01:52Z</time>
      </trkpt>
      <trkpt lat="44.228596" lon="7.051554">
        <ele>2451.2</ele>
        <time>2026-08-05T07:01:54Z</time>
      </trkpt>
      <trkpt lat="44.228591" lon="7.051567">
        <ele>2452.0</ele>
        <time>2026-08-05T07:02:00Z</time>
      </trkpt>
      <trkpt lat="44.228604" lon="7.051573">
        <ele>2452.2</ele>
        <time>2026-08-05T07:02:02Z</time>
      </trkpt>
      <trkpt lat="44.228593" lon="7.05156">
        <ele>2453.2</ele>
        <time>2026-08-05T07:02:07Z</time>
      </trkpt>
      <trkpt lat="44.228595" lon="7.051553">
        <ele>2453.6</ele>
        <time>2026-08-05T07:02:08Z</time>
      </trkpt>
      <trkpt lat="44.228608" lon="7.051536">
        <ele>2454.4</ele>
        <time>2026-08-05T07:02:13Z</time>
      </trkpt>
      <trkpt lat="44.228602" lon="7.051534">
        <ele>2454.8</ele>
        <time>2026-08-05T07:02:16Z</time>
      </trkpt>
      <trkpt lat="44.228598" lon="7.051538">
        <ele>2455.0</ele>
        <time>2026-08-05T07:02:17Z</time>
      </trkpt>
      <trkpt lat="44.228592" lon="7.051532">
        <ele>2455.4</ele>
        <time>2026-08-05T07:02:21Z</time>
      </trkpt>
      <trkpt lat="44.228592" lon="7.051529">
        <ele>2455.4</ele>
        <time>2026-08-05T07:02:22Z</time>
      </trkpt>
      <trkpt lat="44.228592" lon="7.051517">
        <ele>2456.2</ele>
        <time>2026-08-05T07:02:26Z</time>
      </trkpt>
      <trkpt lat="44.22859" lon="7.051516">
        <ele>2456.2</ele>
        <time>2026-08-05T07:02:27Z</time>
      </trkpt>
      <trkpt lat="44.228586" lon="7.051512">
        <ele>2456.6</ele>
        <time>2026-08-05T07:02:29Z</time>
      </trkpt>
      <trkpt lat="44.228558" lon="7.051515">
        <ele>2457.6</ele>
        <time>2026-08-05T07:02:34Z</time>
      </trkpt>
      <trkpt lat="44.228553" lon="7.051517">
        <ele>2457.8</ele>
        <time>2026-08-05T07:02:35Z</time>
      </trkpt>
      <trkpt lat="44.22853" lon="7.051517">
        <ele>2459.0</ele>
        <time>2026-08-05T07:02:39Z</time>
      </trkpt>
      <trkpt lat="44.228526" lon="7.051514">
        <ele>2459.4</ele>
        <time>2026-08-05T07:02:43Z</time>
      </trkpt>
      <trkpt lat="44.228533" lon="7.051519">
        <ele>2459.6</ele>
        <time>2026-08-05T07:02:52Z</time>
      </trkpt>
      <trkpt lat="44.228537" lon="7.051521">
        <ele>2459.6</ele>
        <time>2026-08-05T07:02:53Z</time>
      </trkpt>
      <trkpt lat="44.228538" lon="7.051517">
        <ele>2459.8</ele>
        <time>2026-08-05T07:03:04Z</time>
      </trkpt>
      <trkpt lat="44.228526" lon="7.051513">
        <ele>2460.0</ele>
        <time>2026-08-05T07:03:09Z</time>
      </trkpt>
      <trkpt lat="44.228508" lon="7.051502">
        <ele>2460.8</ele>
        <time>2026-08-05T07:03:13Z</time>
      </trkpt>
      <trkpt lat="44.228499" lon="7.051499">
        <ele>2461.2</ele>
        <time>2026-08-05T07:03:15Z</time>
      </trkpt>
      <trkpt lat="44.228499" lon="7.051482">
        <ele>2462.2</ele>
        <time>2026-08-05T07:03:22Z</time>
      </trkpt>
      <trkpt lat="44.228496" lon="7.051478">
        <ele>2462.4</ele>
        <time>2026-08-05T07:03:23Z</time>
      </trkpt>
      <trkpt lat="44.228481" lon="7.051445">
        <ele>2463.2</ele>
        <time>2026-08-05T07:03:29Z</time>
      </trkpt>
      <trkpt lat="44.22849" lon="7.051435">
        <ele>2463.6</ele>
        <time>2026-08-05T07:03:32Z</time>
      </trkpt>
      <trkpt lat="44.228487" lon="7.051418">
        <ele>2464.4</ele>
        <time>2026-08-05T07:03:36Z</time>
      </trkpt>
      <trkpt lat="44.22848" lon="7.051408">
        <ele>2465.0</ele>
        <time>2026-08-05T07:03:41Z</time>
      </trkpt>
      <trkpt lat="44.228473" lon="7.051401">
        <ele>2465.4</ele>
        <time>2026-08-05T07:03:43Z</time>
      </trkpt>
      <trkpt lat="44.228466" lon="7.051397">
        <ele>2465.6</ele>
        <time>2026-08-05T07:03:46Z</time>
      </trkpt>
      <trkpt lat="44.228463" lon="7.051386">
        <ele>2466.0</ele>
        <time>2026-08-05T07:03:49Z</time>
      </trkpt>
      <trkpt lat="44.228462" lon="7.051382">
        <ele>2466.0</ele>
        <time>2026-08-05T07:03:50Z</time>
      </trkpt>
      <trkpt lat="44.228462" lon="7.051375">
        <ele>2466.6</ele>
        <time>2026-08-05T07:03:52Z</time>
      </trkpt>
      <trkpt lat="44.228448" lon="7.051344">
        <ele>2467.6</ele>
        <time>2026-08-05T07:03:58Z</time>
      </trkpt>
      <trkpt lat="44.228444" lon="7.051336">
        <ele>2467.8</ele>
        <time>2026-08-05T07:04:00Z</time>
      </trkpt>
      <trkpt lat="44.228448" lon="7.051316">
        <ele>2468.6</ele>
        <time>2026-08-05T07:04:05Z</time>
      </trkpt>
      <trkpt lat="44.22846" lon="7.051297">
        <ele>2468.8</ele>
        <time>2026-08-05T07:04:09Z</time>
      </trkpt>
      <trkpt lat="44.228445" lon="7.051293">
        <ele>2468.8</ele>
        <time>2026-08-05T07:04:20Z</time>
      </trkpt>
      <trkpt lat="44.228431" lon="7.051324">
        <ele>2468.6</ele>
        <time>2026-08-05T07:04:26Z</time>
      </trkpt>
      <trkpt lat="44.228432" lon="7.051321">
        <ele>2468.6</ele>
        <time>2026-08-05T07:04:28Z</time>
      </trkpt>
      <trkpt lat="44.228411" lon="7.05132">
        <ele>2469.0</ele>
        <time>2026-08-05T07:04:37Z</time>
      </trkpt>
      <trkpt lat="44.228414" lon="7.05133">
        <ele>2469.4</ele>
        <time>2026-08-05T07:04:47Z</time>
      </trkpt>
      <trkpt lat="44.228415" lon="7.051327">
        <ele>2469.4</ele>
        <time>2026-08-05T07:04:51Z</time>
      </trkpt>
      <trkpt lat="44.228426" lon="7.051295">
        <ele>2469.2</ele>
        <time>2026-08-05T07:04:57Z</time>
      </trkpt>
      <trkpt lat="44.228422" lon="7.051283">
        <ele>2469.2</ele>
        <time>2026-08-05T07:04:59Z</time>
      </trkpt>
      <trkpt lat="44.228414" lon="7.051266">
        <ele>2469.6</ele>
        <time>2026-08-05T07:05:03Z</time>
      </trkpt>
      <trkpt lat="44.228417" lon="7.051267">
        <ele>2470.6</ele>
        <time>2026-08-05T07:05:08Z</time>
      </trkpt>
      <trkpt lat="44.228419" lon="7.05127">
        <ele>2470.8</ele>
        <time>2026-08-05T07:05:09Z</time>
      </trkpt>
      <trkpt lat="44.228412" lon="7.051242">
        <ele>2470.8</ele>
        <time>2026-08-05T07:05:17Z</time>
      </trkpt>
      <trkpt lat="44.22839" lon="7.05126">
        <ele>2470.6</ele>
        <time>2026-08-05T07:05:26Z</time>
      </trkpt>
      <trkpt lat="44.228406" lon="7.051258">
        <ele>2470.8</ele>
        <time>2026-08-05T07:05:29Z</time>
      </trkpt>
      <trkpt lat="44.228442" lon="7.051259">
        <ele>2471.2</ele>
        <time>2026-08-05T07:05:34Z</time>
      </trkpt>
      <trkpt lat="44.228448" lon="7.051256">
        <ele>2471.8</ele>
        <time>2026-08-05T07:05:38Z</time>
      </trkpt>
      <trkpt lat="44.228419" lon="7.051234">
        <ele>2472.0</ele>
        <time>2026-08-05T07:05:42Z</time>
      </trkpt>
      <trkpt lat="44.22842" lon="7.051217">
        <ele>2472.4</ele>
        <time>2026-08-05T07:05:48Z</time>
      </trkpt>
      <trkpt lat="44.228422" lon="7.05121">
        <ele>2472.8</ele>
        <time>2026-08-05T07:05:53Z</time>
      </trkpt>
      <trkpt lat="44.228411" lon="7.051203">
        <ele>2473.0</ele>
        <time>2026-08-05T07:05:56Z</time>
      </trkpt>
      <trkpt lat="44.228407" lon="7.051201">
        <ele>2473.0</ele>
        <time>2026-08-05T07:05:57Z</time>
      </trkpt>
      <trkpt lat="44.228394" lon="7.051188">
        <ele>2474.0</ele>
        <time>2026-08-05T07:06:01Z</time>
      </trkpt>
      <trkpt lat="44.228396" lon="7.051185">
        <ele>2474.2</ele>
        <time>2026-08-05T07:06:04Z</time>
      </trkpt>
      <trkpt lat="44.228382" lon="7.051182">
        <ele>2475.0</ele>
        <time>2026-08-05T07:06:11Z</time>
      </trkpt>
      <trkpt lat="44.228374" lon="7.051174">
        <ele>2475.2</ele>
        <time>2026-08-05T07:06:13Z</time>
      </trkpt>
      <trkpt lat="44.228354" lon="7.051197">
        <ele>2476.0</ele>
        <time>2026-08-05T07:06:19Z</time>
      </trkpt>
      <trkpt lat="44.228354" lon="7.051213">
        <ele>2476.0</ele>
        <time>2026-08-05T07:06:21Z</time>
      </trkpt>
      <trkpt lat="44.228371" lon="7.051178">
        <ele>2477.0</ele>
        <time>2026-08-05T07:06:29Z</time>
      </trkpt>
      <trkpt lat="44.22836" lon="7.051124">
        <ele>2477.8</ele>
        <time>2026-08-05T07:06:37Z</time>
      </trkpt>
      <trkpt lat="44.228351" lon="7.051126">
        <ele>2478.2</ele>
        <time>2026-08-05T07:06:39Z</time>
      </trkpt>
      <trkpt lat="44.22834" lon="7.051139">
        <ele>2479.4</ele>
        <time>2026-08-05T07:06:47Z</time>
      </trkpt>
      <trkpt lat="44.228348" lon="7.051097">
        <ele>2480.2</ele>
        <time>2026-08-05T07:06:56Z</time>
      </trkpt>
      <trkpt lat="44.228347" lon="7.051093">
        <ele>2480.4</ele>
        <time>2026-08-05T07:06:57Z</time>
      </trkpt>
      <trkpt lat="44.228342" lon="7.051091">
        <ele>2481.6</ele>
        <time>2026-08-05T07:07:03Z</time>
      </trkpt>
      <trkpt lat="44.228338" lon="7.051096">
        <ele>2481.6</ele>
        <time>2026-08-05T07:07:04Z</time>
      </trkpt>
      <trkpt lat="44.228317" lon="7.051098">
        <ele>2482.4</ele>
        <time>2026-08-05T07:07:13Z</time>
      </trkpt>
      <trkpt lat="44.228324" lon="7.051096">
        <ele>2482.6</ele>
        <time>2026-08-05T07:07:14Z</time>
      </trkpt>
      <trkpt lat="44.22831" lon="7.051097">
        <ele>2482.8</ele>
        <time>2026-08-05T07:07:20Z</time>
      </trkpt>
      <trkpt lat="44.228299" lon="7.051104">
        <ele>2482.8</ele>
        <time>2026-08-05T07:07:22Z</time>
      </trkpt>
      <trkpt lat="44.228301" lon="7.051098">
        <ele>2483.6</ele>
        <time>2026-08-05T07:07:28Z</time>
      </trkpt>
      <trkpt lat="44.228321" lon="7.051042">
        <ele>2484.4</ele>
        <time>2026-08-05T07:07:38Z</time>
      </trkpt>
      <trkpt lat="44.228319" lon="7.05102">
        <ele>2484.8</ele>
        <time>2026-08-05T07:07:41Z</time>
      </trkpt>
      <trkpt lat="44.228318" lon="7.051015">
        <ele>2484.8</ele>
        <time>2026-08-05T07:07:45Z</time>
      </trkpt>
      <trkpt lat="44.228308" lon="7.05102">
        <ele>2485.8</ele>
        <time>2026-08-05T07:07:53Z</time>
      </trkpt>
      <trkpt lat="44.228307" lon="7.051018">
        <ele>2485.8</ele>
        <time>2026-08-05T07:07:54Z</time>
      </trkpt>
      <trkpt lat="44.228307" lon="7.050978">
        <ele>2486.2</ele>
        <time>2026-08-05T07:08:02Z</time>
      </trkpt>
      <trkpt lat="44.228319" lon="7.051">
        <ele>2486.8</ele>
        <time>2026-08-05T07:08:07Z</time>
      </trkpt>
      <trkpt lat="44.228322" lon="7.051015">
        <ele>2487.0</ele>
        <time>2026-08-05T07:08:11Z</time>
      </trkpt>
      <trkpt lat="44.22832" lon="7.05101">
        <ele>2487.2</ele>
        <time>2026-08-05T07:08:15Z</time>
      </trkpt>
      <trkpt lat="44.228313" lon="7.05101">
        <ele>2487.6</ele>
        <time>2026-08-05T07:08:19Z</time>
      </trkpt>
      <trkpt lat="44.228303" lon="7.05101">
        <ele>2487.8</ele>
        <time>2026-08-05T07:08:22Z</time>
      </trkpt>
      <trkpt lat="44.228306" lon="7.050997">
        <ele>2488.6</ele>
        <time>2026-08-05T07:08:28Z</time>
      </trkpt>
      <trkpt lat="44.228304" lon="7.050986">
        <ele>2489.0</ele>
        <time>2026-08-05T07:08:33Z</time>
      </trkpt>
      <trkpt lat="44.228296" lon="7.050976">
        <ele>2489.6</ele>
        <time>2026-08-05T07:08:39Z</time>
      </trkpt>
      <trkpt lat="44.228289" lon="7.050979">
        <ele>2490.0</ele>
        <time>2026-08-05T07:08:44Z</time>
      </trkpt>
      <trkpt lat="44.228289" lon="7.050979">
        <ele>2490.6</ele>
        <time>2026-08-05T07:08:48Z</time>
      </trkpt>
      <trkpt lat="44.228284" lon="7.050979">
        <ele>2491.0</ele>
        <time>2026-08-05T07:08:51Z</time>
      </trkpt>
      <trkpt lat="44.228273" lon="7.050979">
        <ele>2491.2</ele>
        <time>2026-08-05T07:08:55Z</time>
      </trkpt>
      <trkpt lat="44.228249" lon="7.050988">
        <ele>2491.4</ele>
        <time>2026-08-05T07:08:59Z</time>
      </trkpt>
      <trkpt lat="44.228242" lon="7.051001">
        <ele>2491.6</ele>
        <time>2026-08-05T07:09:01Z</time>
      </trkpt>
      <trkpt lat="44.22825" lon="7.051">
        <ele>2492.2</ele>
        <time>2026-08-05T07:09:04Z</time>
      </trkpt>
      <trkpt lat="44.228253" lon="7.050987">
        <ele>2492.4</ele>
        <time>2026-08-05T07:09:08Z</time>
      </trkpt>
      <trkpt lat="44.228259" lon="7.050991">
        <ele>2492.6</ele>
        <time>2026-08-05T07:09:17Z</time>
      </trkpt>
      <trkpt lat="44.228272" lon="7.050894">
        <ele>2492.4</ele>
        <time>2026-08-05T07:09:27Z</time>
      </trkpt>
      <trkpt lat="44.228271" lon="7.050857">
        <ele>2493.4</ele>
        <time>2026-08-05T07:09:33Z</time>
      </trkpt>
      <trkpt lat="44.228272" lon="7.050841">
        <ele>2493.6</ele>
        <time>2026-08-05T07:09:35Z</time>
      </trkpt>
      <trkpt lat="44.228274" lon="7.050881">
        <ele>2494.4</ele>
        <time>2026-08-05T07:09:43Z</time>
      </trkpt>
      <trkpt lat="44.228264" lon="7.050877">
        <ele>2495.6</ele>
        <time>2026-08-05T07:09:51Z</time>
      </trkpt>
      <trkpt lat="44.228264" lon="7.050878">
        <ele>2495.8</ele>
        <time>2026-08-05T07:09:52Z</time>
      </trkpt>
      <trkpt lat="44.228265" lon="7.050899">
        <ele>2496.0</ele>
        <time>2026-08-05T07:09:59Z</time>
      </trkpt>
      <trkpt lat="44.228284" lon="7.050868">
        <ele>2496.8</ele>
        <time>2026-08-05T07:10:05Z</time>
      </trkpt>
      <trkpt lat="44.228285" lon="7.050882">
        <ele>2496.6</ele>
        <time>2026-08-05T07:10:11Z</time>
      </trkpt>
      <trkpt lat="44.228292" lon="7.050857">
        <ele>2496.4</ele>
        <time>2026-08-05T07:10:20Z</time>
      </trkpt>
      <trkpt lat="44.228303" lon="7.050881">
        <ele>2496.4</ele>
        <time>2026-08-05T07:10:31Z</time>
      </trkpt>
      <trkpt lat="44.228293" lon="7.050892">
        <ele>2496.4</ele>
        <time>2026-08-05T07:10:39Z</time>
      </trkpt>
      <trkpt lat="44.228288" lon="7.05085">
        <ele>2496.8</ele>
        <time>2026-08-05T07:10:45Z</time>
      </trkpt>
      <trkpt lat="44.228285" lon="7.050849">
        <ele>2496.8</ele>
        <time>2026-08-05T07:10:46Z</time>
      </trkpt>
      <trkpt lat="44.228282" lon="7.050849">
        <ele>2496.8</ele>
        <time>2026-08-05T07:10:51Z</time>
      </trkpt>
      <trkpt lat="44.228286" lon="7.050865">
        <ele>2496.6</ele>
        <time>2026-08-05T07:10:56Z</time>
      </trkpt>
      <trkpt lat="44.22828" lon="7.050901">
        <ele>2496.4</ele>
        <time>2026-08-05T07:11:06Z</time>
      </trkpt>
      <trkpt lat="44.228272" lon="7.050892">
        <ele>2497.0</ele>
        <time>2026-08-05T07:11:14Z</time>
      </trkpt>
      <trkpt lat="44.228283" lon="7.050863">
        <ele>2497.8</ele>
        <time>2026-08-05T07:11:19Z</time>
      </trkpt>
      <trkpt lat="44.228289" lon="7.050848">
        <ele>2498.0</ele>
        <time>2026-08-05T07:11:21Z</time>
      </trkpt>
      <trkpt lat="44.228303" lon="7.050828">
        <ele>2498.4</ele>
        <time>2026-08-05T07:11:29Z</time>
      </trkpt>
      <trkpt lat="44.2283" lon="7.050828">
        <ele>2498.8</ele>
        <time>2026-08-05T07:11:34Z</time>
      </trkpt>
      <trkpt lat="44.228284" lon="7.05082">
        <ele>2499.8</ele>
        <time>2026-08-05T07:11:40Z</time>
      </trkpt>
      <trkpt lat="44.228282" lon="7.050808">
        <ele>2499.8</ele>
        <time>2026-08-05T07:11:42Z</time>
      </trkpt>
      <trkpt lat="44.228293" lon="7.05081">
        <ele>2500.2</ele>
        <time>2026-08-05T07:11:46Z</time>
      </trkpt>
      <trkpt lat="44.228305" lon="7.050811">
        <ele>2500.4</ele>
        <time>2026-08-05T07:11:49Z</time>
      </trkpt>
      <trkpt lat="44.228293" lon="7.050797">
        <ele>2500.8</ele>
        <time>2026-08-05T07:11:52Z</time>
      </trkpt>
      <trkpt lat="44.228289" lon="7.050798">
        <ele>2501.0</ele>
        <time>2026-08-05T07:11:53Z</time>
      </trkpt>
      <trkpt lat="44.228279" lon="7.050797">
        <ele>2501.4</ele>
        <time>2026-08-05T07:11:56Z</time>
      </trkpt>
      <trkpt lat="44.228278" lon="7.050794">
        <ele>2501.4</ele>
        <time>2026-08-05T07:11:57Z</time>
      </trkpt>
      <trkpt lat="44.228292" lon="7.050768">
        <ele>2502.0</ele>
        <time>2026-08-05T07:12:04Z</time>
      </trkpt>
      <trkpt lat="44.228292" lon="7.050762">
        <ele>2502.4</ele>
        <time>2026-08-05T07:12:06Z</time>
      </trkpt>
      <trkpt lat="44.228292" lon="7.050771">
        <ele>2503.0</ele>
        <time>2026-08-05T07:12:11Z</time>
      </trkpt>
      <trkpt lat="44.228307" lon="7.050747">
        <ele>2503.2</ele>
        <time>2026-08-05T07:12:15Z</time>
      </trkpt>
      <trkpt lat="44.228312" lon="7.050741">
        <ele>2503.6</ele>
        <time>2026-08-05T07:12:24Z</time>
      </trkpt>
      <trkpt lat="44.228306" lon="7.050751">
        <ele>2504.2</ele>
        <time>2026-08-05T07:12:27Z</time>
      </trkpt>
      <trkpt lat="44.228323" lon="7.050697">
        <ele>2504.8</ele>
        <time>2026-08-05T07:12:35Z</time>
      </trkpt>
      <trkpt lat="44.22832" lon="7.050693">
        <ele>2505.2</ele>
        <time>2026-08-05T07:12:37Z</time>
      </trkpt>
      <trkpt lat="44.228312" lon="7.050688">
        <ele>2506.0</ele>
        <time>2026-08-05T07:12:43Z</time>
      </trkpt>
      <trkpt lat="44.228293" lon="7.050681">
        <ele>2506.0</ele>
        <time>2026-08-05T07:12:47Z</time>
      </trkpt>
      <trkpt lat="44.228279" lon="7.050702">
        <ele>2506.0</ele>
        <time>2026-08-05T07:12:51Z</time>
      </trkpt>
      <trkpt lat="44.228275" lon="7.050707">
        <ele>2506.0</ele>
        <time>2026-08-05T07:12:52Z</time>
      </trkpt>
      <trkpt lat="44.228271" lon="7.050715">
        <ele>2506.4</ele>
        <time>2026-08-05T07:12:54Z</time>
      </trkpt>
      <trkpt lat="44.228284" lon="7.050704">
        <ele>2507.2</ele>
        <time>2026-08-05T07:12:59Z</time>
      </trkpt>
      <trkpt lat="44.228285" lon="7.050696">
        <ele>2507.4</ele>
        <time>2026-08-05T07:13:01Z</time>
      </trkpt>
      <trkpt lat="44.228287" lon="7.050675">
        <ele>2507.8</ele>
        <time>2026-08-05T07:13:07Z</time>
      </trkpt>
      <trkpt lat="44.228279" lon="7.050666">
        <ele>2508.4</ele>
        <time>2026-08-05T07:13:11Z</time>
      </trkpt>
      <trkpt lat="44.228273" lon="7.050668">
        <ele>2508.4</ele>
        <time>2026-08-05T07:13:12Z</time>
      </trkpt>
      <trkpt lat="44.228258" lon="7.050671">
        <ele>2508.8</ele>
        <time>2026-08-05T07:13:15Z</time>
      </trkpt>
      <trkpt lat="44.228255" lon="7.050652">
        <ele>2509.2</ele>
        <time>2026-08-05T07:13:22Z</time>
      </trkpt>
      <trkpt lat="44.228261" lon="7.050655">
        <ele>2509.6</ele>
        <time>2026-08-05T07:13:25Z</time>
      </trkpt>
      <trkpt lat="44.228254" lon="7.050648">
        <ele>2510.6</ele>
        <time>2026-08-05T07:13:31Z</time>
      </trkpt>
      <trkpt lat="44.228253" lon="7.050619">
        <ele>2510.6</ele>
        <time>2026-08-05T07:13:36Z</time>
      </trkpt>
      <trkpt lat="44.228255" lon="7.050605">
        <ele>2511.0</ele>
        <time>2026-08-05T07:13:39Z</time>
      </trkpt>
      <trkpt lat="44.228252" lon="7.050587">
        <ele>2511.8</ele>
        <time>2026-08-05T07:13:44Z</time>
      </trkpt>
      <trkpt lat="44.228248" lon="7.050579">
        <ele>2511.8</ele>
        <time>2026-08-05T07:13:48Z</time>
      </trkpt>
      <trkpt lat="44.228258" lon="7.050538">
        <ele>2512.8</ele>
        <time>2026-08-05T07:13:56Z</time>
      </trkpt>
      <trkpt lat="44.228242" lon="7.050536">
        <ele>2513.2</ele>
        <time>2026-08-05T07:14:04Z</time>
      </trkpt>
      <trkpt lat="44.228238" lon="7.050523">
        <ele>2513.8</ele>
        <time>2026-08-05T07:14:10Z</time>
      </trkpt>
      <trkpt lat="44.228228" lon="7.050521">
        <ele>2514.0</ele>
        <time>2026-08-05T07:14:12Z</time>
      </trkpt>
      <trkpt lat="44.228218" lon="7.050516">
        <ele>2514.8</ele>
        <time>2026-08-05T07:14:18Z</time>
      </trkpt>
      <trkpt lat="44.228215" lon="7.050513">
        <ele>2515.0</ele>
        <time>2026-08-05T07:14:20Z</time>
      </trkpt>
      <trkpt lat="44.228219" lon="7.050501">
        <ele>2515.8</ele>
        <time>2026-08-05T07:14:30Z</time>
      </trkpt>
      <trkpt lat="44.228217" lon="7.050494">
        <ele>2516.0</ele>
        <time>2026-08-05T07:14:31Z</time>
      </trkpt>
      <trkpt lat="44.228207" lon="7.050487">
        <ele>2517.0</ele>
        <time>2026-08-05T07:14:37Z</time>
      </trkpt>
      <trkpt lat="44.2282" lon="7.050485">
        <ele>2517.2</ele>
        <time>2026-08-05T07:14:39Z</time>
      </trkpt>
      <trkpt lat="44.228195" lon="7.050481">
        <ele>2518.0</ele>
        <time>2026-08-05T07:14:44Z</time>
      </trkpt>
      <trkpt lat="44.228188" lon="7.050474">
        <ele>2518.0</ele>
        <time>2026-08-05T07:14:48Z</time>
      </trkpt>
      <trkpt lat="44.228191" lon="7.050431">
        <ele>2519.2</ele>
        <time>2026-08-05T07:14:54Z</time>
      </trkpt>
      <trkpt lat="44.228193" lon="7.050426">
        <ele>2519.2</ele>
        <time>2026-08-05T07:14:55Z</time>
      </trkpt>
      <trkpt lat="44.228186" lon="7.050425">
        <ele>2519.8</ele>
        <time>2026-08-05T07:15:03Z</time>
      </trkpt>
      <trkpt lat="44.228182" lon="7.050415">
        <ele>2520.2</ele>
        <time>2026-08-05T07:15:07Z</time>
      </trkpt>
      <trkpt lat="44.228189" lon="7.050409">
        <ele>2520.8</ele>
        <time>2026-08-05T07:15:11Z</time>
      </trkpt>
      <trkpt lat="44.228182" lon="7.050387">
        <ele>2521.2</ele>
        <time>2026-08-05T07:15:14Z</time>
      </trkpt>
      <trkpt lat="44.228181" lon="7.050376">
        <ele>2521.2</ele>
        <time>2026-08-05T07:15:15Z</time>
      </trkpt>
      <trkpt lat="44.228179" lon="7.050358">
        <ele>2521.8</ele>
        <time>2026-08-05T07:15:19Z</time>
      </trkpt>
      <trkpt lat="44.228178" lon="7.050353">
        <ele>2521.8</ele>
        <time>2026-08-05T07:15:20Z</time>
      </trkpt>
      <trkpt lat="44.228168" lon="7.050317">
        <ele>2522.2</ele>
        <time>2026-08-05T07:15:29Z</time>
      </trkpt>
      <trkpt lat="44.228165" lon="7.050319">
        <ele>2522.4</ele>
        <time>2026-08-05T07:15:30Z</time>
      </trkpt>
      <trkpt lat="44.228165" lon="7.050287">
        <ele>2523.4</ele>
        <time>2026-08-05T07:15:36Z</time>
      </trkpt>
      <trkpt lat="44.228165" lon="7.050284">
        <ele>2523.6</ele>
        <time>2026-08-05T07:15:38Z</time>
      </trkpt>
      <trkpt lat="44.228162" lon="7.050303">
        <ele>2524.2</ele>
        <time>2026-08-05T07:15:46Z</time>
      </trkpt>
      <trkpt lat="44.228163" lon="7.050302">
        <ele>2524.4</ele>
        <time>2026-08-05T07:15:47Z</time>
      </trkpt>
      <trkpt lat="44.228157" lon="7.050284">
        <ele>2525.2</ele>
        <time>2026-08-05T07:15:56Z</time>
      </trkpt>
      <trkpt lat="44.228173" lon="7.050269">
        <ele>2525.4</ele>
        <time>2026-08-05T07:15:59Z</time>
      </trkpt>
      <trkpt lat="44.228178" lon="7.050257">
        <ele>2526.0</ele>
        <time>2026-08-05T07:16:04Z</time>
      </trkpt>
      <trkpt lat="44.228177" lon="7.050268">
        <ele>2526.4</ele>
        <time>2026-08-05T07:16:08Z</time>
      </trkpt>
      <trkpt lat="44.228184" lon="7.050253">
        <ele>2527.0</ele>
        <time>2026-08-05T07:16:13Z</time>
      </trkpt>
      <trkpt lat="44.228178" lon="7.050245">
        <ele>2527.6</ele>
        <time>2026-08-05T07:16:17Z</time>
      </trkpt>
      <trkpt lat="44.228183" lon="7.05023">
        <ele>2528.0</ele>
        <time>2026-08-05T07:16:21Z</time>
      </trkpt>
      <trkpt lat="44.228178" lon="7.050212">
        <ele>2528.8</ele>
        <time>2026-08-05T07:16:26Z</time>
      </trkpt>
      <trkpt lat="44.228172" lon="7.050203">
        <ele>2529.2</ele>
        <time>2026-08-05T07:16:31Z</time>
      </trkpt>
      <trkpt lat="44.228167" lon="7.0502">
        <ele>2529.8</ele>
        <time>2026-08-05T07:16:38Z</time>
      </trkpt>
      <trkpt lat="44.22816" lon="7.050191">
        <ele>2530.0</ele>
        <time>2026-08-05T07:16:40Z</time>
      </trkpt>
      <trkpt lat="44.228149" lon="7.050182">
        <ele>2530.8</ele>
        <time>2026-08-05T07:16:44Z</time>
      </trkpt>
      <trkpt lat="44.228149" lon="7.050168">
        <ele>2531.2</ele>
        <time>2026-08-05T07:16:48Z</time>
      </trkpt>
      <trkpt lat="44.228138" lon="7.050153">
        <ele>2532.0</ele>
        <time>2026-08-05T07:16:54Z</time>
      </trkpt>
      <trkpt lat="44.228127" lon="7.050164">
        <ele>2532.8</ele>
        <time>2026-08-05T07:16:58Z</time>
      </trkpt>
      <trkpt lat="44.228117" lon="7.050166">
        <ele>2533.2</ele>
        <time>2026-08-05T07:17:00Z</time>
      </trkpt>
      <trkpt lat="44.228116" lon="7.050148">
        <ele>2534.0</ele>
        <time>2026-08-05T07:17:08Z</time>
      </trkpt>
      <trkpt lat="44.228112" lon="7.05015">
        <ele>2534.2</ele>
        <time>2026-08-05T07:17:13Z</time>
      </trkpt>
      <trkpt lat="44.228091" lon="7.05014">
        <ele>2534.6</ele>
        <time>2026-08-05T07:17:19Z</time>
      </trkpt>
      <trkpt lat="44.228091" lon="7.050122">
        <ele>2535.2</ele>
        <time>2026-08-05T07:17:27Z</time>
      </trkpt>
      <trkpt lat="44.228101" lon="7.050113">
        <ele>2535.6</ele>
        <time>2026-08-05T07:17:30Z</time>
      </trkpt>
      <trkpt lat="44.228098" lon="7.050113">
        <ele>2536.2</ele>
        <time>2026-08-05T07:17:35Z</time>
      </trkpt>
      <trkpt lat="44.228101" lon="7.050097">
        <ele>2536.6</ele>
        <time>2026-08-05T07:17:41Z</time>
      </trkpt>
      <trkpt lat="44.228105" lon="7.05007">
        <ele>2537.2</ele>
        <time>2026-08-05T07:17:45Z</time>
      </trkpt>
      <trkpt lat="44.228101" lon="7.050063">
        <ele>2538.0</ele>
        <time>2026-08-05T07:17:53Z</time>
      </trkpt>
      <trkpt lat="44.228088" lon="7.050074">
        <ele>2538.2</ele>
        <time>2026-08-05T07:17:57Z</time>
      </trkpt>
      <trkpt lat="44.228081" lon="7.050064">
        <ele>2538.6</ele>
        <time>2026-08-05T07:18:02Z</time>
      </trkpt>
      <trkpt lat="44.228076" lon="7.050066">
        <ele>2539.4</ele>
        <time>2026-08-05T07:18:08Z</time>
      </trkpt>
      <trkpt lat="44.228061" lon="7.050064">
        <ele>2539.8</ele>
        <time>2026-08-05T07:18:11Z</time>
      </trkpt>
      <trkpt lat="44.228051" lon="7.050065">
        <ele>2540.4</ele>
        <time>2026-08-05T07:18:15Z</time>
      </trkpt>
      <trkpt lat="44.228047" lon="7.050068">
        <ele>2541.6</ele>
        <time>2026-08-05T07:18:22Z</time>
      </trkpt>
      <trkpt lat="44.228049" lon="7.050067">
        <ele>2541.8</ele>
        <time>2026-08-05T07:18:23Z</time>
      </trkpt>
      <trkpt lat="44.228042" lon="7.05004">
        <ele>2542.4</ele>
        <time>2026-08-05T07:18:29Z</time>
      </trkpt>
      <trkpt lat="44.228039" lon="7.050028">
        <ele>2542.6</ele>
        <time>2026-08-05T07:18:31Z</time>
      </trkpt>
      <trkpt lat="44.22803" lon="7.050018">
        <ele>2543.6</ele>
        <time>2026-08-05T07:18:39Z</time>
      </trkpt>
      <trkpt lat="44.228032" lon="7.05001">
        <ele>2544.2</ele>
        <time>2026-08-05T07:18:41Z</time>
      </trkpt>
      <trkpt lat="44.228036" lon="7.050003">
        <ele>2544.8</ele>
        <time>2026-08-05T07:18:44Z</time>
      </trkpt>
      <trkpt lat="44.228033" lon="7.049981">
        <ele>2545.6</ele>
        <time>2026-08-05T07:18:50Z</time>
      </trkpt>
      <trkpt lat="44.22803" lon="7.049971">
        <ele>2545.8</ele>
        <time>2026-08-05T07:18:52Z</time>
      </trkpt>
      <trkpt lat="44.228021" lon="7.049977">
        <ele>2546.8</ele>
        <time>2026-08-05T07:18:59Z</time>
      </trkpt>
      <trkpt lat="44.228021" lon="7.049976">
        <ele>2547.0</ele>
        <time>2026-08-05T07:19:00Z</time>
      </trkpt>
      <trkpt lat="44.228025" lon="7.049945">
        <ele>2548.0</ele>
        <time>2026-08-05T07:19:09Z</time>
      </trkpt>
      <trkpt lat="44.228007" lon="7.049946">
        <ele>2549.2</ele>
        <time>2026-08-05T07:19:17Z</time>
      </trkpt>
      <trkpt lat="44.228022" lon="7.049943">
        <ele>2550.4</ele>
        <time>2026-08-05T07:19:24Z</time>
      </trkpt>
      <trkpt lat="44.228028" lon="7.049928">
        <ele>2550.6</ele>
        <time>2026-08-05T07:19:28Z</time>
      </trkpt>
      <trkpt lat="44.228023" lon="7.049871">
        <ele>2551.4</ele>
        <time>2026-08-05T07:19:35Z</time>
      </trkpt>
      <trkpt lat="44.228014" lon="7.049871">
        <ele>2551.6</ele>
        <time>2026-08-05T07:19:37Z</time>
      </trkpt>
      <trkpt lat="44.228002" lon="7.049861">
        <ele>2552.4</ele>
        <time>2026-08-05T07:19:45Z</time>
      </trkpt>
      <trkpt lat="44.228002" lon="7.049858">
        <ele>2552.8</ele>
        <time>2026-08-05T07:19:47Z</time>
      </trkpt>
      <trkpt lat="44.227986" lon="7.049849">
        <ele>2553.8</ele>
        <time>2026-08-05T07:19:53Z</time>
      </trkpt>
      <trkpt lat="44.227986" lon="7.049851">
        <ele>2554.0</ele>
        <time>2026-08-05T07:19:54Z</time>
      </trkpt>
      <trkpt lat="44.227986" lon="7.049846">
        <ele>2555.0</ele>
        <time>2026-08-05T07:19:57Z</time>
      </trkpt>
      <trkpt lat="44.227974" lon="7.049825">
        <ele>2556.0</ele>
        <time>2026-08-05T07:20:03Z</time>
      </trkpt>
      <trkpt lat="44.227974" lon="7.049828">
        <ele>2556.0</ele>
        <time>2026-08-05T07:20:04Z</time>
      </trkpt>
      <trkpt lat="44.227969" lon="7.049828">
        <ele>2557.2</ele>
        <time>2026-08-05T07:20:09Z</time>
      </trkpt>
      <trkpt lat="44.227965" lon="7.049831">
        <ele>2557.0</ele>
        <time>2026-08-05T07:20:12Z</time>
      </trkpt>
      <trkpt lat="44.227953" lon="7.049835">
        <ele>2557.6</ele>
        <time>2026-08-05T07:20:19Z</time>
      </trkpt>
      <trkpt lat="44.227936" lon="7.049832">
        <ele>2558.2</ele>
        <time>2026-08-05T07:20:25Z</time>
      </trkpt>
      <trkpt lat="44.227931" lon="7.049819">
        <ele>2558.4</ele>
        <time>2026-08-05T07:20:27Z</time>
      </trkpt>
      <trkpt lat="44.22793" lon="7.049799">
        <ele>2559.2</ele>
        <time>2026-08-05T07:20:32Z</time>
      </trkpt>
      <trkpt lat="44.227923" lon="7.049783">
        <ele>2559.4</ele>
        <time>2026-08-05T07:20:37Z</time>
      </trkpt>
      <trkpt lat="44.227923" lon="7.049769">
        <ele>2560.2</ele>
        <time>2026-08-05T07:20:45Z</time>
      </trkpt>
      <trkpt lat="44.227926" lon="7.049756">
        <ele>2560.4</ele>
        <time>2026-08-05T07:20:48Z</time>
      </trkpt>
      <trkpt lat="44.227928" lon="7.049743">
        <ele>2560.8</ele>
        <time>2026-08-05T07:20:52Z</time>
      </trkpt>
      <trkpt lat="44.227926" lon="7.049738">
        <ele>2561.0</ele>
        <time>2026-08-05T07:20:54Z</time>
      </trkpt>
      <trkpt lat="44.227925" lon="7.049728">
        <ele>2561.4</ele>
        <time>2026-08-05T07:20:57Z</time>
      </trkpt>
      <trkpt lat="44.227929" lon="7.04973">
        <ele>2562.2</ele>
        <time>2026-08-05T07:21:02Z</time>
      </trkpt>
      <trkpt lat="44.227923" lon="7.04971">
        <ele>2562.8</ele>
        <time>2026-08-05T07:21:06Z</time>
      </trkpt>
      <trkpt lat="44.227922" lon="7.0497">
        <ele>2563.2</ele>
        <time>2026-08-05T07:21:11Z</time>
      </trkpt>
      <trkpt lat="44.227908" lon="7.049686">
        <ele>2563.8</ele>
        <time>2026-08-05T07:21:18Z</time>
      </trkpt>
      <trkpt lat="44.227907" lon="7.04968">
        <ele>2564.0</ele>
        <time>2026-08-05T07:21:19Z</time>
      </trkpt>
      <trkpt lat="44.227905" lon="7.049673">
        <ele>2564.8</ele>
        <time>2026-08-05T07:21:24Z</time>
      </trkpt>
      <trkpt lat="44.227905" lon="7.049658">
        <ele>2565.2</ele>
        <time>2026-08-05T07:21:27Z</time>
      </trkpt>
      <trkpt lat="44.227903" lon="7.049658">
        <ele>2565.6</ele>
        <time>2026-08-05T07:21:30Z</time>
      </trkpt>
      <trkpt lat="44.227899" lon="7.04965">
        <ele>2566.0</ele>
        <time>2026-08-05T07:21:33Z</time>
      </trkpt>
      <trkpt lat="44.227895" lon="7.049653">
        <ele>2566.2</ele>
        <time>2026-08-05T07:21:34Z</time>
      </trkpt>
      <trkpt lat="44.22786" lon="7.049659">
        <ele>2567.2</ele>
        <time>2026-08-05T07:21:41Z</time>
      </trkpt>
      <trkpt lat="44.227856" lon="7.04966">
        <ele>2567.4</ele>
        <time>2026-08-05T07:21:42Z</time>
      </trkpt>
      <trkpt lat="44.227847" lon="7.049662">
        <ele>2568.2</ele>
        <time>2026-08-05T07:21:46Z</time>
      </trkpt>
      <trkpt lat="44.227845" lon="7.049665">
        <ele>2568.4</ele>
        <time>2026-08-05T07:21:49Z</time>
      </trkpt>
      <trkpt lat="44.227842" lon="7.049631">
        <ele>2569.0</ele>
        <time>2026-08-05T07:22:00Z</time>
      </trkpt>
      <trkpt lat="44.227834" lon="7.049611">
        <ele>2569.0</ele>
        <time>2026-08-05T07:22:10Z</time>
      </trkpt>
      <trkpt lat="44.227834" lon="7.04961">
        <ele>2569.0</ele>
        <time>2026-08-05T07:22:11Z</time>
      </trkpt>
      <trkpt lat="44.227833" lon="7.04961">
        <ele>2569.2</ele>
        <time>2026-08-05T07:22:13Z</time>
      </trkpt>
      <trkpt lat="44.227834" lon="7.049618">
        <ele>2569.2</ele>
        <time>2026-08-05T07:22:15Z</time>
      </trkpt>
      <trkpt lat="44.227843" lon="7.04964">
        <ele>2569.6</ele>
        <time>2026-08-05T07:22:25Z</time>
      </trkpt>
      <trkpt lat="44.227847" lon="7.049637">
        <ele>2569.4</ele>
        <time>2026-08-05T07:22:28Z</time>
      </trkpt>
      <trkpt lat="44.22785" lon="7.049633">
        <ele>2569.2</ele>
        <time>2026-08-05T07:22:31Z</time>
      </trkpt>
      <trkpt lat="44.227852" lon="7.049638">
        <ele>2569.2</ele>
        <time>2026-08-05T07:22:37Z</time>
      </trkpt>
      <trkpt lat="44.227861" lon="7.049634">
        <ele>2569.4</ele>
        <time>2026-08-05T07:22:47Z</time>
      </trkpt>
      <trkpt lat="44.22786" lon="7.049635">
        <ele>2569.4</ele>
        <time>2026-08-05T07:22:50Z</time>
      </trkpt>
      <trkpt lat="44.227854" lon="7.049639">
        <ele>2569.4</ele>
        <time>2026-08-05T07:22:54Z</time>
      </trkpt>
      <trkpt lat="44.227848" lon="7.049644">
        <ele>2569.2</ele>
        <time>2026-08-05T07:23:04Z</time>
      </trkpt>
      <trkpt lat="44.227845" lon="7.04965">
        <ele>2569.0</ele>
        <time>2026-08-05T07:23:07Z</time>
      </trkpt>
      <trkpt lat="44.227844" lon="7.049647">
        <ele>2568.8</ele>
        <time>2026-08-05T07:23:12Z</time>
      </trkpt>
      <trkpt lat="44.227844" lon="7.049647">
        <ele>2569.0</ele>
        <time>2026-08-05T07:23:14Z</time>
      </trkpt>
      <trkpt lat="44.227849" lon="7.049624">
        <ele>2568.8</ele>
        <time>2026-08-05T07:23:28Z</time>
      </trkpt>
      <trkpt lat="44.227846" lon="7.049583">
        <ele>2569.2</ele>
        <time>2026-08-05T07:23:37Z</time>
      </trkpt>
      <trkpt lat="44.227849" lon="7.049567">
        <ele>2570.2</ele>
        <time>2026-08-05T07:23:47Z</time>
      </trkpt>
      <trkpt lat="44.227851" lon="7.049562">
        <ele>2570.4</ele>
        <time>2026-08-05T07:23:48Z</time>
      </trkpt>
      <trkpt lat="44.227855" lon="7.049533">
        <ele>2571.2</ele>
        <time>2026-08-05T07:23:56Z</time>
      </trkpt>
      <trkpt lat="44.227856" lon="7.049525">
        <ele>2571.4</ele>
        <time>2026-08-05T07:23:58Z</time>
      </trkpt>
      <trkpt lat="44.227853" lon="7.049513">
        <ele>2572.0</ele>
        <time>2026-08-05T07:24:03Z</time>
      </trkpt>
      <trkpt lat="44.227842" lon="7.049516">
        <ele>2572.4</ele>
        <time>2026-08-05T07:24:08Z</time>
      </trkpt>
      <trkpt lat="44.227826" lon="7.049526">
        <ele>2573.4</ele>
        <time>2026-08-05T07:24:13Z</time>
      </trkpt>
      <trkpt lat="44.227821" lon="7.049522">
        <ele>2573.6</ele>
        <time>2026-08-05T07:24:20Z</time>
      </trkpt>
      <trkpt lat="44.22782" lon="7.049492">
        <ele>2574.4</ele>
        <time>2026-08-05T07:24:30Z</time>
      </trkpt>
      <trkpt lat="44.227821" lon="7.049494">
        <ele>2574.4</ele>
        <time>2026-08-05T07:24:31Z</time>
      </trkpt>
      <trkpt lat="44.227804" lon="7.049498">
        <ele>2575.2</ele>
        <time>2026-08-05T07:24:37Z</time>
      </trkpt>
      <trkpt lat="44.227801" lon="7.049497">
        <ele>2575.4</ele>
        <time>2026-08-05T07:24:38Z</time>
      </trkpt>
      <trkpt lat="44.227794" lon="7.049506">
        <ele>2575.8</ele>
        <time>2026-08-05T07:24:41Z</time>
      </trkpt>
      <trkpt lat="44.227792" lon="7.049477">
        <ele>2576.6</ele>
        <time>2026-08-05T07:24:45Z</time>
      </trkpt>
      <trkpt lat="44.227794" lon="7.049452">
        <ele>2577.0</ele>
        <time>2026-08-05T07:24:49Z</time>
      </trkpt>
      <trkpt lat="44.227795" lon="7.049451">
        <ele>2577.0</ele>
        <time>2026-08-05T07:24:50Z</time>
      </trkpt>
      <trkpt lat="44.22779" lon="7.049457">
        <ele>2576.6</ele>
        <time>2026-08-05T07:25:01Z</time>
      </trkpt>
      <trkpt lat="44.227795" lon="7.049451">
        <ele>2576.8</ele>
        <time>2026-08-05T07:25:11Z</time>
      </trkpt>
      <trkpt lat="44.227793" lon="7.049463">
        <ele>2576.8</ele>
        <time>2026-08-05T07:25:15Z</time>
      </trkpt>
      <trkpt lat="44.227793" lon="7.049467">
        <ele>2576.6</ele>
        <time>2026-08-05T07:25:17Z</time>
      </trkpt>
      <trkpt lat="44.227793" lon="7.049467">
        <ele>2576.8</ele>
        <time>2026-08-05T07:25:30Z</time>
      </trkpt>
      <trkpt lat="44.227793" lon="7.049467">
        <ele>2576.8</ele>
        <time>2026-08-05T07:25:38Z</time>
      </trkpt>
      <trkpt lat="44.227793" lon="7.049467">
        <ele>2576.8</ele>
        <time>2026-08-05T07:25:40Z</time>
      </trkpt>
      <trkpt lat="44.227777" lon="7.049465">
        <ele>2577.0</ele>
        <time>2026-08-05T07:25:48Z</time>
      </trkpt>
      <trkpt lat="44.22776" lon="7.049468">
        <ele>2577.6</ele>
        <time>2026-08-05T07:25:52Z</time>
      </trkpt>
      <trkpt lat="44.22775" lon="7.04947">
        <ele>2578.6</ele>
        <time>2026-08-05T07:25:56Z</time>
      </trkpt>
      <trkpt lat="44.227753" lon="7.049468">
        <ele>2578.6</ele>
        <time>2026-08-05T07:25:57Z</time>
      </trkpt>
      <trkpt lat="44.227764" lon="7.049445">
        <ele>2579.2</ele>
        <time>2026-08-05T07:26:04Z</time>
      </trkpt>
      <trkpt lat="44.227758" lon="7.04944">
        <ele>2579.6</ele>
        <time>2026-08-05T07:26:06Z</time>
      </trkpt>
      <trkpt lat="44.227748" lon="7.049427">
        <ele>2580.4</ele>
        <time>2026-08-05T07:26:12Z</time>
      </trkpt>
      <trkpt lat="44.227749" lon="7.049427">
        <ele>2580.8</ele>
        <time>2026-08-05T07:26:14Z</time>
      </trkpt>
      <trkpt lat="44.227744" lon="7.049397">
        <ele>2581.6</ele>
        <time>2026-08-05T07:26:22Z</time>
      </trkpt>
      <trkpt lat="44.22774" lon="7.049392">
        <ele>2581.8</ele>
        <time>2026-08-05T07:26:23Z</time>
      </trkpt>
      <trkpt lat="44.227727" lon="7.049374">
        <ele>2582.6</ele>
        <time>2026-08-05T07:26:32Z</time>
      </trkpt>
      <trkpt lat="44.227719" lon="7.04937">
        <ele>2582.8</ele>
        <time>2026-08-05T07:26:35Z</time>
      </trkpt>
      <trkpt lat="44.227717" lon="7.049338">
        <ele>2583.4</ele>
        <time>2026-08-05T07:26:41Z</time>
      </trkpt>
      <trkpt lat="44.227707" lon="7.049336">
        <ele>2584.0</ele>
        <time>2026-08-05T07:26:44Z</time>
      </trkpt>
      <trkpt lat="44.227692" lon="7.049361">
        <ele>2584.4</ele>
        <time>2026-08-05T07:26:48Z</time>
      </trkpt>
      <trkpt lat="44.227677" lon="7.049368">
        <ele>2585.0</ele>
        <time>2026-08-05T07:26:54Z</time>
      </trkpt>
      <trkpt lat="44.227677" lon="7.049366">
        <ele>2585.4</ele>
        <time>2026-08-05T07:26:56Z</time>
      </trkpt>
      <trkpt lat="44.227674" lon="7.049364">
        <ele>2586.0</ele>
        <time>2026-08-05T07:27:02Z</time>
      </trkpt>
      <trkpt lat="44.227672" lon="7.049355">
        <ele>2586.2</ele>
        <time>2026-08-05T07:27:09Z</time>
      </trkpt>
      <trkpt lat="44.227655" lon="7.049366">
        <ele>2586.2</ele>
        <time>2026-08-05T07:27:15Z</time>
      </trkpt>
      <trkpt lat="44.227643" lon="7.049355">
        <ele>2587.0</ele>
        <time>2026-08-05T07:27:20Z</time>
      </trkpt>
      <trkpt lat="44.227646" lon="7.049352">
        <ele>2587.2</ele>
        <time>2026-08-05T07:27:21Z</time>
      </trkpt>
      <trkpt lat="44.227649" lon="7.049328">
        <ele>2588.2</ele>
        <time>2026-08-05T07:27:28Z</time>
      </trkpt>
      <trkpt lat="44.227638" lon="7.049303">
        <ele>2589.2</ele>
        <time>2026-08-05T07:27:35Z</time>
      </trkpt>
      <trkpt lat="44.227634" lon="7.049299">
        <ele>2589.6</ele>
        <time>2026-08-05T07:27:37Z</time>
      </trkpt>
      <trkpt lat="44.227619" lon="7.049299">
        <ele>2590.4</ele>
        <time>2026-08-05T07:27:42Z</time>
      </trkpt>
      <trkpt lat="44.227605" lon="7.049319">
        <ele>2591.0</ele>
        <time>2026-08-05T07:27:45Z</time>
      </trkpt>
      <trkpt lat="44.227601" lon="7.049319">
        <ele>2591.4</ele>
        <time>2026-08-05T07:27:47Z</time>
      </trkpt>
      <trkpt lat="44.227603" lon="7.049306">
        <ele>2592.6</ele>
        <time>2026-08-05T07:27:52Z</time>
      </trkpt>
      <trkpt lat="44.227603" lon="7.049304">
        <ele>2593.0</ele>
        <time>2026-08-05T07:27:53Z</time>
      </trkpt>
      <trkpt lat="44.227604" lon="7.0493">
        <ele>2593.8</ele>
        <time>2026-08-05T07:27:57Z</time>
      </trkpt>
      <trkpt lat="44.227595" lon="7.049262">
        <ele>2594.8</ele>
        <time>2026-08-05T07:28:02Z</time>
      </trkpt>
      <trkpt lat="44.227596" lon="7.049253">
        <ele>2595.2</ele>
        <time>2026-08-05T07:28:03Z</time>
      </trkpt>
      <trkpt lat="44.227599" lon="7.049233">
        <ele>2596.0</ele>
        <time>2026-08-05T07:28:07Z</time>
      </trkpt>
      <trkpt lat="44.227596" lon="7.049236">
        <ele>2596.8</ele>
        <time>2026-08-05T07:28:12Z</time>
      </trkpt>
      <trkpt lat="44.227592" lon="7.049239">
        <ele>2597.0</ele>
        <time>2026-08-05T07:28:14Z</time>
      </trkpt>
      <trkpt lat="44.227575" lon="7.049239">
        <ele>2598.0</ele>
        <time>2026-08-05T07:28:22Z</time>
      </trkpt>
      <trkpt lat="44.227571" lon="7.049239">
        <ele>2598.2</ele>
        <time>2026-08-05T07:28:23Z</time>
      </trkpt>
      <trkpt lat="44.227564" lon="7.049221">
        <ele>2598.8</ele>
        <time>2026-08-05T07:28:30Z</time>
      </trkpt>
      <trkpt lat="44.227559" lon="7.04921">
        <ele>2599.2</ele>
        <time>2026-08-05T07:28:33Z</time>
      </trkpt>
      <trkpt lat="44.227553" lon="7.049178">
        <ele>2600.2</ele>
        <time>2026-08-05T07:28:41Z</time>
      </trkpt>
      <trkpt lat="44.227551" lon="7.049174">
        <ele>2600.4</ele>
        <time>2026-08-05T07:28:42Z</time>
      </trkpt>
      <trkpt lat="44.22754" lon="7.049158">
        <ele>2601.0</ele>
        <time>2026-08-05T07:28:46Z</time>
      </trkpt>
      <trkpt lat="44.227539" lon="7.049151">
        <ele>2601.4</ele>
        <time>2026-08-05T07:28:48Z</time>
      </trkpt>
      <trkpt lat="44.227536" lon="7.049144">
        <ele>2601.8</ele>
        <time>2026-08-05T07:28:50Z</time>
      </trkpt>
      <trkpt lat="44.227534" lon="7.049171">
        <ele>2602.4</ele>
        <time>2026-08-05T07:28:58Z</time>
      </trkpt>
      <trkpt lat="44.227533" lon="7.049174">
        <ele>2602.6</ele>
        <time>2026-08-05T07:28:59Z</time>
      </trkpt>
      <trkpt lat="44.227504" lon="7.049175">
        <ele>2603.6</ele>
        <time>2026-08-05T07:29:06Z</time>
      </trkpt>
      <trkpt lat="44.227505" lon="7.049165">
        <ele>2604.0</ele>
        <time>2026-08-05T07:29:07Z</time>
      </trkpt>
      <trkpt lat="44.227506" lon="7.049148">
        <ele>2604.8</ele>
        <time>2026-08-05T07:29:10Z</time>
      </trkpt>
      <trkpt lat="44.227503" lon="7.04913">
        <ele>2605.0</ele>
        <time>2026-08-05T07:29:13Z</time>
      </trkpt>
      <trkpt lat="44.227502" lon="7.049125">
        <ele>2605.2</ele>
        <time>2026-08-05T07:29:14Z</time>
      </trkpt>
      <trkpt lat="44.2275" lon="7.049116">
        <ele>2605.4</ele>
        <time>2026-08-05T07:29:16Z</time>
      </trkpt>
      <trkpt lat="44.227501" lon="7.049111">
        <ele>2605.8</ele>
        <time>2026-08-05T07:29:20Z</time>
      </trkpt>
      <trkpt lat="44.227501" lon="7.049106">
        <ele>2606.8</ele>
        <time>2026-08-05T07:29:26Z</time>
      </trkpt>
      <trkpt lat="44.227498" lon="7.0491">
        <ele>2607.0</ele>
        <time>2026-08-05T07:29:27Z</time>
      </trkpt>
      <trkpt lat="44.227481" lon="7.049072">
        <ele>2607.8</ele>
        <time>2026-08-05T07:29:34Z</time>
      </trkpt>
      <trkpt lat="44.227478" lon="7.049071">
        <ele>2608.0</ele>
        <time>2026-08-05T07:29:35Z</time>
      </trkpt>
      <trkpt lat="44.227468" lon="7.049033">
        <ele>2609.0</ele>
        <time>2026-08-05T07:29:43Z</time>
      </trkpt>
      <trkpt lat="44.227471" lon="7.049031">
        <ele>2609.4</ele>
        <time>2026-08-05T07:29:46Z</time>
      </trkpt>
      <trkpt lat="44.227472" lon="7.049026">
        <ele>2609.8</ele>
        <time>2026-08-05T07:29:49Z</time>
      </trkpt>
      <trkpt lat="44.227472" lon="7.049026">
        <ele>2610.0</ele>
        <time>2026-08-05T07:29:50Z</time>
      </trkpt>
      <trkpt lat="44.22747" lon="7.049017">
        <ele>2610.2</ele>
        <time>2026-08-05T07:29:52Z</time>
      </trkpt>
      <trkpt lat="44.227473" lon="7.048987">
        <ele>2611.2</ele>
        <time>2026-08-05T07:29:58Z</time>
      </trkpt>
      <trkpt lat="44.227478" lon="7.048976">
        <ele>2611.2</ele>
        <time>2026-08-05T07:30:00Z</time>
      </trkpt>
      <trkpt lat="44.22747" lon="7.048955">
        <ele>2612.2</ele>
        <time>2026-08-05T07:30:05Z</time>
      </trkpt>
      <trkpt lat="44.227464" lon="7.048959">
        <ele>2612.6</ele>
        <time>2026-08-05T07:30:07Z</time>
      </trkpt>
      <trkpt lat="44.227456" lon="7.048958">
        <ele>2613.4</ele>
        <time>2026-08-05T07:30:13Z</time>
      </trkpt>
      <trkpt lat="44.227451" lon="7.048954">
        <ele>2614.6</ele>
        <time>2026-08-05T07:30:17Z</time>
      </trkpt>
      <trkpt lat="44.227446" lon="7.04894">
        <ele>2615.0</ele>
        <time>2026-08-05T07:30:21Z</time>
      </trkpt>
      <trkpt lat="44.227444" lon="7.048917">
        <ele>2615.6</ele>
        <time>2026-08-05T07:30:26Z</time>
      </trkpt>
      <trkpt lat="44.227427" lon="7.048937">
        <ele>2616.8</ele>
        <time>2026-08-05T07:30:35Z</time>
      </trkpt>
      <trkpt lat="44.227427" lon="7.04894">
        <ele>2616.8</ele>
        <time>2026-08-05T07:30:36Z</time>
      </trkpt>
      <trkpt lat="44.227426" lon="7.048937">
        <ele>2617.8</ele>
        <time>2026-08-05T07:30:40Z</time>
      </trkpt>
      <trkpt lat="44.22743" lon="7.04894">
        <ele>2618.8</ele>
        <time>2026-08-05T07:30:44Z</time>
      </trkpt>
      <trkpt lat="44.227432" lon="7.048938">
        <ele>2619.0</ele>
        <time>2026-08-05T07:30:45Z</time>
      </trkpt>
      <trkpt lat="44.227435" lon="7.048895">
        <ele>2620.0</ele>
        <time>2026-08-05T07:30:49Z</time>
      </trkpt>
      <trkpt lat="44.227428" lon="7.048848">
        <ele>2620.8</ele>
        <time>2026-08-05T07:30:53Z</time>
      </trkpt>
      <trkpt lat="44.227422" lon="7.048821">
        <ele>2621.0</ele>
        <time>2026-08-05T07:30:55Z</time>
      </trkpt>
      <trkpt lat="44.22741" lon="7.048773">
        <ele>2622.2</ele>
        <time>2026-08-05T07:31:02Z</time>
      </trkpt>
      <trkpt lat="44.22741" lon="7.048772">
        <ele>2622.6</ele>
        <time>2026-08-05T07:31:03Z</time>
      </trkpt>
      <trkpt lat="44.22741" lon="7.048773">
        <ele>2623.2</ele>
        <time>2026-08-05T07:31:05Z</time>
      </trkpt>
      <trkpt lat="44.227408" lon="7.048768">
        <ele>2623.4</ele>
        <time>2026-08-05T07:31:06Z</time>
      </trkpt>
      <trkpt lat="44.2274" lon="7.048746">
        <ele>2624.4</ele>
        <time>2026-08-05T07:31:10Z</time>
      </trkpt>
      <trkpt lat="44.227399" lon="7.048745">
        <ele>2624.6</ele>
        <time>2026-08-05T07:31:11Z</time>
      </trkpt>
      <trkpt lat="44.227395" lon="7.0487">
        <ele>2625.6</ele>
        <time>2026-08-05T07:31:17Z</time>
      </trkpt>
      <trkpt lat="44.227396" lon="7.048683">
        <ele>2625.8</ele>
        <time>2026-08-05T07:31:18Z</time>
      </trkpt>
      <trkpt lat="44.227393" lon="7.048677">
        <ele>2627.0</ele>
        <time>2026-08-05T07:31:25Z</time>
      </trkpt>
      <trkpt lat="44.227393" lon="7.04867">
        <ele>2627.4</ele>
        <time>2026-08-05T07:31:26Z</time>
      </trkpt>
      <trkpt lat="44.227394" lon="7.048653">
        <ele>2628.2</ele>
        <time>2026-08-05T07:31:28Z</time>
      </trkpt>
      <trkpt lat="44.22739" lon="7.048622">
        <ele>2629.4</ele>
        <time>2026-08-05T07:31:33Z</time>
      </trkpt>
      <trkpt lat="44.227388" lon="7.048621">
        <ele>2629.4</ele>
        <time>2026-08-05T07:31:34Z</time>
      </trkpt>
      <trkpt lat="44.227381" lon="7.048621">
        <ele>2629.8</ele>
        <time>2026-08-05T07:31:39Z</time>
      </trkpt>
      <trkpt lat="44.227377" lon="7.048613">
        <ele>2630.4</ele>
        <time>2026-08-05T07:31:42Z</time>
      </trkpt>
      <trkpt lat="44.227372" lon="7.04861">
        <ele>2630.6</ele>
        <time>2026-08-05T07:31:43Z</time>
      </trkpt>
      <trkpt lat="44.227355" lon="7.048608">
        <ele>2631.2</ele>
        <time>2026-08-05T07:31:51Z</time>
      </trkpt>
      <trkpt lat="44.227341" lon="7.048605">
        <ele>2631.4</ele>
        <time>2026-08-05T07:31:53Z</time>
      </trkpt>
      <trkpt lat="44.227328" lon="7.048596">
        <ele>2632.4</ele>
        <time>2026-08-05T07:31:58Z</time>
      </trkpt>
      <trkpt lat="44.22732" lon="7.048595">
        <ele>2633.0</ele>
        <time>2026-08-05T07:32:01Z</time>
      </trkpt>
      <trkpt lat="44.227316" lon="7.048579">
        <ele>2633.6</ele>
        <time>2026-08-05T07:32:05Z</time>
      </trkpt>
      <trkpt lat="44.22732" lon="7.048546">
        <ele>2634.2</ele>
        <time>2026-08-05T07:32:10Z</time>
      </trkpt>
      <trkpt lat="44.227316" lon="7.048535">
        <ele>2634.8</ele>
        <time>2026-08-05T07:32:16Z</time>
      </trkpt>
      <trkpt lat="44.227309" lon="7.048532">
        <ele>2635.2</ele>
        <time>2026-08-05T07:32:19Z</time>
      </trkpt>
      <trkpt lat="44.227302" lon="7.048516">
        <ele>2635.8</ele>
        <time>2026-08-05T07:32:25Z</time>
      </trkpt>
      <trkpt lat="44.2273" lon="7.048516">
        <ele>2636.2</ele>
        <time>2026-08-05T07:32:28Z</time>
      </trkpt>
      <trkpt lat="44.22729" lon="7.048486">
        <ele>2636.8</ele>
        <time>2026-08-05T07:32:33Z</time>
      </trkpt>
      <trkpt lat="44.227287" lon="7.04848">
        <ele>2637.2</ele>
        <time>2026-08-05T07:32:36Z</time>
      </trkpt>
      <trkpt lat="44.227265" lon="7.04846">
        <ele>2638.0</ele>
        <time>2026-08-05T07:32:41Z</time>
      </trkpt>
      <trkpt lat="44.227259" lon="7.048451">
        <ele>2638.6</ele>
        <time>2026-08-05T07:32:44Z</time>
      </trkpt>
      <trkpt lat="44.227244" lon="7.048452">
        <ele>2639.2</ele>
        <time>2026-08-05T07:32:50Z</time>
      </trkpt>
      <trkpt lat="44.227229" lon="7.04844">
        <ele>2639.8</ele>
        <time>2026-08-05T07:32:53Z</time>
      </trkpt>
      <trkpt lat="44.227224" lon="7.048433">
        <ele>2640.2</ele>
        <time>2026-08-05T07:32:55Z</time>
      </trkpt>
      <trkpt lat="44.227213" lon="7.048419">
        <ele>2641.2</ele>
        <time>2026-08-05T07:33:00Z</time>
      </trkpt>
      <trkpt lat="44.227214" lon="7.048414">
        <ele>2641.6</ele>
        <time>2026-08-05T07:33:01Z</time>
      </trkpt>
      <trkpt lat="44.227213" lon="7.048395">
        <ele>2642.2</ele>
        <time>2026-08-05T07:33:04Z</time>
      </trkpt>
      <trkpt lat="44.227214" lon="7.048364">
        <ele>2642.6</ele>
        <time>2026-08-05T07:33:10Z</time>
      </trkpt>
      <trkpt lat="44.227224" lon="7.048344">
        <ele>2643.0</ele>
        <time>2026-08-05T07:33:17Z</time>
      </trkpt>
      <trkpt lat="44.227221" lon="7.048344">
        <ele>2642.6</ele>
        <time>2026-08-05T07:33:32Z</time>
      </trkpt>
      <trkpt lat="44.227201" lon="7.048328">
        <ele>2643.0</ele>
        <time>2026-08-05T07:33:39Z</time>
      </trkpt>
      <trkpt lat="44.227195" lon="7.048329">
        <ele>2643.4</ele>
        <time>2026-08-05T07:33:41Z</time>
      </trkpt>
      <trkpt lat="44.22719" lon="7.048315">
        <ele>2644.4</ele>
        <time>2026-08-05T07:33:49Z</time>
      </trkpt>
      <trkpt lat="44.227167" lon="7.048298">
        <ele>2645.6</ele>
        <time>2026-08-05T07:33:56Z</time>
      </trkpt>
      <trkpt lat="44.227164" lon="7.0483">
        <ele>2646.4</ele>
        <time>2026-08-05T07:33:58Z</time>
      </trkpt>
      <trkpt lat="44.227162" lon="7.0483">
        <ele>2646.8</ele>
        <time>2026-08-05T07:33:59Z</time>
      </trkpt>
      <trkpt lat="44.227143" lon="7.048293">
        <ele>2647.8</ele>
        <time>2026-08-05T07:34:05Z</time>
      </trkpt>
      <trkpt lat="44.227137" lon="7.048282">
        <ele>2648.4</ele>
        <time>2026-08-05T07:34:07Z</time>
      </trkpt>
      <trkpt lat="44.227138" lon="7.048269">
        <ele>2649.0</ele>
        <time>2026-08-05T07:34:09Z</time>
      </trkpt>
      <trkpt lat="44.227125" lon="7.048237">
        <ele>2650.2</ele>
        <time>2026-08-05T07:34:14Z</time>
      </trkpt>
      <trkpt lat="44.227122" lon="7.04823">
        <ele>2650.4</ele>
        <time>2026-08-05T07:34:15Z</time>
      </trkpt>
      <trkpt lat="44.227113" lon="7.048204">
        <ele>2651.4</ele>
        <time>2026-08-05T07:34:18Z</time>
      </trkpt>
      <trkpt lat="44.227107" lon="7.048182">
        <ele>2652.4</ele>
        <time>2026-08-05T07:34:22Z</time>
      </trkpt>
      <trkpt lat="44.227103" lon="7.048178">
        <ele>2652.8</ele>
        <time>2026-08-05T07:34:24Z</time>
      </trkpt>
      <trkpt lat="44.22709" lon="7.048156">
        <ele>2653.6</ele>
        <time>2026-08-05T07:34:28Z</time>
      </trkpt>
      <trkpt lat="44.227087" lon="7.048139">
        <ele>2654.6</ele>
        <time>2026-08-05T07:34:33Z</time>
      </trkpt>
      <trkpt lat="44.227087" lon="7.048133">
        <ele>2654.8</ele>
        <time>2026-08-05T07:34:34Z</time>
      </trkpt>
      <trkpt lat="44.227093" lon="7.048088">
        <ele>2655.6</ele>
        <time>2026-08-05T07:34:41Z</time>
      </trkpt>
      <trkpt lat="44.227094" lon="7.048083">
        <ele>2655.6</ele>
        <time>2026-08-05T07:34:42Z</time>
      </trkpt>
      <trkpt lat="44.227097" lon="7.048065">
        <ele>2655.6</ele>
        <time>2026-08-05T07:34:47Z</time>
      </trkpt>
      <trkpt lat="44.2271" lon="7.048029">
        <ele>2655.8</ele>
        <time>2026-08-05T07:34:51Z</time>
      </trkpt>
      <trkpt lat="44.22711" lon="7.047989">
        <ele>2656.8</ele>
        <time>2026-08-05T07:34:56Z</time>
      </trkpt>
      <trkpt lat="44.227111" lon="7.047964">
        <ele>2657.6</ele>
        <time>2026-08-05T07:35:00Z</time>
      </trkpt>
      <trkpt lat="44.227111" lon="7.047945">
        <ele>2657.8</ele>
        <time>2026-08-05T07:35:02Z</time>
      </trkpt>
      <trkpt lat="44.227105" lon="7.047918">
        <ele>2658.4</ele>
        <time>2026-08-05T07:35:08Z</time>
      </trkpt>
      <trkpt lat="44.227105" lon="7.047894">
        <ele>2658.8</ele>
        <time>2026-08-05T07:35:12Z</time>
      </trkpt>
      <trkpt lat="44.227101" lon="7.047866">
        <ele>2659.2</ele>
        <time>2026-08-05T07:35:17Z</time>
      </trkpt>
      <trkpt lat="44.227093" lon="7.047835">
        <ele>2659.6</ele>
        <time>2026-08-05T07:35:21Z</time>
      </trkpt>
      <trkpt lat="44.227101" lon="7.047817">
        <ele>2660.0</ele>
        <time>2026-08-05T07:35:23Z</time>
      </trkpt>
      <trkpt lat="44.227085" lon="7.047763">
        <ele>2660.2</ele>
        <time>2026-08-05T07:35:31Z</time>
      </trkpt>
      <trkpt lat="44.22708" lon="7.047726">
        <ele>2661.2</ele>
        <time>2026-08-05T07:35:36Z</time>
      </trkpt>
      <trkpt lat="44.22708" lon="7.047719">
        <ele>2661.6</ele>
        <time>2026-08-05T07:35:37Z</time>
      </trkpt>
      <trkpt lat="44.227083" lon="7.047689">
        <ele>2662.2</ele>
        <time>2026-08-05T07:35:40Z</time>
      </trkpt>
      <trkpt lat="44.227084" lon="7.047669">
        <ele>2662.8</ele>
        <time>2026-08-05T07:35:45Z</time>
      </trkpt>
      <trkpt lat="44.22708" lon="7.047626">
        <ele>2663.4</ele>
        <time>2026-08-05T07:35:50Z</time>
      </trkpt>
      <trkpt lat="44.227079" lon="7.047616">
        <ele>2663.6</ele>
        <time>2026-08-05T07:35:51Z</time>
      </trkpt>
      <trkpt lat="44.227071" lon="7.047579">
        <ele>2664.4</ele>
        <time>2026-08-05T07:35:54Z</time>
      </trkpt>
      <trkpt lat="44.227066" lon="7.047547">
        <ele>2664.8</ele>
        <time>2026-08-05T07:35:57Z</time>
      </trkpt>
      <trkpt lat="44.22707" lon="7.047494">
        <ele>2665.2</ele>
        <time>2026-08-05T07:36:05Z</time>
      </trkpt>
      <trkpt lat="44.227074" lon="7.04748">
        <ele>2665.4</ele>
        <time>2026-08-05T07:36:07Z</time>
      </trkpt>
      <trkpt lat="44.227084" lon="7.047439">
        <ele>2666.6</ele>
        <time>2026-08-05T07:36:12Z</time>
      </trkpt>
      <trkpt lat="44.227088" lon="7.047429">
        <ele>2666.8</ele>
        <time>2026-08-05T07:36:13Z</time>
      </trkpt>
      <trkpt lat="44.227099" lon="7.047418">
        <ele>2667.6</ele>
        <time>2026-08-05T07:36:18Z</time>
      </trkpt>
      <trkpt lat="44.227098" lon="7.047422">
        <ele>2667.8</ele>
        <time>2026-08-05T07:36:19Z</time>
      </trkpt>
      <trkpt lat="44.227086" lon="7.047417">
        <ele>2667.4</ele>
        <time>2026-08-05T07:36:26Z</time>
      </trkpt>
      <trkpt lat="44.227083" lon="7.047416">
        <ele>2667.2</ele>
        <time>2026-08-05T07:36:27Z</time>
      </trkpt>
      <trkpt lat="44.227089" lon="7.047408">
        <ele>2668.0</ele>
        <time>2026-08-05T07:36:37Z</time>
      </trkpt>
      <trkpt lat="44.227065" lon="7.047384">
        <ele>2668.0</ele>
        <time>2026-08-05T07:36:44Z</time>
      </trkpt>
      <trkpt lat="44.227046" lon="7.047352">
        <ele>2668.6</ele>
        <time>2026-08-05T07:36:49Z</time>
      </trkpt>
      <trkpt lat="44.227033" lon="7.047325">
        <ele>2669.2</ele>
        <time>2026-08-05T07:36:53Z</time>
      </trkpt>
      <trkpt lat="44.227023" lon="7.047301">
        <ele>2669.8</ele>
        <time>2026-08-05T07:36:56Z</time>
      </trkpt>
      <trkpt lat="44.227024" lon="7.047268">
        <ele>2671.0</ele>
        <time>2026-08-05T07:37:01Z</time>
      </trkpt>
      <trkpt lat="44.227023" lon="7.047261">
        <ele>2671.2</ele>
        <time>2026-08-05T07:37:02Z</time>
      </trkpt>
      <trkpt lat="44.227019" lon="7.047241">
        <ele>2672.2</ele>
        <time>2026-08-05T07:37:10Z</time>
      </trkpt>
      <trkpt lat="44.227017" lon="7.047232">
        <ele>2672.4</ele>
        <time>2026-08-05T07:37:11Z</time>
      </trkpt>
      <trkpt lat="44.227017" lon="7.0472">
        <ele>2673.2</ele>
        <time>2026-08-05T07:37:14Z</time>
      </trkpt>
      <trkpt lat="44.227021" lon="7.04717">
        <ele>2674.2</ele>
        <time>2026-08-05T07:37:19Z</time>
      </trkpt>
      <trkpt lat="44.227047" lon="7.047161">
        <ele>2675.4</ele>
        <time>2026-08-05T07:37:27Z</time>
      </trkpt>
      <trkpt lat="44.227041" lon="7.047135">
        <ele>2675.8</ele>
        <time>2026-08-05T07:37:38Z</time>
      </trkpt>
      <trkpt lat="44.227028" lon="7.047106">
        <ele>2675.2</ele>
        <time>2026-08-05T07:37:46Z</time>
      </trkpt>
      <trkpt lat="44.227013" lon="7.04705">
        <ele>2675.4</ele>
        <time>2026-08-05T07:37:54Z</time>
      </trkpt>
      <trkpt lat="44.226996" lon="7.046994">
        <ele>2676.0</ele>
        <time>2026-08-05T07:38:01Z</time>
      </trkpt>
      <trkpt lat="44.226993" lon="7.046965">
        <ele>2676.6</ele>
        <time>2026-08-05T07:38:04Z</time>
      </trkpt>
      <trkpt lat="44.226979" lon="7.046942">
        <ele>2677.0</ele>
        <time>2026-08-05T07:38:10Z</time>
      </trkpt>
      <trkpt lat="44.226945" lon="7.04692">
        <ele>2677.6</ele>
        <time>2026-08-05T07:38:15Z</time>
      </trkpt>
      <trkpt lat="44.226926" lon="7.046933">
        <ele>2678.0</ele>
        <time>2026-08-05T07:38:18Z</time>
      </trkpt>
      <trkpt lat="44.226897" lon="7.046876">
        <ele>2677.8</ele>
        <time>2026-08-05T07:38:27Z</time>
      </trkpt>
      <trkpt lat="44.226887" lon="7.046844">
        <ele>2678.0</ele>
        <time>2026-08-05T07:38:34Z</time>
      </trkpt>
      <trkpt lat="44.226862" lon="7.046807">
        <ele>2677.4</ele>
        <time>2026-08-05T07:38:41Z</time>
      </trkpt>
      <trkpt lat="44.226857" lon="7.0468">
        <ele>2677.4</ele>
        <time>2026-08-05T07:38:42Z</time>
      </trkpt>
      <trkpt lat="44.226843" lon="7.046764">
        <ele>2678.6</ele>
        <time>2026-08-05T07:38:50Z</time>
      </trkpt>
      <trkpt lat="44.226842" lon="7.046765">
        <ele>2678.8</ele>
        <time>2026-08-05T07:38:51Z</time>
      </trkpt>
      <trkpt lat="44.226843" lon="7.046753">
        <ele>2679.0</ele>
        <time>2026-08-05T07:38:53Z</time>
      </trkpt>
      <trkpt lat="44.226842" lon="7.046716">
        <ele>2679.8</ele>
        <time>2026-08-05T07:38:58Z</time>
      </trkpt>
      <trkpt lat="44.226845" lon="7.046693">
        <ele>2680.4</ele>
        <time>2026-08-05T07:39:01Z</time>
      </trkpt>
      <trkpt lat="44.226834" lon="7.046681">
        <ele>2680.4</ele>
        <time>2026-08-05T07:39:10Z</time>
      </trkpt>
      <trkpt lat="44.226837" lon="7.046602">
        <ele>2680.2</ele>
        <time>2026-08-05T07:39:16Z</time>
      </trkpt>
      <trkpt lat="44.226843" lon="7.046587">
        <ele>2680.0</ele>
        <time>2026-08-05T07:39:23Z</time>
      </trkpt>
      <trkpt lat="44.226843" lon="7.046587">
        <ele>2680.0</ele>
        <time>2026-08-05T07:39:27Z</time>
      </trkpt>
      <trkpt lat="44.226842" lon="7.046565">
        <ele>2679.8</ele>
        <time>2026-08-05T07:39:32Z</time>
      </trkpt>
      <trkpt lat="44.226833" lon="7.046585">
        <ele>2678.8</ele>
        <time>2026-08-05T07:39:39Z</time>
      </trkpt>
      <trkpt lat="44.226817" lon="7.046558">
        <ele>2678.4</ele>
        <time>2026-08-05T07:39:42Z</time>
      </trkpt>
      <trkpt lat="44.226809" lon="7.046533">
        <ele>2679.0</ele>
        <time>2026-08-05T07:39:47Z</time>
      </trkpt>
      <trkpt lat="44.226785" lon="7.04648">
        <ele>2679.0</ele>
        <time>2026-08-05T07:39:54Z</time>
      </trkpt>
      <trkpt lat="44.226758" lon="7.046449">
        <ele>2680.0</ele>
        <time>2026-08-05T07:40:00Z</time>
      </trkpt>
      <trkpt lat="44.226751" lon="7.04644">
        <ele>2680.0</ele>
        <time>2026-08-05T07:40:01Z</time>
      </trkpt>
      <trkpt lat="44.226737" lon="7.046407">
        <ele>2680.6</ele>
        <time>2026-08-05T07:40:06Z</time>
      </trkpt>
      <trkpt lat="44.226739" lon="7.04639">
        <ele>2681.0</ele>
        <time>2026-08-05T07:40:09Z</time>
      </trkpt>
      <trkpt lat="44.226737" lon="7.046371">
        <ele>2681.8</ele>
        <time>2026-08-05T07:40:13Z</time>
      </trkpt>
      <trkpt lat="44.226746" lon="7.046363">
        <ele>2681.4</ele>
        <time>2026-08-05T07:40:19Z</time>
      </trkpt>
      <trkpt lat="44.226751" lon="7.046364">
        <ele>2681.4</ele>
        <time>2026-08-05T07:40:20Z</time>
      </trkpt>
      <trkpt lat="44.226756" lon="7.046363">
        <ele>2681.4</ele>
        <time>2026-08-05T07:40:21Z</time>
      </trkpt>
      <trkpt lat="44.226764" lon="7.046364">
        <ele>2681.4</ele>
        <time>2026-08-05T07:40:23Z</time>
      </trkpt>
      <trkpt lat="44.226766" lon="7.046372">
        <ele>2681.0</ele>
        <time>2026-08-05T07:40:32Z</time>
      </trkpt>
      <trkpt lat="44.226758" lon="7.046378">
        <ele>2680.8</ele>
        <time>2026-08-05T07:40:37Z</time>
      </trkpt>
      <trkpt lat="44.226733" lon="7.046365">
        <ele>2680.0</ele>
        <time>2026-08-05T07:40:46Z</time>
      </trkpt>
      <trkpt lat="44.226717" lon="7.046321">
        <ele>2681.2</ele>
        <time>2026-08-05T07:40:52Z</time>
      </trkpt>
      <trkpt lat="44.226716" lon="7.046281">
        <ele>2682.2</ele>
        <time>2026-08-05T07:40:57Z</time>
      </trkpt>
      <trkpt lat="44.226711" lon="7.04626">
        <ele>2682.8</ele>
        <time>2026-08-05T07:41:00Z</time>
      </trkpt>
      <trkpt lat="44.226707" lon="7.046245">
        <ele>2683.2</ele>
        <time>2026-08-05T07:41:02Z</time>
      </trkpt>
      <trkpt lat="44.2267" lon="7.046236">
        <ele>2684.0</ele>
        <time>2026-08-05T07:41:07Z</time>
      </trkpt>
      <trkpt lat="44.226698" lon="7.046232">
        <ele>2684.2</ele>
        <time>2026-08-05T07:41:08Z</time>
      </trkpt>
      <trkpt lat="44.226696" lon="7.046193">
        <ele>2685.4</ele>
        <time>2026-08-05T07:41:15Z</time>
      </trkpt>
      <trkpt lat="44.22669" lon="7.046191">
        <ele>2685.4</ele>
        <time>2026-08-05T07:41:16Z</time>
      </trkpt>
      <trkpt lat="44.226664" lon="7.04613">
        <ele>2685.4</ele>
        <time>2026-08-05T07:41:22Z</time>
      </trkpt>
      <trkpt lat="44.226669" lon="7.046052">
        <ele>2686.0</ele>
        <time>2026-08-05T07:41:29Z</time>
      </trkpt>
      <trkpt lat="44.226654" lon="7.045958">
        <ele>2684.8</ele>
        <time>2026-08-05T07:41:38Z</time>
      </trkpt>
      <trkpt lat="44.226643" lon="7.045926">
        <ele>2684.2</ele>
        <time>2026-08-05T07:41:42Z</time>
      </trkpt>
      <trkpt lat="44.226623" lon="7.045864">
        <ele>2683.6</ele>
        <time>2026-08-05T07:41:47Z</time>
      </trkpt>
      <trkpt lat="44.22661" lon="7.045828">
        <ele>2683.2</ele>
        <time>2026-08-05T07:41:50Z</time>
      </trkpt>
      <trkpt lat="44.226595" lon="7.04577">
        <ele>2683.2</ele>
        <time>2026-08-05T07:41:56Z</time>
      </trkpt>
      <trkpt lat="44.226587" lon="7.045752">
        <ele>2683.6</ele>
        <time>2026-08-05T07:42:03Z</time>
      </trkpt>
      <trkpt lat="44.226569" lon="7.045671">
        <ele>2684.0</ele>
        <time>2026-08-05T07:42:11Z</time>
      </trkpt>
      <trkpt lat="44.226557" lon="7.045607">
        <ele>2684.2</ele>
        <time>2026-08-05T07:42:16Z</time>
      </trkpt>
      <trkpt lat="44.226561" lon="7.045602">
        <ele>2684.4</ele>
        <time>2026-08-05T07:42:18Z</time>
      </trkpt>
      <trkpt lat="44.226563" lon="7.045557">
        <ele>2684.8</ele>
        <time>2026-08-05T07:42:27Z</time>
      </trkpt>
      <trkpt lat="44.226556" lon="7.04554">
        <ele>2685.4</ele>
        <time>2026-08-05T07:42:31Z</time>
      </trkpt>
      <trkpt lat="44.226542" lon="7.045525">
        <ele>2686.2</ele>
        <time>2026-08-05T07:42:35Z</time>
      </trkpt>
      <trkpt lat="44.22653" lon="7.045509">
        <ele>2686.4</ele>
        <time>2026-08-05T07:42:37Z</time>
      </trkpt>
      <trkpt lat="44.226489" lon="7.045466">
        <ele>2687.2</ele>
        <time>2026-08-05T07:42:43Z</time>
      </trkpt>
      <trkpt lat="44.226469" lon="7.045447">
        <ele>2687.4</ele>
        <time>2026-08-05T07:42:47Z</time>
      </trkpt>
      <trkpt lat="44.226459" lon="7.045449">
        <ele>2687.8</ele>
        <time>2026-08-05T07:42:50Z</time>
      </trkpt>
      <trkpt lat="44.226439" lon="7.04541">
        <ele>2688.6</ele>
        <time>2026-08-05T07:42:57Z</time>
      </trkpt>
      <trkpt lat="44.226441" lon="7.045408">
        <ele>2688.8</ele>
        <time>2026-08-05T07:42:59Z</time>
      </trkpt>
      <trkpt lat="44.22644" lon="7.045365">
        <ele>2689.8</ele>
        <time>2026-08-05T07:43:07Z</time>
      </trkpt>
      <trkpt lat="44.226438" lon="7.045349">
        <ele>2690.8</ele>
        <time>2026-08-05T07:43:12Z</time>
      </trkpt>
      <trkpt lat="44.226435" lon="7.045323">
        <ele>2691.2</ele>
        <time>2026-08-05T07:43:15Z</time>
      </trkpt>
      <trkpt lat="44.226431" lon="7.045275">
        <ele>2692.0</ele>
        <time>2026-08-05T07:43:19Z</time>
      </trkpt>
      <trkpt lat="44.226424" lon="7.045245">
        <ele>2692.4</ele>
        <time>2026-08-05T07:43:23Z</time>
      </trkpt>
      <trkpt lat="44.226425" lon="7.045224">
        <ele>2693.0</ele>
        <time>2026-08-05T07:43:29Z</time>
      </trkpt>
      <trkpt lat="44.226425" lon="7.045216">
        <ele>2693.2</ele>
        <time>2026-08-05T07:43:30Z</time>
      </trkpt>
      <trkpt lat="44.226421" lon="7.045137">
        <ele>2694.0</ele>
        <time>2026-08-05T07:43:39Z</time>
      </trkpt>
      <trkpt lat="44.226424" lon="7.045136">
        <ele>2694.2</ele>
        <time>2026-08-05T07:43:41Z</time>
      </trkpt>
      <trkpt lat="44.226411" lon="7.045104">
        <ele>2694.8</ele>
        <time>2026-08-05T07:43:48Z</time>
      </trkpt>
      <trkpt lat="44.226401" lon="7.045097">
        <ele>2695.2</ele>
        <time>2026-08-05T07:43:51Z</time>
      </trkpt>
      <trkpt lat="44.226405" lon="7.045097">
        <ele>2695.6</ele>
        <time>2026-08-05T07:43:56Z</time>
      </trkpt>
      <trkpt lat="44.2264" lon="7.045065">
        <ele>2695.6</ele>
        <time>2026-08-05T07:44:01Z</time>
      </trkpt>
      <trkpt lat="44.226401" lon="7.045058">
        <ele>2695.8</ele>
        <time>2026-08-05T07:44:02Z</time>
      </trkpt>
      <trkpt lat="44.226402" lon="7.045049">
        <ele>2696.0</ele>
        <time>2026-08-05T07:44:03Z</time>
      </trkpt>
      <trkpt lat="44.226398" lon="7.045029">
        <ele>2696.2</ele>
        <time>2026-08-05T07:44:05Z</time>
      </trkpt>
      <trkpt lat="44.226397" lon="7.045018">
        <ele>2696.4</ele>
        <time>2026-08-05T07:44:06Z</time>
      </trkpt>
      <trkpt lat="44.226402" lon="7.044936">
        <ele>2696.6</ele>
        <time>2026-08-05T07:44:14Z</time>
      </trkpt>
      <trkpt lat="44.226394" lon="7.044869">
        <ele>2697.2</ele>
        <time>2026-08-05T07:44:22Z</time>
      </trkpt>
      <trkpt lat="44.226389" lon="7.044843">
        <ele>2698.4</ele>
        <time>2026-08-05T07:44:29Z</time>
      </trkpt>
      <trkpt lat="44.22639" lon="7.044842">
        <ele>2698.4</ele>
        <time>2026-08-05T07:44:30Z</time>
      </trkpt>
      <trkpt lat="44.226398" lon="7.044784">
        <ele>2699.4</ele>
        <time>2026-08-05T07:44:38Z</time>
      </trkpt>
      <trkpt lat="44.226383" lon="7.044772">
        <ele>2700.4</ele>
        <time>2026-08-05T07:44:44Z</time>
      </trkpt>
      <trkpt lat="44.226371" lon="7.044762">
        <ele>2700.8</ele>
        <time>2026-08-05T07:44:46Z</time>
      </trkpt>
      <trkpt lat="44.226357" lon="7.044747">
        <ele>2701.4</ele>
        <time>2026-08-05T07:44:50Z</time>
      </trkpt>
      <trkpt lat="44.226349" lon="7.044736">
        <ele>2702.0</ele>
        <time>2026-08-05T07:44:55Z</time>
      </trkpt>
      <trkpt lat="44.226337" lon="7.044713">
        <ele>2702.6</ele>
        <time>2026-08-05T07:44:59Z</time>
      </trkpt>
      <trkpt lat="44.226329" lon="7.044654">
        <ele>2702.8</ele>
        <time>2026-08-05T07:45:06Z</time>
      </trkpt>
      <trkpt lat="44.226338" lon="7.044627">
        <ele>2703.6</ele>
        <time>2026-08-05T07:45:12Z</time>
      </trkpt>
      <trkpt lat="44.226339" lon="7.044647">
        <ele>2703.8</ele>
        <time>2026-08-05T07:45:15Z</time>
      </trkpt>
      <trkpt lat="44.226335" lon="7.044614">
        <ele>2704.4</ele>
        <time>2026-08-05T07:45:23Z</time>
      </trkpt>
      <trkpt lat="44.226333" lon="7.044606">
        <ele>2704.6</ele>
        <time>2026-08-05T07:45:24Z</time>
      </trkpt>
      <trkpt lat="44.226326" lon="7.044582">
        <ele>2705.8</ele>
        <time>2026-08-05T07:45:29Z</time>
      </trkpt>
      <trkpt lat="44.226317" lon="7.044561">
        <ele>2706.2</ele>
        <time>2026-08-05T07:45:33Z</time>
      </trkpt>
      <trkpt lat="44.226317" lon="7.044541">
        <ele>2706.8</ele>
        <time>2026-08-05T07:45:39Z</time>
      </trkpt>
      <trkpt lat="44.226319" lon="7.044524">
        <ele>2707.2</ele>
        <time>2026-08-05T07:45:41Z</time>
      </trkpt>
      <trkpt lat="44.226314" lon="7.044502">
        <ele>2707.8</ele>
        <time>2026-08-05T07:45:44Z</time>
      </trkpt>
      <trkpt lat="44.226312" lon="7.044482">
        <ele>2708.8</ele>
        <time>2026-08-05T07:45:50Z</time>
      </trkpt>
      <trkpt lat="44.22632" lon="7.044454">
        <ele>2710.0</ele>
        <time>2026-08-05T07:45:56Z</time>
      </trkpt>
      <trkpt lat="44.226317" lon="7.04445">
        <ele>2710.4</ele>
        <time>2026-08-05T07:46:00Z</time>
      </trkpt>
      <trkpt lat="44.226318" lon="7.044437">
        <ele>2711.2</ele>
        <time>2026-08-05T07:46:03Z</time>
      </trkpt>
      <trkpt lat="44.226319" lon="7.044417">
        <ele>2712.4</ele>
        <time>2026-08-05T07:46:07Z</time>
      </trkpt>
      <trkpt lat="44.22632" lon="7.0444">
        <ele>2712.8</ele>
        <time>2026-08-05T07:46:09Z</time>
      </trkpt>
      <trkpt lat="44.226318" lon="7.044397">
        <ele>2713.4</ele>
        <time>2026-08-05T07:46:12Z</time>
      </trkpt>
      <trkpt lat="44.226313" lon="7.044377">
        <ele>2713.8</ele>
        <time>2026-08-05T07:46:16Z</time>
      </trkpt>
      <trkpt lat="44.226315" lon="7.04435">
        <ele>2714.2</ele>
        <time>2026-08-05T07:46:21Z</time>
      </trkpt>
      <trkpt lat="44.226314" lon="7.044336">
        <ele>2714.2</ele>
        <time>2026-08-05T07:46:25Z</time>
      </trkpt>
      <trkpt lat="44.226321" lon="7.044345">
        <ele>2713.6</ele>
        <time>2026-08-05T07:46:37Z</time>
      </trkpt>
      <trkpt lat="44.226313" lon="7.044341">
        <ele>2713.4</ele>
        <time>2026-08-05T07:46:42Z</time>
      </trkpt>
      <trkpt lat="44.226315" lon="7.044343">
        <ele>2713.2</ele>
        <time>2026-08-05T07:46:46Z</time>
      </trkpt>
      <trkpt lat="44.226298" lon="7.04431">
        <ele>2713.0</ele>
        <time>2026-08-05T07:46:53Z</time>
      </trkpt>
      <trkpt lat="44.226282" lon="7.044305">
        <ele>2712.4</ele>
        <time>2026-08-05T07:46:56Z</time>
      </trkpt>
      <trkpt lat="44.226253" lon="7.044297">
        <ele>2711.8</ele>
        <time>2026-08-05T07:47:00Z</time>
      </trkpt>
      <trkpt lat="44.226246" lon="7.044288">
        <ele>2712.2</ele>
        <time>2026-08-05T07:47:04Z</time>
      </trkpt>
      <trkpt lat="44.226244" lon="7.044289">
        <ele>2712.6</ele>
        <time>2026-08-05T07:47:07Z</time>
      </trkpt>
      <trkpt lat="44.22624" lon="7.044281">
        <ele>2711.4</ele>
        <time>2026-08-05T07:47:18Z</time>
      </trkpt>
      <trkpt lat="44.226238" lon="7.044275">
        <ele>2711.2</ele>
        <time>2026-08-05T07:47:22Z</time>
      </trkpt>
      <trkpt lat="44.226247" lon="7.044277">
        <ele>2711.0</ele>
        <time>2026-08-05T07:47:29Z</time>
      </trkpt>
      <trkpt lat="44.226248" lon="7.044278">
        <ele>2710.8</ele>
        <time>2026-08-05T07:47:31Z</time>
      </trkpt>
      <trkpt lat="44.226251" lon="7.044281">
        <ele>2710.6</ele>
        <time>2026-08-05T07:47:34Z</time>
      </trkpt>
      <trkpt lat="44.226255" lon="7.044281">
        <ele>2710.4</ele>
        <time>2026-08-05T07:47:40Z</time>
      </trkpt>
      <trkpt lat="44.226251" lon="7.044288">
        <ele>2710.4</ele>
        <time>2026-08-05T07:47:42Z</time>
      </trkpt>
      <trkpt lat="44.226232" lon="7.04429">
        <ele>2710.2</ele>
        <time>2026-08-05T07:47:44Z</time>
      </trkpt>
      <trkpt lat="44.226212" lon="7.044289">
        <ele>2709.2</ele>
        <time>2026-08-05T07:47:48Z</time>
      </trkpt>
      <trkpt lat="44.226207" lon="7.044289">
        <ele>2709.0</ele>
        <time>2026-08-05T07:47:49Z</time>
      </trkpt>
      <trkpt lat="44.226212" lon="7.044277">
        <ele>2709.4</ele>
        <time>2026-08-05T07:47:55Z</time>
      </trkpt>
      <trkpt lat="44.226211" lon="7.04428">
        <ele>2709.0</ele>
        <time>2026-08-05T07:48:07Z</time>
      </trkpt>
      <trkpt lat="44.226174" lon="7.044262">
        <ele>2708.4</ele>
        <time>2026-08-05T07:48:15Z</time>
      </trkpt>
      <trkpt lat="44.226179" lon="7.044254">
        <ele>2708.0</ele>
        <time>2026-08-05T07:48:19Z</time>
      </trkpt>
      <trkpt lat="44.226166" lon="7.044262">
        <ele>2707.2</ele>
        <time>2026-08-05T07:48:23Z</time>
      </trkpt>
      <trkpt lat="44.226131" lon="7.0443">
        <ele>2707.0</ele>
        <time>2026-08-05T07:48:31Z</time>
      </trkpt>
      <trkpt lat="44.226131" lon="7.044301">
        <ele>2706.8</ele>
        <time>2026-08-05T07:48:32Z</time>
      </trkpt>
      <trkpt lat="44.226134" lon="7.044296">
        <ele>2706.2</ele>
        <time>2026-08-05T07:48:40Z</time>
      </trkpt>
      <trkpt lat="44.22611" lon="7.044301">
        <ele>2706.0</ele>
        <time>2026-08-05T07:48:42Z</time>
      </trkpt>
      <trkpt lat="44.226087" lon="7.044308">
        <ele>2705.8</ele>
        <time>2026-08-05T07:48:45Z</time>
      </trkpt>
      <trkpt lat="44.226076" lon="7.044308">
        <ele>2705.4</ele>
        <time>2026-08-05T07:48:47Z</time>
      </trkpt>
      <trkpt lat="44.226089" lon="7.044303">
        <ele>2704.8</ele>
        <time>2026-08-05T07:48:54Z</time>
      </trkpt>
      <trkpt lat="44.22609" lon="7.044301">
        <ele>2704.6</ele>
        <time>2026-08-05T07:48:55Z</time>
      </trkpt>
      <trkpt lat="44.226095" lon="7.044286">
        <ele>2704.4</ele>
        <time>2026-08-05T07:49:01Z</time>
      </trkpt>
      <trkpt lat="44.226077" lon="7.044293">
        <ele>2704.0</ele>
        <time>2026-08-05T07:49:05Z</time>
      </trkpt>
      <trkpt lat="44.226066" lon="7.044295">
        <ele>2704.6</ele>
        <time>2026-08-05T07:49:11Z</time>
      </trkpt>
      <trkpt lat="44.226063" lon="7.044291">
        <ele>2704.6</ele>
        <time>2026-08-05T07:49:12Z</time>
      </trkpt>
      <trkpt lat="44.226058" lon="7.044301">
        <ele>2704.6</ele>
        <time>2026-08-05T07:49:17Z</time>
      </trkpt>
      <trkpt lat="44.226066" lon="7.044305">
        <ele>2704.4</ele>
        <time>2026-08-05T07:49:19Z</time>
      </trkpt>
      <trkpt lat="44.226075" lon="7.044305">
        <ele>2704.4</ele>
        <time>2026-08-05T07:49:22Z</time>
      </trkpt>
      <trkpt lat="44.226088" lon="7.044305">
        <ele>2703.6</ele>
        <time>2026-08-05T07:49:29Z</time>
      </trkpt>
      <trkpt lat="44.226086" lon="7.044302">
        <ele>2703.4</ele>
        <time>2026-08-05T07:49:30Z</time>
      </trkpt>
      <trkpt lat="44.226104" lon="7.044291">
        <ele>2703.2</ele>
        <time>2026-08-05T07:49:39Z</time>
      </trkpt>
      <trkpt lat="44.226118" lon="7.044278">
        <ele>2702.6</ele>
        <time>2026-08-05T07:49:49Z</time>
      </trkpt>
      <trkpt lat="44.226116" lon="7.044271">
        <ele>2702.4</ele>
        <time>2026-08-05T07:49:53Z</time>
      </trkpt>
      <trkpt lat="44.226114" lon="7.044269">
        <ele>2702.2</ele>
        <time>2026-08-05T07:49:56Z</time>
      </trkpt>
      <trkpt lat="44.226113" lon="7.044268">
        <ele>2702.2</ele>
        <time>2026-08-05T07:50:00Z</time>
      </trkpt>
      <trkpt lat="44.226112" lon="7.044284">
        <ele>2701.8</ele>
        <time>2026-08-05T07:50:12Z</time>
      </trkpt>
      <trkpt lat="44.226085" lon="7.04426">
        <ele>2701.4</ele>
        <time>2026-08-05T07:50:22Z</time>
      </trkpt>
      <trkpt lat="44.226102" lon="7.044266">
        <ele>2701.4</ele>
        <time>2026-08-05T07:50:24Z</time>
      </trkpt>
      <trkpt lat="44.226117" lon="7.044273">
        <ele>2701.2</ele>
        <time>2026-08-05T07:50:26Z</time>
      </trkpt>
      <trkpt lat="44.22613" lon="7.044275">
        <ele>2701.0</ele>
        <time>2026-08-05T07:50:30Z</time>
      </trkpt>
      <trkpt lat="44.226128" lon="7.044267">
        <ele>2700.8</ele>
        <time>2026-08-05T07:50:33Z</time>
      </trkpt>
      <trkpt lat="44.226109" lon="7.044242">
        <ele>2700.6</ele>
        <time>2026-08-05T07:50:42Z</time>
      </trkpt>
      <trkpt lat="44.226099" lon="7.044292">
        <ele>2700.4</ele>
        <time>2026-08-05T07:50:51Z</time>
      </trkpt>
      <trkpt lat="44.226098" lon="7.044293">
        <ele>2700.4</ele>
        <time>2026-08-05T07:50:52Z</time>
      </trkpt>
      <trkpt lat="44.226099" lon="7.044285">
        <ele>2700.0</ele>
        <time>2026-08-05T07:51:02Z</time>
      </trkpt>
      <trkpt lat="44.226112" lon="7.04426">
        <ele>2699.4</ele>
        <time>2026-08-05T07:51:13Z</time>
      </trkpt>
      <trkpt lat="44.226127" lon="7.044264">
        <ele>2699.4</ele>
        <time>2026-08-05T07:51:19Z</time>
      </trkpt>
      <trkpt lat="44.22612" lon="7.044275">
        <ele>2699.2</ele>
        <time>2026-08-05T07:51:26Z</time>
      </trkpt>
      <trkpt lat="44.226096" lon="7.044277">
        <ele>2699.4</ele>
        <time>2026-08-05T07:51:34Z</time>
      </trkpt>
      <trkpt lat="44.226094" lon="7.044274">
        <ele>2699.4</ele>
        <time>2026-08-05T07:51:36Z</time>
      </trkpt>
      <trkpt lat="44.2261" lon="7.044265">
        <ele>2699.8</ele>
        <time>2026-08-05T07:51:43Z</time>
      </trkpt>
      <trkpt lat="44.226105" lon="7.044276">
        <ele>2699.8</ele>
        <time>2026-08-05T07:51:47Z</time>
      </trkpt>
      <trkpt lat="44.226091" lon="7.04431">
        <ele>2700.0</ele>
        <time>2026-08-05T07:51:54Z</time>
      </trkpt>
      <trkpt lat="44.226088" lon="7.044329">
        <ele>2700.0</ele>
        <time>2026-08-05T07:52:02Z</time>
      </trkpt>
      <trkpt lat="44.226103" lon="7.044318">
        <ele>2699.4</ele>
        <time>2026-08-05T07:52:07Z</time>
      </trkpt>
      <trkpt lat="44.226101" lon="7.044312">
        <ele>2699.0</ele>
        <time>2026-08-05T07:52:10Z</time>
      </trkpt>
      <trkpt lat="44.226089" lon="7.044302">
        <ele>2698.4</ele>
        <time>2026-08-05T07:52:20Z</time>
      </trkpt>
      <trkpt lat="44.226093" lon="7.044306">
        <ele>2698.4</ele>
        <time>2026-08-05T07:52:21Z</time>
      </trkpt>
      <trkpt lat="44.226093" lon="7.044325">
        <ele>2699.0</ele>
        <time>2026-08-05T07:52:29Z</time>
      </trkpt>
      <trkpt lat="44.226088" lon="7.044315">
        <ele>2699.2</ele>
        <time>2026-08-05T07:52:38Z</time>
      </trkpt>
      <trkpt lat="44.226088" lon="7.044314">
        <ele>2699.2</ele>
        <time>2026-08-05T07:52:39Z</time>
      </trkpt>
      <trkpt lat="44.226083" lon="7.044297">
        <ele>2699.2</ele>
        <time>2026-08-05T07:52:50Z</time>
      </trkpt>
      <trkpt lat="44.226082" lon="7.044294">
        <ele>2699.6</ele>
        <time>2026-08-05T07:52:53Z</time>
      </trkpt>
      <trkpt lat="44.226081" lon="7.044294">
        <ele>2699.6</ele>
        <time>2026-08-05T07:52:55Z</time>
      </trkpt>
      <trkpt lat="44.226083" lon="7.044295">
        <ele>2700.0</ele>
        <time>2026-08-05T07:53:02Z</time>
      </trkpt>
      <trkpt lat="44.226087" lon="7.044292">
        <ele>2700.2</ele>
        <time>2026-08-05T07:53:15Z</time>
      </trkpt>
      <trkpt lat="44.226085" lon="7.044267">
        <ele>2700.2</ele>
        <time>2026-08-05T07:53:24Z</time>
      </trkpt>
      <trkpt lat="44.226099" lon="7.044297">
        <ele>2699.8</ele>
        <time>2026-08-05T07:53:33Z</time>
      </trkpt>
      <trkpt lat="44.226094" lon="7.044296">
        <ele>2699.8</ele>
        <time>2026-08-05T07:53:42Z</time>
      </trkpt>
      <trkpt lat="44.226091" lon="7.044286">
        <ele>2700.2</ele>
        <time>2026-08-05T07:53:51Z</time>
      </trkpt>
      <trkpt lat="44.226087" lon="7.044297">
        <ele>2700.2</ele>
        <time>2026-08-05T07:54:01Z</time>
      </trkpt>
      <trkpt lat="44.226082" lon="7.044278">
        <ele>2700.2</ele>
        <time>2026-08-05T07:54:09Z</time>
      </trkpt>
      <trkpt lat="44.226083" lon="7.044291">
        <ele>2700.0</ele>
        <time>2026-08-05T07:54:19Z</time>
      </trkpt>
      <trkpt lat="44.226083" lon="7.044294">
        <ele>2700.0</ele>
        <time>2026-08-05T07:54:20Z</time>
      </trkpt>
      <trkpt lat="44.226084" lon="7.044303">
        <ele>2699.8</ele>
        <time>2026-08-05T07:54:22Z</time>
      </trkpt>
      <trkpt lat="44.226091" lon="7.044317">
        <ele>2699.8</ele>
        <time>2026-08-05T07:54:28Z</time>
      </trkpt>
      <trkpt lat="44.2261" lon="7.044322">
        <ele>2700.0</ele>
        <time>2026-08-05T07:54:37Z</time>
      </trkpt>
      <trkpt lat="44.226077" lon="7.044299">
        <ele>2700.2</ele>
        <time>2026-08-05T07:54:45Z</time>
      </trkpt>
      <trkpt lat="44.226081" lon="7.044296">
        <ele>2700.4</ele>
        <time>2026-08-05T07:54:53Z</time>
      </trkpt>
      <trkpt lat="44.226073" lon="7.044299">
        <ele>2699.8</ele>
        <time>2026-08-05T07:55:03Z</time>
      </trkpt>
      <trkpt lat="44.226077" lon="7.044273">
        <ele>2700.0</ele>
        <time>2026-08-05T07:55:11Z</time>
      </trkpt>
      <trkpt lat="44.226081" lon="7.044276">
        <ele>2700.0</ele>
        <time>2026-08-05T07:55:12Z</time>
      </trkpt>
      <trkpt lat="44.226088" lon="7.044278">
        <ele>2700.0</ele>
        <time>2026-08-05T07:55:21Z</time>
      </trkpt>
      <trkpt lat="44.226096" lon="7.044286">
        <ele>2700.2</ele>
        <time>2026-08-05T07:55:32Z</time>
      </trkpt>
      <trkpt lat="44.22609" lon="7.044299">
        <ele>2700.4</ele>
        <time>2026-08-05T07:55:40Z</time>
      </trkpt>
      <trkpt lat="44.226089" lon="7.044302">
        <ele>2700.2</ele>
        <time>2026-08-05T07:55:42Z</time>
      </trkpt>
      <trkpt lat="44.2261" lon="7.044291">
        <ele>2700.0</ele>
        <time>2026-08-05T07:56:07Z</time>
      </trkpt>
      <trkpt lat="44.226109" lon="7.044279">
        <ele>2700.0</ele>
        <time>2026-08-05T07:56:11Z</time>
      </trkpt>
      <trkpt lat="44.226114" lon="7.044271">
        <ele>2700.0</ele>
        <time>2026-08-05T07:56:13Z</time>
      </trkpt>
      <trkpt lat="44.22608" lon="7.044273">
        <ele>2700.0</ele>
        <time>2026-08-05T07:56:18Z</time>
      </trkpt>
      <trkpt lat="44.22607" lon="7.044277">
        <ele>2699.6</ele>
        <time>2026-08-05T07:56:22Z</time>
      </trkpt>
      <trkpt lat="44.226082" lon="7.044277">
        <ele>2699.6</ele>
        <time>2026-08-05T07:56:27Z</time>
      </trkpt>
      <trkpt lat="44.22608" lon="7.044302">
        <ele>2699.2</ele>
        <time>2026-08-05T07:56:35Z</time>
      </trkpt>
      <trkpt lat="44.22608" lon="7.0443">
        <ele>2699.2</ele>
        <time>2026-08-05T07:56:47Z</time>
      </trkpt>
      <trkpt lat="44.226088" lon="7.044296">
        <ele>2699.2</ele>
        <time>2026-08-05T07:56:55Z</time>
      </trkpt>
      <trkpt lat="44.226087" lon="7.044302">
        <ele>2698.8</ele>
        <time>2026-08-05T07:56:57Z</time>
      </trkpt>
      <trkpt lat="44.226088" lon="7.044309">
        <ele>2698.8</ele>
        <time>2026-08-05T07:57:05Z</time>
      </trkpt>
      <trkpt lat="44.226088" lon="7.044304">
        <ele>2698.8</ele>
        <time>2026-08-05T07:57:11Z</time>
      </trkpt>
      <trkpt lat="44.226082" lon="7.044312">
        <ele>2698.8</ele>
        <time>2026-08-05T07:57:15Z</time>
      </trkpt>
      <trkpt lat="44.226086" lon="7.044303">
        <ele>2699.0</ele>
        <time>2026-08-05T07:57:26Z</time>
      </trkpt>
      <trkpt lat="44.226075" lon="7.044296">
        <ele>2698.8</ele>
        <time>2026-08-05T07:57:35Z</time>
      </trkpt>
      <trkpt lat="44.226075" lon="7.044291">
        <ele>2698.8</ele>
        <time>2026-08-05T07:57:37Z</time>
      </trkpt>
      <trkpt lat="44.226086" lon="7.044293">
        <ele>2698.8</ele>
        <time>2026-08-05T07:57:44Z</time>
      </trkpt>
      <trkpt lat="44.226085" lon="7.044288">
        <ele>2699.0</ele>
        <time>2026-08-05T07:57:47Z</time>
      </trkpt>
      <trkpt lat="44.226089" lon="7.044291">
        <ele>2699.4</ele>
        <time>2026-08-05T07:57:54Z</time>
      </trkpt>
      <trkpt lat="44.226093" lon="7.0443">
        <ele>2699.2</ele>
        <time>2026-08-05T07:57:57Z</time>
      </trkpt>
      <trkpt lat="44.226097" lon="7.044296">
        <ele>2699.6</ele>
        <time>2026-08-05T07:58:04Z</time>
      </trkpt>
      <trkpt lat="44.226084" lon="7.04428">
        <ele>2699.2</ele>
        <time>2026-08-05T07:58:09Z</time>
      </trkpt>
      <trkpt lat="44.226081" lon="7.044274">
        <ele>2699.2</ele>
        <time>2026-08-05T07:58:19Z</time>
      </trkpt>
      <trkpt lat="44.226087" lon="7.044273">
        <ele>2699.2</ele>
        <time>2026-08-05T07:58:30Z</time>
      </trkpt>
      <trkpt lat="44.226093" lon="7.044297">
        <ele>2698.8</ele>
        <time>2026-08-05T07:58:43Z</time>
      </trkpt>
      <trkpt lat="44.2261" lon="7.044296">
        <ele>2698.6</ele>
        <time>2026-08-05T07:58:51Z</time>
      </trkpt>
      <trkpt lat="44.226083" lon="7.044291">
        <ele>2699.2</ele>
        <time>2026-08-05T07:58:56Z</time>
      </trkpt>
      <trkpt lat="44.226084" lon="7.0443">
        <ele>2699.4</ele>
        <time>2026-08-05T07:58:59Z</time>
      </trkpt>
      <trkpt lat="44.22609" lon="7.044296">
        <ele>2699.2</ele>
        <time>2026-08-05T07:59:09Z</time>
      </trkpt>
      <trkpt lat="44.226097" lon="7.044297">
        <ele>2699.4</ele>
        <time>2026-08-05T07:59:19Z</time>
      </trkpt>
      <trkpt lat="44.22609" lon="7.044289">
        <ele>2699.2</ele>
        <time>2026-08-05T07:59:22Z</time>
      </trkpt>
      <trkpt lat="44.226088" lon="7.044275">
        <ele>2699.0</ele>
        <time>2026-08-05T07:59:28Z</time>
      </trkpt>
      <trkpt lat="44.226093" lon="7.044277">
        <ele>2699.0</ele>
        <time>2026-08-05T07:59:30Z</time>
      </trkpt>
      <trkpt lat="44.226084" lon="7.044281">
        <ele>2698.8</ele>
        <time>2026-08-05T07:59:43Z</time>
      </trkpt>
      <trkpt lat="44.226075" lon="7.044283">
        <ele>2699.0</ele>
        <time>2026-08-05T07:59:53Z</time>
      </trkpt>
      <trkpt lat="44.226089" lon="7.044309">
        <ele>2698.6</ele>
        <time>2026-08-05T08:00:03Z</time>
      </trkpt>
      <trkpt lat="44.22609" lon="7.044303">
        <ele>2698.8</ele>
        <time>2026-08-05T08:00:14Z</time>
      </trkpt>
      <trkpt lat="44.226083" lon="7.044283">
        <ele>2699.0</ele>
        <time>2026-08-05T08:00:21Z</time>
      </trkpt>
      <trkpt lat="44.226088" lon="7.04429">
        <ele>2698.8</ele>
        <time>2026-08-05T08:00:32Z</time>
      </trkpt>
      <trkpt lat="44.226093" lon="7.044297">
        <ele>2698.8</ele>
        <time>2026-08-05T08:00:43Z</time>
      </trkpt>
      <trkpt lat="44.22609" lon="7.044296">
        <ele>2699.0</ele>
        <time>2026-08-05T08:00:51Z</time>
      </trkpt>
      <trkpt lat="44.226097" lon="7.044318">
        <ele>2698.6</ele>
        <time>2026-08-05T08:01:02Z</time>
      </trkpt>
      <trkpt lat="44.226095" lon="7.044315">
        <ele>2698.6</ele>
        <time>2026-08-05T08:01:08Z</time>
      </trkpt>
      <trkpt lat="44.226095" lon="7.044323">
        <ele>2698.8</ele>
        <time>2026-08-05T08:01:13Z</time>
      </trkpt>
      <trkpt lat="44.226105" lon="7.04432">
        <ele>2699.0</ele>
        <time>2026-08-05T08:01:25Z</time>
      </trkpt>
      <trkpt lat="44.226093" lon="7.044299">
        <ele>2699.2</ele>
        <time>2026-08-05T08:01:35Z</time>
      </trkpt>
      <trkpt lat="44.226081" lon="7.044296">
        <ele>2698.6</ele>
        <time>2026-08-05T08:01:45Z</time>
      </trkpt>
      <trkpt lat="44.226095" lon="7.044299">
        <ele>2698.8</ele>
        <time>2026-08-05T08:01:56Z</time>
      </trkpt>
      <trkpt lat="44.226097" lon="7.044299">
        <ele>2698.8</ele>
        <time>2026-08-05T08:02:07Z</time>
      </trkpt>
      <trkpt lat="44.226098" lon="7.044288">
        <ele>2699.0</ele>
        <time>2026-08-05T08:02:20Z</time>
      </trkpt>
      <trkpt lat="44.226105" lon="7.044309">
        <ele>2699.2</ele>
        <time>2026-08-05T08:02:30Z</time>
      </trkpt>
      <trkpt lat="44.226095" lon="7.044236">
        <ele>2699.2</ele>
        <time>2026-08-05T08:02:40Z</time>
      </trkpt>
      <trkpt lat="44.226091" lon="7.044224">
        <ele>2699.2</ele>
        <time>2026-08-05T08:02:43Z</time>
      </trkpt>
      <trkpt lat="44.226088" lon="7.044221">
        <ele>2699.2</ele>
        <time>2026-08-05T08:02:46Z</time>
      </trkpt>
      <trkpt lat="44.226084" lon="7.044236">
        <ele>2699.2</ele>
        <time>2026-08-05T08:02:51Z</time>
      </trkpt>
      <trkpt lat="44.226079" lon="7.044285">
        <ele>2699.2</ele>
        <time>2026-08-05T08:03:00Z</time>
      </trkpt>
      <trkpt lat="44.226083" lon="7.04428">
        <ele>2699.0</ele>
        <time>2026-08-05T08:03:11Z</time>
      </trkpt>
      <trkpt lat="44.226097" lon="7.044292">
        <ele>2699.0</ele>
        <time>2026-08-05T08:03:20Z</time>
      </trkpt>
      <trkpt lat="44.22608" lon="7.044289">
        <ele>2698.6</ele>
        <time>2026-08-05T08:03:30Z</time>
      </trkpt>
      <trkpt lat="44.226097" lon="7.044266">
        <ele>2699.0</ele>
        <time>2026-08-05T08:03:41Z</time>
      </trkpt>
      <trkpt lat="44.226096" lon="7.044261">
        <ele>2699.0</ele>
        <time>2026-08-05T08:03:42Z</time>
      </trkpt>
      <trkpt lat="44.2261" lon="7.04427">
        <ele>2698.8</ele>
        <time>2026-08-05T08:03:44Z</time>
      </trkpt>
      <trkpt lat="44.226092" lon="7.044285">
        <ele>2698.6</ele>
        <time>2026-08-05T08:03:48Z</time>
      </trkpt>
      <trkpt lat="44.226066" lon="7.0443">
        <ele>2698.2</ele>
        <time>2026-08-05T08:03:57Z</time>
      </trkpt>
      <trkpt lat="44.226104" lon="7.044296">
        <ele>2698.8</ele>
        <time>2026-08-05T08:04:09Z</time>
      </trkpt>
      <trkpt lat="44.226092" lon="7.044298">
        <ele>2698.6</ele>
        <time>2026-08-05T08:04:17Z</time>
      </trkpt>
      <trkpt lat="44.226083" lon="7.044298">
        <ele>2698.6</ele>
        <time>2026-08-05T08:04:21Z</time>
      </trkpt>
      <trkpt lat="44.226071" lon="7.044287">
        <ele>2699.2</ele>
        <time>2026-08-05T08:04:26Z</time>
      </trkpt>
      <trkpt lat="44.226081" lon="7.044278">
        <ele>2699.4</ele>
        <time>2026-08-05T08:04:37Z</time>
      </trkpt>
      <trkpt lat="44.226068" lon="7.044256">
        <ele>2699.4</ele>
        <time>2026-08-05T08:04:42Z</time>
      </trkpt>
      <trkpt lat="44.226068" lon="7.044246">
        <ele>2699.4</ele>
        <time>2026-08-05T08:04:46Z</time>
      </trkpt>
      <trkpt lat="44.226067" lon="7.04427">
        <ele>2699.4</ele>
        <time>2026-08-05T08:04:54Z</time>
      </trkpt>
      <trkpt lat="44.226075" lon="7.044276">
        <ele>2699.4</ele>
        <time>2026-08-05T08:04:56Z</time>
      </trkpt>
      <trkpt lat="44.22608" lon="7.04428">
        <ele>2699.6</ele>
        <time>2026-08-05T08:04:57Z</time>
      </trkpt>
      <trkpt lat="44.226156" lon="7.044311">
        <ele>2699.6</ele>
        <time>2026-08-05T08:05:06Z</time>
      </trkpt>
      <trkpt lat="44.226093" lon="7.044302">
        <ele>2698.4</ele>
        <time>2026-08-05T08:05:14Z</time>
      </trkpt>
      <trkpt lat="44.226089" lon="7.044285">
        <ele>2698.6</ele>
        <time>2026-08-05T08:05:22Z</time>
      </trkpt>
      <trkpt lat="44.226098" lon="7.044264">
        <ele>2698.4</ele>
        <time>2026-08-05T08:05:32Z</time>
      </trkpt>
      <trkpt lat="44.226104" lon="7.044287">
        <ele>2698.0</ele>
        <time>2026-08-05T08:05:41Z</time>
      </trkpt>
      <trkpt lat="44.226094" lon="7.044299">
        <ele>2697.8</ele>
        <time>2026-08-05T08:05:52Z</time>
      </trkpt>
      <trkpt lat="44.22609" lon="7.044307">
        <ele>2698.0</ele>
        <time>2026-08-05T08:06:03Z</time>
      </trkpt>
      <trkpt lat="44.226086" lon="7.044291">
        <ele>2697.8</ele>
        <time>2026-08-05T08:06:11Z</time>
      </trkpt>
      <trkpt lat="44.226087" lon="7.044292">
        <ele>2697.6</ele>
        <time>2026-08-05T08:06:13Z</time>
      </trkpt>
      <trkpt lat="44.226094" lon="7.044289">
        <ele>2698.0</ele>
        <time>2026-08-05T08:06:24Z</time>
      </trkpt>
      <trkpt lat="44.226094" lon="7.044291">
        <ele>2698.4</ele>
        <time>2026-08-05T08:06:31Z</time>
      </trkpt>
      <trkpt lat="44.226095" lon="7.044306">
        <ele>2698.4</ele>
        <time>2026-08-05T08:06:35Z</time>
      </trkpt>
      <trkpt lat="44.226099" lon="7.044305">
        <ele>2698.0</ele>
        <time>2026-08-05T08:06:45Z</time>
      </trkpt>
      <trkpt lat="44.226095" lon="7.044276">
        <ele>2698.2</ele>
        <time>2026-08-05T08:06:57Z</time>
      </trkpt>
      <trkpt lat="44.226084" lon="7.044289">
        <ele>2698.2</ele>
        <time>2026-08-05T08:07:02Z</time>
      </trkpt>
      <trkpt lat="44.226085" lon="7.044292">
        <ele>2698.2</ele>
        <time>2026-08-05T08:07:06Z</time>
      </trkpt>
      <trkpt lat="44.226083" lon="7.044286">
        <ele>2698.4</ele>
        <time>2026-08-05T08:07:17Z</time>
      </trkpt>
      <trkpt lat="44.22608" lon="7.044298">
        <ele>2698.2</ele>
        <time>2026-08-05T08:07:24Z</time>
      </trkpt>
      <trkpt lat="44.226081" lon="7.044289">
        <ele>2698.2</ele>
        <time>2026-08-05T08:07:29Z</time>
      </trkpt>
      <trkpt lat="44.226086" lon="7.044291">
        <ele>2698.2</ele>
        <time>2026-08-05T08:07:31Z</time>
      </trkpt>
      <trkpt lat="44.226089" lon="7.044294">
        <ele>2698.2</ele>
        <time>2026-08-05T08:07:32Z</time>
      </trkpt>
      <trkpt lat="44.226097" lon="7.044302">
        <ele>2698.2</ele>
        <time>2026-08-05T08:07:35Z</time>
      </trkpt>
      <trkpt lat="44.226096" lon="7.044302">
        <ele>2698.0</ele>
        <time>2026-08-05T08:07:42Z</time>
      </trkpt>
      <trkpt lat="44.226093" lon="7.044302">
        <ele>2698.0</ele>
        <time>2026-08-05T08:07:43Z</time>
      </trkpt>
      <trkpt lat="44.226092" lon="7.044299">
        <ele>2698.0</ele>
        <time>2026-08-05T08:07:44Z</time>
      </trkpt>
      <trkpt lat="44.22608" lon="7.044297">
        <ele>2697.8</ele>
        <time>2026-08-05T08:07:48Z</time>
      </trkpt>
      <trkpt lat="44.226071" lon="7.044293">
        <ele>2697.8</ele>
        <time>2026-08-05T08:07:53Z</time>
      </trkpt>
      <trkpt lat="44.226089" lon="7.044291">
        <ele>2697.4</ele>
        <time>2026-08-05T08:08:02Z</time>
      </trkpt>
      <trkpt lat="44.226086" lon="7.044296">
        <ele>2697.4</ele>
        <time>2026-08-05T08:08:03Z</time>
      </trkpt>
      <trkpt lat="44.226072" lon="7.044301">
        <ele>2697.6</ele>
        <time>2026-08-05T08:08:09Z</time>
      </trkpt>
      <trkpt lat="44.226088" lon="7.04431">
        <ele>2697.4</ele>
        <time>2026-08-05T08:08:18Z</time>
      </trkpt>
      <trkpt lat="44.226088" lon="7.044306">
        <ele>2697.6</ele>
        <time>2026-08-05T08:08:20Z</time>
      </trkpt>
      <trkpt lat="44.226076" lon="7.044278">
        <ele>2698.0</ele>
        <time>2026-08-05T08:08:29Z</time>
      </trkpt>
      <trkpt lat="44.226076" lon="7.044299">
        <ele>2697.6</ele>
        <time>2026-08-05T08:08:38Z</time>
      </trkpt>
      <trkpt lat="44.226075" lon="7.044305">
        <ele>2697.8</ele>
        <time>2026-08-05T08:08:45Z</time>
      </trkpt>
      <trkpt lat="44.226072" lon="7.044291">
        <ele>2697.6</ele>
        <time>2026-08-05T08:08:53Z</time>
      </trkpt>
      <trkpt lat="44.226082" lon="7.044312">
        <ele>2697.4</ele>
        <time>2026-08-05T08:09:02Z</time>
      </trkpt>
      <trkpt lat="44.226086" lon="7.044294">
        <ele>2697.6</ele>
        <time>2026-08-05T08:09:15Z</time>
      </trkpt>
      <trkpt lat="44.226077" lon="7.044303">
        <ele>2697.6</ele>
        <time>2026-08-05T08:09:23Z</time>
      </trkpt>
      <trkpt lat="44.226074" lon="7.044298">
        <ele>2697.6</ele>
        <time>2026-08-05T08:09:24Z</time>
      </trkpt>
      <trkpt lat="44.226061" lon="7.044287">
        <ele>2697.6</ele>
        <time>2026-08-05T08:09:32Z</time>
      </trkpt>
      <trkpt lat="44.226063" lon="7.044288">
        <ele>2697.4</ele>
        <time>2026-08-05T08:09:35Z</time>
      </trkpt>
      <trkpt lat="44.226066" lon="7.044295">
        <ele>2697.8</ele>
        <time>2026-08-05T08:09:47Z</time>
      </trkpt>
      <trkpt lat="44.226075" lon="7.044304">
        <ele>2697.6</ele>
        <time>2026-08-05T08:09:55Z</time>
      </trkpt>
      <trkpt lat="44.226082" lon="7.044312">
        <ele>2697.6</ele>
        <time>2026-08-05T08:10:06Z</time>
      </trkpt>
      <trkpt lat="44.22608" lon="7.044292">
        <ele>2697.4</ele>
        <time>2026-08-05T08:10:18Z</time>
      </trkpt>
      <trkpt lat="44.226085" lon="7.044303">
        <ele>2697.4</ele>
        <time>2026-08-05T08:10:21Z</time>
      </trkpt>
      <trkpt lat="44.226078" lon="7.044311">
        <ele>2697.6</ele>
        <time>2026-08-05T08:10:28Z</time>
      </trkpt>
      <trkpt lat="44.226065" lon="7.044281">
        <ele>2697.4</ele>
        <time>2026-08-05T08:10:39Z</time>
      </trkpt>
      <trkpt lat="44.226059" lon="7.044298">
        <ele>2697.4</ele>
        <time>2026-08-05T08:10:48Z</time>
      </trkpt>
      <trkpt lat="44.22607" lon="7.044289">
        <ele>2697.6</ele>
        <time>2026-08-05T08:10:57Z</time>
      </trkpt>
      <trkpt lat="44.226066" lon="7.044291">
        <ele>2697.6</ele>
        <time>2026-08-05T08:11:02Z</time>
      </trkpt>
      <trkpt lat="44.226065" lon="7.044292">
        <ele>2697.6</ele>
        <time>2026-08-05T08:11:03Z</time>
      </trkpt>
      <trkpt lat="44.226067" lon="7.044293">
        <ele>2697.6</ele>
        <time>2026-08-05T08:11:04Z</time>
      </trkpt>
      <trkpt lat="44.226065" lon="7.04429">
        <ele>2697.6</ele>
        <time>2026-08-05T08:11:07Z</time>
      </trkpt>
      <trkpt lat="44.226075" lon="7.044285">
        <ele>2697.6</ele>
        <time>2026-08-05T08:11:12Z</time>
      </trkpt>
      <trkpt lat="44.226077" lon="7.044278">
        <ele>2697.6</ele>
        <time>2026-08-05T08:11:14Z</time>
      </trkpt>
      <trkpt lat="44.226078" lon="7.044276">
        <ele>2697.6</ele>
        <time>2026-08-05T08:11:15Z</time>
      </trkpt>
      <trkpt lat="44.226076" lon="7.044279">
        <ele>2697.6</ele>
        <time>2026-08-05T08:11:22Z</time>
      </trkpt>
      <trkpt lat="44.226076" lon="7.044281">
        <ele>2697.6</ele>
        <time>2026-08-05T08:11:23Z</time>
      </trkpt>
      <trkpt lat="44.226078" lon="7.044299">
        <ele>2697.4</ele>
        <time>2026-08-05T08:11:34Z</time>
      </trkpt>
      <trkpt lat="44.226073" lon="7.044301">
        <ele>2697.4</ele>
        <time>2026-08-05T08:11:39Z</time>
      </trkpt>
      <trkpt lat="44.226069" lon="7.044302">
        <ele>2697.4</ele>
        <time>2026-08-05T08:11:41Z</time>
      </trkpt>
      <trkpt lat="44.22606" lon="7.044306">
        <ele>2697.4</ele>
        <time>2026-08-05T08:11:46Z</time>
      </trkpt>
      <trkpt lat="44.22607" lon="7.04429">
        <ele>2697.4</ele>
        <time>2026-08-05T08:11:56Z</time>
      </trkpt>
      <trkpt lat="44.226075" lon="7.044291">
        <ele>2697.2</ele>
        <time>2026-08-05T08:12:08Z</time>
      </trkpt>
      <trkpt lat="44.226075" lon="7.04429">
        <ele>2697.2</ele>
        <time>2026-08-05T08:12:09Z</time>
      </trkpt>
      <trkpt lat="44.226066" lon="7.044298">
        <ele>2697.4</ele>
        <time>2026-08-05T08:12:16Z</time>
      </trkpt>
      <trkpt lat="44.22606" lon="7.044292">
        <ele>2697.4</ele>
        <time>2026-08-05T08:12:25Z</time>
      </trkpt>
      <trkpt lat="44.226071" lon="7.044298">
        <ele>2697.8</ele>
        <time>2026-08-05T08:12:34Z</time>
      </trkpt>
      <trkpt lat="44.226073" lon="7.044299">
        <ele>2697.6</ele>
        <time>2026-08-05T08:12:35Z</time>
      </trkpt>
      <trkpt lat="44.226061" lon="7.044276">
        <ele>2697.2</ele>
        <time>2026-08-05T08:12:45Z</time>
      </trkpt>
      <trkpt lat="44.226071" lon="7.044289">
        <ele>2697.2</ele>
        <time>2026-08-05T08:12:56Z</time>
      </trkpt>
      <trkpt lat="44.22608" lon="7.044299">
        <ele>2697.4</ele>
        <time>2026-08-05T08:13:05Z</time>
      </trkpt>
      <trkpt lat="44.226076" lon="7.044304">
        <ele>2697.2</ele>
        <time>2026-08-05T08:13:11Z</time>
      </trkpt>
      <trkpt lat="44.226076" lon="7.044307">
        <ele>2697.2</ele>
        <time>2026-08-05T08:13:15Z</time>
      </trkpt>
      <trkpt lat="44.226086" lon="7.044302">
        <ele>2697.2</ele>
        <time>2026-08-05T08:13:20Z</time>
      </trkpt>
      <trkpt lat="44.226072" lon="7.044288">
        <ele>2697.2</ele>
        <time>2026-08-05T08:13:27Z</time>
      </trkpt>
      <trkpt lat="44.226061" lon="7.044293">
        <ele>2697.2</ele>
        <time>2026-08-05T08:13:35Z</time>
      </trkpt>
      <trkpt lat="44.22606" lon="7.044284">
        <ele>2697.2</ele>
        <time>2026-08-05T08:13:38Z</time>
      </trkpt>
      <trkpt lat="44.226065" lon="7.044287">
        <ele>2697.2</ele>
        <time>2026-08-05T08:13:47Z</time>
      </trkpt>
      <trkpt lat="44.226077" lon="7.044306">
        <ele>2697.2</ele>
        <time>2026-08-05T08:13:54Z</time>
      </trkpt>
      <trkpt lat="44.226086" lon="7.044307">
        <ele>2697.2</ele>
        <time>2026-08-05T08:14:02Z</time>
      </trkpt>
      <trkpt lat="44.226084" lon="7.044315">
        <ele>2697.2</ele>
        <time>2026-08-05T08:14:08Z</time>
      </trkpt>
      <trkpt lat="44.226082" lon="7.044317">
        <ele>2697.2</ele>
        <time>2026-08-05T08:14:12Z</time>
      </trkpt>
      <trkpt lat="44.226078" lon="7.044304">
        <ele>2697.2</ele>
        <time>2026-08-05T08:14:19Z</time>
      </trkpt>
      <trkpt lat="44.226082" lon="7.044298">
        <ele>2697.0</ele>
        <time>2026-08-05T08:14:26Z</time>
      </trkpt>
      <trkpt lat="44.226089" lon="7.044298">
        <ele>2697.0</ele>
        <time>2026-08-05T08:14:33Z</time>
      </trkpt>
      <trkpt lat="44.226082" lon="7.044319">
        <ele>2697.2</ele>
        <time>2026-08-05T08:14:43Z</time>
      </trkpt>
      <trkpt lat="44.226094" lon="7.044326">
        <ele>2697.0</ele>
        <time>2026-08-05T08:14:51Z</time>
      </trkpt>
      <trkpt lat="44.226087" lon="7.044314">
        <ele>2697.0</ele>
        <time>2026-08-05T08:15:03Z</time>
      </trkpt>
      <trkpt lat="44.226075" lon="7.044301">
        <ele>2697.0</ele>
        <time>2026-08-05T08:15:07Z</time>
      </trkpt>
      <trkpt lat="44.22607" lon="7.044295">
        <ele>2696.8</ele>
        <time>2026-08-05T08:15:10Z</time>
      </trkpt>
      <trkpt lat="44.226076" lon="7.044297">
        <ele>2696.8</ele>
        <time>2026-08-05T08:15:18Z</time>
      </trkpt>
      <trkpt lat="44.226086" lon="7.044305">
        <ele>2697.2</ele>
        <time>2026-08-05T08:15:39Z</time>
      </trkpt>
      <trkpt lat="44.226065" lon="7.044291">
        <ele>2697.2</ele>
        <time>2026-08-05T08:15:47Z</time>
      </trkpt>
      <trkpt lat="44.226077" lon="7.04428">
        <ele>2697.2</ele>
        <time>2026-08-05T08:15:58Z</time>
      </trkpt>
      <trkpt lat="44.226081" lon="7.044287">
        <ele>2697.4</ele>
        <time>2026-08-05T08:16:02Z</time>
      </trkpt>
      <trkpt lat="44.22608" lon="7.044302">
        <ele>2697.2</ele>
        <time>2026-08-05T08:16:08Z</time>
      </trkpt>
      <trkpt lat="44.226083" lon="7.044299">
        <ele>2697.2</ele>
        <time>2026-08-05T08:16:12Z</time>
      </trkpt>
      <trkpt lat="44.226078" lon="7.044273">
        <ele>2697.2</ele>
        <time>2026-08-05T08:16:22Z</time>
      </trkpt>
      <trkpt lat="44.226065" lon="7.044274">
        <ele>2697.0</ele>
        <time>2026-08-05T08:16:29Z</time>
      </trkpt>
      <trkpt lat="44.22607" lon="7.044279">
        <ele>2697.0</ele>
        <time>2026-08-05T08:16:31Z</time>
      </trkpt>
      <trkpt lat="44.226072" lon="7.044279">
        <ele>2697.0</ele>
        <time>2026-08-05T08:16:36Z</time>
      </trkpt>
      <trkpt lat="44.226071" lon="7.044278">
        <ele>2697.0</ele>
        <time>2026-08-05T08:16:39Z</time>
      </trkpt>
      <trkpt lat="44.226069" lon="7.044278">
        <ele>2697.0</ele>
        <time>2026-08-05T08:16:44Z</time>
      </trkpt>
      <trkpt lat="44.226068" lon="7.044278">
        <ele>2697.0</ele>
        <time>2026-08-05T08:16:47Z</time>
      </trkpt>
      <trkpt lat="44.226068" lon="7.044278">
        <ele>2697.0</ele>
        <time>2026-08-05T08:16:58Z</time>
      </trkpt>
      <trkpt lat="44.226068" lon="7.044278">
        <ele>2697.0</ele>
        <time>2026-08-05T08:17:00Z</time>
      </trkpt>
      <trkpt lat="44.226062" lon="7.044269">
        <ele>2696.6</ele>
        <time>2026-08-05T08:17:08Z</time>
      </trkpt>
      <trkpt lat="44.226063" lon="7.044269">
        <ele>2696.6</ele>
        <time>2026-08-05T08:17:09Z</time>
      </trkpt>
      <trkpt lat="44.226069" lon="7.044264">
        <ele>2696.4</ele>
        <time>2026-08-05T08:17:14Z</time>
      </trkpt>
      <trkpt lat="44.226087" lon="7.04428">
        <ele>2696.4</ele>
        <time>2026-08-05T08:17:21Z</time>
      </trkpt>
      <trkpt lat="44.226079" lon="7.044281">
        <ele>2696.2</ele>
        <time>2026-08-05T08:17:31Z</time>
      </trkpt>
      <trkpt lat="44.226077" lon="7.044284">
        <ele>2696.2</ele>
        <time>2026-08-05T08:17:38Z</time>
      </trkpt>
      <trkpt lat="44.226077" lon="7.044282">
        <ele>2696.4</ele>
        <time>2026-08-05T08:17:50Z</time>
      </trkpt>
      <trkpt lat="44.226074" lon="7.044286">
        <ele>2696.4</ele>
        <time>2026-08-05T08:17:53Z</time>
      </trkpt>
      <trkpt lat="44.226095" lon="7.044291">
        <ele>2696.4</ele>
        <time>2026-08-05T08:18:04Z</time>
      </trkpt>
      <trkpt lat="44.226087" lon="7.04431">
        <ele>2696.4</ele>
        <time>2026-08-05T08:18:13Z</time>
      </trkpt>
      <trkpt lat="44.226073" lon="7.044325">
        <ele>2695.6</ele>
        <time>2026-08-05T08:18:23Z</time>
      </trkpt>
      <trkpt lat="44.226053" lon="7.044313">
        <ele>2696.4</ele>
        <time>2026-08-05T08:18:31Z</time>
      </trkpt>
      <trkpt lat="44.226049" lon="7.044304">
        <ele>2695.4</ele>
        <time>2026-08-05T08:18:34Z</time>
      </trkpt>
      <trkpt lat="44.226038" lon="7.044295">
        <ele>2695.0</ele>
        <time>2026-08-05T08:18:41Z</time>
      </trkpt>
      <trkpt lat="44.226031" lon="7.044309">
        <ele>2694.2</ele>
        <time>2026-08-05T08:18:47Z</time>
      </trkpt>
      <trkpt lat="44.226021" lon="7.04431">
        <ele>2694.0</ele>
        <time>2026-08-05T08:18:51Z</time>
      </trkpt>
      <trkpt lat="44.226017" lon="7.04432">
        <ele>2694.0</ele>
        <time>2026-08-05T08:19:00Z</time>
      </trkpt>
      <trkpt lat="44.22602" lon="7.044319">
        <ele>2694.0</ele>
        <time>2026-08-05T08:19:02Z</time>
      </trkpt>
      <trkpt lat="44.22602" lon="7.04432">
        <ele>2693.6</ele>
        <time>2026-08-05T08:19:09Z</time>
      </trkpt>
      <trkpt lat="44.226026" lon="7.044328">
        <ele>2693.8</ele>
        <time>2026-08-05T08:19:19Z</time>
      </trkpt>
      <trkpt lat="44.226024" lon="7.044319">
        <ele>2693.4</ele>
        <time>2026-08-05T08:19:28Z</time>
      </trkpt>
      <trkpt lat="44.226018" lon="7.044319">
        <ele>2693.2</ele>
        <time>2026-08-05T08:19:30Z</time>
      </trkpt>
      <trkpt lat="44.226001" lon="7.044308">
        <ele>2693.0</ele>
        <time>2026-08-05T08:19:39Z</time>
      </trkpt>
      <trkpt lat="44.22599" lon="7.044306">
        <ele>2692.4</ele>
        <time>2026-08-05T08:19:46Z</time>
      </trkpt>
      <trkpt lat="44.225988" lon="7.044301">
        <ele>2692.2</ele>
        <time>2026-08-05T08:19:49Z</time>
      </trkpt>
      <trkpt lat="44.225997" lon="7.044299">
        <ele>2691.8</ele>
        <time>2026-08-05T08:19:55Z</time>
      </trkpt>
      <trkpt lat="44.225996" lon="7.0443">
        <ele>2691.8</ele>
        <time>2026-08-05T08:20:03Z</time>
      </trkpt>
      <trkpt lat="44.225981" lon="7.044264">
        <ele>2691.4</ele>
        <time>2026-08-05T08:20:11Z</time>
      </trkpt>
      <trkpt lat="44.225979" lon="7.04426">
        <ele>2691.2</ele>
        <time>2026-08-05T08:20:12Z</time>
      </trkpt>
      <trkpt lat="44.225975" lon="7.044255">
        <ele>2690.2</ele>
        <time>2026-08-05T08:20:19Z</time>
      </trkpt>
      <trkpt lat="44.225969" lon="7.044255">
        <ele>2690.0</ele>
        <time>2026-08-05T08:20:22Z</time>
      </trkpt>
      <trkpt lat="44.225985" lon="7.044254">
        <ele>2689.6</ele>
        <time>2026-08-05T08:20:28Z</time>
      </trkpt>
      <trkpt lat="44.225988" lon="7.044251">
        <ele>2689.2</ele>
        <time>2026-08-05T08:20:32Z</time>
      </trkpt>
      <trkpt lat="44.225984" lon="7.044258">
        <ele>2689.2</ele>
        <time>2026-08-05T08:20:34Z</time>
      </trkpt>
      <trkpt lat="44.225964" lon="7.044229">
        <ele>2688.4</ele>
        <time>2026-08-05T08:20:43Z</time>
      </trkpt>
      <trkpt lat="44.225966" lon="7.044185">
        <ele>2688.4</ele>
        <time>2026-08-05T08:20:51Z</time>
      </trkpt>
      <trkpt lat="44.225988" lon="7.044189">
        <ele>2689.0</ele>
        <time>2026-08-05T08:20:56Z</time>
      </trkpt>
      <trkpt lat="44.225989" lon="7.044175">
        <ele>2688.8</ele>
        <time>2026-08-05T08:20:59Z</time>
      </trkpt>
      <trkpt lat="44.225978" lon="7.044152">
        <ele>2688.8</ele>
        <time>2026-08-05T08:21:07Z</time>
      </trkpt>
      <trkpt lat="44.225966" lon="7.044153">
        <ele>2689.2</ele>
        <time>2026-08-05T08:21:14Z</time>
      </trkpt>
      <trkpt lat="44.225971" lon="7.044152">
        <ele>2689.0</ele>
        <time>2026-08-05T08:21:15Z</time>
      </trkpt>
      <trkpt lat="44.225974" lon="7.04416">
        <ele>2688.8</ele>
        <time>2026-08-05T08:21:19Z</time>
      </trkpt>
      <trkpt lat="44.225976" lon="7.044168">
        <ele>2688.6</ele>
        <time>2026-08-05T08:21:21Z</time>
      </trkpt>
      <trkpt lat="44.225981" lon="7.044166">
        <ele>2688.4</ele>
        <time>2026-08-05T08:21:23Z</time>
      </trkpt>
      <trkpt lat="44.225982" lon="7.044166">
        <ele>2688.4</ele>
        <time>2026-08-05T08:21:24Z</time>
      </trkpt>
      <trkpt lat="44.225978" lon="7.044169">
        <ele>2688.6</ele>
        <time>2026-08-05T08:21:26Z</time>
      </trkpt>
      <trkpt lat="44.225978" lon="7.044138">
        <ele>2688.2</ele>
        <time>2026-08-05T08:21:31Z</time>
      </trkpt>
      <trkpt lat="44.226008" lon="7.044133">
        <ele>2688.8</ele>
        <time>2026-08-05T08:21:39Z</time>
      </trkpt>
      <trkpt lat="44.226009" lon="7.044131">
        <ele>2688.6</ele>
        <time>2026-08-05T08:21:48Z</time>
      </trkpt>
      <trkpt lat="44.226007" lon="7.044105">
        <ele>2689.0</ele>
        <time>2026-08-05T08:21:54Z</time>
      </trkpt>
      <trkpt lat="44.225993" lon="7.044087">
        <ele>2689.2</ele>
        <time>2026-08-05T08:21:57Z</time>
      </trkpt>
      <trkpt lat="44.225989" lon="7.044095">
        <ele>2689.0</ele>
        <time>2026-08-05T08:22:05Z</time>
      </trkpt>
      <trkpt lat="44.225993" lon="7.044078">
        <ele>2689.0</ele>
        <time>2026-08-05T08:22:08Z</time>
      </trkpt>
      <trkpt lat="44.226004" lon="7.044077">
        <ele>2689.2</ele>
        <time>2026-08-05T08:22:11Z</time>
      </trkpt>
      <trkpt lat="44.226004" lon="7.044089">
        <ele>2689.2</ele>
        <time>2026-08-05T08:22:20Z</time>
      </trkpt>
      <trkpt lat="44.225984" lon="7.0441">
        <ele>2689.4</ele>
        <time>2026-08-05T08:22:28Z</time>
      </trkpt>
      <trkpt lat="44.225985" lon="7.044102">
        <ele>2689.4</ele>
        <time>2026-08-05T08:22:29Z</time>
      </trkpt>
      <trkpt lat="44.225996" lon="7.044136">
        <ele>2689.6</ele>
        <time>2026-08-05T08:22:39Z</time>
      </trkpt>
      <trkpt lat="44.226007" lon="7.04416">
        <ele>2689.4</ele>
        <time>2026-08-05T08:22:45Z</time>
      </trkpt>
      <trkpt lat="44.226009" lon="7.044149">
        <ele>2689.4</ele>
        <time>2026-08-05T08:22:47Z</time>
      </trkpt>
      <trkpt lat="44.226011" lon="7.044147">
        <ele>2689.4</ele>
        <time>2026-08-05T08:22:48Z</time>
      </trkpt>
      <trkpt lat="44.226007" lon="7.044101">
        <ele>2689.4</ele>
        <time>2026-08-05T08:22:58Z</time>
      </trkpt>
      <trkpt lat="44.226021" lon="7.044099">
        <ele>2689.2</ele>
        <time>2026-08-05T08:23:10Z</time>
      </trkpt>
      <trkpt lat="44.22601" lon="7.044128">
        <ele>2689.6</ele>
        <time>2026-08-05T08:23:16Z</time>
      </trkpt>
      <trkpt lat="44.226004" lon="7.044129">
        <ele>2690.0</ele>
        <time>2026-08-05T08:23:18Z</time>
      </trkpt>
      <trkpt lat="44.226001" lon="7.04413">
        <ele>2690.2</ele>
        <time>2026-08-05T08:23:19Z</time>
      </trkpt>
      <trkpt lat="44.225986" lon="7.044146">
        <ele>2689.6</ele>
        <time>2026-08-05T08:23:28Z</time>
      </trkpt>
      <trkpt lat="44.225985" lon="7.04416">
        <ele>2689.0</ele>
        <time>2026-08-05T08:23:32Z</time>
      </trkpt>
      <trkpt lat="44.225985" lon="7.044131">
        <ele>2688.8</ele>
        <time>2026-08-05T08:23:38Z</time>
      </trkpt>
      <trkpt lat="44.225979" lon="7.044104">
        <ele>2688.0</ele>
        <time>2026-08-05T08:23:48Z</time>
      </trkpt>
      <trkpt lat="44.225985" lon="7.044091">
        <ele>2688.2</ele>
        <time>2026-08-05T08:23:54Z</time>
      </trkpt>
      <trkpt lat="44.225987" lon="7.044069">
        <ele>2688.4</ele>
        <time>2026-08-05T08:24:02Z</time>
      </trkpt>
      <trkpt lat="44.225972" lon="7.044058">
        <ele>2688.2</ele>
        <time>2026-08-05T08:24:10Z</time>
      </trkpt>
      <trkpt lat="44.225966" lon="7.04405">
        <ele>2688.4</ele>
        <time>2026-08-05T08:24:12Z</time>
      </trkpt>
      <trkpt lat="44.225965" lon="7.044034">
        <ele>2689.4</ele>
        <time>2026-08-05T08:24:18Z</time>
      </trkpt>
      <trkpt lat="44.225981" lon="7.04403">
        <ele>2689.4</ele>
        <time>2026-08-05T08:24:22Z</time>
      </trkpt>
      <trkpt lat="44.225994" lon="7.044014">
        <ele>2688.8</ele>
        <time>2026-08-05T08:24:32Z</time>
      </trkpt>
      <trkpt lat="44.225991" lon="7.043985">
        <ele>2688.6</ele>
        <time>2026-08-05T08:24:40Z</time>
      </trkpt>
      <trkpt lat="44.225995" lon="7.043989">
        <ele>2688.6</ele>
        <time>2026-08-05T08:24:42Z</time>
      </trkpt>
      <trkpt lat="44.22599" lon="7.043994">
        <ele>2688.8</ele>
        <time>2026-08-05T08:24:46Z</time>
      </trkpt>
      <trkpt lat="44.225983" lon="7.044012">
        <ele>2689.2</ele>
        <time>2026-08-05T08:24:53Z</time>
      </trkpt>
      <trkpt lat="44.225983" lon="7.04401">
        <ele>2689.2</ele>
        <time>2026-08-05T08:24:54Z</time>
      </trkpt>
      <trkpt lat="44.225994" lon="7.04399">
        <ele>2689.8</ele>
        <time>2026-08-05T08:25:04Z</time>
      </trkpt>
      <trkpt lat="44.226008" lon="7.043989">
        <ele>2690.0</ele>
        <time>2026-08-05T08:25:07Z</time>
      </trkpt>
      <trkpt lat="44.225999" lon="7.043986">
        <ele>2690.2</ele>
        <time>2026-08-05T08:25:13Z</time>
      </trkpt>
      <trkpt lat="44.225989" lon="7.043962">
        <ele>2690.4</ele>
        <time>2026-08-05T08:25:22Z</time>
      </trkpt>
      <trkpt lat="44.225991" lon="7.043939">
        <ele>2690.8</ele>
        <time>2026-08-05T08:25:32Z</time>
      </trkpt>
      <trkpt lat="44.22598" lon="7.043933">
        <ele>2691.2</ele>
        <time>2026-08-05T08:25:41Z</time>
      </trkpt>
      <trkpt lat="44.225987" lon="7.043934">
        <ele>2690.8</ele>
        <time>2026-08-05T08:25:55Z</time>
      </trkpt>
      <trkpt lat="44.225988" lon="7.043925">
        <ele>2691.0</ele>
        <time>2026-08-05T08:25:56Z</time>
      </trkpt>
      <trkpt lat="44.225992" lon="7.043913">
        <ele>2691.2</ele>
        <time>2026-08-05T08:26:07Z</time>
      </trkpt>
      <trkpt lat="44.225981" lon="7.043916">
        <ele>2691.4</ele>
        <time>2026-08-05T08:26:18Z</time>
      </trkpt>
      <trkpt lat="44.225956" lon="7.043913">
        <ele>2692.2</ele>
        <time>2026-08-05T08:26:28Z</time>
      </trkpt>
      <trkpt lat="44.225958" lon="7.043919">
        <ele>2692.4</ele>
        <time>2026-08-05T08:26:31Z</time>
      </trkpt>
      <trkpt lat="44.225955" lon="7.043921">
        <ele>2692.6</ele>
        <time>2026-08-05T08:26:39Z</time>
      </trkpt>
      <trkpt lat="44.225971" lon="7.043918">
        <ele>2692.2</ele>
        <time>2026-08-05T08:26:47Z</time>
      </trkpt>
      <trkpt lat="44.225982" lon="7.04394">
        <ele>2692.0</ele>
        <time>2026-08-05T08:27:00Z</time>
      </trkpt>
      <trkpt lat="44.225964" lon="7.043932">
        <ele>2692.2</ele>
        <time>2026-08-05T08:27:10Z</time>
      </trkpt>
      <trkpt lat="44.225967" lon="7.04393">
        <ele>2692.4</ele>
        <time>2026-08-05T08:27:12Z</time>
      </trkpt>
      <trkpt lat="44.225986" lon="7.043888">
        <ele>2692.4</ele>
        <time>2026-08-05T08:27:22Z</time>
      </trkpt>
      <trkpt lat="44.225975" lon="7.043905">
        <ele>2692.6</ele>
        <time>2026-08-05T08:27:34Z</time>
      </trkpt>
      <trkpt lat="44.225979" lon="7.043892">
        <ele>2692.8</ele>
        <time>2026-08-05T08:27:41Z</time>
      </trkpt>
      <trkpt lat="44.22598" lon="7.043895">
        <ele>2692.8</ele>
        <time>2026-08-05T08:27:43Z</time>
      </trkpt>
      <trkpt lat="44.225984" lon="7.043904">
        <ele>2692.8</ele>
        <time>2026-08-05T08:27:54Z</time>
      </trkpt>
      <trkpt lat="44.225982" lon="7.043908">
        <ele>2692.8</ele>
        <time>2026-08-05T08:27:59Z</time>
      </trkpt>
      <trkpt lat="44.225979" lon="7.043907">
        <ele>2692.6</ele>
        <time>2026-08-05T08:28:01Z</time>
      </trkpt>
      <trkpt lat="44.225968" lon="7.043918">
        <ele>2692.6</ele>
        <time>2026-08-05T08:28:06Z</time>
      </trkpt>
      <trkpt lat="44.22595" lon="7.043902">
        <ele>2693.0</ele>
        <time>2026-08-05T08:28:16Z</time>
      </trkpt>
      <trkpt lat="44.225959" lon="7.0439">
        <ele>2693.4</ele>
        <time>2026-08-05T08:28:23Z</time>
      </trkpt>
      <trkpt lat="44.225975" lon="7.043902">
        <ele>2693.8</ele>
        <time>2026-08-05T08:28:28Z</time>
      </trkpt>
      <trkpt lat="44.225968" lon="7.043899">
        <ele>2694.4</ele>
        <time>2026-08-05T08:28:34Z</time>
      </trkpt>
      <trkpt lat="44.225964" lon="7.043897">
        <ele>2694.4</ele>
        <time>2026-08-05T08:28:38Z</time>
      </trkpt>
      <trkpt lat="44.225963" lon="7.043898">
        <ele>2694.4</ele>
        <time>2026-08-05T08:28:46Z</time>
      </trkpt>
      <trkpt lat="44.225959" lon="7.043889">
        <ele>2694.4</ele>
        <time>2026-08-05T08:28:50Z</time>
      </trkpt>
      <trkpt lat="44.225965" lon="7.043884">
        <ele>2694.4</ele>
        <time>2026-08-05T08:28:52Z</time>
      </trkpt>
      <trkpt lat="44.225966" lon="7.043878">
        <ele>2694.8</ele>
        <time>2026-08-05T08:28:57Z</time>
      </trkpt>
      <trkpt lat="44.225967" lon="7.043873">
        <ele>2694.8</ele>
        <time>2026-08-05T08:29:01Z</time>
      </trkpt>
      <trkpt lat="44.225998" lon="7.04388">
        <ele>2695.0</ele>
        <time>2026-08-05T08:29:10Z</time>
      </trkpt>
      <trkpt lat="44.225983" lon="7.043915">
        <ele>2694.8</ele>
        <time>2026-08-05T08:29:19Z</time>
      </trkpt>
      <trkpt lat="44.225987" lon="7.043911">
        <ele>2695.2</ele>
        <time>2026-08-05T08:29:22Z</time>
      </trkpt>
      <trkpt lat="44.225989" lon="7.043896">
        <ele>2695.4</ele>
        <time>2026-08-05T08:29:31Z</time>
      </trkpt>
      <trkpt lat="44.22598" lon="7.043907">
        <ele>2695.4</ele>
        <time>2026-08-05T08:29:37Z</time>
      </trkpt>
      <trkpt lat="44.225977" lon="7.043904">
        <ele>2695.8</ele>
        <time>2026-08-05T08:29:40Z</time>
      </trkpt>
      <trkpt lat="44.22597" lon="7.043901">
        <ele>2695.2</ele>
        <time>2026-08-05T08:29:51Z</time>
      </trkpt>
      <trkpt lat="44.225964" lon="7.043898">
        <ele>2696.0</ele>
        <time>2026-08-05T08:30:02Z</time>
      </trkpt>
      <trkpt lat="44.225961" lon="7.043909">
        <ele>2696.0</ele>
        <time>2026-08-05T08:30:13Z</time>
      </trkpt>
      <trkpt lat="44.225962" lon="7.043908">
        <ele>2696.0</ele>
        <time>2026-08-05T08:30:14Z</time>
      </trkpt>
      <trkpt lat="44.225964" lon="7.043878">
        <ele>2696.4</ele>
        <time>2026-08-05T08:30:25Z</time>
      </trkpt>
      <trkpt lat="44.225961" lon="7.043884">
        <ele>2696.4</ele>
        <time>2026-08-05T08:30:31Z</time>
      </trkpt>
      <trkpt lat="44.22596" lon="7.043908">
        <ele>2696.6</ele>
        <time>2026-08-05T08:30:36Z</time>
      </trkpt>
      <trkpt lat="44.225974" lon="7.043907">
        <ele>2696.4</ele>
        <time>2026-08-05T08:30:47Z</time>
      </trkpt>
      <trkpt lat="44.225963" lon="7.043904">
        <ele>2696.6</ele>
        <time>2026-08-05T08:30:53Z</time>
      </trkpt>
      <trkpt lat="44.225962" lon="7.043897">
        <ele>2697.4</ele>
        <time>2026-08-05T08:30:57Z</time>
      </trkpt>
      <trkpt lat="44.225972" lon="7.043902">
        <ele>2697.6</ele>
        <time>2026-08-05T08:31:04Z</time>
      </trkpt>
      <trkpt lat="44.225971" lon="7.043898">
        <ele>2697.2</ele>
        <time>2026-08-05T08:31:09Z</time>
      </trkpt>
      <trkpt lat="44.225977" lon="7.043899">
        <ele>2697.4</ele>
        <time>2026-08-05T08:31:12Z</time>
      </trkpt>
      <trkpt lat="44.225975" lon="7.043897">
        <ele>2697.8</ele>
        <time>2026-08-05T08:31:21Z</time>
      </trkpt>
      <trkpt lat="44.225973" lon="7.043894">
        <ele>2698.2</ele>
        <time>2026-08-05T08:31:31Z</time>
      </trkpt>
      <trkpt lat="44.225975" lon="7.043893">
        <ele>2698.6</ele>
        <time>2026-08-05T08:31:39Z</time>
      </trkpt>
      <trkpt lat="44.225971" lon="7.043903">
        <ele>2698.6</ele>
        <time>2026-08-05T08:31:42Z</time>
      </trkpt>
      <trkpt lat="44.225962" lon="7.043888">
        <ele>2698.2</ele>
        <time>2026-08-05T08:31:51Z</time>
      </trkpt>
      <trkpt lat="44.225967" lon="7.043907">
        <ele>2699.2</ele>
        <time>2026-08-05T08:32:02Z</time>
      </trkpt>
      <trkpt lat="44.225969" lon="7.043913">
        <ele>2699.0</ele>
        <time>2026-08-05T08:32:03Z</time>
      </trkpt>
      <trkpt lat="44.225974" lon="7.043924">
        <ele>2698.6</ele>
        <time>2026-08-05T08:32:14Z</time>
      </trkpt>
      <trkpt lat="44.225974" lon="7.04391">
        <ele>2697.6</ele>
        <time>2026-08-05T08:32:22Z</time>
      </trkpt>
      <trkpt lat="44.22598" lon="7.043905">
        <ele>2697.4</ele>
        <time>2026-08-05T08:32:24Z</time>
      </trkpt>
      <trkpt lat="44.225995" lon="7.043905">
        <ele>2697.8</ele>
        <time>2026-08-05T08:32:35Z</time>
      </trkpt>
      <trkpt lat="44.226" lon="7.043919">
        <ele>2698.0</ele>
        <time>2026-08-05T08:32:46Z</time>
      </trkpt>
      <trkpt lat="44.226003" lon="7.043876">
        <ele>2698.2</ele>
        <time>2026-08-05T08:32:55Z</time>
      </trkpt>
      <trkpt lat="44.226004" lon="7.043881">
        <ele>2698.0</ele>
        <time>2026-08-05T08:33:07Z</time>
      </trkpt>
      <trkpt lat="44.22597" lon="7.043808">
        <ele>2697.4</ele>
        <time>2026-08-05T08:33:14Z</time>
      </trkpt>
      <trkpt lat="44.22595" lon="7.043879">
        <ele>2697.4</ele>
        <time>2026-08-05T08:33:23Z</time>
      </trkpt>
      <trkpt lat="44.225948" lon="7.0439">
        <ele>2697.2</ele>
        <time>2026-08-05T08:33:32Z</time>
      </trkpt>
      <trkpt lat="44.22599" lon="7.043883">
        <ele>2698.2</ele>
        <time>2026-08-05T08:33:40Z</time>
      </trkpt>
      <trkpt lat="44.225995" lon="7.04388">
        <ele>2698.2</ele>
        <time>2026-08-05T08:33:41Z</time>
      </trkpt>
      <trkpt lat="44.225957" lon="7.043857">
        <ele>2698.6</ele>
        <time>2026-08-05T08:33:49Z</time>
      </trkpt>
      <trkpt lat="44.225953" lon="7.04386">
        <ele>2698.6</ele>
        <time>2026-08-05T08:33:50Z</time>
      </trkpt>
      <trkpt lat="44.225934" lon="7.04389">
        <ele>2698.6</ele>
        <time>2026-08-05T08:33:57Z</time>
      </trkpt>
      <trkpt lat="44.225934" lon="7.043895">
        <ele>2698.6</ele>
        <time>2026-08-05T08:33:58Z</time>
      </trkpt>
      <trkpt lat="44.225955" lon="7.043875">
        <ele>2698.4</ele>
        <time>2026-08-05T08:34:07Z</time>
      </trkpt>
      <trkpt lat="44.225992" lon="7.043818">
        <ele>2698.4</ele>
        <time>2026-08-05T08:34:18Z</time>
      </trkpt>
      <trkpt lat="44.225951" lon="7.043872">
        <ele>2698.6</ele>
        <time>2026-08-05T08:34:25Z</time>
      </trkpt>
      <trkpt lat="44.225947" lon="7.043881">
        <ele>2698.6</ele>
        <time>2026-08-05T08:34:26Z</time>
      </trkpt>
      <trkpt lat="44.225971" lon="7.043883">
        <ele>2698.4</ele>
        <time>2026-08-05T08:34:37Z</time>
      </trkpt>
      <trkpt lat="44.225972" lon="7.043856">
        <ele>2698.4</ele>
        <time>2026-08-05T08:34:46Z</time>
      </trkpt>
      <trkpt lat="44.225973" lon="7.043852">
        <ele>2698.4</ele>
        <time>2026-08-05T08:34:47Z</time>
      </trkpt>
      <trkpt lat="44.225943" lon="7.043879">
        <ele>2698.2</ele>
        <time>2026-08-05T08:34:58Z</time>
      </trkpt>
      <trkpt lat="44.225959" lon="7.04386">
        <ele>2698.2</ele>
        <time>2026-08-05T08:35:06Z</time>
      </trkpt>
      <trkpt lat="44.225952" lon="7.043853">
        <ele>2698.8</ele>
        <time>2026-08-05T08:35:15Z</time>
      </trkpt>
      <trkpt lat="44.22596" lon="7.043857">
        <ele>2699.0</ele>
        <time>2026-08-05T08:35:23Z</time>
      </trkpt>
      <trkpt lat="44.225963" lon="7.043856">
        <ele>2699.0</ele>
        <time>2026-08-05T08:35:26Z</time>
      </trkpt>
      <trkpt lat="44.225968" lon="7.043866">
        <ele>2699.0</ele>
        <time>2026-08-05T08:35:34Z</time>
      </trkpt>
      <trkpt lat="44.225951" lon="7.04388">
        <ele>2699.4</ele>
        <time>2026-08-05T08:35:38Z</time>
      </trkpt>
      <trkpt lat="44.225956" lon="7.043868">
        <ele>2699.6</ele>
        <time>2026-08-05T08:35:47Z</time>
      </trkpt>
      <trkpt lat="44.225963" lon="7.043869">
        <ele>2699.6</ele>
        <time>2026-08-05T08:35:49Z</time>
      </trkpt>
      <trkpt lat="44.225964" lon="7.043872">
        <ele>2699.8</ele>
        <time>2026-08-05T08:35:51Z</time>
      </trkpt>
      <trkpt lat="44.225962" lon="7.043873">
        <ele>2699.8</ele>
        <time>2026-08-05T08:35:53Z</time>
      </trkpt>
      <trkpt lat="44.225953" lon="7.043866">
        <ele>2699.6</ele>
        <time>2026-08-05T08:35:56Z</time>
      </trkpt>
      <trkpt lat="44.225951" lon="7.043862">
        <ele>2699.6</ele>
        <time>2026-08-05T08:35:57Z</time>
      </trkpt>
      <trkpt lat="44.225952" lon="7.043848">
        <ele>2699.8</ele>
        <time>2026-08-05T08:36:08Z</time>
      </trkpt>
      <trkpt lat="44.225951" lon="7.043808">
        <ele>2700.6</ele>
        <time>2026-08-05T08:36:17Z</time>
      </trkpt>
      <trkpt lat="44.225947" lon="7.043811">
        <ele>2700.8</ele>
        <time>2026-08-05T08:36:19Z</time>
      </trkpt>
      <trkpt lat="44.225939" lon="7.043811">
        <ele>2701.0</ele>
        <time>2026-08-05T08:36:26Z</time>
      </trkpt>
      <trkpt lat="44.225945" lon="7.043825">
        <ele>2701.4</ele>
        <time>2026-08-05T08:36:36Z</time>
      </trkpt>
      <trkpt lat="44.225952" lon="7.043837">
        <ele>2701.8</ele>
        <time>2026-08-05T08:36:41Z</time>
      </trkpt>
      <trkpt lat="44.225979" lon="7.04383">
        <ele>2702.2</ele>
        <time>2026-08-05T08:36:47Z</time>
      </trkpt>
      <trkpt lat="44.225967" lon="7.043821">
        <ele>2702.2</ele>
        <time>2026-08-05T08:36:55Z</time>
      </trkpt>
      <trkpt lat="44.225966" lon="7.043821">
        <ele>2702.2</ele>
        <time>2026-08-05T08:36:56Z</time>
      </trkpt>
      <trkpt lat="44.225936" lon="7.043816">
        <ele>2702.0</ele>
        <time>2026-08-05T08:37:08Z</time>
      </trkpt>
      <trkpt lat="44.225946" lon="7.043816">
        <ele>2702.2</ele>
        <time>2026-08-05T08:37:18Z</time>
      </trkpt>
      <trkpt lat="44.225956" lon="7.043781">
        <ele>2702.2</ele>
        <time>2026-08-05T08:37:28Z</time>
      </trkpt>
      <trkpt lat="44.225954" lon="7.043775">
        <ele>2702.0</ele>
        <time>2026-08-05T08:37:33Z</time>
      </trkpt>
      <trkpt lat="44.225954" lon="7.043765">
        <ele>2702.0</ele>
        <time>2026-08-05T08:37:37Z</time>
      </trkpt>
      <trkpt lat="44.225956" lon="7.043768">
        <ele>2702.0</ele>
        <time>2026-08-05T08:37:39Z</time>
      </trkpt>
      <trkpt lat="44.225949" lon="7.043793">
        <ele>2701.8</ele>
        <time>2026-08-05T08:37:51Z</time>
      </trkpt>
      <trkpt lat="44.225937" lon="7.043831">
        <ele>2701.4</ele>
        <time>2026-08-05T08:38:03Z</time>
      </trkpt>
      <trkpt lat="44.225952" lon="7.043848">
        <ele>2701.4</ele>
        <time>2026-08-05T08:38:13Z</time>
      </trkpt>
      <trkpt lat="44.225955" lon="7.043887">
        <ele>2701.2</ele>
        <time>2026-08-05T08:38:23Z</time>
      </trkpt>
      <trkpt lat="44.22597" lon="7.043875">
        <ele>2701.0</ele>
        <time>2026-08-05T08:38:32Z</time>
      </trkpt>
      <trkpt lat="44.225972" lon="7.043871">
        <ele>2701.2</ele>
        <time>2026-08-05T08:38:33Z</time>
      </trkpt>
      <trkpt lat="44.225974" lon="7.043845">
        <ele>2701.2</ele>
        <time>2026-08-05T08:38:42Z</time>
      </trkpt>
      <trkpt lat="44.225949" lon="7.043787">
        <ele>2701.6</ele>
        <time>2026-08-05T08:38:52Z</time>
      </trkpt>
      <trkpt lat="44.225961" lon="7.043753">
        <ele>2701.6</ele>
        <time>2026-08-05T08:39:02Z</time>
      </trkpt>
      <trkpt lat="44.225942" lon="7.043821">
        <ele>2702.2</ele>
        <time>2026-08-05T08:39:10Z</time>
      </trkpt>
      <trkpt lat="44.225951" lon="7.043827">
        <ele>2702.2</ele>
        <time>2026-08-05T08:39:18Z</time>
      </trkpt>
      <trkpt lat="44.225952" lon="7.043814">
        <ele>2702.4</ele>
        <time>2026-08-05T08:39:20Z</time>
      </trkpt>
      <trkpt lat="44.225954" lon="7.043805">
        <ele>2703.0</ele>
        <time>2026-08-05T08:39:22Z</time>
      </trkpt>
      <trkpt lat="44.225922" lon="7.04378">
        <ele>2703.6</ele>
        <time>2026-08-05T08:39:29Z</time>
      </trkpt>
      <trkpt lat="44.225927" lon="7.043779">
        <ele>2703.6</ele>
        <time>2026-08-05T08:39:33Z</time>
      </trkpt>
      <trkpt lat="44.225917" lon="7.043769">
        <ele>2703.8</ele>
        <time>2026-08-05T08:39:39Z</time>
      </trkpt>
      <trkpt lat="44.225917" lon="7.043773">
        <ele>2704.0</ele>
        <time>2026-08-05T08:39:40Z</time>
      </trkpt>
      <trkpt lat="44.225921" lon="7.043764">
        <ele>2704.2</ele>
        <time>2026-08-05T08:39:47Z</time>
      </trkpt>
      <trkpt lat="44.225916" lon="7.043773">
        <ele>2704.6</ele>
        <time>2026-08-05T08:39:55Z</time>
      </trkpt>
      <trkpt lat="44.225924" lon="7.043755">
        <ele>2704.8</ele>
        <time>2026-08-05T08:40:07Z</time>
      </trkpt>
      <trkpt lat="44.225918" lon="7.043778">
        <ele>2705.0</ele>
        <time>2026-08-05T08:40:21Z</time>
      </trkpt>
      <trkpt lat="44.225918" lon="7.043764">
        <ele>2704.6</ele>
        <time>2026-08-05T08:40:31Z</time>
      </trkpt>
      <trkpt lat="44.22592" lon="7.043762">
        <ele>2704.6</ele>
        <time>2026-08-05T08:40:32Z</time>
      </trkpt>
      <trkpt lat="44.225923" lon="7.043772">
        <ele>2704.6</ele>
        <time>2026-08-05T08:40:39Z</time>
      </trkpt>
      <trkpt lat="44.225918" lon="7.043768">
        <ele>2704.6</ele>
        <time>2026-08-05T08:40:50Z</time>
      </trkpt>
      <trkpt lat="44.225915" lon="7.043766">
        <ele>2704.6</ele>
        <time>2026-08-05T08:40:52Z</time>
      </trkpt>
      <trkpt lat="44.225914" lon="7.043766">
        <ele>2704.6</ele>
        <time>2026-08-05T08:40:53Z</time>
      </trkpt>
      <trkpt lat="44.225913" lon="7.043763">
        <ele>2704.6</ele>
        <time>2026-08-05T08:40:55Z</time>
      </trkpt>
      <trkpt lat="44.225904" lon="7.04376">
        <ele>2704.6</ele>
        <time>2026-08-05T08:40:58Z</time>
      </trkpt>
      <trkpt lat="44.225903" lon="7.043757">
        <ele>2704.4</ele>
        <time>2026-08-05T08:41:03Z</time>
      </trkpt>
      <trkpt lat="44.225912" lon="7.043762">
        <ele>2704.6</ele>
        <time>2026-08-05T08:41:08Z</time>
      </trkpt>
      <trkpt lat="44.225919" lon="7.043771">
        <ele>2704.6</ele>
        <time>2026-08-05T08:41:12Z</time>
      </trkpt>
      <trkpt lat="44.225917" lon="7.043773">
        <ele>2704.6</ele>
        <time>2026-08-05T08:41:15Z</time>
      </trkpt>
      <trkpt lat="44.225915" lon="7.043777">
        <ele>2704.6</ele>
        <time>2026-08-05T08:41:17Z</time>
      </trkpt>
      <trkpt lat="44.225912" lon="7.043796">
        <ele>2704.8</ele>
        <time>2026-08-05T08:41:29Z</time>
      </trkpt>
      <trkpt lat="44.225913" lon="7.043781">
        <ele>2704.8</ele>
        <time>2026-08-05T08:41:38Z</time>
      </trkpt>
      <trkpt lat="44.2259" lon="7.043771">
        <ele>2704.6</ele>
        <time>2026-08-05T08:41:46Z</time>
      </trkpt>
      <trkpt lat="44.225895" lon="7.043768">
        <ele>2704.8</ele>
        <time>2026-08-05T08:41:53Z</time>
      </trkpt>
      <trkpt lat="44.225912" lon="7.043782">
        <ele>2705.0</ele>
        <time>2026-08-05T08:42:03Z</time>
      </trkpt>
      <trkpt lat="44.225913" lon="7.043785">
        <ele>2705.0</ele>
        <time>2026-08-05T08:42:04Z</time>
      </trkpt>
      <trkpt lat="44.225916" lon="7.043796">
        <ele>2705.0</ele>
        <time>2026-08-05T08:42:07Z</time>
      </trkpt>
      <trkpt lat="44.225918" lon="7.043805">
        <ele>2705.2</ele>
        <time>2026-08-05T08:42:11Z</time>
      </trkpt>
      <trkpt lat="44.225923" lon="7.043803">
        <ele>2704.8</ele>
        <time>2026-08-05T08:42:23Z</time>
      </trkpt>
      <trkpt lat="44.225923" lon="7.043796">
        <ele>2705.0</ele>
        <time>2026-08-05T08:42:26Z</time>
      </trkpt>
      <trkpt lat="44.225911" lon="7.043787">
        <ele>2705.2</ele>
        <time>2026-08-05T08:42:31Z</time>
      </trkpt>
      <trkpt lat="44.225906" lon="7.043774">
        <ele>2705.4</ele>
        <time>2026-08-05T08:42:44Z</time>
      </trkpt>
      <trkpt lat="44.225931" lon="7.043794">
        <ele>2705.4</ele>
        <time>2026-08-05T08:42:51Z</time>
      </trkpt>
      <trkpt lat="44.225936" lon="7.043801">
        <ele>2705.4</ele>
        <time>2026-08-05T08:42:54Z</time>
      </trkpt>
      <trkpt lat="44.225937" lon="7.043806">
        <ele>2705.4</ele>
        <time>2026-08-05T08:42:56Z</time>
      </trkpt>
      <trkpt lat="44.225932" lon="7.043823">
        <ele>2705.4</ele>
        <time>2026-08-05T08:43:00Z</time>
      </trkpt>
      <trkpt lat="44.225929" lon="7.043826">
        <ele>2705.6</ele>
        <time>2026-08-05T08:43:01Z</time>
      </trkpt>
      <trkpt lat="44.225917" lon="7.043795">
        <ele>2705.4</ele>
        <time>2026-08-05T08:43:10Z</time>
      </trkpt>
      <trkpt lat="44.225906" lon="7.043761">
        <ele>2705.2</ele>
        <time>2026-08-05T08:43:21Z</time>
      </trkpt>
      <trkpt lat="44.225907" lon="7.043772">
        <ele>2705.0</ele>
        <time>2026-08-05T08:43:32Z</time>
      </trkpt>
      <trkpt lat="44.225902" lon="7.043751">
        <ele>2705.0</ele>
        <time>2026-08-05T08:43:39Z</time>
      </trkpt>
      <trkpt lat="44.225898" lon="7.043773">
        <ele>2704.4</ele>
        <time>2026-08-05T08:43:52Z</time>
      </trkpt>
      <trkpt lat="44.225907" lon="7.043762">
        <ele>2704.0</ele>
        <time>2026-08-05T08:44:02Z</time>
      </trkpt>
      <trkpt lat="44.225908" lon="7.043761">
        <ele>2704.0</ele>
        <time>2026-08-05T08:44:03Z</time>
      </trkpt>
      <trkpt lat="44.225901" lon="7.043748">
        <ele>2704.0</ele>
        <time>2026-08-05T08:44:11Z</time>
      </trkpt>
      <trkpt lat="44.225903" lon="7.043736">
        <ele>2704.0</ele>
        <time>2026-08-05T08:44:22Z</time>
      </trkpt>
      <trkpt lat="44.225882" lon="7.043754">
        <ele>2704.6</ele>
        <time>2026-08-05T08:44:29Z</time>
      </trkpt>
      <trkpt lat="44.225888" lon="7.043757">
        <ele>2704.6</ele>
        <time>2026-08-05T08:44:30Z</time>
      </trkpt>
      <trkpt lat="44.225909" lon="7.043755">
        <ele>2705.0</ele>
        <time>2026-08-05T08:44:40Z</time>
      </trkpt>
      <trkpt lat="44.225905" lon="7.043751">
        <ele>2705.0</ele>
        <time>2026-08-05T08:44:41Z</time>
      </trkpt>
      <trkpt lat="44.225877" lon="7.043722">
        <ele>2704.8</ele>
        <time>2026-08-05T08:44:51Z</time>
      </trkpt>
      <trkpt lat="44.225899" lon="7.043731">
        <ele>2706.0</ele>
        <time>2026-08-05T08:45:01Z</time>
      </trkpt>
      <trkpt lat="44.225905" lon="7.043753">
        <ele>2706.0</ele>
        <time>2026-08-05T08:45:08Z</time>
      </trkpt>
      <trkpt lat="44.225896" lon="7.043751">
        <ele>2706.4</ele>
        <time>2026-08-05T08:45:12Z</time>
      </trkpt>
      <trkpt lat="44.225888" lon="7.043718">
        <ele>2706.6</ele>
        <time>2026-08-05T08:45:20Z</time>
      </trkpt>
      <trkpt lat="44.225887" lon="7.043707">
        <ele>2706.8</ele>
        <time>2026-08-05T08:45:22Z</time>
      </trkpt>
      <trkpt lat="44.225888" lon="7.043704">
        <ele>2706.8</ele>
        <time>2026-08-05T08:45:24Z</time>
      </trkpt>
      <trkpt lat="44.225888" lon="7.043722">
        <ele>2707.0</ele>
        <time>2026-08-05T08:45:36Z</time>
      </trkpt>
      <trkpt lat="44.225888" lon="7.043727">
        <ele>2707.0</ele>
        <time>2026-08-05T08:45:37Z</time>
      </trkpt>
      <trkpt lat="44.225898" lon="7.043727">
        <ele>2706.8</ele>
        <time>2026-08-05T08:45:44Z</time>
      </trkpt>
      <trkpt lat="44.225896" lon="7.043722">
        <ele>2706.4</ele>
        <time>2026-08-05T08:45:46Z</time>
      </trkpt>
      <trkpt lat="44.225887" lon="7.04371">
        <ele>2706.6</ele>
        <time>2026-08-05T08:45:51Z</time>
      </trkpt>
      <trkpt lat="44.225884" lon="7.04371">
        <ele>2706.4</ele>
        <time>2026-08-05T08:45:53Z</time>
      </trkpt>
      <trkpt lat="44.225884" lon="7.043711">
        <ele>2706.6</ele>
        <time>2026-08-05T08:45:54Z</time>
      </trkpt>
      <trkpt lat="44.225884" lon="7.043715">
        <ele>2706.6</ele>
        <time>2026-08-05T08:45:55Z</time>
      </trkpt>
      <trkpt lat="44.225883" lon="7.04372">
        <ele>2706.6</ele>
        <time>2026-08-05T08:45:56Z</time>
      </trkpt>
      <trkpt lat="44.225883" lon="7.043723">
        <ele>2706.6</ele>
        <time>2026-08-05T08:45:57Z</time>
      </trkpt>
      <trkpt lat="44.225878" lon="7.043711">
        <ele>2707.0</ele>
        <time>2026-08-05T08:46:03Z</time>
      </trkpt>
      <trkpt lat="44.225873" lon="7.043705">
        <ele>2707.2</ele>
        <time>2026-08-05T08:46:05Z</time>
      </trkpt>
      <trkpt lat="44.225873" lon="7.043703">
        <ele>2707.0</ele>
        <time>2026-08-05T08:46:06Z</time>
      </trkpt>
      <trkpt lat="44.225877" lon="7.043698">
        <ele>2707.0</ele>
        <time>2026-08-05T08:46:16Z</time>
      </trkpt>
      <trkpt lat="44.225871" lon="7.043706">
        <ele>2707.2</ele>
        <time>2026-08-05T08:46:26Z</time>
      </trkpt>
      <trkpt lat="44.225876" lon="7.043703">
        <ele>2707.6</ele>
        <time>2026-08-05T08:46:36Z</time>
      </trkpt>
      <trkpt lat="44.225867" lon="7.043701">
        <ele>2707.8</ele>
        <time>2026-08-05T08:46:45Z</time>
      </trkpt>
      <trkpt lat="44.225861" lon="7.043696">
        <ele>2707.6</ele>
        <time>2026-08-05T08:46:52Z</time>
      </trkpt>
      <trkpt lat="44.225857" lon="7.043692">
        <ele>2707.8</ele>
        <time>2026-08-05T08:46:56Z</time>
      </trkpt>
      <trkpt lat="44.225853" lon="7.043658">
        <ele>2707.8</ele>
        <time>2026-08-05T08:47:04Z</time>
      </trkpt>
      <trkpt lat="44.225855" lon="7.043653">
        <ele>2708.0</ele>
        <time>2026-08-05T08:47:08Z</time>
      </trkpt>
      <trkpt lat="44.225857" lon="7.043657">
        <ele>2708.0</ele>
        <time>2026-08-05T08:47:12Z</time>
      </trkpt>
      <trkpt lat="44.225839" lon="7.043664">
        <ele>2708.2</ele>
        <time>2026-08-05T08:47:21Z</time>
      </trkpt>
      <trkpt lat="44.225869" lon="7.043645">
        <ele>2708.0</ele>
        <time>2026-08-05T08:47:30Z</time>
      </trkpt>
      <trkpt lat="44.225873" lon="7.043642">
        <ele>2708.0</ele>
        <time>2026-08-05T08:47:37Z</time>
      </trkpt>
      <trkpt lat="44.225864" lon="7.04365">
        <ele>2707.8</ele>
        <time>2026-08-05T08:47:41Z</time>
      </trkpt>
      <trkpt lat="44.225852" lon="7.043662">
        <ele>2707.6</ele>
        <time>2026-08-05T08:47:51Z</time>
      </trkpt>
      <trkpt lat="44.225868" lon="7.043657">
        <ele>2708.0</ele>
        <time>2026-08-05T08:48:04Z</time>
      </trkpt>
      <trkpt lat="44.22586" lon="7.043645">
        <ele>2707.8</ele>
        <time>2026-08-05T08:48:13Z</time>
      </trkpt>
      <trkpt lat="44.225854" lon="7.043641">
        <ele>2707.6</ele>
        <time>2026-08-05T08:48:21Z</time>
      </trkpt>
      <trkpt lat="44.225855" lon="7.043629">
        <ele>2707.6</ele>
        <time>2026-08-05T08:48:30Z</time>
      </trkpt>
      <trkpt lat="44.225822" lon="7.043589">
        <ele>2708.0</ele>
        <time>2026-08-05T08:48:45Z</time>
      </trkpt>
      <trkpt lat="44.22586" lon="7.043615">
        <ele>2707.2</ele>
        <time>2026-08-05T08:48:53Z</time>
      </trkpt>
      <trkpt lat="44.225865" lon="7.04362">
        <ele>2707.2</ele>
        <time>2026-08-05T08:48:55Z</time>
      </trkpt>
      <trkpt lat="44.225891" lon="7.043623">
        <ele>2707.0</ele>
        <time>2026-08-05T08:49:01Z</time>
      </trkpt>
      <trkpt lat="44.225892" lon="7.043621">
        <ele>2707.0</ele>
        <time>2026-08-05T08:49:02Z</time>
      </trkpt>
      <trkpt lat="44.225866" lon="7.04361">
        <ele>2706.8</ele>
        <time>2026-08-05T08:49:10Z</time>
      </trkpt>
      <trkpt lat="44.225867" lon="7.043615">
        <ele>2707.0</ele>
        <time>2026-08-05T08:49:19Z</time>
      </trkpt>
      <trkpt lat="44.225859" lon="7.043602">
        <ele>2706.8</ele>
        <time>2026-08-05T08:49:27Z</time>
      </trkpt>
      <trkpt lat="44.225848" lon="7.043593">
        <ele>2707.0</ele>
        <time>2026-08-05T08:49:32Z</time>
      </trkpt>
      <trkpt lat="44.225838" lon="7.043574">
        <ele>2706.6</ele>
        <time>2026-08-05T08:49:37Z</time>
      </trkpt>
      <trkpt lat="44.225836" lon="7.04357">
        <ele>2706.4</ele>
        <time>2026-08-05T08:49:39Z</time>
      </trkpt>
      <trkpt lat="44.225847" lon="7.043569">
        <ele>2706.4</ele>
        <time>2026-08-05T08:49:47Z</time>
      </trkpt>
      <trkpt lat="44.225853" lon="7.043581">
        <ele>2706.4</ele>
        <time>2026-08-05T08:49:58Z</time>
      </trkpt>
      <trkpt lat="44.225875" lon="7.043599">
        <ele>2706.2</ele>
        <time>2026-08-05T08:50:10Z</time>
      </trkpt>
      <trkpt lat="44.225873" lon="7.043599">
        <ele>2706.0</ele>
        <time>2026-08-05T08:50:12Z</time>
      </trkpt>
      <trkpt lat="44.225867" lon="7.043599">
        <ele>2706.2</ele>
        <time>2026-08-05T08:50:23Z</time>
      </trkpt>
      <trkpt lat="44.225869" lon="7.043567">
        <ele>2706.0</ele>
        <time>2026-08-05T08:50:31Z</time>
      </trkpt>
      <trkpt lat="44.225843" lon="7.043585">
        <ele>2706.2</ele>
        <time>2026-08-05T08:50:40Z</time>
      </trkpt>
      <trkpt lat="44.225854" lon="7.043574">
        <ele>2706.2</ele>
        <time>2026-08-05T08:50:50Z</time>
      </trkpt>
      <trkpt lat="44.225849" lon="7.043544">
        <ele>2706.6</ele>
        <time>2026-08-05T08:51:00Z</time>
      </trkpt>
      <trkpt lat="44.225863" lon="7.043565">
        <ele>2706.8</ele>
        <time>2026-08-05T08:51:09Z</time>
      </trkpt>
      <trkpt lat="44.225871" lon="7.043591">
        <ele>2707.0</ele>
        <time>2026-08-05T08:51:15Z</time>
      </trkpt>
      <trkpt lat="44.225872" lon="7.043595">
        <ele>2707.2</ele>
        <time>2026-08-05T08:51:17Z</time>
      </trkpt>
      <trkpt lat="44.22586" lon="7.043596">
        <ele>2707.4</ele>
        <time>2026-08-05T08:51:23Z</time>
      </trkpt>
      <trkpt lat="44.225862" lon="7.0436">
        <ele>2707.6</ele>
        <time>2026-08-05T08:51:29Z</time>
      </trkpt>
      <trkpt lat="44.225868" lon="7.043594">
        <ele>2707.4</ele>
        <time>2026-08-05T08:51:38Z</time>
      </trkpt>
      <trkpt lat="44.225865" lon="7.043592">
        <ele>2707.4</ele>
        <time>2026-08-05T08:51:40Z</time>
      </trkpt>
      <trkpt lat="44.225864" lon="7.043586">
        <ele>2707.4</ele>
        <time>2026-08-05T08:51:45Z</time>
      </trkpt>
      <trkpt lat="44.225865" lon="7.043584">
        <ele>2707.2</ele>
        <time>2026-08-05T08:51:48Z</time>
      </trkpt>
      <trkpt lat="44.225874" lon="7.0436">
        <ele>2707.4</ele>
        <time>2026-08-05T08:51:54Z</time>
      </trkpt>
      <trkpt lat="44.225878" lon="7.043596">
        <ele>2707.4</ele>
        <time>2026-08-05T08:51:57Z</time>
      </trkpt>
      <trkpt lat="44.225864" lon="7.043594">
        <ele>2707.2</ele>
        <time>2026-08-05T08:52:06Z</time>
      </trkpt>
      <trkpt lat="44.225852" lon="7.043588">
        <ele>2707.4</ele>
        <time>2026-08-05T08:52:14Z</time>
      </trkpt>
      <trkpt lat="44.225858" lon="7.043591">
        <ele>2707.4</ele>
        <time>2026-08-05T08:52:16Z</time>
      </trkpt>
      <trkpt lat="44.225863" lon="7.043592">
        <ele>2707.6</ele>
        <time>2026-08-05T08:52:23Z</time>
      </trkpt>
      <trkpt lat="44.225858" lon="7.043591">
        <ele>2707.6</ele>
        <time>2026-08-05T08:52:26Z</time>
      </trkpt>
      <trkpt lat="44.225867" lon="7.043581">
        <ele>2707.6</ele>
        <time>2026-08-05T08:52:38Z</time>
      </trkpt>
      <trkpt lat="44.225871" lon="7.043584">
        <ele>2707.4</ele>
        <time>2026-08-05T08:52:49Z</time>
      </trkpt>
      <trkpt lat="44.225867" lon="7.043573">
        <ele>2707.6</ele>
        <time>2026-08-05T08:52:57Z</time>
      </trkpt>
      <trkpt lat="44.225881" lon="7.043606">
        <ele>2708.0</ele>
        <time>2026-08-05T08:53:07Z</time>
      </trkpt>
      <trkpt lat="44.225873" lon="7.043609">
        <ele>2708.0</ele>
        <time>2026-08-05T08:53:08Z</time>
      </trkpt>
      <trkpt lat="44.225879" lon="7.043616">
        <ele>2708.4</ele>
        <time>2026-08-05T08:53:16Z</time>
      </trkpt>
      <trkpt lat="44.225882" lon="7.043655">
        <ele>2708.4</ele>
        <time>2026-08-05T08:53:25Z</time>
      </trkpt>
      <trkpt lat="44.225885" lon="7.043652">
        <ele>2708.2</ele>
        <time>2026-08-05T08:53:29Z</time>
      </trkpt>
      <trkpt lat="44.225892" lon="7.043648">
        <ele>2708.4</ele>
        <time>2026-08-05T08:53:37Z</time>
      </trkpt>
      <trkpt lat="44.225897" lon="7.043591">
        <ele>2708.8</ele>
        <time>2026-08-05T08:53:48Z</time>
      </trkpt>
      <trkpt lat="44.225869" lon="7.043574">
        <ele>2709.0</ele>
        <time>2026-08-05T08:53:56Z</time>
      </trkpt>
      <trkpt lat="44.22586" lon="7.043593">
        <ele>2709.0</ele>
        <time>2026-08-05T08:54:01Z</time>
      </trkpt>
      <trkpt lat="44.225847" lon="7.043605">
        <ele>2709.0</ele>
        <time>2026-08-05T08:54:07Z</time>
      </trkpt>
      <trkpt lat="44.225838" lon="7.043602">
        <ele>2709.2</ele>
        <time>2026-08-05T08:54:18Z</time>
      </trkpt>
      <trkpt lat="44.225855" lon="7.043598">
        <ele>2709.0</ele>
        <time>2026-08-05T08:54:26Z</time>
      </trkpt>
      <trkpt lat="44.225859" lon="7.043584">
        <ele>2709.2</ele>
        <time>2026-08-05T08:54:33Z</time>
      </trkpt>
      <trkpt lat="44.225856" lon="7.043598">
        <ele>2709.4</ele>
        <time>2026-08-05T08:54:37Z</time>
      </trkpt>
      <trkpt lat="44.22585" lon="7.043574">
        <ele>2709.2</ele>
        <time>2026-08-05T08:54:48Z</time>
      </trkpt>
      <trkpt lat="44.225852" lon="7.043577">
        <ele>2709.4</ele>
        <time>2026-08-05T08:54:49Z</time>
      </trkpt>
      <trkpt lat="44.225857" lon="7.043586">
        <ele>2709.4</ele>
        <time>2026-08-05T08:54:51Z</time>
      </trkpt>
      <trkpt lat="44.225857" lon="7.043579">
        <ele>2709.6</ele>
        <time>2026-08-05T08:54:59Z</time>
      </trkpt>
      <trkpt lat="44.225858" lon="7.043571">
        <ele>2709.6</ele>
        <time>2026-08-05T08:55:02Z</time>
      </trkpt>
      <trkpt lat="44.225865" lon="7.04357">
        <ele>2709.6</ele>
        <time>2026-08-05T08:55:08Z</time>
      </trkpt>
      <trkpt lat="44.225866" lon="7.043567">
        <ele>2709.6</ele>
        <time>2026-08-05T08:55:11Z</time>
      </trkpt>
      <trkpt lat="44.225863" lon="7.043571">
        <ele>2709.6</ele>
        <time>2026-08-05T08:55:24Z</time>
      </trkpt>
      <trkpt lat="44.225881" lon="7.043587">
        <ele>2709.8</ele>
        <time>2026-08-05T08:55:38Z</time>
      </trkpt>
      <trkpt lat="44.225861" lon="7.043587">
        <ele>2709.8</ele>
        <time>2026-08-05T08:55:50Z</time>
      </trkpt>
      <trkpt lat="44.225864" lon="7.043589">
        <ele>2710.0</ele>
        <time>2026-08-05T08:55:58Z</time>
      </trkpt>
      <trkpt lat="44.225857" lon="7.043593">
        <ele>2710.2</ele>
        <time>2026-08-05T08:56:02Z</time>
      </trkpt>
      <trkpt lat="44.225863" lon="7.043574">
        <ele>2710.2</ele>
        <time>2026-08-05T08:56:12Z</time>
      </trkpt>
      <trkpt lat="44.225864" lon="7.043574">
        <ele>2710.2</ele>
        <time>2026-08-05T08:56:13Z</time>
      </trkpt>
      <trkpt lat="44.225872" lon="7.043561">
        <ele>2710.2</ele>
        <time>2026-08-05T08:56:25Z</time>
      </trkpt>
      <trkpt lat="44.225871" lon="7.043568">
        <ele>2710.6</ele>
        <time>2026-08-05T08:56:38Z</time>
      </trkpt>
      <trkpt lat="44.225863" lon="7.043579">
        <ele>2710.4</ele>
        <time>2026-08-05T08:56:41Z</time>
      </trkpt>
      <trkpt lat="44.225856" lon="7.043581">
        <ele>2710.6</ele>
        <time>2026-08-05T08:56:48Z</time>
      </trkpt>
      <trkpt lat="44.225864" lon="7.043568">
        <ele>2711.0</ele>
        <time>2026-08-05T08:56:57Z</time>
      </trkpt>
      <trkpt lat="44.225872" lon="7.043573">
        <ele>2710.4</ele>
        <time>2026-08-05T08:57:09Z</time>
      </trkpt>
      <trkpt lat="44.225867" lon="7.043557">
        <ele>2710.4</ele>
        <time>2026-08-05T08:57:19Z</time>
      </trkpt>
      <trkpt lat="44.225865" lon="7.04356">
        <ele>2710.4</ele>
        <time>2026-08-05T08:57:20Z</time>
      </trkpt>
      <trkpt lat="44.225875" lon="7.043551">
        <ele>2710.4</ele>
        <time>2026-08-05T08:57:30Z</time>
      </trkpt>
      <trkpt lat="44.225869" lon="7.043545">
        <ele>2710.4</ele>
        <time>2026-08-05T08:57:41Z</time>
      </trkpt>
      <trkpt lat="44.225877" lon="7.043557">
        <ele>2710.4</ele>
        <time>2026-08-05T08:57:45Z</time>
      </trkpt>
      <trkpt lat="44.225901" lon="7.043566">
        <ele>2710.6</ele>
        <time>2026-08-05T08:57:51Z</time>
      </trkpt>
      <trkpt lat="44.225914" lon="7.043578">
        <ele>2710.4</ele>
        <time>2026-08-05T08:58:00Z</time>
      </trkpt>
      <trkpt lat="44.225903" lon="7.043575">
        <ele>2710.0</ele>
        <time>2026-08-05T08:58:08Z</time>
      </trkpt>
      <trkpt lat="44.225915" lon="7.043528">
        <ele>2709.8</ele>
        <time>2026-08-05T08:58:19Z</time>
      </trkpt>
      <trkpt lat="44.225881" lon="7.043521">
        <ele>2709.4</ele>
        <time>2026-08-05T08:58:25Z</time>
      </trkpt>
      <trkpt lat="44.225864" lon="7.043528">
        <ele>2709.2</ele>
        <time>2026-08-05T08:58:30Z</time>
      </trkpt>
      <trkpt lat="44.225892" lon="7.043542">
        <ele>2709.0</ele>
        <time>2026-08-05T08:58:36Z</time>
      </trkpt>
      <trkpt lat="44.225903" lon="7.043554">
        <ele>2709.0</ele>
        <time>2026-08-05T08:58:39Z</time>
      </trkpt>
      <trkpt lat="44.225884" lon="7.04355">
        <ele>2708.6</ele>
        <time>2026-08-05T08:58:49Z</time>
      </trkpt>
      <trkpt lat="44.225874" lon="7.043558">
        <ele>2709.0</ele>
        <time>2026-08-05T08:58:58Z</time>
      </trkpt>
      <trkpt lat="44.225842" lon="7.043573">
        <ele>2708.6</ele>
        <time>2026-08-05T08:59:08Z</time>
      </trkpt>
      <trkpt lat="44.225844" lon="7.043545">
        <ele>2708.8</ele>
        <time>2026-08-05T08:59:11Z</time>
      </trkpt>
      <trkpt lat="44.225844" lon="7.043532">
        <ele>2708.8</ele>
        <time>2026-08-05T08:59:15Z</time>
      </trkpt>
      <trkpt lat="44.225855" lon="7.043524">
        <ele>2709.0</ele>
        <time>2026-08-05T08:59:19Z</time>
      </trkpt>
      <trkpt lat="44.225865" lon="7.043522">
        <ele>2709.2</ele>
        <time>2026-08-05T08:59:26Z</time>
      </trkpt>
      <trkpt lat="44.225876" lon="7.043523">
        <ele>2709.6</ele>
        <time>2026-08-05T08:59:36Z</time>
      </trkpt>
      <trkpt lat="44.225874" lon="7.043524">
        <ele>2710.0</ele>
        <time>2026-08-05T08:59:41Z</time>
      </trkpt>
      <trkpt lat="44.225879" lon="7.043528">
        <ele>2710.4</ele>
        <time>2026-08-05T08:59:44Z</time>
      </trkpt>
      <trkpt lat="44.225867" lon="7.043529">
        <ele>2710.6</ele>
        <time>2026-08-05T08:59:56Z</time>
      </trkpt>
      <trkpt lat="44.225872" lon="7.043515">
        <ele>2710.4</ele>
        <time>2026-08-05T09:00:07Z</time>
      </trkpt>
      <trkpt lat="44.225876" lon="7.043538">
        <ele>2710.6</ele>
        <time>2026-08-05T09:00:17Z</time>
      </trkpt>
      <trkpt lat="44.225882" lon="7.043541">
        <ele>2710.8</ele>
        <time>2026-08-05T09:00:21Z</time>
      </trkpt>
      <trkpt lat="44.225881" lon="7.043541">
        <ele>2710.4</ele>
        <time>2026-08-05T09:00:25Z</time>
      </trkpt>
      <trkpt lat="44.225883" lon="7.043539">
        <ele>2710.4</ele>
        <time>2026-08-05T09:00:26Z</time>
      </trkpt>
      <trkpt lat="44.2259" lon="7.043526">
        <ele>2710.4</ele>
        <time>2026-08-05T09:00:38Z</time>
      </trkpt>
      <trkpt lat="44.225878" lon="7.043534">
        <ele>2711.0</ele>
        <time>2026-08-05T09:00:45Z</time>
      </trkpt>
      <trkpt lat="44.225873" lon="7.043514">
        <ele>2710.6</ele>
        <time>2026-08-05T09:00:55Z</time>
      </trkpt>
      <trkpt lat="44.225867" lon="7.043487">
        <ele>2711.0</ele>
        <time>2026-08-05T09:01:09Z</time>
      </trkpt>
      <trkpt lat="44.225867" lon="7.043483">
        <ele>2711.0</ele>
        <time>2026-08-05T09:01:10Z</time>
      </trkpt>
      <trkpt lat="44.225869" lon="7.043519">
        <ele>2711.4</ele>
        <time>2026-08-05T09:01:27Z</time>
      </trkpt>
      <trkpt lat="44.22587" lon="7.043516">
        <ele>2711.6</ele>
        <time>2026-08-05T09:01:36Z</time>
      </trkpt>
      <trkpt lat="44.225875" lon="7.043543">
        <ele>2711.4</ele>
        <time>2026-08-05T09:01:47Z</time>
      </trkpt>
      <trkpt lat="44.22588" lon="7.04358">
        <ele>2711.4</ele>
        <time>2026-08-05T09:02:00Z</time>
      </trkpt>
      <trkpt lat="44.225881" lon="7.043578">
        <ele>2711.4</ele>
        <time>2026-08-05T09:02:03Z</time>
      </trkpt>
      <trkpt lat="44.225881" lon="7.043535">
        <ele>2711.6</ele>
        <time>2026-08-05T09:02:23Z</time>
      </trkpt>
      <trkpt lat="44.22588" lon="7.043552">
        <ele>2711.6</ele>
        <time>2026-08-05T09:02:34Z</time>
      </trkpt>
      <trkpt lat="44.225892" lon="7.04359">
        <ele>2711.6</ele>
        <time>2026-08-05T09:02:40Z</time>
      </trkpt>
      <trkpt lat="44.225877" lon="7.043593">
        <ele>2711.8</ele>
        <time>2026-08-05T09:02:46Z</time>
      </trkpt>
      <trkpt lat="44.225825" lon="7.04356">
        <ele>2711.8</ele>
        <time>2026-08-05T09:02:53Z</time>
      </trkpt>
      <trkpt lat="44.225831" lon="7.043549">
        <ele>2711.8</ele>
        <time>2026-08-05T09:02:55Z</time>
      </trkpt>
      <trkpt lat="44.225848" lon="7.043521">
        <ele>2712.0</ele>
        <time>2026-08-05T09:03:04Z</time>
      </trkpt>
      <trkpt lat="44.225851" lon="7.043523">
        <ele>2712.2</ele>
        <time>2026-08-05T09:03:05Z</time>
      </trkpt>
      <trkpt lat="44.225879" lon="7.043509">
        <ele>2712.4</ele>
        <time>2026-08-05T09:03:15Z</time>
      </trkpt>
      <trkpt lat="44.225862" lon="7.043509">
        <ele>2712.6</ele>
        <time>2026-08-05T09:03:24Z</time>
      </trkpt>
      <trkpt lat="44.225877" lon="7.043496">
        <ele>2712.6</ele>
        <time>2026-08-05T09:03:32Z</time>
      </trkpt>
      <trkpt lat="44.22587" lon="7.043526">
        <ele>2712.6</ele>
        <time>2026-08-05T09:03:40Z</time>
      </trkpt>
      <trkpt lat="44.225868" lon="7.043533">
        <ele>2712.6</ele>
        <time>2026-08-05T09:03:43Z</time>
      </trkpt>
      <trkpt lat="44.225879" lon="7.043576">
        <ele>2712.8</ele>
        <time>2026-08-05T09:03:52Z</time>
      </trkpt>
      <trkpt lat="44.225863" lon="7.043502">
        <ele>2712.8</ele>
        <time>2026-08-05T09:04:00Z</time>
      </trkpt>
      <trkpt lat="44.225861" lon="7.043503">
        <ele>2712.8</ele>
        <time>2026-08-05T09:04:08Z</time>
      </trkpt>
      <trkpt lat="44.225841" lon="7.043493">
        <ele>2712.4</ele>
        <time>2026-08-05T09:04:21Z</time>
      </trkpt>
      <trkpt lat="44.225835" lon="7.043482">
        <ele>2712.4</ele>
        <time>2026-08-05T09:04:25Z</time>
      </trkpt>
      <trkpt lat="44.225843" lon="7.0435">
        <ele>2712.6</ele>
        <time>2026-08-05T09:04:35Z</time>
      </trkpt>
      <trkpt lat="44.225848" lon="7.043529">
        <ele>2712.8</ele>
        <time>2026-08-05T09:04:42Z</time>
      </trkpt>
      <trkpt lat="44.225853" lon="7.043522">
        <ele>2713.0</ele>
        <time>2026-08-05T09:04:48Z</time>
      </trkpt>
      <trkpt lat="44.225857" lon="7.043498">
        <ele>2712.8</ele>
        <time>2026-08-05T09:04:54Z</time>
      </trkpt>
      <trkpt lat="44.22586" lon="7.043486">
        <ele>2713.2</ele>
        <time>2026-08-05T09:04:57Z</time>
      </trkpt>
      <trkpt lat="44.225864" lon="7.043486">
        <ele>2712.6</ele>
        <time>2026-08-05T09:05:06Z</time>
      </trkpt>
      <trkpt lat="44.225867" lon="7.043507">
        <ele>2712.6</ele>
        <time>2026-08-05T09:05:14Z</time>
      </trkpt>
      <trkpt lat="44.225869" lon="7.043505">
        <ele>2713.0</ele>
        <time>2026-08-05T09:05:17Z</time>
      </trkpt>
      <trkpt lat="44.22586" lon="7.043493">
        <ele>2713.0</ele>
        <time>2026-08-05T09:05:25Z</time>
      </trkpt>
      <trkpt lat="44.225843" lon="7.043502">
        <ele>2712.8</ele>
        <time>2026-08-05T09:05:31Z</time>
      </trkpt>
      <trkpt lat="44.225847" lon="7.043504">
        <ele>2712.8</ele>
        <time>2026-08-05T09:05:40Z</time>
      </trkpt>
      <trkpt lat="44.225864" lon="7.04352">
        <ele>2712.8</ele>
        <time>2026-08-05T09:05:45Z</time>
      </trkpt>
      <trkpt lat="44.225854" lon="7.043546">
        <ele>2712.8</ele>
        <time>2026-08-05T09:05:50Z</time>
      </trkpt>
      <trkpt lat="44.225858" lon="7.043533">
        <ele>2713.0</ele>
        <time>2026-08-05T09:05:56Z</time>
      </trkpt>
      <trkpt lat="44.225861" lon="7.04352">
        <ele>2713.0</ele>
        <time>2026-08-05T09:05:59Z</time>
      </trkpt>
      <trkpt lat="44.22587" lon="7.043494">
        <ele>2713.2</ele>
        <time>2026-08-05T09:06:07Z</time>
      </trkpt>
      <trkpt lat="44.225857" lon="7.04348">
        <ele>2713.2</ele>
        <time>2026-08-05T09:06:16Z</time>
      </trkpt>
      <trkpt lat="44.225852" lon="7.043489">
        <ele>2712.8</ele>
        <time>2026-08-05T09:06:21Z</time>
      </trkpt>
      <trkpt lat="44.225853" lon="7.04349">
        <ele>2712.8</ele>
        <time>2026-08-05T09:06:22Z</time>
      </trkpt>
      <trkpt lat="44.225853" lon="7.043489">
        <ele>2712.8</ele>
        <time>2026-08-05T09:06:23Z</time>
      </trkpt>
      <trkpt lat="44.225855" lon="7.043487">
        <ele>2712.8</ele>
        <time>2026-08-05T09:06:25Z</time>
      </trkpt>
      <trkpt lat="44.225859" lon="7.0435">
        <ele>2712.6</ele>
        <time>2026-08-05T09:06:38Z</time>
      </trkpt>
      <trkpt lat="44.225869" lon="7.043503">
        <ele>2712.0</ele>
        <time>2026-08-05T09:06:46Z</time>
      </trkpt>
      <trkpt lat="44.225862" lon="7.043493">
        <ele>2711.6</ele>
        <time>2026-08-05T09:06:48Z</time>
      </trkpt>
      <trkpt lat="44.225847" lon="7.043457">
        <ele>2711.8</ele>
        <time>2026-08-05T09:06:56Z</time>
      </trkpt>
      <trkpt lat="44.225851" lon="7.043447">
        <ele>2711.0</ele>
        <time>2026-08-05T09:07:02Z</time>
      </trkpt>
      <trkpt lat="44.225844" lon="7.043438">
        <ele>2710.8</ele>
        <time>2026-08-05T09:07:05Z</time>
      </trkpt>
      <trkpt lat="44.225837" lon="7.043473">
        <ele>2711.2</ele>
        <time>2026-08-05T09:07:13Z</time>
      </trkpt>
      <trkpt lat="44.225828" lon="7.043493">
        <ele>2711.4</ele>
        <time>2026-08-05T09:07:23Z</time>
      </trkpt>
      <trkpt lat="44.22583" lon="7.043482">
        <ele>2711.2</ele>
        <time>2026-08-05T09:07:35Z</time>
      </trkpt>
      <trkpt lat="44.225836" lon="7.043477">
        <ele>2711.0</ele>
        <time>2026-08-05T09:07:40Z</time>
      </trkpt>
      <trkpt lat="44.225858" lon="7.043481">
        <ele>2710.8</ele>
        <time>2026-08-05T09:07:49Z</time>
      </trkpt>
      <trkpt lat="44.22583" lon="7.043485">
        <ele>2710.6</ele>
        <time>2026-08-05T09:07:58Z</time>
      </trkpt>
      <trkpt lat="44.225815" lon="7.04347">
        <ele>2710.6</ele>
        <time>2026-08-05T09:08:04Z</time>
      </trkpt>
      <trkpt lat="44.225813" lon="7.04347">
        <ele>2710.4</ele>
        <time>2026-08-05T09:08:05Z</time>
      </trkpt>
      <trkpt lat="44.22581" lon="7.043474">
        <ele>2710.4</ele>
        <time>2026-08-05T09:08:08Z</time>
      </trkpt>
      <trkpt lat="44.225814" lon="7.043486">
        <ele>2710.6</ele>
        <time>2026-08-05T09:08:10Z</time>
      </trkpt>
      <trkpt lat="44.225826" lon="7.043502">
        <ele>2710.6</ele>
        <time>2026-08-05T09:08:14Z</time>
      </trkpt>
      <trkpt lat="44.225841" lon="7.0435">
        <ele>2710.6</ele>
        <time>2026-08-05T09:08:19Z</time>
      </trkpt>
      <trkpt lat="44.225831" lon="7.04347">
        <ele>2710.4</ele>
        <time>2026-08-05T09:08:24Z</time>
      </trkpt>
      <trkpt lat="44.225822" lon="7.043451">
        <ele>2711.0</ele>
        <time>2026-08-05T09:08:33Z</time>
      </trkpt>
      <trkpt lat="44.225818" lon="7.043444">
        <ele>2710.6</ele>
        <time>2026-08-05T09:08:44Z</time>
      </trkpt>
      <trkpt lat="44.225833" lon="7.043452">
        <ele>2710.8</ele>
        <time>2026-08-05T09:08:56Z</time>
      </trkpt>
      <trkpt lat="44.225827" lon="7.043456">
        <ele>2711.4</ele>
        <time>2026-08-05T09:09:08Z</time>
      </trkpt>
      <trkpt lat="44.22582" lon="7.043439">
        <ele>2711.8</ele>
        <time>2026-08-05T09:09:18Z</time>
      </trkpt>
      <trkpt lat="44.225807" lon="7.043452">
        <ele>2712.0</ele>
        <time>2026-08-05T09:09:22Z</time>
      </trkpt>
      <trkpt lat="44.225808" lon="7.043451">
        <ele>2712.2</ele>
        <time>2026-08-05T09:09:26Z</time>
      </trkpt>
      <trkpt lat="44.225789" lon="7.043423">
        <ele>2712.0</ele>
        <time>2026-08-05T09:09:38Z</time>
      </trkpt>
      <trkpt lat="44.225764" lon="7.043401">
        <ele>2711.8</ele>
        <time>2026-08-05T09:09:47Z</time>
      </trkpt>
      <trkpt lat="44.225765" lon="7.043401">
        <ele>2713.0</ele>
        <time>2026-08-05T09:09:54Z</time>
      </trkpt>
      <trkpt lat="44.225761" lon="7.043406">
        <ele>2713.0</ele>
        <time>2026-08-05T09:09:55Z</time>
      </trkpt>
      <trkpt lat="44.225768" lon="7.043418">
        <ele>2713.0</ele>
        <time>2026-08-05T09:10:00Z</time>
      </trkpt>
      <trkpt lat="44.225773" lon="7.043425">
        <ele>2713.6</ele>
        <time>2026-08-05T09:10:04Z</time>
      </trkpt>
      <trkpt lat="44.22579" lon="7.043424">
        <ele>2714.0</ele>
        <time>2026-08-05T09:10:13Z</time>
      </trkpt>
      <trkpt lat="44.225795" lon="7.043423">
        <ele>2714.0</ele>
        <time>2026-08-05T09:10:14Z</time>
      </trkpt>
      <trkpt lat="44.225795" lon="7.043404">
        <ele>2714.2</ele>
        <time>2026-08-05T09:10:21Z</time>
      </trkpt>
      <trkpt lat="44.225771" lon="7.043397">
        <ele>2713.8</ele>
        <time>2026-08-05T09:10:24Z</time>
      </trkpt>
      <trkpt lat="44.225766" lon="7.043394">
        <ele>2713.8</ele>
        <time>2026-08-05T09:10:25Z</time>
      </trkpt>
      <trkpt lat="44.225763" lon="7.04339">
        <ele>2713.8</ele>
        <time>2026-08-05T09:10:27Z</time>
      </trkpt>
      <trkpt lat="44.225759" lon="7.043386">
        <ele>2714.2</ele>
        <time>2026-08-05T09:10:29Z</time>
      </trkpt>
      <trkpt lat="44.225769" lon="7.043417">
        <ele>2714.4</ele>
        <time>2026-08-05T09:10:38Z</time>
      </trkpt>
      <trkpt lat="44.225768" lon="7.043416">
        <ele>2715.0</ele>
        <time>2026-08-05T09:10:42Z</time>
      </trkpt>
      <trkpt lat="44.225758" lon="7.043369">
        <ele>2715.6</ele>
        <time>2026-08-05T09:10:48Z</time>
      </trkpt>
      <trkpt lat="44.225773" lon="7.04337">
        <ele>2715.8</ele>
        <time>2026-08-05T09:10:57Z</time>
      </trkpt>
      <trkpt lat="44.225756" lon="7.043367">
        <ele>2716.0</ele>
        <time>2026-08-05T09:11:02Z</time>
      </trkpt>
      <trkpt lat="44.225752" lon="7.043368">
        <ele>2715.8</ele>
        <time>2026-08-05T09:11:06Z</time>
      </trkpt>
      <trkpt lat="44.225757" lon="7.043357">
        <ele>2715.6</ele>
        <time>2026-08-05T09:11:18Z</time>
      </trkpt>
      <trkpt lat="44.225755" lon="7.043353">
        <ele>2715.6</ele>
        <time>2026-08-05T09:11:28Z</time>
      </trkpt>
      <trkpt lat="44.225778" lon="7.043377">
        <ele>2715.8</ele>
        <time>2026-08-05T09:11:40Z</time>
      </trkpt>
      <trkpt lat="44.225766" lon="7.043379">
        <ele>2715.4</ele>
        <time>2026-08-05T09:11:47Z</time>
      </trkpt>
      <trkpt lat="44.225754" lon="7.043366">
        <ele>2715.6</ele>
        <time>2026-08-05T09:11:57Z</time>
      </trkpt>
      <trkpt lat="44.22575" lon="7.043351">
        <ele>2715.6</ele>
        <time>2026-08-05T09:12:07Z</time>
      </trkpt>
      <trkpt lat="44.225757" lon="7.043327">
        <ele>2716.0</ele>
        <time>2026-08-05T09:12:17Z</time>
      </trkpt>
      <trkpt lat="44.225766" lon="7.043339">
        <ele>2716.0</ele>
        <time>2026-08-05T09:12:23Z</time>
      </trkpt>
      <trkpt lat="44.225762" lon="7.043353">
        <ele>2716.0</ele>
        <time>2026-08-05T09:12:27Z</time>
      </trkpt>
      <trkpt lat="44.225761" lon="7.043348">
        <ele>2716.2</ele>
        <time>2026-08-05T09:12:30Z</time>
      </trkpt>
      <trkpt lat="44.225737" lon="7.043335">
        <ele>2716.0</ele>
        <time>2026-08-05T09:12:37Z</time>
      </trkpt>
      <trkpt lat="44.225736" lon="7.043346">
        <ele>2716.2</ele>
        <time>2026-08-05T09:12:40Z</time>
      </trkpt>
      <trkpt lat="44.225731" lon="7.043344">
        <ele>2716.2</ele>
        <time>2026-08-05T09:12:41Z</time>
      </trkpt>
      <trkpt lat="44.225735" lon="7.043348">
        <ele>2716.2</ele>
        <time>2026-08-05T09:12:43Z</time>
      </trkpt>
      <trkpt lat="44.225754" lon="7.043358">
        <ele>2716.0</ele>
        <time>2026-08-05T09:12:51Z</time>
      </trkpt>
      <trkpt lat="44.225764" lon="7.043378">
        <ele>2716.2</ele>
        <time>2026-08-05T09:13:03Z</time>
      </trkpt>
      <trkpt lat="44.225763" lon="7.043369">
        <ele>2716.2</ele>
        <time>2026-08-05T09:13:12Z</time>
      </trkpt>
      <trkpt lat="44.225751" lon="7.043386">
        <ele>2716.0</ele>
        <time>2026-08-05T09:13:21Z</time>
      </trkpt>
      <trkpt lat="44.225756" lon="7.04337">
        <ele>2716.2</ele>
        <time>2026-08-05T09:13:27Z</time>
      </trkpt>
      <trkpt lat="44.225764" lon="7.043371">
        <ele>2716.4</ele>
        <time>2026-08-05T09:13:36Z</time>
      </trkpt>
      <trkpt lat="44.225757" lon="7.043334">
        <ele>2716.0</ele>
        <time>2026-08-05T09:13:48Z</time>
      </trkpt>
      <trkpt lat="44.225748" lon="7.04335">
        <ele>2716.0</ele>
        <time>2026-08-05T09:13:58Z</time>
      </trkpt>
      <trkpt lat="44.225734" lon="7.043359">
        <ele>2716.4</ele>
        <time>2026-08-05T09:14:05Z</time>
      </trkpt>
      <trkpt lat="44.225736" lon="7.043329">
        <ele>2716.2</ele>
        <time>2026-08-05T09:14:14Z</time>
      </trkpt>
      <trkpt lat="44.225759" lon="7.04333">
        <ele>2717.2</ele>
        <time>2026-08-05T09:14:21Z</time>
      </trkpt>
      <trkpt lat="44.225771" lon="7.043352">
        <ele>2717.2</ele>
        <time>2026-08-05T09:14:25Z</time>
      </trkpt>
      <trkpt lat="44.225754" lon="7.043359">
        <ele>2716.4</ele>
        <time>2026-08-05T09:14:31Z</time>
      </trkpt>
      <trkpt lat="44.225738" lon="7.043351">
        <ele>2716.0</ele>
        <time>2026-08-05T09:14:35Z</time>
      </trkpt>
      <trkpt lat="44.225775" lon="7.043359">
        <ele>2715.6</ele>
        <time>2026-08-05T09:14:44Z</time>
      </trkpt>
      <trkpt lat="44.225756" lon="7.04335">
        <ele>2715.0</ele>
        <time>2026-08-05T09:14:52Z</time>
      </trkpt>
      <trkpt lat="44.22576" lon="7.043356">
        <ele>2715.0</ele>
        <time>2026-08-05T09:14:58Z</time>
      </trkpt>
      <trkpt lat="44.225757" lon="7.043353">
        <ele>2714.6</ele>
        <time>2026-08-05T09:15:01Z</time>
      </trkpt>
      <trkpt lat="44.225739" lon="7.043331">
        <ele>2714.8</ele>
        <time>2026-08-05T09:15:08Z</time>
      </trkpt>
      <trkpt lat="44.225733" lon="7.043344">
        <ele>2714.2</ele>
        <time>2026-08-05T09:15:15Z</time>
      </trkpt>
      <trkpt lat="44.225744" lon="7.043356">
        <ele>2714.2</ele>
        <time>2026-08-05T09:15:20Z</time>
      </trkpt>
      <trkpt lat="44.225747" lon="7.043354">
        <ele>2714.2</ele>
        <time>2026-08-05T09:15:22Z</time>
      </trkpt>
      <trkpt lat="44.225748" lon="7.043341">
        <ele>2713.8</ele>
        <time>2026-08-05T09:15:25Z</time>
      </trkpt>
      <trkpt lat="44.225737" lon="7.043322">
        <ele>2713.8</ele>
        <time>2026-08-05T09:15:30Z</time>
      </trkpt>
      <trkpt lat="44.225752" lon="7.043336">
        <ele>2713.6</ele>
        <time>2026-08-05T09:15:43Z</time>
      </trkpt>
      <trkpt lat="44.225736" lon="7.043338">
        <ele>2713.8</ele>
        <time>2026-08-05T09:15:55Z</time>
      </trkpt>
      <trkpt lat="44.225714" lon="7.043339">
        <ele>2714.2</ele>
        <time>2026-08-05T09:16:04Z</time>
      </trkpt>
      <trkpt lat="44.22571" lon="7.043343">
        <ele>2714.0</ele>
        <time>2026-08-05T09:16:06Z</time>
      </trkpt>
      <trkpt lat="44.225706" lon="7.04335">
        <ele>2713.8</ele>
        <time>2026-08-05T09:16:14Z</time>
      </trkpt>
      <trkpt lat="44.225695" lon="7.043328">
        <ele>2713.6</ele>
        <time>2026-08-05T09:16:25Z</time>
      </trkpt>
      <trkpt lat="44.225691" lon="7.043344">
        <ele>2714.0</ele>
        <time>2026-08-05T09:16:32Z</time>
      </trkpt>
      <trkpt lat="44.225698" lon="7.043347">
        <ele>2713.8</ele>
        <time>2026-08-05T09:16:33Z</time>
      </trkpt>
      <trkpt lat="44.225725" lon="7.043354">
        <ele>2713.8</ele>
        <time>2026-08-05T09:16:42Z</time>
      </trkpt>
      <trkpt lat="44.225717" lon="7.043356">
        <ele>2713.6</ele>
        <time>2026-08-05T09:16:51Z</time>
      </trkpt>
      <trkpt lat="44.225702" lon="7.043354">
        <ele>2713.6</ele>
        <time>2026-08-05T09:17:00Z</time>
      </trkpt>
      <trkpt lat="44.225701" lon="7.043366">
        <ele>2713.8</ele>
        <time>2026-08-05T09:17:10Z</time>
      </trkpt>
      <trkpt lat="44.22571" lon="7.043359">
        <ele>2713.6</ele>
        <time>2026-08-05T09:17:21Z</time>
      </trkpt>
      <trkpt lat="44.225719" lon="7.04336">
        <ele>2713.8</ele>
        <time>2026-08-05T09:17:27Z</time>
      </trkpt>
      <trkpt lat="44.225721" lon="7.043354">
        <ele>2713.8</ele>
        <time>2026-08-05T09:17:30Z</time>
      </trkpt>
      <trkpt lat="44.225707" lon="7.043357">
        <ele>2714.0</ele>
        <time>2026-08-05T09:17:40Z</time>
      </trkpt>
      <trkpt lat="44.225722" lon="7.043346">
        <ele>2713.8</ele>
        <time>2026-08-05T09:17:50Z</time>
      </trkpt>
      <trkpt lat="44.22572" lon="7.043335">
        <ele>2714.0</ele>
        <time>2026-08-05T09:18:00Z</time>
      </trkpt>
      <trkpt lat="44.225711" lon="7.043344">
        <ele>2713.8</ele>
        <time>2026-08-05T09:18:04Z</time>
      </trkpt>
      <trkpt lat="44.225715" lon="7.043344">
        <ele>2713.6</ele>
        <time>2026-08-05T09:18:11Z</time>
      </trkpt>
      <trkpt lat="44.225712" lon="7.043345">
        <ele>2713.4</ele>
        <time>2026-08-05T09:18:12Z</time>
      </trkpt>
      <trkpt lat="44.225707" lon="7.043349">
        <ele>2713.6</ele>
        <time>2026-08-05T09:18:24Z</time>
      </trkpt>
      <trkpt lat="44.225717" lon="7.04335">
        <ele>2713.6</ele>
        <time>2026-08-05T09:18:33Z</time>
      </trkpt>
      <trkpt lat="44.225701" lon="7.043339">
        <ele>2713.6</ele>
        <time>2026-08-05T09:18:44Z</time>
      </trkpt>
      <trkpt lat="44.225704" lon="7.04335">
        <ele>2714.0</ele>
        <time>2026-08-05T09:18:53Z</time>
      </trkpt>
      <trkpt lat="44.225698" lon="7.04334">
        <ele>2713.8</ele>
        <time>2026-08-05T09:19:00Z</time>
      </trkpt>
      <trkpt lat="44.225703" lon="7.043317">
        <ele>2714.0</ele>
        <time>2026-08-05T09:19:04Z</time>
      </trkpt>
      <trkpt lat="44.225701" lon="7.043359">
        <ele>2714.4</ele>
        <time>2026-08-05T09:19:14Z</time>
      </trkpt>
      <trkpt lat="44.225706" lon="7.043312">
        <ele>2714.2</ele>
        <time>2026-08-05T09:19:23Z</time>
      </trkpt>
      <trkpt lat="44.225713" lon="7.043335">
        <ele>2713.6</ele>
        <time>2026-08-05T09:19:34Z</time>
      </trkpt>
      <trkpt lat="44.225706" lon="7.043308">
        <ele>2712.8</ele>
        <time>2026-08-05T09:19:42Z</time>
      </trkpt>
      <trkpt lat="44.225707" lon="7.043289">
        <ele>2712.8</ele>
        <time>2026-08-05T09:19:44Z</time>
      </trkpt>
      <trkpt lat="44.225719" lon="7.043335">
        <ele>2712.8</ele>
        <time>2026-08-05T09:19:53Z</time>
      </trkpt>
      <trkpt lat="44.225705" lon="7.043321">
        <ele>2712.2</ele>
        <time>2026-08-05T09:20:02Z</time>
      </trkpt>
      <trkpt lat="44.225709" lon="7.04333">
        <ele>2712.0</ele>
        <time>2026-08-05T09:20:12Z</time>
      </trkpt>
      <trkpt lat="44.225734" lon="7.043357">
        <ele>2712.4</ele>
        <time>2026-08-05T09:20:22Z</time>
      </trkpt>
      <trkpt lat="44.225707" lon="7.043355">
        <ele>2712.4</ele>
        <time>2026-08-05T09:20:32Z</time>
      </trkpt>
      <trkpt lat="44.225697" lon="7.04332">
        <ele>2712.4</ele>
        <time>2026-08-05T09:20:41Z</time>
      </trkpt>
      <trkpt lat="44.225709" lon="7.043336">
        <ele>2712.4</ele>
        <time>2026-08-05T09:20:46Z</time>
      </trkpt>
      <trkpt lat="44.225716" lon="7.043332">
        <ele>2712.4</ele>
        <time>2026-08-05T09:20:48Z</time>
      </trkpt>
      <trkpt lat="44.22571" lon="7.043292">
        <ele>2712.2</ele>
        <time>2026-08-05T09:20:56Z</time>
      </trkpt>
      <trkpt lat="44.225703" lon="7.043304">
        <ele>2713.8</ele>
        <time>2026-08-05T09:21:04Z</time>
      </trkpt>
      <trkpt lat="44.2257" lon="7.043304">
        <ele>2714.0</ele>
        <time>2026-08-05T09:21:05Z</time>
      </trkpt>
      <trkpt lat="44.225693" lon="7.043293">
        <ele>2714.0</ele>
        <time>2026-08-05T09:21:08Z</time>
      </trkpt>
      <trkpt lat="44.225693" lon="7.043297">
        <ele>2714.2</ele>
        <time>2026-08-05T09:21:09Z</time>
      </trkpt>
      <trkpt lat="44.225695" lon="7.043292">
        <ele>2714.2</ele>
        <time>2026-08-05T09:21:12Z</time>
      </trkpt>
      <trkpt lat="44.225694" lon="7.043293">
        <ele>2714.4</ele>
        <time>2026-08-05T09:21:13Z</time>
      </trkpt>
      <trkpt lat="44.225687" lon="7.043287">
        <ele>2714.4</ele>
        <time>2026-08-05T09:21:23Z</time>
      </trkpt>
      <trkpt lat="44.225714" lon="7.043295">
        <ele>2714.4</ele>
        <time>2026-08-05T09:21:32Z</time>
      </trkpt>
      <trkpt lat="44.225679" lon="7.043352">
        <ele>2714.2</ele>
        <time>2026-08-05T09:21:42Z</time>
      </trkpt>
      <trkpt lat="44.225669" lon="7.043363">
        <ele>2714.0</ele>
        <time>2026-08-05T09:21:51Z</time>
      </trkpt>
      <trkpt lat="44.225668" lon="7.043355">
        <ele>2714.2</ele>
        <time>2026-08-05T09:21:52Z</time>
      </trkpt>
      <trkpt lat="44.225667" lon="7.043321">
        <ele>2714.0</ele>
        <time>2026-08-05T09:22:00Z</time>
      </trkpt>
      <trkpt lat="44.225673" lon="7.043326">
        <ele>2714.2</ele>
        <time>2026-08-05T09:22:03Z</time>
      </trkpt>
      <trkpt lat="44.225679" lon="7.04326">
        <ele>2714.0</ele>
        <time>2026-08-05T09:22:14Z</time>
      </trkpt>
      <trkpt lat="44.225679" lon="7.043282">
        <ele>2714.2</ele>
        <time>2026-08-05T09:22:26Z</time>
      </trkpt>
      <trkpt lat="44.225695" lon="7.043298">
        <ele>2714.0</ele>
        <time>2026-08-05T09:22:38Z</time>
      </trkpt>
      <trkpt lat="44.225703" lon="7.043307">
        <ele>2713.8</ele>
        <time>2026-08-05T09:22:49Z</time>
      </trkpt>
      <trkpt lat="44.225682" lon="7.04327">
        <ele>2714.6</ele>
        <time>2026-08-05T09:22:59Z</time>
      </trkpt>
      <trkpt lat="44.225678" lon="7.043269">
        <ele>2714.8</ele>
        <time>2026-08-05T09:23:09Z</time>
      </trkpt>
      <trkpt lat="44.225677" lon="7.043259">
        <ele>2715.0</ele>
        <time>2026-08-05T09:23:16Z</time>
      </trkpt>
      <trkpt lat="44.225677" lon="7.04326">
        <ele>2715.0</ele>
        <time>2026-08-05T09:23:18Z</time>
      </trkpt>
      <trkpt lat="44.225682" lon="7.043279">
        <ele>2714.4</ele>
        <time>2026-08-05T09:23:29Z</time>
      </trkpt>
      <trkpt lat="44.225685" lon="7.043281">
        <ele>2714.8</ele>
        <time>2026-08-05T09:23:37Z</time>
      </trkpt>
      <trkpt lat="44.225688" lon="7.043266">
        <ele>2715.0</ele>
        <time>2026-08-05T09:23:40Z</time>
      </trkpt>
      <trkpt lat="44.225697" lon="7.043262">
        <ele>2714.6</ele>
        <time>2026-08-05T09:23:49Z</time>
      </trkpt>
      <trkpt lat="44.22569" lon="7.04326">
        <ele>2715.0</ele>
        <time>2026-08-05T09:23:53Z</time>
      </trkpt>
      <trkpt lat="44.225684" lon="7.043271">
        <ele>2715.0</ele>
        <time>2026-08-05T09:23:57Z</time>
      </trkpt>
      <trkpt lat="44.225651" lon="7.043253">
        <ele>2714.6</ele>
        <time>2026-08-05T09:24:07Z</time>
      </trkpt>
      <trkpt lat="44.225647" lon="7.043239">
        <ele>2714.0</ele>
        <time>2026-08-05T09:24:16Z</time>
      </trkpt>
      <trkpt lat="44.225651" lon="7.043239">
        <ele>2713.8</ele>
        <time>2026-08-05T09:24:17Z</time>
      </trkpt>
      <trkpt lat="44.225676" lon="7.043282">
        <ele>2714.4</ele>
        <time>2026-08-05T09:24:29Z</time>
      </trkpt>
      <trkpt lat="44.225678" lon="7.043284">
        <ele>2714.2</ele>
        <time>2026-08-05T09:24:33Z</time>
      </trkpt>
      <trkpt lat="44.225685" lon="7.043273">
        <ele>2714.6</ele>
        <time>2026-08-05T09:24:37Z</time>
      </trkpt>
      <trkpt lat="44.225684" lon="7.043273">
        <ele>2714.8</ele>
        <time>2026-08-05T09:24:38Z</time>
      </trkpt>
      <trkpt lat="44.225698" lon="7.043274">
        <ele>2714.6</ele>
        <time>2026-08-05T09:24:46Z</time>
      </trkpt>
      <trkpt lat="44.225675" lon="7.043269">
        <ele>2715.0</ele>
        <time>2026-08-05T09:24:48Z</time>
      </trkpt>
      <trkpt lat="44.225654" lon="7.043261">
        <ele>2714.0</ele>
        <time>2026-08-05T09:24:53Z</time>
      </trkpt>
      <trkpt lat="44.225654" lon="7.043259">
        <ele>2713.6</ele>
        <time>2026-08-05T09:24:54Z</time>
      </trkpt>
      <trkpt lat="44.225683" lon="7.043285">
        <ele>2714.0</ele>
        <time>2026-08-05T09:25:02Z</time>
      </trkpt>
      <trkpt lat="44.225685" lon="7.043282">
        <ele>2713.6</ele>
        <time>2026-08-05T09:25:08Z</time>
      </trkpt>
      <trkpt lat="44.225673" lon="7.043269">
        <ele>2713.6</ele>
        <time>2026-08-05T09:25:11Z</time>
      </trkpt>
      <trkpt lat="44.225656" lon="7.043241">
        <ele>2714.2</ele>
        <time>2026-08-05T09:25:20Z</time>
      </trkpt>
      <trkpt lat="44.225626" lon="7.043227">
        <ele>2713.4</ele>
        <time>2026-08-05T09:25:28Z</time>
      </trkpt>
      <trkpt lat="44.225639" lon="7.043225">
        <ele>2713.4</ele>
        <time>2026-08-05T09:25:38Z</time>
      </trkpt>
      <trkpt lat="44.22562" lon="7.04323">
        <ele>2713.4</ele>
        <time>2026-08-05T09:25:47Z</time>
      </trkpt>
      <trkpt lat="44.225618" lon="7.043226">
        <ele>2713.4</ele>
        <time>2026-08-05T09:25:56Z</time>
      </trkpt>
      <trkpt lat="44.225607" lon="7.043227">
        <ele>2713.4</ele>
        <time>2026-08-05T09:26:07Z</time>
      </trkpt>
      <trkpt lat="44.225612" lon="7.043237">
        <ele>2712.8</ele>
        <time>2026-08-05T09:26:10Z</time>
      </trkpt>
      <trkpt lat="44.225633" lon="7.043252">
        <ele>2712.4</ele>
        <time>2026-08-05T09:26:17Z</time>
      </trkpt>
      <trkpt lat="44.225661" lon="7.043282">
        <ele>2712.2</ele>
        <time>2026-08-05T09:26:23Z</time>
      </trkpt>
      <trkpt lat="44.225656" lon="7.043272">
        <ele>2712.2</ele>
        <time>2026-08-05T09:26:26Z</time>
      </trkpt>
      <trkpt lat="44.225642" lon="7.043217">
        <ele>2712.0</ele>
        <time>2026-08-05T09:26:35Z</time>
      </trkpt>
      <trkpt lat="44.22563" lon="7.043229">
        <ele>2711.8</ele>
        <time>2026-08-05T09:26:41Z</time>
      </trkpt>
      <trkpt lat="44.225637" lon="7.043228">
        <ele>2711.8</ele>
        <time>2026-08-05T09:26:45Z</time>
      </trkpt>
      <trkpt lat="44.225641" lon="7.043229">
        <ele>2711.6</ele>
        <time>2026-08-05T09:26:48Z</time>
      </trkpt>
      <trkpt lat="44.22564" lon="7.04323">
        <ele>2711.6</ele>
        <time>2026-08-05T09:26:56Z</time>
      </trkpt>
      <trkpt lat="44.225645" lon="7.043236">
        <ele>2711.4</ele>
        <time>2026-08-05T09:27:07Z</time>
      </trkpt>
      <trkpt lat="44.225641" lon="7.043248">
        <ele>2711.4</ele>
        <time>2026-08-05T09:27:15Z</time>
      </trkpt>
      <trkpt lat="44.225657" lon="7.043254">
        <ele>2711.2</ele>
        <time>2026-08-05T09:27:23Z</time>
      </trkpt>
      <trkpt lat="44.225657" lon="7.043255">
        <ele>2711.2</ele>
        <time>2026-08-05T09:27:24Z</time>
      </trkpt>
      <trkpt lat="44.225653" lon="7.043258">
        <ele>2711.4</ele>
        <time>2026-08-05T09:27:26Z</time>
      </trkpt>
      <trkpt lat="44.225651" lon="7.04326">
        <ele>2711.4</ele>
        <time>2026-08-05T09:27:27Z</time>
      </trkpt>
      <trkpt lat="44.22563" lon="7.043236">
        <ele>2711.2</ele>
        <time>2026-08-05T09:27:35Z</time>
      </trkpt>
      <trkpt lat="44.225606" lon="7.043237">
        <ele>2711.2</ele>
        <time>2026-08-05T09:27:46Z</time>
      </trkpt>
      <trkpt lat="44.225635" lon="7.043263">
        <ele>2711.2</ele>
        <time>2026-08-05T09:27:56Z</time>
      </trkpt>
      <trkpt lat="44.225641" lon="7.043251">
        <ele>2712.0</ele>
        <time>2026-08-05T09:28:05Z</time>
      </trkpt>
      <trkpt lat="44.225619" lon="7.043212">
        <ele>2712.2</ele>
        <time>2026-08-05T09:28:13Z</time>
      </trkpt>
      <trkpt lat="44.225611" lon="7.04321">
        <ele>2712.2</ele>
        <time>2026-08-05T09:28:16Z</time>
      </trkpt>
      <trkpt lat="44.225587" lon="7.04319">
        <ele>2712.4</ele>
        <time>2026-08-05T09:28:22Z</time>
      </trkpt>
      <trkpt lat="44.225602" lon="7.043214">
        <ele>2712.6</ele>
        <time>2026-08-05T09:28:30Z</time>
      </trkpt>
      <trkpt lat="44.225627" lon="7.043241">
        <ele>2712.8</ele>
        <time>2026-08-05T09:28:39Z</time>
      </trkpt>
      <trkpt lat="44.225628" lon="7.043244">
        <ele>2712.8</ele>
        <time>2026-08-05T09:28:40Z</time>
      </trkpt>
      <trkpt lat="44.225635" lon="7.043243">
        <ele>2713.0</ele>
        <time>2026-08-05T09:28:48Z</time>
      </trkpt>
      <trkpt lat="44.225619" lon="7.043228">
        <ele>2713.2</ele>
        <time>2026-08-05T09:28:58Z</time>
      </trkpt>
      <trkpt lat="44.22561" lon="7.043234">
        <ele>2713.2</ele>
        <time>2026-08-05T09:29:06Z</time>
      </trkpt>
      <trkpt lat="44.22563" lon="7.043259">
        <ele>2713.2</ele>
        <time>2026-08-05T09:29:13Z</time>
      </trkpt>
      <trkpt lat="44.225644" lon="7.043249">
        <ele>2713.2</ele>
        <time>2026-08-05T09:29:14Z</time>
      </trkpt>
      <trkpt lat="44.225643" lon="7.043244">
        <ele>2713.4</ele>
        <time>2026-08-05T09:29:23Z</time>
      </trkpt>
      <trkpt lat="44.225636" lon="7.043238">
        <ele>2713.4</ele>
        <time>2026-08-05T09:29:28Z</time>
      </trkpt>
      <trkpt lat="44.225636" lon="7.043249">
        <ele>2713.6</ele>
        <time>2026-08-05T09:29:33Z</time>
      </trkpt>
      <trkpt lat="44.225645" lon="7.043254">
        <ele>2713.6</ele>
        <time>2026-08-05T09:29:38Z</time>
      </trkpt>
      <trkpt lat="44.225654" lon="7.043248">
        <ele>2713.6</ele>
        <time>2026-08-05T09:29:42Z</time>
      </trkpt>
      <trkpt lat="44.225654" lon="7.043238">
        <ele>2713.6</ele>
        <time>2026-08-05T09:29:45Z</time>
      </trkpt>
      <trkpt lat="44.225666" lon="7.043231">
        <ele>2713.8</ele>
        <time>2026-08-05T09:29:55Z</time>
      </trkpt>
      <trkpt lat="44.225669" lon="7.043243">
        <ele>2713.8</ele>
        <time>2026-08-05T09:30:05Z</time>
      </trkpt>
      <trkpt lat="44.225661" lon="7.043241">
        <ele>2713.8</ele>
        <time>2026-08-05T09:30:08Z</time>
      </trkpt>
      <trkpt lat="44.225659" lon="7.043256">
        <ele>2713.8</ele>
        <time>2026-08-05T09:30:17Z</time>
      </trkpt>
      <trkpt lat="44.225647" lon="7.043229">
        <ele>2713.8</ele>
        <time>2026-08-05T09:30:26Z</time>
      </trkpt>
      <trkpt lat="44.225619" lon="7.043208">
        <ele>2714.2</ele>
        <time>2026-08-05T09:30:37Z</time>
      </trkpt>
      <trkpt lat="44.225596" lon="7.043195">
        <ele>2713.6</ele>
        <time>2026-08-05T09:30:47Z</time>
      </trkpt>
      <trkpt lat="44.225629" lon="7.043217">
        <ele>2713.4</ele>
        <time>2026-08-05T09:30:57Z</time>
      </trkpt>
      <trkpt lat="44.225632" lon="7.043196">
        <ele>2713.4</ele>
        <time>2026-08-05T09:31:08Z</time>
      </trkpt>
      <trkpt lat="44.225611" lon="7.043199">
        <ele>2713.4</ele>
        <time>2026-08-05T09:31:18Z</time>
      </trkpt>
      <trkpt lat="44.225623" lon="7.043196">
        <ele>2713.2</ele>
        <time>2026-08-05T09:31:28Z</time>
      </trkpt>
      <trkpt lat="44.225624" lon="7.0432">
        <ele>2713.4</ele>
        <time>2026-08-05T09:31:38Z</time>
      </trkpt>
      <trkpt lat="44.225621" lon="7.043199">
        <ele>2713.6</ele>
        <time>2026-08-05T09:31:42Z</time>
      </trkpt>
      <trkpt lat="44.225624" lon="7.043203">
        <ele>2713.4</ele>
        <time>2026-08-05T09:31:45Z</time>
      </trkpt>
      <trkpt lat="44.225627" lon="7.043201">
        <ele>2713.4</ele>
        <time>2026-08-05T09:31:49Z</time>
      </trkpt>
      <trkpt lat="44.22562" lon="7.043204">
        <ele>2713.4</ele>
        <time>2026-08-05T09:31:51Z</time>
      </trkpt>
      <trkpt lat="44.225621" lon="7.043209">
        <ele>2713.6</ele>
        <time>2026-08-05T09:32:01Z</time>
      </trkpt>
      <trkpt lat="44.225622" lon="7.04321">
        <ele>2713.8</ele>
        <time>2026-08-05T09:32:06Z</time>
      </trkpt>
      <trkpt lat="44.225628" lon="7.04321">
        <ele>2714.0</ele>
        <time>2026-08-05T09:32:11Z</time>
      </trkpt>
      <trkpt lat="44.225608" lon="7.0432">
        <ele>2714.8</ele>
        <time>2026-08-05T09:32:17Z</time>
      </trkpt>
      <trkpt lat="44.225614" lon="7.04319">
        <ele>2714.8</ele>
        <time>2026-08-05T09:32:19Z</time>
      </trkpt>
      <trkpt lat="44.225633" lon="7.04318">
        <ele>2714.4</ele>
        <time>2026-08-05T09:32:26Z</time>
      </trkpt>
      <trkpt lat="44.225657" lon="7.043187">
        <ele>2714.0</ele>
        <time>2026-08-05T09:32:37Z</time>
      </trkpt>
      <trkpt lat="44.225621" lon="7.04323">
        <ele>2714.6</ele>
        <time>2026-08-05T09:32:43Z</time>
      </trkpt>
      <trkpt lat="44.225618" lon="7.043233">
        <ele>2714.6</ele>
        <time>2026-08-05T09:32:46Z</time>
      </trkpt>
      <trkpt lat="44.22562" lon="7.043229">
        <ele>2714.2</ele>
        <time>2026-08-05T09:32:59Z</time>
      </trkpt>
      <trkpt lat="44.225621" lon="7.043205">
        <ele>2714.0</ele>
        <time>2026-08-05T09:33:09Z</time>
      </trkpt>
      <trkpt lat="44.225621" lon="7.043205">
        <ele>2713.8</ele>
        <time>2026-08-05T09:33:10Z</time>
      </trkpt>
      <trkpt lat="44.225617" lon="7.043169">
        <ele>2714.0</ele>
        <time>2026-08-05T09:33:20Z</time>
      </trkpt>
      <trkpt lat="44.225599" lon="7.043171">
        <ele>2715.0</ele>
        <time>2026-08-05T09:33:27Z</time>
      </trkpt>
      <trkpt lat="44.225602" lon="7.043179">
        <ele>2715.2</ele>
        <time>2026-08-05T09:33:29Z</time>
      </trkpt>
      <trkpt lat="44.225621" lon="7.04319">
        <ele>2715.4</ele>
        <time>2026-08-05T09:33:41Z</time>
      </trkpt>
      <trkpt lat="44.22561" lon="7.043182">
        <ele>2715.6</ele>
        <time>2026-08-05T09:33:50Z</time>
      </trkpt>
      <trkpt lat="44.225612" lon="7.043184">
        <ele>2715.6</ele>
        <time>2026-08-05T09:33:53Z</time>
      </trkpt>
      <trkpt lat="44.225614" lon="7.043186">
        <ele>2715.6</ele>
        <time>2026-08-05T09:33:54Z</time>
      </trkpt>
      <trkpt lat="44.225632" lon="7.04318">
        <ele>2715.6</ele>
        <time>2026-08-05T09:34:00Z</time>
      </trkpt>
      <trkpt lat="44.225633" lon="7.043184">
        <ele>2715.4</ele>
        <time>2026-08-05T09:34:05Z</time>
      </trkpt>
      <trkpt lat="44.225631" lon="7.043186">
        <ele>2715.4</ele>
        <time>2026-08-05T09:34:10Z</time>
      </trkpt>
      <trkpt lat="44.225631" lon="7.043186">
        <ele>2715.4</ele>
        <time>2026-08-05T09:34:11Z</time>
      </trkpt>
      <trkpt lat="44.225619" lon="7.043185">
        <ele>2715.0</ele>
        <time>2026-08-05T09:34:18Z</time>
      </trkpt>
      <trkpt lat="44.22562" lon="7.043182">
        <ele>2715.2</ele>
        <time>2026-08-05T09:34:23Z</time>
      </trkpt>
      <trkpt lat="44.225616" lon="7.043175">
        <ele>2716.0</ele>
        <time>2026-08-05T09:34:27Z</time>
      </trkpt>
      <trkpt lat="44.225605" lon="7.043175">
        <ele>2716.8</ele>
        <time>2026-08-05T09:34:32Z</time>
      </trkpt>
      <trkpt lat="44.225618" lon="7.043178">
        <ele>2717.0</ele>
        <time>2026-08-05T09:34:37Z</time>
      </trkpt>
      <trkpt lat="44.225624" lon="7.043178">
        <ele>2717.2</ele>
        <time>2026-08-05T09:34:39Z</time>
      </trkpt>
      <trkpt lat="44.225627" lon="7.043186">
        <ele>2717.4</ele>
        <time>2026-08-05T09:34:46Z</time>
      </trkpt>
      <trkpt lat="44.225625" lon="7.04317">
        <ele>2717.0</ele>
        <time>2026-08-05T09:34:52Z</time>
      </trkpt>
      <trkpt lat="44.225632" lon="7.043171">
        <ele>2717.0</ele>
        <time>2026-08-05T09:34:56Z</time>
      </trkpt>
      <trkpt lat="44.225622" lon="7.043172">
        <ele>2717.4</ele>
        <time>2026-08-05T09:35:01Z</time>
      </trkpt>
      <trkpt lat="44.225623" lon="7.043171">
        <ele>2717.6</ele>
        <time>2026-08-05T09:35:02Z</time>
      </trkpt>
      <trkpt lat="44.225617" lon="7.043165">
        <ele>2718.2</ele>
        <time>2026-08-05T09:35:12Z</time>
      </trkpt>
      <trkpt lat="44.22562" lon="7.043168">
        <ele>2718.4</ele>
        <time>2026-08-05T09:35:13Z</time>
      </trkpt>
      <trkpt lat="44.225603" lon="7.043147">
        <ele>2718.0</ele>
        <time>2026-08-05T09:35:22Z</time>
      </trkpt>
      <trkpt lat="44.225597" lon="7.043146">
        <ele>2718.2</ele>
        <time>2026-08-05T09:35:25Z</time>
      </trkpt>
      <trkpt lat="44.225577" lon="7.043164">
        <ele>2719.4</ele>
        <time>2026-08-05T09:35:30Z</time>
      </trkpt>
      <trkpt lat="44.225569" lon="7.04317">
        <ele>2719.4</ele>
        <time>2026-08-05T09:35:31Z</time>
      </trkpt>
      <trkpt lat="44.225585" lon="7.043154">
        <ele>2719.2</ele>
        <time>2026-08-05T09:35:36Z</time>
      </trkpt>
      <trkpt lat="44.225589" lon="7.043155">
        <ele>2719.2</ele>
        <time>2026-08-05T09:35:38Z</time>
      </trkpt>
      <trkpt lat="44.225616" lon="7.04317">
        <ele>2719.6</ele>
        <time>2026-08-05T09:35:45Z</time>
      </trkpt>
      <trkpt lat="44.225617" lon="7.04318">
        <ele>2719.4</ele>
        <time>2026-08-05T09:35:54Z</time>
      </trkpt>
      <trkpt lat="44.225604" lon="7.043158">
        <ele>2719.4</ele>
        <time>2026-08-05T09:36:02Z</time>
      </trkpt>
      <trkpt lat="44.225615" lon="7.043148">
        <ele>2719.4</ele>
        <time>2026-08-05T09:36:11Z</time>
      </trkpt>
      <trkpt lat="44.225624" lon="7.043161">
        <ele>2719.4</ele>
        <time>2026-08-05T09:36:19Z</time>
      </trkpt>
      <trkpt lat="44.225611" lon="7.043167">
        <ele>2719.4</ele>
        <time>2026-08-05T09:36:30Z</time>
      </trkpt>
      <trkpt lat="44.225609" lon="7.043169">
        <ele>2719.6</ele>
        <time>2026-08-05T09:36:34Z</time>
      </trkpt>
      <trkpt lat="44.225605" lon="7.043162">
        <ele>2719.6</ele>
        <time>2026-08-05T09:36:42Z</time>
      </trkpt>
      <trkpt lat="44.225602" lon="7.043162">
        <ele>2719.6</ele>
        <time>2026-08-05T09:36:43Z</time>
      </trkpt>
      <trkpt lat="44.225605" lon="7.043166">
        <ele>2719.6</ele>
        <time>2026-08-05T09:36:52Z</time>
      </trkpt>
      <trkpt lat="44.225597" lon="7.043182">
        <ele>2720.0</ele>
        <time>2026-08-05T09:37:01Z</time>
      </trkpt>
      <trkpt lat="44.2256" lon="7.043181">
        <ele>2720.0</ele>
        <time>2026-08-05T09:37:02Z</time>
      </trkpt>
      <trkpt lat="44.225603" lon="7.043174">
        <ele>2719.8</ele>
        <time>2026-08-05T09:37:04Z</time>
      </trkpt>
      <trkpt lat="44.22561" lon="7.043184">
        <ele>2720.0</ele>
        <time>2026-08-05T09:37:12Z</time>
      </trkpt>
      <trkpt lat="44.225617" lon="7.043164">
        <ele>2720.0</ele>
        <time>2026-08-05T09:37:21Z</time>
      </trkpt>
      <trkpt lat="44.225616" lon="7.043162">
        <ele>2720.0</ele>
        <time>2026-08-05T09:37:23Z</time>
      </trkpt>
      <trkpt lat="44.225584" lon="7.04317">
        <ele>2720.2</ele>
        <time>2026-08-05T09:37:34Z</time>
      </trkpt>
      <trkpt lat="44.225595" lon="7.04317">
        <ele>2720.0</ele>
        <time>2026-08-05T09:37:45Z</time>
      </trkpt>
      <trkpt lat="44.225618" lon="7.043157">
        <ele>2720.4</ele>
        <time>2026-08-05T09:37:52Z</time>
      </trkpt>
      <trkpt lat="44.225621" lon="7.043156">
        <ele>2720.6</ele>
        <time>2026-08-05T09:37:56Z</time>
      </trkpt>
      <trkpt lat="44.22561" lon="7.043176">
        <ele>2720.6</ele>
        <time>2026-08-05T09:38:07Z</time>
      </trkpt>
      <trkpt lat="44.225614" lon="7.043166">
        <ele>2720.6</ele>
        <time>2026-08-05T09:38:16Z</time>
      </trkpt>
      <trkpt lat="44.225609" lon="7.043157">
        <ele>2720.2</ele>
        <time>2026-08-05T09:38:20Z</time>
      </trkpt>
      <trkpt lat="44.225603" lon="7.043159">
        <ele>2721.0</ele>
        <time>2026-08-05T09:38:29Z</time>
      </trkpt>
      <trkpt lat="44.22559" lon="7.043182">
        <ele>2720.6</ele>
        <time>2026-08-05T09:38:39Z</time>
      </trkpt>
      <trkpt lat="44.225605" lon="7.04319">
        <ele>2720.4</ele>
        <time>2026-08-05T09:38:51Z</time>
      </trkpt>
      <trkpt lat="44.225604" lon="7.043185">
        <ele>2720.4</ele>
        <time>2026-08-05T09:39:01Z</time>
      </trkpt>
      <trkpt lat="44.225592" lon="7.043181">
        <ele>2720.4</ele>
        <time>2026-08-05T09:39:10Z</time>
      </trkpt>
      <trkpt lat="44.22559" lon="7.043175">
        <ele>2720.4</ele>
        <time>2026-08-05T09:39:21Z</time>
      </trkpt>
      <trkpt lat="44.225595" lon="7.043187">
        <ele>2720.4</ele>
        <time>2026-08-05T09:39:30Z</time>
      </trkpt>
      <trkpt lat="44.225595" lon="7.043182">
        <ele>2720.0</ele>
        <time>2026-08-05T09:39:35Z</time>
      </trkpt>
      <trkpt lat="44.225592" lon="7.043174">
        <ele>2720.0</ele>
        <time>2026-08-05T09:39:38Z</time>
      </trkpt>
      <trkpt lat="44.225593" lon="7.043174">
        <ele>2719.8</ele>
        <time>2026-08-05T09:39:41Z</time>
      </trkpt>
      <trkpt lat="44.225595" lon="7.043177">
        <ele>2719.4</ele>
        <time>2026-08-05T09:39:45Z</time>
      </trkpt>
      <trkpt lat="44.225595" lon="7.043177">
        <ele>2719.6</ele>
        <time>2026-08-05T09:39:48Z</time>
      </trkpt>
      <trkpt lat="44.225598" lon="7.04318">
        <ele>2719.8</ele>
        <time>2026-08-05T09:39:54Z</time>
      </trkpt>
      <trkpt lat="44.225595" lon="7.043177">
        <ele>2719.6</ele>
        <time>2026-08-05T09:40:02Z</time>
      </trkpt>
      <trkpt lat="44.225603" lon="7.043176">
        <ele>2719.4</ele>
        <time>2026-08-05T09:40:08Z</time>
      </trkpt>
      <trkpt lat="44.225599" lon="7.043172">
        <ele>2719.4</ele>
        <time>2026-08-05T09:40:11Z</time>
      </trkpt>
      <trkpt lat="44.225596" lon="7.043181">
        <ele>2719.8</ele>
        <time>2026-08-05T09:40:19Z</time>
      </trkpt>
      <trkpt lat="44.22561" lon="7.043176">
        <ele>2719.6</ele>
        <time>2026-08-05T09:40:27Z</time>
      </trkpt>
      <trkpt lat="44.225611" lon="7.04317">
        <ele>2719.6</ele>
        <time>2026-08-05T09:40:31Z</time>
      </trkpt>
      <trkpt lat="44.225615" lon="7.043165">
        <ele>2719.4</ele>
        <time>2026-08-05T09:40:38Z</time>
      </trkpt>
      <trkpt lat="44.225616" lon="7.043163">
        <ele>2719.2</ele>
        <time>2026-08-05T09:40:39Z</time>
      </trkpt>
      <trkpt lat="44.225617" lon="7.043155">
        <ele>2719.0</ele>
        <time>2026-08-05T09:40:41Z</time>
      </trkpt>
      <trkpt lat="44.225626" lon="7.043161">
        <ele>2718.8</ele>
        <time>2026-08-05T09:40:48Z</time>
      </trkpt>
      <trkpt lat="44.225624" lon="7.043162">
        <ele>2718.8</ele>
        <time>2026-08-05T09:40:50Z</time>
      </trkpt>
      <trkpt lat="44.225623" lon="7.043167">
        <ele>2719.2</ele>
        <time>2026-08-05T09:40:57Z</time>
      </trkpt>
      <trkpt lat="44.225608" lon="7.043165">
        <ele>2719.2</ele>
        <time>2026-08-05T09:41:03Z</time>
      </trkpt>
      <trkpt lat="44.225604" lon="7.043164">
        <ele>2719.4</ele>
        <time>2026-08-05T09:41:04Z</time>
      </trkpt>
      <trkpt lat="44.2256" lon="7.043165">
        <ele>2719.4</ele>
        <time>2026-08-05T09:41:05Z</time>
      </trkpt>
      <trkpt lat="44.225598" lon="7.043165">
        <ele>2719.4</ele>
        <time>2026-08-05T09:41:06Z</time>
      </trkpt>
      <trkpt lat="44.225595" lon="7.043166">
        <ele>2719.2</ele>
        <time>2026-08-05T09:41:07Z</time>
      </trkpt>
      <trkpt lat="44.225591" lon="7.043175">
        <ele>2720.0</ele>
        <time>2026-08-05T09:41:13Z</time>
      </trkpt>
      <trkpt lat="44.225605" lon="7.043192">
        <ele>2720.4</ele>
        <time>2026-08-05T09:41:27Z</time>
      </trkpt>
      <trkpt lat="44.22558" lon="7.043196">
        <ele>2720.0</ele>
        <time>2026-08-05T09:41:34Z</time>
      </trkpt>
      <trkpt lat="44.225576" lon="7.043183">
        <ele>2720.0</ele>
        <time>2026-08-05T09:41:41Z</time>
      </trkpt>
      <trkpt lat="44.225579" lon="7.043182">
        <ele>2719.8</ele>
        <time>2026-08-05T09:41:53Z</time>
      </trkpt>
      <trkpt lat="44.225579" lon="7.043182">
        <ele>2719.8</ele>
        <time>2026-08-05T09:41:56Z</time>
      </trkpt>
      <trkpt lat="44.225579" lon="7.043182">
        <ele>2720.0</ele>
        <time>2026-08-05T09:41:58Z</time>
      </trkpt>
      <trkpt lat="44.22559" lon="7.043184">
        <ele>2720.4</ele>
        <time>2026-08-05T09:42:10Z</time>
      </trkpt>
      <trkpt lat="44.225587" lon="7.043182">
        <ele>2719.8</ele>
        <time>2026-08-05T09:42:24Z</time>
      </trkpt>
      <trkpt lat="44.225574" lon="7.043174">
        <ele>2719.6</ele>
        <time>2026-08-05T09:42:32Z</time>
      </trkpt>
      <trkpt lat="44.225579" lon="7.043182">
        <ele>2719.6</ele>
        <time>2026-08-05T09:42:35Z</time>
      </trkpt>
      <trkpt lat="44.225579" lon="7.043182">
        <ele>2719.6</ele>
        <time>2026-08-05T09:42:37Z</time>
      </trkpt>
      <trkpt lat="44.225579" lon="7.043182">
        <ele>2719.6</ele>
        <time>2026-08-05T09:42:38Z</time>
      </trkpt>
      <trkpt lat="44.225589" lon="7.043172">
        <ele>2719.2</ele>
        <time>2026-08-05T09:42:52Z</time>
      </trkpt>
      <trkpt lat="44.225613" lon="7.043162">
        <ele>2719.0</ele>
        <time>2026-08-05T09:43:05Z</time>
      </trkpt>
      <trkpt lat="44.225628" lon="7.043164">
        <ele>2719.0</ele>
        <time>2026-08-05T09:43:16Z</time>
      </trkpt>
      <trkpt lat="44.22561" lon="7.043163">
        <ele>2719.4</ele>
        <time>2026-08-05T09:43:21Z</time>
      </trkpt>
      <trkpt lat="44.22559" lon="7.043169">
        <ele>2719.4</ele>
        <time>2026-08-05T09:43:25Z</time>
      </trkpt>
      <trkpt lat="44.225587" lon="7.04317">
        <ele>2719.4</ele>
        <time>2026-08-05T09:43:35Z</time>
      </trkpt>
      <trkpt lat="44.225579" lon="7.043182">
        <ele>2719.2</ele>
        <time>2026-08-05T09:43:40Z</time>
      </trkpt>
      <trkpt lat="44.225589" lon="7.043179">
        <ele>2719.2</ele>
        <time>2026-08-05T09:43:51Z</time>
      </trkpt>
      <trkpt lat="44.225592" lon="7.043178">
        <ele>2719.2</ele>
        <time>2026-08-05T09:43:54Z</time>
      </trkpt>
      <trkpt lat="44.225603" lon="7.043167">
        <ele>2719.2</ele>
        <time>2026-08-05T09:44:01Z</time>
      </trkpt>
      <trkpt lat="44.225592" lon="7.043164">
        <ele>2718.8</ele>
        <time>2026-08-05T09:44:11Z</time>
      </trkpt>
      <trkpt lat="44.22559" lon="7.043166">
        <ele>2718.8</ele>
        <time>2026-08-05T09:44:12Z</time>
      </trkpt>
      <trkpt lat="44.225591" lon="7.043167">
        <ele>2718.8</ele>
        <time>2026-08-05T09:44:13Z</time>
      </trkpt>
      <trkpt lat="44.225601" lon="7.043169">
        <ele>2718.4</ele>
        <time>2026-08-05T09:44:17Z</time>
      </trkpt>
      <trkpt lat="44.225609" lon="7.043176">
        <ele>2718.6</ele>
        <time>2026-08-05T09:44:23Z</time>
      </trkpt>
      <trkpt lat="44.225602" lon="7.043163">
        <ele>2718.6</ele>
        <time>2026-08-05T09:44:32Z</time>
      </trkpt>
      <trkpt lat="44.225591" lon="7.04316">
        <ele>2719.2</ele>
        <time>2026-08-05T09:44:42Z</time>
      </trkpt>
      <trkpt lat="44.225593" lon="7.043163">
        <ele>2719.4</ele>
        <time>2026-08-05T09:44:46Z</time>
      </trkpt>
      <trkpt lat="44.225582" lon="7.04317">
        <ele>2719.4</ele>
        <time>2026-08-05T09:44:51Z</time>
      </trkpt>
      <trkpt lat="44.225566" lon="7.043188">
        <ele>2719.8</ele>
        <time>2026-08-05T09:45:00Z</time>
      </trkpt>
      <trkpt lat="44.225587" lon="7.043178">
        <ele>2719.6</ele>
        <time>2026-08-05T09:45:09Z</time>
      </trkpt>
      <trkpt lat="44.225575" lon="7.043187">
        <ele>2719.4</ele>
        <time>2026-08-05T09:45:15Z</time>
      </trkpt>
      <trkpt lat="44.225572" lon="7.04318">
        <ele>2719.6</ele>
        <time>2026-08-05T09:45:17Z</time>
      </trkpt>
      <trkpt lat="44.225572" lon="7.043178">
        <ele>2719.8</ele>
        <time>2026-08-05T09:45:18Z</time>
      </trkpt>
      <trkpt lat="44.225572" lon="7.043177">
        <ele>2719.8</ele>
        <time>2026-08-05T09:45:19Z</time>
      </trkpt>
      <trkpt lat="44.225573" lon="7.043161">
        <ele>2719.6</ele>
        <time>2026-08-05T09:45:22Z</time>
      </trkpt>
      <trkpt lat="44.225572" lon="7.043155">
        <ele>2719.4</ele>
        <time>2026-08-05T09:45:25Z</time>
      </trkpt>
      <trkpt lat="44.225571" lon="7.043159">
        <ele>2719.2</ele>
        <time>2026-08-05T09:45:36Z</time>
      </trkpt>
      <trkpt lat="44.225566" lon="7.043177">
        <ele>2719.4</ele>
        <time>2026-08-05T09:45:41Z</time>
      </trkpt>
      <trkpt lat="44.225565" lon="7.043177">
        <ele>2719.4</ele>
        <time>2026-08-05T09:45:43Z</time>
      </trkpt>
      <trkpt lat="44.225565" lon="7.043177">
        <ele>2719.2</ele>
        <time>2026-08-05T09:45:53Z</time>
      </trkpt>
      <trkpt lat="44.225551" lon="7.043185">
        <ele>2720.0</ele>
        <time>2026-08-05T09:46:00Z</time>
      </trkpt>
      <trkpt lat="44.225551" lon="7.043185">
        <ele>2720.0</ele>
        <time>2026-08-05T09:46:11Z</time>
      </trkpt>
      <trkpt lat="44.22556" lon="7.043162">
        <ele>2720.2</ele>
        <time>2026-08-05T09:46:20Z</time>
      </trkpt>
      <trkpt lat="44.22555" lon="7.04317">
        <ele>2720.4</ele>
        <time>2026-08-05T09:46:24Z</time>
      </trkpt>
      <trkpt lat="44.225548" lon="7.043185">
        <ele>2720.4</ele>
        <time>2026-08-05T09:46:27Z</time>
      </trkpt>
      <trkpt lat="44.225543" lon="7.04319">
        <ele>2721.2</ele>
        <time>2026-08-05T09:46:36Z</time>
      </trkpt>
      <trkpt lat="44.225526" lon="7.043188">
        <ele>2721.0</ele>
        <time>2026-08-05T09:46:45Z</time>
      </trkpt>
      <trkpt lat="44.225502" lon="7.043178">
        <ele>2721.0</ele>
        <time>2026-08-05T09:46:53Z</time>
      </trkpt>
      <trkpt lat="44.22552" lon="7.043179">
        <ele>2720.2</ele>
        <time>2026-08-05T09:47:00Z</time>
      </trkpt>
      <trkpt lat="44.225526" lon="7.043193">
        <ele>2719.8</ele>
        <time>2026-08-05T09:47:10Z</time>
      </trkpt>
      <trkpt lat="44.225527" lon="7.043191">
        <ele>2719.8</ele>
        <time>2026-08-05T09:47:11Z</time>
      </trkpt>
      <trkpt lat="44.225535" lon="7.043175">
        <ele>2719.4</ele>
        <time>2026-08-05T09:47:17Z</time>
      </trkpt>
      <trkpt lat="44.225533" lon="7.043179">
        <ele>2719.2</ele>
        <time>2026-08-05T09:47:21Z</time>
      </trkpt>
      <trkpt lat="44.225515" lon="7.043188">
        <ele>2720.2</ele>
        <time>2026-08-05T09:47:32Z</time>
      </trkpt>
      <trkpt lat="44.225517" lon="7.043179">
        <ele>2720.2</ele>
        <time>2026-08-05T09:47:42Z</time>
      </trkpt>
      <trkpt lat="44.225516" lon="7.043178">
        <ele>2720.2</ele>
        <time>2026-08-05T09:47:43Z</time>
      </trkpt>
      <trkpt lat="44.225514" lon="7.043175">
        <ele>2720.2</ele>
        <time>2026-08-05T09:47:45Z</time>
      </trkpt>
      <trkpt lat="44.225516" lon="7.043175">
        <ele>2720.4</ele>
        <time>2026-08-05T09:47:51Z</time>
      </trkpt>
      <trkpt lat="44.225524" lon="7.043181">
        <ele>2720.6</ele>
        <time>2026-08-05T09:47:53Z</time>
      </trkpt>
      <trkpt lat="44.225508" lon="7.043203">
        <ele>2719.6</ele>
        <time>2026-08-05T09:48:03Z</time>
      </trkpt>
      <trkpt lat="44.225518" lon="7.043182">
        <ele>2720.0</ele>
        <time>2026-08-05T09:48:15Z</time>
      </trkpt>
      <trkpt lat="44.225524" lon="7.043179">
        <ele>2719.4</ele>
        <time>2026-08-05T09:48:20Z</time>
      </trkpt>
      <trkpt lat="44.225539" lon="7.043188">
        <ele>2719.2</ele>
        <time>2026-08-05T09:48:27Z</time>
      </trkpt>
      <trkpt lat="44.22554" lon="7.043187">
        <ele>2718.8</ele>
        <time>2026-08-05T09:48:28Z</time>
      </trkpt>
      <trkpt lat="44.225532" lon="7.043183">
        <ele>2718.6</ele>
        <time>2026-08-05T09:48:35Z</time>
      </trkpt>
      <trkpt lat="44.225528" lon="7.043175">
        <ele>2718.4</ele>
        <time>2026-08-05T09:48:37Z</time>
      </trkpt>
      <trkpt lat="44.225547" lon="7.04317">
        <ele>2717.8</ele>
        <time>2026-08-05T09:48:48Z</time>
      </trkpt>
      <trkpt lat="44.225544" lon="7.043174">
        <ele>2717.2</ele>
        <time>2026-08-05T09:48:51Z</time>
      </trkpt>
      <trkpt lat="44.225538" lon="7.043183">
        <ele>2717.2</ele>
        <time>2026-08-05T09:49:01Z</time>
      </trkpt>
      <trkpt lat="44.225543" lon="7.043187">
        <ele>2717.2</ele>
        <time>2026-08-05T09:49:02Z</time>
      </trkpt>
      <trkpt lat="44.225547" lon="7.043191">
        <ele>2717.0</ele>
        <time>2026-08-05T09:49:04Z</time>
      </trkpt>
      <trkpt lat="44.225549" lon="7.043194">
        <ele>2717.0</ele>
        <time>2026-08-05T09:49:06Z</time>
      </trkpt>
      <trkpt lat="44.225534" lon="7.043184">
        <ele>2717.2</ele>
        <time>2026-08-05T09:49:11Z</time>
      </trkpt>
      <trkpt lat="44.225519" lon="7.043153">
        <ele>2716.6</ele>
        <time>2026-08-05T09:49:22Z</time>
      </trkpt>
      <trkpt lat="44.225523" lon="7.04318">
        <ele>2716.4</ele>
        <time>2026-08-05T09:49:31Z</time>
      </trkpt>
      <trkpt lat="44.22551" lon="7.043172">
        <ele>2716.6</ele>
        <time>2026-08-05T09:49:39Z</time>
      </trkpt>
      <trkpt lat="44.225514" lon="7.043204">
        <ele>2717.8</ele>
        <time>2026-08-05T09:49:48Z</time>
      </trkpt>
      <trkpt lat="44.22551" lon="7.0432">
        <ele>2718.0</ele>
        <time>2026-08-05T09:49:54Z</time>
      </trkpt>
      <trkpt lat="44.225508" lon="7.043194">
        <ele>2718.4</ele>
        <time>2026-08-05T09:49:56Z</time>
      </trkpt>
      <trkpt lat="44.225504" lon="7.043195">
        <ele>2718.6</ele>
        <time>2026-08-05T09:49:58Z</time>
      </trkpt>
      <trkpt lat="44.225516" lon="7.043189">
        <ele>2718.2</ele>
        <time>2026-08-05T09:50:08Z</time>
      </trkpt>
      <trkpt lat="44.225528" lon="7.043177">
        <ele>2718.2</ele>
        <time>2026-08-05T09:50:18Z</time>
      </trkpt>
      <trkpt lat="44.225525" lon="7.04317">
        <ele>2718.4</ele>
        <time>2026-08-05T09:50:26Z</time>
      </trkpt>
      <trkpt lat="44.225515" lon="7.043171">
        <ele>2718.4</ele>
        <time>2026-08-05T09:50:30Z</time>
      </trkpt>
      <trkpt lat="44.225514" lon="7.043148">
        <ele>2718.0</ele>
        <time>2026-08-05T09:50:41Z</time>
      </trkpt>
      <trkpt lat="44.225514" lon="7.043149">
        <ele>2717.6</ele>
        <time>2026-08-05T09:50:45Z</time>
      </trkpt>
      <trkpt lat="44.225515" lon="7.04315">
        <ele>2717.6</ele>
        <time>2026-08-05T09:50:47Z</time>
      </trkpt>
      <trkpt lat="44.225514" lon="7.04315">
        <ele>2717.6</ele>
        <time>2026-08-05T09:50:48Z</time>
      </trkpt>
      <trkpt lat="44.225513" lon="7.043153">
        <ele>2717.8</ele>
        <time>2026-08-05T09:50:49Z</time>
      </trkpt>
      <trkpt lat="44.225511" lon="7.043161">
        <ele>2717.8</ele>
        <time>2026-08-05T09:50:50Z</time>
      </trkpt>
      <trkpt lat="44.225511" lon="7.043165">
        <ele>2717.8</ele>
        <time>2026-08-05T09:50:51Z</time>
      </trkpt>
      <trkpt lat="44.225508" lon="7.043169">
        <ele>2718.0</ele>
        <time>2026-08-05T09:50:54Z</time>
      </trkpt>
      <trkpt lat="44.225508" lon="7.043176">
        <ele>2719.4</ele>
        <time>2026-08-05T09:50:59Z</time>
      </trkpt>
      <trkpt lat="44.225502" lon="7.043186">
        <ele>2719.2</ele>
        <time>2026-08-05T09:51:05Z</time>
      </trkpt>
      <trkpt lat="44.225488" lon="7.04318">
        <ele>2718.8</ele>
        <time>2026-08-05T09:51:14Z</time>
      </trkpt>
      <trkpt lat="44.225486" lon="7.043169">
        <ele>2719.0</ele>
        <time>2026-08-05T09:51:17Z</time>
      </trkpt>
      <trkpt lat="44.225484" lon="7.043205">
        <ele>2718.6</ele>
        <time>2026-08-05T09:51:29Z</time>
      </trkpt>
      <trkpt lat="44.225477" lon="7.043196">
        <ele>2719.4</ele>
        <time>2026-08-05T09:51:38Z</time>
      </trkpt>
      <trkpt lat="44.225477" lon="7.043196">
        <ele>2719.8</ele>
        <time>2026-08-05T09:51:45Z</time>
      </trkpt>
      <trkpt lat="44.225479" lon="7.043192">
        <ele>2719.8</ele>
        <time>2026-08-05T09:51:46Z</time>
      </trkpt>
      <trkpt lat="44.225479" lon="7.04319">
        <ele>2719.6</ele>
        <time>2026-08-05T09:51:49Z</time>
      </trkpt>
      <trkpt lat="44.225465" lon="7.043186">
        <ele>2720.2</ele>
        <time>2026-08-05T09:51:56Z</time>
      </trkpt>
      <trkpt lat="44.22547" lon="7.043185">
        <ele>2720.4</ele>
        <time>2026-08-05T09:51:59Z</time>
      </trkpt>
      <trkpt lat="44.225466" lon="7.043186">
        <ele>2719.8</ele>
        <time>2026-08-05T09:52:09Z</time>
      </trkpt>
      <trkpt lat="44.225457" lon="7.043193">
        <ele>2719.2</ele>
        <time>2026-08-05T09:52:13Z</time>
      </trkpt>
      <trkpt lat="44.225473" lon="7.043193">
        <ele>2719.0</ele>
        <time>2026-08-05T09:52:16Z</time>
      </trkpt>
      <trkpt lat="44.225468" lon="7.043193">
        <ele>2719.0</ele>
        <time>2026-08-05T09:52:24Z</time>
      </trkpt>
      <trkpt lat="44.225466" lon="7.043197">
        <ele>2719.0</ele>
        <time>2026-08-05T09:52:28Z</time>
      </trkpt>
      <trkpt lat="44.225477" lon="7.043179">
        <ele>2719.2</ele>
        <time>2026-08-05T09:52:37Z</time>
      </trkpt>
      <trkpt lat="44.225458" lon="7.043165">
        <ele>2719.0</ele>
        <time>2026-08-05T09:52:46Z</time>
      </trkpt>
      <trkpt lat="44.225461" lon="7.043168">
        <ele>2719.8</ele>
        <time>2026-08-05T09:52:57Z</time>
      </trkpt>
      <trkpt lat="44.225447" lon="7.043173">
        <ele>2719.8</ele>
        <time>2026-08-05T09:53:07Z</time>
      </trkpt>
      <trkpt lat="44.225445" lon="7.043166">
        <ele>2719.6</ele>
        <time>2026-08-05T09:53:18Z</time>
      </trkpt>
      <trkpt lat="44.225448" lon="7.04316">
        <ele>2719.2</ele>
        <time>2026-08-05T09:53:29Z</time>
      </trkpt>
      <trkpt lat="44.22545" lon="7.043151">
        <ele>2719.4</ele>
        <time>2026-08-05T09:53:38Z</time>
      </trkpt>
      <trkpt lat="44.225453" lon="7.043157">
        <ele>2719.6</ele>
        <time>2026-08-05T09:53:48Z</time>
      </trkpt>
      <trkpt lat="44.225449" lon="7.043159">
        <ele>2719.8</ele>
        <time>2026-08-05T09:53:58Z</time>
      </trkpt>
      <trkpt lat="44.225461" lon="7.043166">
        <ele>2720.0</ele>
        <time>2026-08-05T09:54:09Z</time>
      </trkpt>
      <trkpt lat="44.225459" lon="7.043162">
        <ele>2720.2</ele>
        <time>2026-08-05T09:54:20Z</time>
      </trkpt>
      <trkpt lat="44.225457" lon="7.043159">
        <ele>2720.4</ele>
        <time>2026-08-05T09:54:33Z</time>
      </trkpt>
      <trkpt lat="44.225473" lon="7.043128">
        <ele>2720.8</ele>
        <time>2026-08-05T09:54:41Z</time>
      </trkpt>
      <trkpt lat="44.22546" lon="7.043114">
        <ele>2721.0</ele>
        <time>2026-08-05T09:54:49Z</time>
      </trkpt>
      <trkpt lat="44.225454" lon="7.043116">
        <ele>2721.2</ele>
        <time>2026-08-05T09:54:51Z</time>
      </trkpt>
      <trkpt lat="44.225455" lon="7.043113">
        <ele>2721.6</ele>
        <time>2026-08-05T09:54:54Z</time>
      </trkpt>
      <trkpt lat="44.225458" lon="7.043113">
        <ele>2721.6</ele>
        <time>2026-08-05T09:54:56Z</time>
      </trkpt>
      <trkpt lat="44.225467" lon="7.043105">
        <ele>2721.6</ele>
        <time>2026-08-05T09:55:01Z</time>
      </trkpt>
      <trkpt lat="44.225467" lon="7.043105">
        <ele>2721.4</ele>
        <time>2026-08-05T09:55:03Z</time>
      </trkpt>
      <trkpt lat="44.225467" lon="7.043105">
        <ele>2721.6</ele>
        <time>2026-08-05T09:55:05Z</time>
      </trkpt>
      <trkpt lat="44.225467" lon="7.043105">
        <ele>2721.4</ele>
        <time>2026-08-05T09:55:15Z</time>
      </trkpt>
      <trkpt lat="44.225461" lon="7.043074">
        <ele>2721.8</ele>
        <time>2026-08-05T09:55:24Z</time>
      </trkpt>
      <trkpt lat="44.225459" lon="7.043081">
        <ele>2721.6</ele>
        <time>2026-08-05T09:55:32Z</time>
      </trkpt>
      <trkpt lat="44.225455" lon="7.043076">
        <ele>2722.4</ele>
        <time>2026-08-05T09:55:36Z</time>
      </trkpt>
      <trkpt lat="44.225459" lon="7.043086">
        <ele>2722.6</ele>
        <time>2026-08-05T09:55:40Z</time>
      </trkpt>
      <trkpt lat="44.225458" lon="7.04308">
        <ele>2722.4</ele>
        <time>2026-08-05T09:55:44Z</time>
      </trkpt>
      <trkpt lat="44.225466" lon="7.043066">
        <ele>2722.2</ele>
        <time>2026-08-05T09:55:51Z</time>
      </trkpt>
      <trkpt lat="44.225461" lon="7.043067">
        <ele>2721.4</ele>
        <time>2026-08-05T09:56:06Z</time>
      </trkpt>
      <trkpt lat="44.22546" lon="7.043074">
        <ele>2722.0</ele>
        <time>2026-08-05T09:56:16Z</time>
      </trkpt>
      <trkpt lat="44.225486" lon="7.043063">
        <ele>2722.2</ele>
        <time>2026-08-05T09:56:27Z</time>
      </trkpt>
      <trkpt lat="44.225484" lon="7.043064">
        <ele>2722.2</ele>
        <time>2026-08-05T09:56:28Z</time>
      </trkpt>
      <trkpt lat="44.22546" lon="7.043062">
        <ele>2722.4</ele>
        <time>2026-08-05T09:56:40Z</time>
      </trkpt>
      <trkpt lat="44.225454" lon="7.043038">
        <ele>2723.4</ele>
        <time>2026-08-05T09:56:49Z</time>
      </trkpt>
      <trkpt lat="44.225467" lon="7.043018">
        <ele>2724.2</ele>
        <time>2026-08-05T09:56:57Z</time>
      </trkpt>
      <trkpt lat="44.225465" lon="7.04301">
        <ele>2724.4</ele>
        <time>2026-08-05T09:57:05Z</time>
      </trkpt>
      <trkpt lat="44.225465" lon="7.043009">
        <ele>2724.4</ele>
        <time>2026-08-05T09:57:06Z</time>
      </trkpt>
      <trkpt lat="44.225463" lon="7.043008">
        <ele>2724.6</ele>
        <time>2026-08-05T09:57:10Z</time>
      </trkpt>
      <trkpt lat="44.225472" lon="7.043005">
        <ele>2724.6</ele>
        <time>2026-08-05T09:57:16Z</time>
      </trkpt>
      <trkpt lat="44.225493" lon="7.043003">
        <ele>2725.2</ele>
        <time>2026-08-05T09:57:26Z</time>
      </trkpt>
      <trkpt lat="44.225495" lon="7.043014">
        <ele>2725.2</ele>
        <time>2026-08-05T09:57:35Z</time>
      </trkpt>
      <trkpt lat="44.225488" lon="7.043017">
        <ele>2725.4</ele>
        <time>2026-08-05T09:57:38Z</time>
      </trkpt>
      <trkpt lat="44.225481" lon="7.043015">
        <ele>2725.6</ele>
        <time>2026-08-05T09:57:48Z</time>
      </trkpt>
      <trkpt lat="44.225485" lon="7.043014">
        <ele>2725.6</ele>
        <time>2026-08-05T09:57:59Z</time>
      </trkpt>
      <trkpt lat="44.225479" lon="7.042985">
        <ele>2725.6</ele>
        <time>2026-08-05T09:58:04Z</time>
      </trkpt>
      <trkpt lat="44.225477" lon="7.042984">
        <ele>2725.6</ele>
        <time>2026-08-05T09:58:05Z</time>
      </trkpt>
      <trkpt lat="44.225471" lon="7.042978">
        <ele>2725.4</ele>
        <time>2026-08-05T09:58:07Z</time>
      </trkpt>
      <trkpt lat="44.225464" lon="7.042951">
        <ele>2726.6</ele>
        <time>2026-08-05T09:58:14Z</time>
      </trkpt>
      <trkpt lat="44.225463" lon="7.042948">
        <ele>2727.4</ele>
        <time>2026-08-05T09:58:16Z</time>
      </trkpt>
      <trkpt lat="44.225463" lon="7.042943">
        <ele>2727.8</ele>
        <time>2026-08-05T09:58:17Z</time>
      </trkpt>
      <trkpt lat="44.22544" lon="7.042893">
        <ele>2728.8</ele>
        <time>2026-08-05T09:58:26Z</time>
      </trkpt>
      <trkpt lat="44.225433" lon="7.042883">
        <ele>2729.0</ele>
        <time>2026-08-05T09:58:28Z</time>
      </trkpt>
      <trkpt lat="44.225426" lon="7.042872">
        <ele>2729.8</ele>
        <time>2026-08-05T09:58:30Z</time>
      </trkpt>
      <trkpt lat="44.225419" lon="7.042875">
        <ele>2731.0</ele>
        <time>2026-08-05T09:58:33Z</time>
      </trkpt>
      <trkpt lat="44.225413" lon="7.042872">
        <ele>2731.4</ele>
        <time>2026-08-05T09:58:35Z</time>
      </trkpt>
      <trkpt lat="44.225396" lon="7.042845">
        <ele>2732.2</ele>
        <time>2026-08-05T09:58:42Z</time>
      </trkpt>
      <trkpt lat="44.225392" lon="7.042843">
        <ele>2733.0</ele>
        <time>2026-08-05T09:58:44Z</time>
      </trkpt>
      <trkpt lat="44.225388" lon="7.042837">
        <ele>2733.2</ele>
        <time>2026-08-05T09:58:46Z</time>
      </trkpt>
      <trkpt lat="44.225375" lon="7.042823">
        <ele>2734.2</ele>
        <time>2026-08-05T09:58:52Z</time>
      </trkpt>
      <trkpt lat="44.225372" lon="7.042817">
        <ele>2734.4</ele>
        <time>2026-08-05T09:58:53Z</time>
      </trkpt>
      <trkpt lat="44.225363" lon="7.042792">
        <ele>2735.4</ele>
        <time>2026-08-05T09:58:57Z</time>
      </trkpt>
      <trkpt lat="44.225365" lon="7.042776">
        <ele>2735.8</ele>
        <time>2026-08-05T09:59:01Z</time>
      </trkpt>
      <trkpt lat="44.225363" lon="7.042749">
        <ele>2736.4</ele>
        <time>2026-08-05T09:59:11Z</time>
      </trkpt>
      <trkpt lat="44.22536" lon="7.042744">
        <ele>2736.6</ele>
        <time>2026-08-05T09:59:12Z</time>
      </trkpt>
      <trkpt lat="44.225344" lon="7.042719">
        <ele>2737.4</ele>
        <time>2026-08-05T09:59:18Z</time>
      </trkpt>
      <trkpt lat="44.225345" lon="7.042723">
        <ele>2737.6</ele>
        <time>2026-08-05T09:59:21Z</time>
      </trkpt>
      <trkpt lat="44.225343" lon="7.042693">
        <ele>2738.6</ele>
        <time>2026-08-05T09:59:29Z</time>
      </trkpt>
      <trkpt lat="44.225341" lon="7.042686">
        <ele>2738.8</ele>
        <time>2026-08-05T09:59:30Z</time>
      </trkpt>
      <trkpt lat="44.225338" lon="7.04267">
        <ele>2739.6</ele>
        <time>2026-08-05T09:59:34Z</time>
      </trkpt>
      <trkpt lat="44.225339" lon="7.042659">
        <ele>2740.0</ele>
        <time>2026-08-05T09:59:38Z</time>
      </trkpt>
      <trkpt lat="44.225336" lon="7.042639">
        <ele>2740.8</ele>
        <time>2026-08-05T09:59:42Z</time>
      </trkpt>
      <trkpt lat="44.225325" lon="7.042611">
        <ele>2741.6</ele>
        <time>2026-08-05T09:59:48Z</time>
      </trkpt>
      <trkpt lat="44.225325" lon="7.042597">
        <ele>2741.8</ele>
        <time>2026-08-05T09:59:53Z</time>
      </trkpt>
      <trkpt lat="44.225328" lon="7.04259">
        <ele>2742.4</ele>
        <time>2026-08-05T09:59:57Z</time>
      </trkpt>
      <trkpt lat="44.225332" lon="7.042565">
        <ele>2742.8</ele>
        <time>2026-08-05T10:00:01Z</time>
      </trkpt>
      <trkpt lat="44.225332" lon="7.042545">
        <ele>2743.2</ele>
        <time>2026-08-05T10:00:04Z</time>
      </trkpt>
      <trkpt lat="44.225336" lon="7.042548">
        <ele>2743.8</ele>
        <time>2026-08-05T10:00:07Z</time>
      </trkpt>
      <trkpt lat="44.225337" lon="7.042545">
        <ele>2744.0</ele>
        <time>2026-08-05T10:00:08Z</time>
      </trkpt>
      <trkpt lat="44.225338" lon="7.042526">
        <ele>2744.2</ele>
        <time>2026-08-05T10:00:11Z</time>
      </trkpt>
      <trkpt lat="44.225335" lon="7.042514">
        <ele>2744.4</ele>
        <time>2026-08-05T10:00:13Z</time>
      </trkpt>
      <trkpt lat="44.225335" lon="7.042488">
        <ele>2744.8</ele>
        <time>2026-08-05T10:00:18Z</time>
      </trkpt>
      <trkpt lat="44.22533" lon="7.042482">
        <ele>2744.8</ele>
        <time>2026-08-05T10:00:22Z</time>
      </trkpt>
      <trkpt lat="44.225321" lon="7.042461">
        <ele>2744.6</ele>
        <time>2026-08-05T10:00:26Z</time>
      </trkpt>
      <trkpt lat="44.225315" lon="7.042441">
        <ele>2744.8</ele>
        <time>2026-08-05T10:00:30Z</time>
      </trkpt>
      <trkpt lat="44.225324" lon="7.04239">
        <ele>2745.2</ele>
        <time>2026-08-05T10:00:37Z</time>
      </trkpt>
      <trkpt lat="44.225323" lon="7.042387">
        <ele>2745.2</ele>
        <time>2026-08-05T10:00:38Z</time>
      </trkpt>
      <trkpt lat="44.225328" lon="7.042322">
        <ele>2746.0</ele>
        <time>2026-08-05T10:00:45Z</time>
      </trkpt>
      <trkpt lat="44.225334" lon="7.042296">
        <ele>2746.2</ele>
        <time>2026-08-05T10:00:47Z</time>
      </trkpt>
      <trkpt lat="44.225341" lon="7.042274">
        <ele>2746.2</ele>
        <time>2026-08-05T10:00:52Z</time>
      </trkpt>
      <trkpt lat="44.225342" lon="7.042264">
        <ele>2746.4</ele>
        <time>2026-08-05T10:01:01Z</time>
      </trkpt>
      <trkpt lat="44.225341" lon="7.042274">
        <ele>2746.4</ele>
        <time>2026-08-05T10:01:07Z</time>
      </trkpt>
      <trkpt lat="44.225341" lon="7.042274">
        <ele>2746.6</ele>
        <time>2026-08-05T10:01:09Z</time>
      </trkpt>
      <trkpt lat="44.225334" lon="7.042281">
        <ele>2746.6</ele>
        <time>2026-08-05T10:01:10Z</time>
      </trkpt>
      <trkpt lat="44.22534" lon="7.042289">
        <ele>2746.8</ele>
        <time>2026-08-05T10:01:13Z</time>
      </trkpt>
      <trkpt lat="44.225341" lon="7.042274">
        <ele>2747.0</ele>
        <time>2026-08-05T10:01:16Z</time>
      </trkpt>
      <trkpt lat="44.225341" lon="7.042274">
        <ele>2746.8</ele>
        <time>2026-08-05T10:01:34Z</time>
      </trkpt>
      <trkpt lat="44.225335" lon="7.042264">
        <ele>2746.4</ele>
        <time>2026-08-05T10:01:44Z</time>
      </trkpt>
      <trkpt lat="44.225327" lon="7.042235">
        <ele>2746.2</ele>
        <time>2026-08-05T10:01:51Z</time>
      </trkpt>
      <trkpt lat="44.225302" lon="7.042209">
        <ele>2745.6</ele>
        <time>2026-08-05T10:02:01Z</time>
      </trkpt>
      <trkpt lat="44.225287" lon="7.042175">
        <ele>2745.4</ele>
        <time>2026-08-05T10:02:09Z</time>
      </trkpt>
      <trkpt lat="44.225283" lon="7.042164">
        <ele>2745.2</ele>
        <time>2026-08-05T10:02:11Z</time>
      </trkpt>
      <trkpt lat="44.225276" lon="7.042147">
        <ele>2744.0</ele>
        <time>2026-08-05T10:02:15Z</time>
      </trkpt>
      <trkpt lat="44.225273" lon="7.042125">
        <ele>2743.6</ele>
        <time>2026-08-05T10:02:17Z</time>
      </trkpt>
      <trkpt lat="44.225255" lon="7.042019">
        <ele>2743.0</ele>
        <time>2026-08-05T10:02:25Z</time>
      </trkpt>
      <trkpt lat="44.225253" lon="7.041995">
        <ele>2742.6</ele>
        <time>2026-08-05T10:02:27Z</time>
      </trkpt>
      <trkpt lat="44.225249" lon="7.041967">
        <ele>2742.6</ele>
        <time>2026-08-05T10:02:34Z</time>
      </trkpt>
      <trkpt lat="44.225254" lon="7.041921">
        <ele>2742.2</ele>
        <time>2026-08-05T10:02:42Z</time>
      </trkpt>
      <trkpt lat="44.225255" lon="7.041909">
        <ele>2742.0</ele>
        <time>2026-08-05T10:02:43Z</time>
      </trkpt>
      <trkpt lat="44.225258" lon="7.041862">
        <ele>2741.0</ele>
        <time>2026-08-05T10:02:50Z</time>
      </trkpt>
      <trkpt lat="44.225258" lon="7.041852">
        <ele>2740.8</ele>
        <time>2026-08-05T10:02:51Z</time>
      </trkpt>
      <trkpt lat="44.225239" lon="7.041794">
        <ele>2740.0</ele>
        <time>2026-08-05T10:02:58Z</time>
      </trkpt>
      <trkpt lat="44.225231" lon="7.041783">
        <ele>2739.8</ele>
        <time>2026-08-05T10:03:00Z</time>
      </trkpt>
      <trkpt lat="44.225228" lon="7.041776">
        <ele>2739.4</ele>
        <time>2026-08-05T10:03:05Z</time>
      </trkpt>
      <trkpt lat="44.225212" lon="7.041748">
        <ele>2738.6</ele>
        <time>2026-08-05T10:03:11Z</time>
      </trkpt>
      <trkpt lat="44.225207" lon="7.041741">
        <ele>2738.0</ele>
        <time>2026-08-05T10:03:13Z</time>
      </trkpt>
      <trkpt lat="44.225192" lon="7.041726">
        <ele>2737.4</ele>
        <time>2026-08-05T10:03:16Z</time>
      </trkpt>
      <trkpt lat="44.225184" lon="7.041708">
        <ele>2736.4</ele>
        <time>2026-08-05T10:03:19Z</time>
      </trkpt>
      <trkpt lat="44.225184" lon="7.041701">
        <ele>2736.2</ele>
        <time>2026-08-05T10:03:20Z</time>
      </trkpt>
      <trkpt lat="44.22518" lon="7.041697">
        <ele>2736.2</ele>
        <time>2026-08-05T10:03:27Z</time>
      </trkpt>
      <trkpt lat="44.225174" lon="7.041693">
        <ele>2736.6</ele>
        <time>2026-08-05T10:03:30Z</time>
      </trkpt>
      <trkpt lat="44.225168" lon="7.041693">
        <ele>2736.2</ele>
        <time>2026-08-05T10:03:35Z</time>
      </trkpt>
      <trkpt lat="44.225132" lon="7.041657">
        <ele>2735.6</ele>
        <time>2026-08-05T10:03:42Z</time>
      </trkpt>
      <trkpt lat="44.22512" lon="7.041656">
        <ele>2735.0</ele>
        <time>2026-08-05T10:03:45Z</time>
      </trkpt>
      <trkpt lat="44.225093" lon="7.041656">
        <ele>2734.0</ele>
        <time>2026-08-05T10:03:50Z</time>
      </trkpt>
      <trkpt lat="44.225083" lon="7.04165">
        <ele>2733.6</ele>
        <time>2026-08-05T10:03:52Z</time>
      </trkpt>
      <trkpt lat="44.225076" lon="7.041645">
        <ele>2733.0</ele>
        <time>2026-08-05T10:03:54Z</time>
      </trkpt>
      <trkpt lat="44.225052" lon="7.041626">
        <ele>2732.0</ele>
        <time>2026-08-05T10:04:01Z</time>
      </trkpt>
      <trkpt lat="44.225047" lon="7.041619">
        <ele>2731.8</ele>
        <time>2026-08-05T10:04:02Z</time>
      </trkpt>
      <trkpt lat="44.225026" lon="7.041593">
        <ele>2730.8</ele>
        <time>2026-08-05T10:04:08Z</time>
      </trkpt>
      <trkpt lat="44.225026" lon="7.041587">
        <ele>2730.6</ele>
        <time>2026-08-05T10:04:09Z</time>
      </trkpt>
      <trkpt lat="44.224997" lon="7.041564">
        <ele>2729.6</ele>
        <time>2026-08-05T10:04:16Z</time>
      </trkpt>
      <trkpt lat="44.224996" lon="7.041557">
        <ele>2729.4</ele>
        <time>2026-08-05T10:04:17Z</time>
      </trkpt>
      <trkpt lat="44.224972" lon="7.041527">
        <ele>2728.4</ele>
        <time>2026-08-05T10:04:23Z</time>
      </trkpt>
      <trkpt lat="44.224963" lon="7.041517">
        <ele>2727.6</ele>
        <time>2026-08-05T10:04:25Z</time>
      </trkpt>
      <trkpt lat="44.224957" lon="7.041515">
        <ele>2727.2</ele>
        <time>2026-08-05T10:04:26Z</time>
      </trkpt>
      <trkpt lat="44.224915" lon="7.041491">
        <ele>2726.0</ele>
        <time>2026-08-05T10:04:32Z</time>
      </trkpt>
      <trkpt lat="44.224902" lon="7.04148">
        <ele>2725.8</ele>
        <time>2026-08-05T10:04:34Z</time>
      </trkpt>
      <trkpt lat="44.224894" lon="7.041455">
        <ele>2725.0</ele>
        <time>2026-08-05T10:04:37Z</time>
      </trkpt>
      <trkpt lat="44.224877" lon="7.041434">
        <ele>2724.4</ele>
        <time>2026-08-05T10:04:42Z</time>
      </trkpt>
      <trkpt lat="44.224845" lon="7.041351">
        <ele>2724.4</ele>
        <time>2026-08-05T10:04:50Z</time>
      </trkpt>
      <trkpt lat="44.224829" lon="7.041319">
        <ele>2723.8</ele>
        <time>2026-08-05T10:04:53Z</time>
      </trkpt>
      <trkpt lat="44.224801" lon="7.041273">
        <ele>2723.0</ele>
        <time>2026-08-05T10:04:58Z</time>
      </trkpt>
      <trkpt lat="44.224796" lon="7.041267">
        <ele>2722.6</ele>
        <time>2026-08-05T10:04:59Z</time>
      </trkpt>
      <trkpt lat="44.224761" lon="7.041194">
        <ele>2722.4</ele>
        <time>2026-08-05T10:05:07Z</time>
      </trkpt>
      <trkpt lat="44.224725" lon="7.041169">
        <ele>2723.4</ele>
        <time>2026-08-05T10:05:14Z</time>
      </trkpt>
      <trkpt lat="44.224688" lon="7.041083">
        <ele>2722.2</ele>
        <time>2026-08-05T10:05:22Z</time>
      </trkpt>
      <trkpt lat="44.224668" lon="7.040995">
        <ele>2721.6</ele>
        <time>2026-08-05T10:05:31Z</time>
      </trkpt>
      <trkpt lat="44.224681" lon="7.040954">
        <ele>2720.4</ele>
        <time>2026-08-05T10:05:38Z</time>
      </trkpt>
      <trkpt lat="44.22467" lon="7.04089">
        <ele>2719.4</ele>
        <time>2026-08-05T10:05:45Z</time>
      </trkpt>
      <trkpt lat="44.224645" lon="7.040786">
        <ele>2720.2</ele>
        <time>2026-08-05T10:05:54Z</time>
      </trkpt>
      <trkpt lat="44.224635" lon="7.040713">
        <ele>2721.6</ele>
        <time>2026-08-05T10:06:03Z</time>
      </trkpt>
      <trkpt lat="44.224637" lon="7.040672">
        <ele>2721.0</ele>
        <time>2026-08-05T10:06:10Z</time>
      </trkpt>
      <trkpt lat="44.224638" lon="7.040671">
        <ele>2720.6</ele>
        <time>2026-08-05T10:06:12Z</time>
      </trkpt>
      <trkpt lat="44.224639" lon="7.040668">
        <ele>2720.6</ele>
        <time>2026-08-05T10:06:13Z</time>
      </trkpt>
      <trkpt lat="44.224637" lon="7.040635">
        <ele>2720.4</ele>
        <time>2026-08-05T10:06:19Z</time>
      </trkpt>
      <trkpt lat="44.224615" lon="7.04064">
        <ele>2721.0</ele>
        <time>2026-08-05T10:06:22Z</time>
      </trkpt>
      <trkpt lat="44.224603" lon="7.040641">
        <ele>2721.4</ele>
        <time>2026-08-05T10:06:30Z</time>
      </trkpt>
      <trkpt lat="44.224622" lon="7.040652">
        <ele>2721.4</ele>
        <time>2026-08-05T10:06:41Z</time>
      </trkpt>
      <trkpt lat="44.224605" lon="7.040678">
        <ele>2720.8</ele>
        <time>2026-08-05T10:06:51Z</time>
      </trkpt>
      <trkpt lat="44.224603" lon="7.040723">
        <ele>2720.8</ele>
        <time>2026-08-05T10:07:03Z</time>
      </trkpt>
      <trkpt lat="44.224617" lon="7.040752">
        <ele>2720.4</ele>
        <time>2026-08-05T10:07:12Z</time>
      </trkpt>
      <trkpt lat="44.224615" lon="7.040761">
        <ele>2720.4</ele>
        <time>2026-08-05T10:07:15Z</time>
      </trkpt>
      <trkpt lat="44.224608" lon="7.040723">
        <ele>2721.0</ele>
        <time>2026-08-05T10:07:22Z</time>
      </trkpt>
      <trkpt lat="44.2246" lon="7.040691">
        <ele>2721.0</ele>
        <time>2026-08-05T10:07:33Z</time>
      </trkpt>
      <trkpt lat="44.224609" lon="7.040681">
        <ele>2721.0</ele>
        <time>2026-08-05T10:07:36Z</time>
      </trkpt>
      <trkpt lat="44.22462" lon="7.04068">
        <ele>2720.8</ele>
        <time>2026-08-05T10:07:44Z</time>
      </trkpt>
      <trkpt lat="44.224621" lon="7.040691">
        <ele>2720.8</ele>
        <time>2026-08-05T10:07:46Z</time>
      </trkpt>
      <trkpt lat="44.224609" lon="7.040654">
        <ele>2721.0</ele>
        <time>2026-08-05T10:07:57Z</time>
      </trkpt>
      <trkpt lat="44.224608" lon="7.04065">
        <ele>2721.0</ele>
        <time>2026-08-05T10:07:58Z</time>
      </trkpt>
      <trkpt lat="44.224593" lon="7.040623">
        <ele>2721.2</ele>
        <time>2026-08-05T10:08:05Z</time>
      </trkpt>
      <trkpt lat="44.224592" lon="7.040619">
        <ele>2721.2</ele>
        <time>2026-08-05T10:08:06Z</time>
      </trkpt>
      <trkpt lat="44.224598" lon="7.040618">
        <ele>2721.4</ele>
        <time>2026-08-05T10:08:15Z</time>
      </trkpt>
      <trkpt lat="44.224606" lon="7.040656">
        <ele>2720.8</ele>
        <time>2026-08-05T10:08:25Z</time>
      </trkpt>
      <trkpt lat="44.224594" lon="7.040668">
        <ele>2721.4</ele>
        <time>2026-08-05T10:08:33Z</time>
      </trkpt>
      <trkpt lat="44.224592" lon="7.040659">
        <ele>2720.8</ele>
        <time>2026-08-05T10:08:42Z</time>
      </trkpt>
      <trkpt lat="44.224595" lon="7.040677">
        <ele>2720.6</ele>
        <time>2026-08-05T10:08:50Z</time>
      </trkpt>
      <trkpt lat="44.224616" lon="7.040692">
        <ele>2720.6</ele>
        <time>2026-08-05T10:09:01Z</time>
      </trkpt>
      <trkpt lat="44.22461" lon="7.040688">
        <ele>2720.8</ele>
        <time>2026-08-05T10:09:08Z</time>
      </trkpt>
      <trkpt lat="44.224598" lon="7.04072">
        <ele>2721.0</ele>
        <time>2026-08-05T10:09:15Z</time>
      </trkpt>
      <trkpt lat="44.224593" lon="7.040734">
        <ele>2721.0</ele>
        <time>2026-08-05T10:09:18Z</time>
      </trkpt>
      <trkpt lat="44.224607" lon="7.040777">
        <ele>2721.2</ele>
        <time>2026-08-05T10:09:28Z</time>
      </trkpt>
      <trkpt lat="44.224628" lon="7.040807">
        <ele>2721.4</ele>
        <time>2026-08-05T10:09:38Z</time>
      </trkpt>
      <trkpt lat="44.224609" lon="7.040813">
        <ele>2721.6</ele>
        <time>2026-08-05T10:09:47Z</time>
      </trkpt>
      <trkpt lat="44.224605" lon="7.040799">
        <ele>2721.6</ele>
        <time>2026-08-05T10:09:48Z</time>
      </trkpt>
      <trkpt lat="44.224595" lon="7.040794">
        <ele>2721.8</ele>
        <time>2026-08-05T10:09:54Z</time>
      </trkpt>
      <trkpt lat="44.2246" lon="7.040797">
        <ele>2721.6</ele>
        <time>2026-08-05T10:09:59Z</time>
      </trkpt>
      <trkpt lat="44.224601" lon="7.040744">
        <ele>2722.0</ele>
        <time>2026-08-05T10:10:09Z</time>
      </trkpt>
      <trkpt lat="44.224582" lon="7.040681">
        <ele>2722.4</ele>
        <time>2026-08-05T10:10:18Z</time>
      </trkpt>
      <trkpt lat="44.224587" lon="7.040686">
        <ele>2722.0</ele>
        <time>2026-08-05T10:10:26Z</time>
      </trkpt>
      <trkpt lat="44.22459" lon="7.04076">
        <ele>2722.2</ele>
        <time>2026-08-05T10:10:34Z</time>
      </trkpt>
      <trkpt lat="44.224585" lon="7.040791">
        <ele>2722.4</ele>
        <time>2026-08-05T10:10:43Z</time>
      </trkpt>
      <trkpt lat="44.224576" lon="7.040775">
        <ele>2722.4</ele>
        <time>2026-08-05T10:10:45Z</time>
      </trkpt>
      <trkpt lat="44.224575" lon="7.040748">
        <ele>2722.2</ele>
        <time>2026-08-05T10:10:51Z</time>
      </trkpt>
      <trkpt lat="44.224574" lon="7.040749">
        <ele>2722.2</ele>
        <time>2026-08-05T10:10:52Z</time>
      </trkpt>
      <trkpt lat="44.224564" lon="7.040727">
        <ele>2722.4</ele>
        <time>2026-08-05T10:10:57Z</time>
      </trkpt>
      <trkpt lat="44.224561" lon="7.040728">
        <ele>2722.2</ele>
        <time>2026-08-05T10:11:01Z</time>
      </trkpt>
      <trkpt lat="44.224572" lon="7.040691">
        <ele>2722.4</ele>
        <time>2026-08-05T10:11:12Z</time>
      </trkpt>
      <trkpt lat="44.224589" lon="7.040682">
        <ele>2722.4</ele>
        <time>2026-08-05T10:11:22Z</time>
      </trkpt>
      <trkpt lat="44.224592" lon="7.040685">
        <ele>2722.4</ele>
        <time>2026-08-05T10:11:25Z</time>
      </trkpt>
      <trkpt lat="44.224595" lon="7.040688">
        <ele>2722.2</ele>
        <time>2026-08-05T10:11:26Z</time>
      </trkpt>
      <trkpt lat="44.224604" lon="7.040689">
        <ele>2722.2</ele>
        <time>2026-08-05T10:11:30Z</time>
      </trkpt>
      <trkpt lat="44.224624" lon="7.040699">
        <ele>2722.2</ele>
        <time>2026-08-05T10:11:35Z</time>
      </trkpt>
      <trkpt lat="44.224627" lon="7.040706">
        <ele>2722.2</ele>
        <time>2026-08-05T10:11:36Z</time>
      </trkpt>
      <trkpt lat="44.224618" lon="7.040723">
        <ele>2722.2</ele>
        <time>2026-08-05T10:11:44Z</time>
      </trkpt>
      <trkpt lat="44.224605" lon="7.040722">
        <ele>2722.2</ele>
        <time>2026-08-05T10:11:51Z</time>
      </trkpt>
      <trkpt lat="44.224602" lon="7.040727">
        <ele>2722.2</ele>
        <time>2026-08-05T10:11:53Z</time>
      </trkpt>
      <trkpt lat="44.224569" lon="7.040695">
        <ele>2722.4</ele>
        <time>2026-08-05T10:12:03Z</time>
      </trkpt>
      <trkpt lat="44.224567" lon="7.040702">
        <ele>2722.6</ele>
        <time>2026-08-05T10:12:05Z</time>
      </trkpt>
      <trkpt lat="44.224528" lon="7.040704">
        <ele>2722.4</ele>
        <time>2026-08-05T10:12:10Z</time>
      </trkpt>
      <trkpt lat="44.224529" lon="7.040716">
        <ele>2722.4</ele>
        <time>2026-08-05T10:12:13Z</time>
      </trkpt>
      <trkpt lat="44.224528" lon="7.040721">
        <ele>2722.4</ele>
        <time>2026-08-05T10:12:14Z</time>
      </trkpt>
      <trkpt lat="44.224549" lon="7.040748">
        <ele>2722.4</ele>
        <time>2026-08-05T10:12:20Z</time>
      </trkpt>
      <trkpt lat="44.224561" lon="7.040754">
        <ele>2722.4</ele>
        <time>2026-08-05T10:12:21Z</time>
      </trkpt>
      <trkpt lat="44.224581" lon="7.040764">
        <ele>2722.4</ele>
        <time>2026-08-05T10:12:22Z</time>
      </trkpt>
      <trkpt lat="44.224605" lon="7.040793">
        <ele>2722.4</ele>
        <time>2026-08-05T10:12:31Z</time>
      </trkpt>
      <trkpt lat="44.224613" lon="7.040771">
        <ele>2722.8</ele>
        <time>2026-08-05T10:12:38Z</time>
      </trkpt>
      <trkpt lat="44.224597" lon="7.040722">
        <ele>2722.8</ele>
        <time>2026-08-05T10:12:44Z</time>
      </trkpt>
      <trkpt lat="44.224583" lon="7.040738">
        <ele>2722.8</ele>
        <time>2026-08-05T10:12:55Z</time>
      </trkpt>
      <trkpt lat="44.224591" lon="7.040778">
        <ele>2723.2</ele>
        <time>2026-08-05T10:13:05Z</time>
      </trkpt>
      <trkpt lat="44.224586" lon="7.040766">
        <ele>2722.8</ele>
        <time>2026-08-05T10:13:11Z</time>
      </trkpt>
      <trkpt lat="44.224583" lon="7.04075">
        <ele>2723.4</ele>
        <time>2026-08-05T10:13:18Z</time>
      </trkpt>
      <trkpt lat="44.224579" lon="7.040732">
        <ele>2723.0</ele>
        <time>2026-08-05T10:13:27Z</time>
      </trkpt>
      <trkpt lat="44.224578" lon="7.040729">
        <ele>2723.0</ele>
        <time>2026-08-05T10:13:28Z</time>
      </trkpt>
      <trkpt lat="44.224576" lon="7.040721">
        <ele>2723.0</ele>
        <time>2026-08-05T10:13:30Z</time>
      </trkpt>
      <trkpt lat="44.224574" lon="7.040705">
        <ele>2722.8</ele>
        <time>2026-08-05T10:13:35Z</time>
      </trkpt>
      <trkpt lat="44.224571" lon="7.040707">
        <ele>2723.0</ele>
        <time>2026-08-05T10:13:38Z</time>
      </trkpt>
      <trkpt lat="44.22459" lon="7.040689">
        <ele>2722.8</ele>
        <time>2026-08-05T10:13:48Z</time>
      </trkpt>
      <trkpt lat="44.224595" lon="7.040725">
        <ele>2723.2</ele>
        <time>2026-08-05T10:13:59Z</time>
      </trkpt>
      <trkpt lat="44.224602" lon="7.040744">
        <ele>2722.8</ele>
        <time>2026-08-05T10:14:09Z</time>
      </trkpt>
      <trkpt lat="44.224588" lon="7.040765">
        <ele>2722.6</ele>
        <time>2026-08-05T10:14:18Z</time>
      </trkpt>
      <trkpt lat="44.224596" lon="7.040769">
        <ele>2723.0</ele>
        <time>2026-08-05T10:14:24Z</time>
      </trkpt>
      <trkpt lat="44.224604" lon="7.040766">
        <ele>2722.8</ele>
        <time>2026-08-05T10:14:32Z</time>
      </trkpt>
      <trkpt lat="44.224604" lon="7.04075">
        <ele>2723.0</ele>
        <time>2026-08-05T10:14:37Z</time>
      </trkpt>
      <trkpt lat="44.224596" lon="7.04073">
        <ele>2722.8</ele>
        <time>2026-08-05T10:14:45Z</time>
      </trkpt>
      <trkpt lat="44.224579" lon="7.040728">
        <ele>2722.8</ele>
        <time>2026-08-05T10:14:50Z</time>
      </trkpt>
      <trkpt lat="44.224572" lon="7.04073">
        <ele>2722.8</ele>
        <time>2026-08-05T10:14:52Z</time>
      </trkpt>
      <trkpt lat="44.224566" lon="7.040716">
        <ele>2722.8</ele>
        <time>2026-08-05T10:15:02Z</time>
      </trkpt>
      <trkpt lat="44.224597" lon="7.040748">
        <ele>2723.0</ele>
        <time>2026-08-05T10:15:10Z</time>
      </trkpt>
      <trkpt lat="44.224596" lon="7.040755">
        <ele>2722.6</ele>
        <time>2026-08-05T10:15:19Z</time>
      </trkpt>
      <trkpt lat="44.224575" lon="7.040765">
        <ele>2722.6</ele>
        <time>2026-08-05T10:15:27Z</time>
      </trkpt>
      <trkpt lat="44.224572" lon="7.040758">
        <ele>2722.8</ele>
        <time>2026-08-05T10:15:32Z</time>
      </trkpt>
      <trkpt lat="44.224583" lon="7.040748">
        <ele>2723.0</ele>
        <time>2026-08-05T10:15:35Z</time>
      </trkpt>
      <trkpt lat="44.224563" lon="7.040702">
        <ele>2723.4</ele>
        <time>2026-08-05T10:15:45Z</time>
      </trkpt>
      <trkpt lat="44.224564" lon="7.040694">
        <ele>2723.2</ele>
        <time>2026-08-05T10:15:47Z</time>
      </trkpt>
      <trkpt lat="44.224571" lon="7.040668">
        <ele>2723.0</ele>
        <time>2026-08-05T10:15:57Z</time>
      </trkpt>
      <trkpt lat="44.224604" lon="7.040709">
        <ele>2723.0</ele>
        <time>2026-08-05T10:16:06Z</time>
      </trkpt>
      <trkpt lat="44.224616" lon="7.040727">
        <ele>2722.8</ele>
        <time>2026-08-05T10:16:09Z</time>
      </trkpt>
      <trkpt lat="44.224633" lon="7.040786">
        <ele>2723.0</ele>
        <time>2026-08-05T10:16:16Z</time>
      </trkpt>
      <trkpt lat="44.224619" lon="7.040882">
        <ele>2722.8</ele>
        <time>2026-08-05T10:16:27Z</time>
      </trkpt>
      <trkpt lat="44.224588" lon="7.040883">
        <ele>2722.8</ele>
        <time>2026-08-05T10:16:36Z</time>
      </trkpt>
      <trkpt lat="44.224575" lon="7.040849">
        <ele>2722.8</ele>
        <time>2026-08-05T10:16:43Z</time>
      </trkpt>
      <trkpt lat="44.224577" lon="7.040834">
        <ele>2722.8</ele>
        <time>2026-08-05T10:16:46Z</time>
      </trkpt>
      <trkpt lat="44.224574" lon="7.040751">
        <ele>2723.0</ele>
        <time>2026-08-05T10:16:53Z</time>
      </trkpt>
      <trkpt lat="44.224559" lon="7.040676">
        <ele>2723.2</ele>
        <time>2026-08-05T10:17:02Z</time>
      </trkpt>
      <trkpt lat="44.224554" lon="7.040665">
        <ele>2723.4</ele>
        <time>2026-08-05T10:17:09Z</time>
      </trkpt>
      <trkpt lat="44.224558" lon="7.040665">
        <ele>2723.2</ele>
        <time>2026-08-05T10:17:11Z</time>
      </trkpt>
      <trkpt lat="44.224569" lon="7.040693">
        <ele>2723.4</ele>
        <time>2026-08-05T10:17:19Z</time>
      </trkpt>
      <trkpt lat="44.224562" lon="7.040744">
        <ele>2723.2</ele>
        <time>2026-08-05T10:17:29Z</time>
      </trkpt>
      <trkpt lat="44.224592" lon="7.040823">
        <ele>2723.4</ele>
        <time>2026-08-05T10:17:40Z</time>
      </trkpt>
      <trkpt lat="44.224598" lon="7.040832">
        <ele>2723.4</ele>
        <time>2026-08-05T10:17:41Z</time>
      </trkpt>
      <trkpt lat="44.224611" lon="7.040852">
        <ele>2723.6</ele>
        <time>2026-08-05T10:17:45Z</time>
      </trkpt>
      <trkpt lat="44.224607" lon="7.040856">
        <ele>2723.6</ele>
        <time>2026-08-05T10:17:48Z</time>
      </trkpt>
      <trkpt lat="44.224601" lon="7.040849">
        <ele>2723.4</ele>
        <time>2026-08-05T10:17:50Z</time>
      </trkpt>
      <trkpt lat="44.224585" lon="7.040838">
        <ele>2723.4</ele>
        <time>2026-08-05T10:17:57Z</time>
      </trkpt>
      <trkpt lat="44.224595" lon="7.040836">
        <ele>2723.8</ele>
        <time>2026-08-05T10:18:06Z</time>
      </trkpt>
      <trkpt lat="44.224603" lon="7.040829">
        <ele>2724.0</ele>
        <time>2026-08-05T10:18:08Z</time>
      </trkpt>
      <trkpt lat="44.224616" lon="7.040825">
        <ele>2724.2</ele>
        <time>2026-08-05T10:18:11Z</time>
      </trkpt>
      <trkpt lat="44.224622" lon="7.040816">
        <ele>2724.0</ele>
        <time>2026-08-05T10:18:13Z</time>
      </trkpt>
      <trkpt lat="44.224617" lon="7.040805">
        <ele>2724.4</ele>
        <time>2026-08-05T10:18:17Z</time>
      </trkpt>
      <trkpt lat="44.224617" lon="7.040801">
        <ele>2724.6</ele>
        <time>2026-08-05T10:18:18Z</time>
      </trkpt>
      <trkpt lat="44.224621" lon="7.040732">
        <ele>2723.8</ele>
        <time>2026-08-05T10:18:29Z</time>
      </trkpt>
      <trkpt lat="44.224632" lon="7.040695">
        <ele>2724.0</ele>
        <time>2026-08-05T10:18:40Z</time>
      </trkpt>
      <trkpt lat="44.224621" lon="7.04069">
        <ele>2724.2</ele>
        <time>2026-08-05T10:18:49Z</time>
      </trkpt>
      <trkpt lat="44.224616" lon="7.040678">
        <ele>2724.0</ele>
        <time>2026-08-05T10:18:55Z</time>
      </trkpt>
      <trkpt lat="44.224599" lon="7.040655">
        <ele>2723.8</ele>
        <time>2026-08-05T10:19:04Z</time>
      </trkpt>
      <trkpt lat="44.224617" lon="7.040683">
        <ele>2723.8</ele>
        <time>2026-08-05T10:19:12Z</time>
      </trkpt>
      <trkpt lat="44.224628" lon="7.040701">
        <ele>2723.8</ele>
        <time>2026-08-05T10:19:15Z</time>
      </trkpt>
      <trkpt lat="44.224628" lon="7.040715">
        <ele>2723.6</ele>
        <time>2026-08-05T10:19:18Z</time>
      </trkpt>
      <trkpt lat="44.224627" lon="7.040713">
        <ele>2723.6</ele>
        <time>2026-08-05T10:19:19Z</time>
      </trkpt>
      <trkpt lat="44.224619" lon="7.040636">
        <ele>2725.4</ele>
        <time>2026-08-05T11:11:43Z</time>
      </trkpt>
      <trkpt lat="44.224614" lon="7.040679">
        <ele>2725.4</ele>
        <time>2026-08-05T11:11:53Z</time>
      </trkpt>
      <trkpt lat="44.224609" lon="7.040679">
        <ele>2725.6</ele>
        <time>2026-08-05T11:11:55Z</time>
      </trkpt>
      <trkpt lat="44.224623" lon="7.040646">
        <ele>2725.6</ele>
        <time>2026-08-05T11:12:04Z</time>
      </trkpt>
      <trkpt lat="44.224604" lon="7.040646">
        <ele>2725.8</ele>
        <time>2026-08-05T11:12:10Z</time>
      </trkpt>
      <trkpt lat="44.224582" lon="7.040647">
        <ele>2725.8</ele>
        <time>2026-08-05T11:12:15Z</time>
      </trkpt>
      <trkpt lat="44.224604" lon="7.040649">
        <ele>2725.4</ele>
        <time>2026-08-05T11:12:26Z</time>
      </trkpt>
      <trkpt lat="44.224595" lon="7.04064">
        <ele>2725.2</ele>
        <time>2026-08-05T11:12:33Z</time>
      </trkpt>
      <trkpt lat="44.224584" lon="7.040681">
        <ele>2726.0</ele>
        <time>2026-08-05T11:12:42Z</time>
      </trkpt>
      <trkpt lat="44.224591" lon="7.040672">
        <ele>2726.8</ele>
        <time>2026-08-05T11:12:47Z</time>
      </trkpt>
      <trkpt lat="44.224577" lon="7.040655">
        <ele>2727.2</ele>
        <time>2026-08-05T11:12:50Z</time>
      </trkpt>
      <trkpt lat="44.224569" lon="7.040657">
        <ele>2727.8</ele>
        <time>2026-08-05T11:12:55Z</time>
      </trkpt>
      <trkpt lat="44.224562" lon="7.04066">
        <ele>2728.2</ele>
        <time>2026-08-05T11:12:58Z</time>
      </trkpt>
      <trkpt lat="44.22454" lon="7.040684">
        <ele>2728.8</ele>
        <time>2026-08-05T11:13:04Z</time>
      </trkpt>
      <trkpt lat="44.224536" lon="7.040685">
        <ele>2729.0</ele>
        <time>2026-08-05T11:13:05Z</time>
      </trkpt>
      <trkpt lat="44.224521" lon="7.040681">
        <ele>2729.6</ele>
        <time>2026-08-05T11:13:08Z</time>
      </trkpt>
      <trkpt lat="44.224503" lon="7.040653">
        <ele>2729.2</ele>
        <time>2026-08-05T11:13:14Z</time>
      </trkpt>
      <trkpt lat="44.22449" lon="7.04065">
        <ele>2729.8</ele>
        <time>2026-08-05T11:13:19Z</time>
      </trkpt>
      <trkpt lat="44.22449" lon="7.040637">
        <ele>2730.2</ele>
        <time>2026-08-05T11:13:21Z</time>
      </trkpt>
      <trkpt lat="44.224485" lon="7.040618">
        <ele>2731.0</ele>
        <time>2026-08-05T11:13:26Z</time>
      </trkpt>
      <trkpt lat="44.224479" lon="7.040611">
        <ele>2731.4</ele>
        <time>2026-08-05T11:13:28Z</time>
      </trkpt>
      <trkpt lat="44.224447" lon="7.040557">
        <ele>2732.0</ele>
        <time>2026-08-05T11:13:36Z</time>
      </trkpt>
      <trkpt lat="44.224422" lon="7.040524">
        <ele>2732.6</ele>
        <time>2026-08-05T11:13:44Z</time>
      </trkpt>
      <trkpt lat="44.224416" lon="7.040509">
        <ele>2733.4</ele>
        <time>2026-08-05T11:13:46Z</time>
      </trkpt>
      <trkpt lat="44.224408" lon="7.040478">
        <ele>2734.4</ele>
        <time>2026-08-05T11:13:49Z</time>
      </trkpt>
      <trkpt lat="44.224407" lon="7.040469">
        <ele>2734.8</ele>
        <time>2026-08-05T11:13:50Z</time>
      </trkpt>
      <trkpt lat="44.224404" lon="7.040449">
        <ele>2735.6</ele>
        <time>2026-08-05T11:13:53Z</time>
      </trkpt>
      <trkpt lat="44.224394" lon="7.040426">
        <ele>2736.0</ele>
        <time>2026-08-05T11:13:57Z</time>
      </trkpt>
      <trkpt lat="44.224391" lon="7.040422">
        <ele>2735.6</ele>
        <time>2026-08-05T11:14:01Z</time>
      </trkpt>
      <trkpt lat="44.224377" lon="7.040402">
        <ele>2736.0</ele>
        <time>2026-08-05T11:14:06Z</time>
      </trkpt>
      <trkpt lat="44.224358" lon="7.040386">
        <ele>2736.8</ele>
        <time>2026-08-05T11:14:09Z</time>
      </trkpt>
      <trkpt lat="44.224349" lon="7.040351">
        <ele>2737.6</ele>
        <time>2026-08-05T11:14:14Z</time>
      </trkpt>
      <trkpt lat="44.22435" lon="7.040346">
        <ele>2737.8</ele>
        <time>2026-08-05T11:14:15Z</time>
      </trkpt>
      <trkpt lat="44.224355" lon="7.040322">
        <ele>2739.0</ele>
        <time>2026-08-05T11:14:21Z</time>
      </trkpt>
      <trkpt lat="44.224353" lon="7.040311">
        <ele>2739.2</ele>
        <time>2026-08-05T11:14:23Z</time>
      </trkpt>
      <trkpt lat="44.224326" lon="7.040277">
        <ele>2738.6</ele>
        <time>2026-08-05T11:14:29Z</time>
      </trkpt>
      <trkpt lat="44.224324" lon="7.040275">
        <ele>2738.8</ele>
        <time>2026-08-05T11:14:30Z</time>
      </trkpt>
      <trkpt lat="44.224313" lon="7.040251">
        <ele>2739.4</ele>
        <time>2026-08-05T11:14:35Z</time>
      </trkpt>
      <trkpt lat="44.224316" lon="7.040245">
        <ele>2739.8</ele>
        <time>2026-08-05T11:14:38Z</time>
      </trkpt>
      <trkpt lat="44.224317" lon="7.040246">
        <ele>2740.2</ele>
        <time>2026-08-05T11:14:40Z</time>
      </trkpt>
      <trkpt lat="44.224304" lon="7.040255">
        <ele>2739.8</ele>
        <time>2026-08-05T11:14:50Z</time>
      </trkpt>
      <trkpt lat="44.224303" lon="7.040238">
        <ele>2739.8</ele>
        <time>2026-08-05T11:14:54Z</time>
      </trkpt>
      <trkpt lat="44.224304" lon="7.04023">
        <ele>2740.0</ele>
        <time>2026-08-05T11:14:55Z</time>
      </trkpt>
      <trkpt lat="44.224307" lon="7.040199">
        <ele>2740.4</ele>
        <time>2026-08-05T11:14:58Z</time>
      </trkpt>
      <trkpt lat="44.224322" lon="7.040177">
        <ele>2741.0</ele>
        <time>2026-08-05T11:15:03Z</time>
      </trkpt>
      <trkpt lat="44.224323" lon="7.040174">
        <ele>2741.2</ele>
        <time>2026-08-05T11:15:04Z</time>
      </trkpt>
      <trkpt lat="44.224323" lon="7.040158">
        <ele>2741.8</ele>
        <time>2026-08-05T11:15:07Z</time>
      </trkpt>
      <trkpt lat="44.224309" lon="7.040142">
        <ele>2741.8</ele>
        <time>2026-08-05T11:15:14Z</time>
      </trkpt>
      <trkpt lat="44.224308" lon="7.040143">
        <ele>2741.4</ele>
        <time>2026-08-05T11:15:21Z</time>
      </trkpt>
      <trkpt lat="44.224293" lon="7.040142">
        <ele>2740.8</ele>
        <time>2026-08-05T11:15:29Z</time>
      </trkpt>
      <trkpt lat="44.224296" lon="7.040174">
        <ele>2741.4</ele>
        <time>2026-08-05T11:15:36Z</time>
      </trkpt>
      <trkpt lat="44.224295" lon="7.040197">
        <ele>2740.6</ele>
        <time>2026-08-05T11:15:45Z</time>
      </trkpt>
      <trkpt lat="44.2243" lon="7.040201">
        <ele>2740.6</ele>
        <time>2026-08-05T11:15:46Z</time>
      </trkpt>
      <trkpt lat="44.224315" lon="7.04023">
        <ele>2741.0</ele>
        <time>2026-08-05T11:15:53Z</time>
      </trkpt>
      <trkpt lat="44.224316" lon="7.040253">
        <ele>2740.6</ele>
        <time>2026-08-05T11:15:55Z</time>
      </trkpt>
      <trkpt lat="44.224315" lon="7.040283">
        <ele>2740.2</ele>
        <time>2026-08-05T11:15:57Z</time>
      </trkpt>
      <trkpt lat="44.224301" lon="7.040328">
        <ele>2739.0</ele>
        <time>2026-08-05T11:16:03Z</time>
      </trkpt>
      <trkpt lat="44.224311" lon="7.040347">
        <ele>2737.8</ele>
        <time>2026-08-05T11:16:08Z</time>
      </trkpt>
      <trkpt lat="44.224322" lon="7.040368">
        <ele>2736.8</ele>
        <time>2026-08-05T11:16:11Z</time>
      </trkpt>
      <trkpt lat="44.224325" lon="7.040379">
        <ele>2736.4</ele>
        <time>2026-08-05T11:16:12Z</time>
      </trkpt>
      <trkpt lat="44.224331" lon="7.040396">
        <ele>2735.4</ele>
        <time>2026-08-05T11:16:15Z</time>
      </trkpt>
      <trkpt lat="44.224326" lon="7.040417">
        <ele>2734.6</ele>
        <time>2026-08-05T11:16:21Z</time>
      </trkpt>
      <trkpt lat="44.224323" lon="7.040423">
        <ele>2734.0</ele>
        <time>2026-08-05T11:16:22Z</time>
      </trkpt>
      <trkpt lat="44.224313" lon="7.040432">
        <ele>2733.0</ele>
        <time>2026-08-05T11:16:24Z</time>
      </trkpt>
      <trkpt lat="44.224301" lon="7.040465">
        <ele>2731.8</ele>
        <time>2026-08-05T11:16:28Z</time>
      </trkpt>
      <trkpt lat="44.224294" lon="7.04048">
        <ele>2731.4</ele>
        <time>2026-08-05T11:16:30Z</time>
      </trkpt>
      <trkpt lat="44.224288" lon="7.040502">
        <ele>2730.6</ele>
        <time>2026-08-05T11:16:35Z</time>
      </trkpt>
      <trkpt lat="44.22429" lon="7.040505">
        <ele>2729.4</ele>
        <time>2026-08-05T11:16:38Z</time>
      </trkpt>
      <trkpt lat="44.224292" lon="7.04054">
        <ele>2730.6</ele>
        <time>2026-08-05T11:16:43Z</time>
      </trkpt>
      <trkpt lat="44.224302" lon="7.040565">
        <ele>2730.4</ele>
        <time>2026-08-05T11:16:46Z</time>
      </trkpt>
      <trkpt lat="44.224318" lon="7.040598">
        <ele>2729.6</ele>
        <time>2026-08-05T11:16:50Z</time>
      </trkpt>
      <trkpt lat="44.224336" lon="7.04063">
        <ele>2729.4</ele>
        <time>2026-08-05T11:16:55Z</time>
      </trkpt>
      <trkpt lat="44.224342" lon="7.040663">
        <ele>2728.4</ele>
        <time>2026-08-05T11:16:59Z</time>
      </trkpt>
      <trkpt lat="44.224338" lon="7.040676">
        <ele>2727.4</ele>
        <time>2026-08-05T11:17:02Z</time>
      </trkpt>
      <trkpt lat="44.224339" lon="7.04069">
        <ele>2726.8</ele>
        <time>2026-08-05T11:17:04Z</time>
      </trkpt>
      <trkpt lat="44.224337" lon="7.0407">
        <ele>2726.2</ele>
        <time>2026-08-05T11:17:06Z</time>
      </trkpt>
      <trkpt lat="44.224329" lon="7.040694">
        <ele>2724.8</ele>
        <time>2026-08-05T11:17:09Z</time>
      </trkpt>
      <trkpt lat="44.224325" lon="7.040692">
        <ele>2723.6</ele>
        <time>2026-08-05T11:17:11Z</time>
      </trkpt>
      <trkpt lat="44.224318" lon="7.040702">
        <ele>2723.2</ele>
        <time>2026-08-05T11:17:13Z</time>
      </trkpt>
      <trkpt lat="44.224298" lon="7.040708">
        <ele>2722.2</ele>
        <time>2026-08-05T11:17:17Z</time>
      </trkpt>
      <trkpt lat="44.22428" lon="7.040709">
        <ele>2721.2</ele>
        <time>2026-08-05T11:17:21Z</time>
      </trkpt>
      <trkpt lat="44.224273" lon="7.040711">
        <ele>2721.0</ele>
        <time>2026-08-05T11:17:22Z</time>
      </trkpt>
      <trkpt lat="44.224238" lon="7.040735">
        <ele>2720.0</ele>
        <time>2026-08-05T11:17:28Z</time>
      </trkpt>
      <trkpt lat="44.224221" lon="7.040746">
        <ele>2719.2</ele>
        <time>2026-08-05T11:17:31Z</time>
      </trkpt>
      <trkpt lat="44.224216" lon="7.040748">
        <ele>2718.8</ele>
        <time>2026-08-05T11:17:32Z</time>
      </trkpt>
      <trkpt lat="44.224206" lon="7.040745">
        <ele>2717.6</ele>
        <time>2026-08-05T11:17:35Z</time>
      </trkpt>
      <trkpt lat="44.224184" lon="7.040703">
        <ele>2716.8</ele>
        <time>2026-08-05T11:17:40Z</time>
      </trkpt>
      <trkpt lat="44.224117" lon="7.04063">
        <ele>2717.2</ele>
        <time>2026-08-05T11:17:51Z</time>
      </trkpt>
      <trkpt lat="44.224083" lon="7.040582">
        <ele>2716.4</ele>
        <time>2026-08-05T11:17:59Z</time>
      </trkpt>
      <trkpt lat="44.224072" lon="7.040566">
        <ele>2715.6</ele>
        <time>2026-08-05T11:18:01Z</time>
      </trkpt>
      <trkpt lat="44.22407" lon="7.040559">
        <ele>2715.4</ele>
        <time>2026-08-05T11:18:02Z</time>
      </trkpt>
      <trkpt lat="44.224066" lon="7.040558">
        <ele>2715.8</ele>
        <time>2026-08-05T11:18:06Z</time>
      </trkpt>
      <trkpt lat="44.224069" lon="7.040543">
        <ele>2716.0</ele>
        <time>2026-08-05T11:18:08Z</time>
      </trkpt>
      <trkpt lat="44.224082" lon="7.040498">
        <ele>2715.6</ele>
        <time>2026-08-05T11:18:16Z</time>
      </trkpt>
      <trkpt lat="44.22407" lon="7.040449">
        <ele>2715.4</ele>
        <time>2026-08-05T11:18:22Z</time>
      </trkpt>
      <trkpt lat="44.224078" lon="7.040336">
        <ele>2716.0</ele>
        <time>2026-08-05T11:18:31Z</time>
      </trkpt>
      <trkpt lat="44.224102" lon="7.040241">
        <ele>2716.2</ele>
        <time>2026-08-05T11:18:39Z</time>
      </trkpt>
      <trkpt lat="44.224115" lon="7.040165">
        <ele>2716.4</ele>
        <time>2026-08-05T11:18:45Z</time>
      </trkpt>
      <trkpt lat="44.224112" lon="7.040125">
        <ele>2716.4</ele>
        <time>2026-08-05T11:18:48Z</time>
      </trkpt>
      <trkpt lat="44.224099" lon="7.040043">
        <ele>2715.4</ele>
        <time>2026-08-05T11:18:54Z</time>
      </trkpt>
      <trkpt lat="44.224102" lon="7.040008">
        <ele>2715.0</ele>
        <time>2026-08-05T11:18:57Z</time>
      </trkpt>
      <trkpt lat="44.224107" lon="7.039933">
        <ele>2714.2</ele>
        <time>2026-08-05T11:19:04Z</time>
      </trkpt>
      <trkpt lat="44.224106" lon="7.039889">
        <ele>2713.4</ele>
        <time>2026-08-05T11:19:08Z</time>
      </trkpt>
      <trkpt lat="44.224103" lon="7.039875">
        <ele>2713.2</ele>
        <time>2026-08-05T11:19:09Z</time>
      </trkpt>
      <trkpt lat="44.224104" lon="7.039831">
        <ele>2712.8</ele>
        <time>2026-08-05T11:19:12Z</time>
      </trkpt>
      <trkpt lat="44.224098" lon="7.039792">
        <ele>2712.2</ele>
        <time>2026-08-05T11:19:15Z</time>
      </trkpt>
      <trkpt lat="44.224093" lon="7.039781">
        <ele>2712.0</ele>
        <time>2026-08-05T11:19:16Z</time>
      </trkpt>
      <trkpt lat="44.22408" lon="7.039733">
        <ele>2711.0</ele>
        <time>2026-08-05T11:19:21Z</time>
      </trkpt>
      <trkpt lat="44.224076" lon="7.039717">
        <ele>2710.8</ele>
        <time>2026-08-05T11:19:23Z</time>
      </trkpt>
      <trkpt lat="44.224063" lon="7.039655">
        <ele>2709.6</ele>
        <time>2026-08-05T11:19:29Z</time>
      </trkpt>
      <trkpt lat="44.224056" lon="7.039631">
        <ele>2709.0</ele>
        <time>2026-08-05T11:19:31Z</time>
      </trkpt>
      <trkpt lat="44.224047" lon="7.039608">
        <ele>2708.6</ele>
        <time>2026-08-05T11:19:33Z</time>
      </trkpt>
      <trkpt lat="44.224036" lon="7.039574">
        <ele>2708.0</ele>
        <time>2026-08-05T11:19:39Z</time>
      </trkpt>
      <trkpt lat="44.224063" lon="7.039582">
        <ele>2707.4</ele>
        <time>2026-08-05T11:19:48Z</time>
      </trkpt>
      <trkpt lat="44.224066" lon="7.039582">
        <ele>2707.0</ele>
        <time>2026-08-05T11:19:49Z</time>
      </trkpt>
      <trkpt lat="44.224081" lon="7.039562">
        <ele>2706.2</ele>
        <time>2026-08-05T11:19:54Z</time>
      </trkpt>
      <trkpt lat="44.224064" lon="7.039545">
        <ele>2705.4</ele>
        <time>2026-08-05T11:19:58Z</time>
      </trkpt>
      <trkpt lat="44.224055" lon="7.039536">
        <ele>2705.0</ele>
        <time>2026-08-05T11:20:00Z</time>
      </trkpt>
      <trkpt lat="44.224021" lon="7.03951">
        <ele>2704.0</ele>
        <time>2026-08-05T11:20:05Z</time>
      </trkpt>
      <trkpt lat="44.224009" lon="7.039503">
        <ele>2703.6</ele>
        <time>2026-08-05T11:20:07Z</time>
      </trkpt>
      <trkpt lat="44.224006" lon="7.039498">
        <ele>2703.0</ele>
        <time>2026-08-05T11:20:12Z</time>
      </trkpt>
      <trkpt lat="44.224005" lon="7.039496">
        <ele>2703.0</ele>
        <time>2026-08-05T11:20:16Z</time>
      </trkpt>
      <trkpt lat="44.223995" lon="7.039481">
        <ele>2703.2</ele>
        <time>2026-08-05T11:20:20Z</time>
      </trkpt>
      <trkpt lat="44.223974" lon="7.03944">
        <ele>2702.8</ele>
        <time>2026-08-05T11:20:26Z</time>
      </trkpt>
      <trkpt lat="44.223956" lon="7.039386">
        <ele>2702.0</ele>
        <time>2026-08-05T11:20:33Z</time>
      </trkpt>
      <trkpt lat="44.223955" lon="7.039376">
        <ele>2701.4</ele>
        <time>2026-08-05T11:20:36Z</time>
      </trkpt>
      <trkpt lat="44.223951" lon="7.03936">
        <ele>2700.8</ele>
        <time>2026-08-05T11:20:38Z</time>
      </trkpt>
      <trkpt lat="44.223942" lon="7.03933">
        <ele>2699.8</ele>
        <time>2026-08-05T11:20:42Z</time>
      </trkpt>
      <trkpt lat="44.223939" lon="7.039319">
        <ele>2699.4</ele>
        <time>2026-08-05T11:20:44Z</time>
      </trkpt>
      <trkpt lat="44.223932" lon="7.039314">
        <ele>2698.6</ele>
        <time>2026-08-05T11:20:48Z</time>
      </trkpt>
      <trkpt lat="44.223922" lon="7.039294">
        <ele>2698.4</ele>
        <time>2026-08-05T11:20:54Z</time>
      </trkpt>
      <trkpt lat="44.223914" lon="7.039263">
        <ele>2697.6</ele>
        <time>2026-08-05T11:20:58Z</time>
      </trkpt>
      <trkpt lat="44.223895" lon="7.039226">
        <ele>2696.6</ele>
        <time>2026-08-05T11:21:03Z</time>
      </trkpt>
      <trkpt lat="44.223896" lon="7.039228">
        <ele>2696.2</ele>
        <time>2026-08-05T11:21:04Z</time>
      </trkpt>
      <trkpt lat="44.22391" lon="7.039266">
        <ele>2696.2</ele>
        <time>2026-08-05T11:21:11Z</time>
      </trkpt>
      <trkpt lat="44.223906" lon="7.03928">
        <ele>2696.4</ele>
        <time>2026-08-05T11:21:16Z</time>
      </trkpt>
      <trkpt lat="44.223899" lon="7.039236">
        <ele>2696.2</ele>
        <time>2026-08-05T11:21:20Z</time>
      </trkpt>
      <trkpt lat="44.223877" lon="7.039141">
        <ele>2695.6</ele>
        <time>2026-08-05T11:21:29Z</time>
      </trkpt>
      <trkpt lat="44.223876" lon="7.03913">
        <ele>2695.4</ele>
        <time>2026-08-05T11:21:30Z</time>
      </trkpt>
      <trkpt lat="44.223868" lon="7.039065">
        <ele>2694.4</ele>
        <time>2026-08-05T11:21:37Z</time>
      </trkpt>
      <trkpt lat="44.223861" lon="7.039032">
        <ele>2694.4</ele>
        <time>2026-08-05T11:21:41Z</time>
      </trkpt>
      <trkpt lat="44.223844" lon="7.038958">
        <ele>2693.4</ele>
        <time>2026-08-05T11:21:48Z</time>
      </trkpt>
      <trkpt lat="44.223835" lon="7.03891">
        <ele>2693.0</ele>
        <time>2026-08-05T11:21:52Z</time>
      </trkpt>
      <trkpt lat="44.223824" lon="7.038871">
        <ele>2692.2</ele>
        <time>2026-08-05T11:21:56Z</time>
      </trkpt>
      <trkpt lat="44.223801" lon="7.038858">
        <ele>2691.2</ele>
        <time>2026-08-05T11:22:01Z</time>
      </trkpt>
      <trkpt lat="44.223781" lon="7.038822">
        <ele>2691.0</ele>
        <time>2026-08-05T11:22:06Z</time>
      </trkpt>
      <trkpt lat="44.223783" lon="7.038802">
        <ele>2690.0</ele>
        <time>2026-08-05T11:22:09Z</time>
      </trkpt>
      <trkpt lat="44.22379" lon="7.0388">
        <ele>2689.8</ele>
        <time>2026-08-05T11:22:10Z</time>
      </trkpt>
      <trkpt lat="44.22381" lon="7.038804">
        <ele>2689.6</ele>
        <time>2026-08-05T11:22:15Z</time>
      </trkpt>
      <trkpt lat="44.223849" lon="7.038841">
        <ele>2688.8</ele>
        <time>2026-08-05T11:22:21Z</time>
      </trkpt>
      <trkpt lat="44.223867" lon="7.038872">
        <ele>2688.2</ele>
        <time>2026-08-05T11:22:24Z</time>
      </trkpt>
      <trkpt lat="44.22391" lon="7.03894">
        <ele>2688.0</ele>
        <time>2026-08-05T11:22:31Z</time>
      </trkpt>
      <trkpt lat="44.223927" lon="7.038967">
        <ele>2687.8</ele>
        <time>2026-08-05T11:22:34Z</time>
      </trkpt>
      <trkpt lat="44.223943" lon="7.038981">
        <ele>2687.4</ele>
        <time>2026-08-05T11:22:38Z</time>
      </trkpt>
      <trkpt lat="44.223947" lon="7.038962">
        <ele>2687.0</ele>
        <time>2026-08-05T11:22:41Z</time>
      </trkpt>
      <trkpt lat="44.22395" lon="7.038954">
        <ele>2686.6</ele>
        <time>2026-08-05T11:22:42Z</time>
      </trkpt>
      <trkpt lat="44.223961" lon="7.038894">
        <ele>2685.6</ele>
        <time>2026-08-05T11:22:46Z</time>
      </trkpt>
      <trkpt lat="44.223961" lon="7.038882">
        <ele>2685.6</ele>
        <time>2026-08-05T11:22:47Z</time>
      </trkpt>
      <trkpt lat="44.22394" lon="7.03881">
        <ele>2684.6</ele>
        <time>2026-08-05T11:22:54Z</time>
      </trkpt>
      <trkpt lat="44.223898" lon="7.038755">
        <ele>2684.2</ele>
        <time>2026-08-05T11:23:01Z</time>
      </trkpt>
      <trkpt lat="44.223889" lon="7.038741">
        <ele>2683.2</ele>
        <time>2026-08-05T11:23:03Z</time>
      </trkpt>
      <trkpt lat="44.223885" lon="7.038736">
        <ele>2683.0</ele>
        <time>2026-08-05T11:23:04Z</time>
      </trkpt>
      <trkpt lat="44.223879" lon="7.038729">
        <ele>2682.6</ele>
        <time>2026-08-05T11:23:05Z</time>
      </trkpt>
      <trkpt lat="44.223885" lon="7.038679">
        <ele>2682.6</ele>
        <time>2026-08-05T11:23:13Z</time>
      </trkpt>
      <trkpt lat="44.223883" lon="7.038635">
        <ele>2681.4</ele>
        <time>2026-08-05T11:23:18Z</time>
      </trkpt>
      <trkpt lat="44.223877" lon="7.038618">
        <ele>2680.0</ele>
        <time>2026-08-05T11:23:20Z</time>
      </trkpt>
      <trkpt lat="44.223863" lon="7.038569">
        <ele>2679.2</ele>
        <time>2026-08-05T11:23:23Z</time>
      </trkpt>
      <trkpt lat="44.223858" lon="7.038539">
        <ele>2678.8</ele>
        <time>2026-08-05T11:23:28Z</time>
      </trkpt>
      <trkpt lat="44.223872" lon="7.038551">
        <ele>2677.8</ele>
        <time>2026-08-05T11:23:31Z</time>
      </trkpt>
      <trkpt lat="44.223903" lon="7.038613">
        <ele>2676.8</ele>
        <time>2026-08-05T11:23:37Z</time>
      </trkpt>
      <trkpt lat="44.223918" lon="7.038635">
        <ele>2677.0</ele>
        <time>2026-08-05T11:23:40Z</time>
      </trkpt>
      <trkpt lat="44.223976" lon="7.038698">
        <ele>2677.2</ele>
        <time>2026-08-05T11:23:49Z</time>
      </trkpt>
      <trkpt lat="44.224026" lon="7.038752">
        <ele>2676.6</ele>
        <time>2026-08-05T11:23:56Z</time>
      </trkpt>
      <trkpt lat="44.224041" lon="7.038756">
        <ele>2676.4</ele>
        <time>2026-08-05T11:23:58Z</time>
      </trkpt>
      <trkpt lat="44.224082" lon="7.038789">
        <ele>2675.6</ele>
        <time>2026-08-05T11:24:05Z</time>
      </trkpt>
      <trkpt lat="44.22408" lon="7.038779">
        <ele>2676.0</ele>
        <time>2026-08-05T11:24:07Z</time>
      </trkpt>
      <trkpt lat="44.224075" lon="7.038762">
        <ele>2676.4</ele>
        <time>2026-08-05T11:24:10Z</time>
      </trkpt>
      <trkpt lat="44.224073" lon="7.038752">
        <ele>2676.6</ele>
        <time>2026-08-05T11:24:11Z</time>
      </trkpt>
      <trkpt lat="44.224063" lon="7.03872">
        <ele>2675.6</ele>
        <time>2026-08-05T11:24:15Z</time>
      </trkpt>
      <trkpt lat="44.224047" lon="7.038667">
        <ele>2674.6</ele>
        <time>2026-08-05T11:24:20Z</time>
      </trkpt>
      <trkpt lat="44.224037" lon="7.038639">
        <ele>2674.2</ele>
        <time>2026-08-05T11:24:23Z</time>
      </trkpt>
      <trkpt lat="44.224015" lon="7.0386">
        <ele>2673.4</ele>
        <time>2026-08-05T11:24:29Z</time>
      </trkpt>
      <trkpt lat="44.22401" lon="7.038588">
        <ele>2672.2</ele>
        <time>2026-08-05T11:24:31Z</time>
      </trkpt>
      <trkpt lat="44.22401" lon="7.038586">
        <ele>2671.6</ele>
        <time>2026-08-05T11:24:32Z</time>
      </trkpt>
      <trkpt lat="44.224008" lon="7.038581">
        <ele>2671.0</ele>
        <time>2026-08-05T11:24:33Z</time>
      </trkpt>
      <trkpt lat="44.223992" lon="7.038523">
        <ele>2669.6</ele>
        <time>2026-08-05T11:24:40Z</time>
      </trkpt>
      <trkpt lat="44.223991" lon="7.0385">
        <ele>2668.6</ele>
        <time>2026-08-05T11:24:42Z</time>
      </trkpt>
      <trkpt lat="44.22399" lon="7.038494">
        <ele>2668.2</ele>
        <time>2026-08-05T11:24:43Z</time>
      </trkpt>
      <trkpt lat="44.224009" lon="7.038431">
        <ele>2667.6</ele>
        <time>2026-08-05T11:24:52Z</time>
      </trkpt>
      <trkpt lat="44.224012" lon="7.038423">
        <ele>2667.4</ele>
        <time>2026-08-05T11:24:53Z</time>
      </trkpt>
      <trkpt lat="44.224018" lon="7.038362">
        <ele>2666.8</ele>
        <time>2026-08-05T11:25:02Z</time>
      </trkpt>
      <trkpt lat="44.22402" lon="7.038346">
        <ele>2666.0</ele>
        <time>2026-08-05T11:25:04Z</time>
      </trkpt>
      <trkpt lat="44.22402" lon="7.038309">
        <ele>2665.0</ele>
        <time>2026-08-05T11:25:07Z</time>
      </trkpt>
      <trkpt lat="44.224018" lon="7.038254">
        <ele>2663.8</ele>
        <time>2026-08-05T11:25:11Z</time>
      </trkpt>
      <trkpt lat="44.224015" lon="7.038241">
        <ele>2663.4</ele>
        <time>2026-08-05T11:25:12Z</time>
      </trkpt>
      <trkpt lat="44.22401" lon="7.038217">
        <ele>2662.6</ele>
        <time>2026-08-05T11:25:14Z</time>
      </trkpt>
      <trkpt lat="44.224021" lon="7.038117">
        <ele>2662.2</ele>
        <time>2026-08-05T11:25:20Z</time>
      </trkpt>
      <trkpt lat="44.224048" lon="7.038011">
        <ele>2661.6</ele>
        <time>2026-08-05T11:25:27Z</time>
      </trkpt>
      <trkpt lat="44.224057" lon="7.037936">
        <ele>2660.4</ele>
        <time>2026-08-05T11:25:32Z</time>
      </trkpt>
      <trkpt lat="44.224049" lon="7.037914">
        <ele>2660.0</ele>
        <time>2026-08-05T11:25:35Z</time>
      </trkpt>
      <trkpt lat="44.224043" lon="7.037834">
        <ele>2660.8</ele>
        <time>2026-08-05T11:25:41Z</time>
      </trkpt>
      <trkpt lat="44.224045" lon="7.037807">
        <ele>2660.2</ele>
        <time>2026-08-05T11:25:44Z</time>
      </trkpt>
      <trkpt lat="44.224043" lon="7.037787">
        <ele>2659.2</ele>
        <time>2026-08-05T11:25:47Z</time>
      </trkpt>
      <trkpt lat="44.224027" lon="7.037746">
        <ele>2658.2</ele>
        <time>2026-08-05T11:25:52Z</time>
      </trkpt>
      <trkpt lat="44.223968" lon="7.037715">
        <ele>2657.2</ele>
        <time>2026-08-05T11:26:01Z</time>
      </trkpt>
      <trkpt lat="44.223962" lon="7.037712">
        <ele>2657.0</ele>
        <time>2026-08-05T11:26:02Z</time>
      </trkpt>
      <trkpt lat="44.223913" lon="7.037698">
        <ele>2655.8</ele>
        <time>2026-08-05T11:26:09Z</time>
      </trkpt>
      <trkpt lat="44.223904" lon="7.0377">
        <ele>2654.6</ele>
        <time>2026-08-05T11:26:11Z</time>
      </trkpt>
      <trkpt lat="44.223903" lon="7.0377">
        <ele>2653.8</ele>
        <time>2026-08-05T11:26:12Z</time>
      </trkpt>
      <trkpt lat="44.223901" lon="7.037697">
        <ele>2653.4</ele>
        <time>2026-08-05T11:26:13Z</time>
      </trkpt>
      <trkpt lat="44.223911" lon="7.037689">
        <ele>2652.2</ele>
        <time>2026-08-05T11:26:15Z</time>
      </trkpt>
      <trkpt lat="44.223934" lon="7.037682">
        <ele>2651.0</ele>
        <time>2026-08-05T11:26:18Z</time>
      </trkpt>
      <trkpt lat="44.224016" lon="7.037622">
        <ele>2651.6</ele>
        <time>2026-08-05T11:26:30Z</time>
      </trkpt>
      <trkpt lat="44.224099" lon="7.037571">
        <ele>2649.8</ele>
        <time>2026-08-05T11:26:39Z</time>
      </trkpt>
      <trkpt lat="44.224119" lon="7.037561">
        <ele>2648.8</ele>
        <time>2026-08-05T11:26:41Z</time>
      </trkpt>
      <trkpt lat="44.224192" lon="7.037535">
        <ele>2648.4</ele>
        <time>2026-08-05T11:26:49Z</time>
      </trkpt>
      <trkpt lat="44.224293" lon="7.037484">
        <ele>2647.2</ele>
        <time>2026-08-05T11:26:59Z</time>
      </trkpt>
      <trkpt lat="44.224291" lon="7.037473">
        <ele>2646.2</ele>
        <time>2026-08-05T11:27:00Z</time>
      </trkpt>
      <trkpt lat="44.224287" lon="7.037456">
        <ele>2645.2</ele>
        <time>2026-08-05T11:27:01Z</time>
      </trkpt>
      <trkpt lat="44.224283" lon="7.037445">
        <ele>2644.8</ele>
        <time>2026-08-05T11:27:02Z</time>
      </trkpt>
      <trkpt lat="44.22427" lon="7.037416">
        <ele>2644.8</ele>
        <time>2026-08-05T11:27:05Z</time>
      </trkpt>
      <trkpt lat="44.224216" lon="7.037369">
        <ele>2643.8</ele>
        <time>2026-08-05T11:27:11Z</time>
      </trkpt>
      <trkpt lat="44.224199" lon="7.037357">
        <ele>2642.8</ele>
        <time>2026-08-05T11:27:13Z</time>
      </trkpt>
      <trkpt lat="44.22418" lon="7.037348">
        <ele>2641.4</ele>
        <time>2026-08-05T11:27:16Z</time>
      </trkpt>
      <trkpt lat="44.224153" lon="7.037332">
        <ele>2640.2</ele>
        <time>2026-08-05T11:27:19Z</time>
      </trkpt>
      <trkpt lat="44.224116" lon="7.037316">
        <ele>2639.2</ele>
        <time>2026-08-05T11:27:23Z</time>
      </trkpt>
      <trkpt lat="44.224106" lon="7.037312">
        <ele>2638.8</ele>
        <time>2026-08-05T11:27:24Z</time>
      </trkpt>
      <trkpt lat="44.224061" lon="7.037297">
        <ele>2638.0</ele>
        <time>2026-08-05T11:27:29Z</time>
      </trkpt>
      <trkpt lat="44.224029" lon="7.037276">
        <ele>2636.8</ele>
        <time>2026-08-05T11:27:33Z</time>
      </trkpt>
      <trkpt lat="44.224011" lon="7.037264">
        <ele>2636.0</ele>
        <time>2026-08-05T11:27:35Z</time>
      </trkpt>
      <trkpt lat="44.224001" lon="7.03726">
        <ele>2635.4</ele>
        <time>2026-08-05T11:27:36Z</time>
      </trkpt>
      <trkpt lat="44.223989" lon="7.037249">
        <ele>2634.4</ele>
        <time>2026-08-05T11:27:42Z</time>
      </trkpt>
      <trkpt lat="44.223983" lon="7.037245">
        <ele>2634.2</ele>
        <time>2026-08-05T11:27:43Z</time>
      </trkpt>
      <trkpt lat="44.223967" lon="7.037226">
        <ele>2632.8</ele>
        <time>2026-08-05T11:27:46Z</time>
      </trkpt>
      <trkpt lat="44.223955" lon="7.037218">
        <ele>2631.8</ele>
        <time>2026-08-05T11:27:48Z</time>
      </trkpt>
      <trkpt lat="44.223923" lon="7.0372">
        <ele>2630.8</ele>
        <time>2026-08-05T11:27:51Z</time>
      </trkpt>
      <trkpt lat="44.223894" lon="7.037201">
        <ele>2629.6</ele>
        <time>2026-08-05T11:27:54Z</time>
      </trkpt>
      <trkpt lat="44.223849" lon="7.037211">
        <ele>2628.8</ele>
        <time>2026-08-05T11:27:59Z</time>
      </trkpt>
      <trkpt lat="44.223839" lon="7.037209">
        <ele>2628.6</ele>
        <time>2026-08-05T11:28:00Z</time>
      </trkpt>
      <trkpt lat="44.223782" lon="7.037193">
        <ele>2627.6</ele>
        <time>2026-08-05T11:28:07Z</time>
      </trkpt>
      <trkpt lat="44.223772" lon="7.037192">
        <ele>2627.4</ele>
        <time>2026-08-05T11:28:08Z</time>
      </trkpt>
      <trkpt lat="44.223726" lon="7.037208">
        <ele>2626.2</ele>
        <time>2026-08-05T11:28:14Z</time>
      </trkpt>
      <trkpt lat="44.223705" lon="7.037196">
        <ele>2625.6</ele>
        <time>2026-08-05T11:28:17Z</time>
      </trkpt>
      <trkpt lat="44.223681" lon="7.037182">
        <ele>2625.2</ele>
        <time>2026-08-05T11:28:19Z</time>
      </trkpt>
      <trkpt lat="44.223614" lon="7.037153">
        <ele>2624.0</ele>
        <time>2026-08-05T11:28:26Z</time>
      </trkpt>
      <trkpt lat="44.223564" lon="7.037147">
        <ele>2623.0</ele>
        <time>2026-08-05T11:28:33Z</time>
      </trkpt>
      <trkpt lat="44.223558" lon="7.037143">
        <ele>2622.6</ele>
        <time>2026-08-05T11:28:34Z</time>
      </trkpt>
      <trkpt lat="44.223547" lon="7.037122">
        <ele>2621.8</ele>
        <time>2026-08-05T11:28:38Z</time>
      </trkpt>
      <trkpt lat="44.223525" lon="7.03711">
        <ele>2620.8</ele>
        <time>2026-08-05T11:28:44Z</time>
      </trkpt>
      <trkpt lat="44.223459" lon="7.03709">
        <ele>2619.8</ele>
        <time>2026-08-05T11:28:51Z</time>
      </trkpt>
      <trkpt lat="44.223404" lon="7.03708">
        <ele>2618.6</ele>
        <time>2026-08-05T11:28:57Z</time>
      </trkpt>
      <trkpt lat="44.22339" lon="7.037079">
        <ele>2618.0</ele>
        <time>2026-08-05T11:29:00Z</time>
      </trkpt>
      <trkpt lat="44.223376" lon="7.037062">
        <ele>2617.4</ele>
        <time>2026-08-05T11:29:03Z</time>
      </trkpt>
      <trkpt lat="44.223408" lon="7.03703">
        <ele>2616.8</ele>
        <time>2026-08-05T11:29:07Z</time>
      </trkpt>
      <trkpt lat="44.223419" lon="7.037002">
        <ele>2616.4</ele>
        <time>2026-08-05T11:29:09Z</time>
      </trkpt>
      <trkpt lat="44.223434" lon="7.036969">
        <ele>2615.8</ele>
        <time>2026-08-05T11:29:14Z</time>
      </trkpt>
      <trkpt lat="44.223463" lon="7.036915">
        <ele>2615.4</ele>
        <time>2026-08-05T11:29:19Z</time>
      </trkpt>
      <trkpt lat="44.223484" lon="7.036872">
        <ele>2614.8</ele>
        <time>2026-08-05T11:29:22Z</time>
      </trkpt>
      <trkpt lat="44.223493" lon="7.03684">
        <ele>2614.4</ele>
        <time>2026-08-05T11:29:24Z</time>
      </trkpt>
      <trkpt lat="44.223498" lon="7.036786">
        <ele>2613.8</ele>
        <time>2026-08-05T11:29:27Z</time>
      </trkpt>
      <trkpt lat="44.223499" lon="7.03675">
        <ele>2613.4</ele>
        <time>2026-08-05T11:29:30Z</time>
      </trkpt>
      <trkpt lat="44.223502" lon="7.036742">
        <ele>2613.2</ele>
        <time>2026-08-05T11:29:31Z</time>
      </trkpt>
      <trkpt lat="44.223498" lon="7.036724">
        <ele>2612.6</ele>
        <time>2026-08-05T11:29:33Z</time>
      </trkpt>
      <trkpt lat="44.2235" lon="7.036711">
        <ele>2612.2</ele>
        <time>2026-08-05T11:29:35Z</time>
      </trkpt>
      <trkpt lat="44.223529" lon="7.0367">
        <ele>2612.0</ele>
        <time>2026-08-05T11:29:38Z</time>
      </trkpt>
      <trkpt lat="44.223553" lon="7.036665">
        <ele>2611.8</ele>
        <time>2026-08-05T11:29:41Z</time>
      </trkpt>
      <trkpt lat="44.223551" lon="7.036645">
        <ele>2611.2</ele>
        <time>2026-08-05T11:29:43Z</time>
      </trkpt>
      <trkpt lat="44.223548" lon="7.036634">
        <ele>2610.2</ele>
        <time>2026-08-05T11:29:45Z</time>
      </trkpt>
      <trkpt lat="44.223557" lon="7.036618">
        <ele>2609.0</ele>
        <time>2026-08-05T11:29:48Z</time>
      </trkpt>
      <trkpt lat="44.223573" lon="7.036611">
        <ele>2608.8</ele>
        <time>2026-08-05T11:29:50Z</time>
      </trkpt>
      <trkpt lat="44.223583" lon="7.036589">
        <ele>2608.6</ele>
        <time>2026-08-05T11:29:52Z</time>
      </trkpt>
      <trkpt lat="44.223582" lon="7.036575">
        <ele>2608.4</ele>
        <time>2026-08-05T11:29:53Z</time>
      </trkpt>
      <trkpt lat="44.223584" lon="7.036546">
        <ele>2607.6</ele>
        <time>2026-08-05T11:29:55Z</time>
      </trkpt>
      <trkpt lat="44.223581" lon="7.036526">
        <ele>2607.2</ele>
        <time>2026-08-05T11:29:57Z</time>
      </trkpt>
      <trkpt lat="44.22358" lon="7.036541">
        <ele>2607.0</ele>
        <time>2026-08-05T11:30:04Z</time>
      </trkpt>
      <trkpt lat="44.223575" lon="7.036522">
        <ele>2606.6</ele>
        <time>2026-08-05T11:30:09Z</time>
      </trkpt>
      <trkpt lat="44.223569" lon="7.036494">
        <ele>2606.4</ele>
        <time>2026-08-05T11:30:13Z</time>
      </trkpt>
      <trkpt lat="44.223564" lon="7.036486">
        <ele>2605.4</ele>
        <time>2026-08-05T11:30:19Z</time>
      </trkpt>
      <trkpt lat="44.223578" lon="7.036481">
        <ele>2605.0</ele>
        <time>2026-08-05T11:30:21Z</time>
      </trkpt>
      <trkpt lat="44.223606" lon="7.036468">
        <ele>2604.2</ele>
        <time>2026-08-05T11:30:24Z</time>
      </trkpt>
      <trkpt lat="44.223644" lon="7.03644">
        <ele>2603.0</ele>
        <time>2026-08-05T11:30:28Z</time>
      </trkpt>
      <trkpt lat="44.223657" lon="7.036394">
        <ele>2601.6</ele>
        <time>2026-08-05T11:30:32Z</time>
      </trkpt>
      <trkpt lat="44.223647" lon="7.036363">
        <ele>2600.8</ele>
        <time>2026-08-05T11:30:34Z</time>
      </trkpt>
      <trkpt lat="44.223642" lon="7.036348">
        <ele>2600.4</ele>
        <time>2026-08-05T11:30:35Z</time>
      </trkpt>
      <trkpt lat="44.223603" lon="7.03629">
        <ele>2599.4</ele>
        <time>2026-08-05T11:30:43Z</time>
      </trkpt>
      <trkpt lat="44.223597" lon="7.036284">
        <ele>2599.2</ele>
        <time>2026-08-05T11:30:44Z</time>
      </trkpt>
      <trkpt lat="44.223585" lon="7.036261">
        <ele>2598.4</ele>
        <time>2026-08-05T11:30:46Z</time>
      </trkpt>
      <trkpt lat="44.22357" lon="7.036244">
        <ele>2597.6</ele>
        <time>2026-08-05T11:30:49Z</time>
      </trkpt>
      <trkpt lat="44.223564" lon="7.036238">
        <ele>2597.2</ele>
        <time>2026-08-05T11:30:51Z</time>
      </trkpt>
      <trkpt lat="44.223556" lon="7.036233">
        <ele>2596.6</ele>
        <time>2026-08-05T11:30:53Z</time>
      </trkpt>
      <trkpt lat="44.223546" lon="7.036221">
        <ele>2596.0</ele>
        <time>2026-08-05T11:30:55Z</time>
      </trkpt>
      <trkpt lat="44.223503" lon="7.036186">
        <ele>2594.8</ele>
        <time>2026-08-05T11:31:00Z</time>
      </trkpt>
      <trkpt lat="44.223494" lon="7.036181">
        <ele>2594.8</ele>
        <time>2026-08-05T11:31:01Z</time>
      </trkpt>
      <trkpt lat="44.223466" lon="7.036168">
        <ele>2593.8</ele>
        <time>2026-08-05T11:31:06Z</time>
      </trkpt>
      <trkpt lat="44.223461" lon="7.036159">
        <ele>2592.4</ele>
        <time>2026-08-05T11:31:08Z</time>
      </trkpt>
      <trkpt lat="44.223461" lon="7.036157">
        <ele>2591.8</ele>
        <time>2026-08-05T11:31:09Z</time>
      </trkpt>
      <trkpt lat="44.223462" lon="7.036153">
        <ele>2591.4</ele>
        <time>2026-08-05T11:31:10Z</time>
      </trkpt>
      <trkpt lat="44.223501" lon="7.03611">
        <ele>2591.8</ele>
        <time>2026-08-05T11:31:16Z</time>
      </trkpt>
      <trkpt lat="44.223504" lon="7.036104">
        <ele>2592.4</ele>
        <time>2026-08-05T11:31:18Z</time>
      </trkpt>
      <trkpt lat="44.223512" lon="7.036102">
        <ele>2592.0</ele>
        <time>2026-08-05T11:31:25Z</time>
      </trkpt>
      <trkpt lat="44.223568" lon="7.036055">
        <ele>2591.4</ele>
        <time>2026-08-05T11:31:33Z</time>
      </trkpt>
      <trkpt lat="44.223572" lon="7.036046">
        <ele>2590.8</ele>
        <time>2026-08-05T11:31:34Z</time>
      </trkpt>
      <trkpt lat="44.223563" lon="7.036004">
        <ele>2588.8</ele>
        <time>2026-08-05T11:31:37Z</time>
      </trkpt>
      <trkpt lat="44.223555" lon="7.035992">
        <ele>2586.8</ele>
        <time>2026-08-05T11:31:39Z</time>
      </trkpt>
      <trkpt lat="44.223548" lon="7.035948">
        <ele>2585.4</ele>
        <time>2026-08-05T11:31:42Z</time>
      </trkpt>
      <trkpt lat="44.223531" lon="7.035892">
        <ele>2585.6</ele>
        <time>2026-08-05T11:31:47Z</time>
      </trkpt>
      <trkpt lat="44.223471" lon="7.035823">
        <ele>2584.4</ele>
        <time>2026-08-05T11:31:54Z</time>
      </trkpt>
      <trkpt lat="44.223463" lon="7.035814">
        <ele>2584.2</ele>
        <time>2026-08-05T11:31:55Z</time>
      </trkpt>
      <trkpt lat="44.223413" lon="7.035747">
        <ele>2583.6</ele>
        <time>2026-08-05T11:32:02Z</time>
      </trkpt>
      <trkpt lat="44.223406" lon="7.035734">
        <ele>2583.2</ele>
        <time>2026-08-05T11:32:03Z</time>
      </trkpt>
      <trkpt lat="44.223392" lon="7.035698">
        <ele>2581.8</ele>
        <time>2026-08-05T11:32:06Z</time>
      </trkpt>
      <trkpt lat="44.223376" lon="7.035638">
        <ele>2580.8</ele>
        <time>2026-08-05T11:32:10Z</time>
      </trkpt>
      <trkpt lat="44.223372" lon="7.035624">
        <ele>2580.4</ele>
        <time>2026-08-05T11:32:12Z</time>
      </trkpt>
      <trkpt lat="44.223354" lon="7.035554">
        <ele>2579.8</ele>
        <time>2026-08-05T11:32:18Z</time>
      </trkpt>
      <trkpt lat="44.223361" lon="7.035499">
        <ele>2579.2</ele>
        <time>2026-08-05T11:32:22Z</time>
      </trkpt>
      <trkpt lat="44.223377" lon="7.035394">
        <ele>2578.6</ele>
        <time>2026-08-05T11:32:30Z</time>
      </trkpt>
      <trkpt lat="44.223382" lon="7.035361">
        <ele>2578.0</ele>
        <time>2026-08-05T11:32:32Z</time>
      </trkpt>
      <trkpt lat="44.2234" lon="7.035315">
        <ele>2577.4</ele>
        <time>2026-08-05T11:32:38Z</time>
      </trkpt>
      <trkpt lat="44.223408" lon="7.035306">
        <ele>2576.6</ele>
        <time>2026-08-05T11:32:40Z</time>
      </trkpt>
      <trkpt lat="44.223415" lon="7.035301">
        <ele>2576.2</ele>
        <time>2026-08-05T11:32:41Z</time>
      </trkpt>
      <trkpt lat="44.223407" lon="7.035238">
        <ele>2575.2</ele>
        <time>2026-08-05T11:32:47Z</time>
      </trkpt>
      <trkpt lat="44.223407" lon="7.035229">
        <ele>2575.0</ele>
        <time>2026-08-05T11:32:48Z</time>
      </trkpt>
      <trkpt lat="44.223417" lon="7.035159">
        <ele>2573.8</ele>
        <time>2026-08-05T11:32:53Z</time>
      </trkpt>
      <trkpt lat="44.223426" lon="7.035118">
        <ele>2572.8</ele>
        <time>2026-08-05T11:32:56Z</time>
      </trkpt>
      <trkpt lat="44.223431" lon="7.03508">
        <ele>2571.8</ele>
        <time>2026-08-05T11:32:59Z</time>
      </trkpt>
      <trkpt lat="44.223432" lon="7.035053">
        <ele>2570.6</ele>
        <time>2026-08-05T11:33:03Z</time>
      </trkpt>
      <trkpt lat="44.223439" lon="7.035026">
        <ele>2569.8</ele>
        <time>2026-08-05T11:33:05Z</time>
      </trkpt>
      <trkpt lat="44.223447" lon="7.035002">
        <ele>2569.2</ele>
        <time>2026-08-05T11:33:07Z</time>
      </trkpt>
      <trkpt lat="44.223458" lon="7.03498">
        <ele>2568.2</ele>
        <time>2026-08-05T11:33:10Z</time>
      </trkpt>
      <trkpt lat="44.223465" lon="7.034957">
        <ele>2567.0</ele>
        <time>2026-08-05T11:33:13Z</time>
      </trkpt>
      <trkpt lat="44.223468" lon="7.034943">
        <ele>2566.8</ele>
        <time>2026-08-05T11:33:14Z</time>
      </trkpt>
      <trkpt lat="44.223477" lon="7.034895">
        <ele>2566.0</ele>
        <time>2026-08-05T11:33:17Z</time>
      </trkpt>
      <trkpt lat="44.2235" lon="7.034827">
        <ele>2564.8</ele>
        <time>2026-08-05T11:33:24Z</time>
      </trkpt>
      <trkpt lat="44.223509" lon="7.034718">
        <ele>2563.8</ele>
        <time>2026-08-05T11:33:30Z</time>
      </trkpt>
      <trkpt lat="44.223503" lon="7.034691">
        <ele>2564.0</ele>
        <time>2026-08-05T11:33:32Z</time>
      </trkpt>
      <trkpt lat="44.223479" lon="7.034558">
        <ele>2564.8</ele>
        <time>2026-08-05T11:33:40Z</time>
      </trkpt>
      <trkpt lat="44.223481" lon="7.034544">
        <ele>2564.8</ele>
        <time>2026-08-05T11:33:41Z</time>
      </trkpt>
      <trkpt lat="44.223491" lon="7.034432">
        <ele>2564.4</ele>
        <time>2026-08-05T11:33:49Z</time>
      </trkpt>
      <trkpt lat="44.223517" lon="7.034267">
        <ele>2563.8</ele>
        <time>2026-08-05T11:33:59Z</time>
      </trkpt>
      <trkpt lat="44.223519" lon="7.034172">
        <ele>2563.8</ele>
        <time>2026-08-05T11:34:05Z</time>
      </trkpt>
      <trkpt lat="44.223516" lon="7.034139">
        <ele>2563.6</ele>
        <time>2026-08-05T11:34:07Z</time>
      </trkpt>
      <trkpt lat="44.223523" lon="7.034027">
        <ele>2563.4</ele>
        <time>2026-08-05T11:34:16Z</time>
      </trkpt>
      <trkpt lat="44.223515" lon="7.034041">
        <ele>2563.0</ele>
        <time>2026-08-05T11:34:24Z</time>
      </trkpt>
      <trkpt lat="44.223512" lon="7.034036">
        <ele>2563.0</ele>
        <time>2026-08-05T11:34:25Z</time>
      </trkpt>
      <trkpt lat="44.223508" lon="7.03403">
        <ele>2563.0</ele>
        <time>2026-08-05T11:34:26Z</time>
      </trkpt>
      <trkpt lat="44.223506" lon="7.034025">
        <ele>2563.2</ele>
        <time>2026-08-05T11:34:28Z</time>
      </trkpt>
      <trkpt lat="44.223508" lon="7.034025">
        <ele>2563.4</ele>
        <time>2026-08-05T11:34:32Z</time>
      </trkpt>
      <trkpt lat="44.22351" lon="7.034028">
        <ele>2563.4</ele>
        <time>2026-08-05T11:34:34Z</time>
      </trkpt>
      <trkpt lat="44.223514" lon="7.034035">
        <ele>2563.4</ele>
        <time>2026-08-05T11:34:39Z</time>
      </trkpt>
      <trkpt lat="44.223503" lon="7.034051">
        <ele>2564.0</ele>
        <time>2026-08-05T11:34:45Z</time>
      </trkpt>
      <trkpt lat="44.223514" lon="7.034035">
        <ele>2565.0</ele>
        <time>2026-08-05T11:34:49Z</time>
      </trkpt>
      <trkpt lat="44.223509" lon="7.03401">
        <ele>2565.4</ele>
        <time>2026-08-05T11:34:54Z</time>
      </trkpt>
      <trkpt lat="44.223513" lon="7.033989">
        <ele>2563.8</ele>
        <time>2026-08-05T11:35:01Z</time>
      </trkpt>
      <trkpt lat="44.223511" lon="7.033978">
        <ele>2563.6</ele>
        <time>2026-08-05T11:35:03Z</time>
      </trkpt>
      <trkpt lat="44.223504" lon="7.03394">
        <ele>2562.6</ele>
        <time>2026-08-05T11:35:08Z</time>
      </trkpt>
      <trkpt lat="44.223504" lon="7.033902">
        <ele>2561.2</ele>
        <time>2026-08-05T11:35:11Z</time>
      </trkpt>
      <trkpt lat="44.2235" lon="7.033885">
        <ele>2561.0</ele>
        <time>2026-08-05T11:35:12Z</time>
      </trkpt>
      <trkpt lat="44.223512" lon="7.033787">
        <ele>2560.2</ele>
        <time>2026-08-05T11:35:17Z</time>
      </trkpt>
      <trkpt lat="44.223526" lon="7.033737">
        <ele>2559.8</ele>
        <time>2026-08-05T11:35:21Z</time>
      </trkpt>
      <trkpt lat="44.223525" lon="7.033701">
        <ele>2559.2</ele>
        <time>2026-08-05T11:35:25Z</time>
      </trkpt>
      <trkpt lat="44.223528" lon="7.033669">
        <ele>2558.2</ele>
        <time>2026-08-05T11:35:29Z</time>
      </trkpt>
      <trkpt lat="44.223527" lon="7.033663">
        <ele>2557.8</ele>
        <time>2026-08-05T11:35:30Z</time>
      </trkpt>
      <trkpt lat="44.223527" lon="7.033633">
        <ele>2557.0</ele>
        <time>2026-08-05T11:35:33Z</time>
      </trkpt>
      <trkpt lat="44.223529" lon="7.033578">
        <ele>2556.0</ele>
        <time>2026-08-05T11:35:38Z</time>
      </trkpt>
      <trkpt lat="44.223529" lon="7.033569">
        <ele>2555.8</ele>
        <time>2026-08-05T11:35:39Z</time>
      </trkpt>
      <trkpt lat="44.223532" lon="7.033536">
        <ele>2555.4</ele>
        <time>2026-08-05T11:35:42Z</time>
      </trkpt>
      <trkpt lat="44.223537" lon="7.033504">
        <ele>2555.0</ele>
        <time>2026-08-05T11:35:45Z</time>
      </trkpt>
      <trkpt lat="44.223538" lon="7.033475">
        <ele>2554.2</ele>
        <time>2026-08-05T11:35:48Z</time>
      </trkpt>
      <trkpt lat="44.223536" lon="7.033445">
        <ele>2553.8</ele>
        <time>2026-08-05T11:35:51Z</time>
      </trkpt>
      <trkpt lat="44.223532" lon="7.033364">
        <ele>2553.0</ele>
        <time>2026-08-05T11:35:57Z</time>
      </trkpt>
      <trkpt lat="44.223532" lon="7.033354">
        <ele>2552.8</ele>
        <time>2026-08-05T11:35:58Z</time>
      </trkpt>
      <trkpt lat="44.223525" lon="7.033278">
        <ele>2551.6</ele>
        <time>2026-08-05T11:36:04Z</time>
      </trkpt>
      <trkpt lat="44.223523" lon="7.033248">
        <ele>2551.2</ele>
        <time>2026-08-05T11:36:06Z</time>
      </trkpt>
      <trkpt lat="44.223525" lon="7.033234">
        <ele>2551.0</ele>
        <time>2026-08-05T11:36:07Z</time>
      </trkpt>
      <trkpt lat="44.223534" lon="7.033198">
        <ele>2550.6</ele>
        <time>2026-08-05T11:36:10Z</time>
      </trkpt>
      <trkpt lat="44.223544" lon="7.033159">
        <ele>2549.6</ele>
        <time>2026-08-05T11:36:14Z</time>
      </trkpt>
      <trkpt lat="44.223547" lon="7.033145">
        <ele>2549.4</ele>
        <time>2026-08-05T11:36:15Z</time>
      </trkpt>
      <trkpt lat="44.223549" lon="7.033099">
        <ele>2548.2</ele>
        <time>2026-08-05T11:36:19Z</time>
      </trkpt>
      <trkpt lat="44.223549" lon="7.033045">
        <ele>2547.2</ele>
        <time>2026-08-05T11:36:23Z</time>
      </trkpt>
      <trkpt lat="44.223549" lon="7.032994">
        <ele>2546.0</ele>
        <time>2026-08-05T11:36:28Z</time>
      </trkpt>
      <trkpt lat="44.223558" lon="7.032963">
        <ele>2545.2</ele>
        <time>2026-08-05T11:36:31Z</time>
      </trkpt>
      <trkpt lat="44.223562" lon="7.03294">
        <ele>2544.8</ele>
        <time>2026-08-05T11:36:33Z</time>
      </trkpt>
      <trkpt lat="44.22358" lon="7.032873">
        <ele>2543.6</ele>
        <time>2026-08-05T11:36:38Z</time>
      </trkpt>
      <trkpt lat="44.223587" lon="7.03286">
        <ele>2542.8</ele>
        <time>2026-08-05T11:36:41Z</time>
      </trkpt>
      <trkpt lat="44.223595" lon="7.032851">
        <ele>2542.4</ele>
        <time>2026-08-05T11:36:43Z</time>
      </trkpt>
      <trkpt lat="44.223612" lon="7.032786">
        <ele>2541.6</ele>
        <time>2026-08-05T11:36:49Z</time>
      </trkpt>
      <trkpt lat="44.223614" lon="7.032769">
        <ele>2541.4</ele>
        <time>2026-08-05T11:36:50Z</time>
      </trkpt>
      <trkpt lat="44.223622" lon="7.032725">
        <ele>2540.2</ele>
        <time>2026-08-05T11:36:55Z</time>
      </trkpt>
      <trkpt lat="44.223625" lon="7.032702">
        <ele>2539.6</ele>
        <time>2026-08-05T11:36:58Z</time>
      </trkpt>
      <trkpt lat="44.223632" lon="7.032684">
        <ele>2539.2</ele>
        <time>2026-08-05T11:37:00Z</time>
      </trkpt>
      <trkpt lat="44.223645" lon="7.032636">
        <ele>2538.2</ele>
        <time>2026-08-05T11:37:05Z</time>
      </trkpt>
      <trkpt lat="44.223645" lon="7.032627">
        <ele>2538.0</ele>
        <time>2026-08-05T11:37:06Z</time>
      </trkpt>
      <trkpt lat="44.22365" lon="7.03258">
        <ele>2537.0</ele>
        <time>2026-08-05T11:37:10Z</time>
      </trkpt>
      <trkpt lat="44.223647" lon="7.032527">
        <ele>2536.0</ele>
        <time>2026-08-05T11:37:15Z</time>
      </trkpt>
      <trkpt lat="44.223644" lon="7.032512">
        <ele>2535.8</ele>
        <time>2026-08-05T11:37:16Z</time>
      </trkpt>
      <trkpt lat="44.223632" lon="7.032451">
        <ele>2534.8</ele>
        <time>2026-08-05T11:37:21Z</time>
      </trkpt>
      <trkpt lat="44.223629" lon="7.032425">
        <ele>2533.8</ele>
        <time>2026-08-05T11:37:26Z</time>
      </trkpt>
      <trkpt lat="44.223631" lon="7.032369">
        <ele>2532.6</ele>
        <time>2026-08-05T11:37:30Z</time>
      </trkpt>
      <trkpt lat="44.22364" lon="7.032328">
        <ele>2531.6</ele>
        <time>2026-08-05T11:37:33Z</time>
      </trkpt>
      <trkpt lat="44.223643" lon="7.032316">
        <ele>2531.4</ele>
        <time>2026-08-05T11:37:34Z</time>
      </trkpt>
      <trkpt lat="44.223655" lon="7.032281">
        <ele>2531.0</ele>
        <time>2026-08-05T11:37:37Z</time>
      </trkpt>
      <trkpt lat="44.223653" lon="7.032193">
        <ele>2530.6</ele>
        <time>2026-08-05T11:37:45Z</time>
      </trkpt>
      <trkpt lat="44.223654" lon="7.032176">
        <ele>2530.4</ele>
        <time>2026-08-05T11:37:47Z</time>
      </trkpt>
      <trkpt lat="44.22368" lon="7.032091">
        <ele>2529.6</ele>
        <time>2026-08-05T11:37:55Z</time>
      </trkpt>
      <trkpt lat="44.22369" lon="7.032062">
        <ele>2529.4</ele>
        <time>2026-08-05T11:37:57Z</time>
      </trkpt>
      <trkpt lat="44.223712" lon="7.031963">
        <ele>2528.4</ele>
        <time>2026-08-05T11:38:05Z</time>
      </trkpt>
      <trkpt lat="44.223715" lon="7.031952">
        <ele>2528.2</ele>
        <time>2026-08-05T11:38:06Z</time>
      </trkpt>
      <trkpt lat="44.22374" lon="7.031879">
        <ele>2527.2</ele>
        <time>2026-08-05T11:38:11Z</time>
      </trkpt>
      <trkpt lat="44.223773" lon="7.03183">
        <ele>2526.8</ele>
        <time>2026-08-05T11:38:15Z</time>
      </trkpt>
      <trkpt lat="44.223788" lon="7.031795">
        <ele>2526.2</ele>
        <time>2026-08-05T11:38:18Z</time>
      </trkpt>
      <trkpt lat="44.223788" lon="7.031729">
        <ele>2525.6</ele>
        <time>2026-08-05T11:38:23Z</time>
      </trkpt>
      <trkpt lat="44.223787" lon="7.031691">
        <ele>2525.0</ele>
        <time>2026-08-05T11:38:25Z</time>
      </trkpt>
      <trkpt lat="44.22379" lon="7.031644">
        <ele>2524.2</ele>
        <time>2026-08-05T11:38:28Z</time>
      </trkpt>
      <trkpt lat="44.223797" lon="7.03162">
        <ele>2523.8</ele>
        <time>2026-08-05T11:38:31Z</time>
      </trkpt>
      <trkpt lat="44.223797" lon="7.03161">
        <ele>2523.4</ele>
        <time>2026-08-05T11:38:32Z</time>
      </trkpt>
      <trkpt lat="44.223799" lon="7.031586">
        <ele>2522.4</ele>
        <time>2026-08-05T11:38:34Z</time>
      </trkpt>
      <trkpt lat="44.223804" lon="7.031565">
        <ele>2521.4</ele>
        <time>2026-08-05T11:38:36Z</time>
      </trkpt>
      <trkpt lat="44.223813" lon="7.031526">
        <ele>2520.2</ele>
        <time>2026-08-05T11:38:41Z</time>
      </trkpt>
      <trkpt lat="44.223817" lon="7.03151">
        <ele>2520.0</ele>
        <time>2026-08-05T11:38:42Z</time>
      </trkpt>
      <trkpt lat="44.223825" lon="7.031443">
        <ele>2519.2</ele>
        <time>2026-08-05T11:38:46Z</time>
      </trkpt>
      <trkpt lat="44.223826" lon="7.031385">
        <ele>2518.8</ele>
        <time>2026-08-05T11:38:50Z</time>
      </trkpt>
      <trkpt lat="44.223826" lon="7.03136">
        <ele>2518.4</ele>
        <time>2026-08-05T11:38:52Z</time>
      </trkpt>
      <trkpt lat="44.223827" lon="7.031354">
        <ele>2518.2</ele>
        <time>2026-08-05T11:38:53Z</time>
      </trkpt>
      <trkpt lat="44.223828" lon="7.03132">
        <ele>2517.2</ele>
        <time>2026-08-05T11:38:57Z</time>
      </trkpt>
      <trkpt lat="44.223839" lon="7.031283">
        <ele>2516.2</ele>
        <time>2026-08-05T11:39:02Z</time>
      </trkpt>
      <trkpt lat="44.223855" lon="7.031272">
        <ele>2516.0</ele>
        <time>2026-08-05T11:39:04Z</time>
      </trkpt>
      <trkpt lat="44.223898" lon="7.031214">
        <ele>2515.0</ele>
        <time>2026-08-05T11:39:09Z</time>
      </trkpt>
      <trkpt lat="44.223923" lon="7.03119">
        <ele>2514.6</ele>
        <time>2026-08-05T11:39:11Z</time>
      </trkpt>
      <trkpt lat="44.223953" lon="7.031155">
        <ele>2514.0</ele>
        <time>2026-08-05T11:39:13Z</time>
      </trkpt>
      <trkpt lat="44.223985" lon="7.0311">
        <ele>2513.0</ele>
        <time>2026-08-05T11:39:18Z</time>
      </trkpt>
      <trkpt lat="44.223992" lon="7.031088">
        <ele>2513.0</ele>
        <time>2026-08-05T11:39:19Z</time>
      </trkpt>
      <trkpt lat="44.224016" lon="7.030991">
        <ele>2513.0</ele>
        <time>2026-08-05T11:39:27Z</time>
      </trkpt>
      <trkpt lat="44.223997" lon="7.030932">
        <ele>2512.8</ele>
        <time>2026-08-05T11:39:35Z</time>
      </trkpt>
      <trkpt lat="44.223999" lon="7.030904">
        <ele>2511.4</ele>
        <time>2026-08-05T11:39:37Z</time>
      </trkpt>
      <trkpt lat="44.223999" lon="7.030885">
        <ele>2510.4</ele>
        <time>2026-08-05T11:39:39Z</time>
      </trkpt>
      <trkpt lat="44.224003" lon="7.030857">
        <ele>2509.2</ele>
        <time>2026-08-05T11:39:42Z</time>
      </trkpt>
      <trkpt lat="44.224005" lon="7.030846">
        <ele>2509.0</ele>
        <time>2026-08-05T11:39:43Z</time>
      </trkpt>
      <trkpt lat="44.224046" lon="7.030784">
        <ele>2508.0</ele>
        <time>2026-08-05T11:39:49Z</time>
      </trkpt>
      <trkpt lat="44.224065" lon="7.030757">
        <ele>2507.4</ele>
        <time>2026-08-05T11:39:52Z</time>
      </trkpt>
      <trkpt lat="44.224073" lon="7.030748">
        <ele>2507.0</ele>
        <time>2026-08-05T11:39:53Z</time>
      </trkpt>
      <trkpt lat="44.224101" lon="7.030727">
        <ele>2506.0</ele>
        <time>2026-08-05T11:39:56Z</time>
      </trkpt>
      <trkpt lat="44.224166" lon="7.030664">
        <ele>2505.0</ele>
        <time>2026-08-05T11:40:03Z</time>
      </trkpt>
      <trkpt lat="44.224186" lon="7.030641">
        <ele>2503.8</ele>
        <time>2026-08-05T11:40:07Z</time>
      </trkpt>
      <trkpt lat="44.224197" lon="7.030629">
        <ele>2502.8</ele>
        <time>2026-08-05T11:40:09Z</time>
      </trkpt>
      <trkpt lat="44.224241" lon="7.030589">
        <ele>2502.2</ele>
        <time>2026-08-05T11:40:13Z</time>
      </trkpt>
      <trkpt lat="44.224284" lon="7.030545">
        <ele>2501.6</ele>
        <time>2026-08-05T11:40:17Z</time>
      </trkpt>
      <trkpt lat="44.22431" lon="7.030508">
        <ele>2500.4</ele>
        <time>2026-08-05T11:40:20Z</time>
      </trkpt>
      <trkpt lat="44.224329" lon="7.030489">
        <ele>2499.0</ele>
        <time>2026-08-05T11:40:23Z</time>
      </trkpt>
      <trkpt lat="44.224349" lon="7.030447">
        <ele>2498.0</ele>
        <time>2026-08-05T11:40:26Z</time>
      </trkpt>
      <trkpt lat="44.224355" lon="7.03042">
        <ele>2496.6</ele>
        <time>2026-08-05T11:40:29Z</time>
      </trkpt>
      <trkpt lat="44.224367" lon="7.030406">
        <ele>2495.4</ele>
        <time>2026-08-05T11:40:33Z</time>
      </trkpt>
      <trkpt lat="44.224373" lon="7.0304">
        <ele>2495.0</ele>
        <time>2026-08-05T11:40:34Z</time>
      </trkpt>
      <trkpt lat="44.224406" lon="7.030352">
        <ele>2494.2</ele>
        <time>2026-08-05T11:40:39Z</time>
      </trkpt>
      <trkpt lat="44.224413" lon="7.030334">
        <ele>2493.6</ele>
        <time>2026-08-05T11:40:41Z</time>
      </trkpt>
      <trkpt lat="44.224418" lon="7.030321">
        <ele>2492.8</ele>
        <time>2026-08-05T11:40:43Z</time>
      </trkpt>
      <trkpt lat="44.224429" lon="7.030285">
        <ele>2491.8</ele>
        <time>2026-08-05T11:40:47Z</time>
      </trkpt>
      <trkpt lat="44.224434" lon="7.03027">
        <ele>2491.6</ele>
        <time>2026-08-05T11:40:48Z</time>
      </trkpt>
      <trkpt lat="44.224445" lon="7.030241">
        <ele>2490.4</ele>
        <time>2026-08-05T11:40:51Z</time>
      </trkpt>
      <trkpt lat="44.224455" lon="7.030225">
        <ele>2489.2</ele>
        <time>2026-08-05T11:40:54Z</time>
      </trkpt>
      <trkpt lat="44.224452" lon="7.030231">
        <ele>2489.2</ele>
        <time>2026-08-05T11:40:56Z</time>
      </trkpt>
      <trkpt lat="44.224445" lon="7.030218">
        <ele>2489.2</ele>
        <time>2026-08-05T11:41:05Z</time>
      </trkpt>
      <trkpt lat="44.224446" lon="7.030211">
        <ele>2489.2</ele>
        <time>2026-08-05T11:41:06Z</time>
      </trkpt>
      <trkpt lat="44.224458" lon="7.030192">
        <ele>2489.0</ele>
        <time>2026-08-05T11:41:08Z</time>
      </trkpt>
      <trkpt lat="44.224467" lon="7.030179">
        <ele>2488.6</ele>
        <time>2026-08-05T11:41:10Z</time>
      </trkpt>
      <trkpt lat="44.224487" lon="7.030156">
        <ele>2488.2</ele>
        <time>2026-08-05T11:41:13Z</time>
      </trkpt>
      <trkpt lat="44.224525" lon="7.030141">
        <ele>2487.0</ele>
        <time>2026-08-05T11:41:21Z</time>
      </trkpt>
      <trkpt lat="44.224546" lon="7.030131">
        <ele>2485.8</ele>
        <time>2026-08-05T11:41:24Z</time>
      </trkpt>
      <trkpt lat="44.224562" lon="7.030125">
        <ele>2485.6</ele>
        <time>2026-08-05T11:41:28Z</time>
      </trkpt>
      <trkpt lat="44.224573" lon="7.030114">
        <ele>2485.2</ele>
        <time>2026-08-05T11:41:31Z</time>
      </trkpt>
      <trkpt lat="44.224586" lon="7.030108">
        <ele>2484.6</ele>
        <time>2026-08-05T11:41:33Z</time>
      </trkpt>
      <trkpt lat="44.224599" lon="7.03009">
        <ele>2483.4</ele>
        <time>2026-08-05T11:41:36Z</time>
      </trkpt>
      <trkpt lat="44.224614" lon="7.030066">
        <ele>2482.8</ele>
        <time>2026-08-05T11:41:39Z</time>
      </trkpt>
      <trkpt lat="44.224627" lon="7.030048">
        <ele>2482.4</ele>
        <time>2026-08-05T11:41:41Z</time>
      </trkpt>
      <trkpt lat="44.224656" lon="7.030002">
        <ele>2481.4</ele>
        <time>2026-08-05T11:41:46Z</time>
      </trkpt>
      <trkpt lat="44.224672" lon="7.029984">
        <ele>2480.6</ele>
        <time>2026-08-05T11:41:50Z</time>
      </trkpt>
      <trkpt lat="44.224679" lon="7.029978">
        <ele>2480.4</ele>
        <time>2026-08-05T11:41:51Z</time>
      </trkpt>
      <trkpt lat="44.224719" lon="7.029956">
        <ele>2479.2</ele>
        <time>2026-08-05T11:41:57Z</time>
      </trkpt>
      <trkpt lat="44.224728" lon="7.029953">
        <ele>2478.8</ele>
        <time>2026-08-05T11:41:58Z</time>
      </trkpt>
      <trkpt lat="44.224753" lon="7.029951">
        <ele>2478.0</ele>
        <time>2026-08-05T11:42:01Z</time>
      </trkpt>
      <trkpt lat="44.224783" lon="7.029981">
        <ele>2477.0</ele>
        <time>2026-08-05T11:42:06Z</time>
      </trkpt>
      <trkpt lat="44.224785" lon="7.029987">
        <ele>2477.0</ele>
        <time>2026-08-05T11:42:07Z</time>
      </trkpt>
      <trkpt lat="44.224782" lon="7.030025">
        <ele>2475.8</ele>
        <time>2026-08-05T11:42:13Z</time>
      </trkpt>
      <trkpt lat="44.224785" lon="7.030075">
        <ele>2475.2</ele>
        <time>2026-08-05T11:42:15Z</time>
      </trkpt>
      <trkpt lat="44.224786" lon="7.0301">
        <ele>2474.8</ele>
        <time>2026-08-05T11:42:17Z</time>
      </trkpt>
      <trkpt lat="44.224785" lon="7.030125">
        <ele>2474.2</ele>
        <time>2026-08-05T11:42:21Z</time>
      </trkpt>
      <trkpt lat="44.224777" lon="7.030135">
        <ele>2473.6</ele>
        <time>2026-08-05T11:42:23Z</time>
      </trkpt>
      <trkpt lat="44.22476" lon="7.030176">
        <ele>2472.6</ele>
        <time>2026-08-05T11:42:28Z</time>
      </trkpt>
      <trkpt lat="44.224776" lon="7.030203">
        <ele>2472.2</ele>
        <time>2026-08-05T11:42:31Z</time>
      </trkpt>
      <trkpt lat="44.224788" lon="7.030237">
        <ele>2471.4</ele>
        <time>2026-08-05T11:42:33Z</time>
      </trkpt>
      <trkpt lat="44.224806" lon="7.030275">
        <ele>2470.8</ele>
        <time>2026-08-05T11:42:35Z</time>
      </trkpt>
      <trkpt lat="44.224815" lon="7.030285">
        <ele>2470.4</ele>
        <time>2026-08-05T11:42:37Z</time>
      </trkpt>
      <trkpt lat="44.22482" lon="7.030288">
        <ele>2470.4</ele>
        <time>2026-08-05T11:42:38Z</time>
      </trkpt>
      <trkpt lat="44.224855" lon="7.030266">
        <ele>2469.4</ele>
        <time>2026-08-05T11:42:44Z</time>
      </trkpt>
      <trkpt lat="44.224855" lon="7.030254">
        <ele>2469.4</ele>
        <time>2026-08-05T11:42:45Z</time>
      </trkpt>
      <trkpt lat="44.224892" lon="7.030208">
        <ele>2468.4</ele>
        <time>2026-08-05T11:42:50Z</time>
      </trkpt>
      <trkpt lat="44.224904" lon="7.03023">
        <ele>2467.4</ele>
        <time>2026-08-05T11:42:53Z</time>
      </trkpt>
      <trkpt lat="44.224903" lon="7.030239">
        <ele>2467.2</ele>
        <time>2026-08-05T11:42:54Z</time>
      </trkpt>
      <trkpt lat="44.224911" lon="7.030258">
        <ele>2467.4</ele>
        <time>2026-08-05T11:43:00Z</time>
      </trkpt>
      <trkpt lat="44.224907" lon="7.030307">
        <ele>2467.6</ele>
        <time>2026-08-05T11:43:06Z</time>
      </trkpt>
      <trkpt lat="44.224887" lon="7.030343">
        <ele>2466.4</ele>
        <time>2026-08-05T11:43:12Z</time>
      </trkpt>
      <trkpt lat="44.224881" lon="7.030362">
        <ele>2466.2</ele>
        <time>2026-08-05T11:43:14Z</time>
      </trkpt>
      <trkpt lat="44.224876" lon="7.030414">
        <ele>2465.0</ele>
        <time>2026-08-05T11:43:19Z</time>
      </trkpt>
      <trkpt lat="44.224875" lon="7.030443">
        <ele>2464.4</ele>
        <time>2026-08-05T11:43:21Z</time>
      </trkpt>
      <trkpt lat="44.224873" lon="7.030477">
        <ele>2463.8</ele>
        <time>2026-08-05T11:43:24Z</time>
      </trkpt>
      <trkpt lat="44.224876" lon="7.030529">
        <ele>2462.8</ele>
        <time>2026-08-05T11:43:29Z</time>
      </trkpt>
      <trkpt lat="44.224878" lon="7.030566">
        <ele>2462.6</ele>
        <time>2026-08-05T11:43:31Z</time>
      </trkpt>
      <trkpt lat="44.224887" lon="7.03064">
        <ele>2461.6</ele>
        <time>2026-08-05T11:43:35Z</time>
      </trkpt>
      <trkpt lat="44.224889" lon="7.030689">
        <ele>2460.6</ele>
        <time>2026-08-05T11:43:39Z</time>
      </trkpt>
      <trkpt lat="44.22489" lon="7.0307">
        <ele>2460.4</ele>
        <time>2026-08-05T11:43:40Z</time>
      </trkpt>
      <trkpt lat="44.224884" lon="7.030787">
        <ele>2459.4</ele>
        <time>2026-08-05T11:43:47Z</time>
      </trkpt>
      <trkpt lat="44.224883" lon="7.030794">
        <ele>2459.2</ele>
        <time>2026-08-05T11:43:48Z</time>
      </trkpt>
      <trkpt lat="44.224857" lon="7.030839">
        <ele>2458.2</ele>
        <time>2026-08-05T11:43:56Z</time>
      </trkpt>
      <trkpt lat="44.224846" lon="7.030884">
        <ele>2457.2</ele>
        <time>2026-08-05T11:44:01Z</time>
      </trkpt>
      <trkpt lat="44.224842" lon="7.030906">
        <ele>2456.0</ele>
        <time>2026-08-05T11:44:05Z</time>
      </trkpt>
      <trkpt lat="44.224842" lon="7.030907">
        <ele>2455.8</ele>
        <time>2026-08-05T11:44:06Z</time>
      </trkpt>
      <trkpt lat="44.224842" lon="7.03098">
        <ele>2455.0</ele>
        <time>2026-08-05T11:44:13Z</time>
      </trkpt>
      <trkpt lat="44.224854" lon="7.031013">
        <ele>2454.2</ele>
        <time>2026-08-05T11:44:22Z</time>
      </trkpt>
      <trkpt lat="44.224858" lon="7.031031">
        <ele>2453.8</ele>
        <time>2026-08-05T11:44:23Z</time>
      </trkpt>
      <trkpt lat="44.224897" lon="7.031065">
        <ele>2452.6</ele>
        <time>2026-08-05T11:44:29Z</time>
      </trkpt>
      <trkpt lat="44.224974" lon="7.031091">
        <ele>2451.4</ele>
        <time>2026-08-05T11:44:37Z</time>
      </trkpt>
      <trkpt lat="44.224985" lon="7.031096">
        <ele>2450.8</ele>
        <time>2026-08-05T11:44:39Z</time>
      </trkpt>
      <trkpt lat="44.224998" lon="7.031101">
        <ele>2450.2</ele>
        <time>2026-08-05T11:44:41Z</time>
      </trkpt>
      <trkpt lat="44.225033" lon="7.031127">
        <ele>2448.8</ele>
        <time>2026-08-05T11:44:46Z</time>
      </trkpt>
      <trkpt lat="44.225038" lon="7.031143">
        <ele>2448.2</ele>
        <time>2026-08-05T11:44:48Z</time>
      </trkpt>
      <trkpt lat="44.225041" lon="7.031162">
        <ele>2447.8</ele>
        <time>2026-08-05T11:44:50Z</time>
      </trkpt>
      <trkpt lat="44.225021" lon="7.03128">
        <ele>2447.2</ele>
        <time>2026-08-05T11:44:58Z</time>
      </trkpt>
      <trkpt lat="44.225019" lon="7.031357">
        <ele>2446.6</ele>
        <time>2026-08-05T11:45:06Z</time>
      </trkpt>
      <trkpt lat="44.225035" lon="7.031367">
        <ele>2446.2</ele>
        <time>2026-08-05T11:45:08Z</time>
      </trkpt>
      <trkpt lat="44.225067" lon="7.031379">
        <ele>2445.6</ele>
        <time>2026-08-05T11:45:11Z</time>
      </trkpt>
      <trkpt lat="44.22512" lon="7.031384">
        <ele>2445.8</ele>
        <time>2026-08-05T11:45:14Z</time>
      </trkpt>
      <trkpt lat="44.225155" lon="7.031372">
        <ele>2444.4</ele>
        <time>2026-08-05T11:45:20Z</time>
      </trkpt>
      <trkpt lat="44.22516" lon="7.03137">
        <ele>2444.0</ele>
        <time>2026-08-05T11:45:21Z</time>
      </trkpt>
      <trkpt lat="44.22518" lon="7.031363">
        <ele>2443.8</ele>
        <time>2026-08-05T11:45:27Z</time>
      </trkpt>
      <trkpt lat="44.225192" lon="7.031357">
        <ele>2443.8</ele>
        <time>2026-08-05T11:45:29Z</time>
      </trkpt>
      <trkpt lat="44.225196" lon="7.031353">
        <ele>2442.8</ele>
        <time>2026-08-05T11:45:30Z</time>
      </trkpt>
      <trkpt lat="44.225211" lon="7.031331">
        <ele>2442.8</ele>
        <time>2026-08-05T11:45:37Z</time>
      </trkpt>
      <trkpt lat="44.225214" lon="7.031331">
        <ele>2441.8</ele>
        <time>2026-08-05T11:45:41Z</time>
      </trkpt>
      <trkpt lat="44.22523" lon="7.031326">
        <ele>2441.8</ele>
        <time>2026-08-05T11:45:45Z</time>
      </trkpt>
      <trkpt lat="44.225229" lon="7.031292">
        <ele>2444.2</ele>
        <time>2026-08-05T11:45:50Z</time>
      </trkpt>
      <trkpt lat="44.225239" lon="7.031288">
        <ele>2443.8</ele>
        <time>2026-08-05T11:45:51Z</time>
      </trkpt>
      <trkpt lat="44.225323" lon="7.031321">
        <ele>2440.8</ele>
        <time>2026-08-05T11:45:59Z</time>
      </trkpt>
      <trkpt lat="44.225342" lon="7.031337">
        <ele>2439.0</ele>
        <time>2026-08-05T11:46:01Z</time>
      </trkpt>
      <trkpt lat="44.22535" lon="7.031387">
        <ele>2438.0</ele>
        <time>2026-08-05T11:46:06Z</time>
      </trkpt>
      <trkpt lat="44.225362" lon="7.031409">
        <ele>2437.6</ele>
        <time>2026-08-05T11:46:08Z</time>
      </trkpt>
      <trkpt lat="44.225375" lon="7.031419">
        <ele>2439.4</ele>
        <time>2026-08-05T11:46:13Z</time>
      </trkpt>
      <trkpt lat="44.22538" lon="7.031406">
        <ele>2440.6</ele>
        <time>2026-08-05T11:46:15Z</time>
      </trkpt>
      <trkpt lat="44.225417" lon="7.031362">
        <ele>2439.4</ele>
        <time>2026-08-05T11:46:21Z</time>
      </trkpt>
      <trkpt lat="44.22543" lon="7.031355">
        <ele>2438.2</ele>
        <time>2026-08-05T11:46:23Z</time>
      </trkpt>
      <trkpt lat="44.22545" lon="7.031357">
        <ele>2437.2</ele>
        <time>2026-08-05T11:46:25Z</time>
      </trkpt>
      <trkpt lat="44.225473" lon="7.031352">
        <ele>2435.6</ele>
        <time>2026-08-05T11:46:27Z</time>
      </trkpt>
      <trkpt lat="44.225535" lon="7.031339">
        <ele>2435.2</ele>
        <time>2026-08-05T11:46:31Z</time>
      </trkpt>
      <trkpt lat="44.22559" lon="7.031339">
        <ele>2435.6</ele>
        <time>2026-08-05T11:46:38Z</time>
      </trkpt>
      <trkpt lat="44.225581" lon="7.031325">
        <ele>2436.0</ele>
        <time>2026-08-05T11:46:45Z</time>
      </trkpt>
      <trkpt lat="44.225577" lon="7.031328">
        <ele>2435.2</ele>
        <time>2026-08-05T11:46:56Z</time>
      </trkpt>
      <trkpt lat="44.225587" lon="7.031358">
        <ele>2434.6</ele>
        <time>2026-08-05T11:47:00Z</time>
      </trkpt>
      <trkpt lat="44.225588" lon="7.031393">
        <ele>2435.2</ele>
        <time>2026-08-05T11:47:06Z</time>
      </trkpt>
      <trkpt lat="44.225591" lon="7.031348">
        <ele>2435.4</ele>
        <time>2026-08-05T11:47:15Z</time>
      </trkpt>
      <trkpt lat="44.225573" lon="7.031359">
        <ele>2433.6</ele>
        <time>2026-08-05T11:47:24Z</time>
      </trkpt>
      <trkpt lat="44.225575" lon="7.031355">
        <ele>2433.6</ele>
        <time>2026-08-05T11:47:25Z</time>
      </trkpt>
      <trkpt lat="44.225586" lon="7.031319">
        <ele>2434.0</ele>
        <time>2026-08-05T11:47:31Z</time>
      </trkpt>
    </trkseg>
  </trk>
</gpx>