<?xml version="1.0" encoding="UTF-8"?>
<gpx xmlns="http://www.topografix.com/GPX/1/1" xmlns:xsi="http://www.w3.org/2001/XMLSchema-instance" xsi:schemaLocation="http://www.topografix.com/GPX/1/1 http://www.topografix.com/GPX/1/1/gpx.xsd" version="1.1" creator="Alta Linea Continua">
  <metadata>
    <name>Alta Linea Continua – Stage 12: Lac Chaffour to Refuge des Lacs de Vens</name>
  </metadata>
  <trk>
    <name>Alta Linea Continua – Stage 12: Lac Chaffour to Refuge des Lacs de Vens</name>
    <trkseg>
      <trkpt lat="44.278729" lon="6.988135">
        <ele>2638.6</ele>
        <time>2026-08-07T02:56:09Z</time>
      </trkpt>
      <trkpt lat="44.2788" lon="6.988129">
        <ele>2639.0</ele>
        <time>2026-08-07T02:56:18Z</time>
      </trkpt>
      <trkpt lat="44.2788" lon="6.988106">
        <ele>2639.4</ele>
        <time>2026-08-07T02:56:25Z</time>
      </trkpt>
      <trkpt lat="44.278822" lon="6.988106">
        <ele>2639.4</ele>
        <time>2026-08-07T02:56:33Z</time>
      </trkpt>
      <trkpt lat="44.278841" lon="6.9881">
        <ele>2639.6</ele>
        <time>2026-08-07T02:56:40Z</time>
      </trkpt>
      <trkpt lat="44.278842" lon="6.988086">
        <ele>2639.6</ele>
        <time>2026-08-07T02:56:41Z</time>
      </trkpt>
      <trkpt lat="44.278842" lon="6.987992">
        <ele>2640.2</ele>
        <time>2026-08-07T02:56:47Z</time>
      </trkpt>
      <trkpt lat="44.278838" lon="6.987991">
        <ele>2640.4</ele>
        <time>2026-08-07T02:56:48Z</time>
      </trkpt>
      <trkpt lat="44.278825" lon="6.987963">
        <ele>2640.6</ele>
        <time>2026-08-07T02:56:50Z</time>
      </trkpt>
      <trkpt lat="44.278812" lon="6.98792">
        <ele>2641.2</ele>
        <time>2026-08-07T02:56:54Z</time>
      </trkpt>
      <trkpt lat="44.278806" lon="6.987909">
        <ele>2641.2</ele>
        <time>2026-08-07T02:56:55Z</time>
      </trkpt>
      <trkpt lat="44.278798" lon="6.987888">
        <ele>2641.8</ele>
        <time>2026-08-07T02:56:58Z</time>
      </trkpt>
      <trkpt lat="44.278794" lon="6.987856">
        <ele>2642.8</ele>
        <time>2026-08-07T02:57:03Z</time>
      </trkpt>
      <trkpt lat="44.278796" lon="6.987844">
        <ele>2643.0</ele>
        <time>2026-08-07T02:57:04Z</time>
      </trkpt>
      <trkpt lat="44.278818" lon="6.98782">
        <ele>2643.8</ele>
        <time>2026-08-07T02:57:08Z</time>
      </trkpt>
      <trkpt lat="44.278836" lon="6.987793">
        <ele>2644.0</ele>
        <time>2026-08-07T02:57:10Z</time>
      </trkpt>
      <trkpt lat="44.278839" lon="6.987787">
        <ele>2644.0</ele>
        <time>2026-08-07T02:57:11Z</time>
      </trkpt>
      <trkpt lat="44.278857" lon="6.987764">
        <ele>2645.0</ele>
        <time>2026-08-07T02:57:17Z</time>
      </trkpt>
      <trkpt lat="44.278864" lon="6.987763">
        <ele>2645.0</ele>
        <time>2026-08-07T02:57:18Z</time>
      </trkpt>
      <trkpt lat="44.27887" lon="6.987761">
        <ele>2645.0</ele>
        <time>2026-08-07T02:57:19Z</time>
      </trkpt>
      <trkpt lat="44.278895" lon="6.987752">
        <ele>2646.0</ele>
        <time>2026-08-07T02:57:26Z</time>
      </trkpt>
      <trkpt lat="44.278906" lon="6.987702">
        <ele>2647.0</ele>
        <time>2026-08-07T02:57:32Z</time>
      </trkpt>
      <trkpt lat="44.278892" lon="6.987684">
        <ele>2647.6</ele>
        <time>2026-08-07T02:57:35Z</time>
      </trkpt>
      <trkpt lat="44.278885" lon="6.987672">
        <ele>2648.2</ele>
        <time>2026-08-07T02:57:38Z</time>
      </trkpt>
      <trkpt lat="44.278891" lon="6.987609">
        <ele>2649.2</ele>
        <time>2026-08-07T02:57:44Z</time>
      </trkpt>
      <trkpt lat="44.278912" lon="6.987598">
        <ele>2650.2</ele>
        <time>2026-08-07T02:57:49Z</time>
      </trkpt>
      <trkpt lat="44.278924" lon="6.987593">
        <ele>2650.6</ele>
        <time>2026-08-07T02:57:51Z</time>
      </trkpt>
      <trkpt lat="44.278947" lon="6.987571">
        <ele>2651.2</ele>
        <time>2026-08-07T02:57:59Z</time>
      </trkpt>
      <trkpt lat="44.278949" lon="6.987579">
        <ele>2651.2</ele>
        <time>2026-08-07T02:58:03Z</time>
      </trkpt>
      <trkpt lat="44.278947" lon="6.987582">
        <ele>2651.4</ele>
        <time>2026-08-07T02:58:04Z</time>
      </trkpt>
      <trkpt lat="44.278946" lon="6.987583">
        <ele>2651.4</ele>
        <time>2026-08-07T02:58:05Z</time>
      </trkpt>
      <trkpt lat="44.278948" lon="6.987583">
        <ele>2651.4</ele>
        <time>2026-08-07T02:58:09Z</time>
      </trkpt>
      <trkpt lat="44.27895" lon="6.987576">
        <ele>2651.2</ele>
        <time>2026-08-07T02:58:16Z</time>
      </trkpt>
      <trkpt lat="44.278947" lon="6.987572">
        <ele>2651.2</ele>
        <time>2026-08-07T02:58:26Z</time>
      </trkpt>
      <trkpt lat="44.278934" lon="6.987537">
        <ele>2651.4</ele>
        <time>2026-08-07T02:58:38Z</time>
      </trkpt>
      <trkpt lat="44.278922" lon="6.987542">
        <ele>2651.4</ele>
        <time>2026-08-07T02:58:47Z</time>
      </trkpt>
      <trkpt lat="44.278902" lon="6.98755">
        <ele>2651.6</ele>
        <time>2026-08-07T02:58:52Z</time>
      </trkpt>
      <trkpt lat="44.278902" lon="6.987547">
        <ele>2651.8</ele>
        <time>2026-08-07T02:58:54Z</time>
      </trkpt>
      <trkpt lat="44.278917" lon="6.987538">
        <ele>2651.8</ele>
        <time>2026-08-07T02:59:00Z</time>
      </trkpt>
      <trkpt lat="44.2789" lon="6.987562">
        <ele>2651.2</ele>
        <time>2026-08-07T02:59:04Z</time>
      </trkpt>
      <trkpt lat="44.278902" lon="6.987567">
        <ele>2651.4</ele>
        <time>2026-08-07T02:59:12Z</time>
      </trkpt>
      <trkpt lat="44.278878" lon="6.987584">
        <ele>2651.0</ele>
        <time>2026-08-07T02:59:19Z</time>
      </trkpt>
      <trkpt lat="44.278884" lon="6.987597">
        <ele>2650.2</ele>
        <time>2026-08-07T02:59:27Z</time>
      </trkpt>
      <trkpt lat="44.278884" lon="6.987595">
        <ele>2650.2</ele>
        <time>2026-08-07T02:59:28Z</time>
      </trkpt>
      <trkpt lat="44.278886" lon="6.987596">
        <ele>2650.2</ele>
        <time>2026-08-07T02:59:37Z</time>
      </trkpt>
      <trkpt lat="44.278889" lon="6.987632">
        <ele>2650.2</ele>
        <time>2026-08-07T02:59:46Z</time>
      </trkpt>
      <trkpt lat="44.278871" lon="6.987636">
        <ele>2649.6</ele>
        <time>2026-08-07T02:59:51Z</time>
      </trkpt>
      <trkpt lat="44.278852" lon="6.987609">
        <ele>2649.2</ele>
        <time>2026-08-07T02:59:54Z</time>
      </trkpt>
      <trkpt lat="44.278838" lon="6.987606">
        <ele>2648.4</ele>
        <time>2026-08-07T03:00:02Z</time>
      </trkpt>
      <trkpt lat="44.278839" lon="6.987597">
        <ele>2648.2</ele>
        <time>2026-08-07T03:00:03Z</time>
      </trkpt>
      <trkpt lat="44.278871" lon="6.987531">
        <ele>2647.8</ele>
        <time>2026-08-07T03:00:09Z</time>
      </trkpt>
      <trkpt lat="44.278888" lon="6.987498">
        <ele>2647.4</ele>
        <time>2026-08-07T03:00:16Z</time>
      </trkpt>
      <trkpt lat="44.278896" lon="6.987494">
        <ele>2647.0</ele>
        <time>2026-08-07T03:00:19Z</time>
      </trkpt>
      <trkpt lat="44.278911" lon="6.987473">
        <ele>2646.0</ele>
        <time>2026-08-07T03:00:23Z</time>
      </trkpt>
      <trkpt lat="44.278917" lon="6.987463">
        <ele>2645.8</ele>
        <time>2026-08-07T03:00:24Z</time>
      </trkpt>
      <trkpt lat="44.278929" lon="6.987429">
        <ele>2645.0</ele>
        <time>2026-08-07T03:00:30Z</time>
      </trkpt>
      <trkpt lat="44.278929" lon="6.987419">
        <ele>2644.8</ele>
        <time>2026-08-07T03:00:31Z</time>
      </trkpt>
      <trkpt lat="44.278934" lon="6.987412">
        <ele>2644.6</ele>
        <time>2026-08-07T03:00:32Z</time>
      </trkpt>
      <trkpt lat="44.278957" lon="6.987365">
        <ele>2643.6</ele>
        <time>2026-08-07T03:00:37Z</time>
      </trkpt>
      <trkpt lat="44.278966" lon="6.987345">
        <ele>2643.4</ele>
        <time>2026-08-07T03:00:39Z</time>
      </trkpt>
      <trkpt lat="44.278969" lon="6.987336">
        <ele>2643.2</ele>
        <time>2026-08-07T03:00:40Z</time>
      </trkpt>
      <trkpt lat="44.27897" lon="6.987323">
        <ele>2642.8</ele>
        <time>2026-08-07T03:00:43Z</time>
      </trkpt>
      <trkpt lat="44.27897" lon="6.987314">
        <ele>2642.6</ele>
        <time>2026-08-07T03:00:45Z</time>
      </trkpt>
      <trkpt lat="44.278968" lon="6.987294">
        <ele>2641.8</ele>
        <time>2026-08-07T03:00:48Z</time>
      </trkpt>
      <trkpt lat="44.278972" lon="6.987277">
        <ele>2641.4</ele>
        <time>2026-08-07T03:00:50Z</time>
      </trkpt>
      <trkpt lat="44.278977" lon="6.987251">
        <ele>2640.6</ele>
        <time>2026-08-07T03:00:55Z</time>
      </trkpt>
      <trkpt lat="44.278982" lon="6.987235">
        <ele>2640.2</ele>
        <time>2026-08-07T03:00:57Z</time>
      </trkpt>
      <trkpt lat="44.279012" lon="6.987215">
        <ele>2640.0</ele>
        <time>2026-08-07T03:01:01Z</time>
      </trkpt>
      <trkpt lat="44.279043" lon="6.987174">
        <ele>2639.6</ele>
        <time>2026-08-07T03:01:08Z</time>
      </trkpt>
      <trkpt lat="44.279042" lon="6.987163">
        <ele>2639.2</ele>
        <time>2026-08-07T03:01:10Z</time>
      </trkpt>
      <trkpt lat="44.27908" lon="6.987141">
        <ele>2638.4</ele>
        <time>2026-08-07T03:01:15Z</time>
      </trkpt>
      <trkpt lat="44.279141" lon="6.987145">
        <ele>2638.2</ele>
        <time>2026-08-07T03:01:21Z</time>
      </trkpt>
      <trkpt lat="44.279163" lon="6.987148">
        <ele>2638.0</ele>
        <time>2026-08-07T03:01:23Z</time>
      </trkpt>
      <trkpt lat="44.279251" lon="6.987149">
        <ele>2637.6</ele>
        <time>2026-08-07T03:01:32Z</time>
      </trkpt>
      <trkpt lat="44.279287" lon="6.987155">
        <ele>2637.0</ele>
        <time>2026-08-07T03:01:39Z</time>
      </trkpt>
      <trkpt lat="44.279291" lon="6.987157">
        <ele>2637.0</ele>
        <time>2026-08-07T03:01:40Z</time>
      </trkpt>
      <trkpt lat="44.279322" lon="6.987182">
        <ele>2636.6</ele>
        <time>2026-08-07T03:01:48Z</time>
      </trkpt>
      <trkpt lat="44.279376" lon="6.987244">
        <ele>2637.8</ele>
        <time>2026-08-07T03:01:58Z</time>
      </trkpt>
      <trkpt lat="44.279403" lon="6.987251">
        <ele>2638.2</ele>
        <time>2026-08-07T03:02:01Z</time>
      </trkpt>
      <trkpt lat="44.279451" lon="6.98726">
        <ele>2638.8</ele>
        <time>2026-08-07T03:02:06Z</time>
      </trkpt>
      <trkpt lat="44.279531" lon="6.987328">
        <ele>2639.2</ele>
        <time>2026-08-07T03:02:15Z</time>
      </trkpt>
      <trkpt lat="44.279544" lon="6.987375">
        <ele>2640.2</ele>
        <time>2026-08-07T03:02:21Z</time>
      </trkpt>
      <trkpt lat="44.279549" lon="6.987377">
        <ele>2640.4</ele>
        <time>2026-08-07T03:02:22Z</time>
      </trkpt>
      <trkpt lat="44.279579" lon="6.987388">
        <ele>2640.2</ele>
        <time>2026-08-07T03:02:29Z</time>
      </trkpt>
      <trkpt lat="44.279622" lon="6.98742">
        <ele>2640.0</ele>
        <time>2026-08-07T03:02:36Z</time>
      </trkpt>
      <trkpt lat="44.279639" lon="6.987506">
        <ele>2641.4</ele>
        <time>2026-08-07T03:02:44Z</time>
      </trkpt>
      <trkpt lat="44.279705" lon="6.987547">
        <ele>2641.8</ele>
        <time>2026-08-07T03:02:48Z</time>
      </trkpt>
      <trkpt lat="44.279722" lon="6.98756">
        <ele>2642.2</ele>
        <time>2026-08-07T03:02:50Z</time>
      </trkpt>
      <trkpt lat="44.279728" lon="6.987562">
        <ele>2642.4</ele>
        <time>2026-08-07T03:02:52Z</time>
      </trkpt>
      <trkpt lat="44.279721" lon="6.987561">
        <ele>2642.6</ele>
        <time>2026-08-07T03:02:55Z</time>
      </trkpt>
      <trkpt lat="44.279714" lon="6.98756">
        <ele>2642.6</ele>
        <time>2026-08-07T03:02:56Z</time>
      </trkpt>
      <trkpt lat="44.279714" lon="6.98756">
        <ele>2642.8</ele>
        <time>2026-08-07T03:03:00Z</time>
      </trkpt>
      <trkpt lat="44.279727" lon="6.987548">
        <ele>2643.6</ele>
        <time>2026-08-07T03:03:06Z</time>
      </trkpt>
      <trkpt lat="44.279744" lon="6.987547">
        <ele>2644.4</ele>
        <time>2026-08-07T03:03:09Z</time>
      </trkpt>
      <trkpt lat="44.279751" lon="6.987547">
        <ele>2644.6</ele>
        <time>2026-08-07T03:03:10Z</time>
      </trkpt>
      <trkpt lat="44.27977" lon="6.987537">
        <ele>2645.4</ele>
        <time>2026-08-07T03:03:15Z</time>
      </trkpt>
      <trkpt lat="44.279792" lon="6.987531">
        <ele>2645.6</ele>
        <time>2026-08-07T03:03:18Z</time>
      </trkpt>
      <trkpt lat="44.279828" lon="6.987537">
        <ele>2645.8</ele>
        <time>2026-08-07T03:03:23Z</time>
      </trkpt>
      <trkpt lat="44.279854" lon="6.987551">
        <ele>2646.6</ele>
        <time>2026-08-07T03:03:29Z</time>
      </trkpt>
      <trkpt lat="44.279877" lon="6.987541">
        <ele>2647.0</ele>
        <time>2026-08-07T03:03:32Z</time>
      </trkpt>
      <trkpt lat="44.279959" lon="6.987498">
        <ele>2646.4</ele>
        <time>2026-08-07T03:03:39Z</time>
      </trkpt>
      <trkpt lat="44.279966" lon="6.987493">
        <ele>2646.4</ele>
        <time>2026-08-07T03:03:40Z</time>
      </trkpt>
      <trkpt lat="44.279993" lon="6.987457">
        <ele>2646.8</ele>
        <time>2026-08-07T03:03:46Z</time>
      </trkpt>
      <trkpt lat="44.28002" lon="6.98741">
        <ele>2646.2</ele>
        <time>2026-08-07T03:03:50Z</time>
      </trkpt>
      <trkpt lat="44.280028" lon="6.987397">
        <ele>2646.2</ele>
        <time>2026-08-07T03:03:51Z</time>
      </trkpt>
      <trkpt lat="44.280086" lon="6.987303">
        <ele>2645.8</ele>
        <time>2026-08-07T03:03:59Z</time>
      </trkpt>
      <trkpt lat="44.280105" lon="6.987286">
        <ele>2645.6</ele>
        <time>2026-08-07T03:04:03Z</time>
      </trkpt>
      <trkpt lat="44.280105" lon="6.987292">
        <ele>2645.4</ele>
        <time>2026-08-07T03:04:07Z</time>
      </trkpt>
      <trkpt lat="44.280124" lon="6.987287">
        <ele>2645.4</ele>
        <time>2026-08-07T03:04:13Z</time>
      </trkpt>
      <trkpt lat="44.280157" lon="6.987256">
        <ele>2645.4</ele>
        <time>2026-08-07T03:04:18Z</time>
      </trkpt>
      <trkpt lat="44.280192" lon="6.987205">
        <ele>2646.0</ele>
        <time>2026-08-07T03:04:25Z</time>
      </trkpt>
      <trkpt lat="44.280213" lon="6.987189">
        <ele>2646.6</ele>
        <time>2026-08-07T03:04:29Z</time>
      </trkpt>
      <trkpt lat="44.280251" lon="6.987173">
        <ele>2647.0</ele>
        <time>2026-08-07T03:04:33Z</time>
      </trkpt>
      <trkpt lat="44.280299" lon="6.98718">
        <ele>2647.8</ele>
        <time>2026-08-07T03:04:38Z</time>
      </trkpt>
      <trkpt lat="44.280328" lon="6.987179">
        <ele>2648.2</ele>
        <time>2026-08-07T03:04:41Z</time>
      </trkpt>
      <trkpt lat="44.280371" lon="6.987169">
        <ele>2648.8</ele>
        <time>2026-08-07T03:04:45Z</time>
      </trkpt>
      <trkpt lat="44.280418" lon="6.987154">
        <ele>2649.4</ele>
        <time>2026-08-07T03:04:50Z</time>
      </trkpt>
      <trkpt lat="44.280449" lon="6.987135">
        <ele>2650.0</ele>
        <time>2026-08-07T03:04:55Z</time>
      </trkpt>
      <trkpt lat="44.280477" lon="6.987122">
        <ele>2650.8</ele>
        <time>2026-08-07T03:05:00Z</time>
      </trkpt>
      <trkpt lat="44.280485" lon="6.987121">
        <ele>2651.0</ele>
        <time>2026-08-07T03:05:01Z</time>
      </trkpt>
      <trkpt lat="44.28051" lon="6.987125">
        <ele>2651.8</ele>
        <time>2026-08-07T03:05:05Z</time>
      </trkpt>
      <trkpt lat="44.280529" lon="6.98713">
        <ele>2652.2</ele>
        <time>2026-08-07T03:05:07Z</time>
      </trkpt>
      <trkpt lat="44.280544" lon="6.987128">
        <ele>2652.2</ele>
        <time>2026-08-07T03:05:08Z</time>
      </trkpt>
      <trkpt lat="44.280598" lon="6.987142">
        <ele>2652.8</ele>
        <time>2026-08-07T03:05:12Z</time>
      </trkpt>
      <trkpt lat="44.280609" lon="6.987139">
        <ele>2653.0</ele>
        <time>2026-08-07T03:05:14Z</time>
      </trkpt>
      <trkpt lat="44.280607" lon="6.987131">
        <ele>2653.2</ele>
        <time>2026-08-07T03:05:15Z</time>
      </trkpt>
      <trkpt lat="44.280628" lon="6.987097">
        <ele>2654.2</ele>
        <time>2026-08-07T03:05:21Z</time>
      </trkpt>
      <trkpt lat="44.280681" lon="6.987117">
        <ele>2654.8</ele>
        <time>2026-08-07T03:05:28Z</time>
      </trkpt>
      <trkpt lat="44.280701" lon="6.987117">
        <ele>2655.4</ele>
        <time>2026-08-07T03:05:31Z</time>
      </trkpt>
      <trkpt lat="44.280728" lon="6.987102">
        <ele>2656.2</ele>
        <time>2026-08-07T03:05:36Z</time>
      </trkpt>
      <trkpt lat="44.280734" lon="6.987104">
        <ele>2656.4</ele>
        <time>2026-08-07T03:05:37Z</time>
      </trkpt>
      <trkpt lat="44.28079" lon="6.987075">
        <ele>2657.4</ele>
        <time>2026-08-07T03:05:43Z</time>
      </trkpt>
      <trkpt lat="44.280804" lon="6.98707">
        <ele>2657.8</ele>
        <time>2026-08-07T03:05:45Z</time>
      </trkpt>
      <trkpt lat="44.280836" lon="6.987069">
        <ele>2658.6</ele>
        <time>2026-08-07T03:05:50Z</time>
      </trkpt>
      <trkpt lat="44.280858" lon="6.987068">
        <ele>2659.0</ele>
        <time>2026-08-07T03:05:53Z</time>
      </trkpt>
      <trkpt lat="44.280898" lon="6.987055">
        <ele>2659.6</ele>
        <time>2026-08-07T03:05:58Z</time>
      </trkpt>
      <trkpt lat="44.280949" lon="6.987049">
        <ele>2660.4</ele>
        <time>2026-08-07T03:06:02Z</time>
      </trkpt>
      <trkpt lat="44.280959" lon="6.987043">
        <ele>2660.6</ele>
        <time>2026-08-07T03:06:03Z</time>
      </trkpt>
      <trkpt lat="44.280987" lon="6.987008">
        <ele>2661.6</ele>
        <time>2026-08-07T03:06:10Z</time>
      </trkpt>
      <trkpt lat="44.280985" lon="6.986995">
        <ele>2661.6</ele>
        <time>2026-08-07T03:06:11Z</time>
      </trkpt>
      <trkpt lat="44.281026" lon="6.986966">
        <ele>2662.8</ele>
        <time>2026-08-07T03:06:18Z</time>
      </trkpt>
      <trkpt lat="44.281052" lon="6.986916">
        <ele>2663.8</ele>
        <time>2026-08-07T03:06:26Z</time>
      </trkpt>
      <trkpt lat="44.281059" lon="6.986905">
        <ele>2664.0</ele>
        <time>2026-08-07T03:06:27Z</time>
      </trkpt>
      <trkpt lat="44.281063" lon="6.986854">
        <ele>2664.6</ele>
        <time>2026-08-07T03:06:33Z</time>
      </trkpt>
      <trkpt lat="44.28105" lon="6.986823">
        <ele>2664.8</ele>
        <time>2026-08-07T03:06:36Z</time>
      </trkpt>
      <trkpt lat="44.281062" lon="6.986805">
        <ele>2665.0</ele>
        <time>2026-08-07T03:06:40Z</time>
      </trkpt>
      <trkpt lat="44.281105" lon="6.986849">
        <ele>2665.4</ele>
        <time>2026-08-07T03:06:45Z</time>
      </trkpt>
      <trkpt lat="44.281102" lon="6.986837">
        <ele>2665.4</ele>
        <time>2026-08-07T03:06:52Z</time>
      </trkpt>
      <trkpt lat="44.28115" lon="6.986795">
        <ele>2666.0</ele>
        <time>2026-08-07T03:07:00Z</time>
      </trkpt>
      <trkpt lat="44.281155" lon="6.986778">
        <ele>2666.2</ele>
        <time>2026-08-07T03:07:08Z</time>
      </trkpt>
      <trkpt lat="44.281156" lon="6.986809">
        <ele>2666.0</ele>
        <time>2026-08-07T03:07:12Z</time>
      </trkpt>
      <trkpt lat="44.281155" lon="6.986847">
        <ele>2666.0</ele>
        <time>2026-08-07T03:07:17Z</time>
      </trkpt>
      <trkpt lat="44.281143" lon="6.98684">
        <ele>2666.0</ele>
        <time>2026-08-07T03:07:23Z</time>
      </trkpt>
      <trkpt lat="44.281137" lon="6.986821">
        <ele>2665.8</ele>
        <time>2026-08-07T03:07:28Z</time>
      </trkpt>
      <trkpt lat="44.28114" lon="6.986816">
        <ele>2665.8</ele>
        <time>2026-08-07T03:07:29Z</time>
      </trkpt>
      <trkpt lat="44.281144" lon="6.986794">
        <ele>2665.6</ele>
        <time>2026-08-07T03:07:38Z</time>
      </trkpt>
      <trkpt lat="44.281138" lon="6.986766">
        <ele>2665.4</ele>
        <time>2026-08-07T03:07:46Z</time>
      </trkpt>
      <trkpt lat="44.281144" lon="6.986795">
        <ele>2665.2</ele>
        <time>2026-08-07T03:07:54Z</time>
      </trkpt>
      <trkpt lat="44.281122" lon="6.986762">
        <ele>2665.6</ele>
        <time>2026-08-07T03:08:02Z</time>
      </trkpt>
      <trkpt lat="44.281133" lon="6.98681">
        <ele>2665.4</ele>
        <time>2026-08-07T03:08:10Z</time>
      </trkpt>
      <trkpt lat="44.281143" lon="6.986825">
        <ele>2665.4</ele>
        <time>2026-08-07T03:08:18Z</time>
      </trkpt>
      <trkpt lat="44.281138" lon="6.986761">
        <ele>2666.0</ele>
        <time>2026-08-07T03:08:26Z</time>
      </trkpt>
      <trkpt lat="44.281159" lon="6.986699">
        <ele>2667.0</ele>
        <time>2026-08-07T03:08:32Z</time>
      </trkpt>
      <trkpt lat="44.281171" lon="6.986688">
        <ele>2667.4</ele>
        <time>2026-08-07T03:08:34Z</time>
      </trkpt>
      <trkpt lat="44.281193" lon="6.98669">
        <ele>2668.2</ele>
        <time>2026-08-07T03:08:38Z</time>
      </trkpt>
      <trkpt lat="44.28121" lon="6.986658">
        <ele>2669.0</ele>
        <time>2026-08-07T03:08:42Z</time>
      </trkpt>
      <trkpt lat="44.281212" lon="6.98665">
        <ele>2669.2</ele>
        <time>2026-08-07T03:08:43Z</time>
      </trkpt>
      <trkpt lat="44.281196" lon="6.98661">
        <ele>2670.0</ele>
        <time>2026-08-07T03:08:47Z</time>
      </trkpt>
      <trkpt lat="44.2812" lon="6.986601">
        <ele>2670.2</ele>
        <time>2026-08-07T03:08:48Z</time>
      </trkpt>
      <trkpt lat="44.281201" lon="6.986592">
        <ele>2670.4</ele>
        <time>2026-08-07T03:08:49Z</time>
      </trkpt>
      <trkpt lat="44.28122" lon="6.986587">
        <ele>2671.6</ele>
        <time>2026-08-07T03:08:54Z</time>
      </trkpt>
      <trkpt lat="44.281232" lon="6.986579">
        <ele>2672.0</ele>
        <time>2026-08-07T03:08:56Z</time>
      </trkpt>
      <trkpt lat="44.281249" lon="6.98657">
        <ele>2672.6</ele>
        <time>2026-08-07T03:09:00Z</time>
      </trkpt>
      <trkpt lat="44.281287" lon="6.986564">
        <ele>2673.4</ele>
        <time>2026-08-07T03:09:04Z</time>
      </trkpt>
      <trkpt lat="44.281298" lon="6.986555">
        <ele>2673.8</ele>
        <time>2026-08-07T03:09:06Z</time>
      </trkpt>
      <trkpt lat="44.281302" lon="6.986539">
        <ele>2675.0</ele>
        <time>2026-08-07T03:09:12Z</time>
      </trkpt>
      <trkpt lat="44.28132" lon="6.986506">
        <ele>2676.2</ele>
        <time>2026-08-07T03:09:19Z</time>
      </trkpt>
      <trkpt lat="44.281331" lon="6.986505">
        <ele>2676.6</ele>
        <time>2026-08-07T03:09:22Z</time>
      </trkpt>
      <trkpt lat="44.281328" lon="6.986516">
        <ele>2677.2</ele>
        <time>2026-08-07T03:09:26Z</time>
      </trkpt>
      <trkpt lat="44.281341" lon="6.986519">
        <ele>2678.0</ele>
        <time>2026-08-07T03:09:31Z</time>
      </trkpt>
      <trkpt lat="44.281344" lon="6.986517">
        <ele>2678.2</ele>
        <time>2026-08-07T03:09:32Z</time>
      </trkpt>
      <trkpt lat="44.28138" lon="6.986501">
        <ele>2679.2</ele>
        <time>2026-08-07T03:09:38Z</time>
      </trkpt>
      <trkpt lat="44.281383" lon="6.986496">
        <ele>2679.4</ele>
        <time>2026-08-07T03:09:39Z</time>
      </trkpt>
      <trkpt lat="44.281382" lon="6.986474">
        <ele>2680.2</ele>
        <time>2026-08-07T03:09:45Z</time>
      </trkpt>
      <trkpt lat="44.281387" lon="6.986461">
        <ele>2680.6</ele>
        <time>2026-08-07T03:09:47Z</time>
      </trkpt>
      <trkpt lat="44.281399" lon="6.986426">
        <ele>2681.4</ele>
        <time>2026-08-07T03:09:52Z</time>
      </trkpt>
      <trkpt lat="44.281395" lon="6.986409">
        <ele>2682.2</ele>
        <time>2026-08-07T03:09:57Z</time>
      </trkpt>
      <trkpt lat="44.281394" lon="6.986409">
        <ele>2682.4</ele>
        <time>2026-08-07T03:09:59Z</time>
      </trkpt>
      <trkpt lat="44.281407" lon="6.986387">
        <ele>2683.2</ele>
        <time>2026-08-07T03:10:04Z</time>
      </trkpt>
      <trkpt lat="44.281412" lon="6.986381">
        <ele>2683.4</ele>
        <time>2026-08-07T03:10:06Z</time>
      </trkpt>
      <trkpt lat="44.281415" lon="6.986377">
        <ele>2683.6</ele>
        <time>2026-08-07T03:10:07Z</time>
      </trkpt>
      <trkpt lat="44.281418" lon="6.986374">
        <ele>2683.8</ele>
        <time>2026-08-07T03:10:08Z</time>
      </trkpt>
      <trkpt lat="44.281421" lon="6.98636">
        <ele>2684.2</ele>
        <time>2026-08-07T03:10:11Z</time>
      </trkpt>
      <trkpt lat="44.281421" lon="6.986355">
        <ele>2684.4</ele>
        <time>2026-08-07T03:10:12Z</time>
      </trkpt>
      <trkpt lat="44.281419" lon="6.986349">
        <ele>2684.8</ele>
        <time>2026-08-07T03:10:13Z</time>
      </trkpt>
      <trkpt lat="44.281414" lon="6.986309">
        <ele>2685.6</ele>
        <time>2026-08-07T03:10:18Z</time>
      </trkpt>
      <trkpt lat="44.281412" lon="6.986292">
        <ele>2686.0</ele>
        <time>2026-08-07T03:10:20Z</time>
      </trkpt>
      <trkpt lat="44.281407" lon="6.986274">
        <ele>2686.6</ele>
        <time>2026-08-07T03:10:25Z</time>
      </trkpt>
      <trkpt lat="44.281403" lon="6.986243">
        <ele>2687.2</ele>
        <time>2026-08-07T03:10:29Z</time>
      </trkpt>
      <trkpt lat="44.281426" lon="6.986235">
        <ele>2687.8</ele>
        <time>2026-08-07T03:10:37Z</time>
      </trkpt>
      <trkpt lat="44.281429" lon="6.986239">
        <ele>2688.0</ele>
        <time>2026-08-07T03:10:38Z</time>
      </trkpt>
      <trkpt lat="44.281456" lon="6.986224">
        <ele>2688.8</ele>
        <time>2026-08-07T03:10:48Z</time>
      </trkpt>
      <trkpt lat="44.28147" lon="6.986222">
        <ele>2690.0</ele>
        <time>2026-08-07T03:10:56Z</time>
      </trkpt>
      <trkpt lat="44.281474" lon="6.986237">
        <ele>2690.2</ele>
        <time>2026-08-07T03:10:58Z</time>
      </trkpt>
      <trkpt lat="44.281484" lon="6.986235">
        <ele>2690.2</ele>
        <time>2026-08-07T03:11:02Z</time>
      </trkpt>
      <trkpt lat="44.281482" lon="6.986212">
        <ele>2691.0</ele>
        <time>2026-08-07T03:11:06Z</time>
      </trkpt>
      <trkpt lat="44.281484" lon="6.986214">
        <ele>2691.2</ele>
        <time>2026-08-07T03:11:07Z</time>
      </trkpt>
      <trkpt lat="44.28151" lon="6.986232">
        <ele>2692.2</ele>
        <time>2026-08-07T03:11:12Z</time>
      </trkpt>
      <trkpt lat="44.281515" lon="6.98624">
        <ele>2692.6</ele>
        <time>2026-08-07T03:11:14Z</time>
      </trkpt>
      <trkpt lat="44.281523" lon="6.986233">
        <ele>2693.2</ele>
        <time>2026-08-07T03:11:17Z</time>
      </trkpt>
      <trkpt lat="44.281551" lon="6.986212">
        <ele>2694.2</ele>
        <time>2026-08-07T03:11:23Z</time>
      </trkpt>
      <trkpt lat="44.281557" lon="6.986213">
        <ele>2694.4</ele>
        <time>2026-08-07T03:11:24Z</time>
      </trkpt>
      <trkpt lat="44.281591" lon="6.986234">
        <ele>2695.4</ele>
        <time>2026-08-07T03:11:30Z</time>
      </trkpt>
      <trkpt lat="44.281592" lon="6.986245">
        <ele>2695.6</ele>
        <time>2026-08-07T03:11:32Z</time>
      </trkpt>
      <trkpt lat="44.281604" lon="6.986232">
        <ele>2696.4</ele>
        <time>2026-08-07T03:11:38Z</time>
      </trkpt>
      <trkpt lat="44.281609" lon="6.986233">
        <ele>2696.6</ele>
        <time>2026-08-07T03:11:39Z</time>
      </trkpt>
      <trkpt lat="44.281624" lon="6.986247">
        <ele>2697.6</ele>
        <time>2026-08-07T03:11:44Z</time>
      </trkpt>
      <trkpt lat="44.281624" lon="6.986244">
        <ele>2698.0</ele>
        <time>2026-08-07T03:11:46Z</time>
      </trkpt>
      <trkpt lat="44.281621" lon="6.986244">
        <ele>2698.6</ele>
        <time>2026-08-07T03:11:51Z</time>
      </trkpt>
      <trkpt lat="44.281625" lon="6.986239">
        <ele>2699.0</ele>
        <time>2026-08-07T03:11:54Z</time>
      </trkpt>
      <trkpt lat="44.281619" lon="6.986225">
        <ele>2699.6</ele>
        <time>2026-08-07T03:11:58Z</time>
      </trkpt>
      <trkpt lat="44.281629" lon="6.986219">
        <ele>2699.8</ele>
        <time>2026-08-07T03:12:02Z</time>
      </trkpt>
      <trkpt lat="44.281632" lon="6.986219">
        <ele>2699.8</ele>
        <time>2026-08-07T03:12:04Z</time>
      </trkpt>
      <trkpt lat="44.281641" lon="6.986231">
        <ele>2700.6</ele>
        <time>2026-08-07T03:12:11Z</time>
      </trkpt>
      <trkpt lat="44.281649" lon="6.986231">
        <ele>2701.8</ele>
        <time>2026-08-07T03:12:18Z</time>
      </trkpt>
      <trkpt lat="44.281654" lon="6.986218">
        <ele>2702.2</ele>
        <time>2026-08-07T03:12:21Z</time>
      </trkpt>
      <trkpt lat="44.281658" lon="6.986206">
        <ele>2702.8</ele>
        <time>2026-08-07T03:12:24Z</time>
      </trkpt>
      <trkpt lat="44.28166" lon="6.986209">
        <ele>2703.2</ele>
        <time>2026-08-07T03:12:28Z</time>
      </trkpt>
      <trkpt lat="44.28167" lon="6.986177">
        <ele>2703.8</ele>
        <time>2026-08-07T03:12:35Z</time>
      </trkpt>
      <trkpt lat="44.281672" lon="6.986178">
        <ele>2704.0</ele>
        <time>2026-08-07T03:12:37Z</time>
      </trkpt>
      <trkpt lat="44.281686" lon="6.986214">
        <ele>2704.6</ele>
        <time>2026-08-07T03:12:42Z</time>
      </trkpt>
      <trkpt lat="44.281714" lon="6.986216">
        <ele>2705.0</ele>
        <time>2026-08-07T03:12:46Z</time>
      </trkpt>
      <trkpt lat="44.281723" lon="6.986206">
        <ele>2705.2</ele>
        <time>2026-08-07T03:12:49Z</time>
      </trkpt>
      <trkpt lat="44.281729" lon="6.986198">
        <ele>2706.0</ele>
        <time>2026-08-07T03:12:53Z</time>
      </trkpt>
      <trkpt lat="44.281739" lon="6.986177">
        <ele>2707.0</ele>
        <time>2026-08-07T03:12:58Z</time>
      </trkpt>
      <trkpt lat="44.281745" lon="6.986171">
        <ele>2707.2</ele>
        <time>2026-08-07T03:12:59Z</time>
      </trkpt>
      <trkpt lat="44.281765" lon="6.986159">
        <ele>2707.8</ele>
        <time>2026-08-07T03:13:07Z</time>
      </trkpt>
      <trkpt lat="44.281767" lon="6.986165">
        <ele>2707.8</ele>
        <time>2026-08-07T03:13:09Z</time>
      </trkpt>
      <trkpt lat="44.281771" lon="6.986179">
        <ele>2707.8</ele>
        <time>2026-08-07T03:13:11Z</time>
      </trkpt>
      <trkpt lat="44.281772" lon="6.986194">
        <ele>2708.0</ele>
        <time>2026-08-07T03:13:14Z</time>
      </trkpt>
      <trkpt lat="44.281788" lon="6.986206">
        <ele>2708.0</ele>
        <time>2026-08-07T03:13:15Z</time>
      </trkpt>
      <trkpt lat="44.281797" lon="6.986225">
        <ele>2708.2</ele>
        <time>2026-08-07T03:13:21Z</time>
      </trkpt>
      <trkpt lat="44.281779" lon="6.986221">
        <ele>2708.2</ele>
        <time>2026-08-07T03:13:24Z</time>
      </trkpt>
      <trkpt lat="44.281761" lon="6.98622">
        <ele>2708.2</ele>
        <time>2026-08-07T03:13:30Z</time>
      </trkpt>
      <trkpt lat="44.28179" lon="6.986225">
        <ele>2708.8</ele>
        <time>2026-08-07T03:13:37Z</time>
      </trkpt>
      <trkpt lat="44.281796" lon="6.986229">
        <ele>2709.2</ele>
        <time>2026-08-07T03:13:40Z</time>
      </trkpt>
      <trkpt lat="44.281786" lon="6.986219">
        <ele>2709.6</ele>
        <time>2026-08-07T03:13:45Z</time>
      </trkpt>
      <trkpt lat="44.281781" lon="6.986198">
        <ele>2709.6</ele>
        <time>2026-08-07T03:13:48Z</time>
      </trkpt>
      <trkpt lat="44.281784" lon="6.986192">
        <ele>2709.8</ele>
        <time>2026-08-07T03:13:52Z</time>
      </trkpt>
      <trkpt lat="44.281798" lon="6.986249">
        <ele>2710.2</ele>
        <time>2026-08-07T03:13:58Z</time>
      </trkpt>
      <trkpt lat="44.281797" lon="6.986254">
        <ele>2710.4</ele>
        <time>2026-08-07T03:14:00Z</time>
      </trkpt>
      <trkpt lat="44.281794" lon="6.986223">
        <ele>2711.0</ele>
        <time>2026-08-07T03:14:08Z</time>
      </trkpt>
      <trkpt lat="44.281793" lon="6.986216">
        <ele>2711.2</ele>
        <time>2026-08-07T03:14:09Z</time>
      </trkpt>
      <trkpt lat="44.281806" lon="6.986168">
        <ele>2712.2</ele>
        <time>2026-08-07T03:14:17Z</time>
      </trkpt>
      <trkpt lat="44.281812" lon="6.986172">
        <ele>2712.4</ele>
        <time>2026-08-07T03:14:18Z</time>
      </trkpt>
      <trkpt lat="44.281817" lon="6.986162">
        <ele>2713.4</ele>
        <time>2026-08-07T03:14:24Z</time>
      </trkpt>
      <trkpt lat="44.281812" lon="6.986149">
        <ele>2713.4</ele>
        <time>2026-08-07T03:14:27Z</time>
      </trkpt>
      <trkpt lat="44.2818" lon="6.986169">
        <ele>2714.0</ele>
        <time>2026-08-07T03:14:32Z</time>
      </trkpt>
      <trkpt lat="44.2818" lon="6.986174">
        <ele>2714.4</ele>
        <time>2026-08-07T03:14:38Z</time>
      </trkpt>
      <trkpt lat="44.281806" lon="6.986145">
        <ele>2714.8</ele>
        <time>2026-08-07T03:14:40Z</time>
      </trkpt>
      <trkpt lat="44.281824" lon="6.986097">
        <ele>2715.6</ele>
        <time>2026-08-07T03:14:45Z</time>
      </trkpt>
      <trkpt lat="44.28184" lon="6.986056">
        <ele>2716.0</ele>
        <time>2026-08-07T03:14:48Z</time>
      </trkpt>
      <trkpt lat="44.281842" lon="6.986047">
        <ele>2716.6</ele>
        <time>2026-08-07T03:14:52Z</time>
      </trkpt>
      <trkpt lat="44.281844" lon="6.986042">
        <ele>2716.8</ele>
        <time>2026-08-07T03:14:55Z</time>
      </trkpt>
      <trkpt lat="44.281859" lon="6.986014">
        <ele>2717.6</ele>
        <time>2026-08-07T03:15:00Z</time>
      </trkpt>
      <trkpt lat="44.281861" lon="6.986013">
        <ele>2717.8</ele>
        <time>2026-08-07T03:15:01Z</time>
      </trkpt>
      <trkpt lat="44.281863" lon="6.986014">
        <ele>2717.8</ele>
        <time>2026-08-07T03:15:02Z</time>
      </trkpt>
      <trkpt lat="44.281857" lon="6.986003">
        <ele>2717.4</ele>
        <time>2026-08-07T03:15:13Z</time>
      </trkpt>
      <trkpt lat="44.281841" lon="6.985935">
        <ele>2717.4</ele>
        <time>2026-08-07T03:15:19Z</time>
      </trkpt>
      <trkpt lat="44.281855" lon="6.985966">
        <ele>2717.8</ele>
        <time>2026-08-07T03:15:25Z</time>
      </trkpt>
      <trkpt lat="44.281886" lon="6.985962">
        <ele>2718.0</ele>
        <time>2026-08-07T03:15:31Z</time>
      </trkpt>
      <trkpt lat="44.281897" lon="6.985985">
        <ele>2718.0</ele>
        <time>2026-08-07T03:15:33Z</time>
      </trkpt>
      <trkpt lat="44.281886" lon="6.985988">
        <ele>2718.0</ele>
        <time>2026-08-07T03:15:37Z</time>
      </trkpt>
      <trkpt lat="44.281882" lon="6.98599">
        <ele>2717.8</ele>
        <time>2026-08-07T03:15:40Z</time>
      </trkpt>
      <trkpt lat="44.281874" lon="6.985948">
        <ele>2717.2</ele>
        <time>2026-08-07T03:15:49Z</time>
      </trkpt>
      <trkpt lat="44.281897" lon="6.985894">
        <ele>2717.6</ele>
        <time>2026-08-07T03:15:57Z</time>
      </trkpt>
      <trkpt lat="44.28192" lon="6.985867">
        <ele>2718.8</ele>
        <time>2026-08-07T03:16:04Z</time>
      </trkpt>
      <trkpt lat="44.281922" lon="6.985863">
        <ele>2719.0</ele>
        <time>2026-08-07T03:16:05Z</time>
      </trkpt>
      <trkpt lat="44.281919" lon="6.985836">
        <ele>2720.0</ele>
        <time>2026-08-07T03:16:11Z</time>
      </trkpt>
      <trkpt lat="44.281922" lon="6.98583">
        <ele>2720.0</ele>
        <time>2026-08-07T03:16:12Z</time>
      </trkpt>
      <trkpt lat="44.281964" lon="6.985801">
        <ele>2721.0</ele>
        <time>2026-08-07T03:16:18Z</time>
      </trkpt>
      <trkpt lat="44.28197" lon="6.985807">
        <ele>2721.2</ele>
        <time>2026-08-07T03:16:20Z</time>
      </trkpt>
      <trkpt lat="44.281971" lon="6.985796">
        <ele>2721.8</ele>
        <time>2026-08-07T03:16:29Z</time>
      </trkpt>
      <trkpt lat="44.281973" lon="6.985789">
        <ele>2722.0</ele>
        <time>2026-08-07T03:16:30Z</time>
      </trkpt>
      <trkpt lat="44.281974" lon="6.985778">
        <ele>2722.2</ele>
        <time>2026-08-07T03:16:31Z</time>
      </trkpt>
      <trkpt lat="44.281997" lon="6.985764">
        <ele>2723.2</ele>
        <time>2026-08-07T03:16:38Z</time>
      </trkpt>
      <trkpt lat="44.282014" lon="6.985767">
        <ele>2724.2</ele>
        <time>2026-08-07T03:16:44Z</time>
      </trkpt>
      <trkpt lat="44.28202" lon="6.985767">
        <ele>2724.4</ele>
        <time>2026-08-07T03:16:45Z</time>
      </trkpt>
      <trkpt lat="44.282039" lon="6.985762">
        <ele>2725.0</ele>
        <time>2026-08-07T03:16:48Z</time>
      </trkpt>
      <trkpt lat="44.282045" lon="6.985753">
        <ele>2725.6</ele>
        <time>2026-08-07T03:16:51Z</time>
      </trkpt>
      <trkpt lat="44.28205" lon="6.98573">
        <ele>2726.2</ele>
        <time>2026-08-07T03:16:55Z</time>
      </trkpt>
      <trkpt lat="44.282055" lon="6.985722">
        <ele>2726.8</ele>
        <time>2026-08-07T03:16:58Z</time>
      </trkpt>
      <trkpt lat="44.282079" lon="6.985707">
        <ele>2727.8</ele>
        <time>2026-08-07T03:17:03Z</time>
      </trkpt>
      <trkpt lat="44.282073" lon="6.985695">
        <ele>2728.6</ele>
        <time>2026-08-07T03:17:10Z</time>
      </trkpt>
      <trkpt lat="44.282069" lon="6.985687">
        <ele>2728.8</ele>
        <time>2026-08-07T03:17:12Z</time>
      </trkpt>
      <trkpt lat="44.282084" lon="6.985657">
        <ele>2729.8</ele>
        <time>2026-08-07T03:17:17Z</time>
      </trkpt>
      <trkpt lat="44.282091" lon="6.985654">
        <ele>2730.0</ele>
        <time>2026-08-07T03:17:18Z</time>
      </trkpt>
      <trkpt lat="44.282095" lon="6.985656">
        <ele>2730.2</ele>
        <time>2026-08-07T03:17:19Z</time>
      </trkpt>
      <trkpt lat="44.28212" lon="6.985671">
        <ele>2731.2</ele>
        <time>2026-08-07T03:17:23Z</time>
      </trkpt>
      <trkpt lat="44.282134" lon="6.985688">
        <ele>2731.8</ele>
        <time>2026-08-07T03:17:28Z</time>
      </trkpt>
      <trkpt lat="44.282134" lon="6.985689">
        <ele>2731.8</ele>
        <time>2026-08-07T03:17:29Z</time>
      </trkpt>
      <trkpt lat="44.282137" lon="6.985687">
        <ele>2732.2</ele>
        <time>2026-08-07T03:17:31Z</time>
      </trkpt>
      <trkpt lat="44.282143" lon="6.985671">
        <ele>2733.2</ele>
        <time>2026-08-07T03:17:38Z</time>
      </trkpt>
      <trkpt lat="44.282143" lon="6.985652">
        <ele>2734.4</ele>
        <time>2026-08-07T03:17:44Z</time>
      </trkpt>
      <trkpt lat="44.282135" lon="6.985645">
        <ele>2734.8</ele>
        <time>2026-08-07T03:17:47Z</time>
      </trkpt>
      <trkpt lat="44.282129" lon="6.985599">
        <ele>2735.4</ele>
        <time>2026-08-07T03:17:51Z</time>
      </trkpt>
      <trkpt lat="44.282137" lon="6.985569">
        <ele>2736.0</ele>
        <time>2026-08-07T03:17:55Z</time>
      </trkpt>
      <trkpt lat="44.282149" lon="6.985563">
        <ele>2736.4</ele>
        <time>2026-08-07T03:17:57Z</time>
      </trkpt>
      <trkpt lat="44.282161" lon="6.985559">
        <ele>2737.2</ele>
        <time>2026-08-07T03:18:02Z</time>
      </trkpt>
      <trkpt lat="44.282163" lon="6.985553">
        <ele>2737.6</ele>
        <time>2026-08-07T03:18:04Z</time>
      </trkpt>
      <trkpt lat="44.282178" lon="6.985519">
        <ele>2738.6</ele>
        <time>2026-08-07T03:18:10Z</time>
      </trkpt>
      <trkpt lat="44.282176" lon="6.985499">
        <ele>2739.2</ele>
        <time>2026-08-07T03:18:15Z</time>
      </trkpt>
      <trkpt lat="44.282185" lon="6.985499">
        <ele>2739.6</ele>
        <time>2026-08-07T03:18:17Z</time>
      </trkpt>
      <trkpt lat="44.282221" lon="6.985553">
        <ele>2740.6</ele>
        <time>2026-08-07T03:18:23Z</time>
      </trkpt>
      <trkpt lat="44.282229" lon="6.985559">
        <ele>2740.6</ele>
        <time>2026-08-07T03:18:24Z</time>
      </trkpt>
      <trkpt lat="44.282237" lon="6.985551">
        <ele>2741.4</ele>
        <time>2026-08-07T03:18:30Z</time>
      </trkpt>
      <trkpt lat="44.282234" lon="6.985538">
        <ele>2741.8</ele>
        <time>2026-08-07T03:18:32Z</time>
      </trkpt>
      <trkpt lat="44.282225" lon="6.985513">
        <ele>2742.8</ele>
        <time>2026-08-07T03:18:39Z</time>
      </trkpt>
      <trkpt lat="44.282222" lon="6.985504">
        <ele>2742.8</ele>
        <time>2026-08-07T03:18:40Z</time>
      </trkpt>
      <trkpt lat="44.282219" lon="6.985476">
        <ele>2743.8</ele>
        <time>2026-08-07T03:18:46Z</time>
      </trkpt>
      <trkpt lat="44.282223" lon="6.985468">
        <ele>2744.2</ele>
        <time>2026-08-07T03:18:48Z</time>
      </trkpt>
      <trkpt lat="44.282235" lon="6.985458">
        <ele>2744.6</ele>
        <time>2026-08-07T03:18:51Z</time>
      </trkpt>
      <trkpt lat="44.282244" lon="6.985452">
        <ele>2744.8</ele>
        <time>2026-08-07T03:18:52Z</time>
      </trkpt>
      <trkpt lat="44.282267" lon="6.98541">
        <ele>2745.8</ele>
        <time>2026-08-07T03:18:57Z</time>
      </trkpt>
      <trkpt lat="44.28227" lon="6.985407">
        <ele>2746.0</ele>
        <time>2026-08-07T03:18:58Z</time>
      </trkpt>
      <trkpt lat="44.282274" lon="6.985414">
        <ele>2747.0</ele>
        <time>2026-08-07T03:19:05Z</time>
      </trkpt>
      <trkpt lat="44.282278" lon="6.985406">
        <ele>2747.4</ele>
        <time>2026-08-07T03:19:07Z</time>
      </trkpt>
      <trkpt lat="44.282279" lon="6.985396">
        <ele>2748.2</ele>
        <time>2026-08-07T03:19:11Z</time>
      </trkpt>
      <trkpt lat="44.282297" lon="6.985364">
        <ele>2749.2</ele>
        <time>2026-08-07T03:19:16Z</time>
      </trkpt>
      <trkpt lat="44.282299" lon="6.985361">
        <ele>2749.2</ele>
        <time>2026-08-07T03:19:17Z</time>
      </trkpt>
      <trkpt lat="44.282334" lon="6.985349">
        <ele>2750.2</ele>
        <time>2026-08-07T03:19:23Z</time>
      </trkpt>
      <trkpt lat="44.282339" lon="6.985353">
        <ele>2750.4</ele>
        <time>2026-08-07T03:19:24Z</time>
      </trkpt>
      <trkpt lat="44.282342" lon="6.985358">
        <ele>2750.6</ele>
        <time>2026-08-07T03:19:25Z</time>
      </trkpt>
      <trkpt lat="44.282364" lon="6.985385">
        <ele>2751.4</ele>
        <time>2026-08-07T03:19:31Z</time>
      </trkpt>
      <trkpt lat="44.282379" lon="6.985381">
        <ele>2752.0</ele>
        <time>2026-08-07T03:19:35Z</time>
      </trkpt>
      <trkpt lat="44.282376" lon="6.98537">
        <ele>2752.6</ele>
        <time>2026-08-07T03:19:39Z</time>
      </trkpt>
      <trkpt lat="44.282379" lon="6.985355">
        <ele>2753.4</ele>
        <time>2026-08-07T03:19:43Z</time>
      </trkpt>
      <trkpt lat="44.282386" lon="6.985344">
        <ele>2753.8</ele>
        <time>2026-08-07T03:19:45Z</time>
      </trkpt>
      <trkpt lat="44.282407" lon="6.985299">
        <ele>2754.8</ele>
        <time>2026-08-07T03:19:51Z</time>
      </trkpt>
      <trkpt lat="44.282411" lon="6.985286">
        <ele>2755.0</ele>
        <time>2026-08-07T03:19:52Z</time>
      </trkpt>
      <trkpt lat="44.282411" lon="6.985238">
        <ele>2755.6</ele>
        <time>2026-08-07T03:19:56Z</time>
      </trkpt>
      <trkpt lat="44.282412" lon="6.985223">
        <ele>2755.8</ele>
        <time>2026-08-07T03:19:57Z</time>
      </trkpt>
      <trkpt lat="44.282415" lon="6.985185">
        <ele>2756.6</ele>
        <time>2026-08-07T03:20:01Z</time>
      </trkpt>
      <trkpt lat="44.282416" lon="6.985198">
        <ele>2756.8</ele>
        <time>2026-08-07T03:20:03Z</time>
      </trkpt>
      <trkpt lat="44.282428" lon="6.985181">
        <ele>2757.2</ele>
        <time>2026-08-07T03:20:07Z</time>
      </trkpt>
      <trkpt lat="44.282447" lon="6.985195">
        <ele>2758.0</ele>
        <time>2026-08-07T03:20:11Z</time>
      </trkpt>
      <trkpt lat="44.282472" lon="6.985205">
        <ele>2758.8</ele>
        <time>2026-08-07T03:20:16Z</time>
      </trkpt>
      <trkpt lat="44.28248" lon="6.985213">
        <ele>2759.0</ele>
        <time>2026-08-07T03:20:18Z</time>
      </trkpt>
      <trkpt lat="44.282487" lon="6.985257">
        <ele>2760.2</ele>
        <time>2026-08-07T03:20:24Z</time>
      </trkpt>
      <trkpt lat="44.282489" lon="6.985263">
        <ele>2760.4</ele>
        <time>2026-08-07T03:20:25Z</time>
      </trkpt>
      <trkpt lat="44.282489" lon="6.985266">
        <ele>2760.8</ele>
        <time>2026-08-07T03:20:28Z</time>
      </trkpt>
      <trkpt lat="44.282488" lon="6.985266">
        <ele>2761.2</ele>
        <time>2026-08-07T03:20:34Z</time>
      </trkpt>
      <trkpt lat="44.2825" lon="6.985214">
        <ele>2762.4</ele>
        <time>2026-08-07T03:20:40Z</time>
      </trkpt>
      <trkpt lat="44.282514" lon="6.985187">
        <ele>2762.6</ele>
        <time>2026-08-07T03:20:43Z</time>
      </trkpt>
      <trkpt lat="44.282563" lon="6.985122">
        <ele>2763.6</ele>
        <time>2026-08-07T03:20:49Z</time>
      </trkpt>
      <trkpt lat="44.282573" lon="6.985117">
        <ele>2764.2</ele>
        <time>2026-08-07T03:20:52Z</time>
      </trkpt>
      <trkpt lat="44.282584" lon="6.985106">
        <ele>2764.4</ele>
        <time>2026-08-07T03:20:54Z</time>
      </trkpt>
      <trkpt lat="44.282586" lon="6.985106">
        <ele>2764.6</ele>
        <time>2026-08-07T03:20:55Z</time>
      </trkpt>
      <trkpt lat="44.282594" lon="6.985095">
        <ele>2765.0</ele>
        <time>2026-08-07T03:20:57Z</time>
      </trkpt>
      <trkpt lat="44.282602" lon="6.985079">
        <ele>2765.6</ele>
        <time>2026-08-07T03:21:01Z</time>
      </trkpt>
      <trkpt lat="44.282602" lon="6.985073">
        <ele>2765.8</ele>
        <time>2026-08-07T03:21:02Z</time>
      </trkpt>
      <trkpt lat="44.28262" lon="6.985021">
        <ele>2766.8</ele>
        <time>2026-08-07T03:21:09Z</time>
      </trkpt>
      <trkpt lat="44.28262" lon="6.985009">
        <ele>2767.0</ele>
        <time>2026-08-07T03:21:11Z</time>
      </trkpt>
      <trkpt lat="44.282619" lon="6.984999">
        <ele>2767.8</ele>
        <time>2026-08-07T03:21:16Z</time>
      </trkpt>
      <trkpt lat="44.282632" lon="6.985008">
        <ele>2768.4</ele>
        <time>2026-08-07T03:21:19Z</time>
      </trkpt>
      <trkpt lat="44.282641" lon="6.98496">
        <ele>2769.0</ele>
        <time>2026-08-07T03:21:23Z</time>
      </trkpt>
      <trkpt lat="44.282657" lon="6.984915">
        <ele>2769.8</ele>
        <time>2026-08-07T03:21:28Z</time>
      </trkpt>
      <trkpt lat="44.28266" lon="6.984904">
        <ele>2770.0</ele>
        <time>2026-08-07T03:21:29Z</time>
      </trkpt>
      <trkpt lat="44.282694" lon="6.984896">
        <ele>2770.8</ele>
        <time>2026-08-07T03:21:35Z</time>
      </trkpt>
      <trkpt lat="44.282682" lon="6.984841">
        <ele>2771.0</ele>
        <time>2026-08-07T03:21:39Z</time>
      </trkpt>
      <trkpt lat="44.282683" lon="6.984821">
        <ele>2771.0</ele>
        <time>2026-08-07T03:21:40Z</time>
      </trkpt>
      <trkpt lat="44.282692" lon="6.984793">
        <ele>2771.2</ele>
        <time>2026-08-07T03:21:42Z</time>
      </trkpt>
      <trkpt lat="44.282687" lon="6.984762">
        <ele>2771.4</ele>
        <time>2026-08-07T03:21:43Z</time>
      </trkpt>
      <trkpt lat="44.282721" lon="6.984754">
        <ele>2772.2</ele>
        <time>2026-08-07T03:21:49Z</time>
      </trkpt>
      <trkpt lat="44.282739" lon="6.984772">
        <ele>2772.6</ele>
        <time>2026-08-07T03:21:51Z</time>
      </trkpt>
      <trkpt lat="44.282773" lon="6.984769">
        <ele>2773.2</ele>
        <time>2026-08-07T03:21:55Z</time>
      </trkpt>
      <trkpt lat="44.282778" lon="6.984762">
        <ele>2773.4</ele>
        <time>2026-08-07T03:21:56Z</time>
      </trkpt>
      <trkpt lat="44.282807" lon="6.984738">
        <ele>2774.6</ele>
        <time>2026-08-07T03:22:03Z</time>
      </trkpt>
      <trkpt lat="44.282843" lon="6.984756">
        <ele>2775.6</ele>
        <time>2026-08-07T03:22:09Z</time>
      </trkpt>
      <trkpt lat="44.282839" lon="6.984766">
        <ele>2776.2</ele>
        <time>2026-08-07T03:22:13Z</time>
      </trkpt>
      <trkpt lat="44.282845" lon="6.984757">
        <ele>2776.8</ele>
        <time>2026-08-07T03:22:16Z</time>
      </trkpt>
      <trkpt lat="44.282867" lon="6.984709">
        <ele>2777.8</ele>
        <time>2026-08-07T03:22:21Z</time>
      </trkpt>
      <trkpt lat="44.282872" lon="6.984705">
        <ele>2778.0</ele>
        <time>2026-08-07T03:22:22Z</time>
      </trkpt>
      <trkpt lat="44.282897" lon="6.984676">
        <ele>2778.8</ele>
        <time>2026-08-07T03:22:27Z</time>
      </trkpt>
      <trkpt lat="44.282901" lon="6.98465">
        <ele>2778.6</ele>
        <time>2026-08-07T03:22:30Z</time>
      </trkpt>
      <trkpt lat="44.282901" lon="6.984634">
        <ele>2778.6</ele>
        <time>2026-08-07T03:22:32Z</time>
      </trkpt>
      <trkpt lat="44.282921" lon="6.984598">
        <ele>2779.8</ele>
        <time>2026-08-07T03:22:40Z</time>
      </trkpt>
      <trkpt lat="44.282924" lon="6.984602">
        <ele>2780.2</ele>
        <time>2026-08-07T03:22:43Z</time>
      </trkpt>
      <trkpt lat="44.282933" lon="6.984592">
        <ele>2781.0</ele>
        <time>2026-08-07T03:22:47Z</time>
      </trkpt>
      <trkpt lat="44.282932" lon="6.98459">
        <ele>2781.2</ele>
        <time>2026-08-07T03:22:48Z</time>
      </trkpt>
      <trkpt lat="44.282961" lon="6.98455">
        <ele>2781.4</ele>
        <time>2026-08-07T03:22:56Z</time>
      </trkpt>
      <trkpt lat="44.282972" lon="6.984544">
        <ele>2782.0</ele>
        <time>2026-08-07T03:23:00Z</time>
      </trkpt>
      <trkpt lat="44.282994" lon="6.984516">
        <ele>2782.2</ele>
        <time>2026-08-07T03:23:05Z</time>
      </trkpt>
      <trkpt lat="44.282996" lon="6.984513">
        <ele>2782.2</ele>
        <time>2026-08-07T03:23:06Z</time>
      </trkpt>
      <trkpt lat="44.282989" lon="6.984496">
        <ele>2782.4</ele>
        <time>2026-08-07T03:23:11Z</time>
      </trkpt>
      <trkpt lat="44.282971" lon="6.984432">
        <ele>2782.2</ele>
        <time>2026-08-07T03:23:16Z</time>
      </trkpt>
      <trkpt lat="44.282989" lon="6.984414">
        <ele>2783.2</ele>
        <time>2026-08-07T03:23:23Z</time>
      </trkpt>
      <trkpt lat="44.282991" lon="6.984423">
        <ele>2783.2</ele>
        <time>2026-08-07T03:23:24Z</time>
      </trkpt>
      <trkpt lat="44.283006" lon="6.984419">
        <ele>2783.4</ele>
        <time>2026-08-07T03:23:30Z</time>
      </trkpt>
      <trkpt lat="44.283034" lon="6.984385">
        <ele>2783.6</ele>
        <time>2026-08-07T03:23:35Z</time>
      </trkpt>
      <trkpt lat="44.283042" lon="6.984367">
        <ele>2783.6</ele>
        <time>2026-08-07T03:23:37Z</time>
      </trkpt>
      <trkpt lat="44.283048" lon="6.98435">
        <ele>2784.2</ele>
        <time>2026-08-07T03:23:42Z</time>
      </trkpt>
      <trkpt lat="44.283058" lon="6.98434">
        <ele>2784.6</ele>
        <time>2026-08-07T03:23:45Z</time>
      </trkpt>
      <trkpt lat="44.283067" lon="6.98434">
        <ele>2785.2</ele>
        <time>2026-08-07T03:23:51Z</time>
      </trkpt>
      <trkpt lat="44.283085" lon="6.984321">
        <ele>2785.4</ele>
        <time>2026-08-07T03:23:54Z</time>
      </trkpt>
      <trkpt lat="44.283109" lon="6.984308">
        <ele>2786.4</ele>
        <time>2026-08-07T03:23:59Z</time>
      </trkpt>
      <trkpt lat="44.283121" lon="6.984304">
        <ele>2786.6</ele>
        <time>2026-08-07T03:24:01Z</time>
      </trkpt>
      <trkpt lat="44.283144" lon="6.984319">
        <ele>2787.0</ele>
        <time>2026-08-07T03:24:09Z</time>
      </trkpt>
      <trkpt lat="44.283154" lon="6.984326">
        <ele>2787.2</ele>
        <time>2026-08-07T03:24:18Z</time>
      </trkpt>
      <trkpt lat="44.283135" lon="6.984338">
        <ele>2786.8</ele>
        <time>2026-08-07T03:24:25Z</time>
      </trkpt>
      <trkpt lat="44.283127" lon="6.984325">
        <ele>2786.6</ele>
        <time>2026-08-07T03:24:26Z</time>
      </trkpt>
      <trkpt lat="44.283106" lon="6.984293">
        <ele>2785.8</ele>
        <time>2026-08-07T03:24:32Z</time>
      </trkpt>
      <trkpt lat="44.283114" lon="6.984302">
        <ele>2785.6</ele>
        <time>2026-08-07T03:24:34Z</time>
      </trkpt>
      <trkpt lat="44.283135" lon="6.984289">
        <ele>2785.2</ele>
        <time>2026-08-07T03:24:39Z</time>
      </trkpt>
      <trkpt lat="44.283138" lon="6.984264">
        <ele>2784.4</ele>
        <time>2026-08-07T03:24:43Z</time>
      </trkpt>
      <trkpt lat="44.283135" lon="6.984226">
        <ele>2784.8</ele>
        <time>2026-08-07T03:24:51Z</time>
      </trkpt>
      <trkpt lat="44.283142" lon="6.984185">
        <ele>2785.0</ele>
        <time>2026-08-07T03:24:59Z</time>
      </trkpt>
      <trkpt lat="44.283156" lon="6.984141">
        <ele>2785.2</ele>
        <time>2026-08-07T03:25:06Z</time>
      </trkpt>
      <trkpt lat="44.283189" lon="6.984113">
        <ele>2785.0</ele>
        <time>2026-08-07T03:25:15Z</time>
      </trkpt>
      <trkpt lat="44.28319" lon="6.984086">
        <ele>2785.4</ele>
        <time>2026-08-07T03:25:22Z</time>
      </trkpt>
      <trkpt lat="44.283195" lon="6.984072">
        <ele>2785.6</ele>
        <time>2026-08-07T03:25:26Z</time>
      </trkpt>
      <trkpt lat="44.283209" lon="6.984039">
        <ele>2785.6</ele>
        <time>2026-08-07T03:25:29Z</time>
      </trkpt>
      <trkpt lat="44.28323" lon="6.984021">
        <ele>2785.8</ele>
        <time>2026-08-07T03:25:38Z</time>
      </trkpt>
      <trkpt lat="44.28327" lon="6.984001">
        <ele>2786.4</ele>
        <time>2026-08-07T03:25:44Z</time>
      </trkpt>
      <trkpt lat="44.283277" lon="6.983985">
        <ele>2786.4</ele>
        <time>2026-08-07T03:25:46Z</time>
      </trkpt>
      <trkpt lat="44.283292" lon="6.98393">
        <ele>2787.2</ele>
        <time>2026-08-07T03:25:55Z</time>
      </trkpt>
      <trkpt lat="44.283298" lon="6.983927">
        <ele>2787.4</ele>
        <time>2026-08-07T03:25:57Z</time>
      </trkpt>
      <trkpt lat="44.283303" lon="6.983884">
        <ele>2787.4</ele>
        <time>2026-08-07T03:26:04Z</time>
      </trkpt>
      <trkpt lat="44.283327" lon="6.983836">
        <ele>2787.4</ele>
        <time>2026-08-07T03:26:10Z</time>
      </trkpt>
      <trkpt lat="44.283343" lon="6.983831">
        <ele>2787.6</ele>
        <time>2026-08-07T03:26:12Z</time>
      </trkpt>
      <trkpt lat="44.28337" lon="6.983826">
        <ele>2788.0</ele>
        <time>2026-08-07T03:26:20Z</time>
      </trkpt>
      <trkpt lat="44.283375" lon="6.98379">
        <ele>2788.6</ele>
        <time>2026-08-07T03:26:26Z</time>
      </trkpt>
      <trkpt lat="44.283378" lon="6.983784">
        <ele>2788.8</ele>
        <time>2026-08-07T03:26:27Z</time>
      </trkpt>
      <trkpt lat="44.283403" lon="6.983697">
        <ele>2789.2</ele>
        <time>2026-08-07T03:26:36Z</time>
      </trkpt>
      <trkpt lat="44.283415" lon="6.98366">
        <ele>2789.6</ele>
        <time>2026-08-07T03:26:40Z</time>
      </trkpt>
      <trkpt lat="44.28342" lon="6.98366">
        <ele>2790.0</ele>
        <time>2026-08-07T03:26:43Z</time>
      </trkpt>
      <trkpt lat="44.283455" lon="6.983634">
        <ele>2790.8</ele>
        <time>2026-08-07T03:26:51Z</time>
      </trkpt>
      <trkpt lat="44.283472" lon="6.983609">
        <ele>2791.6</ele>
        <time>2026-08-07T03:26:56Z</time>
      </trkpt>
      <trkpt lat="44.283479" lon="6.983579">
        <ele>2791.8</ele>
        <time>2026-08-07T03:26:59Z</time>
      </trkpt>
      <trkpt lat="44.283485" lon="6.983544">
        <ele>2791.8</ele>
        <time>2026-08-07T03:27:02Z</time>
      </trkpt>
      <trkpt lat="44.283512" lon="6.983492">
        <ele>2791.6</ele>
        <time>2026-08-07T03:27:08Z</time>
      </trkpt>
      <trkpt lat="44.283561" lon="6.983412">
        <ele>2791.0</ele>
        <time>2026-08-07T03:27:16Z</time>
      </trkpt>
      <trkpt lat="44.283571" lon="6.983392">
        <ele>2790.8</ele>
        <time>2026-08-07T03:27:18Z</time>
      </trkpt>
      <trkpt lat="44.283583" lon="6.983362">
        <ele>2789.8</ele>
        <time>2026-08-07T03:27:25Z</time>
      </trkpt>
      <trkpt lat="44.283589" lon="6.98335">
        <ele>2789.8</ele>
        <time>2026-08-07T03:27:26Z</time>
      </trkpt>
      <trkpt lat="44.283633" lon="6.983303">
        <ele>2789.4</ele>
        <time>2026-08-07T03:27:32Z</time>
      </trkpt>
      <trkpt lat="44.283658" lon="6.983293">
        <ele>2789.0</ele>
        <time>2026-08-07T03:27:37Z</time>
      </trkpt>
      <trkpt lat="44.283669" lon="6.983292">
        <ele>2788.8</ele>
        <time>2026-08-07T03:27:39Z</time>
      </trkpt>
      <trkpt lat="44.283688" lon="6.983288">
        <ele>2788.2</ele>
        <time>2026-08-07T03:27:43Z</time>
      </trkpt>
      <trkpt lat="44.283725" lon="6.983253">
        <ele>2787.8</ele>
        <time>2026-08-07T03:27:49Z</time>
      </trkpt>
      <trkpt lat="44.28373" lon="6.983242">
        <ele>2787.4</ele>
        <time>2026-08-07T03:27:53Z</time>
      </trkpt>
      <trkpt lat="44.283741" lon="6.983188">
        <ele>2786.6</ele>
        <time>2026-08-07T03:27:59Z</time>
      </trkpt>
      <trkpt lat="44.283739" lon="6.983174">
        <ele>2786.6</ele>
        <time>2026-08-07T03:28:02Z</time>
      </trkpt>
      <trkpt lat="44.283783" lon="6.983153">
        <ele>2786.6</ele>
        <time>2026-08-07T03:28:10Z</time>
      </trkpt>
      <trkpt lat="44.283844" lon="6.983148">
        <ele>2787.0</ele>
        <time>2026-08-07T03:28:21Z</time>
      </trkpt>
      <trkpt lat="44.283828" lon="6.983131">
        <ele>2787.4</ele>
        <time>2026-08-07T03:28:28Z</time>
      </trkpt>
      <trkpt lat="44.283854" lon="6.983136">
        <ele>2787.8</ele>
        <time>2026-08-07T03:28:35Z</time>
      </trkpt>
      <trkpt lat="44.283902" lon="6.983108">
        <ele>2788.4</ele>
        <time>2026-08-07T03:28:43Z</time>
      </trkpt>
      <trkpt lat="44.283877" lon="6.983109">
        <ele>2788.6</ele>
        <time>2026-08-07T03:28:50Z</time>
      </trkpt>
      <trkpt lat="44.283911" lon="6.983109">
        <ele>2788.8</ele>
        <time>2026-08-07T03:28:58Z</time>
      </trkpt>
      <trkpt lat="44.283918" lon="6.983115">
        <ele>2788.8</ele>
        <time>2026-08-07T03:29:00Z</time>
      </trkpt>
      <trkpt lat="44.283922" lon="6.983113">
        <ele>2788.8</ele>
        <time>2026-08-07T03:29:02Z</time>
      </trkpt>
      <trkpt lat="44.283926" lon="6.983093">
        <ele>2788.8</ele>
        <time>2026-08-07T03:29:06Z</time>
      </trkpt>
      <trkpt lat="44.28396" lon="6.98308">
        <ele>2787.8</ele>
        <time>2026-08-07T03:29:14Z</time>
      </trkpt>
      <trkpt lat="44.283955" lon="6.983038">
        <ele>2788.2</ele>
        <time>2026-08-07T03:29:21Z</time>
      </trkpt>
      <trkpt lat="44.283968" lon="6.983038">
        <ele>2788.0</ele>
        <time>2026-08-07T03:29:28Z</time>
      </trkpt>
      <trkpt lat="44.283998" lon="6.982977">
        <ele>2788.2</ele>
        <time>2026-08-07T03:29:35Z</time>
      </trkpt>
      <trkpt lat="44.283972" lon="6.982961">
        <ele>2788.6</ele>
        <time>2026-08-07T03:29:40Z</time>
      </trkpt>
      <trkpt lat="44.283973" lon="6.982953">
        <ele>2788.6</ele>
        <time>2026-08-07T03:29:41Z</time>
      </trkpt>
      <trkpt lat="44.284019" lon="6.982884">
        <ele>2789.4</ele>
        <time>2026-08-07T03:29:48Z</time>
      </trkpt>
      <trkpt lat="44.284031" lon="6.982867">
        <ele>2789.8</ele>
        <time>2026-08-07T03:29:52Z</time>
      </trkpt>
      <trkpt lat="44.284035" lon="6.982869">
        <ele>2790.0</ele>
        <time>2026-08-07T03:29:55Z</time>
      </trkpt>
      <trkpt lat="44.284063" lon="6.982897">
        <ele>2790.6</ele>
        <time>2026-08-07T03:30:05Z</time>
      </trkpt>
      <trkpt lat="44.284083" lon="6.982827">
        <ele>2790.4</ele>
        <time>2026-08-07T03:30:11Z</time>
      </trkpt>
      <trkpt lat="44.284037" lon="6.982789">
        <ele>2790.6</ele>
        <time>2026-08-07T03:30:18Z</time>
      </trkpt>
      <trkpt lat="44.28403" lon="6.98276">
        <ele>2791.0</ele>
        <time>2026-08-07T03:30:25Z</time>
      </trkpt>
      <trkpt lat="44.284053" lon="6.982764">
        <ele>2791.2</ele>
        <time>2026-08-07T03:30:27Z</time>
      </trkpt>
      <trkpt lat="44.284111" lon="6.982781">
        <ele>2791.0</ele>
        <time>2026-08-07T03:30:33Z</time>
      </trkpt>
      <trkpt lat="44.284172" lon="6.982795">
        <ele>2790.8</ele>
        <time>2026-08-07T03:30:42Z</time>
      </trkpt>
      <trkpt lat="44.284156" lon="6.982748">
        <ele>2790.8</ele>
        <time>2026-08-07T03:30:49Z</time>
      </trkpt>
      <trkpt lat="44.284164" lon="6.982697">
        <ele>2791.0</ele>
        <time>2026-08-07T03:30:58Z</time>
      </trkpt>
      <trkpt lat="44.284211" lon="6.982697">
        <ele>2791.2</ele>
        <time>2026-08-07T03:31:05Z</time>
      </trkpt>
      <trkpt lat="44.284219" lon="6.982657">
        <ele>2791.4</ele>
        <time>2026-08-07T03:31:11Z</time>
      </trkpt>
      <trkpt lat="44.284189" lon="6.98262">
        <ele>2791.4</ele>
        <time>2026-08-07T03:31:16Z</time>
      </trkpt>
      <trkpt lat="44.284203" lon="6.982657">
        <ele>2791.6</ele>
        <time>2026-08-07T03:31:20Z</time>
      </trkpt>
      <trkpt lat="44.284213" lon="6.982652">
        <ele>2791.4</ele>
        <time>2026-08-07T03:31:22Z</time>
      </trkpt>
      <trkpt lat="44.284224" lon="6.982626">
        <ele>2792.0</ele>
        <time>2026-08-07T03:31:28Z</time>
      </trkpt>
      <trkpt lat="44.284216" lon="6.982606">
        <ele>2792.0</ele>
        <time>2026-08-07T03:31:30Z</time>
      </trkpt>
      <trkpt lat="44.284248" lon="6.982556">
        <ele>2793.0</ele>
        <time>2026-08-07T03:31:38Z</time>
      </trkpt>
      <trkpt lat="44.28425" lon="6.982553">
        <ele>2793.0</ele>
        <time>2026-08-07T03:31:39Z</time>
      </trkpt>
      <trkpt lat="44.28428" lon="6.982558">
        <ele>2794.0</ele>
        <time>2026-08-07T03:31:46Z</time>
      </trkpt>
      <trkpt lat="44.284303" lon="6.982538">
        <ele>2795.0</ele>
        <time>2026-08-07T03:31:54Z</time>
      </trkpt>
      <trkpt lat="44.284306" lon="6.982512">
        <ele>2795.8</ele>
        <time>2026-08-07T03:32:01Z</time>
      </trkpt>
      <trkpt lat="44.28431" lon="6.982511">
        <ele>2796.0</ele>
        <time>2026-08-07T03:32:02Z</time>
      </trkpt>
      <trkpt lat="44.284312" lon="6.982516">
        <ele>2796.2</ele>
        <time>2026-08-07T03:32:03Z</time>
      </trkpt>
      <trkpt lat="44.284329" lon="6.982494">
        <ele>2797.2</ele>
        <time>2026-08-07T03:32:09Z</time>
      </trkpt>
      <trkpt lat="44.284333" lon="6.982487">
        <ele>2797.2</ele>
        <time>2026-08-07T03:32:11Z</time>
      </trkpt>
      <trkpt lat="44.284329" lon="6.98244">
        <ele>2798.0</ele>
        <time>2026-08-07T03:32:19Z</time>
      </trkpt>
      <trkpt lat="44.284327" lon="6.982442">
        <ele>2798.2</ele>
        <time>2026-08-07T03:32:20Z</time>
      </trkpt>
      <trkpt lat="44.284319" lon="6.98243">
        <ele>2798.8</ele>
        <time>2026-08-07T03:32:25Z</time>
      </trkpt>
      <trkpt lat="44.284317" lon="6.982428">
        <ele>2799.2</ele>
        <time>2026-08-07T03:32:28Z</time>
      </trkpt>
      <trkpt lat="44.284318" lon="6.982434">
        <ele>2799.4</ele>
        <time>2026-08-07T03:32:29Z</time>
      </trkpt>
      <trkpt lat="44.284339" lon="6.982446">
        <ele>2800.0</ele>
        <time>2026-08-07T03:32:35Z</time>
      </trkpt>
      <trkpt lat="44.284333" lon="6.982429">
        <ele>2800.4</ele>
        <time>2026-08-07T03:32:38Z</time>
      </trkpt>
      <trkpt lat="44.28432" lon="6.982389">
        <ele>2801.0</ele>
        <time>2026-08-07T03:32:43Z</time>
      </trkpt>
      <trkpt lat="44.28432" lon="6.982388">
        <ele>2801.2</ele>
        <time>2026-08-07T03:32:44Z</time>
      </trkpt>
      <trkpt lat="44.284318" lon="6.98238">
        <ele>2801.4</ele>
        <time>2026-08-07T03:32:46Z</time>
      </trkpt>
      <trkpt lat="44.284348" lon="6.982399">
        <ele>2801.8</ele>
        <time>2026-08-07T03:32:51Z</time>
      </trkpt>
      <trkpt lat="44.284378" lon="6.98239">
        <ele>2802.2</ele>
        <time>2026-08-07T03:32:58Z</time>
      </trkpt>
      <trkpt lat="44.284372" lon="6.982378">
        <ele>2802.6</ele>
        <time>2026-08-07T03:33:02Z</time>
      </trkpt>
      <trkpt lat="44.284362" lon="6.982372">
        <ele>2802.8</ele>
        <time>2026-08-07T03:33:05Z</time>
      </trkpt>
      <trkpt lat="44.284392" lon="6.982332">
        <ele>2803.0</ele>
        <time>2026-08-07T03:33:14Z</time>
      </trkpt>
      <trkpt lat="44.284395" lon="6.98229">
        <ele>2802.6</ele>
        <time>2026-08-07T03:33:22Z</time>
      </trkpt>
      <trkpt lat="44.284392" lon="6.982311">
        <ele>2802.4</ele>
        <time>2026-08-07T03:33:28Z</time>
      </trkpt>
      <trkpt lat="44.284404" lon="6.982278">
        <ele>2802.2</ele>
        <time>2026-08-07T03:33:33Z</time>
      </trkpt>
      <trkpt lat="44.284399" lon="6.982272">
        <ele>2802.2</ele>
        <time>2026-08-07T03:33:34Z</time>
      </trkpt>
      <trkpt lat="44.284399" lon="6.982245">
        <ele>2802.0</ele>
        <time>2026-08-07T03:33:37Z</time>
      </trkpt>
      <trkpt lat="44.284406" lon="6.982219">
        <ele>2802.0</ele>
        <time>2026-08-07T03:33:39Z</time>
      </trkpt>
      <trkpt lat="44.284408" lon="6.982205">
        <ele>2802.0</ele>
        <time>2026-08-07T03:33:40Z</time>
      </trkpt>
      <trkpt lat="44.284425" lon="6.982196">
        <ele>2802.6</ele>
        <time>2026-08-07T03:33:47Z</time>
      </trkpt>
      <trkpt lat="44.28446" lon="6.982187">
        <ele>2802.8</ele>
        <time>2026-08-07T03:33:53Z</time>
      </trkpt>
      <trkpt lat="44.284477" lon="6.982175">
        <ele>2803.0</ele>
        <time>2026-08-07T03:33:56Z</time>
      </trkpt>
      <trkpt lat="44.284498" lon="6.98212">
        <ele>2803.6</ele>
        <time>2026-08-07T03:34:01Z</time>
      </trkpt>
      <trkpt lat="44.284498" lon="6.982093">
        <ele>2803.8</ele>
        <time>2026-08-07T03:34:03Z</time>
      </trkpt>
      <trkpt lat="44.284475" lon="6.982046">
        <ele>2804.6</ele>
        <time>2026-08-07T03:34:10Z</time>
      </trkpt>
      <trkpt lat="44.2845" lon="6.982027">
        <ele>2805.8</ele>
        <time>2026-08-07T03:34:18Z</time>
      </trkpt>
      <trkpt lat="44.28453" lon="6.982002">
        <ele>2806.8</ele>
        <time>2026-08-07T03:34:26Z</time>
      </trkpt>
      <trkpt lat="44.284535" lon="6.981996">
        <ele>2807.0</ele>
        <time>2026-08-07T03:34:27Z</time>
      </trkpt>
      <trkpt lat="44.28454" lon="6.981988">
        <ele>2807.0</ele>
        <time>2026-08-07T03:34:28Z</time>
      </trkpt>
      <trkpt lat="44.284548" lon="6.981972">
        <ele>2807.4</ele>
        <time>2026-08-07T03:34:30Z</time>
      </trkpt>
      <trkpt lat="44.284552" lon="6.981957">
        <ele>2807.8</ele>
        <time>2026-08-07T03:34:34Z</time>
      </trkpt>
      <trkpt lat="44.284551" lon="6.981954">
        <ele>2808.0</ele>
        <time>2026-08-07T03:34:36Z</time>
      </trkpt>
      <trkpt lat="44.284558" lon="6.981881">
        <ele>2808.4</ele>
        <time>2026-08-07T03:34:45Z</time>
      </trkpt>
      <trkpt lat="44.284559" lon="6.981853">
        <ele>2808.8</ele>
        <time>2026-08-07T03:34:52Z</time>
      </trkpt>
      <trkpt lat="44.284561" lon="6.981854">
        <ele>2809.0</ele>
        <time>2026-08-07T03:34:53Z</time>
      </trkpt>
      <trkpt lat="44.284567" lon="6.981859">
        <ele>2809.2</ele>
        <time>2026-08-07T03:35:00Z</time>
      </trkpt>
      <trkpt lat="44.284585" lon="6.98187">
        <ele>2808.8</ele>
        <time>2026-08-07T03:35:09Z</time>
      </trkpt>
      <trkpt lat="44.284576" lon="6.981846">
        <ele>2808.8</ele>
        <time>2026-08-07T03:35:15Z</time>
      </trkpt>
      <trkpt lat="44.284556" lon="6.981822">
        <ele>2808.8</ele>
        <time>2026-08-07T03:35:18Z</time>
      </trkpt>
      <trkpt lat="44.28454" lon="6.981807">
        <ele>2808.6</ele>
        <time>2026-08-07T03:35:21Z</time>
      </trkpt>
      <trkpt lat="44.284531" lon="6.981781">
        <ele>2808.8</ele>
        <time>2026-08-07T03:35:27Z</time>
      </trkpt>
      <trkpt lat="44.284566" lon="6.9818">
        <ele>2808.0</ele>
        <time>2026-08-07T03:35:33Z</time>
      </trkpt>
      <trkpt lat="44.28459" lon="6.981844">
        <ele>2808.2</ele>
        <time>2026-08-07T03:35:39Z</time>
      </trkpt>
      <trkpt lat="44.284591" lon="6.981851">
        <ele>2808.2</ele>
        <time>2026-08-07T03:35:40Z</time>
      </trkpt>
      <trkpt lat="44.284595" lon="6.981853">
        <ele>2808.2</ele>
        <time>2026-08-07T03:35:41Z</time>
      </trkpt>
      <trkpt lat="44.284597" lon="6.981852">
        <ele>2808.2</ele>
        <time>2026-08-07T03:35:42Z</time>
      </trkpt>
      <trkpt lat="44.284649" lon="6.981931">
        <ele>2808.0</ele>
        <time>2026-08-07T03:35:48Z</time>
      </trkpt>
      <trkpt lat="44.284656" lon="6.981888">
        <ele>2807.6</ele>
        <time>2026-08-07T03:35:53Z</time>
      </trkpt>
      <trkpt lat="44.284669" lon="6.981866">
        <ele>2807.4</ele>
        <time>2026-08-07T03:35:58Z</time>
      </trkpt>
      <trkpt lat="44.284668" lon="6.981863">
        <ele>2807.2</ele>
        <time>2026-08-07T03:35:59Z</time>
      </trkpt>
      <trkpt lat="44.284654" lon="6.981863">
        <ele>2807.0</ele>
        <time>2026-08-07T03:36:02Z</time>
      </trkpt>
      <trkpt lat="44.284633" lon="6.981859">
        <ele>2807.0</ele>
        <time>2026-08-07T03:36:04Z</time>
      </trkpt>
      <trkpt lat="44.284604" lon="6.981852">
        <ele>2807.2</ele>
        <time>2026-08-07T03:36:07Z</time>
      </trkpt>
      <trkpt lat="44.284567" lon="6.981834">
        <ele>2807.4</ele>
        <time>2026-08-07T03:36:14Z</time>
      </trkpt>
      <trkpt lat="44.284581" lon="6.981834">
        <ele>2807.6</ele>
        <time>2026-08-07T03:36:22Z</time>
      </trkpt>
      <trkpt lat="44.28462" lon="6.981889">
        <ele>2807.6</ele>
        <time>2026-08-07T03:36:26Z</time>
      </trkpt>
      <trkpt lat="44.284638" lon="6.981921">
        <ele>2807.8</ele>
        <time>2026-08-07T03:36:30Z</time>
      </trkpt>
      <trkpt lat="44.284603" lon="6.981852">
        <ele>2807.8</ele>
        <time>2026-08-07T03:36:37Z</time>
      </trkpt>
      <trkpt lat="44.284561" lon="6.981824">
        <ele>2808.0</ele>
        <time>2026-08-07T03:36:44Z</time>
      </trkpt>
      <trkpt lat="44.284553" lon="6.981815">
        <ele>2808.0</ele>
        <time>2026-08-07T03:36:45Z</time>
      </trkpt>
      <trkpt lat="44.284547" lon="6.981812">
        <ele>2807.8</ele>
        <time>2026-08-07T03:36:46Z</time>
      </trkpt>
      <trkpt lat="44.28454" lon="6.981785">
        <ele>2807.8</ele>
        <time>2026-08-07T03:36:55Z</time>
      </trkpt>
      <trkpt lat="44.284523" lon="6.981784">
        <ele>2807.4</ele>
        <time>2026-08-07T03:37:03Z</time>
      </trkpt>
      <trkpt lat="44.284534" lon="6.981812">
        <ele>2807.6</ele>
        <time>2026-08-07T03:37:12Z</time>
      </trkpt>
      <trkpt lat="44.284548" lon="6.981799">
        <ele>2807.4</ele>
        <time>2026-08-07T03:37:18Z</time>
      </trkpt>
      <trkpt lat="44.284548" lon="6.981786">
        <ele>2807.4</ele>
        <time>2026-08-07T03:37:19Z</time>
      </trkpt>
      <trkpt lat="44.284532" lon="6.981789">
        <ele>2807.4</ele>
        <time>2026-08-07T03:37:28Z</time>
      </trkpt>
      <trkpt lat="44.28454" lon="6.981804">
        <ele>2808.2</ele>
        <time>2026-08-07T03:37:36Z</time>
      </trkpt>
      <trkpt lat="44.284539" lon="6.981844">
        <ele>2808.0</ele>
        <time>2026-08-07T03:37:44Z</time>
      </trkpt>
      <trkpt lat="44.284534" lon="6.981783">
        <ele>2808.0</ele>
        <time>2026-08-07T03:37:51Z</time>
      </trkpt>
      <trkpt lat="44.284528" lon="6.981773">
        <ele>2808.0</ele>
        <time>2026-08-07T03:37:57Z</time>
      </trkpt>
      <trkpt lat="44.284542" lon="6.98179">
        <ele>2808.2</ele>
        <time>2026-08-07T03:37:59Z</time>
      </trkpt>
      <trkpt lat="44.284543" lon="6.981781">
        <ele>2808.2</ele>
        <time>2026-08-07T03:38:02Z</time>
      </trkpt>
      <trkpt lat="44.28456" lon="6.981787">
        <ele>2808.0</ele>
        <time>2026-08-07T03:38:04Z</time>
      </trkpt>
      <trkpt lat="44.284577" lon="6.981808">
        <ele>2808.2</ele>
        <time>2026-08-07T03:38:06Z</time>
      </trkpt>
      <trkpt lat="44.284584" lon="6.98183">
        <ele>2808.4</ele>
        <time>2026-08-07T03:38:09Z</time>
      </trkpt>
      <trkpt lat="44.284596" lon="6.981848">
        <ele>2807.8</ele>
        <time>2026-08-07T03:38:18Z</time>
      </trkpt>
      <trkpt lat="44.284567" lon="6.981831">
        <ele>2808.2</ele>
        <time>2026-08-07T03:38:25Z</time>
      </trkpt>
      <trkpt lat="44.284592" lon="6.98183">
        <ele>2808.0</ele>
        <time>2026-08-07T03:38:32Z</time>
      </trkpt>
      <trkpt lat="44.284583" lon="6.981847">
        <ele>2808.0</ele>
        <time>2026-08-07T03:38:40Z</time>
      </trkpt>
      <trkpt lat="44.284527" lon="6.98191">
        <ele>2808.0</ele>
        <time>2026-08-07T03:38:48Z</time>
      </trkpt>
      <trkpt lat="44.284515" lon="6.981866">
        <ele>2808.2</ele>
        <time>2026-08-07T03:38:56Z</time>
      </trkpt>
      <trkpt lat="44.284495" lon="6.981854">
        <ele>2808.2</ele>
        <time>2026-08-07T03:39:04Z</time>
      </trkpt>
      <trkpt lat="44.284543" lon="6.98186">
        <ele>2807.8</ele>
        <time>2026-08-07T03:39:11Z</time>
      </trkpt>
      <trkpt lat="44.284555" lon="6.981875">
        <ele>2808.0</ele>
        <time>2026-08-07T03:39:20Z</time>
      </trkpt>
      <trkpt lat="44.284546" lon="6.981833">
        <ele>2808.2</ele>
        <time>2026-08-07T03:39:26Z</time>
      </trkpt>
      <trkpt lat="44.284589" lon="6.981821">
        <ele>2808.0</ele>
        <time>2026-08-07T03:39:33Z</time>
      </trkpt>
      <trkpt lat="44.284607" lon="6.981822">
        <ele>2807.6</ele>
        <time>2026-08-07T03:39:40Z</time>
      </trkpt>
      <trkpt lat="44.284595" lon="6.981841">
        <ele>2807.0</ele>
        <time>2026-08-07T03:39:49Z</time>
      </trkpt>
      <trkpt lat="44.284603" lon="6.981867">
        <ele>2807.0</ele>
        <time>2026-08-07T03:39:52Z</time>
      </trkpt>
      <trkpt lat="44.284623" lon="6.981897">
        <ele>2806.6</ele>
        <time>2026-08-07T03:39:57Z</time>
      </trkpt>
      <trkpt lat="44.284618" lon="6.981918">
        <ele>2806.4</ele>
        <time>2026-08-07T03:40:05Z</time>
      </trkpt>
      <trkpt lat="44.284609" lon="6.981934">
        <ele>2806.2</ele>
        <time>2026-08-07T03:40:11Z</time>
      </trkpt>
      <trkpt lat="44.284597" lon="6.981914">
        <ele>2805.8</ele>
        <time>2026-08-07T03:40:17Z</time>
      </trkpt>
      <trkpt lat="44.284577" lon="6.981907">
        <ele>2805.8</ele>
        <time>2026-08-07T03:40:18Z</time>
      </trkpt>
      <trkpt lat="44.284509" lon="6.981879">
        <ele>2806.0</ele>
        <time>2026-08-07T03:40:24Z</time>
      </trkpt>
      <trkpt lat="44.284553" lon="6.981875">
        <ele>2806.0</ele>
        <time>2026-08-07T03:40:30Z</time>
      </trkpt>
      <trkpt lat="44.284564" lon="6.981879">
        <ele>2806.0</ele>
        <time>2026-08-07T03:40:31Z</time>
      </trkpt>
      <trkpt lat="44.284586" lon="6.98187">
        <ele>2806.0</ele>
        <time>2026-08-07T03:40:36Z</time>
      </trkpt>
      <trkpt lat="44.284589" lon="6.981862">
        <ele>2806.0</ele>
        <time>2026-08-07T03:40:38Z</time>
      </trkpt>
      <trkpt lat="44.284583" lon="6.981851">
        <ele>2805.8</ele>
        <time>2026-08-07T03:40:44Z</time>
      </trkpt>
      <trkpt lat="44.284586" lon="6.981848">
        <ele>2805.8</ele>
        <time>2026-08-07T03:40:45Z</time>
      </trkpt>
      <trkpt lat="44.284603" lon="6.981853">
        <ele>2805.8</ele>
        <time>2026-08-07T03:40:48Z</time>
      </trkpt>
      <trkpt lat="44.284593" lon="6.981871">
        <ele>2805.8</ele>
        <time>2026-08-07T03:40:51Z</time>
      </trkpt>
      <trkpt lat="44.28454" lon="6.981959">
        <ele>2805.6</ele>
        <time>2026-08-07T03:40:59Z</time>
      </trkpt>
      <trkpt lat="44.284555" lon="6.981939">
        <ele>2805.6</ele>
        <time>2026-08-07T03:41:05Z</time>
      </trkpt>
      <trkpt lat="44.28456" lon="6.981938">
        <ele>2805.6</ele>
        <time>2026-08-07T03:41:06Z</time>
      </trkpt>
      <trkpt lat="44.284587" lon="6.981871">
        <ele>2805.8</ele>
        <time>2026-08-07T03:41:15Z</time>
      </trkpt>
      <trkpt lat="44.284597" lon="6.981801">
        <ele>2806.4</ele>
        <time>2026-08-07T03:41:22Z</time>
      </trkpt>
      <trkpt lat="44.284652" lon="6.981711">
        <ele>2806.2</ele>
        <time>2026-08-07T03:41:32Z</time>
      </trkpt>
      <trkpt lat="44.284687" lon="6.981625">
        <ele>2805.8</ele>
        <time>2026-08-07T03:41:40Z</time>
      </trkpt>
      <trkpt lat="44.284713" lon="6.981601">
        <ele>2807.0</ele>
        <time>2026-08-07T03:41:45Z</time>
      </trkpt>
      <trkpt lat="44.284733" lon="6.981614">
        <ele>2807.6</ele>
        <time>2026-08-07T03:41:49Z</time>
      </trkpt>
      <trkpt lat="44.284744" lon="6.981576">
        <ele>2808.0</ele>
        <time>2026-08-07T03:41:54Z</time>
      </trkpt>
      <trkpt lat="44.284754" lon="6.981535">
        <ele>2808.2</ele>
        <time>2026-08-07T03:41:58Z</time>
      </trkpt>
      <trkpt lat="44.284789" lon="6.981465">
        <ele>2808.0</ele>
        <time>2026-08-07T03:42:06Z</time>
      </trkpt>
      <trkpt lat="44.284821" lon="6.981418">
        <ele>2808.6</ele>
        <time>2026-08-07T03:42:15Z</time>
      </trkpt>
      <trkpt lat="44.284838" lon="6.981405">
        <ele>2808.6</ele>
        <time>2026-08-07T03:42:17Z</time>
      </trkpt>
      <trkpt lat="44.284908" lon="6.981376">
        <ele>2809.2</ele>
        <time>2026-08-07T03:42:24Z</time>
      </trkpt>
      <trkpt lat="44.284987" lon="6.981311">
        <ele>2809.8</ele>
        <time>2026-08-07T03:42:31Z</time>
      </trkpt>
      <trkpt lat="44.284996" lon="6.98129">
        <ele>2810.2</ele>
        <time>2026-08-07T03:42:33Z</time>
      </trkpt>
      <trkpt lat="44.285003" lon="6.981236">
        <ele>2810.8</ele>
        <time>2026-08-07T03:42:39Z</time>
      </trkpt>
      <trkpt lat="44.285021" lon="6.981186">
        <ele>2811.2</ele>
        <time>2026-08-07T03:42:44Z</time>
      </trkpt>
      <trkpt lat="44.285043" lon="6.981159">
        <ele>2811.6</ele>
        <time>2026-08-07T03:42:48Z</time>
      </trkpt>
      <trkpt lat="44.285075" lon="6.981154">
        <ele>2812.2</ele>
        <time>2026-08-07T03:42:54Z</time>
      </trkpt>
      <trkpt lat="44.285084" lon="6.981152">
        <ele>2812.4</ele>
        <time>2026-08-07T03:42:55Z</time>
      </trkpt>
      <trkpt lat="44.285124" lon="6.981121">
        <ele>2812.2</ele>
        <time>2026-08-07T03:43:00Z</time>
      </trkpt>
      <trkpt lat="44.285165" lon="6.981098">
        <ele>2811.8</ele>
        <time>2026-08-07T03:43:04Z</time>
      </trkpt>
      <trkpt lat="44.285228" lon="6.981055">
        <ele>2812.4</ele>
        <time>2026-08-07T03:43:11Z</time>
      </trkpt>
      <trkpt lat="44.285278" lon="6.980966">
        <ele>2813.0</ele>
        <time>2026-08-07T03:43:19Z</time>
      </trkpt>
      <trkpt lat="44.285271" lon="6.980964">
        <ele>2813.2</ele>
        <time>2026-08-07T03:43:20Z</time>
      </trkpt>
      <trkpt lat="44.285262" lon="6.980913">
        <ele>2814.2</ele>
        <time>2026-08-07T03:43:25Z</time>
      </trkpt>
      <trkpt lat="44.28526" lon="6.980889">
        <ele>2814.6</ele>
        <time>2026-08-07T03:43:27Z</time>
      </trkpt>
      <trkpt lat="44.285295" lon="6.98084">
        <ele>2815.4</ele>
        <time>2026-08-07T03:43:34Z</time>
      </trkpt>
      <trkpt lat="44.285304" lon="6.980837">
        <ele>2815.4</ele>
        <time>2026-08-07T03:43:35Z</time>
      </trkpt>
      <trkpt lat="44.285343" lon="6.980831">
        <ele>2816.2</ele>
        <time>2026-08-07T03:43:41Z</time>
      </trkpt>
      <trkpt lat="44.285348" lon="6.980829">
        <ele>2816.4</ele>
        <time>2026-08-07T03:43:43Z</time>
      </trkpt>
      <trkpt lat="44.285374" lon="6.980809">
        <ele>2816.8</ele>
        <time>2026-08-07T03:43:47Z</time>
      </trkpt>
      <trkpt lat="44.285383" lon="6.980786">
        <ele>2817.4</ele>
        <time>2026-08-07T03:43:51Z</time>
      </trkpt>
      <trkpt lat="44.285392" lon="6.980721">
        <ele>2818.6</ele>
        <time>2026-08-07T03:43:57Z</time>
      </trkpt>
      <trkpt lat="44.285408" lon="6.980704">
        <ele>2819.6</ele>
        <time>2026-08-07T03:44:03Z</time>
      </trkpt>
      <trkpt lat="44.285414" lon="6.980705">
        <ele>2819.8</ele>
        <time>2026-08-07T03:44:04Z</time>
      </trkpt>
      <trkpt lat="44.285432" lon="6.980688">
        <ele>2820.6</ele>
        <time>2026-08-07T03:44:09Z</time>
      </trkpt>
      <trkpt lat="44.285435" lon="6.980686">
        <ele>2820.8</ele>
        <time>2026-08-07T03:44:10Z</time>
      </trkpt>
      <trkpt lat="44.285439" lon="6.98068">
        <ele>2820.8</ele>
        <time>2026-08-07T03:44:11Z</time>
      </trkpt>
      <trkpt lat="44.28547" lon="6.980638">
        <ele>2821.8</ele>
        <time>2026-08-07T03:44:16Z</time>
      </trkpt>
      <trkpt lat="44.285481" lon="6.980617">
        <ele>2822.0</ele>
        <time>2026-08-07T03:44:18Z</time>
      </trkpt>
      <trkpt lat="44.285491" lon="6.980603">
        <ele>2822.8</ele>
        <time>2026-08-07T03:44:23Z</time>
      </trkpt>
      <trkpt lat="44.285506" lon="6.980597">
        <ele>2823.4</ele>
        <time>2026-08-07T03:44:26Z</time>
      </trkpt>
      <trkpt lat="44.28552" lon="6.98059">
        <ele>2824.0</ele>
        <time>2026-08-07T03:44:29Z</time>
      </trkpt>
      <trkpt lat="44.285545" lon="6.98056">
        <ele>2824.8</ele>
        <time>2026-08-07T03:44:35Z</time>
      </trkpt>
      <trkpt lat="44.285553" lon="6.98055">
        <ele>2825.0</ele>
        <time>2026-08-07T03:44:36Z</time>
      </trkpt>
      <trkpt lat="44.285586" lon="6.980511">
        <ele>2826.2</ele>
        <time>2026-08-07T03:44:42Z</time>
      </trkpt>
      <trkpt lat="44.285597" lon="6.980494">
        <ele>2827.0</ele>
        <time>2026-08-07T03:44:48Z</time>
      </trkpt>
      <trkpt lat="44.285598" lon="6.980493">
        <ele>2827.2</ele>
        <time>2026-08-07T03:44:50Z</time>
      </trkpt>
      <trkpt lat="44.285617" lon="6.980448">
        <ele>2827.8</ele>
        <time>2026-08-07T03:44:58Z</time>
      </trkpt>
      <trkpt lat="44.285626" lon="6.980415">
        <ele>2827.6</ele>
        <time>2026-08-07T03:45:02Z</time>
      </trkpt>
      <trkpt lat="44.285634" lon="6.980389">
        <ele>2827.6</ele>
        <time>2026-08-07T03:45:05Z</time>
      </trkpt>
      <trkpt lat="44.28565" lon="6.980347">
        <ele>2828.0</ele>
        <time>2026-08-07T03:45:08Z</time>
      </trkpt>
      <trkpt lat="44.285655" lon="6.980338">
        <ele>2828.2</ele>
        <time>2026-08-07T03:45:09Z</time>
      </trkpt>
      <trkpt lat="44.285679" lon="6.980277">
        <ele>2829.4</ele>
        <time>2026-08-07T03:45:15Z</time>
      </trkpt>
      <trkpt lat="44.28568" lon="6.980252">
        <ele>2830.4</ele>
        <time>2026-08-07T03:45:20Z</time>
      </trkpt>
      <trkpt lat="44.285682" lon="6.98025">
        <ele>2830.4</ele>
        <time>2026-08-07T03:45:21Z</time>
      </trkpt>
      <trkpt lat="44.285685" lon="6.980242">
        <ele>2830.6</ele>
        <time>2026-08-07T03:45:22Z</time>
      </trkpt>
      <trkpt lat="44.285714" lon="6.980197">
        <ele>2831.6</ele>
        <time>2026-08-07T03:45:28Z</time>
      </trkpt>
      <trkpt lat="44.28572" lon="6.980195">
        <ele>2831.8</ele>
        <time>2026-08-07T03:45:30Z</time>
      </trkpt>
      <trkpt lat="44.285736" lon="6.98022">
        <ele>2832.6</ele>
        <time>2026-08-07T03:45:34Z</time>
      </trkpt>
      <trkpt lat="44.285749" lon="6.980211">
        <ele>2832.8</ele>
        <time>2026-08-07T03:45:36Z</time>
      </trkpt>
      <trkpt lat="44.285773" lon="6.980138">
        <ele>2833.6</ele>
        <time>2026-08-07T03:45:43Z</time>
      </trkpt>
      <trkpt lat="44.285774" lon="6.980126">
        <ele>2833.8</ele>
        <time>2026-08-07T03:45:44Z</time>
      </trkpt>
      <trkpt lat="44.285752" lon="6.980048">
        <ele>2834.6</ele>
        <time>2026-08-07T03:45:50Z</time>
      </trkpt>
      <trkpt lat="44.285747" lon="6.980049">
        <ele>2834.8</ele>
        <time>2026-08-07T03:45:51Z</time>
      </trkpt>
      <trkpt lat="44.285767" lon="6.980039">
        <ele>2835.8</ele>
        <time>2026-08-07T03:45:57Z</time>
      </trkpt>
      <trkpt lat="44.285794" lon="6.980029">
        <ele>2836.0</ele>
        <time>2026-08-07T03:45:59Z</time>
      </trkpt>
      <trkpt lat="44.285804" lon="6.980028">
        <ele>2836.8</ele>
        <time>2026-08-07T03:46:03Z</time>
      </trkpt>
      <trkpt lat="44.285814" lon="6.97999">
        <ele>2837.6</ele>
        <time>2026-08-07T03:46:08Z</time>
      </trkpt>
      <trkpt lat="44.285818" lon="6.979981">
        <ele>2837.8</ele>
        <time>2026-08-07T03:46:09Z</time>
      </trkpt>
      <trkpt lat="44.285804" lon="6.979961">
        <ele>2838.8</ele>
        <time>2026-08-07T03:46:15Z</time>
      </trkpt>
      <trkpt lat="44.285805" lon="6.979967">
        <ele>2839.0</ele>
        <time>2026-08-07T03:46:16Z</time>
      </trkpt>
      <trkpt lat="44.285829" lon="6.979913">
        <ele>2839.8</ele>
        <time>2026-08-07T03:46:24Z</time>
      </trkpt>
      <trkpt lat="44.285832" lon="6.979907">
        <ele>2840.0</ele>
        <time>2026-08-07T03:46:25Z</time>
      </trkpt>
      <trkpt lat="44.285848" lon="6.979842">
        <ele>2840.8</ele>
        <time>2026-08-07T03:46:32Z</time>
      </trkpt>
      <trkpt lat="44.285849" lon="6.979832">
        <ele>2841.0</ele>
        <time>2026-08-07T03:46:33Z</time>
      </trkpt>
      <trkpt lat="44.285849" lon="6.979792">
        <ele>2842.0</ele>
        <time>2026-08-07T03:46:39Z</time>
      </trkpt>
      <trkpt lat="44.285849" lon="6.979788">
        <ele>2842.2</ele>
        <time>2026-08-07T03:46:40Z</time>
      </trkpt>
      <trkpt lat="44.285858" lon="6.979757">
        <ele>2843.2</ele>
        <time>2026-08-07T03:46:46Z</time>
      </trkpt>
      <trkpt lat="44.285861" lon="6.979761">
        <ele>2843.2</ele>
        <time>2026-08-07T03:46:47Z</time>
      </trkpt>
      <trkpt lat="44.285871" lon="6.979752">
        <ele>2844.0</ele>
        <time>2026-08-07T03:46:51Z</time>
      </trkpt>
      <trkpt lat="44.285874" lon="6.979758">
        <ele>2844.2</ele>
        <time>2026-08-07T03:46:52Z</time>
      </trkpt>
      <trkpt lat="44.285879" lon="6.979744">
        <ele>2844.6</ele>
        <time>2026-08-07T03:46:54Z</time>
      </trkpt>
      <trkpt lat="44.2859" lon="6.979683">
        <ele>2845.2</ele>
        <time>2026-08-07T03:46:58Z</time>
      </trkpt>
      <trkpt lat="44.285898" lon="6.979667">
        <ele>2845.6</ele>
        <time>2026-08-07T03:47:01Z</time>
      </trkpt>
      <trkpt lat="44.285894" lon="6.979612">
        <ele>2846.2</ele>
        <time>2026-08-07T03:47:06Z</time>
      </trkpt>
      <trkpt lat="44.285893" lon="6.979583">
        <ele>2846.6</ele>
        <time>2026-08-07T03:47:09Z</time>
      </trkpt>
      <trkpt lat="44.285888" lon="6.979545">
        <ele>2847.4</ele>
        <time>2026-08-07T03:47:15Z</time>
      </trkpt>
      <trkpt lat="44.285884" lon="6.979515">
        <ele>2848.0</ele>
        <time>2026-08-07T03:47:18Z</time>
      </trkpt>
      <trkpt lat="44.285881" lon="6.979503">
        <ele>2848.4</ele>
        <time>2026-08-07T03:47:20Z</time>
      </trkpt>
      <trkpt lat="44.285879" lon="6.979463">
        <ele>2849.2</ele>
        <time>2026-08-07T03:47:25Z</time>
      </trkpt>
      <trkpt lat="44.28588" lon="6.979463">
        <ele>2849.4</ele>
        <time>2026-08-07T03:47:26Z</time>
      </trkpt>
      <trkpt lat="44.285877" lon="6.979436">
        <ele>2850.4</ele>
        <time>2026-08-07T03:47:32Z</time>
      </trkpt>
      <trkpt lat="44.285873" lon="6.979424">
        <ele>2850.4</ele>
        <time>2026-08-07T03:47:33Z</time>
      </trkpt>
      <trkpt lat="44.285864" lon="6.97937">
        <ele>2850.2</ele>
        <time>2026-08-07T03:47:39Z</time>
      </trkpt>
      <trkpt lat="44.285873" lon="6.979333">
        <ele>2851.2</ele>
        <time>2026-08-07T03:47:46Z</time>
      </trkpt>
      <trkpt lat="44.28588" lon="6.979323">
        <ele>2851.4</ele>
        <time>2026-08-07T03:47:48Z</time>
      </trkpt>
      <trkpt lat="44.285885" lon="6.979318">
        <ele>2852.6</ele>
        <time>2026-08-07T03:47:53Z</time>
      </trkpt>
      <trkpt lat="44.285889" lon="6.979309">
        <ele>2853.0</ele>
        <time>2026-08-07T03:47:55Z</time>
      </trkpt>
      <trkpt lat="44.285891" lon="6.979297">
        <ele>2853.6</ele>
        <time>2026-08-07T03:47:59Z</time>
      </trkpt>
      <trkpt lat="44.285887" lon="6.97928">
        <ele>2854.0</ele>
        <time>2026-08-07T03:48:03Z</time>
      </trkpt>
      <trkpt lat="44.285892" lon="6.979237">
        <ele>2854.6</ele>
        <time>2026-08-07T03:48:07Z</time>
      </trkpt>
      <trkpt lat="44.285913" lon="6.979167">
        <ele>2855.4</ele>
        <time>2026-08-07T03:48:12Z</time>
      </trkpt>
      <trkpt lat="44.28591" lon="6.979168">
        <ele>2855.8</ele>
        <time>2026-08-07T03:48:14Z</time>
      </trkpt>
      <trkpt lat="44.285903" lon="6.979206">
        <ele>2856.2</ele>
        <time>2026-08-07T03:48:18Z</time>
      </trkpt>
      <trkpt lat="44.285919" lon="6.979184">
        <ele>2856.6</ele>
        <time>2026-08-07T03:48:21Z</time>
      </trkpt>
      <trkpt lat="44.285929" lon="6.979174">
        <ele>2856.8</ele>
        <time>2026-08-07T03:48:23Z</time>
      </trkpt>
      <trkpt lat="44.285939" lon="6.979166">
        <ele>2857.2</ele>
        <time>2026-08-07T03:48:26Z</time>
      </trkpt>
      <trkpt lat="44.285947" lon="6.979149">
        <ele>2858.0</ele>
        <time>2026-08-07T03:48:31Z</time>
      </trkpt>
      <trkpt lat="44.285955" lon="6.979128">
        <ele>2858.4</ele>
        <time>2026-08-07T03:48:34Z</time>
      </trkpt>
      <trkpt lat="44.285961" lon="6.979111">
        <ele>2858.8</ele>
        <time>2026-08-07T03:48:37Z</time>
      </trkpt>
      <trkpt lat="44.285968" lon="6.979089">
        <ele>2859.0</ele>
        <time>2026-08-07T03:48:40Z</time>
      </trkpt>
      <trkpt lat="44.285971" lon="6.979066">
        <ele>2859.2</ele>
        <time>2026-08-07T03:48:42Z</time>
      </trkpt>
      <trkpt lat="44.285965" lon="6.979028">
        <ele>2860.2</ele>
        <time>2026-08-07T03:48:48Z</time>
      </trkpt>
      <trkpt lat="44.285966" lon="6.979028">
        <ele>2860.2</ele>
        <time>2026-08-07T03:48:49Z</time>
      </trkpt>
      <trkpt lat="44.28597" lon="6.979041">
        <ele>2861.2</ele>
        <time>2026-08-07T03:48:56Z</time>
      </trkpt>
      <trkpt lat="44.28597" lon="6.97904">
        <ele>2861.4</ele>
        <time>2026-08-07T03:48:58Z</time>
      </trkpt>
      <trkpt lat="44.28597" lon="6.979011">
        <ele>2862.2</ele>
        <time>2026-08-07T03:49:03Z</time>
      </trkpt>
      <trkpt lat="44.285976" lon="6.978982">
        <ele>2862.6</ele>
        <time>2026-08-07T03:49:06Z</time>
      </trkpt>
      <trkpt lat="44.285998" lon="6.978945">
        <ele>2863.2</ele>
        <time>2026-08-07T03:49:11Z</time>
      </trkpt>
      <trkpt lat="44.286012" lon="6.978931">
        <ele>2863.6</ele>
        <time>2026-08-07T03:49:15Z</time>
      </trkpt>
      <trkpt lat="44.286019" lon="6.978928">
        <ele>2864.2</ele>
        <time>2026-08-07T03:49:21Z</time>
      </trkpt>
      <trkpt lat="44.28602" lon="6.978922">
        <ele>2864.4</ele>
        <time>2026-08-07T03:49:22Z</time>
      </trkpt>
      <trkpt lat="44.28602" lon="6.978872">
        <ele>2864.8</ele>
        <time>2026-08-07T03:49:27Z</time>
      </trkpt>
      <trkpt lat="44.286025" lon="6.978855">
        <ele>2865.2</ele>
        <time>2026-08-07T03:49:30Z</time>
      </trkpt>
      <trkpt lat="44.286026" lon="6.978848">
        <ele>2865.4</ele>
        <time>2026-08-07T03:49:31Z</time>
      </trkpt>
      <trkpt lat="44.28604" lon="6.978779">
        <ele>2865.8</ele>
        <time>2026-08-07T03:49:41Z</time>
      </trkpt>
      <trkpt lat="44.286044" lon="6.978739">
        <ele>2865.6</ele>
        <time>2026-08-07T03:49:48Z</time>
      </trkpt>
      <trkpt lat="44.286025" lon="6.978651">
        <ele>2865.8</ele>
        <time>2026-08-07T03:49:57Z</time>
      </trkpt>
      <trkpt lat="44.286024" lon="6.978628">
        <ele>2866.4</ele>
        <time>2026-08-07T03:50:01Z</time>
      </trkpt>
      <trkpt lat="44.286027" lon="6.978624">
        <ele>2866.6</ele>
        <time>2026-08-07T03:50:05Z</time>
      </trkpt>
      <trkpt lat="44.286007" lon="6.978602">
        <ele>2866.6</ele>
        <time>2026-08-07T03:50:10Z</time>
      </trkpt>
      <trkpt lat="44.286001" lon="6.978586">
        <ele>2866.6</ele>
        <time>2026-08-07T03:50:12Z</time>
      </trkpt>
      <trkpt lat="44.286013" lon="6.978518">
        <ele>2867.4</ele>
        <time>2026-08-07T03:50:20Z</time>
      </trkpt>
      <trkpt lat="44.286019" lon="6.978479">
        <ele>2867.6</ele>
        <time>2026-08-07T03:50:22Z</time>
      </trkpt>
      <trkpt lat="44.28602" lon="6.97834">
        <ele>2868.0</ele>
        <time>2026-08-07T03:50:31Z</time>
      </trkpt>
      <trkpt lat="44.285991" lon="6.978284">
        <ele>2867.8</ele>
        <time>2026-08-07T03:50:39Z</time>
      </trkpt>
      <trkpt lat="44.285951" lon="6.978183">
        <ele>2868.2</ele>
        <time>2026-08-07T03:50:48Z</time>
      </trkpt>
      <trkpt lat="44.285938" lon="6.978156">
        <ele>2868.4</ele>
        <time>2026-08-07T03:50:51Z</time>
      </trkpt>
      <trkpt lat="44.285909" lon="6.978081">
        <ele>2869.0</ele>
        <time>2026-08-07T03:50:58Z</time>
      </trkpt>
      <trkpt lat="44.285897" lon="6.978008">
        <ele>2869.6</ele>
        <time>2026-08-07T03:51:05Z</time>
      </trkpt>
      <trkpt lat="44.285897" lon="6.978002">
        <ele>2869.6</ele>
        <time>2026-08-07T03:51:06Z</time>
      </trkpt>
      <trkpt lat="44.285864" lon="6.977939">
        <ele>2870.0</ele>
        <time>2026-08-07T03:51:14Z</time>
      </trkpt>
      <trkpt lat="44.285853" lon="6.977909">
        <ele>2870.6</ele>
        <time>2026-08-07T03:51:19Z</time>
      </trkpt>
      <trkpt lat="44.285845" lon="6.977881">
        <ele>2871.0</ele>
        <time>2026-08-07T03:51:22Z</time>
      </trkpt>
      <trkpt lat="44.285826" lon="6.977826">
        <ele>2871.6</ele>
        <time>2026-08-07T03:51:27Z</time>
      </trkpt>
      <trkpt lat="44.28581" lon="6.977787">
        <ele>2872.2</ele>
        <time>2026-08-07T03:51:31Z</time>
      </trkpt>
      <trkpt lat="44.285811" lon="6.977753">
        <ele>2872.8</ele>
        <time>2026-08-07T03:51:36Z</time>
      </trkpt>
      <trkpt lat="44.285815" lon="6.977732">
        <ele>2873.4</ele>
        <time>2026-08-07T03:51:39Z</time>
      </trkpt>
      <trkpt lat="44.285817" lon="6.977719">
        <ele>2874.0</ele>
        <time>2026-08-07T03:51:42Z</time>
      </trkpt>
      <trkpt lat="44.285789" lon="6.977661">
        <ele>2874.8</ele>
        <time>2026-08-07T03:51:48Z</time>
      </trkpt>
      <trkpt lat="44.285784" lon="6.977647">
        <ele>2875.0</ele>
        <time>2026-08-07T03:51:49Z</time>
      </trkpt>
      <trkpt lat="44.285761" lon="6.977599">
        <ele>2875.8</ele>
        <time>2026-08-07T03:51:56Z</time>
      </trkpt>
      <trkpt lat="44.28575" lon="6.977589">
        <ele>2876.0</ele>
        <time>2026-08-07T03:51:58Z</time>
      </trkpt>
      <trkpt lat="44.285721" lon="6.977538">
        <ele>2877.0</ele>
        <time>2026-08-07T03:52:06Z</time>
      </trkpt>
      <trkpt lat="44.285735" lon="6.97748">
        <ele>2877.4</ele>
        <time>2026-08-07T03:52:13Z</time>
      </trkpt>
      <trkpt lat="44.285723" lon="6.977514">
        <ele>2877.4</ele>
        <time>2026-08-07T03:52:21Z</time>
      </trkpt>
      <trkpt lat="44.285746" lon="6.977531">
        <ele>2877.2</ele>
        <time>2026-08-07T03:52:34Z</time>
      </trkpt>
      <trkpt lat="44.285723" lon="6.977487">
        <ele>2876.8</ele>
        <time>2026-08-07T03:52:44Z</time>
      </trkpt>
      <trkpt lat="44.285702" lon="6.977517">
        <ele>2876.8</ele>
        <time>2026-08-07T03:52:50Z</time>
      </trkpt>
      <trkpt lat="44.285693" lon="6.977517">
        <ele>2876.8</ele>
        <time>2026-08-07T03:52:51Z</time>
      </trkpt>
      <trkpt lat="44.285664" lon="6.977522">
        <ele>2876.8</ele>
        <time>2026-08-07T03:52:59Z</time>
      </trkpt>
      <trkpt lat="44.285643" lon="6.977523">
        <ele>2876.0</ele>
        <time>2026-08-07T03:53:06Z</time>
      </trkpt>
      <trkpt lat="44.285649" lon="6.977513">
        <ele>2876.2</ele>
        <time>2026-08-07T03:53:08Z</time>
      </trkpt>
      <trkpt lat="44.285631" lon="6.977454">
        <ele>2876.6</ele>
        <time>2026-08-07T03:53:15Z</time>
      </trkpt>
      <trkpt lat="44.285634" lon="6.97739">
        <ele>2876.6</ele>
        <time>2026-08-07T03:53:23Z</time>
      </trkpt>
      <trkpt lat="44.285635" lon="6.977362">
        <ele>2877.8</ele>
        <time>2026-08-07T03:53:31Z</time>
      </trkpt>
      <trkpt lat="44.285636" lon="6.977346">
        <ele>2878.2</ele>
        <time>2026-08-07T03:53:34Z</time>
      </trkpt>
      <trkpt lat="44.28563" lon="6.977327">
        <ele>2878.8</ele>
        <time>2026-08-07T03:53:38Z</time>
      </trkpt>
      <trkpt lat="44.285614" lon="6.977299">
        <ele>2879.2</ele>
        <time>2026-08-07T03:53:41Z</time>
      </trkpt>
      <trkpt lat="44.285597" lon="6.977282">
        <ele>2879.8</ele>
        <time>2026-08-07T03:53:48Z</time>
      </trkpt>
      <trkpt lat="44.285595" lon="6.977272">
        <ele>2880.2</ele>
        <time>2026-08-07T03:53:53Z</time>
      </trkpt>
      <trkpt lat="44.285583" lon="6.977244">
        <ele>2880.2</ele>
        <time>2026-08-07T03:53:57Z</time>
      </trkpt>
      <trkpt lat="44.285565" lon="6.977184">
        <ele>2881.0</ele>
        <time>2026-08-07T03:54:02Z</time>
      </trkpt>
      <trkpt lat="44.285566" lon="6.977185">
        <ele>2881.4</ele>
        <time>2026-08-07T03:54:04Z</time>
      </trkpt>
      <trkpt lat="44.285567" lon="6.977182">
        <ele>2881.6</ele>
        <time>2026-08-07T03:54:05Z</time>
      </trkpt>
      <trkpt lat="44.285569" lon="6.977176">
        <ele>2882.4</ele>
        <time>2026-08-07T03:54:11Z</time>
      </trkpt>
      <trkpt lat="44.285562" lon="6.977161">
        <ele>2882.8</ele>
        <time>2026-08-07T03:54:14Z</time>
      </trkpt>
      <trkpt lat="44.285571" lon="6.977133">
        <ele>2883.4</ele>
        <time>2026-08-07T03:54:22Z</time>
      </trkpt>
      <trkpt lat="44.285573" lon="6.97713">
        <ele>2883.8</ele>
        <time>2026-08-07T03:54:24Z</time>
      </trkpt>
      <trkpt lat="44.285558" lon="6.977094">
        <ele>2884.2</ele>
        <time>2026-08-07T03:54:31Z</time>
      </trkpt>
      <trkpt lat="44.285557" lon="6.977087">
        <ele>2884.4</ele>
        <time>2026-08-07T03:54:34Z</time>
      </trkpt>
      <trkpt lat="44.285552" lon="6.977054">
        <ele>2885.2</ele>
        <time>2026-08-07T03:54:38Z</time>
      </trkpt>
      <trkpt lat="44.285546" lon="6.977045">
        <ele>2885.6</ele>
        <time>2026-08-07T03:54:40Z</time>
      </trkpt>
      <trkpt lat="44.285531" lon="6.977018">
        <ele>2886.4</ele>
        <time>2026-08-07T03:54:48Z</time>
      </trkpt>
      <trkpt lat="44.28553" lon="6.977025">
        <ele>2886.6</ele>
        <time>2026-08-07T03:54:49Z</time>
      </trkpt>
      <trkpt lat="44.285509" lon="6.977005">
        <ele>2887.0</ele>
        <time>2026-08-07T03:54:57Z</time>
      </trkpt>
      <trkpt lat="44.285496" lon="6.976961">
        <ele>2887.6</ele>
        <time>2026-08-07T03:55:02Z</time>
      </trkpt>
      <trkpt lat="44.28549" lon="6.976924">
        <ele>2888.0</ele>
        <time>2026-08-07T03:55:06Z</time>
      </trkpt>
      <trkpt lat="44.285483" lon="6.976914">
        <ele>2888.0</ele>
        <time>2026-08-07T03:55:09Z</time>
      </trkpt>
      <trkpt lat="44.285484" lon="6.976893">
        <ele>2888.0</ele>
        <time>2026-08-07T03:55:11Z</time>
      </trkpt>
      <trkpt lat="44.285477" lon="6.976864">
        <ele>2888.4</ele>
        <time>2026-08-07T03:55:17Z</time>
      </trkpt>
      <trkpt lat="44.285476" lon="6.976859">
        <ele>2888.4</ele>
        <time>2026-08-07T03:55:18Z</time>
      </trkpt>
      <trkpt lat="44.285468" lon="6.976832">
        <ele>2888.8</ele>
        <time>2026-08-07T03:55:22Z</time>
      </trkpt>
      <trkpt lat="44.285453" lon="6.976823">
        <ele>2889.0</ele>
        <time>2026-08-07T03:55:28Z</time>
      </trkpt>
      <trkpt lat="44.285434" lon="6.976793">
        <ele>2888.8</ele>
        <time>2026-08-07T03:55:36Z</time>
      </trkpt>
      <trkpt lat="44.285419" lon="6.976779">
        <ele>2889.2</ele>
        <time>2026-08-07T03:55:42Z</time>
      </trkpt>
      <trkpt lat="44.285407" lon="6.97673">
        <ele>2889.8</ele>
        <time>2026-08-07T03:55:49Z</time>
      </trkpt>
      <trkpt lat="44.285409" lon="6.976721">
        <ele>2890.0</ele>
        <time>2026-08-07T03:55:50Z</time>
      </trkpt>
      <trkpt lat="44.285393" lon="6.976688">
        <ele>2890.0</ele>
        <time>2026-08-07T03:55:57Z</time>
      </trkpt>
      <trkpt lat="44.285374" lon="6.976634">
        <ele>2891.0</ele>
        <time>2026-08-07T03:56:05Z</time>
      </trkpt>
      <trkpt lat="44.285339" lon="6.976635">
        <ele>2891.4</ele>
        <time>2026-08-07T03:56:12Z</time>
      </trkpt>
      <trkpt lat="44.28538" lon="6.976611">
        <ele>2891.6</ele>
        <time>2026-08-07T03:56:20Z</time>
      </trkpt>
      <trkpt lat="44.285393" lon="6.976614">
        <ele>2891.4</ele>
        <time>2026-08-07T03:56:28Z</time>
      </trkpt>
      <trkpt lat="44.285378" lon="6.976589">
        <ele>2891.8</ele>
        <time>2026-08-07T03:56:34Z</time>
      </trkpt>
      <trkpt lat="44.285374" lon="6.976582">
        <ele>2892.0</ele>
        <time>2026-08-07T03:56:35Z</time>
      </trkpt>
      <trkpt lat="44.285329" lon="6.976516">
        <ele>2893.0</ele>
        <time>2026-08-07T03:56:44Z</time>
      </trkpt>
      <trkpt lat="44.285322" lon="6.976511">
        <ele>2893.2</ele>
        <time>2026-08-07T03:56:45Z</time>
      </trkpt>
      <trkpt lat="44.285307" lon="6.9765">
        <ele>2893.8</ele>
        <time>2026-08-07T03:56:53Z</time>
      </trkpt>
      <trkpt lat="44.285305" lon="6.976489">
        <ele>2894.2</ele>
        <time>2026-08-07T03:56:56Z</time>
      </trkpt>
      <trkpt lat="44.285297" lon="6.976477">
        <ele>2895.0</ele>
        <time>2026-08-07T03:57:02Z</time>
      </trkpt>
      <trkpt lat="44.285297" lon="6.976469">
        <ele>2895.4</ele>
        <time>2026-08-07T03:57:04Z</time>
      </trkpt>
      <trkpt lat="44.285307" lon="6.976426">
        <ele>2896.4</ele>
        <time>2026-08-07T03:57:11Z</time>
      </trkpt>
      <trkpt lat="44.285292" lon="6.976391">
        <ele>2897.4</ele>
        <time>2026-08-07T03:57:19Z</time>
      </trkpt>
      <trkpt lat="44.285265" lon="6.976341">
        <ele>2898.4</ele>
        <time>2026-08-07T03:57:28Z</time>
      </trkpt>
      <trkpt lat="44.28523" lon="6.976357">
        <ele>2899.4</ele>
        <time>2026-08-07T03:57:35Z</time>
      </trkpt>
      <trkpt lat="44.285227" lon="6.976347">
        <ele>2899.6</ele>
        <time>2026-08-07T03:57:37Z</time>
      </trkpt>
      <trkpt lat="44.285243" lon="6.976258">
        <ele>2900.6</ele>
        <time>2026-08-07T03:57:45Z</time>
      </trkpt>
      <trkpt lat="44.285211" lon="6.976221">
        <ele>2901.6</ele>
        <time>2026-08-07T03:57:52Z</time>
      </trkpt>
      <trkpt lat="44.285208" lon="6.976213">
        <ele>2901.8</ele>
        <time>2026-08-07T03:57:53Z</time>
      </trkpt>
      <trkpt lat="44.285193" lon="6.976193">
        <ele>2902.6</ele>
        <time>2026-08-07T03:57:58Z</time>
      </trkpt>
      <trkpt lat="44.285198" lon="6.976173">
        <ele>2903.4</ele>
        <time>2026-08-07T03:58:01Z</time>
      </trkpt>
      <trkpt lat="44.285201" lon="6.976158">
        <ele>2903.8</ele>
        <time>2026-08-07T03:58:03Z</time>
      </trkpt>
      <trkpt lat="44.285186" lon="6.976099">
        <ele>2904.8</ele>
        <time>2026-08-07T03:58:09Z</time>
      </trkpt>
      <trkpt lat="44.285178" lon="6.976099">
        <ele>2905.0</ele>
        <time>2026-08-07T03:58:10Z</time>
      </trkpt>
      <trkpt lat="44.285164" lon="6.976076">
        <ele>2905.8</ele>
        <time>2026-08-07T03:58:18Z</time>
      </trkpt>
      <trkpt lat="44.285164" lon="6.976072">
        <ele>2906.0</ele>
        <time>2026-08-07T03:58:19Z</time>
      </trkpt>
      <trkpt lat="44.285143" lon="6.976032">
        <ele>2906.6</ele>
        <time>2026-08-07T03:58:25Z</time>
      </trkpt>
      <trkpt lat="44.285135" lon="6.976029">
        <ele>2907.0</ele>
        <time>2026-08-07T03:58:27Z</time>
      </trkpt>
      <trkpt lat="44.285101" lon="6.976004">
        <ele>2908.0</ele>
        <time>2026-08-07T03:58:34Z</time>
      </trkpt>
      <trkpt lat="44.285108" lon="6.97599">
        <ele>2909.0</ele>
        <time>2026-08-07T03:58:40Z</time>
      </trkpt>
      <trkpt lat="44.285108" lon="6.975994">
        <ele>2909.2</ele>
        <time>2026-08-07T03:58:44Z</time>
      </trkpt>
      <trkpt lat="44.285103" lon="6.975994">
        <ele>2909.2</ele>
        <time>2026-08-07T03:58:46Z</time>
      </trkpt>
      <trkpt lat="44.285063" lon="6.975981">
        <ele>2909.8</ele>
        <time>2026-08-07T03:58:52Z</time>
      </trkpt>
      <trkpt lat="44.285059" lon="6.975969">
        <ele>2910.2</ele>
        <time>2026-08-07T03:58:55Z</time>
      </trkpt>
      <trkpt lat="44.285062" lon="6.975949">
        <ele>2910.8</ele>
        <time>2026-08-07T03:58:59Z</time>
      </trkpt>
      <trkpt lat="44.285054" lon="6.975929">
        <ele>2911.2</ele>
        <time>2026-08-07T03:59:02Z</time>
      </trkpt>
      <trkpt lat="44.285051" lon="6.975875">
        <ele>2912.0</ele>
        <time>2026-08-07T03:59:07Z</time>
      </trkpt>
      <trkpt lat="44.285048" lon="6.975864">
        <ele>2912.4</ele>
        <time>2026-08-07T03:59:09Z</time>
      </trkpt>
      <trkpt lat="44.285046" lon="6.975849">
        <ele>2912.6</ele>
        <time>2026-08-07T03:59:11Z</time>
      </trkpt>
      <trkpt lat="44.285046" lon="6.975856">
        <ele>2912.8</ele>
        <time>2026-08-07T03:59:12Z</time>
      </trkpt>
      <trkpt lat="44.285045" lon="6.975864">
        <ele>2912.8</ele>
        <time>2026-08-07T03:59:13Z</time>
      </trkpt>
      <trkpt lat="44.285045" lon="6.97588">
        <ele>2912.8</ele>
        <time>2026-08-07T03:59:15Z</time>
      </trkpt>
      <trkpt lat="44.285021" lon="6.975901">
        <ele>2913.4</ele>
        <time>2026-08-07T03:59:20Z</time>
      </trkpt>
      <trkpt lat="44.284988" lon="6.975895">
        <ele>2913.8</ele>
        <time>2026-08-07T03:59:24Z</time>
      </trkpt>
      <trkpt lat="44.284942" lon="6.97582">
        <ele>2914.4</ele>
        <time>2026-08-07T03:59:31Z</time>
      </trkpt>
      <trkpt lat="44.284941" lon="6.975813">
        <ele>2914.6</ele>
        <time>2026-08-07T03:59:32Z</time>
      </trkpt>
      <trkpt lat="44.284943" lon="6.975816">
        <ele>2915.4</ele>
        <time>2026-08-07T03:59:39Z</time>
      </trkpt>
      <trkpt lat="44.284934" lon="6.975745">
        <ele>2915.6</ele>
        <time>2026-08-07T03:59:48Z</time>
      </trkpt>
      <trkpt lat="44.284952" lon="6.975771">
        <ele>2916.4</ele>
        <time>2026-08-07T03:59:55Z</time>
      </trkpt>
      <trkpt lat="44.284957" lon="6.975781">
        <ele>2916.6</ele>
        <time>2026-08-07T03:59:58Z</time>
      </trkpt>
      <trkpt lat="44.284951" lon="6.975758">
        <ele>2917.4</ele>
        <time>2026-08-07T04:00:02Z</time>
      </trkpt>
      <trkpt lat="44.284946" lon="6.975738">
        <ele>2917.8</ele>
        <time>2026-08-07T04:00:04Z</time>
      </trkpt>
      <trkpt lat="44.28493" lon="6.975731">
        <ele>2918.8</ele>
        <time>2026-08-07T04:00:10Z</time>
      </trkpt>
      <trkpt lat="44.284872" lon="6.975731">
        <ele>2919.6</ele>
        <time>2026-08-07T04:00:17Z</time>
      </trkpt>
      <trkpt lat="44.284854" lon="6.975717">
        <ele>2920.0</ele>
        <time>2026-08-07T04:00:20Z</time>
      </trkpt>
      <trkpt lat="44.284847" lon="6.975686">
        <ele>2920.6</ele>
        <time>2026-08-07T04:00:23Z</time>
      </trkpt>
      <trkpt lat="44.284866" lon="6.975667">
        <ele>2921.2</ele>
        <time>2026-08-07T04:00:26Z</time>
      </trkpt>
      <trkpt lat="44.284884" lon="6.975656">
        <ele>2921.6</ele>
        <time>2026-08-07T04:00:30Z</time>
      </trkpt>
      <trkpt lat="44.284893" lon="6.975663">
        <ele>2922.2</ele>
        <time>2026-08-07T04:00:34Z</time>
      </trkpt>
      <trkpt lat="44.284885" lon="6.975676">
        <ele>2922.6</ele>
        <time>2026-08-07T04:00:38Z</time>
      </trkpt>
      <trkpt lat="44.284877" lon="6.975659">
        <ele>2923.2</ele>
        <time>2026-08-07T04:00:43Z</time>
      </trkpt>
      <trkpt lat="44.284867" lon="6.975641">
        <ele>2923.4</ele>
        <time>2026-08-07T04:00:45Z</time>
      </trkpt>
      <trkpt lat="44.284858" lon="6.975612">
        <ele>2924.2</ele>
        <time>2026-08-07T04:00:51Z</time>
      </trkpt>
      <trkpt lat="44.284862" lon="6.975606">
        <ele>2924.6</ele>
        <time>2026-08-07T04:00:54Z</time>
      </trkpt>
      <trkpt lat="44.284861" lon="6.975595">
        <ele>2925.4</ele>
        <time>2026-08-07T04:00:58Z</time>
      </trkpt>
      <trkpt lat="44.284838" lon="6.975552">
        <ele>2926.2</ele>
        <time>2026-08-07T04:01:03Z</time>
      </trkpt>
      <trkpt lat="44.284837" lon="6.975546">
        <ele>2926.4</ele>
        <time>2026-08-07T04:01:04Z</time>
      </trkpt>
      <trkpt lat="44.284852" lon="6.97555">
        <ele>2927.2</ele>
        <time>2026-08-07T04:01:11Z</time>
      </trkpt>
      <trkpt lat="44.284849" lon="6.975542">
        <ele>2927.6</ele>
        <time>2026-08-07T04:01:13Z</time>
      </trkpt>
      <trkpt lat="44.284819" lon="6.97552">
        <ele>2928.4</ele>
        <time>2026-08-07T04:01:20Z</time>
      </trkpt>
      <trkpt lat="44.284817" lon="6.975521">
        <ele>2928.6</ele>
        <time>2026-08-07T04:01:22Z</time>
      </trkpt>
      <trkpt lat="44.284795" lon="6.975516">
        <ele>2929.6</ele>
        <time>2026-08-07T04:01:29Z</time>
      </trkpt>
      <trkpt lat="44.284792" lon="6.975512">
        <ele>2929.8</ele>
        <time>2026-08-07T04:01:30Z</time>
      </trkpt>
      <trkpt lat="44.284766" lon="6.975478">
        <ele>2930.6</ele>
        <time>2026-08-07T04:01:38Z</time>
      </trkpt>
      <trkpt lat="44.284766" lon="6.975457">
        <ele>2931.4</ele>
        <time>2026-08-07T04:01:44Z</time>
      </trkpt>
      <trkpt lat="44.284762" lon="6.97545">
        <ele>2931.8</ele>
        <time>2026-08-07T04:01:46Z</time>
      </trkpt>
      <trkpt lat="44.284761" lon="6.975404">
        <ele>2932.6</ele>
        <time>2026-08-07T04:01:53Z</time>
      </trkpt>
      <trkpt lat="44.284757" lon="6.975393">
        <ele>2932.8</ele>
        <time>2026-08-07T04:01:54Z</time>
      </trkpt>
      <trkpt lat="44.284766" lon="6.975405">
        <ele>2933.6</ele>
        <time>2026-08-07T04:02:00Z</time>
      </trkpt>
      <trkpt lat="44.284766" lon="6.975406">
        <ele>2933.8</ele>
        <time>2026-08-07T04:02:01Z</time>
      </trkpt>
      <trkpt lat="44.284757" lon="6.975396">
        <ele>2934.8</ele>
        <time>2026-08-07T04:02:07Z</time>
      </trkpt>
      <trkpt lat="44.284754" lon="6.975395">
        <ele>2935.0</ele>
        <time>2026-08-07T04:02:08Z</time>
      </trkpt>
      <trkpt lat="44.284747" lon="6.975386">
        <ele>2935.4</ele>
        <time>2026-08-07T04:02:11Z</time>
      </trkpt>
      <trkpt lat="44.284739" lon="6.975392">
        <ele>2936.0</ele>
        <time>2026-08-07T04:02:14Z</time>
      </trkpt>
      <trkpt lat="44.28474" lon="6.975394">
        <ele>2936.2</ele>
        <time>2026-08-07T04:02:15Z</time>
      </trkpt>
      <trkpt lat="44.284711" lon="6.97539">
        <ele>2936.8</ele>
        <time>2026-08-07T04:02:23Z</time>
      </trkpt>
      <trkpt lat="44.284704" lon="6.975389">
        <ele>2937.0</ele>
        <time>2026-08-07T04:02:24Z</time>
      </trkpt>
      <trkpt lat="44.284681" lon="6.975378">
        <ele>2937.8</ele>
        <time>2026-08-07T04:02:29Z</time>
      </trkpt>
      <trkpt lat="44.284672" lon="6.975372">
        <ele>2938.0</ele>
        <time>2026-08-07T04:02:31Z</time>
      </trkpt>
      <trkpt lat="44.284661" lon="6.975369">
        <ele>2938.4</ele>
        <time>2026-08-07T04:02:35Z</time>
      </trkpt>
      <trkpt lat="44.284653" lon="6.975346">
        <ele>2939.0</ele>
        <time>2026-08-07T04:02:43Z</time>
      </trkpt>
      <trkpt lat="44.284649" lon="6.975344">
        <ele>2939.2</ele>
        <time>2026-08-07T04:02:44Z</time>
      </trkpt>
      <trkpt lat="44.284613" lon="6.975317">
        <ele>2940.0</ele>
        <time>2026-08-07T04:02:50Z</time>
      </trkpt>
      <trkpt lat="44.284617" lon="6.975317">
        <ele>2940.4</ele>
        <time>2026-08-07T04:02:52Z</time>
      </trkpt>
      <trkpt lat="44.284613" lon="6.975294">
        <ele>2940.6</ele>
        <time>2026-08-07T04:02:55Z</time>
      </trkpt>
      <trkpt lat="44.284629" lon="6.975268">
        <ele>2941.4</ele>
        <time>2026-08-07T04:03:03Z</time>
      </trkpt>
      <trkpt lat="44.284582" lon="6.975276">
        <ele>2942.0</ele>
        <time>2026-08-07T04:03:10Z</time>
      </trkpt>
      <trkpt lat="44.284576" lon="6.97527">
        <ele>2942.4</ele>
        <time>2026-08-07T04:03:13Z</time>
      </trkpt>
      <trkpt lat="44.284566" lon="6.97526">
        <ele>2943.2</ele>
        <time>2026-08-07T04:03:17Z</time>
      </trkpt>
      <trkpt lat="44.284561" lon="6.975259">
        <ele>2943.6</ele>
        <time>2026-08-07T04:03:20Z</time>
      </trkpt>
      <trkpt lat="44.284552" lon="6.975266">
        <ele>2944.0</ele>
        <time>2026-08-07T04:03:25Z</time>
      </trkpt>
      <trkpt lat="44.284514" lon="6.975255">
        <ele>2944.6</ele>
        <time>2026-08-07T04:03:33Z</time>
      </trkpt>
      <trkpt lat="44.28451" lon="6.975251">
        <ele>2944.8</ele>
        <time>2026-08-07T04:03:34Z</time>
      </trkpt>
      <trkpt lat="44.28449" lon="6.975229">
        <ele>2945.8</ele>
        <time>2026-08-07T04:03:41Z</time>
      </trkpt>
      <trkpt lat="44.284494" lon="6.975227">
        <ele>2946.0</ele>
        <time>2026-08-07T04:03:42Z</time>
      </trkpt>
      <trkpt lat="44.284496" lon="6.975206">
        <ele>2947.0</ele>
        <time>2026-08-07T04:03:47Z</time>
      </trkpt>
      <trkpt lat="44.284487" lon="6.975193">
        <ele>2947.2</ele>
        <time>2026-08-07T04:03:50Z</time>
      </trkpt>
      <trkpt lat="44.284471" lon="6.975151">
        <ele>2947.8</ele>
        <time>2026-08-07T04:03:56Z</time>
      </trkpt>
      <trkpt lat="44.284466" lon="6.975144">
        <ele>2948.0</ele>
        <time>2026-08-07T04:03:58Z</time>
      </trkpt>
      <trkpt lat="44.284445" lon="6.975139">
        <ele>2948.4</ele>
        <time>2026-08-07T04:04:03Z</time>
      </trkpt>
      <trkpt lat="44.284436" lon="6.975147">
        <ele>2949.0</ele>
        <time>2026-08-07T04:04:07Z</time>
      </trkpt>
      <trkpt lat="44.284442" lon="6.975149">
        <ele>2949.6</ele>
        <time>2026-08-07T04:04:10Z</time>
      </trkpt>
      <trkpt lat="44.284438" lon="6.97515">
        <ele>2950.0</ele>
        <time>2026-08-07T04:04:14Z</time>
      </trkpt>
      <trkpt lat="44.284422" lon="6.975146">
        <ele>2950.6</ele>
        <time>2026-08-07T04:04:17Z</time>
      </trkpt>
      <trkpt lat="44.284389" lon="6.975141">
        <ele>2951.2</ele>
        <time>2026-08-07T04:04:21Z</time>
      </trkpt>
      <trkpt lat="44.284385" lon="6.975143">
        <ele>2951.2</ele>
        <time>2026-08-07T04:04:24Z</time>
      </trkpt>
      <trkpt lat="44.284356" lon="6.975116">
        <ele>2951.8</ele>
        <time>2026-08-07T04:04:31Z</time>
      </trkpt>
      <trkpt lat="44.284335" lon="6.975102">
        <ele>2952.2</ele>
        <time>2026-08-07T04:04:35Z</time>
      </trkpt>
      <trkpt lat="44.284326" lon="6.975106">
        <ele>2952.6</ele>
        <time>2026-08-07T04:04:40Z</time>
      </trkpt>
      <trkpt lat="44.284303" lon="6.975102">
        <ele>2953.2</ele>
        <time>2026-08-07T04:04:44Z</time>
      </trkpt>
      <trkpt lat="44.284283" lon="6.975101">
        <ele>2953.8</ele>
        <time>2026-08-07T04:04:49Z</time>
      </trkpt>
      <trkpt lat="44.284274" lon="6.975089">
        <ele>2954.2</ele>
        <time>2026-08-07T04:04:52Z</time>
      </trkpt>
      <trkpt lat="44.284274" lon="6.975085">
        <ele>2954.8</ele>
        <time>2026-08-07T04:04:56Z</time>
      </trkpt>
      <trkpt lat="44.284278" lon="6.975085">
        <ele>2954.8</ele>
        <time>2026-08-07T04:04:57Z</time>
      </trkpt>
      <trkpt lat="44.284257" lon="6.975076">
        <ele>2955.4</ele>
        <time>2026-08-07T04:05:01Z</time>
      </trkpt>
      <trkpt lat="44.284256" lon="6.975052">
        <ele>2956.2</ele>
        <time>2026-08-07T04:05:06Z</time>
      </trkpt>
      <trkpt lat="44.284251" lon="6.975039">
        <ele>2956.4</ele>
        <time>2026-08-07T04:05:09Z</time>
      </trkpt>
      <trkpt lat="44.284247" lon="6.975047">
        <ele>2957.2</ele>
        <time>2026-08-07T04:05:14Z</time>
      </trkpt>
      <trkpt lat="44.284247" lon="6.975057">
        <ele>2957.6</ele>
        <time>2026-08-07T04:05:16Z</time>
      </trkpt>
      <trkpt lat="44.284244" lon="6.975053">
        <ele>2958.4</ele>
        <time>2026-08-07T04:05:20Z</time>
      </trkpt>
      <trkpt lat="44.284236" lon="6.975054">
        <ele>2958.6</ele>
        <time>2026-08-07T04:05:23Z</time>
      </trkpt>
      <trkpt lat="44.284253" lon="6.975063">
        <ele>2959.4</ele>
        <time>2026-08-07T04:05:29Z</time>
      </trkpt>
      <trkpt lat="44.284256" lon="6.975035">
        <ele>2959.6</ele>
        <time>2026-08-07T04:05:36Z</time>
      </trkpt>
      <trkpt lat="44.284248" lon="6.975027">
        <ele>2959.8</ele>
        <time>2026-08-07T04:05:37Z</time>
      </trkpt>
      <trkpt lat="44.284225" lon="6.975013">
        <ele>2960.4</ele>
        <time>2026-08-07T04:05:43Z</time>
      </trkpt>
      <trkpt lat="44.284247" lon="6.975012">
        <ele>2960.8</ele>
        <time>2026-08-07T04:05:49Z</time>
      </trkpt>
      <trkpt lat="44.284231" lon="6.975008">
        <ele>2961.4</ele>
        <time>2026-08-07T04:05:55Z</time>
      </trkpt>
      <trkpt lat="44.284233" lon="6.974994">
        <ele>2961.6</ele>
        <time>2026-08-07T04:05:57Z</time>
      </trkpt>
      <trkpt lat="44.284244" lon="6.974979">
        <ele>2961.8</ele>
        <time>2026-08-07T04:06:02Z</time>
      </trkpt>
      <trkpt lat="44.28424" lon="6.974969">
        <ele>2962.0</ele>
        <time>2026-08-07T04:06:05Z</time>
      </trkpt>
      <trkpt lat="44.284232" lon="6.974969">
        <ele>2962.4</ele>
        <time>2026-08-07T04:06:09Z</time>
      </trkpt>
      <trkpt lat="44.284222" lon="6.974962">
        <ele>2962.8</ele>
        <time>2026-08-07T04:06:14Z</time>
      </trkpt>
      <trkpt lat="44.284222" lon="6.974965">
        <ele>2963.0</ele>
        <time>2026-08-07T04:06:16Z</time>
      </trkpt>
      <trkpt lat="44.284225" lon="6.974993">
        <ele>2963.0</ele>
        <time>2026-08-07T04:06:23Z</time>
      </trkpt>
      <trkpt lat="44.284218" lon="6.974964">
        <ele>2964.0</ele>
        <time>2026-08-07T04:06:31Z</time>
      </trkpt>
      <trkpt lat="44.284204" lon="6.974938">
        <ele>2965.2</ele>
        <time>2026-08-07T04:06:42Z</time>
      </trkpt>
      <trkpt lat="44.284202" lon="6.974937">
        <ele>2965.4</ele>
        <time>2026-08-07T04:06:43Z</time>
      </trkpt>
      <trkpt lat="44.284195" lon="6.974923">
        <ele>2966.2</ele>
        <time>2026-08-07T04:06:47Z</time>
      </trkpt>
      <trkpt lat="44.284204" lon="6.9749">
        <ele>2966.8</ele>
        <time>2026-08-07T04:06:52Z</time>
      </trkpt>
      <trkpt lat="44.284207" lon="6.974902">
        <ele>2967.0</ele>
        <time>2026-08-07T04:06:57Z</time>
      </trkpt>
      <trkpt lat="44.284204" lon="6.974904">
        <ele>2967.0</ele>
        <time>2026-08-07T04:06:58Z</time>
      </trkpt>
      <trkpt lat="44.284204" lon="6.974899">
        <ele>2967.2</ele>
        <time>2026-08-07T04:06:59Z</time>
      </trkpt>
      <trkpt lat="44.284203" lon="6.974892">
        <ele>2967.2</ele>
        <time>2026-08-07T04:07:00Z</time>
      </trkpt>
      <trkpt lat="44.284204" lon="6.974888">
        <ele>2967.4</ele>
        <time>2026-08-07T04:07:01Z</time>
      </trkpt>
      <trkpt lat="44.284197" lon="6.974876">
        <ele>2968.0</ele>
        <time>2026-08-07T04:07:06Z</time>
      </trkpt>
      <trkpt lat="44.284199" lon="6.974877">
        <ele>2968.4</ele>
        <time>2026-08-07T04:07:08Z</time>
      </trkpt>
      <trkpt lat="44.284201" lon="6.974866">
        <ele>2968.8</ele>
        <time>2026-08-07T04:07:10Z</time>
      </trkpt>
      <trkpt lat="44.28421" lon="6.974862">
        <ele>2969.4</ele>
        <time>2026-08-07T04:07:14Z</time>
      </trkpt>
      <trkpt lat="44.284224" lon="6.974844">
        <ele>2969.8</ele>
        <time>2026-08-07T04:07:19Z</time>
      </trkpt>
      <trkpt lat="44.284231" lon="6.974829">
        <ele>2970.2</ele>
        <time>2026-08-07T04:07:22Z</time>
      </trkpt>
      <trkpt lat="44.284234" lon="6.974811">
        <ele>2970.6</ele>
        <time>2026-08-07T04:07:24Z</time>
      </trkpt>
      <trkpt lat="44.284238" lon="6.974779">
        <ele>2971.2</ele>
        <time>2026-08-07T04:07:29Z</time>
      </trkpt>
      <trkpt lat="44.284242" lon="6.974758">
        <ele>2971.4</ele>
        <time>2026-08-07T04:07:37Z</time>
      </trkpt>
      <trkpt lat="44.284249" lon="6.974741">
        <ele>2971.6</ele>
        <time>2026-08-07T04:07:40Z</time>
      </trkpt>
      <trkpt lat="44.284251" lon="6.974736">
        <ele>2971.6</ele>
        <time>2026-08-07T04:07:41Z</time>
      </trkpt>
      <trkpt lat="44.284266" lon="6.974698">
        <ele>2972.4</ele>
        <time>2026-08-07T04:07:48Z</time>
      </trkpt>
      <trkpt lat="44.284278" lon="6.974696">
        <ele>2972.8</ele>
        <time>2026-08-07T04:07:52Z</time>
      </trkpt>
      <trkpt lat="44.284283" lon="6.974712">
        <ele>2973.2</ele>
        <time>2026-08-07T04:07:58Z</time>
      </trkpt>
      <trkpt lat="44.284278" lon="6.974669">
        <ele>2973.8</ele>
        <time>2026-08-07T04:08:05Z</time>
      </trkpt>
      <trkpt lat="44.284284" lon="6.974644">
        <ele>2974.2</ele>
        <time>2026-08-07T04:08:07Z</time>
      </trkpt>
      <trkpt lat="44.284287" lon="6.97464">
        <ele>2974.4</ele>
        <time>2026-08-07T04:08:08Z</time>
      </trkpt>
      <trkpt lat="44.284287" lon="6.974635">
        <ele>2974.6</ele>
        <time>2026-08-07T04:08:09Z</time>
      </trkpt>
      <trkpt lat="44.284288" lon="6.974635">
        <ele>2974.6</ele>
        <time>2026-08-07T04:08:10Z</time>
      </trkpt>
      <trkpt lat="44.284286" lon="6.974652">
        <ele>2974.8</ele>
        <time>2026-08-07T04:08:12Z</time>
      </trkpt>
      <trkpt lat="44.284282" lon="6.97466">
        <ele>2974.8</ele>
        <time>2026-08-07T04:08:15Z</time>
      </trkpt>
      <trkpt lat="44.284283" lon="6.974612">
        <ele>2975.4</ele>
        <time>2026-08-07T04:08:22Z</time>
      </trkpt>
      <trkpt lat="44.284302" lon="6.974613">
        <ele>2975.8</ele>
        <time>2026-08-07T04:08:28Z</time>
      </trkpt>
      <trkpt lat="44.284288" lon="6.974606">
        <ele>2976.2</ele>
        <time>2026-08-07T04:08:31Z</time>
      </trkpt>
      <trkpt lat="44.284274" lon="6.974582">
        <ele>2977.0</ele>
        <time>2026-08-07T04:08:38Z</time>
      </trkpt>
      <trkpt lat="44.284279" lon="6.974588">
        <ele>2977.0</ele>
        <time>2026-08-07T04:08:40Z</time>
      </trkpt>
      <trkpt lat="44.284291" lon="6.97459">
        <ele>2977.2</ele>
        <time>2026-08-07T04:08:49Z</time>
      </trkpt>
      <trkpt lat="44.284301" lon="6.97456">
        <ele>2978.0</ele>
        <time>2026-08-07T04:08:55Z</time>
      </trkpt>
      <trkpt lat="44.284299" lon="6.974554">
        <ele>2978.2</ele>
        <time>2026-08-07T04:08:57Z</time>
      </trkpt>
      <trkpt lat="44.284283" lon="6.974554">
        <ele>2978.4</ele>
        <time>2026-08-07T04:09:02Z</time>
      </trkpt>
      <trkpt lat="44.284284" lon="6.974553">
        <ele>2978.4</ele>
        <time>2026-08-07T04:09:03Z</time>
      </trkpt>
      <trkpt lat="44.284285" lon="6.974555">
        <ele>2978.6</ele>
        <time>2026-08-07T04:09:04Z</time>
      </trkpt>
      <trkpt lat="44.28429" lon="6.974554">
        <ele>2979.0</ele>
        <time>2026-08-07T04:09:06Z</time>
      </trkpt>
      <trkpt lat="44.284293" lon="6.974555">
        <ele>2979.2</ele>
        <time>2026-08-07T04:09:07Z</time>
      </trkpt>
      <trkpt lat="44.284307" lon="6.974557">
        <ele>2979.2</ele>
        <time>2026-08-07T04:09:13Z</time>
      </trkpt>
      <trkpt lat="44.284298" lon="6.974567">
        <ele>2979.2</ele>
        <time>2026-08-07T04:09:15Z</time>
      </trkpt>
      <trkpt lat="44.284263" lon="6.974593">
        <ele>2979.8</ele>
        <time>2026-08-07T04:09:22Z</time>
      </trkpt>
      <trkpt lat="44.28425" lon="6.974604">
        <ele>2980.0</ele>
        <time>2026-08-07T04:09:27Z</time>
      </trkpt>
      <trkpt lat="44.284247" lon="6.974608">
        <ele>2980.4</ele>
        <time>2026-08-07T04:09:31Z</time>
      </trkpt>
      <trkpt lat="44.28424" lon="6.974598">
        <ele>2981.0</ele>
        <time>2026-08-07T04:09:40Z</time>
      </trkpt>
      <trkpt lat="44.28424" lon="6.974593">
        <ele>2981.0</ele>
        <time>2026-08-07T04:09:41Z</time>
      </trkpt>
      <trkpt lat="44.284209" lon="6.974571">
        <ele>2981.6</ele>
        <time>2026-08-07T04:09:47Z</time>
      </trkpt>
      <trkpt lat="44.284209" lon="6.97457">
        <ele>2981.8</ele>
        <time>2026-08-07T04:09:48Z</time>
      </trkpt>
      <trkpt lat="44.284196" lon="6.974567">
        <ele>2982.2</ele>
        <time>2026-08-07T04:09:51Z</time>
      </trkpt>
      <trkpt lat="44.28417" lon="6.974571">
        <ele>2982.8</ele>
        <time>2026-08-07T04:09:56Z</time>
      </trkpt>
      <trkpt lat="44.284162" lon="6.974576">
        <ele>2983.2</ele>
        <time>2026-08-07T04:10:07Z</time>
      </trkpt>
      <trkpt lat="44.284129" lon="6.974565">
        <ele>2983.8</ele>
        <time>2026-08-07T04:10:16Z</time>
      </trkpt>
      <trkpt lat="44.284127" lon="6.974556">
        <ele>2984.4</ele>
        <time>2026-08-07T04:10:19Z</time>
      </trkpt>
      <trkpt lat="44.284129" lon="6.974537">
        <ele>2984.8</ele>
        <time>2026-08-07T04:10:25Z</time>
      </trkpt>
      <trkpt lat="44.284129" lon="6.974537">
        <ele>2985.4</ele>
        <time>2026-08-07T04:10:29Z</time>
      </trkpt>
      <trkpt lat="44.284124" lon="6.974523">
        <ele>2986.0</ele>
        <time>2026-08-07T04:10:34Z</time>
      </trkpt>
      <trkpt lat="44.284103" lon="6.974502">
        <ele>2986.4</ele>
        <time>2026-08-07T04:10:38Z</time>
      </trkpt>
      <trkpt lat="44.284088" lon="6.974496">
        <ele>2986.8</ele>
        <time>2026-08-07T04:10:42Z</time>
      </trkpt>
      <trkpt lat="44.284071" lon="6.974481">
        <ele>2987.0</ele>
        <time>2026-08-07T04:10:45Z</time>
      </trkpt>
      <trkpt lat="44.284072" lon="6.974478">
        <ele>2986.8</ele>
        <time>2026-08-07T04:10:55Z</time>
      </trkpt>
      <trkpt lat="44.284085" lon="6.974472">
        <ele>2987.0</ele>
        <time>2026-08-07T04:11:07Z</time>
      </trkpt>
      <trkpt lat="44.284071" lon="6.974445">
        <ele>2986.6</ele>
        <time>2026-08-07T04:11:17Z</time>
      </trkpt>
      <trkpt lat="44.284054" lon="6.974409">
        <ele>2985.2</ele>
        <time>2026-08-07T04:11:24Z</time>
      </trkpt>
      <trkpt lat="44.284055" lon="6.974399">
        <ele>2985.2</ele>
        <time>2026-08-07T04:11:25Z</time>
      </trkpt>
      <trkpt lat="44.284056" lon="6.974362">
        <ele>2985.4</ele>
        <time>2026-08-07T04:11:33Z</time>
      </trkpt>
      <trkpt lat="44.28405" lon="6.974356">
        <ele>2985.0</ele>
        <time>2026-08-07T04:11:42Z</time>
      </trkpt>
      <trkpt lat="44.284051" lon="6.974357">
        <ele>2985.0</ele>
        <time>2026-08-07T04:11:43Z</time>
      </trkpt>
      <trkpt lat="44.28405" lon="6.974348">
        <ele>2984.8</ele>
        <time>2026-08-07T04:11:45Z</time>
      </trkpt>
      <trkpt lat="44.284049" lon="6.974323">
        <ele>2984.4</ele>
        <time>2026-08-07T04:11:48Z</time>
      </trkpt>
      <trkpt lat="44.28404" lon="6.974295">
        <ele>2984.6</ele>
        <time>2026-08-07T04:11:51Z</time>
      </trkpt>
      <trkpt lat="44.284051" lon="6.974274">
        <ele>2986.2</ele>
        <time>2026-08-07T04:12:01Z</time>
      </trkpt>
      <trkpt lat="44.284055" lon="6.97427">
        <ele>2986.4</ele>
        <time>2026-08-07T04:12:02Z</time>
      </trkpt>
      <trkpt lat="44.284059" lon="6.974233">
        <ele>2986.8</ele>
        <time>2026-08-07T04:12:09Z</time>
      </trkpt>
      <trkpt lat="44.284066" lon="6.974205">
        <ele>2987.4</ele>
        <time>2026-08-07T04:12:14Z</time>
      </trkpt>
      <trkpt lat="44.284076" lon="6.974179">
        <ele>2988.2</ele>
        <time>2026-08-07T04:12:18Z</time>
      </trkpt>
      <trkpt lat="44.284074" lon="6.974129">
        <ele>2988.4</ele>
        <time>2026-08-07T04:12:25Z</time>
      </trkpt>
      <trkpt lat="44.284074" lon="6.974125">
        <ele>2988.6</ele>
        <time>2026-08-07T04:12:26Z</time>
      </trkpt>
      <trkpt lat="44.284072" lon="6.974082">
        <ele>2989.0</ele>
        <time>2026-08-07T04:12:32Z</time>
      </trkpt>
      <trkpt lat="44.284072" lon="6.974055">
        <ele>2989.4</ele>
        <time>2026-08-07T04:12:36Z</time>
      </trkpt>
      <trkpt lat="44.284072" lon="6.974048">
        <ele>2989.6</ele>
        <time>2026-08-07T04:12:37Z</time>
      </trkpt>
      <trkpt lat="44.284081" lon="6.973963">
        <ele>2990.0</ele>
        <time>2026-08-07T04:12:46Z</time>
      </trkpt>
      <trkpt lat="44.284068" lon="6.973894">
        <ele>2990.4</ele>
        <time>2026-08-07T04:12:54Z</time>
      </trkpt>
      <trkpt lat="44.284048" lon="6.973881">
        <ele>2989.6</ele>
        <time>2026-08-07T04:13:00Z</time>
      </trkpt>
      <trkpt lat="44.28403" lon="6.973859">
        <ele>2988.4</ele>
        <time>2026-08-07T04:13:06Z</time>
      </trkpt>
      <trkpt lat="44.284025" lon="6.973835">
        <ele>2988.2</ele>
        <time>2026-08-07T04:13:08Z</time>
      </trkpt>
      <trkpt lat="44.284001" lon="6.97381">
        <ele>2987.4</ele>
        <time>2026-08-07T04:13:13Z</time>
      </trkpt>
      <trkpt lat="44.283984" lon="6.973802">
        <ele>2987.2</ele>
        <time>2026-08-07T04:13:15Z</time>
      </trkpt>
      <trkpt lat="44.283969" lon="6.973735">
        <ele>2987.0</ele>
        <time>2026-08-07T04:13:21Z</time>
      </trkpt>
      <trkpt lat="44.283971" lon="6.973681">
        <ele>2987.6</ele>
        <time>2026-08-07T04:13:29Z</time>
      </trkpt>
      <trkpt lat="44.283994" lon="6.97363">
        <ele>2988.6</ele>
        <time>2026-08-07T04:13:37Z</time>
      </trkpt>
      <trkpt lat="44.28402" lon="6.973543">
        <ele>2989.2</ele>
        <time>2026-08-07T04:13:45Z</time>
      </trkpt>
      <trkpt lat="44.284021" lon="6.973496">
        <ele>2989.4</ele>
        <time>2026-08-07T04:13:52Z</time>
      </trkpt>
      <trkpt lat="44.284021" lon="6.973497">
        <ele>2989.6</ele>
        <time>2026-08-07T04:13:53Z</time>
      </trkpt>
      <trkpt lat="44.284026" lon="6.97347">
        <ele>2989.6</ele>
        <time>2026-08-07T04:13:58Z</time>
      </trkpt>
      <trkpt lat="44.284036" lon="6.973428">
        <ele>2988.6</ele>
        <time>2026-08-07T04:14:04Z</time>
      </trkpt>
      <trkpt lat="44.284032" lon="6.973428">
        <ele>2988.4</ele>
        <time>2026-08-07T04:14:05Z</time>
      </trkpt>
      <trkpt lat="44.284022" lon="6.973442">
        <ele>2987.4</ele>
        <time>2026-08-07T04:14:10Z</time>
      </trkpt>
      <trkpt lat="44.284017" lon="6.973434">
        <ele>2987.4</ele>
        <time>2026-08-07T04:14:11Z</time>
      </trkpt>
      <trkpt lat="44.284016" lon="6.973412">
        <ele>2987.6</ele>
        <time>2026-08-07T04:14:17Z</time>
      </trkpt>
      <trkpt lat="44.284001" lon="6.973365">
        <ele>2988.4</ele>
        <time>2026-08-07T04:14:24Z</time>
      </trkpt>
      <trkpt lat="44.284001" lon="6.973342">
        <ele>2988.6</ele>
        <time>2026-08-07T04:14:26Z</time>
      </trkpt>
      <trkpt lat="44.284008" lon="6.973307">
        <ele>2989.8</ele>
        <time>2026-08-07T04:14:33Z</time>
      </trkpt>
      <trkpt lat="44.284009" lon="6.973304">
        <ele>2990.0</ele>
        <time>2026-08-07T04:14:34Z</time>
      </trkpt>
      <trkpt lat="44.284004" lon="6.97328">
        <ele>2991.0</ele>
        <time>2026-08-07T04:14:40Z</time>
      </trkpt>
      <trkpt lat="44.284002" lon="6.973283">
        <ele>2991.4</ele>
        <time>2026-08-07T04:14:42Z</time>
      </trkpt>
      <trkpt lat="44.284" lon="6.973276">
        <ele>2992.0</ele>
        <time>2026-08-07T04:14:44Z</time>
      </trkpt>
      <trkpt lat="44.283994" lon="6.973238">
        <ele>2993.2</ele>
        <time>2026-08-07T04:14:50Z</time>
      </trkpt>
      <trkpt lat="44.283989" lon="6.973209">
        <ele>2993.8</ele>
        <time>2026-08-07T04:14:53Z</time>
      </trkpt>
      <trkpt lat="44.283988" lon="6.973196">
        <ele>2994.2</ele>
        <time>2026-08-07T04:14:55Z</time>
      </trkpt>
      <trkpt lat="44.283989" lon="6.973189">
        <ele>2994.6</ele>
        <time>2026-08-07T04:14:57Z</time>
      </trkpt>
      <trkpt lat="44.283993" lon="6.973194">
        <ele>2994.8</ele>
        <time>2026-08-07T04:14:59Z</time>
      </trkpt>
      <trkpt lat="44.28399" lon="6.973189">
        <ele>2995.4</ele>
        <time>2026-08-07T04:15:04Z</time>
      </trkpt>
      <trkpt lat="44.283988" lon="6.973188">
        <ele>2995.8</ele>
        <time>2026-08-07T04:15:06Z</time>
      </trkpt>
      <trkpt lat="44.28398" lon="6.973133">
        <ele>2996.2</ele>
        <time>2026-08-07T04:15:13Z</time>
      </trkpt>
      <trkpt lat="44.283983" lon="6.973118">
        <ele>2996.4</ele>
        <time>2026-08-07T04:15:15Z</time>
      </trkpt>
      <trkpt lat="44.283991" lon="6.973046">
        <ele>2996.6</ele>
        <time>2026-08-07T04:15:22Z</time>
      </trkpt>
      <trkpt lat="44.28398" lon="6.972999">
        <ele>2997.0</ele>
        <time>2026-08-07T04:15:31Z</time>
      </trkpt>
      <trkpt lat="44.283967" lon="6.972976">
        <ele>2997.2</ele>
        <time>2026-08-07T04:15:38Z</time>
      </trkpt>
      <trkpt lat="44.283958" lon="6.972956">
        <ele>2997.4</ele>
        <time>2026-08-07T04:15:41Z</time>
      </trkpt>
      <trkpt lat="44.28395" lon="6.972932">
        <ele>2997.8</ele>
        <time>2026-08-07T04:15:44Z</time>
      </trkpt>
      <trkpt lat="44.283942" lon="6.972911">
        <ele>2998.6</ele>
        <time>2026-08-07T04:15:48Z</time>
      </trkpt>
      <trkpt lat="44.283929" lon="6.972885">
        <ele>2999.2</ele>
        <time>2026-08-07T04:15:53Z</time>
      </trkpt>
      <trkpt lat="44.283933" lon="6.972866">
        <ele>2999.6</ele>
        <time>2026-08-07T04:15:56Z</time>
      </trkpt>
      <trkpt lat="44.283936" lon="6.972872">
        <ele>3000.4</ele>
        <time>2026-08-07T04:16:00Z</time>
      </trkpt>
      <trkpt lat="44.283931" lon="6.972866">
        <ele>3000.6</ele>
        <time>2026-08-07T04:16:02Z</time>
      </trkpt>
      <trkpt lat="44.283936" lon="6.972832">
        <ele>3001.4</ele>
        <time>2026-08-07T04:16:08Z</time>
      </trkpt>
      <trkpt lat="44.283939" lon="6.972809">
        <ele>3001.8</ele>
        <time>2026-08-07T04:16:10Z</time>
      </trkpt>
      <trkpt lat="44.283954" lon="6.972773">
        <ele>3002.8</ele>
        <time>2026-08-07T04:16:15Z</time>
      </trkpt>
      <trkpt lat="44.283958" lon="6.972767">
        <ele>3003.0</ele>
        <time>2026-08-07T04:16:16Z</time>
      </trkpt>
      <trkpt lat="44.283954" lon="6.972741">
        <ele>3003.8</ele>
        <time>2026-08-07T04:16:24Z</time>
      </trkpt>
      <trkpt lat="44.283953" lon="6.972734">
        <ele>3004.0</ele>
        <time>2026-08-07T04:16:25Z</time>
      </trkpt>
      <trkpt lat="44.283957" lon="6.972688">
        <ele>3005.0</ele>
        <time>2026-08-07T04:16:32Z</time>
      </trkpt>
      <trkpt lat="44.283958" lon="6.972682">
        <ele>3005.2</ele>
        <time>2026-08-07T04:16:33Z</time>
      </trkpt>
      <trkpt lat="44.283951" lon="6.97264">
        <ele>3006.0</ele>
        <time>2026-08-07T04:16:38Z</time>
      </trkpt>
      <trkpt lat="44.283949" lon="6.972635">
        <ele>3006.2</ele>
        <time>2026-08-07T04:16:39Z</time>
      </trkpt>
      <trkpt lat="44.283952" lon="6.972619">
        <ele>3006.4</ele>
        <time>2026-08-07T04:16:41Z</time>
      </trkpt>
      <trkpt lat="44.283964" lon="6.972615">
        <ele>3007.2</ele>
        <time>2026-08-07T04:16:45Z</time>
      </trkpt>
      <trkpt lat="44.283961" lon="6.972596">
        <ele>3007.6</ele>
        <time>2026-08-07T04:16:50Z</time>
      </trkpt>
      <trkpt lat="44.283961" lon="6.972576">
        <ele>3008.2</ele>
        <time>2026-08-07T04:16:54Z</time>
      </trkpt>
      <trkpt lat="44.283962" lon="6.972559">
        <ele>3008.6</ele>
        <time>2026-08-07T04:16:58Z</time>
      </trkpt>
      <trkpt lat="44.283964" lon="6.97252">
        <ele>3009.2</ele>
        <time>2026-08-07T04:17:03Z</time>
      </trkpt>
      <trkpt lat="44.283964" lon="6.972517">
        <ele>3009.6</ele>
        <time>2026-08-07T04:17:05Z</time>
      </trkpt>
      <trkpt lat="44.283967" lon="6.972491">
        <ele>3010.4</ele>
        <time>2026-08-07T04:17:11Z</time>
      </trkpt>
      <trkpt lat="44.283971" lon="6.972467">
        <ele>3010.6</ele>
        <time>2026-08-07T04:17:14Z</time>
      </trkpt>
      <trkpt lat="44.283967" lon="6.97243">
        <ele>3011.4</ele>
        <time>2026-08-07T04:17:22Z</time>
      </trkpt>
      <trkpt lat="44.283966" lon="6.972418">
        <ele>3011.4</ele>
        <time>2026-08-07T04:17:23Z</time>
      </trkpt>
      <trkpt lat="44.283959" lon="6.972361">
        <ele>3012.4</ele>
        <time>2026-08-07T04:17:31Z</time>
      </trkpt>
      <trkpt lat="44.283959" lon="6.972354">
        <ele>3012.6</ele>
        <time>2026-08-07T04:17:32Z</time>
      </trkpt>
      <trkpt lat="44.28395" lon="6.972331">
        <ele>3013.0</ele>
        <time>2026-08-07T04:17:36Z</time>
      </trkpt>
      <trkpt lat="44.283938" lon="6.972301">
        <ele>3013.2</ele>
        <time>2026-08-07T04:17:41Z</time>
      </trkpt>
      <trkpt lat="44.283936" lon="6.9723">
        <ele>3013.4</ele>
        <time>2026-08-07T04:17:43Z</time>
      </trkpt>
      <trkpt lat="44.283937" lon="6.972286">
        <ele>3014.0</ele>
        <time>2026-08-07T04:17:48Z</time>
      </trkpt>
      <trkpt lat="44.283934" lon="6.972277">
        <ele>3014.2</ele>
        <time>2026-08-07T04:17:49Z</time>
      </trkpt>
      <trkpt lat="44.283931" lon="6.972264">
        <ele>3014.2</ele>
        <time>2026-08-07T04:17:57Z</time>
      </trkpt>
      <trkpt lat="44.283908" lon="6.972261">
        <ele>3013.8</ele>
        <time>2026-08-07T04:18:04Z</time>
      </trkpt>
      <trkpt lat="44.283891" lon="6.972255">
        <ele>3013.8</ele>
        <time>2026-08-07T04:18:12Z</time>
      </trkpt>
      <trkpt lat="44.28392" lon="6.972194">
        <ele>3014.0</ele>
        <time>2026-08-07T04:18:19Z</time>
      </trkpt>
      <trkpt lat="44.283909" lon="6.972186">
        <ele>3014.6</ele>
        <time>2026-08-07T04:18:23Z</time>
      </trkpt>
      <trkpt lat="44.283903" lon="6.972213">
        <ele>3014.6</ele>
        <time>2026-08-07T04:18:27Z</time>
      </trkpt>
      <trkpt lat="44.283916" lon="6.972179">
        <ele>3014.8</ele>
        <time>2026-08-07T04:18:34Z</time>
      </trkpt>
      <trkpt lat="44.283901" lon="6.972122">
        <ele>3015.4</ele>
        <time>2026-08-07T04:18:42Z</time>
      </trkpt>
      <trkpt lat="44.283911" lon="6.972114">
        <ele>3015.6</ele>
        <time>2026-08-07T04:18:44Z</time>
      </trkpt>
      <trkpt lat="44.28392" lon="6.972088">
        <ele>3015.4</ele>
        <time>2026-08-07T04:18:49Z</time>
      </trkpt>
      <trkpt lat="44.283922" lon="6.972084">
        <ele>3015.2</ele>
        <time>2026-08-07T04:18:50Z</time>
      </trkpt>
      <trkpt lat="44.283927" lon="6.972072">
        <ele>3014.4</ele>
        <time>2026-08-07T04:18:56Z</time>
      </trkpt>
      <trkpt lat="44.283924" lon="6.972075">
        <ele>3013.6</ele>
        <time>2026-08-07T04:19:02Z</time>
      </trkpt>
      <trkpt lat="44.283937" lon="6.972032">
        <ele>3013.6</ele>
        <time>2026-08-07T04:19:09Z</time>
      </trkpt>
      <trkpt lat="44.283944" lon="6.972008">
        <ele>3013.2</ele>
        <time>2026-08-07T04:19:11Z</time>
      </trkpt>
      <trkpt lat="44.283943" lon="6.971998">
        <ele>3012.4</ele>
        <time>2026-08-07T04:19:16Z</time>
      </trkpt>
      <trkpt lat="44.28394" lon="6.971993">
        <ele>3012.2</ele>
        <time>2026-08-07T04:19:18Z</time>
      </trkpt>
      <trkpt lat="44.283946" lon="6.972012">
        <ele>3011.8</ele>
        <time>2026-08-07T04:19:23Z</time>
      </trkpt>
      <trkpt lat="44.283956" lon="6.972007">
        <ele>3011.4</ele>
        <time>2026-08-07T04:19:32Z</time>
      </trkpt>
      <trkpt lat="44.283971" lon="6.972012">
        <ele>3011.2</ele>
        <time>2026-08-07T04:19:40Z</time>
      </trkpt>
      <trkpt lat="44.28397" lon="6.972021">
        <ele>3011.2</ele>
        <time>2026-08-07T04:19:41Z</time>
      </trkpt>
      <trkpt lat="44.28396" lon="6.972042">
        <ele>3010.8</ele>
        <time>2026-08-07T04:19:49Z</time>
      </trkpt>
      <trkpt lat="44.283949" lon="6.972024">
        <ele>3010.6</ele>
        <time>2026-08-07T04:19:54Z</time>
      </trkpt>
      <trkpt lat="44.283951" lon="6.971999">
        <ele>3010.2</ele>
        <time>2026-08-07T04:20:03Z</time>
      </trkpt>
      <trkpt lat="44.283951" lon="6.971993">
        <ele>3010.2</ele>
        <time>2026-08-07T04:20:04Z</time>
      </trkpt>
      <trkpt lat="44.283938" lon="6.971966">
        <ele>3010.0</ele>
        <time>2026-08-07T04:20:13Z</time>
      </trkpt>
      <trkpt lat="44.283945" lon="6.971949">
        <ele>3009.4</ele>
        <time>2026-08-07T04:20:21Z</time>
      </trkpt>
      <trkpt lat="44.283945" lon="6.971949">
        <ele>3009.0</ele>
        <time>2026-08-07T04:20:24Z</time>
      </trkpt>
      <trkpt lat="44.283948" lon="6.971939">
        <ele>3008.4</ele>
        <time>2026-08-07T04:20:31Z</time>
      </trkpt>
      <trkpt lat="44.283945" lon="6.971949">
        <ele>3008.2</ele>
        <time>2026-08-07T04:20:35Z</time>
      </trkpt>
      <trkpt lat="44.283945" lon="6.971949">
        <ele>3008.0</ele>
        <time>2026-08-07T04:20:36Z</time>
      </trkpt>
      <trkpt lat="44.283945" lon="6.971949">
        <ele>3007.4</ele>
        <time>2026-08-07T04:20:39Z</time>
      </trkpt>
      <trkpt lat="44.283941" lon="6.971928">
        <ele>3007.0</ele>
        <time>2026-08-07T04:20:44Z</time>
      </trkpt>
      <trkpt lat="44.283941" lon="6.971915">
        <ele>3006.8</ele>
        <time>2026-08-07T04:20:46Z</time>
      </trkpt>
      <trkpt lat="44.283938" lon="6.971872">
        <ele>3007.4</ele>
        <time>2026-08-07T04:20:55Z</time>
      </trkpt>
      <trkpt lat="44.283939" lon="6.971796">
        <ele>3007.0</ele>
        <time>2026-08-07T04:21:05Z</time>
      </trkpt>
      <trkpt lat="44.283942" lon="6.971786">
        <ele>3007.2</ele>
        <time>2026-08-07T04:21:10Z</time>
      </trkpt>
      <trkpt lat="44.28394" lon="6.971794">
        <ele>3007.2</ele>
        <time>2026-08-07T04:21:14Z</time>
      </trkpt>
      <trkpt lat="44.283936" lon="6.971801">
        <ele>3007.4</ele>
        <time>2026-08-07T04:21:26Z</time>
      </trkpt>
      <trkpt lat="44.283934" lon="6.971798">
        <ele>3007.6</ele>
        <time>2026-08-07T04:21:28Z</time>
      </trkpt>
      <trkpt lat="44.283927" lon="6.971799">
        <ele>3008.0</ele>
        <time>2026-08-07T04:21:30Z</time>
      </trkpt>
      <trkpt lat="44.283891" lon="6.971779">
        <ele>3009.0</ele>
        <time>2026-08-07T04:21:37Z</time>
      </trkpt>
      <trkpt lat="44.283886" lon="6.971776">
        <ele>3009.0</ele>
        <time>2026-08-07T04:21:38Z</time>
      </trkpt>
      <trkpt lat="44.28384" lon="6.971772">
        <ele>3010.0</ele>
        <time>2026-08-07T04:21:45Z</time>
      </trkpt>
      <trkpt lat="44.28381" lon="6.971777">
        <ele>3010.8</ele>
        <time>2026-08-07T04:21:51Z</time>
      </trkpt>
      <trkpt lat="44.283804" lon="6.971771">
        <ele>3011.2</ele>
        <time>2026-08-07T04:21:53Z</time>
      </trkpt>
      <trkpt lat="44.283805" lon="6.97175">
        <ele>3011.8</ele>
        <time>2026-08-07T04:21:58Z</time>
      </trkpt>
      <trkpt lat="44.28381" lon="6.971744">
        <ele>3012.0</ele>
        <time>2026-08-07T04:21:59Z</time>
      </trkpt>
      <trkpt lat="44.283807" lon="6.971732">
        <ele>3012.4</ele>
        <time>2026-08-07T04:22:01Z</time>
      </trkpt>
      <trkpt lat="44.283791" lon="6.971718">
        <ele>3013.4</ele>
        <time>2026-08-07T04:22:06Z</time>
      </trkpt>
      <trkpt lat="44.283788" lon="6.971719">
        <ele>3013.4</ele>
        <time>2026-08-07T04:22:07Z</time>
      </trkpt>
      <trkpt lat="44.283773" lon="6.971703">
        <ele>3014.4</ele>
        <time>2026-08-07T04:22:12Z</time>
      </trkpt>
      <trkpt lat="44.283776" lon="6.971701">
        <ele>3014.8</ele>
        <time>2026-08-07T04:22:14Z</time>
      </trkpt>
      <trkpt lat="44.283758" lon="6.971698">
        <ele>3015.4</ele>
        <time>2026-08-07T04:22:22Z</time>
      </trkpt>
      <trkpt lat="44.283749" lon="6.971703">
        <ele>3016.4</ele>
        <time>2026-08-07T04:22:26Z</time>
      </trkpt>
      <trkpt lat="44.283727" lon="6.971714">
        <ele>3016.6</ele>
        <time>2026-08-07T04:22:31Z</time>
      </trkpt>
      <trkpt lat="44.283708" lon="6.971728">
        <ele>3017.0</ele>
        <time>2026-08-07T04:22:35Z</time>
      </trkpt>
      <trkpt lat="44.283697" lon="6.971739">
        <ele>3017.2</ele>
        <time>2026-08-07T04:22:39Z</time>
      </trkpt>
      <trkpt lat="44.283683" lon="6.971726">
        <ele>3017.6</ele>
        <time>2026-08-07T04:22:44Z</time>
      </trkpt>
      <trkpt lat="44.283676" lon="6.971729">
        <ele>3017.8</ele>
        <time>2026-08-07T04:22:46Z</time>
      </trkpt>
      <trkpt lat="44.283643" lon="6.97172">
        <ele>3018.0</ele>
        <time>2026-08-07T04:22:53Z</time>
      </trkpt>
      <trkpt lat="44.28363" lon="6.97171">
        <ele>3018.4</ele>
        <time>2026-08-07T04:23:01Z</time>
      </trkpt>
      <trkpt lat="44.283648" lon="6.971739">
        <ele>3018.2</ele>
        <time>2026-08-07T04:23:11Z</time>
      </trkpt>
      <trkpt lat="44.283609" lon="6.971722">
        <ele>3018.0</ele>
        <time>2026-08-07T04:23:19Z</time>
      </trkpt>
      <trkpt lat="44.283609" lon="6.971717">
        <ele>3018.0</ele>
        <time>2026-08-07T04:23:20Z</time>
      </trkpt>
      <trkpt lat="44.283612" lon="6.971702">
        <ele>3018.0</ele>
        <time>2026-08-07T04:23:26Z</time>
      </trkpt>
      <trkpt lat="44.283612" lon="6.971702">
        <ele>3018.2</ele>
        <time>2026-08-07T04:23:32Z</time>
      </trkpt>
      <trkpt lat="44.283621" lon="6.971696">
        <ele>3018.2</ele>
        <time>2026-08-07T04:23:45Z</time>
      </trkpt>
      <trkpt lat="44.283602" lon="6.971668">
        <ele>3018.4</ele>
        <time>2026-08-07T04:23:52Z</time>
      </trkpt>
      <trkpt lat="44.283587" lon="6.971664">
        <ele>3018.2</ele>
        <time>2026-08-07T04:24:00Z</time>
      </trkpt>
      <trkpt lat="44.283575" lon="6.971669">
        <ele>3017.6</ele>
        <time>2026-08-07T04:24:03Z</time>
      </trkpt>
      <trkpt lat="44.283575" lon="6.971679">
        <ele>3017.8</ele>
        <time>2026-08-07T04:24:09Z</time>
      </trkpt>
      <trkpt lat="44.283571" lon="6.971676">
        <ele>3017.4</ele>
        <time>2026-08-07T04:24:16Z</time>
      </trkpt>
      <trkpt lat="44.283553" lon="6.971658">
        <ele>3017.6</ele>
        <time>2026-08-07T04:24:25Z</time>
      </trkpt>
      <trkpt lat="44.283535" lon="6.971672">
        <ele>3017.0</ele>
        <time>2026-08-07T04:24:47Z</time>
      </trkpt>
      <trkpt lat="44.283554" lon="6.971673">
        <ele>3017.2</ele>
        <time>2026-08-07T04:25:00Z</time>
      </trkpt>
      <trkpt lat="44.283567" lon="6.97167">
        <ele>3017.4</ele>
        <time>2026-08-07T04:25:08Z</time>
      </trkpt>
      <trkpt lat="44.283557" lon="6.971649">
        <ele>3017.2</ele>
        <time>2026-08-07T04:25:17Z</time>
      </trkpt>
      <trkpt lat="44.28355" lon="6.971646">
        <ele>3017.4</ele>
        <time>2026-08-07T04:25:20Z</time>
      </trkpt>
      <trkpt lat="44.283547" lon="6.971646">
        <ele>3017.4</ele>
        <time>2026-08-07T04:25:22Z</time>
      </trkpt>
      <trkpt lat="44.283546" lon="6.971644">
        <ele>3017.6</ele>
        <time>2026-08-07T04:25:24Z</time>
      </trkpt>
      <trkpt lat="44.283546" lon="6.971652">
        <ele>3017.4</ele>
        <time>2026-08-07T04:25:28Z</time>
      </trkpt>
      <trkpt lat="44.283552" lon="6.971654">
        <ele>3017.6</ele>
        <time>2026-08-07T04:25:33Z</time>
      </trkpt>
      <trkpt lat="44.283555" lon="6.971652">
        <ele>3017.8</ele>
        <time>2026-08-07T04:25:36Z</time>
      </trkpt>
      <trkpt lat="44.283565" lon="6.97166">
        <ele>3017.8</ele>
        <time>2026-08-07T04:26:01Z</time>
      </trkpt>
      <trkpt lat="44.283564" lon="6.971651">
        <ele>3018.0</ele>
        <time>2026-08-07T04:26:22Z</time>
      </trkpt>
      <trkpt lat="44.283558" lon="6.971657">
        <ele>3018.0</ele>
        <time>2026-08-07T04:26:33Z</time>
      </trkpt>
      <trkpt lat="44.283599" lon="6.971684">
        <ele>3018.6</ele>
        <time>2026-08-07T04:26:40Z</time>
      </trkpt>
      <trkpt lat="44.28362" lon="6.971693">
        <ele>3019.2</ele>
        <time>2026-08-07T04:26:46Z</time>
      </trkpt>
      <trkpt lat="44.283643" lon="6.971709">
        <ele>3019.6</ele>
        <time>2026-08-07T04:26:51Z</time>
      </trkpt>
      <trkpt lat="44.283643" lon="6.9717">
        <ele>3019.2</ele>
        <time>2026-08-07T04:27:00Z</time>
      </trkpt>
      <trkpt lat="44.283674" lon="6.97169">
        <ele>3019.0</ele>
        <time>2026-08-07T04:27:09Z</time>
      </trkpt>
      <trkpt lat="44.283683" lon="6.971664">
        <ele>3019.0</ele>
        <time>2026-08-07T04:27:16Z</time>
      </trkpt>
      <trkpt lat="44.283709" lon="6.971681">
        <ele>3018.4</ele>
        <time>2026-08-07T04:27:24Z</time>
      </trkpt>
      <trkpt lat="44.283731" lon="6.971664">
        <ele>3018.6</ele>
        <time>2026-08-07T04:27:32Z</time>
      </trkpt>
      <trkpt lat="44.283715" lon="6.971671">
        <ele>3018.6</ele>
        <time>2026-08-07T04:27:45Z</time>
      </trkpt>
      <trkpt lat="44.283718" lon="6.971693">
        <ele>3018.4</ele>
        <time>2026-08-07T04:27:54Z</time>
      </trkpt>
      <trkpt lat="44.283718" lon="6.971695">
        <ele>3018.2</ele>
        <time>2026-08-07T04:28:05Z</time>
      </trkpt>
      <trkpt lat="44.283708" lon="6.971677">
        <ele>3018.6</ele>
        <time>2026-08-07T04:28:19Z</time>
      </trkpt>
      <trkpt lat="44.283725" lon="6.97165">
        <ele>3018.6</ele>
        <time>2026-08-07T04:28:28Z</time>
      </trkpt>
      <trkpt lat="44.28371" lon="6.971651">
        <ele>3018.8</ele>
        <time>2026-08-07T04:28:35Z</time>
      </trkpt>
      <trkpt lat="44.283711" lon="6.971657">
        <ele>3018.8</ele>
        <time>2026-08-07T04:28:45Z</time>
      </trkpt>
      <trkpt lat="44.28373" lon="6.971689">
        <ele>3018.6</ele>
        <time>2026-08-07T04:28:52Z</time>
      </trkpt>
      <trkpt lat="44.283736" lon="6.971697">
        <ele>3018.4</ele>
        <time>2026-08-07T04:28:54Z</time>
      </trkpt>
      <trkpt lat="44.283731" lon="6.971701">
        <ele>3018.2</ele>
        <time>2026-08-07T04:29:00Z</time>
      </trkpt>
      <trkpt lat="44.283729" lon="6.971684">
        <ele>3018.2</ele>
        <time>2026-08-07T04:29:11Z</time>
      </trkpt>
      <trkpt lat="44.283709" lon="6.971675">
        <ele>3018.2</ele>
        <time>2026-08-07T04:29:20Z</time>
      </trkpt>
      <trkpt lat="44.283721" lon="6.971673">
        <ele>3018.6</ele>
        <time>2026-08-07T04:29:29Z</time>
      </trkpt>
      <trkpt lat="44.283767" lon="6.9717">
        <ele>3018.6</ele>
        <time>2026-08-07T04:29:36Z</time>
      </trkpt>
      <trkpt lat="44.283751" lon="6.971687">
        <ele>3018.6</ele>
        <time>2026-08-07T04:29:45Z</time>
      </trkpt>
      <trkpt lat="44.283755" lon="6.971687">
        <ele>3018.6</ele>
        <time>2026-08-07T04:29:51Z</time>
      </trkpt>
      <trkpt lat="44.283715" lon="6.971687">
        <ele>3018.2</ele>
        <time>2026-08-07T04:30:00Z</time>
      </trkpt>
      <trkpt lat="44.283725" lon="6.971682">
        <ele>3018.8</ele>
        <time>2026-08-07T04:30:10Z</time>
      </trkpt>
      <trkpt lat="44.283723" lon="6.971697">
        <ele>3019.0</ele>
        <time>2026-08-07T04:30:18Z</time>
      </trkpt>
      <trkpt lat="44.283718" lon="6.971726">
        <ele>3019.2</ele>
        <time>2026-08-07T04:30:25Z</time>
      </trkpt>
      <trkpt lat="44.283724" lon="6.971712">
        <ele>3019.4</ele>
        <time>2026-08-07T04:30:31Z</time>
      </trkpt>
      <trkpt lat="44.283717" lon="6.971722">
        <ele>3019.6</ele>
        <time>2026-08-07T04:30:36Z</time>
      </trkpt>
      <trkpt lat="44.283713" lon="6.971715">
        <ele>3019.8</ele>
        <time>2026-08-07T04:30:45Z</time>
      </trkpt>
      <trkpt lat="44.283717" lon="6.971717">
        <ele>3019.8</ele>
        <time>2026-08-07T04:30:55Z</time>
      </trkpt>
      <trkpt lat="44.283706" lon="6.971705">
        <ele>3020.2</ele>
        <time>2026-08-07T04:31:05Z</time>
      </trkpt>
      <trkpt lat="44.283718" lon="6.9717">
        <ele>3019.8</ele>
        <time>2026-08-07T04:31:10Z</time>
      </trkpt>
      <trkpt lat="44.283729" lon="6.971697">
        <ele>3019.4</ele>
        <time>2026-08-07T04:31:16Z</time>
      </trkpt>
      <trkpt lat="44.283738" lon="6.971681">
        <ele>3019.4</ele>
        <time>2026-08-07T04:31:26Z</time>
      </trkpt>
      <trkpt lat="44.283729" lon="6.971686">
        <ele>3019.6</ele>
        <time>2026-08-07T04:31:38Z</time>
      </trkpt>
      <trkpt lat="44.283731" lon="6.971697">
        <ele>3019.6</ele>
        <time>2026-08-07T04:31:46Z</time>
      </trkpt>
      <trkpt lat="44.283738" lon="6.971696">
        <ele>3019.4</ele>
        <time>2026-08-07T04:31:52Z</time>
      </trkpt>
      <trkpt lat="44.283741" lon="6.971692">
        <ele>3019.4</ele>
        <time>2026-08-07T04:31:53Z</time>
      </trkpt>
      <trkpt lat="44.283746" lon="6.971692">
        <ele>3019.6</ele>
        <time>2026-08-07T04:31:54Z</time>
      </trkpt>
      <trkpt lat="44.283746" lon="6.971691">
        <ele>3019.6</ele>
        <time>2026-08-07T04:31:55Z</time>
      </trkpt>
      <trkpt lat="44.283748" lon="6.97169">
        <ele>3019.6</ele>
        <time>2026-08-07T04:31:56Z</time>
      </trkpt>
      <trkpt lat="44.283726" lon="6.97169">
        <ele>3019.8</ele>
        <time>2026-08-07T04:32:06Z</time>
      </trkpt>
      <trkpt lat="44.283732" lon="6.97168">
        <ele>3019.8</ele>
        <time>2026-08-07T04:32:16Z</time>
      </trkpt>
      <trkpt lat="44.283746" lon="6.971676">
        <ele>3019.4</ele>
        <time>2026-08-07T04:32:24Z</time>
      </trkpt>
      <trkpt lat="44.283745" lon="6.971664">
        <ele>3019.8</ele>
        <time>2026-08-07T04:32:30Z</time>
      </trkpt>
      <trkpt lat="44.283718" lon="6.971674">
        <ele>3019.8</ele>
        <time>2026-08-07T04:32:38Z</time>
      </trkpt>
      <trkpt lat="44.283713" lon="6.971681">
        <ele>3019.6</ele>
        <time>2026-08-07T04:32:48Z</time>
      </trkpt>
      <trkpt lat="44.283717" lon="6.971702">
        <ele>3019.6</ele>
        <time>2026-08-07T04:32:58Z</time>
      </trkpt>
      <trkpt lat="44.283731" lon="6.971675">
        <ele>3019.6</ele>
        <time>2026-08-07T04:33:12Z</time>
      </trkpt>
      <trkpt lat="44.283734" lon="6.971679">
        <ele>3019.4</ele>
        <time>2026-08-07T04:33:15Z</time>
      </trkpt>
      <trkpt lat="44.283733" lon="6.97168">
        <ele>3019.4</ele>
        <time>2026-08-07T04:33:16Z</time>
      </trkpt>
      <trkpt lat="44.283734" lon="6.971667">
        <ele>3019.4</ele>
        <time>2026-08-07T04:33:18Z</time>
      </trkpt>
      <trkpt lat="44.283731" lon="6.971653">
        <ele>3019.6</ele>
        <time>2026-08-07T04:33:21Z</time>
      </trkpt>
      <trkpt lat="44.283719" lon="6.97165">
        <ele>3019.6</ele>
        <time>2026-08-07T04:33:24Z</time>
      </trkpt>
      <trkpt lat="44.283691" lon="6.971672">
        <ele>3019.6</ele>
        <time>2026-08-07T04:33:32Z</time>
      </trkpt>
      <trkpt lat="44.28372" lon="6.971681">
        <ele>3019.4</ele>
        <time>2026-08-07T04:33:39Z</time>
      </trkpt>
      <trkpt lat="44.283719" lon="6.971697">
        <ele>3019.8</ele>
        <time>2026-08-07T04:33:49Z</time>
      </trkpt>
      <trkpt lat="44.283743" lon="6.971689">
        <ele>3019.8</ele>
        <time>2026-08-07T04:33:58Z</time>
      </trkpt>
      <trkpt lat="44.283718" lon="6.971697">
        <ele>3019.8</ele>
        <time>2026-08-07T04:34:06Z</time>
      </trkpt>
      <trkpt lat="44.28374" lon="6.971678">
        <ele>3020.0</ele>
        <time>2026-08-07T04:34:17Z</time>
      </trkpt>
      <trkpt lat="44.283743" lon="6.971684">
        <ele>3020.0</ele>
        <time>2026-08-07T04:34:24Z</time>
      </trkpt>
      <trkpt lat="44.283727" lon="6.971683">
        <ele>3020.2</ele>
        <time>2026-08-07T04:34:31Z</time>
      </trkpt>
      <trkpt lat="44.283734" lon="6.971667">
        <ele>3020.0</ele>
        <time>2026-08-07T04:34:37Z</time>
      </trkpt>
      <trkpt lat="44.283726" lon="6.971676">
        <ele>3020.4</ele>
        <time>2026-08-07T04:34:41Z</time>
      </trkpt>
      <trkpt lat="44.283721" lon="6.971695">
        <ele>3020.2</ele>
        <time>2026-08-07T04:34:48Z</time>
      </trkpt>
      <trkpt lat="44.283716" lon="6.971686">
        <ele>3020.0</ele>
        <time>2026-08-07T04:34:59Z</time>
      </trkpt>
      <trkpt lat="44.283712" lon="6.971695">
        <ele>3020.4</ele>
        <time>2026-08-07T04:35:11Z</time>
      </trkpt>
      <trkpt lat="44.283704" lon="6.97168">
        <ele>3020.2</ele>
        <time>2026-08-07T04:35:20Z</time>
      </trkpt>
      <trkpt lat="44.283704" lon="6.971693">
        <ele>3020.2</ele>
        <time>2026-08-07T04:35:34Z</time>
      </trkpt>
      <trkpt lat="44.283696" lon="6.971687">
        <ele>3020.2</ele>
        <time>2026-08-07T04:35:38Z</time>
      </trkpt>
      <trkpt lat="44.283689" lon="6.971687">
        <ele>3020.4</ele>
        <time>2026-08-07T04:35:41Z</time>
      </trkpt>
      <trkpt lat="44.283693" lon="6.971673">
        <ele>3020.4</ele>
        <time>2026-08-07T04:35:45Z</time>
      </trkpt>
      <trkpt lat="44.283679" lon="6.971686">
        <ele>3020.4</ele>
        <time>2026-08-07T04:35:57Z</time>
      </trkpt>
      <trkpt lat="44.283683" lon="6.971691">
        <ele>3020.6</ele>
        <time>2026-08-07T04:36:09Z</time>
      </trkpt>
      <trkpt lat="44.283679" lon="6.971695">
        <ele>3020.6</ele>
        <time>2026-08-07T04:36:19Z</time>
      </trkpt>
      <trkpt lat="44.283671" lon="6.971702">
        <ele>3020.6</ele>
        <time>2026-08-07T04:36:31Z</time>
      </trkpt>
      <trkpt lat="44.283712" lon="6.971696">
        <ele>3020.6</ele>
        <time>2026-08-07T04:36:39Z</time>
      </trkpt>
      <trkpt lat="44.283717" lon="6.971694">
        <ele>3020.6</ele>
        <time>2026-08-07T04:36:41Z</time>
      </trkpt>
      <trkpt lat="44.283726" lon="6.971687">
        <ele>3020.8</ele>
        <time>2026-08-07T04:36:47Z</time>
      </trkpt>
      <trkpt lat="44.283729" lon="6.971692">
        <ele>3020.8</ele>
        <time>2026-08-07T04:36:56Z</time>
      </trkpt>
      <trkpt lat="44.283722" lon="6.971689">
        <ele>3021.0</ele>
        <time>2026-08-07T04:37:07Z</time>
      </trkpt>
      <trkpt lat="44.28372" lon="6.971688">
        <ele>3021.0</ele>
        <time>2026-08-07T04:37:10Z</time>
      </trkpt>
      <trkpt lat="44.283727" lon="6.971692">
        <ele>3021.2</ele>
        <time>2026-08-07T04:37:20Z</time>
      </trkpt>
      <trkpt lat="44.283718" lon="6.971675">
        <ele>3021.6</ele>
        <time>2026-08-07T04:37:30Z</time>
      </trkpt>
      <trkpt lat="44.283731" lon="6.971696">
        <ele>3021.8</ele>
        <time>2026-08-07T04:37:42Z</time>
      </trkpt>
      <trkpt lat="44.283726" lon="6.971696">
        <ele>3021.8</ele>
        <time>2026-08-07T04:37:44Z</time>
      </trkpt>
      <trkpt lat="44.283733" lon="6.9717">
        <ele>3021.8</ele>
        <time>2026-08-07T04:37:51Z</time>
      </trkpt>
      <trkpt lat="44.283737" lon="6.9717">
        <ele>3021.8</ele>
        <time>2026-08-07T04:37:54Z</time>
      </trkpt>
      <trkpt lat="44.283723" lon="6.971705">
        <ele>3021.6</ele>
        <time>2026-08-07T04:38:05Z</time>
      </trkpt>
      <trkpt lat="44.283722" lon="6.971677">
        <ele>3021.6</ele>
        <time>2026-08-07T04:38:17Z</time>
      </trkpt>
      <trkpt lat="44.28372" lon="6.971675">
        <ele>3021.6</ele>
        <time>2026-08-07T04:38:18Z</time>
      </trkpt>
      <trkpt lat="44.283717" lon="6.971684">
        <ele>3021.6</ele>
        <time>2026-08-07T04:38:21Z</time>
      </trkpt>
      <trkpt lat="44.28373" lon="6.971682">
        <ele>3021.6</ele>
        <time>2026-08-07T04:38:27Z</time>
      </trkpt>
      <trkpt lat="44.283735" lon="6.971691">
        <ele>3021.6</ele>
        <time>2026-08-07T04:38:37Z</time>
      </trkpt>
      <trkpt lat="44.283725" lon="6.971672">
        <ele>3021.8</ele>
        <time>2026-08-07T04:38:47Z</time>
      </trkpt>
      <trkpt lat="44.283712" lon="6.971673">
        <ele>3022.0</ele>
        <time>2026-08-07T04:38:59Z</time>
      </trkpt>
      <trkpt lat="44.283696" lon="6.971678">
        <ele>3021.8</ele>
        <time>2026-08-07T04:39:12Z</time>
      </trkpt>
      <trkpt lat="44.283698" lon="6.971653">
        <ele>3022.0</ele>
        <time>2026-08-07T04:39:18Z</time>
      </trkpt>
      <trkpt lat="44.2837" lon="6.97163">
        <ele>3021.8</ele>
        <time>2026-08-07T04:39:22Z</time>
      </trkpt>
      <trkpt lat="44.283724" lon="6.971684">
        <ele>3021.8</ele>
        <time>2026-08-07T04:39:30Z</time>
      </trkpt>
      <trkpt lat="44.283723" lon="6.971672">
        <ele>3021.6</ele>
        <time>2026-08-07T04:39:38Z</time>
      </trkpt>
      <trkpt lat="44.283729" lon="6.971672">
        <ele>3021.6</ele>
        <time>2026-08-07T04:39:42Z</time>
      </trkpt>
      <trkpt lat="44.283728" lon="6.971669">
        <ele>3021.8</ele>
        <time>2026-08-07T04:39:52Z</time>
      </trkpt>
      <trkpt lat="44.283713" lon="6.971696">
        <ele>3021.8</ele>
        <time>2026-08-07T04:40:05Z</time>
      </trkpt>
      <trkpt lat="44.283738" lon="6.971678">
        <ele>3021.8</ele>
        <time>2026-08-07T04:40:16Z</time>
      </trkpt>
      <trkpt lat="44.283747" lon="6.971682">
        <ele>3022.0</ele>
        <time>2026-08-07T04:40:26Z</time>
      </trkpt>
      <trkpt lat="44.283738" lon="6.971655">
        <ele>3022.0</ele>
        <time>2026-08-07T04:40:39Z</time>
      </trkpt>
      <trkpt lat="44.283729" lon="6.971679">
        <ele>3022.0</ele>
        <time>2026-08-07T04:40:49Z</time>
      </trkpt>
      <trkpt lat="44.28372" lon="6.971684">
        <ele>3022.0</ele>
        <time>2026-08-07T04:40:59Z</time>
      </trkpt>
      <trkpt lat="44.283717" lon="6.971687">
        <ele>3022.2</ele>
        <time>2026-08-07T04:41:09Z</time>
      </trkpt>
      <trkpt lat="44.283723" lon="6.971687">
        <ele>3022.8</ele>
        <time>2026-08-07T04:41:18Z</time>
      </trkpt>
      <trkpt lat="44.283722" lon="6.971683">
        <ele>3022.8</ele>
        <time>2026-08-07T04:41:19Z</time>
      </trkpt>
      <trkpt lat="44.283737" lon="6.971661">
        <ele>3022.4</ele>
        <time>2026-08-07T04:41:29Z</time>
      </trkpt>
      <trkpt lat="44.28375" lon="6.971636">
        <ele>3022.4</ele>
        <time>2026-08-07T04:41:39Z</time>
      </trkpt>
      <trkpt lat="44.283723" lon="6.971637">
        <ele>3022.4</ele>
        <time>2026-08-07T04:41:48Z</time>
      </trkpt>
      <trkpt lat="44.283691" lon="6.971663">
        <ele>3022.6</ele>
        <time>2026-08-07T04:41:57Z</time>
      </trkpt>
      <trkpt lat="44.283708" lon="6.971673">
        <ele>3022.8</ele>
        <time>2026-08-07T04:42:09Z</time>
      </trkpt>
      <trkpt lat="44.283735" lon="6.971674">
        <ele>3022.8</ele>
        <time>2026-08-07T04:42:19Z</time>
      </trkpt>
      <trkpt lat="44.283709" lon="6.971676">
        <ele>3023.0</ele>
        <time>2026-08-07T04:42:29Z</time>
      </trkpt>
      <trkpt lat="44.283716" lon="6.971665">
        <ele>3022.6</ele>
        <time>2026-08-07T04:42:42Z</time>
      </trkpt>
      <trkpt lat="44.283723" lon="6.971675">
        <ele>3022.8</ele>
        <time>2026-08-07T04:42:49Z</time>
      </trkpt>
      <trkpt lat="44.283721" lon="6.971688">
        <ele>3022.8</ele>
        <time>2026-08-07T04:42:54Z</time>
      </trkpt>
      <trkpt lat="44.283736" lon="6.971656">
        <ele>3022.8</ele>
        <time>2026-08-07T04:43:05Z</time>
      </trkpt>
      <trkpt lat="44.283724" lon="6.971668">
        <ele>3022.8</ele>
        <time>2026-08-07T04:43:08Z</time>
      </trkpt>
      <trkpt lat="44.283694" lon="6.971672">
        <ele>3022.8</ele>
        <time>2026-08-07T04:43:16Z</time>
      </trkpt>
      <trkpt lat="44.283671" lon="6.971693">
        <ele>3022.8</ele>
        <time>2026-08-07T04:43:23Z</time>
      </trkpt>
      <trkpt lat="44.283736" lon="6.971718">
        <ele>3022.8</ele>
        <time>2026-08-07T04:43:29Z</time>
      </trkpt>
      <trkpt lat="44.283729" lon="6.971681">
        <ele>3023.0</ele>
        <time>2026-08-07T04:43:38Z</time>
      </trkpt>
      <trkpt lat="44.283725" lon="6.971687">
        <ele>3022.8</ele>
        <time>2026-08-07T04:43:44Z</time>
      </trkpt>
      <trkpt lat="44.28372" lon="6.971689">
        <ele>3023.0</ele>
        <time>2026-08-07T04:43:48Z</time>
      </trkpt>
      <trkpt lat="44.283715" lon="6.971697">
        <ele>3023.0</ele>
        <time>2026-08-07T04:44:00Z</time>
      </trkpt>
      <trkpt lat="44.283712" lon="6.971671">
        <ele>3023.2</ele>
        <time>2026-08-07T04:44:09Z</time>
      </trkpt>
      <trkpt lat="44.28371" lon="6.971672">
        <ele>3023.2</ele>
        <time>2026-08-07T04:44:10Z</time>
      </trkpt>
      <trkpt lat="44.283695" lon="6.971684">
        <ele>3023.6</ele>
        <time>2026-08-07T04:44:22Z</time>
      </trkpt>
      <trkpt lat="44.283721" lon="6.971692">
        <ele>3023.4</ele>
        <time>2026-08-07T04:44:31Z</time>
      </trkpt>
      <trkpt lat="44.283726" lon="6.971688">
        <ele>3023.6</ele>
        <time>2026-08-07T04:44:40Z</time>
      </trkpt>
      <trkpt lat="44.283728" lon="6.971689">
        <ele>3023.8</ele>
        <time>2026-08-07T04:44:41Z</time>
      </trkpt>
      <trkpt lat="44.283728" lon="6.971691">
        <ele>3023.8</ele>
        <time>2026-08-07T04:44:42Z</time>
      </trkpt>
      <trkpt lat="44.283739" lon="6.971677">
        <ele>3023.6</ele>
        <time>2026-08-07T04:44:53Z</time>
      </trkpt>
      <trkpt lat="44.283693" lon="6.97169">
        <ele>3023.8</ele>
        <time>2026-08-07T04:45:03Z</time>
      </trkpt>
      <trkpt lat="44.283709" lon="6.971699">
        <ele>3023.8</ele>
        <time>2026-08-07T04:45:12Z</time>
      </trkpt>
      <trkpt lat="44.28371" lon="6.971697">
        <ele>3023.8</ele>
        <time>2026-08-07T04:45:15Z</time>
      </trkpt>
      <trkpt lat="44.283717" lon="6.971692">
        <ele>3023.8</ele>
        <time>2026-08-07T04:45:23Z</time>
      </trkpt>
      <trkpt lat="44.283707" lon="6.971684">
        <ele>3023.8</ele>
        <time>2026-08-07T04:45:34Z</time>
      </trkpt>
      <trkpt lat="44.283707" lon="6.971682">
        <ele>3023.8</ele>
        <time>2026-08-07T04:45:38Z</time>
      </trkpt>
      <trkpt lat="44.283706" lon="6.971676">
        <ele>3023.8</ele>
        <time>2026-08-07T04:45:45Z</time>
      </trkpt>
      <trkpt lat="44.283721" lon="6.971673">
        <ele>3023.8</ele>
        <time>2026-08-07T04:45:50Z</time>
      </trkpt>
      <trkpt lat="44.283739" lon="6.971685">
        <ele>3023.8</ele>
        <time>2026-08-07T04:45:55Z</time>
      </trkpt>
      <trkpt lat="44.283739" lon="6.971688">
        <ele>3023.8</ele>
        <time>2026-08-07T04:45:56Z</time>
      </trkpt>
      <trkpt lat="44.283718" lon="6.971692">
        <ele>3023.8</ele>
        <time>2026-08-07T04:46:05Z</time>
      </trkpt>
      <trkpt lat="44.283722" lon="6.971697">
        <ele>3023.8</ele>
        <time>2026-08-07T04:46:11Z</time>
      </trkpt>
      <trkpt lat="44.283704" lon="6.971701">
        <ele>3024.0</ele>
        <time>2026-08-07T04:46:19Z</time>
      </trkpt>
      <trkpt lat="44.283703" lon="6.971711">
        <ele>3024.0</ele>
        <time>2026-08-07T04:46:31Z</time>
      </trkpt>
      <trkpt lat="44.283721" lon="6.971689">
        <ele>3024.0</ele>
        <time>2026-08-07T04:46:42Z</time>
      </trkpt>
      <trkpt lat="44.283714" lon="6.97168">
        <ele>3024.0</ele>
        <time>2026-08-07T04:46:52Z</time>
      </trkpt>
      <trkpt lat="44.283725" lon="6.971701">
        <ele>3024.2</ele>
        <time>2026-08-07T04:47:05Z</time>
      </trkpt>
      <trkpt lat="44.283733" lon="6.971692">
        <ele>3024.0</ele>
        <time>2026-08-07T04:47:14Z</time>
      </trkpt>
      <trkpt lat="44.283736" lon="6.971675">
        <ele>3024.2</ele>
        <time>2026-08-07T04:47:24Z</time>
      </trkpt>
      <trkpt lat="44.283725" lon="6.971678">
        <ele>3024.2</ele>
        <time>2026-08-07T04:47:34Z</time>
      </trkpt>
      <trkpt lat="44.283713" lon="6.971681">
        <ele>3024.4</ele>
        <time>2026-08-07T04:47:43Z</time>
      </trkpt>
      <trkpt lat="44.283693" lon="6.971678">
        <ele>3024.4</ele>
        <time>2026-08-07T04:47:55Z</time>
      </trkpt>
      <trkpt lat="44.28369" lon="6.971675">
        <ele>3024.6</ele>
        <time>2026-08-07T04:48:03Z</time>
      </trkpt>
      <trkpt lat="44.283686" lon="6.971669">
        <ele>3024.6</ele>
        <time>2026-08-07T04:48:05Z</time>
      </trkpt>
      <trkpt lat="44.283705" lon="6.971656">
        <ele>3024.8</ele>
        <time>2026-08-07T04:48:12Z</time>
      </trkpt>
      <trkpt lat="44.283706" lon="6.97165">
        <ele>3024.8</ele>
        <time>2026-08-07T04:48:15Z</time>
      </trkpt>
      <trkpt lat="44.283743" lon="6.971656">
        <ele>3024.6</ele>
        <time>2026-08-07T04:48:22Z</time>
      </trkpt>
      <trkpt lat="44.283757" lon="6.971666">
        <ele>3024.8</ele>
        <time>2026-08-07T04:48:26Z</time>
      </trkpt>
      <trkpt lat="44.283738" lon="6.971682">
        <ele>3024.6</ele>
        <time>2026-08-07T04:48:32Z</time>
      </trkpt>
      <trkpt lat="44.28373" lon="6.971671">
        <ele>3024.6</ele>
        <time>2026-08-07T04:48:40Z</time>
      </trkpt>
      <trkpt lat="44.283733" lon="6.971665">
        <ele>3024.6</ele>
        <time>2026-08-07T04:48:42Z</time>
      </trkpt>
      <trkpt lat="44.283734" lon="6.971661">
        <ele>3024.6</ele>
        <time>2026-08-07T04:48:43Z</time>
      </trkpt>
      <trkpt lat="44.283739" lon="6.971623">
        <ele>3024.4</ele>
        <time>2026-08-07T04:48:54Z</time>
      </trkpt>
      <trkpt lat="44.283743" lon="6.971605">
        <ele>3024.2</ele>
        <time>2026-08-07T04:49:02Z</time>
      </trkpt>
      <trkpt lat="44.283743" lon="6.971602">
        <ele>3024.0</ele>
        <time>2026-08-07T04:49:07Z</time>
      </trkpt>
      <trkpt lat="44.283739" lon="6.971598">
        <ele>3024.2</ele>
        <time>2026-08-07T04:49:11Z</time>
      </trkpt>
      <trkpt lat="44.283697" lon="6.971664">
        <ele>3024.0</ele>
        <time>2026-08-07T04:49:18Z</time>
      </trkpt>
      <trkpt lat="44.283694" lon="6.971674">
        <ele>3024.0</ele>
        <time>2026-08-07T04:49:20Z</time>
      </trkpt>
      <trkpt lat="44.283704" lon="6.971679">
        <ele>3023.8</ele>
        <time>2026-08-07T04:49:29Z</time>
      </trkpt>
      <trkpt lat="44.283713" lon="6.971683">
        <ele>3024.0</ele>
        <time>2026-08-07T04:49:34Z</time>
      </trkpt>
      <trkpt lat="44.283724" lon="6.971689">
        <ele>3023.8</ele>
        <time>2026-08-07T04:49:40Z</time>
      </trkpt>
      <trkpt lat="44.283728" lon="6.971681">
        <ele>3023.8</ele>
        <time>2026-08-07T04:49:41Z</time>
      </trkpt>
      <trkpt lat="44.283728" lon="6.971666">
        <ele>3024.0</ele>
        <time>2026-08-07T04:49:48Z</time>
      </trkpt>
      <trkpt lat="44.283721" lon="6.971674">
        <ele>3024.0</ele>
        <time>2026-08-07T04:49:50Z</time>
      </trkpt>
      <trkpt lat="44.283708" lon="6.97168">
        <ele>3024.4</ele>
        <time>2026-08-07T04:49:59Z</time>
      </trkpt>
      <trkpt lat="44.283709" lon="6.971685">
        <ele>3024.4</ele>
        <time>2026-08-07T04:50:01Z</time>
      </trkpt>
      <trkpt lat="44.283702" lon="6.971686">
        <ele>3024.6</ele>
        <time>2026-08-07T04:50:10Z</time>
      </trkpt>
      <trkpt lat="44.283702" lon="6.971687">
        <ele>3024.6</ele>
        <time>2026-08-07T04:50:11Z</time>
      </trkpt>
      <trkpt lat="44.283703" lon="6.971692">
        <ele>3024.8</ele>
        <time>2026-08-07T04:50:14Z</time>
      </trkpt>
      <trkpt lat="44.283702" lon="6.971692">
        <ele>3024.8</ele>
        <time>2026-08-07T04:50:15Z</time>
      </trkpt>
      <trkpt lat="44.283712" lon="6.971702">
        <ele>3025.2</ele>
        <time>2026-08-07T04:50:23Z</time>
      </trkpt>
      <trkpt lat="44.283724" lon="6.9717">
        <ele>3025.2</ele>
        <time>2026-08-07T04:50:28Z</time>
      </trkpt>
      <trkpt lat="44.283724" lon="6.971699">
        <ele>3025.2</ele>
        <time>2026-08-07T04:50:29Z</time>
      </trkpt>
      <trkpt lat="44.283727" lon="6.971701">
        <ele>3025.4</ele>
        <time>2026-08-07T04:50:31Z</time>
      </trkpt>
      <trkpt lat="44.283731" lon="6.971702">
        <ele>3026.0</ele>
        <time>2026-08-07T04:50:34Z</time>
      </trkpt>
      <trkpt lat="44.283711" lon="6.9717">
        <ele>3026.0</ele>
        <time>2026-08-07T04:50:44Z</time>
      </trkpt>
      <trkpt lat="44.283719" lon="6.971693">
        <ele>3025.6</ele>
        <time>2026-08-07T04:50:48Z</time>
      </trkpt>
      <trkpt lat="44.283734" lon="6.971678">
        <ele>3025.6</ele>
        <time>2026-08-07T04:50:53Z</time>
      </trkpt>
      <trkpt lat="44.283748" lon="6.971674">
        <ele>3025.6</ele>
        <time>2026-08-07T04:51:00Z</time>
      </trkpt>
      <trkpt lat="44.283756" lon="6.971675">
        <ele>3025.6</ele>
        <time>2026-08-07T04:51:03Z</time>
      </trkpt>
      <trkpt lat="44.28371" lon="6.971688">
        <ele>3026.0</ele>
        <time>2026-08-07T04:51:15Z</time>
      </trkpt>
      <trkpt lat="44.283696" lon="6.971705">
        <ele>3025.8</ele>
        <time>2026-08-07T04:51:23Z</time>
      </trkpt>
      <trkpt lat="44.283714" lon="6.971688">
        <ele>3025.8</ele>
        <time>2026-08-07T04:51:33Z</time>
      </trkpt>
      <trkpt lat="44.28371" lon="6.97169">
        <ele>3026.0</ele>
        <time>2026-08-07T04:51:45Z</time>
      </trkpt>
      <trkpt lat="44.283723" lon="6.971675">
        <ele>3026.0</ele>
        <time>2026-08-07T04:51:56Z</time>
      </trkpt>
      <trkpt lat="44.283722" lon="6.971666">
        <ele>3026.0</ele>
        <time>2026-08-07T04:52:02Z</time>
      </trkpt>
      <trkpt lat="44.28372" lon="6.971667">
        <ele>3026.0</ele>
        <time>2026-08-07T04:52:06Z</time>
      </trkpt>
      <trkpt lat="44.283725" lon="6.971686">
        <ele>3026.2</ele>
        <time>2026-08-07T04:52:15Z</time>
      </trkpt>
      <trkpt lat="44.283718" lon="6.971677">
        <ele>3026.2</ele>
        <time>2026-08-07T04:52:27Z</time>
      </trkpt>
      <trkpt lat="44.283714" lon="6.971689">
        <ele>3026.4</ele>
        <time>2026-08-07T04:52:32Z</time>
      </trkpt>
      <trkpt lat="44.283716" lon="6.971695">
        <ele>3026.4</ele>
        <time>2026-08-07T04:52:37Z</time>
      </trkpt>
      <trkpt lat="44.28372" lon="6.971702">
        <ele>3026.2</ele>
        <time>2026-08-07T04:52:43Z</time>
      </trkpt>
      <trkpt lat="44.28372" lon="6.971701">
        <ele>3026.2</ele>
        <time>2026-08-07T04:52:44Z</time>
      </trkpt>
      <trkpt lat="44.283719" lon="6.971695">
        <ele>3026.2</ele>
        <time>2026-08-07T04:52:46Z</time>
      </trkpt>
      <trkpt lat="44.283713" lon="6.971689">
        <ele>3026.4</ele>
        <time>2026-08-07T04:52:48Z</time>
      </trkpt>
      <trkpt lat="44.283696" lon="6.971682">
        <ele>3026.4</ele>
        <time>2026-08-07T04:52:53Z</time>
      </trkpt>
      <trkpt lat="44.283694" lon="6.971683">
        <ele>3026.4</ele>
        <time>2026-08-07T04:52:54Z</time>
      </trkpt>
      <trkpt lat="44.283693" lon="6.971683">
        <ele>3026.4</ele>
        <time>2026-08-07T04:52:55Z</time>
      </trkpt>
      <trkpt lat="44.283692" lon="6.971682">
        <ele>3026.6</ele>
        <time>2026-08-07T04:52:58Z</time>
      </trkpt>
      <trkpt lat="44.283701" lon="6.971686">
        <ele>3026.6</ele>
        <time>2026-08-07T04:53:10Z</time>
      </trkpt>
      <trkpt lat="44.283706" lon="6.971698">
        <ele>3026.6</ele>
        <time>2026-08-07T04:53:15Z</time>
      </trkpt>
      <trkpt lat="44.283707" lon="6.9717">
        <ele>3026.6</ele>
        <time>2026-08-07T04:53:20Z</time>
      </trkpt>
      <trkpt lat="44.283719" lon="6.971694">
        <ele>3026.8</ele>
        <time>2026-08-07T04:53:32Z</time>
      </trkpt>
      <trkpt lat="44.283741" lon="6.971682">
        <ele>3026.8</ele>
        <time>2026-08-07T04:53:39Z</time>
      </trkpt>
      <trkpt lat="44.283746" lon="6.971678">
        <ele>3026.6</ele>
        <time>2026-08-07T04:53:42Z</time>
      </trkpt>
      <trkpt lat="44.283746" lon="6.971676">
        <ele>3026.8</ele>
        <time>2026-08-07T04:53:46Z</time>
      </trkpt>
      <trkpt lat="44.283718" lon="6.971691">
        <ele>3026.8</ele>
        <time>2026-08-07T04:53:56Z</time>
      </trkpt>
      <trkpt lat="44.283717" lon="6.971684">
        <ele>3027.0</ele>
        <time>2026-08-07T04:54:02Z</time>
      </trkpt>
      <trkpt lat="44.283714" lon="6.971682">
        <ele>3027.0</ele>
        <time>2026-08-07T04:54:06Z</time>
      </trkpt>
      <trkpt lat="44.283707" lon="6.971679">
        <ele>3026.8</ele>
        <time>2026-08-07T04:54:10Z</time>
      </trkpt>
      <trkpt lat="44.283713" lon="6.971695">
        <ele>3027.0</ele>
        <time>2026-08-07T04:54:17Z</time>
      </trkpt>
      <trkpt lat="44.283712" lon="6.971695">
        <ele>3027.2</ele>
        <time>2026-08-07T04:54:31Z</time>
      </trkpt>
      <trkpt lat="44.283714" lon="6.971699">
        <ele>3027.4</ele>
        <time>2026-08-07T04:54:43Z</time>
      </trkpt>
      <trkpt lat="44.283708" lon="6.971698">
        <ele>3027.4</ele>
        <time>2026-08-07T04:54:47Z</time>
      </trkpt>
      <trkpt lat="44.283706" lon="6.971695">
        <ele>3027.6</ele>
        <time>2026-08-07T04:54:58Z</time>
      </trkpt>
      <trkpt lat="44.283721" lon="6.971666">
        <ele>3027.6</ele>
        <time>2026-08-07T04:55:12Z</time>
      </trkpt>
      <trkpt lat="44.283724" lon="6.971677">
        <ele>3028.0</ele>
        <time>2026-08-07T04:55:22Z</time>
      </trkpt>
      <trkpt lat="44.283724" lon="6.971693">
        <ele>3028.0</ele>
        <time>2026-08-07T04:55:23Z</time>
      </trkpt>
      <trkpt lat="44.283709" lon="6.971696">
        <ele>3028.2</ele>
        <time>2026-08-07T04:55:33Z</time>
      </trkpt>
      <trkpt lat="44.283727" lon="6.97169">
        <ele>3028.2</ele>
        <time>2026-08-07T04:55:40Z</time>
      </trkpt>
      <trkpt lat="44.28373" lon="6.971691">
        <ele>3028.2</ele>
        <time>2026-08-07T04:55:42Z</time>
      </trkpt>
      <trkpt lat="44.283734" lon="6.971675">
        <ele>3028.4</ele>
        <time>2026-08-07T04:55:52Z</time>
      </trkpt>
      <trkpt lat="44.283749" lon="6.971669">
        <ele>3028.6</ele>
        <time>2026-08-07T04:56:02Z</time>
      </trkpt>
      <trkpt lat="44.283744" lon="6.971672">
        <ele>3028.6</ele>
        <time>2026-08-07T04:56:06Z</time>
      </trkpt>
      <trkpt lat="44.283743" lon="6.971674">
        <ele>3028.6</ele>
        <time>2026-08-07T04:56:08Z</time>
      </trkpt>
      <trkpt lat="44.283721" lon="6.971674">
        <ele>3028.6</ele>
        <time>2026-08-07T04:56:13Z</time>
      </trkpt>
      <trkpt lat="44.283718" lon="6.971678">
        <ele>3028.6</ele>
        <time>2026-08-07T04:56:16Z</time>
      </trkpt>
      <trkpt lat="44.283719" lon="6.97168">
        <ele>3028.6</ele>
        <time>2026-08-07T04:56:19Z</time>
      </trkpt>
      <trkpt lat="44.283717" lon="6.971685">
        <ele>3028.8</ele>
        <time>2026-08-07T04:56:29Z</time>
      </trkpt>
      <trkpt lat="44.283725" lon="6.971683">
        <ele>3028.6</ele>
        <time>2026-08-07T04:56:35Z</time>
      </trkpt>
      <trkpt lat="44.283744" lon="6.971691">
        <ele>3028.8</ele>
        <time>2026-08-07T04:56:49Z</time>
      </trkpt>
      <trkpt lat="44.283739" lon="6.971691">
        <ele>3028.8</ele>
        <time>2026-08-07T04:56:52Z</time>
      </trkpt>
      <trkpt lat="44.283736" lon="6.971684">
        <ele>3029.0</ele>
        <time>2026-08-07T04:57:02Z</time>
      </trkpt>
      <trkpt lat="44.283735" lon="6.971684">
        <ele>3029.0</ele>
        <time>2026-08-07T04:57:04Z</time>
      </trkpt>
      <trkpt lat="44.283709" lon="6.971693">
        <ele>3029.0</ele>
        <time>2026-08-07T04:57:23Z</time>
      </trkpt>
      <trkpt lat="44.28372" lon="6.971696">
        <ele>3029.0</ele>
        <time>2026-08-07T04:57:32Z</time>
      </trkpt>
      <trkpt lat="44.283723" lon="6.971698">
        <ele>3029.0</ele>
        <time>2026-08-07T04:57:33Z</time>
      </trkpt>
      <trkpt lat="44.283705" lon="6.971689">
        <ele>3029.0</ele>
        <time>2026-08-07T04:57:43Z</time>
      </trkpt>
      <trkpt lat="44.283754" lon="6.971683">
        <ele>3029.4</ele>
        <time>2026-08-07T04:57:55Z</time>
      </trkpt>
      <trkpt lat="44.283737" lon="6.97168">
        <ele>3029.2</ele>
        <time>2026-08-07T04:58:05Z</time>
      </trkpt>
      <trkpt lat="44.283714" lon="6.971695">
        <ele>3029.4</ele>
        <time>2026-08-07T04:58:14Z</time>
      </trkpt>
      <trkpt lat="44.28372" lon="6.971698">
        <ele>3029.4</ele>
        <time>2026-08-07T04:58:16Z</time>
      </trkpt>
      <trkpt lat="44.283721" lon="6.971696">
        <ele>3029.4</ele>
        <time>2026-08-07T04:58:19Z</time>
      </trkpt>
      <trkpt lat="44.283725" lon="6.971696">
        <ele>3029.2</ele>
        <time>2026-08-07T04:58:21Z</time>
      </trkpt>
      <trkpt lat="44.283732" lon="6.971696">
        <ele>3029.4</ele>
        <time>2026-08-07T04:58:33Z</time>
      </trkpt>
      <trkpt lat="44.283708" lon="6.971696">
        <ele>3029.4</ele>
        <time>2026-08-07T04:58:45Z</time>
      </trkpt>
      <trkpt lat="44.283716" lon="6.971712">
        <ele>3029.6</ele>
        <time>2026-08-07T04:58:56Z</time>
      </trkpt>
      <trkpt lat="44.283721" lon="6.971681">
        <ele>3029.6</ele>
        <time>2026-08-07T04:59:05Z</time>
      </trkpt>
      <trkpt lat="44.283704" lon="6.971677">
        <ele>3029.6</ele>
        <time>2026-08-07T04:59:16Z</time>
      </trkpt>
      <trkpt lat="44.283705" lon="6.971675">
        <ele>3029.6</ele>
        <time>2026-08-07T04:59:21Z</time>
      </trkpt>
      <trkpt lat="44.283718" lon="6.971676">
        <ele>3029.4</ele>
        <time>2026-08-07T04:59:24Z</time>
      </trkpt>
      <trkpt lat="44.283726" lon="6.971682">
        <ele>3029.4</ele>
        <time>2026-08-07T04:59:28Z</time>
      </trkpt>
      <trkpt lat="44.283728" lon="6.971681">
        <ele>3029.2</ele>
        <time>2026-08-07T04:59:37Z</time>
      </trkpt>
      <trkpt lat="44.283724" lon="6.971699">
        <ele>3029.0</ele>
        <time>2026-08-07T04:59:47Z</time>
      </trkpt>
      <trkpt lat="44.283727" lon="6.971692">
        <ele>3029.0</ele>
        <time>2026-08-07T04:59:52Z</time>
      </trkpt>
      <trkpt lat="44.283728" lon="6.971695">
        <ele>3029.0</ele>
        <time>2026-08-07T04:59:54Z</time>
      </trkpt>
      <trkpt lat="44.28373" lon="6.971697">
        <ele>3029.0</ele>
        <time>2026-08-07T04:59:55Z</time>
      </trkpt>
      <trkpt lat="44.28372" lon="6.971716">
        <ele>3029.0</ele>
        <time>2026-08-07T05:00:03Z</time>
      </trkpt>
      <trkpt lat="44.283691" lon="6.971697">
        <ele>3029.0</ele>
        <time>2026-08-07T05:00:10Z</time>
      </trkpt>
      <trkpt lat="44.283696" lon="6.971688">
        <ele>3029.0</ele>
        <time>2026-08-07T05:00:12Z</time>
      </trkpt>
      <trkpt lat="44.283716" lon="6.971679">
        <ele>3029.0</ele>
        <time>2026-08-07T05:00:22Z</time>
      </trkpt>
      <trkpt lat="44.283702" lon="6.971696">
        <ele>3029.2</ele>
        <time>2026-08-07T05:00:32Z</time>
      </trkpt>
      <trkpt lat="44.283701" lon="6.971704">
        <ele>3029.2</ele>
        <time>2026-08-07T05:00:34Z</time>
      </trkpt>
      <trkpt lat="44.283704" lon="6.971723">
        <ele>3029.2</ele>
        <time>2026-08-07T05:00:39Z</time>
      </trkpt>
      <trkpt lat="44.283721" lon="6.971707">
        <ele>3029.2</ele>
        <time>2026-08-07T05:00:46Z</time>
      </trkpt>
      <trkpt lat="44.283723" lon="6.971679">
        <ele>3029.4</ele>
        <time>2026-08-07T05:00:56Z</time>
      </trkpt>
      <trkpt lat="44.283714" lon="6.97169">
        <ele>3029.2</ele>
        <time>2026-08-07T05:01:11Z</time>
      </trkpt>
      <trkpt lat="44.283714" lon="6.971687">
        <ele>3029.2</ele>
        <time>2026-08-07T05:01:13Z</time>
      </trkpt>
      <trkpt lat="44.283714" lon="6.971687">
        <ele>3029.2</ele>
        <time>2026-08-07T05:01:14Z</time>
      </trkpt>
      <trkpt lat="44.283714" lon="6.971688">
        <ele>3029.2</ele>
        <time>2026-08-07T05:01:15Z</time>
      </trkpt>
      <trkpt lat="44.283716" lon="6.971688">
        <ele>3029.2</ele>
        <time>2026-08-07T05:01:16Z</time>
      </trkpt>
      <trkpt lat="44.283717" lon="6.971685">
        <ele>3029.2</ele>
        <time>2026-08-07T05:01:19Z</time>
      </trkpt>
      <trkpt lat="44.283718" lon="6.97168">
        <ele>3029.2</ele>
        <time>2026-08-07T05:01:21Z</time>
      </trkpt>
      <trkpt lat="44.283723" lon="6.971674">
        <ele>3029.2</ele>
        <time>2026-08-07T05:01:27Z</time>
      </trkpt>
      <trkpt lat="44.283716" lon="6.971676">
        <ele>3029.2</ele>
        <time>2026-08-07T05:01:36Z</time>
      </trkpt>
      <trkpt lat="44.283716" lon="6.971679">
        <ele>3029.2</ele>
        <time>2026-08-07T05:01:43Z</time>
      </trkpt>
      <trkpt lat="44.283721" lon="6.971673">
        <ele>3029.2</ele>
        <time>2026-08-07T05:01:57Z</time>
      </trkpt>
      <trkpt lat="44.283723" lon="6.971677">
        <ele>3029.2</ele>
        <time>2026-08-07T05:02:05Z</time>
      </trkpt>
      <trkpt lat="44.283722" lon="6.971677">
        <ele>3029.2</ele>
        <time>2026-08-07T05:02:09Z</time>
      </trkpt>
      <trkpt lat="44.283719" lon="6.971687">
        <ele>3029.2</ele>
        <time>2026-08-07T05:02:16Z</time>
      </trkpt>
      <trkpt lat="44.283726" lon="6.971675">
        <ele>3029.4</ele>
        <time>2026-08-07T05:02:24Z</time>
      </trkpt>
      <trkpt lat="44.283728" lon="6.971677">
        <ele>3029.2</ele>
        <time>2026-08-07T05:02:26Z</time>
      </trkpt>
      <trkpt lat="44.283732" lon="6.971696">
        <ele>3029.6</ele>
        <time>2026-08-07T05:02:37Z</time>
      </trkpt>
      <trkpt lat="44.283739" lon="6.971683">
        <ele>3029.4</ele>
        <time>2026-08-07T05:02:50Z</time>
      </trkpt>
      <trkpt lat="44.28373" lon="6.971682">
        <ele>3029.6</ele>
        <time>2026-08-07T05:03:00Z</time>
      </trkpt>
      <trkpt lat="44.283724" lon="6.971684">
        <ele>3029.4</ele>
        <time>2026-08-07T05:03:02Z</time>
      </trkpt>
      <trkpt lat="44.283722" lon="6.971685">
        <ele>3029.4</ele>
        <time>2026-08-07T05:03:03Z</time>
      </trkpt>
      <trkpt lat="44.283716" lon="6.971674">
        <ele>3029.4</ele>
        <time>2026-08-07T05:03:17Z</time>
      </trkpt>
      <trkpt lat="44.28372" lon="6.971686">
        <ele>3029.6</ele>
        <time>2026-08-07T05:03:25Z</time>
      </trkpt>
      <trkpt lat="44.283712" lon="6.971681">
        <ele>3029.6</ele>
        <time>2026-08-07T05:03:29Z</time>
      </trkpt>
      <trkpt lat="44.283723" lon="6.971674">
        <ele>3029.6</ele>
        <time>2026-08-07T05:03:40Z</time>
      </trkpt>
      <trkpt lat="44.283731" lon="6.971669">
        <ele>3029.6</ele>
        <time>2026-08-07T05:03:43Z</time>
      </trkpt>
      <trkpt lat="44.283722" lon="6.971684">
        <ele>3029.4</ele>
        <time>2026-08-07T05:03:52Z</time>
      </trkpt>
      <trkpt lat="44.283723" lon="6.971696">
        <ele>3029.6</ele>
        <time>2026-08-07T05:04:04Z</time>
      </trkpt>
      <trkpt lat="44.283731" lon="6.971686">
        <ele>3030.0</ele>
        <time>2026-08-07T05:04:16Z</time>
      </trkpt>
      <trkpt lat="44.283724" lon="6.971688">
        <ele>3029.8</ele>
        <time>2026-08-07T05:04:29Z</time>
      </trkpt>
      <trkpt lat="44.283724" lon="6.97169">
        <ele>3030.0</ele>
        <time>2026-08-07T05:04:35Z</time>
      </trkpt>
      <trkpt lat="44.283722" lon="6.971687">
        <ele>3030.0</ele>
        <time>2026-08-07T05:04:36Z</time>
      </trkpt>
      <trkpt lat="44.283737" lon="6.971679">
        <ele>3030.0</ele>
        <time>2026-08-07T05:04:46Z</time>
      </trkpt>
      <trkpt lat="44.28373" lon="6.971683">
        <ele>3030.0</ele>
        <time>2026-08-07T05:04:56Z</time>
      </trkpt>
      <trkpt lat="44.283731" lon="6.971682">
        <ele>3030.0</ele>
        <time>2026-08-07T05:04:58Z</time>
      </trkpt>
      <trkpt lat="44.283724" lon="6.971688">
        <ele>3030.2</ele>
        <time>2026-08-07T05:05:12Z</time>
      </trkpt>
      <trkpt lat="44.283724" lon="6.971688">
        <ele>3030.0</ele>
        <time>2026-08-07T05:05:35Z</time>
      </trkpt>
      <trkpt lat="44.283724" lon="6.971688">
        <ele>3030.0</ele>
        <time>2026-08-07T05:05:38Z</time>
      </trkpt>
      <trkpt lat="44.283724" lon="6.971688">
        <ele>3030.0</ele>
        <time>2026-08-07T05:05:42Z</time>
      </trkpt>
      <trkpt lat="44.283724" lon="6.971688">
        <ele>3030.0</ele>
        <time>2026-08-07T05:06:02Z</time>
      </trkpt>
      <trkpt lat="44.283711" lon="6.971678">
        <ele>3030.0</ele>
        <time>2026-08-07T05:06:08Z</time>
      </trkpt>
      <trkpt lat="44.283702" lon="6.971667">
        <ele>3030.0</ele>
        <time>2026-08-07T05:06:19Z</time>
      </trkpt>
      <trkpt lat="44.283717" lon="6.971684">
        <ele>3030.0</ele>
        <time>2026-08-07T05:06:29Z</time>
      </trkpt>
      <trkpt lat="44.283711" lon="6.971693">
        <ele>3030.0</ele>
        <time>2026-08-07T05:06:43Z</time>
      </trkpt>
      <trkpt lat="44.28371" lon="6.971693">
        <ele>3030.0</ele>
        <time>2026-08-07T05:06:46Z</time>
      </trkpt>
      <trkpt lat="44.283708" lon="6.971694">
        <ele>3030.0</ele>
        <time>2026-08-07T05:06:56Z</time>
      </trkpt>
      <trkpt lat="44.283708" lon="6.971694">
        <ele>3030.0</ele>
        <time>2026-08-07T05:06:59Z</time>
      </trkpt>
      <trkpt lat="44.283712" lon="6.971695">
        <ele>3030.0</ele>
        <time>2026-08-07T05:07:05Z</time>
      </trkpt>
      <trkpt lat="44.283725" lon="6.97169">
        <ele>3030.2</ele>
        <time>2026-08-07T05:07:21Z</time>
      </trkpt>
      <trkpt lat="44.283732" lon="6.971689">
        <ele>3030.0</ele>
        <time>2026-08-07T05:07:28Z</time>
      </trkpt>
      <trkpt lat="44.283723" lon="6.971693">
        <ele>3030.0</ele>
        <time>2026-08-07T05:07:33Z</time>
      </trkpt>
      <trkpt lat="44.283718" lon="6.971697">
        <ele>3030.0</ele>
        <time>2026-08-07T05:07:37Z</time>
      </trkpt>
      <trkpt lat="44.283718" lon="6.971694">
        <ele>3029.8</ele>
        <time>2026-08-07T05:07:40Z</time>
      </trkpt>
      <trkpt lat="44.283698" lon="6.971684">
        <ele>3030.0</ele>
        <time>2026-08-07T05:07:55Z</time>
      </trkpt>
      <trkpt lat="44.283727" lon="6.971686">
        <ele>3030.2</ele>
        <time>2026-08-07T05:08:08Z</time>
      </trkpt>
      <trkpt lat="44.283716" lon="6.971696">
        <ele>3030.2</ele>
        <time>2026-08-07T05:08:19Z</time>
      </trkpt>
      <trkpt lat="44.283724" lon="6.971695">
        <ele>3030.2</ele>
        <time>2026-08-07T05:08:31Z</time>
      </trkpt>
      <trkpt lat="44.28373" lon="6.971694">
        <ele>3030.2</ele>
        <time>2026-08-07T05:08:33Z</time>
      </trkpt>
      <trkpt lat="44.283727" lon="6.971655">
        <ele>3030.2</ele>
        <time>2026-08-07T05:08:44Z</time>
      </trkpt>
      <trkpt lat="44.283716" lon="6.971688">
        <ele>3030.4</ele>
        <time>2026-08-07T05:08:51Z</time>
      </trkpt>
      <trkpt lat="44.283707" lon="6.971688">
        <ele>3030.4</ele>
        <time>2026-08-07T05:08:53Z</time>
      </trkpt>
      <trkpt lat="44.283735" lon="6.971718">
        <ele>3030.4</ele>
        <time>2026-08-07T05:09:04Z</time>
      </trkpt>
      <trkpt lat="44.283741" lon="6.97168">
        <ele>3030.4</ele>
        <time>2026-08-07T05:09:13Z</time>
      </trkpt>
      <trkpt lat="44.283723" lon="6.971694">
        <ele>3030.4</ele>
        <time>2026-08-07T05:09:23Z</time>
      </trkpt>
      <trkpt lat="44.283695" lon="6.971688">
        <ele>3030.4</ele>
        <time>2026-08-07T05:09:33Z</time>
      </trkpt>
      <trkpt lat="44.283696" lon="6.971695">
        <ele>3030.4</ele>
        <time>2026-08-07T05:09:44Z</time>
      </trkpt>
      <trkpt lat="44.283712" lon="6.971688">
        <ele>3030.4</ele>
        <time>2026-08-07T05:09:50Z</time>
      </trkpt>
      <trkpt lat="44.283727" lon="6.971688">
        <ele>3030.4</ele>
        <time>2026-08-07T05:09:54Z</time>
      </trkpt>
      <trkpt lat="44.28374" lon="6.97166">
        <ele>3030.4</ele>
        <time>2026-08-07T05:10:04Z</time>
      </trkpt>
      <trkpt lat="44.283737" lon="6.971667">
        <ele>3030.4</ele>
        <time>2026-08-07T05:10:06Z</time>
      </trkpt>
      <trkpt lat="44.283728" lon="6.971695">
        <ele>3030.4</ele>
        <time>2026-08-07T05:10:13Z</time>
      </trkpt>
      <trkpt lat="44.283722" lon="6.9717">
        <ele>3030.4</ele>
        <time>2026-08-07T05:10:23Z</time>
      </trkpt>
      <trkpt lat="44.283749" lon="6.971647">
        <ele>3030.4</ele>
        <time>2026-08-07T05:10:35Z</time>
      </trkpt>
      <trkpt lat="44.283752" lon="6.971642">
        <ele>3030.4</ele>
        <time>2026-08-07T05:10:37Z</time>
      </trkpt>
      <trkpt lat="44.283736" lon="6.971641">
        <ele>3030.4</ele>
        <time>2026-08-07T05:10:47Z</time>
      </trkpt>
      <trkpt lat="44.283723" lon="6.971659">
        <ele>3030.4</ele>
        <time>2026-08-07T05:10:53Z</time>
      </trkpt>
      <trkpt lat="44.283727" lon="6.971656">
        <ele>3030.4</ele>
        <time>2026-08-07T05:10:55Z</time>
      </trkpt>
      <trkpt lat="44.283734" lon="6.97165">
        <ele>3030.6</ele>
        <time>2026-08-07T05:10:57Z</time>
      </trkpt>
      <trkpt lat="44.283711" lon="6.971654">
        <ele>3030.6</ele>
        <time>2026-08-07T05:11:10Z</time>
      </trkpt>
      <trkpt lat="44.283704" lon="6.971664">
        <ele>3030.4</ele>
        <time>2026-08-07T05:11:15Z</time>
      </trkpt>
      <trkpt lat="44.283709" lon="6.971666">
        <ele>3030.4</ele>
        <time>2026-08-07T05:11:24Z</time>
      </trkpt>
      <trkpt lat="44.283719" lon="6.971656">
        <ele>3030.2</ele>
        <time>2026-08-07T05:11:36Z</time>
      </trkpt>
      <trkpt lat="44.283724" lon="6.97166">
        <ele>3030.2</ele>
        <time>2026-08-07T05:11:38Z</time>
      </trkpt>
      <trkpt lat="44.283731" lon="6.971662">
        <ele>3030.2</ele>
        <time>2026-08-07T05:11:40Z</time>
      </trkpt>
      <trkpt lat="44.283754" lon="6.971675">
        <ele>3030.0</ele>
        <time>2026-08-07T05:11:49Z</time>
      </trkpt>
      <trkpt lat="44.283758" lon="6.971648">
        <ele>3029.8</ele>
        <time>2026-08-07T05:12:03Z</time>
      </trkpt>
      <trkpt lat="44.28372" lon="6.971681">
        <ele>3029.6</ele>
        <time>2026-08-07T05:12:13Z</time>
      </trkpt>
      <trkpt lat="44.283729" lon="6.971678">
        <ele>3029.4</ele>
        <time>2026-08-07T05:12:22Z</time>
      </trkpt>
      <trkpt lat="44.283723" lon="6.971679">
        <ele>3029.4</ele>
        <time>2026-08-07T05:12:25Z</time>
      </trkpt>
      <trkpt lat="44.283721" lon="6.97168">
        <ele>3029.4</ele>
        <time>2026-08-07T05:12:26Z</time>
      </trkpt>
      <trkpt lat="44.283725" lon="6.971684">
        <ele>3029.4</ele>
        <time>2026-08-07T05:12:39Z</time>
      </trkpt>
      <trkpt lat="44.28373" lon="6.97169">
        <ele>3029.4</ele>
        <time>2026-08-07T05:12:42Z</time>
      </trkpt>
      <trkpt lat="44.28373" lon="6.971688">
        <ele>3029.4</ele>
        <time>2026-08-07T05:12:50Z</time>
      </trkpt>
      <trkpt lat="44.283708" lon="6.9717">
        <ele>3029.6</ele>
        <time>2026-08-07T05:13:00Z</time>
      </trkpt>
      <trkpt lat="44.283705" lon="6.971701">
        <ele>3029.6</ele>
        <time>2026-08-07T05:13:01Z</time>
      </trkpt>
      <trkpt lat="44.283706" lon="6.971691">
        <ele>3029.6</ele>
        <time>2026-08-07T05:13:10Z</time>
      </trkpt>
      <trkpt lat="44.283705" lon="6.971691">
        <ele>3029.6</ele>
        <time>2026-08-07T05:13:11Z</time>
      </trkpt>
      <trkpt lat="44.283715" lon="6.97169">
        <ele>3029.8</ele>
        <time>2026-08-07T05:13:17Z</time>
      </trkpt>
      <trkpt lat="44.283721" lon="6.971686">
        <ele>3029.8</ele>
        <time>2026-08-07T05:13:22Z</time>
      </trkpt>
      <trkpt lat="44.283721" lon="6.971686">
        <ele>3029.8</ele>
        <time>2026-08-07T05:13:23Z</time>
      </trkpt>
      <trkpt lat="44.283721" lon="6.971685">
        <ele>3029.8</ele>
        <time>2026-08-07T05:13:25Z</time>
      </trkpt>
      <trkpt lat="44.283715" lon="6.971685">
        <ele>3029.8</ele>
        <time>2026-08-07T05:13:29Z</time>
      </trkpt>
      <trkpt lat="44.283721" lon="6.97168">
        <ele>3029.8</ele>
        <time>2026-08-07T05:13:33Z</time>
      </trkpt>
      <trkpt lat="44.283727" lon="6.971681">
        <ele>3029.8</ele>
        <time>2026-08-07T05:13:45Z</time>
      </trkpt>
      <trkpt lat="44.283738" lon="6.971687">
        <ele>3030.0</ele>
        <time>2026-08-07T05:13:59Z</time>
      </trkpt>
      <trkpt lat="44.283713" lon="6.971688">
        <ele>3030.0</ele>
        <time>2026-08-07T05:14:06Z</time>
      </trkpt>
      <trkpt lat="44.283718" lon="6.971685">
        <ele>3030.0</ele>
        <time>2026-08-07T05:14:07Z</time>
      </trkpt>
      <trkpt lat="44.283707" lon="6.971695">
        <ele>3030.0</ele>
        <time>2026-08-07T05:14:17Z</time>
      </trkpt>
      <trkpt lat="44.283719" lon="6.971699">
        <ele>3030.2</ele>
        <time>2026-08-07T05:14:25Z</time>
      </trkpt>
      <trkpt lat="44.28372" lon="6.971699">
        <ele>3030.2</ele>
        <time>2026-08-07T05:14:26Z</time>
      </trkpt>
      <trkpt lat="44.283705" lon="6.971706">
        <ele>3030.0</ele>
        <time>2026-08-07T05:14:37Z</time>
      </trkpt>
      <trkpt lat="44.283706" lon="6.971706">
        <ele>3030.2</ele>
        <time>2026-08-07T05:14:43Z</time>
      </trkpt>
      <trkpt lat="44.283713" lon="6.971699">
        <ele>3030.2</ele>
        <time>2026-08-07T05:14:48Z</time>
      </trkpt>
      <trkpt lat="44.283714" lon="6.971695">
        <ele>3030.2</ele>
        <time>2026-08-07T05:14:50Z</time>
      </trkpt>
      <trkpt lat="44.283714" lon="6.971695">
        <ele>3030.2</ele>
        <time>2026-08-07T05:14:51Z</time>
      </trkpt>
      <trkpt lat="44.283713" lon="6.971695">
        <ele>3030.2</ele>
        <time>2026-08-07T05:14:52Z</time>
      </trkpt>
      <trkpt lat="44.283704" lon="6.971703">
        <ele>3030.2</ele>
        <time>2026-08-07T05:15:00Z</time>
      </trkpt>
      <trkpt lat="44.283712" lon="6.971691">
        <ele>3030.4</ele>
        <time>2026-08-07T05:15:11Z</time>
      </trkpt>
      <trkpt lat="44.283731" lon="6.971692">
        <ele>3030.6</ele>
        <time>2026-08-07T05:15:21Z</time>
      </trkpt>
      <trkpt lat="44.283731" lon="6.971687">
        <ele>3031.0</ele>
        <time>2026-08-07T05:15:25Z</time>
      </trkpt>
      <trkpt lat="44.283723" lon="6.971692">
        <ele>3031.0</ele>
        <time>2026-08-07T05:15:33Z</time>
      </trkpt>
      <trkpt lat="44.283705" lon="6.971706">
        <ele>3031.0</ele>
        <time>2026-08-07T05:15:41Z</time>
      </trkpt>
      <trkpt lat="44.283703" lon="6.971692">
        <ele>3031.2</ele>
        <time>2026-08-07T05:15:51Z</time>
      </trkpt>
      <trkpt lat="44.283692" lon="6.971681">
        <ele>3031.4</ele>
        <time>2026-08-07T05:15:59Z</time>
      </trkpt>
      <trkpt lat="44.283695" lon="6.971676">
        <ele>3031.4</ele>
        <time>2026-08-07T05:16:00Z</time>
      </trkpt>
      <trkpt lat="44.283704" lon="6.971667">
        <ele>3031.8</ele>
        <time>2026-08-07T05:16:02Z</time>
      </trkpt>
      <trkpt lat="44.28374" lon="6.9717">
        <ele>3032.0</ele>
        <time>2026-08-07T05:16:10Z</time>
      </trkpt>
      <trkpt lat="44.283752" lon="6.971703">
        <ele>3032.2</ele>
        <time>2026-08-07T05:16:13Z</time>
      </trkpt>
      <trkpt lat="44.283724" lon="6.971688">
        <ele>3031.6</ele>
        <time>2026-08-07T05:16:19Z</time>
      </trkpt>
      <trkpt lat="44.283702" lon="6.971699">
        <ele>3031.4</ele>
        <time>2026-08-07T05:16:29Z</time>
      </trkpt>
      <trkpt lat="44.283702" lon="6.971697">
        <ele>3031.4</ele>
        <time>2026-08-07T05:16:35Z</time>
      </trkpt>
      <trkpt lat="44.283706" lon="6.971702">
        <ele>3031.8</ele>
        <time>2026-08-07T05:16:39Z</time>
      </trkpt>
      <trkpt lat="44.283711" lon="6.971703">
        <ele>3032.6</ele>
        <time>2026-08-07T05:16:44Z</time>
      </trkpt>
      <trkpt lat="44.28372" lon="6.971706">
        <ele>3032.6</ele>
        <time>2026-08-07T05:16:48Z</time>
      </trkpt>
      <trkpt lat="44.283725" lon="6.971706">
        <ele>3032.6</ele>
        <time>2026-08-07T05:16:49Z</time>
      </trkpt>
      <trkpt lat="44.283718" lon="6.9717">
        <ele>3032.6</ele>
        <time>2026-08-07T05:16:59Z</time>
      </trkpt>
      <trkpt lat="44.283733" lon="6.971702">
        <ele>3032.6</ele>
        <time>2026-08-07T05:17:10Z</time>
      </trkpt>
      <trkpt lat="44.283743" lon="6.971704">
        <ele>3032.6</ele>
        <time>2026-08-07T05:17:18Z</time>
      </trkpt>
      <trkpt lat="44.283706" lon="6.971697">
        <ele>3032.6</ele>
        <time>2026-08-07T05:17:27Z</time>
      </trkpt>
      <trkpt lat="44.283703" lon="6.971697">
        <ele>3032.4</ele>
        <time>2026-08-07T05:17:28Z</time>
      </trkpt>
      <trkpt lat="44.283712" lon="6.971693">
        <ele>3032.4</ele>
        <time>2026-08-07T05:17:39Z</time>
      </trkpt>
      <trkpt lat="44.283725" lon="6.971682">
        <ele>3033.0</ele>
        <time>2026-08-07T05:17:48Z</time>
      </trkpt>
      <trkpt lat="44.283723" lon="6.971686">
        <ele>3033.0</ele>
        <time>2026-08-07T05:17:55Z</time>
      </trkpt>
      <trkpt lat="44.28372" lon="6.97169">
        <ele>3033.2</ele>
        <time>2026-08-07T05:17:56Z</time>
      </trkpt>
      <trkpt lat="44.283724" lon="6.971699">
        <ele>3033.4</ele>
        <time>2026-08-07T05:17:58Z</time>
      </trkpt>
      <trkpt lat="44.283712" lon="6.971689">
        <ele>3033.0</ele>
        <time>2026-08-07T05:18:06Z</time>
      </trkpt>
      <trkpt lat="44.283708" lon="6.971685">
        <ele>3033.0</ele>
        <time>2026-08-07T05:18:12Z</time>
      </trkpt>
      <trkpt lat="44.283708" lon="6.971676">
        <ele>3033.0</ele>
        <time>2026-08-07T05:18:15Z</time>
      </trkpt>
      <trkpt lat="44.283729" lon="6.97168">
        <ele>3033.0</ele>
        <time>2026-08-07T05:18:24Z</time>
      </trkpt>
      <trkpt lat="44.283732" lon="6.971683">
        <ele>3033.0</ele>
        <time>2026-08-07T05:18:25Z</time>
      </trkpt>
      <trkpt lat="44.283732" lon="6.971686">
        <ele>3032.8</ele>
        <time>2026-08-07T05:18:28Z</time>
      </trkpt>
      <trkpt lat="44.283741" lon="6.971694">
        <ele>3032.6</ele>
        <time>2026-08-07T05:18:36Z</time>
      </trkpt>
      <trkpt lat="44.283725" lon="6.971686">
        <ele>3032.8</ele>
        <time>2026-08-07T05:18:46Z</time>
      </trkpt>
      <trkpt lat="44.283729" lon="6.971684">
        <ele>3033.0</ele>
        <time>2026-08-07T05:18:47Z</time>
      </trkpt>
      <trkpt lat="44.283722" lon="6.971676">
        <ele>3032.8</ele>
        <time>2026-08-07T05:18:53Z</time>
      </trkpt>
      <trkpt lat="44.283721" lon="6.971686">
        <ele>3033.0</ele>
        <time>2026-08-07T05:18:59Z</time>
      </trkpt>
      <trkpt lat="44.28373" lon="6.971714">
        <ele>3033.0</ele>
        <time>2026-08-07T05:19:08Z</time>
      </trkpt>
      <trkpt lat="44.283724" lon="6.971692">
        <ele>3032.8</ele>
        <time>2026-08-07T05:19:15Z</time>
      </trkpt>
      <trkpt lat="44.283729" lon="6.971682">
        <ele>3033.0</ele>
        <time>2026-08-07T05:19:25Z</time>
      </trkpt>
      <trkpt lat="44.283735" lon="6.971683">
        <ele>3032.8</ele>
        <time>2026-08-07T05:19:30Z</time>
      </trkpt>
      <trkpt lat="44.283737" lon="6.971688">
        <ele>3032.8</ele>
        <time>2026-08-07T05:19:32Z</time>
      </trkpt>
      <trkpt lat="44.283734" lon="6.971687">
        <ele>3032.8</ele>
        <time>2026-08-07T05:19:33Z</time>
      </trkpt>
      <trkpt lat="44.283724" lon="6.971698">
        <ele>3032.8</ele>
        <time>2026-08-07T05:19:45Z</time>
      </trkpt>
      <trkpt lat="44.283715" lon="6.971671">
        <ele>3032.8</ele>
        <time>2026-08-07T05:19:54Z</time>
      </trkpt>
      <trkpt lat="44.283717" lon="6.971667">
        <ele>3032.8</ele>
        <time>2026-08-07T05:19:56Z</time>
      </trkpt>
      <trkpt lat="44.283713" lon="6.97167">
        <ele>3032.8</ele>
        <time>2026-08-07T05:20:03Z</time>
      </trkpt>
      <trkpt lat="44.283714" lon="6.971665">
        <ele>3032.8</ele>
        <time>2026-08-07T05:20:09Z</time>
      </trkpt>
      <trkpt lat="44.28372" lon="6.971684">
        <ele>3033.0</ele>
        <time>2026-08-07T05:20:15Z</time>
      </trkpt>
      <trkpt lat="44.283732" lon="6.971669">
        <ele>3033.0</ele>
        <time>2026-08-07T05:20:26Z</time>
      </trkpt>
      <trkpt lat="44.283733" lon="6.971664">
        <ele>3033.0</ele>
        <time>2026-08-07T05:20:27Z</time>
      </trkpt>
      <trkpt lat="44.283732" lon="6.971676">
        <ele>3033.0</ele>
        <time>2026-08-07T05:20:35Z</time>
      </trkpt>
      <trkpt lat="44.28373" lon="6.97168">
        <ele>3033.2</ele>
        <time>2026-08-07T05:20:37Z</time>
      </trkpt>
      <trkpt lat="44.28373" lon="6.971665">
        <ele>3033.2</ele>
        <time>2026-08-07T05:20:44Z</time>
      </trkpt>
      <trkpt lat="44.283727" lon="6.971671">
        <ele>3033.0</ele>
        <time>2026-08-07T05:20:47Z</time>
      </trkpt>
      <trkpt lat="44.283693" lon="6.971708">
        <ele>3033.0</ele>
        <time>2026-08-07T05:20:55Z</time>
      </trkpt>
      <trkpt lat="44.283718" lon="6.971679">
        <ele>3033.0</ele>
        <time>2026-08-07T05:21:04Z</time>
      </trkpt>
      <trkpt lat="44.283711" lon="6.971672">
        <ele>3033.2</ele>
        <time>2026-08-07T05:21:11Z</time>
      </trkpt>
      <trkpt lat="44.283729" lon="6.971662">
        <ele>3033.2</ele>
        <time>2026-08-07T05:21:19Z</time>
      </trkpt>
      <trkpt lat="44.283729" lon="6.971678">
        <ele>3033.2</ele>
        <time>2026-08-07T05:21:28Z</time>
      </trkpt>
      <trkpt lat="44.283722" lon="6.971677">
        <ele>3033.2</ele>
        <time>2026-08-07T05:21:39Z</time>
      </trkpt>
      <trkpt lat="44.283715" lon="6.971691">
        <ele>3033.2</ele>
        <time>2026-08-07T05:21:49Z</time>
      </trkpt>
      <trkpt lat="44.283726" lon="6.971695">
        <ele>3033.4</ele>
        <time>2026-08-07T05:21:52Z</time>
      </trkpt>
      <trkpt lat="44.283733" lon="6.971692">
        <ele>3033.2</ele>
        <time>2026-08-07T05:21:56Z</time>
      </trkpt>
      <trkpt lat="44.283705" lon="6.971723">
        <ele>3033.6</ele>
        <time>2026-08-07T05:22:06Z</time>
      </trkpt>
      <trkpt lat="44.283709" lon="6.971722">
        <ele>3033.6</ele>
        <time>2026-08-07T05:22:13Z</time>
      </trkpt>
      <trkpt lat="44.283686" lon="6.97171">
        <ele>3034.2</ele>
        <time>2026-08-07T05:22:19Z</time>
      </trkpt>
      <trkpt lat="44.283679" lon="6.971705">
        <ele>3034.2</ele>
        <time>2026-08-07T05:22:20Z</time>
      </trkpt>
      <trkpt lat="44.283652" lon="6.971707">
        <ele>3034.2</ele>
        <time>2026-08-07T05:22:26Z</time>
      </trkpt>
      <trkpt lat="44.283617" lon="6.971694">
        <ele>3033.8</ele>
        <time>2026-08-07T05:22:32Z</time>
      </trkpt>
      <trkpt lat="44.283587" lon="6.971683">
        <ele>3033.2</ele>
        <time>2026-08-07T05:22:38Z</time>
      </trkpt>
      <trkpt lat="44.283579" lon="6.97168">
        <ele>3033.2</ele>
        <time>2026-08-07T05:22:39Z</time>
      </trkpt>
      <trkpt lat="44.28356" lon="6.971664">
        <ele>3032.8</ele>
        <time>2026-08-07T05:22:44Z</time>
      </trkpt>
      <trkpt lat="44.283525" lon="6.971661">
        <ele>3032.6</ele>
        <time>2026-08-07T05:22:51Z</time>
      </trkpt>
      <trkpt lat="44.2835" lon="6.971662">
        <ele>3032.6</ele>
        <time>2026-08-07T05:22:58Z</time>
      </trkpt>
      <trkpt lat="44.283462" lon="6.971675">
        <ele>3032.2</ele>
        <time>2026-08-07T05:23:05Z</time>
      </trkpt>
      <trkpt lat="44.283456" lon="6.971676">
        <ele>3032.0</ele>
        <time>2026-08-07T05:23:06Z</time>
      </trkpt>
      <trkpt lat="44.283456" lon="6.971669">
        <ele>3031.8</ele>
        <time>2026-08-07T05:23:08Z</time>
      </trkpt>
      <trkpt lat="44.283464" lon="6.971664">
        <ele>3031.4</ele>
        <time>2026-08-07T05:23:12Z</time>
      </trkpt>
      <trkpt lat="44.283467" lon="6.97166">
        <ele>3031.2</ele>
        <time>2026-08-07T05:23:15Z</time>
      </trkpt>
      <trkpt lat="44.283465" lon="6.971659">
        <ele>3031.0</ele>
        <time>2026-08-07T05:23:16Z</time>
      </trkpt>
      <trkpt lat="44.283471" lon="6.971657">
        <ele>3030.2</ele>
        <time>2026-08-07T05:23:21Z</time>
      </trkpt>
      <trkpt lat="44.283472" lon="6.971659">
        <ele>3030.0</ele>
        <time>2026-08-07T05:23:22Z</time>
      </trkpt>
      <trkpt lat="44.283465" lon="6.971639">
        <ele>3029.4</ele>
        <time>2026-08-07T05:23:29Z</time>
      </trkpt>
      <trkpt lat="44.283461" lon="6.971623">
        <ele>3029.0</ele>
        <time>2026-08-07T05:23:33Z</time>
      </trkpt>
      <trkpt lat="44.283445" lon="6.971616">
        <ele>3027.8</ele>
        <time>2026-08-07T05:23:40Z</time>
      </trkpt>
      <trkpt lat="44.283438" lon="6.971623">
        <ele>3027.2</ele>
        <time>2026-08-07T05:23:44Z</time>
      </trkpt>
      <trkpt lat="44.283421" lon="6.971606">
        <ele>3026.8</ele>
        <time>2026-08-07T05:23:49Z</time>
      </trkpt>
      <trkpt lat="44.283422" lon="6.971603">
        <ele>3026.4</ele>
        <time>2026-08-07T05:23:51Z</time>
      </trkpt>
      <trkpt lat="44.283454" lon="6.971591">
        <ele>3025.8</ele>
        <time>2026-08-07T05:23:57Z</time>
      </trkpt>
      <trkpt lat="44.283458" lon="6.971588">
        <ele>3025.4</ele>
        <time>2026-08-07T05:23:59Z</time>
      </trkpt>
      <trkpt lat="44.283458" lon="6.971581">
        <ele>3024.8</ele>
        <time>2026-08-07T05:24:03Z</time>
      </trkpt>
      <trkpt lat="44.283473" lon="6.97157">
        <ele>3023.8</ele>
        <time>2026-08-07T05:24:08Z</time>
      </trkpt>
      <trkpt lat="44.283478" lon="6.97157">
        <ele>3023.8</ele>
        <time>2026-08-07T05:24:10Z</time>
      </trkpt>
      <trkpt lat="44.283481" lon="6.971568">
        <ele>3023.8</ele>
        <time>2026-08-07T05:24:18Z</time>
      </trkpt>
      <trkpt lat="44.283488" lon="6.971564">
        <ele>3023.8</ele>
        <time>2026-08-07T05:24:20Z</time>
      </trkpt>
      <trkpt lat="44.283468" lon="6.971558">
        <ele>3023.6</ele>
        <time>2026-08-07T05:24:28Z</time>
      </trkpt>
      <trkpt lat="44.28348" lon="6.971556">
        <ele>3023.6</ele>
        <time>2026-08-07T05:24:35Z</time>
      </trkpt>
      <trkpt lat="44.283486" lon="6.971557">
        <ele>3023.4</ele>
        <time>2026-08-07T05:24:38Z</time>
      </trkpt>
      <trkpt lat="44.283493" lon="6.971534">
        <ele>3022.6</ele>
        <time>2026-08-07T05:24:46Z</time>
      </trkpt>
      <trkpt lat="44.283494" lon="6.971532">
        <ele>3022.6</ele>
        <time>2026-08-07T05:24:47Z</time>
      </trkpt>
      <trkpt lat="44.283493" lon="6.971522">
        <ele>3021.8</ele>
        <time>2026-08-07T05:24:55Z</time>
      </trkpt>
      <trkpt lat="44.283493" lon="6.971522">
        <ele>3021.6</ele>
        <time>2026-08-07T05:24:58Z</time>
      </trkpt>
      <trkpt lat="44.283501" lon="6.971501">
        <ele>3021.0</ele>
        <time>2026-08-07T05:25:03Z</time>
      </trkpt>
      <trkpt lat="44.283506" lon="6.971499">
        <ele>3020.6</ele>
        <time>2026-08-07T05:25:05Z</time>
      </trkpt>
      <trkpt lat="44.283506" lon="6.97148">
        <ele>3020.0</ele>
        <time>2026-08-07T05:25:11Z</time>
      </trkpt>
      <trkpt lat="44.283509" lon="6.971469">
        <ele>3019.6</ele>
        <time>2026-08-07T05:25:14Z</time>
      </trkpt>
      <trkpt lat="44.283516" lon="6.971473">
        <ele>3019.6</ele>
        <time>2026-08-07T05:25:20Z</time>
      </trkpt>
      <trkpt lat="44.283507" lon="6.971468">
        <ele>3019.4</ele>
        <time>2026-08-07T05:25:29Z</time>
      </trkpt>
      <trkpt lat="44.283538" lon="6.971473">
        <ele>3019.2</ele>
        <time>2026-08-07T05:25:38Z</time>
      </trkpt>
      <trkpt lat="44.28352" lon="6.971461">
        <ele>3018.6</ele>
        <time>2026-08-07T05:25:45Z</time>
      </trkpt>
      <trkpt lat="44.283519" lon="6.97146">
        <ele>3018.6</ele>
        <time>2026-08-07T05:25:46Z</time>
      </trkpt>
      <trkpt lat="44.283506" lon="6.971453">
        <ele>3017.8</ele>
        <time>2026-08-07T05:25:54Z</time>
      </trkpt>
      <trkpt lat="44.283497" lon="6.971443">
        <ele>3017.4</ele>
        <time>2026-08-07T05:25:56Z</time>
      </trkpt>
      <trkpt lat="44.283497" lon="6.971417">
        <ele>3017.4</ele>
        <time>2026-08-07T05:26:04Z</time>
      </trkpt>
      <trkpt lat="44.283504" lon="6.971462">
        <ele>3017.0</ele>
        <time>2026-08-07T05:26:14Z</time>
      </trkpt>
      <trkpt lat="44.283491" lon="6.971451">
        <ele>3016.8</ele>
        <time>2026-08-07T05:26:19Z</time>
      </trkpt>
      <trkpt lat="44.283483" lon="6.971445">
        <ele>3016.6</ele>
        <time>2026-08-07T05:26:22Z</time>
      </trkpt>
      <trkpt lat="44.28348" lon="6.971444">
        <ele>3016.4</ele>
        <time>2026-08-07T05:26:23Z</time>
      </trkpt>
      <trkpt lat="44.283464" lon="6.971436">
        <ele>3015.4</ele>
        <time>2026-08-07T05:26:33Z</time>
      </trkpt>
      <trkpt lat="44.28346" lon="6.971434">
        <ele>3015.4</ele>
        <time>2026-08-07T05:26:34Z</time>
      </trkpt>
      <trkpt lat="44.283449" lon="6.971397">
        <ele>3014.6</ele>
        <time>2026-08-07T05:26:43Z</time>
      </trkpt>
      <trkpt lat="44.283449" lon="6.971401">
        <ele>3014.2</ele>
        <time>2026-08-07T05:26:45Z</time>
      </trkpt>
      <trkpt lat="44.283432" lon="6.971412">
        <ele>3013.2</ele>
        <time>2026-08-07T05:26:50Z</time>
      </trkpt>
      <trkpt lat="44.283422" lon="6.971413">
        <ele>3012.8</ele>
        <time>2026-08-07T05:26:52Z</time>
      </trkpt>
      <trkpt lat="44.283418" lon="6.971417">
        <ele>3012.4</ele>
        <time>2026-08-07T05:26:56Z</time>
      </trkpt>
      <trkpt lat="44.283433" lon="6.971411">
        <ele>3012.6</ele>
        <time>2026-08-07T05:27:01Z</time>
      </trkpt>
      <trkpt lat="44.283442" lon="6.971392">
        <ele>3012.2</ele>
        <time>2026-08-07T05:27:06Z</time>
      </trkpt>
      <trkpt lat="44.283432" lon="6.971378">
        <ele>3011.8</ele>
        <time>2026-08-07T05:27:09Z</time>
      </trkpt>
      <trkpt lat="44.283424" lon="6.971376">
        <ele>3011.8</ele>
        <time>2026-08-07T05:27:10Z</time>
      </trkpt>
      <trkpt lat="44.283412" lon="6.971367">
        <ele>3011.2</ele>
        <time>2026-08-07T05:27:15Z</time>
      </trkpt>
      <trkpt lat="44.28341" lon="6.971374">
        <ele>3010.8</ele>
        <time>2026-08-07T05:27:18Z</time>
      </trkpt>
      <trkpt lat="44.28341" lon="6.971377">
        <ele>3010.0</ele>
        <time>2026-08-07T05:27:23Z</time>
      </trkpt>
      <trkpt lat="44.283412" lon="6.97135">
        <ele>3009.4</ele>
        <time>2026-08-07T05:27:27Z</time>
      </trkpt>
      <trkpt lat="44.283419" lon="6.97134">
        <ele>3009.0</ele>
        <time>2026-08-07T05:27:29Z</time>
      </trkpt>
      <trkpt lat="44.28341" lon="6.971326">
        <ele>3008.0</ele>
        <time>2026-08-07T05:27:35Z</time>
      </trkpt>
      <trkpt lat="44.283404" lon="6.971326">
        <ele>3007.8</ele>
        <time>2026-08-07T05:27:36Z</time>
      </trkpt>
      <trkpt lat="44.283397" lon="6.971321">
        <ele>3006.8</ele>
        <time>2026-08-07T05:27:41Z</time>
      </trkpt>
      <trkpt lat="44.283403" lon="6.971323">
        <ele>3006.4</ele>
        <time>2026-08-07T05:27:43Z</time>
      </trkpt>
      <trkpt lat="44.283406" lon="6.971318">
        <ele>3006.2</ele>
        <time>2026-08-07T05:27:46Z</time>
      </trkpt>
      <trkpt lat="44.283409" lon="6.971314">
        <ele>3006.2</ele>
        <time>2026-08-07T05:27:47Z</time>
      </trkpt>
      <trkpt lat="44.283436" lon="6.971285">
        <ele>3005.6</ele>
        <time>2026-08-07T05:27:53Z</time>
      </trkpt>
      <trkpt lat="44.28343" lon="6.97129">
        <ele>3005.2</ele>
        <time>2026-08-07T05:27:58Z</time>
      </trkpt>
      <trkpt lat="44.28342" lon="6.971294">
        <ele>3005.2</ele>
        <time>2026-08-07T05:28:01Z</time>
      </trkpt>
      <trkpt lat="44.283403" lon="6.971272">
        <ele>3004.6</ele>
        <time>2026-08-07T05:28:06Z</time>
      </trkpt>
      <trkpt lat="44.283397" lon="6.971282">
        <ele>3004.0</ele>
        <time>2026-08-07T05:28:10Z</time>
      </trkpt>
      <trkpt lat="44.283401" lon="6.971268">
        <ele>3003.4</ele>
        <time>2026-08-07T05:28:18Z</time>
      </trkpt>
      <trkpt lat="44.283406" lon="6.971263">
        <ele>3002.8</ele>
        <time>2026-08-07T05:28:20Z</time>
      </trkpt>
      <trkpt lat="44.283407" lon="6.971256">
        <ele>3002.2</ele>
        <time>2026-08-07T05:28:22Z</time>
      </trkpt>
      <trkpt lat="44.283403" lon="6.971245">
        <ele>3001.2</ele>
        <time>2026-08-07T05:28:26Z</time>
      </trkpt>
      <trkpt lat="44.283418" lon="6.971229">
        <ele>3000.6</ele>
        <time>2026-08-07T05:28:29Z</time>
      </trkpt>
      <trkpt lat="44.283424" lon="6.971222">
        <ele>2999.8</ele>
        <time>2026-08-07T05:28:31Z</time>
      </trkpt>
      <trkpt lat="44.283419" lon="6.971205">
        <ele>2998.8</ele>
        <time>2026-08-07T05:28:35Z</time>
      </trkpt>
      <trkpt lat="44.283421" lon="6.9712">
        <ele>2998.4</ele>
        <time>2026-08-07T05:28:37Z</time>
      </trkpt>
      <trkpt lat="44.283412" lon="6.971222">
        <ele>2997.6</ele>
        <time>2026-08-07T05:28:45Z</time>
      </trkpt>
      <trkpt lat="44.283406" lon="6.971229">
        <ele>2996.6</ele>
        <time>2026-08-07T05:28:55Z</time>
      </trkpt>
      <trkpt lat="44.283404" lon="6.971202">
        <ele>2995.4</ele>
        <time>2026-08-07T05:29:00Z</time>
      </trkpt>
      <trkpt lat="44.283406" lon="6.971199">
        <ele>2994.6</ele>
        <time>2026-08-07T05:29:05Z</time>
      </trkpt>
      <trkpt lat="44.283405" lon="6.971192">
        <ele>2994.2</ele>
        <time>2026-08-07T05:29:06Z</time>
      </trkpt>
      <trkpt lat="44.283403" lon="6.971178">
        <ele>2993.2</ele>
        <time>2026-08-07T05:29:10Z</time>
      </trkpt>
      <trkpt lat="44.283398" lon="6.971174">
        <ele>2992.6</ele>
        <time>2026-08-07T05:29:13Z</time>
      </trkpt>
      <trkpt lat="44.283393" lon="6.971165">
        <ele>2992.0</ele>
        <time>2026-08-07T05:29:16Z</time>
      </trkpt>
      <trkpt lat="44.283384" lon="6.971163">
        <ele>2990.8</ele>
        <time>2026-08-07T05:29:21Z</time>
      </trkpt>
      <trkpt lat="44.283378" lon="6.971156">
        <ele>2990.6</ele>
        <time>2026-08-07T05:29:23Z</time>
      </trkpt>
      <trkpt lat="44.283362" lon="6.971148">
        <ele>2989.6</ele>
        <time>2026-08-07T05:29:28Z</time>
      </trkpt>
      <trkpt lat="44.283354" lon="6.971148">
        <ele>2988.6</ele>
        <time>2026-08-07T05:29:33Z</time>
      </trkpt>
      <trkpt lat="44.283359" lon="6.971163">
        <ele>2987.6</ele>
        <time>2026-08-07T05:29:40Z</time>
      </trkpt>
      <trkpt lat="44.283355" lon="6.971163">
        <ele>2987.6</ele>
        <time>2026-08-07T05:29:41Z</time>
      </trkpt>
      <trkpt lat="44.283352" lon="6.971164">
        <ele>2987.4</ele>
        <time>2026-08-07T05:29:42Z</time>
      </trkpt>
      <trkpt lat="44.283345" lon="6.971164">
        <ele>2987.2</ele>
        <time>2026-08-07T05:29:43Z</time>
      </trkpt>
      <trkpt lat="44.283334" lon="6.971164">
        <ele>2986.8</ele>
        <time>2026-08-07T05:29:45Z</time>
      </trkpt>
      <trkpt lat="44.283335" lon="6.971156">
        <ele>2986.2</ele>
        <time>2026-08-07T05:29:49Z</time>
      </trkpt>
      <trkpt lat="44.283334" lon="6.971155">
        <ele>2986.0</ele>
        <time>2026-08-07T05:29:50Z</time>
      </trkpt>
      <trkpt lat="44.283376" lon="6.971165">
        <ele>2985.2</ele>
        <time>2026-08-07T05:29:58Z</time>
      </trkpt>
      <trkpt lat="44.283383" lon="6.971178">
        <ele>2984.2</ele>
        <time>2026-08-07T05:30:02Z</time>
      </trkpt>
      <trkpt lat="44.283369" lon="6.971156">
        <ele>2983.0</ele>
        <time>2026-08-07T05:30:11Z</time>
      </trkpt>
      <trkpt lat="44.283359" lon="6.971131">
        <ele>2982.0</ele>
        <time>2026-08-07T05:30:19Z</time>
      </trkpt>
      <trkpt lat="44.283354" lon="6.971126">
        <ele>2981.0</ele>
        <time>2026-08-07T05:30:25Z</time>
      </trkpt>
      <trkpt lat="44.283349" lon="6.971124">
        <ele>2980.6</ele>
        <time>2026-08-07T05:30:27Z</time>
      </trkpt>
      <trkpt lat="44.283339" lon="6.971116">
        <ele>2980.0</ele>
        <time>2026-08-07T05:30:33Z</time>
      </trkpt>
      <trkpt lat="44.283338" lon="6.971119">
        <ele>2979.6</ele>
        <time>2026-08-07T05:30:36Z</time>
      </trkpt>
      <trkpt lat="44.283332" lon="6.971121">
        <ele>2978.8</ele>
        <time>2026-08-07T05:30:40Z</time>
      </trkpt>
      <trkpt lat="44.283329" lon="6.971105">
        <ele>2978.4</ele>
        <time>2026-08-07T05:30:45Z</time>
      </trkpt>
      <trkpt lat="44.283323" lon="6.971085">
        <ele>2977.8</ele>
        <time>2026-08-07T05:30:50Z</time>
      </trkpt>
      <trkpt lat="44.283339" lon="6.971098">
        <ele>2977.2</ele>
        <time>2026-08-07T05:30:54Z</time>
      </trkpt>
      <trkpt lat="44.283346" lon="6.971106">
        <ele>2976.6</ele>
        <time>2026-08-07T05:30:56Z</time>
      </trkpt>
      <trkpt lat="44.283353" lon="6.971111">
        <ele>2976.0</ele>
        <time>2026-08-07T05:31:02Z</time>
      </trkpt>
      <trkpt lat="44.283332" lon="6.97108">
        <ele>2975.6</ele>
        <time>2026-08-07T05:31:05Z</time>
      </trkpt>
      <trkpt lat="44.283334" lon="6.971046">
        <ele>2974.8</ele>
        <time>2026-08-07T05:31:14Z</time>
      </trkpt>
      <trkpt lat="44.283335" lon="6.97105">
        <ele>2974.6</ele>
        <time>2026-08-07T05:31:17Z</time>
      </trkpt>
      <trkpt lat="44.283329" lon="6.97106">
        <ele>2973.8</ele>
        <time>2026-08-07T05:31:23Z</time>
      </trkpt>
      <trkpt lat="44.283314" lon="6.971088">
        <ele>2973.4</ele>
        <time>2026-08-07T05:31:32Z</time>
      </trkpt>
      <trkpt lat="44.283311" lon="6.971086">
        <ele>2973.4</ele>
        <time>2026-08-07T05:31:33Z</time>
      </trkpt>
      <trkpt lat="44.283315" lon="6.971069">
        <ele>2972.6</ele>
        <time>2026-08-07T05:31:41Z</time>
      </trkpt>
      <trkpt lat="44.283316" lon="6.971066">
        <ele>2972.4</ele>
        <time>2026-08-07T05:31:42Z</time>
      </trkpt>
      <trkpt lat="44.28332" lon="6.971057">
        <ele>2971.8</ele>
        <time>2026-08-07T05:31:45Z</time>
      </trkpt>
      <trkpt lat="44.283324" lon="6.971057">
        <ele>2971.8</ele>
        <time>2026-08-07T05:31:46Z</time>
      </trkpt>
      <trkpt lat="44.283335" lon="6.971061">
        <ele>2971.4</ele>
        <time>2026-08-07T05:31:50Z</time>
      </trkpt>
      <trkpt lat="44.283335" lon="6.971059">
        <ele>2971.4</ele>
        <time>2026-08-07T05:31:51Z</time>
      </trkpt>
      <trkpt lat="44.283305" lon="6.971021">
        <ele>2970.8</ele>
        <time>2026-08-07T05:31:58Z</time>
      </trkpt>
      <trkpt lat="44.283317" lon="6.971022">
        <ele>2970.4</ele>
        <time>2026-08-07T05:32:02Z</time>
      </trkpt>
      <trkpt lat="44.283327" lon="6.971016">
        <ele>2970.2</ele>
        <time>2026-08-07T05:32:07Z</time>
      </trkpt>
      <trkpt lat="44.283327" lon="6.970988">
        <ele>2969.0</ele>
        <time>2026-08-07T05:32:12Z</time>
      </trkpt>
      <trkpt lat="44.283321" lon="6.970983">
        <ele>2968.6</ele>
        <time>2026-08-07T05:32:14Z</time>
      </trkpt>
      <trkpt lat="44.283314" lon="6.970976">
        <ele>2968.0</ele>
        <time>2026-08-07T05:32:19Z</time>
      </trkpt>
      <trkpt lat="44.283298" lon="6.970963">
        <ele>2967.0</ele>
        <time>2026-08-07T05:32:25Z</time>
      </trkpt>
      <trkpt lat="44.283297" lon="6.970958">
        <ele>2967.0</ele>
        <time>2026-08-07T05:32:29Z</time>
      </trkpt>
      <trkpt lat="44.283303" lon="6.970931">
        <ele>2966.0</ele>
        <time>2026-08-07T05:32:35Z</time>
      </trkpt>
      <trkpt lat="44.283312" lon="6.970928">
        <ele>2966.0</ele>
        <time>2026-08-07T05:32:36Z</time>
      </trkpt>
      <trkpt lat="44.28334" lon="6.970908">
        <ele>2964.8</ele>
        <time>2026-08-07T05:32:42Z</time>
      </trkpt>
      <trkpt lat="44.283341" lon="6.970909">
        <ele>2964.6</ele>
        <time>2026-08-07T05:32:43Z</time>
      </trkpt>
      <trkpt lat="44.283339" lon="6.970891">
        <ele>2964.2</ele>
        <time>2026-08-07T05:32:50Z</time>
      </trkpt>
      <trkpt lat="44.283324" lon="6.970899">
        <ele>2963.8</ele>
        <time>2026-08-07T05:32:58Z</time>
      </trkpt>
      <trkpt lat="44.283322" lon="6.970876">
        <ele>2962.6</ele>
        <time>2026-08-07T05:33:03Z</time>
      </trkpt>
      <trkpt lat="44.283328" lon="6.970874">
        <ele>2962.0</ele>
        <time>2026-08-07T05:33:07Z</time>
      </trkpt>
      <trkpt lat="44.283326" lon="6.97087">
        <ele>2961.6</ele>
        <time>2026-08-07T05:33:10Z</time>
      </trkpt>
      <trkpt lat="44.283309" lon="6.970857">
        <ele>2961.0</ele>
        <time>2026-08-07T05:33:18Z</time>
      </trkpt>
      <trkpt lat="44.283307" lon="6.970843">
        <ele>2960.4</ele>
        <time>2026-08-07T05:33:22Z</time>
      </trkpt>
      <trkpt lat="44.283303" lon="6.970855">
        <ele>2960.2</ele>
        <time>2026-08-07T05:33:28Z</time>
      </trkpt>
      <trkpt lat="44.283278" lon="6.970852">
        <ele>2959.6</ele>
        <time>2026-08-07T05:33:35Z</time>
      </trkpt>
      <trkpt lat="44.283279" lon="6.970846">
        <ele>2959.2</ele>
        <time>2026-08-07T05:33:37Z</time>
      </trkpt>
      <trkpt lat="44.283272" lon="6.970835">
        <ele>2959.0</ele>
        <time>2026-08-07T05:33:39Z</time>
      </trkpt>
      <trkpt lat="44.283264" lon="6.970824">
        <ele>2958.2</ele>
        <time>2026-08-07T05:33:46Z</time>
      </trkpt>
      <trkpt lat="44.283245" lon="6.970829">
        <ele>2958.0</ele>
        <time>2026-08-07T05:33:59Z</time>
      </trkpt>
      <trkpt lat="44.283259" lon="6.970833">
        <ele>2958.0</ele>
        <time>2026-08-07T05:34:04Z</time>
      </trkpt>
      <trkpt lat="44.283267" lon="6.970827">
        <ele>2958.0</ele>
        <time>2026-08-07T05:34:10Z</time>
      </trkpt>
      <trkpt lat="44.283274" lon="6.970829">
        <ele>2957.4</ele>
        <time>2026-08-07T05:34:20Z</time>
      </trkpt>
      <trkpt lat="44.283276" lon="6.97084">
        <ele>2957.2</ele>
        <time>2026-08-07T05:34:26Z</time>
      </trkpt>
      <trkpt lat="44.283269" lon="6.970839">
        <ele>2957.0</ele>
        <time>2026-08-07T05:34:29Z</time>
      </trkpt>
      <trkpt lat="44.283273" lon="6.970826">
        <ele>2956.2</ele>
        <time>2026-08-07T05:34:34Z</time>
      </trkpt>
      <trkpt lat="44.283277" lon="6.970815">
        <ele>2956.0</ele>
        <time>2026-08-07T05:34:36Z</time>
      </trkpt>
      <trkpt lat="44.283259" lon="6.970768">
        <ele>2955.2</ele>
        <time>2026-08-07T05:34:43Z</time>
      </trkpt>
      <trkpt lat="44.283254" lon="6.970762">
        <ele>2955.2</ele>
        <time>2026-08-07T05:34:44Z</time>
      </trkpt>
      <trkpt lat="44.283248" lon="6.970747">
        <ele>2954.0</ele>
        <time>2026-08-07T05:34:52Z</time>
      </trkpt>
      <trkpt lat="44.283255" lon="6.970711">
        <ele>2953.0</ele>
        <time>2026-08-07T05:34:58Z</time>
      </trkpt>
      <trkpt lat="44.28325" lon="6.970703">
        <ele>2953.0</ele>
        <time>2026-08-07T05:35:01Z</time>
      </trkpt>
      <trkpt lat="44.283234" lon="6.970715">
        <ele>2952.4</ele>
        <time>2026-08-07T05:35:13Z</time>
      </trkpt>
      <trkpt lat="44.28323" lon="6.970694">
        <ele>2952.0</ele>
        <time>2026-08-07T05:35:20Z</time>
      </trkpt>
      <trkpt lat="44.283229" lon="6.97068">
        <ele>2951.6</ele>
        <time>2026-08-07T05:35:22Z</time>
      </trkpt>
      <trkpt lat="44.283221" lon="6.970654">
        <ele>2951.0</ele>
        <time>2026-08-07T05:35:29Z</time>
      </trkpt>
      <trkpt lat="44.283224" lon="6.970658">
        <ele>2951.0</ele>
        <time>2026-08-07T05:35:33Z</time>
      </trkpt>
      <trkpt lat="44.28324" lon="6.970682">
        <ele>2950.8</ele>
        <time>2026-08-07T05:35:45Z</time>
      </trkpt>
      <trkpt lat="44.283274" lon="6.970636">
        <ele>2950.8</ele>
        <time>2026-08-07T05:35:53Z</time>
      </trkpt>
      <trkpt lat="44.283283" lon="6.970577">
        <ele>2950.8</ele>
        <time>2026-08-07T05:35:59Z</time>
      </trkpt>
      <trkpt lat="44.283293" lon="6.970564">
        <ele>2950.6</ele>
        <time>2026-08-07T05:36:03Z</time>
      </trkpt>
      <trkpt lat="44.283292" lon="6.97056">
        <ele>2950.6</ele>
        <time>2026-08-07T05:36:05Z</time>
      </trkpt>
      <trkpt lat="44.283295" lon="6.970562">
        <ele>2950.6</ele>
        <time>2026-08-07T05:36:07Z</time>
      </trkpt>
      <trkpt lat="44.283293" lon="6.970578">
        <ele>2950.6</ele>
        <time>2026-08-07T05:36:14Z</time>
      </trkpt>
      <trkpt lat="44.283292" lon="6.970579">
        <ele>2950.6</ele>
        <time>2026-08-07T05:36:15Z</time>
      </trkpt>
      <trkpt lat="44.28332" lon="6.970583">
        <ele>2950.4</ele>
        <time>2026-08-07T05:36:23Z</time>
      </trkpt>
      <trkpt lat="44.283334" lon="6.970567">
        <ele>2949.8</ele>
        <time>2026-08-07T05:36:29Z</time>
      </trkpt>
      <trkpt lat="44.28334" lon="6.970541">
        <ele>2949.6</ele>
        <time>2026-08-07T05:36:32Z</time>
      </trkpt>
      <trkpt lat="44.283346" lon="6.970503">
        <ele>2949.4</ele>
        <time>2026-08-07T05:36:41Z</time>
      </trkpt>
      <trkpt lat="44.283336" lon="6.970474">
        <ele>2948.8</ele>
        <time>2026-08-07T05:36:48Z</time>
      </trkpt>
      <trkpt lat="44.283352" lon="6.970444">
        <ele>2947.6</ele>
        <time>2026-08-07T05:36:54Z</time>
      </trkpt>
      <trkpt lat="44.283355" lon="6.970443">
        <ele>2947.6</ele>
        <time>2026-08-07T05:36:55Z</time>
      </trkpt>
      <trkpt lat="44.283357" lon="6.970445">
        <ele>2947.6</ele>
        <time>2026-08-07T05:37:03Z</time>
      </trkpt>
      <trkpt lat="44.283373" lon="6.970456">
        <ele>2947.2</ele>
        <time>2026-08-07T05:37:10Z</time>
      </trkpt>
      <trkpt lat="44.283389" lon="6.970434">
        <ele>2946.6</ele>
        <time>2026-08-07T05:37:13Z</time>
      </trkpt>
      <trkpt lat="44.283382" lon="6.970401">
        <ele>2945.8</ele>
        <time>2026-08-07T05:37:17Z</time>
      </trkpt>
      <trkpt lat="44.283375" lon="6.970397">
        <ele>2945.4</ele>
        <time>2026-08-07T05:37:19Z</time>
      </trkpt>
      <trkpt lat="44.283345" lon="6.97042">
        <ele>2944.4</ele>
        <time>2026-08-07T05:37:26Z</time>
      </trkpt>
      <trkpt lat="44.283343" lon="6.97042">
        <ele>2944.2</ele>
        <time>2026-08-07T05:37:27Z</time>
      </trkpt>
      <trkpt lat="44.283363" lon="6.9704">
        <ele>2943.4</ele>
        <time>2026-08-07T05:37:33Z</time>
      </trkpt>
      <trkpt lat="44.283359" lon="6.970395">
        <ele>2943.0</ele>
        <time>2026-08-07T05:37:35Z</time>
      </trkpt>
      <trkpt lat="44.283332" lon="6.970385">
        <ele>2942.0</ele>
        <time>2026-08-07T05:37:42Z</time>
      </trkpt>
      <trkpt lat="44.283332" lon="6.970384">
        <ele>2942.0</ele>
        <time>2026-08-07T05:37:43Z</time>
      </trkpt>
      <trkpt lat="44.283312" lon="6.970377">
        <ele>2941.2</ele>
        <time>2026-08-07T05:37:50Z</time>
      </trkpt>
      <trkpt lat="44.283309" lon="6.970367">
        <ele>2940.8</ele>
        <time>2026-08-07T05:37:52Z</time>
      </trkpt>
      <trkpt lat="44.283301" lon="6.970374">
        <ele>2939.8</ele>
        <time>2026-08-07T05:38:00Z</time>
      </trkpt>
      <trkpt lat="44.283296" lon="6.970372">
        <ele>2938.8</ele>
        <time>2026-08-07T05:38:07Z</time>
      </trkpt>
      <trkpt lat="44.283295" lon="6.970367">
        <ele>2938.6</ele>
        <time>2026-08-07T05:38:09Z</time>
      </trkpt>
      <trkpt lat="44.283303" lon="6.97036">
        <ele>2937.6</ele>
        <time>2026-08-07T05:38:14Z</time>
      </trkpt>
      <trkpt lat="44.283305" lon="6.970352">
        <ele>2937.4</ele>
        <time>2026-08-07T05:38:17Z</time>
      </trkpt>
      <trkpt lat="44.283322" lon="6.970338">
        <ele>2936.8</ele>
        <time>2026-08-07T05:38:25Z</time>
      </trkpt>
      <trkpt lat="44.28332" lon="6.970337">
        <ele>2936.6</ele>
        <time>2026-08-07T05:38:27Z</time>
      </trkpt>
      <trkpt lat="44.283325" lon="6.970343">
        <ele>2936.0</ele>
        <time>2026-08-07T05:38:33Z</time>
      </trkpt>
      <trkpt lat="44.283324" lon="6.970336">
        <ele>2935.6</ele>
        <time>2026-08-07T05:38:36Z</time>
      </trkpt>
      <trkpt lat="44.283327" lon="6.970309">
        <ele>2935.4</ele>
        <time>2026-08-07T05:38:40Z</time>
      </trkpt>
      <trkpt lat="44.283317" lon="6.970284">
        <ele>2934.8</ele>
        <time>2026-08-07T05:38:47Z</time>
      </trkpt>
      <trkpt lat="44.283316" lon="6.97028">
        <ele>2934.6</ele>
        <time>2026-08-07T05:38:48Z</time>
      </trkpt>
      <trkpt lat="44.283326" lon="6.970296">
        <ele>2933.4</ele>
        <time>2026-08-07T05:38:54Z</time>
      </trkpt>
      <trkpt lat="44.283329" lon="6.970272">
        <ele>2933.2</ele>
        <time>2026-08-07T05:38:56Z</time>
      </trkpt>
      <trkpt lat="44.283311" lon="6.970235">
        <ele>2932.4</ele>
        <time>2026-08-07T05:39:02Z</time>
      </trkpt>
      <trkpt lat="44.283307" lon="6.970234">
        <ele>2932.2</ele>
        <time>2026-08-07T05:39:03Z</time>
      </trkpt>
      <trkpt lat="44.283282" lon="6.970251">
        <ele>2931.2</ele>
        <time>2026-08-07T05:39:11Z</time>
      </trkpt>
      <trkpt lat="44.283278" lon="6.970251">
        <ele>2931.2</ele>
        <time>2026-08-07T05:39:12Z</time>
      </trkpt>
      <trkpt lat="44.283265" lon="6.970246">
        <ele>2930.2</ele>
        <time>2026-08-07T05:39:16Z</time>
      </trkpt>
      <trkpt lat="44.283273" lon="6.970258">
        <ele>2929.4</ele>
        <time>2026-08-07T05:39:21Z</time>
      </trkpt>
      <trkpt lat="44.28328" lon="6.97026">
        <ele>2929.2</ele>
        <time>2026-08-07T05:39:23Z</time>
      </trkpt>
      <trkpt lat="44.283294" lon="6.970216">
        <ele>2928.2</ele>
        <time>2026-08-07T05:39:29Z</time>
      </trkpt>
      <trkpt lat="44.283293" lon="6.970204">
        <ele>2928.0</ele>
        <time>2026-08-07T05:39:30Z</time>
      </trkpt>
      <trkpt lat="44.28328" lon="6.970178">
        <ele>2927.0</ele>
        <time>2026-08-07T05:39:36Z</time>
      </trkpt>
      <trkpt lat="44.283278" lon="6.970174">
        <ele>2926.8</ele>
        <time>2026-08-07T05:39:37Z</time>
      </trkpt>
      <trkpt lat="44.28329" lon="6.97017">
        <ele>2926.0</ele>
        <time>2026-08-07T05:39:44Z</time>
      </trkpt>
      <trkpt lat="44.283292" lon="6.970169">
        <ele>2925.8</ele>
        <time>2026-08-07T05:39:45Z</time>
      </trkpt>
      <trkpt lat="44.283303" lon="6.970163">
        <ele>2924.8</ele>
        <time>2026-08-07T05:39:50Z</time>
      </trkpt>
      <trkpt lat="44.283301" lon="6.970164">
        <ele>2924.8</ele>
        <time>2026-08-07T05:39:51Z</time>
      </trkpt>
      <trkpt lat="44.283305" lon="6.970162">
        <ele>2924.4</ele>
        <time>2026-08-07T05:39:53Z</time>
      </trkpt>
      <trkpt lat="44.283315" lon="6.970121">
        <ele>2923.6</ele>
        <time>2026-08-07T05:39:57Z</time>
      </trkpt>
      <trkpt lat="44.283322" lon="6.970092">
        <ele>2923.0</ele>
        <time>2026-08-07T05:40:01Z</time>
      </trkpt>
      <trkpt lat="44.283335" lon="6.970075">
        <ele>2922.4</ele>
        <time>2026-08-07T05:40:04Z</time>
      </trkpt>
      <trkpt lat="44.283335" lon="6.970069">
        <ele>2921.6</ele>
        <time>2026-08-07T05:40:09Z</time>
      </trkpt>
      <trkpt lat="44.283338" lon="6.970069">
        <ele>2921.4</ele>
        <time>2026-08-07T05:40:10Z</time>
      </trkpt>
      <trkpt lat="44.283329" lon="6.970056">
        <ele>2920.8</ele>
        <time>2026-08-07T05:40:17Z</time>
      </trkpt>
      <trkpt lat="44.283321" lon="6.970034">
        <ele>2920.4</ele>
        <time>2026-08-07T05:40:21Z</time>
      </trkpt>
      <trkpt lat="44.283303" lon="6.970016">
        <ele>2919.6</ele>
        <time>2026-08-07T05:40:27Z</time>
      </trkpt>
      <trkpt lat="44.283303" lon="6.970047">
        <ele>2919.6</ele>
        <time>2026-08-07T05:40:37Z</time>
      </trkpt>
      <trkpt lat="44.283318" lon="6.970068">
        <ele>2919.4</ele>
        <time>2026-08-07T05:40:41Z</time>
      </trkpt>
      <trkpt lat="44.283322" lon="6.970081">
        <ele>2918.6</ele>
        <time>2026-08-07T05:40:46Z</time>
      </trkpt>
      <trkpt lat="44.283327" lon="6.97009">
        <ele>2918.4</ele>
        <time>2026-08-07T05:40:51Z</time>
      </trkpt>
      <trkpt lat="44.283327" lon="6.9701">
        <ele>2918.2</ele>
        <time>2026-08-07T05:40:55Z</time>
      </trkpt>
      <trkpt lat="44.283302" lon="6.970086">
        <ele>2917.4</ele>
        <time>2026-08-07T05:41:05Z</time>
      </trkpt>
      <trkpt lat="44.283296" lon="6.970065">
        <ele>2917.2</ele>
        <time>2026-08-07T05:41:13Z</time>
      </trkpt>
      <trkpt lat="44.283302" lon="6.970087">
        <ele>2916.6</ele>
        <time>2026-08-07T05:41:21Z</time>
      </trkpt>
      <trkpt lat="44.283319" lon="6.970092">
        <ele>2916.2</ele>
        <time>2026-08-07T05:41:27Z</time>
      </trkpt>
      <trkpt lat="44.283296" lon="6.970089">
        <ele>2916.0</ele>
        <time>2026-08-07T05:41:31Z</time>
      </trkpt>
      <trkpt lat="44.283256" lon="6.970083">
        <ele>2915.8</ele>
        <time>2026-08-07T05:41:40Z</time>
      </trkpt>
      <trkpt lat="44.283256" lon="6.970056">
        <ele>2915.6</ele>
        <time>2026-08-07T05:41:45Z</time>
      </trkpt>
      <trkpt lat="44.283254" lon="6.970044">
        <ele>2915.2</ele>
        <time>2026-08-07T05:41:48Z</time>
      </trkpt>
      <trkpt lat="44.283263" lon="6.970073">
        <ele>2914.6</ele>
        <time>2026-08-07T05:41:58Z</time>
      </trkpt>
      <trkpt lat="44.283245" lon="6.969999">
        <ele>2914.4</ele>
        <time>2026-08-07T05:42:05Z</time>
      </trkpt>
      <trkpt lat="44.283243" lon="6.969984">
        <ele>2914.0</ele>
        <time>2026-08-07T05:42:08Z</time>
      </trkpt>
      <trkpt lat="44.283233" lon="6.969976">
        <ele>2913.4</ele>
        <time>2026-08-07T05:42:13Z</time>
      </trkpt>
      <trkpt lat="44.283226" lon="6.969953">
        <ele>2912.8</ele>
        <time>2026-08-07T05:42:15Z</time>
      </trkpt>
      <trkpt lat="44.283225" lon="6.969943">
        <ele>2912.4</ele>
        <time>2026-08-07T05:42:17Z</time>
      </trkpt>
      <trkpt lat="44.283223" lon="6.969911">
        <ele>2911.6</ele>
        <time>2026-08-07T05:42:20Z</time>
      </trkpt>
      <trkpt lat="44.28322" lon="6.969881">
        <ele>2910.4</ele>
        <time>2026-08-07T05:42:24Z</time>
      </trkpt>
      <trkpt lat="44.283218" lon="6.969865">
        <ele>2909.4</ele>
        <time>2026-08-07T05:42:28Z</time>
      </trkpt>
      <trkpt lat="44.283217" lon="6.969853">
        <ele>2909.2</ele>
        <time>2026-08-07T05:42:29Z</time>
      </trkpt>
      <trkpt lat="44.283206" lon="6.969816">
        <ele>2908.0</ele>
        <time>2026-08-07T05:42:33Z</time>
      </trkpt>
      <trkpt lat="44.283205" lon="6.969812">
        <ele>2907.8</ele>
        <time>2026-08-07T05:42:34Z</time>
      </trkpt>
      <trkpt lat="44.28322" lon="6.969807">
        <ele>2907.0</ele>
        <time>2026-08-07T05:42:37Z</time>
      </trkpt>
      <trkpt lat="44.283245" lon="6.969805">
        <ele>2906.4</ele>
        <time>2026-08-07T05:42:40Z</time>
      </trkpt>
      <trkpt lat="44.283255" lon="6.969788">
        <ele>2905.8</ele>
        <time>2026-08-07T05:42:43Z</time>
      </trkpt>
      <trkpt lat="44.283244" lon="6.969763">
        <ele>2905.0</ele>
        <time>2026-08-07T05:42:48Z</time>
      </trkpt>
      <trkpt lat="44.283244" lon="6.96976">
        <ele>2904.8</ele>
        <time>2026-08-07T05:42:49Z</time>
      </trkpt>
      <trkpt lat="44.283237" lon="6.969734">
        <ele>2903.6</ele>
        <time>2026-08-07T05:42:55Z</time>
      </trkpt>
      <trkpt lat="44.283237" lon="6.969724">
        <ele>2903.2</ele>
        <time>2026-08-07T05:42:56Z</time>
      </trkpt>
      <trkpt lat="44.283236" lon="6.969693">
        <ele>2902.6</ele>
        <time>2026-08-07T05:42:59Z</time>
      </trkpt>
      <trkpt lat="44.283234" lon="6.969644">
        <ele>2901.8</ele>
        <time>2026-08-07T05:43:03Z</time>
      </trkpt>
      <trkpt lat="44.283232" lon="6.969627">
        <ele>2901.4</ele>
        <time>2026-08-07T05:43:05Z</time>
      </trkpt>
      <trkpt lat="44.283235" lon="6.969599">
        <ele>2900.8</ele>
        <time>2026-08-07T05:43:09Z</time>
      </trkpt>
      <trkpt lat="44.28324" lon="6.969587">
        <ele>2900.6</ele>
        <time>2026-08-07T05:43:12Z</time>
      </trkpt>
      <trkpt lat="44.28324" lon="6.969587">
        <ele>2900.4</ele>
        <time>2026-08-07T05:43:13Z</time>
      </trkpt>
      <trkpt lat="44.283242" lon="6.969566">
        <ele>2899.4</ele>
        <time>2026-08-07T05:43:20Z</time>
      </trkpt>
      <trkpt lat="44.283248" lon="6.969559">
        <ele>2899.2</ele>
        <time>2026-08-07T05:43:21Z</time>
      </trkpt>
      <trkpt lat="44.283256" lon="6.96955">
        <ele>2898.8</ele>
        <time>2026-08-07T05:43:22Z</time>
      </trkpt>
      <trkpt lat="44.28327" lon="6.969533">
        <ele>2898.4</ele>
        <time>2026-08-07T05:43:24Z</time>
      </trkpt>
      <trkpt lat="44.283283" lon="6.969499">
        <ele>2897.4</ele>
        <time>2026-08-07T05:43:28Z</time>
      </trkpt>
      <trkpt lat="44.283284" lon="6.969494">
        <ele>2897.2</ele>
        <time>2026-08-07T05:43:29Z</time>
      </trkpt>
      <trkpt lat="44.283289" lon="6.969468">
        <ele>2896.2</ele>
        <time>2026-08-07T05:43:35Z</time>
      </trkpt>
      <trkpt lat="44.283274" lon="6.969443">
        <ele>2895.0</ele>
        <time>2026-08-07T05:43:40Z</time>
      </trkpt>
      <trkpt lat="44.283271" lon="6.969441">
        <ele>2894.8</ele>
        <time>2026-08-07T05:43:41Z</time>
      </trkpt>
      <trkpt lat="44.283266" lon="6.969415">
        <ele>2894.6</ele>
        <time>2026-08-07T05:43:43Z</time>
      </trkpt>
      <trkpt lat="44.283251" lon="6.969387">
        <ele>2893.8</ele>
        <time>2026-08-07T05:43:46Z</time>
      </trkpt>
      <trkpt lat="44.283231" lon="6.969359">
        <ele>2894.0</ele>
        <time>2026-08-07T05:43:50Z</time>
      </trkpt>
      <trkpt lat="44.28321" lon="6.969316">
        <ele>2894.8</ele>
        <time>2026-08-07T05:43:56Z</time>
      </trkpt>
      <trkpt lat="44.283208" lon="6.969296">
        <ele>2895.0</ele>
        <time>2026-08-07T05:43:58Z</time>
      </trkpt>
      <trkpt lat="44.28323" lon="6.969242">
        <ele>2894.8</ele>
        <time>2026-08-07T05:44:05Z</time>
      </trkpt>
      <trkpt lat="44.283231" lon="6.969206">
        <ele>2894.6</ele>
        <time>2026-08-07T05:44:10Z</time>
      </trkpt>
      <trkpt lat="44.283215" lon="6.969202">
        <ele>2894.4</ele>
        <time>2026-08-07T05:44:13Z</time>
      </trkpt>
      <trkpt lat="44.283207" lon="6.969192">
        <ele>2894.0</ele>
        <time>2026-08-07T05:44:15Z</time>
      </trkpt>
      <trkpt lat="44.283208" lon="6.969184">
        <ele>2893.8</ele>
        <time>2026-08-07T05:44:16Z</time>
      </trkpt>
      <trkpt lat="44.283201" lon="6.969161">
        <ele>2893.2</ele>
        <time>2026-08-07T05:44:19Z</time>
      </trkpt>
      <trkpt lat="44.283185" lon="6.969159">
        <ele>2892.6</ele>
        <time>2026-08-07T05:44:24Z</time>
      </trkpt>
      <trkpt lat="44.283177" lon="6.969159">
        <ele>2892.2</ele>
        <time>2026-08-07T05:44:26Z</time>
      </trkpt>
      <trkpt lat="44.283168" lon="6.969161">
        <ele>2891.6</ele>
        <time>2026-08-07T05:44:28Z</time>
      </trkpt>
      <trkpt lat="44.283168" lon="6.969152">
        <ele>2890.8</ele>
        <time>2026-08-07T05:44:37Z</time>
      </trkpt>
      <trkpt lat="44.283166" lon="6.96915">
        <ele>2890.6</ele>
        <time>2026-08-07T05:44:39Z</time>
      </trkpt>
      <trkpt lat="44.283164" lon="6.969154">
        <ele>2890.6</ele>
        <time>2026-08-07T05:44:40Z</time>
      </trkpt>
      <trkpt lat="44.283166" lon="6.969153">
        <ele>2889.8</ele>
        <time>2026-08-07T05:44:45Z</time>
      </trkpt>
      <trkpt lat="44.283172" lon="6.96915">
        <ele>2889.4</ele>
        <time>2026-08-07T05:44:47Z</time>
      </trkpt>
      <trkpt lat="44.283175" lon="6.969134">
        <ele>2888.6</ele>
        <time>2026-08-07T05:44:53Z</time>
      </trkpt>
      <trkpt lat="44.283178" lon="6.969128">
        <ele>2888.4</ele>
        <time>2026-08-07T05:44:54Z</time>
      </trkpt>
      <trkpt lat="44.283181" lon="6.969125">
        <ele>2887.4</ele>
        <time>2026-08-07T05:45:00Z</time>
      </trkpt>
      <trkpt lat="44.283187" lon="6.9691">
        <ele>2886.6</ele>
        <time>2026-08-07T05:45:05Z</time>
      </trkpt>
      <trkpt lat="44.283184" lon="6.969093">
        <ele>2886.2</ele>
        <time>2026-08-07T05:45:08Z</time>
      </trkpt>
      <trkpt lat="44.283188" lon="6.969048">
        <ele>2885.0</ele>
        <time>2026-08-07T05:45:13Z</time>
      </trkpt>
      <trkpt lat="44.283167" lon="6.969016">
        <ele>2884.0</ele>
        <time>2026-08-07T05:45:20Z</time>
      </trkpt>
      <trkpt lat="44.283164" lon="6.969017">
        <ele>2884.0</ele>
        <time>2026-08-07T05:45:21Z</time>
      </trkpt>
      <trkpt lat="44.283147" lon="6.969029">
        <ele>2882.8</ele>
        <time>2026-08-07T05:45:27Z</time>
      </trkpt>
      <trkpt lat="44.283142" lon="6.969034">
        <ele>2882.4</ele>
        <time>2026-08-07T05:45:29Z</time>
      </trkpt>
      <trkpt lat="44.283132" lon="6.969034">
        <ele>2881.8</ele>
        <time>2026-08-07T05:45:33Z</time>
      </trkpt>
      <trkpt lat="44.283125" lon="6.96904">
        <ele>2881.0</ele>
        <time>2026-08-07T05:45:38Z</time>
      </trkpt>
      <trkpt lat="44.283127" lon="6.969045">
        <ele>2880.8</ele>
        <time>2026-08-07T05:45:40Z</time>
      </trkpt>
      <trkpt lat="44.283129" lon="6.969035">
        <ele>2880.0</ele>
        <time>2026-08-07T05:45:47Z</time>
      </trkpt>
      <trkpt lat="44.283129" lon="6.969035">
        <ele>2879.8</ele>
        <time>2026-08-07T05:45:48Z</time>
      </trkpt>
      <trkpt lat="44.283124" lon="6.969038">
        <ele>2879.2</ele>
        <time>2026-08-07T05:45:58Z</time>
      </trkpt>
      <trkpt lat="44.283135" lon="6.96903">
        <ele>2879.2</ele>
        <time>2026-08-07T05:46:03Z</time>
      </trkpt>
      <trkpt lat="44.283144" lon="6.969018">
        <ele>2878.8</ele>
        <time>2026-08-07T05:46:05Z</time>
      </trkpt>
      <trkpt lat="44.283146" lon="6.969018">
        <ele>2878.6</ele>
        <time>2026-08-07T05:46:07Z</time>
      </trkpt>
      <trkpt lat="44.283143" lon="6.969005">
        <ele>2877.8</ele>
        <time>2026-08-07T05:46:15Z</time>
      </trkpt>
      <trkpt lat="44.283138" lon="6.968992">
        <ele>2877.4</ele>
        <time>2026-08-07T05:46:17Z</time>
      </trkpt>
      <trkpt lat="44.283112" lon="6.968971">
        <ele>2876.6</ele>
        <time>2026-08-07T05:46:23Z</time>
      </trkpt>
      <trkpt lat="44.283114" lon="6.968956">
        <ele>2876.4</ele>
        <time>2026-08-07T05:46:25Z</time>
      </trkpt>
      <trkpt lat="44.283101" lon="6.968937">
        <ele>2875.6</ele>
        <time>2026-08-07T05:46:29Z</time>
      </trkpt>
      <trkpt lat="44.283092" lon="6.968929">
        <ele>2875.2</ele>
        <time>2026-08-07T05:46:31Z</time>
      </trkpt>
      <trkpt lat="44.28308" lon="6.968924">
        <ele>2874.6</ele>
        <time>2026-08-07T05:46:35Z</time>
      </trkpt>
      <trkpt lat="44.283074" lon="6.968929">
        <ele>2874.2</ele>
        <time>2026-08-07T05:46:38Z</time>
      </trkpt>
      <trkpt lat="44.283066" lon="6.968908">
        <ele>2873.6</ele>
        <time>2026-08-07T05:46:42Z</time>
      </trkpt>
      <trkpt lat="44.283053" lon="6.968899">
        <ele>2873.2</ele>
        <time>2026-08-07T05:46:44Z</time>
      </trkpt>
      <trkpt lat="44.283061" lon="6.968892">
        <ele>2872.4</ele>
        <time>2026-08-07T05:46:48Z</time>
      </trkpt>
      <trkpt lat="44.283071" lon="6.968886">
        <ele>2872.2</ele>
        <time>2026-08-07T05:46:50Z</time>
      </trkpt>
      <trkpt lat="44.283088" lon="6.968868">
        <ele>2871.6</ele>
        <time>2026-08-07T05:46:53Z</time>
      </trkpt>
      <trkpt lat="44.283092" lon="6.968857">
        <ele>2871.2</ele>
        <time>2026-08-07T05:46:56Z</time>
      </trkpt>
      <trkpt lat="44.283083" lon="6.968872">
        <ele>2870.8</ele>
        <time>2026-08-07T05:47:04Z</time>
      </trkpt>
      <trkpt lat="44.283086" lon="6.96884">
        <ele>2870.0</ele>
        <time>2026-08-07T05:47:10Z</time>
      </trkpt>
      <trkpt lat="44.283077" lon="6.968843">
        <ele>2869.4</ele>
        <time>2026-08-07T05:47:13Z</time>
      </trkpt>
      <trkpt lat="44.283061" lon="6.968833">
        <ele>2868.8</ele>
        <time>2026-08-07T05:47:16Z</time>
      </trkpt>
      <trkpt lat="44.283047" lon="6.968817">
        <ele>2868.0</ele>
        <time>2026-08-07T05:47:21Z</time>
      </trkpt>
      <trkpt lat="44.283045" lon="6.968809">
        <ele>2867.6</ele>
        <time>2026-08-07T05:47:22Z</time>
      </trkpt>
      <trkpt lat="44.283072" lon="6.968778">
        <ele>2866.6</ele>
        <time>2026-08-07T05:47:28Z</time>
      </trkpt>
      <trkpt lat="44.283079" lon="6.96875">
        <ele>2865.6</ele>
        <time>2026-08-07T05:47:32Z</time>
      </trkpt>
      <trkpt lat="44.283065" lon="6.968749">
        <ele>2865.0</ele>
        <time>2026-08-07T05:47:34Z</time>
      </trkpt>
      <trkpt lat="44.283067" lon="6.968747">
        <ele>2864.8</ele>
        <time>2026-08-07T05:47:35Z</time>
      </trkpt>
      <trkpt lat="44.283066" lon="6.968737">
        <ele>2864.6</ele>
        <time>2026-08-07T05:47:36Z</time>
      </trkpt>
      <trkpt lat="44.283064" lon="6.968733">
        <ele>2864.4</ele>
        <time>2026-08-07T05:47:37Z</time>
      </trkpt>
      <trkpt lat="44.283048" lon="6.968695">
        <ele>2863.4</ele>
        <time>2026-08-07T05:47:42Z</time>
      </trkpt>
      <trkpt lat="44.283041" lon="6.968692">
        <ele>2863.2</ele>
        <time>2026-08-07T05:47:43Z</time>
      </trkpt>
      <trkpt lat="44.282994" lon="6.968679">
        <ele>2862.2</ele>
        <time>2026-08-07T05:47:50Z</time>
      </trkpt>
      <trkpt lat="44.28299" lon="6.96868">
        <ele>2862.0</ele>
        <time>2026-08-07T05:47:51Z</time>
      </trkpt>
      <trkpt lat="44.282965" lon="6.968681">
        <ele>2861.2</ele>
        <time>2026-08-07T05:47:57Z</time>
      </trkpt>
      <trkpt lat="44.282967" lon="6.968679">
        <ele>2860.8</ele>
        <time>2026-08-07T05:47:59Z</time>
      </trkpt>
      <trkpt lat="44.28295" lon="6.968687">
        <ele>2860.0</ele>
        <time>2026-08-07T05:48:07Z</time>
      </trkpt>
      <trkpt lat="44.282951" lon="6.968692">
        <ele>2859.6</ele>
        <time>2026-08-07T05:48:09Z</time>
      </trkpt>
      <trkpt lat="44.282965" lon="6.96869">
        <ele>2858.6</ele>
        <time>2026-08-07T05:48:14Z</time>
      </trkpt>
      <trkpt lat="44.282967" lon="6.968689">
        <ele>2858.6</ele>
        <time>2026-08-07T05:48:16Z</time>
      </trkpt>
      <trkpt lat="44.282958" lon="6.968712">
        <ele>2858.6</ele>
        <time>2026-08-07T05:48:25Z</time>
      </trkpt>
      <trkpt lat="44.282956" lon="6.968721">
        <ele>2858.8</ele>
        <time>2026-08-07T05:48:30Z</time>
      </trkpt>
      <trkpt lat="44.28295" lon="6.968721">
        <ele>2858.8</ele>
        <time>2026-08-07T05:48:33Z</time>
      </trkpt>
      <trkpt lat="44.282939" lon="6.968682">
        <ele>2858.6</ele>
        <time>2026-08-07T05:48:40Z</time>
      </trkpt>
      <trkpt lat="44.282927" lon="6.96868">
        <ele>2858.8</ele>
        <time>2026-08-07T05:48:47Z</time>
      </trkpt>
      <trkpt lat="44.282927" lon="6.968733">
        <ele>2858.2</ele>
        <time>2026-08-07T05:48:55Z</time>
      </trkpt>
      <trkpt lat="44.28295" lon="6.968724">
        <ele>2858.4</ele>
        <time>2026-08-07T05:49:04Z</time>
      </trkpt>
      <trkpt lat="44.282951" lon="6.968747">
        <ele>2858.0</ele>
        <time>2026-08-07T05:49:10Z</time>
      </trkpt>
      <trkpt lat="44.282948" lon="6.968737">
        <ele>2857.8</ele>
        <time>2026-08-07T05:49:13Z</time>
      </trkpt>
      <trkpt lat="44.282921" lon="6.968727">
        <ele>2857.8</ele>
        <time>2026-08-07T05:49:19Z</time>
      </trkpt>
      <trkpt lat="44.282912" lon="6.96872">
        <ele>2857.8</ele>
        <time>2026-08-07T05:49:21Z</time>
      </trkpt>
      <trkpt lat="44.282915" lon="6.968716">
        <ele>2857.8</ele>
        <time>2026-08-07T05:49:23Z</time>
      </trkpt>
      <trkpt lat="44.282925" lon="6.968708">
        <ele>2858.6</ele>
        <time>2026-08-07T05:49:31Z</time>
      </trkpt>
      <trkpt lat="44.282928" lon="6.968695">
        <ele>2858.6</ele>
        <time>2026-08-07T05:49:35Z</time>
      </trkpt>
      <trkpt lat="44.282933" lon="6.968694">
        <ele>2858.6</ele>
        <time>2026-08-07T05:49:38Z</time>
      </trkpt>
      <trkpt lat="44.282935" lon="6.968714">
        <ele>2858.4</ele>
        <time>2026-08-07T05:49:40Z</time>
      </trkpt>
      <trkpt lat="44.282942" lon="6.968734">
        <ele>2858.4</ele>
        <time>2026-08-07T05:49:43Z</time>
      </trkpt>
      <trkpt lat="44.282945" lon="6.968712">
        <ele>2858.8</ele>
        <time>2026-08-07T05:49:49Z</time>
      </trkpt>
      <trkpt lat="44.282924" lon="6.968692">
        <ele>2859.0</ele>
        <time>2026-08-07T05:49:53Z</time>
      </trkpt>
      <trkpt lat="44.282912" lon="6.968688">
        <ele>2858.8</ele>
        <time>2026-08-07T05:49:55Z</time>
      </trkpt>
      <trkpt lat="44.282929" lon="6.96869">
        <ele>2858.6</ele>
        <time>2026-08-07T05:50:04Z</time>
      </trkpt>
      <trkpt lat="44.282936" lon="6.968699">
        <ele>2858.6</ele>
        <time>2026-08-07T05:50:13Z</time>
      </trkpt>
      <trkpt lat="44.282925" lon="6.968687">
        <ele>2858.8</ele>
        <time>2026-08-07T05:50:22Z</time>
      </trkpt>
      <trkpt lat="44.282911" lon="6.968666">
        <ele>2858.8</ele>
        <time>2026-08-07T05:50:31Z</time>
      </trkpt>
      <trkpt lat="44.282932" lon="6.968702">
        <ele>2858.6</ele>
        <time>2026-08-07T05:50:39Z</time>
      </trkpt>
      <trkpt lat="44.282942" lon="6.968703">
        <ele>2859.0</ele>
        <time>2026-08-07T05:50:49Z</time>
      </trkpt>
      <trkpt lat="44.282923" lon="6.968694">
        <ele>2858.6</ele>
        <time>2026-08-07T05:50:59Z</time>
      </trkpt>
      <trkpt lat="44.282934" lon="6.968694">
        <ele>2859.0</ele>
        <time>2026-08-07T05:51:09Z</time>
      </trkpt>
      <trkpt lat="44.28294" lon="6.968696">
        <ele>2858.8</ele>
        <time>2026-08-07T05:51:19Z</time>
      </trkpt>
      <trkpt lat="44.28293" lon="6.968679">
        <ele>2858.8</ele>
        <time>2026-08-07T05:51:28Z</time>
      </trkpt>
      <trkpt lat="44.282934" lon="6.968665">
        <ele>2859.0</ele>
        <time>2026-08-07T05:51:35Z</time>
      </trkpt>
      <trkpt lat="44.282946" lon="6.968688">
        <ele>2859.0</ele>
        <time>2026-08-07T05:51:42Z</time>
      </trkpt>
      <trkpt lat="44.282957" lon="6.96869">
        <ele>2858.8</ele>
        <time>2026-08-07T05:51:48Z</time>
      </trkpt>
      <trkpt lat="44.282971" lon="6.968693">
        <ele>2858.8</ele>
        <time>2026-08-07T05:51:51Z</time>
      </trkpt>
      <trkpt lat="44.282979" lon="6.96869">
        <ele>2858.8</ele>
        <time>2026-08-07T05:51:58Z</time>
      </trkpt>
      <trkpt lat="44.282969" lon="6.968639">
        <ele>2857.8</ele>
        <time>2026-08-07T05:52:05Z</time>
      </trkpt>
      <trkpt lat="44.282967" lon="6.968632">
        <ele>2857.6</ele>
        <time>2026-08-07T05:52:07Z</time>
      </trkpt>
      <trkpt lat="44.28294" lon="6.968599">
        <ele>2856.8</ele>
        <time>2026-08-07T05:52:14Z</time>
      </trkpt>
      <trkpt lat="44.28294" lon="6.968598">
        <ele>2856.6</ele>
        <time>2026-08-07T05:52:15Z</time>
      </trkpt>
      <trkpt lat="44.282969" lon="6.968578">
        <ele>2855.6</ele>
        <time>2026-08-07T05:52:20Z</time>
      </trkpt>
      <trkpt lat="44.282979" lon="6.968573">
        <ele>2855.4</ele>
        <time>2026-08-07T05:52:21Z</time>
      </trkpt>
      <trkpt lat="44.283024" lon="6.968515">
        <ele>2854.8</ele>
        <time>2026-08-07T05:52:28Z</time>
      </trkpt>
      <trkpt lat="44.28303" lon="6.968494">
        <ele>2854.4</ele>
        <time>2026-08-07T05:52:30Z</time>
      </trkpt>
      <trkpt lat="44.283026" lon="6.968448">
        <ele>2853.4</ele>
        <time>2026-08-07T05:52:36Z</time>
      </trkpt>
      <trkpt lat="44.283021" lon="6.968414">
        <ele>2852.2</ele>
        <time>2026-08-07T05:52:41Z</time>
      </trkpt>
      <trkpt lat="44.283014" lon="6.968405">
        <ele>2852.0</ele>
        <time>2026-08-07T05:52:43Z</time>
      </trkpt>
      <trkpt lat="44.283013" lon="6.968401">
        <ele>2851.8</ele>
        <time>2026-08-07T05:52:44Z</time>
      </trkpt>
      <trkpt lat="44.283021" lon="6.968369">
        <ele>2851.2</ele>
        <time>2026-08-07T05:52:49Z</time>
      </trkpt>
      <trkpt lat="44.283018" lon="6.968344">
        <ele>2850.6</ele>
        <time>2026-08-07T05:52:52Z</time>
      </trkpt>
      <trkpt lat="44.283016" lon="6.968323">
        <ele>2849.8</ele>
        <time>2026-08-07T05:52:55Z</time>
      </trkpt>
      <trkpt lat="44.283012" lon="6.968299">
        <ele>2849.4</ele>
        <time>2026-08-07T05:52:58Z</time>
      </trkpt>
      <trkpt lat="44.28304" lon="6.968289">
        <ele>2849.2</ele>
        <time>2026-08-07T05:53:05Z</time>
      </trkpt>
      <trkpt lat="44.283096" lon="6.968279">
        <ele>2848.8</ele>
        <time>2026-08-07T05:53:11Z</time>
      </trkpt>
      <trkpt lat="44.283103" lon="6.968272">
        <ele>2848.8</ele>
        <time>2026-08-07T05:53:12Z</time>
      </trkpt>
      <trkpt lat="44.283176" lon="6.968203">
        <ele>2848.0</ele>
        <time>2026-08-07T05:53:21Z</time>
      </trkpt>
      <trkpt lat="44.283185" lon="6.968196">
        <ele>2847.8</ele>
        <time>2026-08-07T05:53:22Z</time>
      </trkpt>
      <trkpt lat="44.283208" lon="6.96815">
        <ele>2846.8</ele>
        <time>2026-08-07T05:53:29Z</time>
      </trkpt>
      <trkpt lat="44.283252" lon="6.968115">
        <ele>2847.0</ele>
        <time>2026-08-07T05:53:37Z</time>
      </trkpt>
      <trkpt lat="44.283265" lon="6.968106">
        <ele>2846.8</ele>
        <time>2026-08-07T05:53:39Z</time>
      </trkpt>
      <trkpt lat="44.283293" lon="6.968066">
        <ele>2846.0</ele>
        <time>2026-08-07T05:53:44Z</time>
      </trkpt>
      <trkpt lat="44.2833" lon="6.968057">
        <ele>2845.8</ele>
        <time>2026-08-07T05:53:46Z</time>
      </trkpt>
      <trkpt lat="44.283337" lon="6.968029">
        <ele>2844.6</ele>
        <time>2026-08-07T05:53:52Z</time>
      </trkpt>
      <trkpt lat="44.283339" lon="6.968018">
        <ele>2844.6</ele>
        <time>2026-08-07T05:53:53Z</time>
      </trkpt>
      <trkpt lat="44.283351" lon="6.967968">
        <ele>2844.0</ele>
        <time>2026-08-07T05:53:59Z</time>
      </trkpt>
      <trkpt lat="44.283354" lon="6.967958">
        <ele>2843.6</ele>
        <time>2026-08-07T05:54:01Z</time>
      </trkpt>
      <trkpt lat="44.283407" lon="6.967929">
        <ele>2843.0</ele>
        <time>2026-08-07T05:54:08Z</time>
      </trkpt>
      <trkpt lat="44.283422" lon="6.967923">
        <ele>2842.8</ele>
        <time>2026-08-07T05:54:10Z</time>
      </trkpt>
      <trkpt lat="44.283449" lon="6.967915">
        <ele>2842.4</ele>
        <time>2026-08-07T05:54:12Z</time>
      </trkpt>
      <trkpt lat="44.283514" lon="6.967886">
        <ele>2842.2</ele>
        <time>2026-08-07T05:54:18Z</time>
      </trkpt>
      <trkpt lat="44.283561" lon="6.967851">
        <ele>2842.2</ele>
        <time>2026-08-07T05:54:26Z</time>
      </trkpt>
      <trkpt lat="44.283584" lon="6.967816">
        <ele>2841.6</ele>
        <time>2026-08-07T05:54:31Z</time>
      </trkpt>
      <trkpt lat="44.283591" lon="6.967806">
        <ele>2841.4</ele>
        <time>2026-08-07T05:54:33Z</time>
      </trkpt>
      <trkpt lat="44.283597" lon="6.96779">
        <ele>2841.2</ele>
        <time>2026-08-07T05:54:35Z</time>
      </trkpt>
      <trkpt lat="44.283601" lon="6.967784">
        <ele>2840.2</ele>
        <time>2026-08-07T05:54:42Z</time>
      </trkpt>
      <trkpt lat="44.28361" lon="6.967778">
        <ele>2840.0</ele>
        <time>2026-08-07T05:54:44Z</time>
      </trkpt>
      <trkpt lat="44.283637" lon="6.967758">
        <ele>2839.2</ele>
        <time>2026-08-07T05:54:48Z</time>
      </trkpt>
      <trkpt lat="44.283667" lon="6.967728">
        <ele>2838.8</ele>
        <time>2026-08-07T05:54:52Z</time>
      </trkpt>
      <trkpt lat="44.283693" lon="6.967693">
        <ele>2838.0</ele>
        <time>2026-08-07T05:54:58Z</time>
      </trkpt>
      <trkpt lat="44.283697" lon="6.967677">
        <ele>2837.6</ele>
        <time>2026-08-07T05:55:01Z</time>
      </trkpt>
      <trkpt lat="44.283704" lon="6.967661">
        <ele>2837.0</ele>
        <time>2026-08-07T05:55:04Z</time>
      </trkpt>
      <trkpt lat="44.283721" lon="6.967638">
        <ele>2836.0</ele>
        <time>2026-08-07T05:55:11Z</time>
      </trkpt>
      <trkpt lat="44.283722" lon="6.967637">
        <ele>2836.0</ele>
        <time>2026-08-07T05:55:12Z</time>
      </trkpt>
      <trkpt lat="44.283723" lon="6.967593">
        <ele>2834.8</ele>
        <time>2026-08-07T05:55:18Z</time>
      </trkpt>
      <trkpt lat="44.283724" lon="6.967587">
        <ele>2834.6</ele>
        <time>2026-08-07T05:55:19Z</time>
      </trkpt>
      <trkpt lat="44.283727" lon="6.967573">
        <ele>2833.8</ele>
        <time>2026-08-07T05:55:22Z</time>
      </trkpt>
      <trkpt lat="44.283745" lon="6.967543">
        <ele>2833.2</ele>
        <time>2026-08-07T05:55:27Z</time>
      </trkpt>
      <trkpt lat="44.283755" lon="6.967533">
        <ele>2832.6</ele>
        <time>2026-08-07T05:55:30Z</time>
      </trkpt>
      <trkpt lat="44.283765" lon="6.96752">
        <ele>2831.8</ele>
        <time>2026-08-07T05:55:34Z</time>
      </trkpt>
      <trkpt lat="44.28377" lon="6.967519">
        <ele>2831.6</ele>
        <time>2026-08-07T05:55:35Z</time>
      </trkpt>
      <trkpt lat="44.283769" lon="6.967511">
        <ele>2830.6</ele>
        <time>2026-08-07T05:55:40Z</time>
      </trkpt>
      <trkpt lat="44.283768" lon="6.967513">
        <ele>2830.4</ele>
        <time>2026-08-07T05:55:41Z</time>
      </trkpt>
      <trkpt lat="44.283788" lon="6.967483">
        <ele>2829.4</ele>
        <time>2026-08-07T05:55:47Z</time>
      </trkpt>
      <trkpt lat="44.283789" lon="6.967471">
        <ele>2829.0</ele>
        <time>2026-08-07T05:55:49Z</time>
      </trkpt>
      <trkpt lat="44.283821" lon="6.967425">
        <ele>2828.2</ele>
        <time>2026-08-07T05:55:56Z</time>
      </trkpt>
      <trkpt lat="44.283828" lon="6.967412">
        <ele>2828.0</ele>
        <time>2026-08-07T05:55:58Z</time>
      </trkpt>
      <trkpt lat="44.283837" lon="6.967388">
        <ele>2827.2</ele>
        <time>2026-08-07T05:56:04Z</time>
      </trkpt>
      <trkpt lat="44.283841" lon="6.967378">
        <ele>2826.8</ele>
        <time>2026-08-07T05:56:06Z</time>
      </trkpt>
      <trkpt lat="44.283875" lon="6.967322">
        <ele>2826.2</ele>
        <time>2026-08-07T05:56:14Z</time>
      </trkpt>
      <trkpt lat="44.283875" lon="6.967328">
        <ele>2826.0</ele>
        <time>2026-08-07T05:56:15Z</time>
      </trkpt>
      <trkpt lat="44.283868" lon="6.967324">
        <ele>2825.4</ele>
        <time>2026-08-07T05:56:21Z</time>
      </trkpt>
      <trkpt lat="44.283852" lon="6.967352">
        <ele>2825.4</ele>
        <time>2026-08-07T05:56:31Z</time>
      </trkpt>
      <trkpt lat="44.283876" lon="6.967364">
        <ele>2825.0</ele>
        <time>2026-08-07T05:56:37Z</time>
      </trkpt>
      <trkpt lat="44.283876" lon="6.967357">
        <ele>2825.0</ele>
        <time>2026-08-07T05:56:39Z</time>
      </trkpt>
      <trkpt lat="44.283884" lon="6.967329">
        <ele>2824.8</ele>
        <time>2026-08-07T05:56:43Z</time>
      </trkpt>
      <trkpt lat="44.283867" lon="6.967317">
        <ele>2824.6</ele>
        <time>2026-08-07T05:56:46Z</time>
      </trkpt>
      <trkpt lat="44.28386" lon="6.967335">
        <ele>2824.0</ele>
        <time>2026-08-07T05:56:51Z</time>
      </trkpt>
      <trkpt lat="44.283867" lon="6.967348">
        <ele>2824.0</ele>
        <time>2026-08-07T05:56:54Z</time>
      </trkpt>
      <trkpt lat="44.283878" lon="6.967342">
        <ele>2823.4</ele>
        <time>2026-08-07T05:56:59Z</time>
      </trkpt>
      <trkpt lat="44.283898" lon="6.967324">
        <ele>2822.8</ele>
        <time>2026-08-07T05:57:02Z</time>
      </trkpt>
      <trkpt lat="44.283917" lon="6.967279">
        <ele>2821.8</ele>
        <time>2026-08-07T05:57:06Z</time>
      </trkpt>
      <trkpt lat="44.283927" lon="6.967247">
        <ele>2821.0</ele>
        <time>2026-08-07T05:57:09Z</time>
      </trkpt>
      <trkpt lat="44.283928" lon="6.967244">
        <ele>2820.6</ele>
        <time>2026-08-07T05:57:12Z</time>
      </trkpt>
      <trkpt lat="44.283941" lon="6.967219">
        <ele>2820.4</ele>
        <time>2026-08-07T05:57:15Z</time>
      </trkpt>
      <trkpt lat="44.283957" lon="6.967202">
        <ele>2819.6</ele>
        <time>2026-08-07T05:57:19Z</time>
      </trkpt>
      <trkpt lat="44.283957" lon="6.967212">
        <ele>2819.2</ele>
        <time>2026-08-07T05:57:22Z</time>
      </trkpt>
      <trkpt lat="44.283973" lon="6.967203">
        <ele>2818.6</ele>
        <time>2026-08-07T05:57:25Z</time>
      </trkpt>
      <trkpt lat="44.283984" lon="6.967188">
        <ele>2818.0</ele>
        <time>2026-08-07T05:57:29Z</time>
      </trkpt>
      <trkpt lat="44.283986" lon="6.96719">
        <ele>2817.4</ele>
        <time>2026-08-07T05:57:33Z</time>
      </trkpt>
      <trkpt lat="44.284012" lon="6.967176">
        <ele>2816.8</ele>
        <time>2026-08-07T05:57:38Z</time>
      </trkpt>
      <trkpt lat="44.284021" lon="6.967164">
        <ele>2816.4</ele>
        <time>2026-08-07T05:57:44Z</time>
      </trkpt>
      <trkpt lat="44.284027" lon="6.967181">
        <ele>2815.4</ele>
        <time>2026-08-07T05:57:51Z</time>
      </trkpt>
      <trkpt lat="44.284027" lon="6.967177">
        <ele>2815.2</ele>
        <time>2026-08-07T05:57:52Z</time>
      </trkpt>
      <trkpt lat="44.284035" lon="6.967158">
        <ele>2814.6</ele>
        <time>2026-08-07T05:57:56Z</time>
      </trkpt>
      <trkpt lat="44.284053" lon="6.967144">
        <ele>2814.2</ele>
        <time>2026-08-07T05:57:58Z</time>
      </trkpt>
      <trkpt lat="44.284067" lon="6.967136">
        <ele>2813.6</ele>
        <time>2026-08-07T05:58:00Z</time>
      </trkpt>
      <trkpt lat="44.284081" lon="6.967137">
        <ele>2813.2</ele>
        <time>2026-08-07T05:58:02Z</time>
      </trkpt>
      <trkpt lat="44.284111" lon="6.967125">
        <ele>2812.0</ele>
        <time>2026-08-07T05:58:08Z</time>
      </trkpt>
      <trkpt lat="44.284109" lon="6.967122">
        <ele>2811.6</ele>
        <time>2026-08-07T05:58:09Z</time>
      </trkpt>
      <trkpt lat="44.284133" lon="6.967082">
        <ele>2810.8</ele>
        <time>2026-08-07T05:58:13Z</time>
      </trkpt>
      <trkpt lat="44.284151" lon="6.967028">
        <ele>2810.0</ele>
        <time>2026-08-07T05:58:17Z</time>
      </trkpt>
      <trkpt lat="44.284158" lon="6.967014">
        <ele>2809.8</ele>
        <time>2026-08-07T05:58:18Z</time>
      </trkpt>
      <trkpt lat="44.284154" lon="6.967">
        <ele>2809.0</ele>
        <time>2026-08-07T05:58:24Z</time>
      </trkpt>
      <trkpt lat="44.284161" lon="6.966985">
        <ele>2808.6</ele>
        <time>2026-08-07T05:58:26Z</time>
      </trkpt>
      <trkpt lat="44.284186" lon="6.96698">
        <ele>2807.6</ele>
        <time>2026-08-07T05:58:30Z</time>
      </trkpt>
      <trkpt lat="44.284189" lon="6.966983">
        <ele>2807.2</ele>
        <time>2026-08-07T05:58:31Z</time>
      </trkpt>
      <trkpt lat="44.284208" lon="6.966998">
        <ele>2806.4</ele>
        <time>2026-08-07T05:58:36Z</time>
      </trkpt>
      <trkpt lat="44.284201" lon="6.967011">
        <ele>2806.0</ele>
        <time>2026-08-07T05:58:40Z</time>
      </trkpt>
      <trkpt lat="44.284224" lon="6.967021">
        <ele>2805.4</ele>
        <time>2026-08-07T05:58:48Z</time>
      </trkpt>
      <trkpt lat="44.284229" lon="6.967013">
        <ele>2805.2</ele>
        <time>2026-08-07T05:58:49Z</time>
      </trkpt>
      <trkpt lat="44.284247" lon="6.966992">
        <ele>2804.6</ele>
        <time>2026-08-07T05:58:52Z</time>
      </trkpt>
      <trkpt lat="44.284257" lon="6.966981">
        <ele>2804.2</ele>
        <time>2026-08-07T05:58:54Z</time>
      </trkpt>
      <trkpt lat="44.284264" lon="6.966973">
        <ele>2803.8</ele>
        <time>2026-08-07T05:58:55Z</time>
      </trkpt>
      <trkpt lat="44.284279" lon="6.966951">
        <ele>2803.0</ele>
        <time>2026-08-07T05:58:58Z</time>
      </trkpt>
      <trkpt lat="44.284286" lon="6.966936">
        <ele>2802.0</ele>
        <time>2026-08-07T05:59:02Z</time>
      </trkpt>
      <trkpt lat="44.284272" lon="6.966921">
        <ele>2801.0</ele>
        <time>2026-08-07T05:59:10Z</time>
      </trkpt>
      <trkpt lat="44.284299" lon="6.966872">
        <ele>2799.8</ele>
        <time>2026-08-07T05:59:16Z</time>
      </trkpt>
      <trkpt lat="44.284305" lon="6.966869">
        <ele>2798.6</ele>
        <time>2026-08-07T05:59:22Z</time>
      </trkpt>
      <trkpt lat="44.284329" lon="6.966858">
        <ele>2797.6</ele>
        <time>2026-08-07T05:59:30Z</time>
      </trkpt>
      <trkpt lat="44.28435" lon="6.966854">
        <ele>2796.6</ele>
        <time>2026-08-07T05:59:37Z</time>
      </trkpt>
      <trkpt lat="44.284354" lon="6.966851">
        <ele>2796.4</ele>
        <time>2026-08-07T05:59:38Z</time>
      </trkpt>
      <trkpt lat="44.284366" lon="6.966816">
        <ele>2795.2</ele>
        <time>2026-08-07T05:59:44Z</time>
      </trkpt>
      <trkpt lat="44.284374" lon="6.966787">
        <ele>2794.6</ele>
        <time>2026-08-07T05:59:47Z</time>
      </trkpt>
      <trkpt lat="44.284376" lon="6.966784">
        <ele>2794.2</ele>
        <time>2026-08-07T05:59:50Z</time>
      </trkpt>
      <trkpt lat="44.284373" lon="6.966787">
        <ele>2793.4</ele>
        <time>2026-08-07T05:59:55Z</time>
      </trkpt>
      <trkpt lat="44.284373" lon="6.966768">
        <ele>2793.2</ele>
        <time>2026-08-07T05:59:58Z</time>
      </trkpt>
      <trkpt lat="44.284387" lon="6.96674">
        <ele>2792.0</ele>
        <time>2026-08-07T06:00:03Z</time>
      </trkpt>
      <trkpt lat="44.284415" lon="6.966698">
        <ele>2791.0</ele>
        <time>2026-08-07T06:00:08Z</time>
      </trkpt>
      <trkpt lat="44.284425" lon="6.96669">
        <ele>2790.8</ele>
        <time>2026-08-07T06:00:10Z</time>
      </trkpt>
      <trkpt lat="44.28446" lon="6.966603">
        <ele>2790.0</ele>
        <time>2026-08-07T06:00:18Z</time>
      </trkpt>
      <trkpt lat="44.284431" lon="6.966545">
        <ele>2789.4</ele>
        <time>2026-08-07T06:00:27Z</time>
      </trkpt>
      <trkpt lat="44.284396" lon="6.966481">
        <ele>2789.0</ele>
        <time>2026-08-07T06:00:33Z</time>
      </trkpt>
      <trkpt lat="44.284392" lon="6.966474">
        <ele>2788.8</ele>
        <time>2026-08-07T06:00:34Z</time>
      </trkpt>
      <trkpt lat="44.284372" lon="6.966426">
        <ele>2788.2</ele>
        <time>2026-08-07T06:00:40Z</time>
      </trkpt>
      <trkpt lat="44.284389" lon="6.966422">
        <ele>2787.8</ele>
        <time>2026-08-07T06:00:43Z</time>
      </trkpt>
      <trkpt lat="44.284395" lon="6.966394">
        <ele>2786.8</ele>
        <time>2026-08-07T06:00:50Z</time>
      </trkpt>
      <trkpt lat="44.284397" lon="6.966378">
        <ele>2786.6</ele>
        <time>2026-08-07T06:00:52Z</time>
      </trkpt>
      <trkpt lat="44.284396" lon="6.966351">
        <ele>2785.8</ele>
        <time>2026-08-07T06:00:55Z</time>
      </trkpt>
      <trkpt lat="44.284377" lon="6.966342">
        <ele>2785.2</ele>
        <time>2026-08-07T06:00:59Z</time>
      </trkpt>
      <trkpt lat="44.284366" lon="6.966335">
        <ele>2784.6</ele>
        <time>2026-08-07T06:01:02Z</time>
      </trkpt>
      <trkpt lat="44.284346" lon="6.966349">
        <ele>2784.0</ele>
        <time>2026-08-07T06:01:09Z</time>
      </trkpt>
      <trkpt lat="44.284283" lon="6.966386">
        <ele>2783.6</ele>
        <time>2026-08-07T06:01:15Z</time>
      </trkpt>
      <trkpt lat="44.284274" lon="6.966389">
        <ele>2783.6</ele>
        <time>2026-08-07T06:01:16Z</time>
      </trkpt>
      <trkpt lat="44.284251" lon="6.966394">
        <ele>2782.6</ele>
        <time>2026-08-07T06:01:23Z</time>
      </trkpt>
      <trkpt lat="44.284335" lon="6.966328">
        <ele>2781.8</ele>
        <time>2026-08-07T06:01:27Z</time>
      </trkpt>
      <trkpt lat="44.284343" lon="6.966316">
        <ele>2781.6</ele>
        <time>2026-08-07T06:01:28Z</time>
      </trkpt>
      <trkpt lat="44.284348" lon="6.96627">
        <ele>2781.0</ele>
        <time>2026-08-07T06:01:33Z</time>
      </trkpt>
      <trkpt lat="44.284346" lon="6.966261">
        <ele>2780.8</ele>
        <time>2026-08-07T06:01:34Z</time>
      </trkpt>
      <trkpt lat="44.28435" lon="6.966245">
        <ele>2780.4</ele>
        <time>2026-08-07T06:01:36Z</time>
      </trkpt>
      <trkpt lat="44.284359" lon="6.966241">
        <ele>2780.2</ele>
        <time>2026-08-07T06:01:39Z</time>
      </trkpt>
      <trkpt lat="44.284369" lon="6.966231">
        <ele>2779.4</ele>
        <time>2026-08-07T06:01:44Z</time>
      </trkpt>
      <trkpt lat="44.284371" lon="6.966218">
        <ele>2779.2</ele>
        <time>2026-08-07T06:01:47Z</time>
      </trkpt>
      <trkpt lat="44.284355" lon="6.966209">
        <ele>2778.2</ele>
        <time>2026-08-07T06:01:53Z</time>
      </trkpt>
      <trkpt lat="44.284346" lon="6.9662">
        <ele>2777.6</ele>
        <time>2026-08-07T06:01:57Z</time>
      </trkpt>
      <trkpt lat="44.284354" lon="6.966183">
        <ele>2777.0</ele>
        <time>2026-08-07T06:02:00Z</time>
      </trkpt>
      <trkpt lat="44.284338" lon="6.966171">
        <ele>2776.4</ele>
        <time>2026-08-07T06:02:03Z</time>
      </trkpt>
      <trkpt lat="44.28431" lon="6.966146">
        <ele>2775.8</ele>
        <time>2026-08-07T06:02:06Z</time>
      </trkpt>
      <trkpt lat="44.284276" lon="6.966116">
        <ele>2775.4</ele>
        <time>2026-08-07T06:02:09Z</time>
      </trkpt>
      <trkpt lat="44.284264" lon="6.966082">
        <ele>2775.6</ele>
        <time>2026-08-07T06:02:13Z</time>
      </trkpt>
      <trkpt lat="44.284272" lon="6.966052">
        <ele>2776.0</ele>
        <time>2026-08-07T06:02:21Z</time>
      </trkpt>
      <trkpt lat="44.284292" lon="6.966005">
        <ele>2775.6</ele>
        <time>2026-08-07T06:02:29Z</time>
      </trkpt>
      <trkpt lat="44.28427" lon="6.965967">
        <ele>2774.8</ele>
        <time>2026-08-07T06:02:35Z</time>
      </trkpt>
      <trkpt lat="44.284261" lon="6.965956">
        <ele>2774.4</ele>
        <time>2026-08-07T06:02:37Z</time>
      </trkpt>
      <trkpt lat="44.284257" lon="6.965937">
        <ele>2773.6</ele>
        <time>2026-08-07T06:02:41Z</time>
      </trkpt>
      <trkpt lat="44.284281" lon="6.965941">
        <ele>2772.8</ele>
        <time>2026-08-07T06:02:46Z</time>
      </trkpt>
      <trkpt lat="44.284282" lon="6.96593">
        <ele>2772.6</ele>
        <time>2026-08-07T06:02:47Z</time>
      </trkpt>
      <trkpt lat="44.284277" lon="6.965893">
        <ele>2771.4</ele>
        <time>2026-08-07T06:02:52Z</time>
      </trkpt>
      <trkpt lat="44.284281" lon="6.965887">
        <ele>2771.2</ele>
        <time>2026-08-07T06:02:53Z</time>
      </trkpt>
      <trkpt lat="44.284292" lon="6.965873">
        <ele>2770.4</ele>
        <time>2026-08-07T06:02:57Z</time>
      </trkpt>
      <trkpt lat="44.284302" lon="6.965847">
        <ele>2770.0</ele>
        <time>2026-08-07T06:03:00Z</time>
      </trkpt>
      <trkpt lat="44.284302" lon="6.965844">
        <ele>2769.4</ele>
        <time>2026-08-07T06:03:02Z</time>
      </trkpt>
      <trkpt lat="44.284291" lon="6.965809">
        <ele>2768.2</ele>
        <time>2026-08-07T06:03:09Z</time>
      </trkpt>
      <trkpt lat="44.284277" lon="6.965759">
        <ele>2767.2</ele>
        <time>2026-08-07T06:03:16Z</time>
      </trkpt>
      <trkpt lat="44.284283" lon="6.965749">
        <ele>2766.8</ele>
        <time>2026-08-07T06:03:18Z</time>
      </trkpt>
      <trkpt lat="44.28432" lon="6.96571">
        <ele>2766.2</ele>
        <time>2026-08-07T06:03:25Z</time>
      </trkpt>
      <trkpt lat="44.284325" lon="6.965708">
        <ele>2766.0</ele>
        <time>2026-08-07T06:03:26Z</time>
      </trkpt>
      <trkpt lat="44.284332" lon="6.96571">
        <ele>2766.0</ele>
        <time>2026-08-07T06:03:34Z</time>
      </trkpt>
      <trkpt lat="44.284376" lon="6.96567">
        <ele>2766.4</ele>
        <time>2026-08-07T06:03:42Z</time>
      </trkpt>
      <trkpt lat="44.284379" lon="6.965705">
        <ele>2766.6</ele>
        <time>2026-08-07T06:03:49Z</time>
      </trkpt>
      <trkpt lat="44.284374" lon="6.965709">
        <ele>2766.8</ele>
        <time>2026-08-07T06:03:52Z</time>
      </trkpt>
      <trkpt lat="44.284347" lon="6.96569">
        <ele>2767.2</ele>
        <time>2026-08-07T06:03:57Z</time>
      </trkpt>
      <trkpt lat="44.284336" lon="6.965675">
        <ele>2767.2</ele>
        <time>2026-08-07T06:04:00Z</time>
      </trkpt>
      <trkpt lat="44.284289" lon="6.965644">
        <ele>2767.4</ele>
        <time>2026-08-07T06:04:07Z</time>
      </trkpt>
      <trkpt lat="44.284219" lon="6.965614">
        <ele>2767.6</ele>
        <time>2026-08-07T06:04:15Z</time>
      </trkpt>
      <trkpt lat="44.284136" lon="6.965465">
        <ele>2767.8</ele>
        <time>2026-08-07T06:04:21Z</time>
      </trkpt>
      <trkpt lat="44.284143" lon="6.965425">
        <ele>2767.8</ele>
        <time>2026-08-07T06:04:28Z</time>
      </trkpt>
      <trkpt lat="44.28415" lon="6.965428">
        <ele>2767.8</ele>
        <time>2026-08-07T06:04:33Z</time>
      </trkpt>
      <trkpt lat="44.284153" lon="6.965447">
        <ele>2768.0</ele>
        <time>2026-08-07T06:04:35Z</time>
      </trkpt>
      <trkpt lat="44.284149" lon="6.965457">
        <ele>2768.0</ele>
        <time>2026-08-07T06:04:36Z</time>
      </trkpt>
      <trkpt lat="44.284124" lon="6.965463">
        <ele>2768.0</ele>
        <time>2026-08-07T06:04:42Z</time>
      </trkpt>
      <trkpt lat="44.284114" lon="6.965464">
        <ele>2768.2</ele>
        <time>2026-08-07T06:04:43Z</time>
      </trkpt>
      <trkpt lat="44.284107" lon="6.965464">
        <ele>2768.2</ele>
        <time>2026-08-07T06:04:44Z</time>
      </trkpt>
      <trkpt lat="44.284122" lon="6.965476">
        <ele>2768.4</ele>
        <time>2026-08-07T06:04:54Z</time>
      </trkpt>
      <trkpt lat="44.2842" lon="6.965591">
        <ele>2768.4</ele>
        <time>2026-08-07T06:05:01Z</time>
      </trkpt>
      <trkpt lat="44.284274" lon="6.96565">
        <ele>2768.2</ele>
        <time>2026-08-07T06:05:04Z</time>
      </trkpt>
      <trkpt lat="44.284292" lon="6.965645">
        <ele>2768.0</ele>
        <time>2026-08-07T06:05:07Z</time>
      </trkpt>
      <trkpt lat="44.284308" lon="6.965628">
        <ele>2767.0</ele>
        <time>2026-08-07T06:05:11Z</time>
      </trkpt>
      <trkpt lat="44.284328" lon="6.96561">
        <ele>2766.2</ele>
        <time>2026-08-07T06:05:15Z</time>
      </trkpt>
      <trkpt lat="44.284331" lon="6.9656">
        <ele>2766.0</ele>
        <time>2026-08-07T06:05:16Z</time>
      </trkpt>
      <trkpt lat="44.284349" lon="6.965576">
        <ele>2764.8</ele>
        <time>2026-08-07T06:05:21Z</time>
      </trkpt>
      <trkpt lat="44.284355" lon="6.965562">
        <ele>2763.8</ele>
        <time>2026-08-07T06:05:27Z</time>
      </trkpt>
      <trkpt lat="44.284361" lon="6.965536">
        <ele>2763.4</ele>
        <time>2026-08-07T06:05:30Z</time>
      </trkpt>
      <trkpt lat="44.284361" lon="6.965504">
        <ele>2762.8</ele>
        <time>2026-08-07T06:05:35Z</time>
      </trkpt>
      <trkpt lat="44.28436" lon="6.965499">
        <ele>2762.8</ele>
        <time>2026-08-07T06:05:37Z</time>
      </trkpt>
      <trkpt lat="44.284363" lon="6.965501">
        <ele>2762.8</ele>
        <time>2026-08-07T06:05:40Z</time>
      </trkpt>
      <trkpt lat="44.284365" lon="6.965494">
        <ele>2762.6</ele>
        <time>2026-08-07T06:05:42Z</time>
      </trkpt>
      <trkpt lat="44.284378" lon="6.965488">
        <ele>2762.2</ele>
        <time>2026-08-07T06:05:46Z</time>
      </trkpt>
      <trkpt lat="44.284385" lon="6.965442">
        <ele>2761.8</ele>
        <time>2026-08-07T06:05:50Z</time>
      </trkpt>
      <trkpt lat="44.284385" lon="6.965434">
        <ele>2761.4</ele>
        <time>2026-08-07T06:05:53Z</time>
      </trkpt>
      <trkpt lat="44.284401" lon="6.965421">
        <ele>2760.8</ele>
        <time>2026-08-07T06:05:58Z</time>
      </trkpt>
      <trkpt lat="44.284401" lon="6.965422">
        <ele>2760.4</ele>
        <time>2026-08-07T06:06:01Z</time>
      </trkpt>
      <trkpt lat="44.284373" lon="6.965392">
        <ele>2759.6</ele>
        <time>2026-08-07T06:06:08Z</time>
      </trkpt>
      <trkpt lat="44.284342" lon="6.965402">
        <ele>2758.6</ele>
        <time>2026-08-07T06:06:15Z</time>
      </trkpt>
      <trkpt lat="44.284351" lon="6.965405">
        <ele>2758.4</ele>
        <time>2026-08-07T06:06:16Z</time>
      </trkpt>
      <trkpt lat="44.284347" lon="6.965379">
        <ele>2757.6</ele>
        <time>2026-08-07T06:06:23Z</time>
      </trkpt>
      <trkpt lat="44.284348" lon="6.965362">
        <ele>2757.4</ele>
        <time>2026-08-07T06:06:24Z</time>
      </trkpt>
      <trkpt lat="44.284343" lon="6.965313">
        <ele>2756.8</ele>
        <time>2026-08-07T06:06:29Z</time>
      </trkpt>
      <trkpt lat="44.284343" lon="6.965305">
        <ele>2756.8</ele>
        <time>2026-08-07T06:06:31Z</time>
      </trkpt>
      <trkpt lat="44.284339" lon="6.965291">
        <ele>2756.6</ele>
        <time>2026-08-07T06:06:34Z</time>
      </trkpt>
      <trkpt lat="44.284337" lon="6.965291">
        <ele>2756.6</ele>
        <time>2026-08-07T06:06:35Z</time>
      </trkpt>
      <trkpt lat="44.284338" lon="6.965287">
        <ele>2756.4</ele>
        <time>2026-08-07T06:06:36Z</time>
      </trkpt>
      <trkpt lat="44.284337" lon="6.96527">
        <ele>2756.0</ele>
        <time>2026-08-07T06:06:41Z</time>
      </trkpt>
      <trkpt lat="44.284333" lon="6.965246">
        <ele>2755.4</ele>
        <time>2026-08-07T06:06:45Z</time>
      </trkpt>
      <trkpt lat="44.284316" lon="6.965227">
        <ele>2754.8</ele>
        <time>2026-08-07T06:06:51Z</time>
      </trkpt>
      <trkpt lat="44.28431" lon="6.965202">
        <ele>2754.2</ele>
        <time>2026-08-07T06:06:56Z</time>
      </trkpt>
      <trkpt lat="44.284314" lon="6.965198">
        <ele>2754.2</ele>
        <time>2026-08-07T06:06:58Z</time>
      </trkpt>
      <trkpt lat="44.284305" lon="6.9652">
        <ele>2753.2</ele>
        <time>2026-08-07T06:07:06Z</time>
      </trkpt>
      <trkpt lat="44.2843" lon="6.965196">
        <ele>2753.2</ele>
        <time>2026-08-07T06:07:07Z</time>
      </trkpt>
      <trkpt lat="44.284295" lon="6.965206">
        <ele>2752.2</ele>
        <time>2026-08-07T06:07:15Z</time>
      </trkpt>
      <trkpt lat="44.284303" lon="6.965194">
        <ele>2752.2</ele>
        <time>2026-08-07T06:07:16Z</time>
      </trkpt>
      <trkpt lat="44.284302" lon="6.965148">
        <ele>2751.8</ele>
        <time>2026-08-07T06:07:22Z</time>
      </trkpt>
      <trkpt lat="44.284308" lon="6.965123">
        <ele>2751.2</ele>
        <time>2026-08-07T06:07:31Z</time>
      </trkpt>
      <trkpt lat="44.284304" lon="6.965132">
        <ele>2751.0</ele>
        <time>2026-08-07T06:07:32Z</time>
      </trkpt>
      <trkpt lat="44.284274" lon="6.965072">
        <ele>2750.4</ele>
        <time>2026-08-07T06:07:37Z</time>
      </trkpt>
      <trkpt lat="44.28426" lon="6.96506">
        <ele>2750.0</ele>
        <time>2026-08-07T06:07:40Z</time>
      </trkpt>
      <trkpt lat="44.284254" lon="6.96506">
        <ele>2750.0</ele>
        <time>2026-08-07T06:07:45Z</time>
      </trkpt>
      <trkpt lat="44.284234" lon="6.964986">
        <ele>2749.6</ele>
        <time>2026-08-07T06:07:52Z</time>
      </trkpt>
      <trkpt lat="44.284245" lon="6.964959">
        <ele>2749.6</ele>
        <time>2026-08-07T06:07:59Z</time>
      </trkpt>
      <trkpt lat="44.284238" lon="6.964936">
        <ele>2749.0</ele>
        <time>2026-08-07T06:08:06Z</time>
      </trkpt>
      <trkpt lat="44.284239" lon="6.964931">
        <ele>2748.8</ele>
        <time>2026-08-07T06:08:07Z</time>
      </trkpt>
      <trkpt lat="44.284236" lon="6.964888">
        <ele>2747.8</ele>
        <time>2026-08-07T06:08:15Z</time>
      </trkpt>
      <trkpt lat="44.284235" lon="6.964884">
        <ele>2747.4</ele>
        <time>2026-08-07T06:08:17Z</time>
      </trkpt>
      <trkpt lat="44.284237" lon="6.964861">
        <ele>2746.8</ele>
        <time>2026-08-07T06:08:20Z</time>
      </trkpt>
      <trkpt lat="44.284242" lon="6.964855">
        <ele>2746.2</ele>
        <time>2026-08-07T06:08:25Z</time>
      </trkpt>
      <trkpt lat="44.284253" lon="6.964841">
        <ele>2745.8</ele>
        <time>2026-08-07T06:08:28Z</time>
      </trkpt>
      <trkpt lat="44.284264" lon="6.964847">
        <ele>2745.8</ele>
        <time>2026-08-07T06:08:30Z</time>
      </trkpt>
      <trkpt lat="44.284265" lon="6.964858">
        <ele>2745.2</ele>
        <time>2026-08-07T06:08:33Z</time>
      </trkpt>
      <trkpt lat="44.284271" lon="6.964843">
        <ele>2744.8</ele>
        <time>2026-08-07T06:08:36Z</time>
      </trkpt>
      <trkpt lat="44.284259" lon="6.964804">
        <ele>2743.8</ele>
        <time>2026-08-07T06:08:41Z</time>
      </trkpt>
      <trkpt lat="44.284266" lon="6.96478">
        <ele>2742.8</ele>
        <time>2026-08-07T06:08:48Z</time>
      </trkpt>
      <trkpt lat="44.284267" lon="6.964775">
        <ele>2742.6</ele>
        <time>2026-08-07T06:08:49Z</time>
      </trkpt>
      <trkpt lat="44.284252" lon="6.964746">
        <ele>2741.4</ele>
        <time>2026-08-07T06:08:56Z</time>
      </trkpt>
      <trkpt lat="44.284249" lon="6.964747">
        <ele>2741.2</ele>
        <time>2026-08-07T06:08:57Z</time>
      </trkpt>
      <trkpt lat="44.284251" lon="6.964749">
        <ele>2740.4</ele>
        <time>2026-08-07T06:09:02Z</time>
      </trkpt>
      <trkpt lat="44.284256" lon="6.964741">
        <ele>2740.2</ele>
        <time>2026-08-07T06:09:04Z</time>
      </trkpt>
      <trkpt lat="44.284294" lon="6.96468">
        <ele>2739.4</ele>
        <time>2026-08-07T06:09:12Z</time>
      </trkpt>
      <trkpt lat="44.284301" lon="6.964672">
        <ele>2739.2</ele>
        <time>2026-08-07T06:09:13Z</time>
      </trkpt>
      <trkpt lat="44.284335" lon="6.964616">
        <ele>2738.4</ele>
        <time>2026-08-07T06:09:20Z</time>
      </trkpt>
      <trkpt lat="44.284337" lon="6.96461">
        <ele>2738.2</ele>
        <time>2026-08-07T06:09:21Z</time>
      </trkpt>
      <trkpt lat="44.284339" lon="6.964597">
        <ele>2738.0</ele>
        <time>2026-08-07T06:09:22Z</time>
      </trkpt>
      <trkpt lat="44.284348" lon="6.96457">
        <ele>2737.0</ele>
        <time>2026-08-07T06:09:27Z</time>
      </trkpt>
      <trkpt lat="44.284357" lon="6.964565">
        <ele>2736.0</ele>
        <time>2026-08-07T06:09:33Z</time>
      </trkpt>
      <trkpt lat="44.284356" lon="6.964553">
        <ele>2735.6</ele>
        <time>2026-08-07T06:09:34Z</time>
      </trkpt>
      <trkpt lat="44.284338" lon="6.964515">
        <ele>2735.0</ele>
        <time>2026-08-07T06:09:39Z</time>
      </trkpt>
      <trkpt lat="44.284326" lon="6.964508">
        <ele>2734.4</ele>
        <time>2026-08-07T06:09:41Z</time>
      </trkpt>
      <trkpt lat="44.284324" lon="6.964508">
        <ele>2733.8</ele>
        <time>2026-08-07T06:09:44Z</time>
      </trkpt>
      <trkpt lat="44.284332" lon="6.96448">
        <ele>2732.8</ele>
        <time>2026-08-07T06:09:49Z</time>
      </trkpt>
      <trkpt lat="44.284333" lon="6.964478">
        <ele>2732.8</ele>
        <time>2026-08-07T06:09:50Z</time>
      </trkpt>
      <trkpt lat="44.284349" lon="6.964468">
        <ele>2732.4</ele>
        <time>2026-08-07T06:09:54Z</time>
      </trkpt>
      <trkpt lat="44.284361" lon="6.964453">
        <ele>2732.0</ele>
        <time>2026-08-07T06:09:58Z</time>
      </trkpt>
      <trkpt lat="44.284365" lon="6.964457">
        <ele>2731.6</ele>
        <time>2026-08-07T06:10:00Z</time>
      </trkpt>
      <trkpt lat="44.284357" lon="6.964476">
        <ele>2731.4</ele>
        <time>2026-08-07T06:10:06Z</time>
      </trkpt>
      <trkpt lat="44.284351" lon="6.964446">
        <ele>2731.0</ele>
        <time>2026-08-07T06:10:15Z</time>
      </trkpt>
      <trkpt lat="44.284352" lon="6.964435">
        <ele>2730.8</ele>
        <time>2026-08-07T06:10:16Z</time>
      </trkpt>
      <trkpt lat="44.28434" lon="6.964418">
        <ele>2730.8</ele>
        <time>2026-08-07T06:10:19Z</time>
      </trkpt>
      <trkpt lat="44.284343" lon="6.96439">
        <ele>2731.0</ele>
        <time>2026-08-07T06:10:22Z</time>
      </trkpt>
      <trkpt lat="44.28434" lon="6.964369">
        <ele>2730.4</ele>
        <time>2026-08-07T06:10:25Z</time>
      </trkpt>
      <trkpt lat="44.284336" lon="6.96434">
        <ele>2729.4</ele>
        <time>2026-08-07T06:10:31Z</time>
      </trkpt>
      <trkpt lat="44.284334" lon="6.964293">
        <ele>2728.6</ele>
        <time>2026-08-07T06:10:37Z</time>
      </trkpt>
      <trkpt lat="44.28433" lon="6.964269">
        <ele>2728.2</ele>
        <time>2026-08-07T06:10:39Z</time>
      </trkpt>
      <trkpt lat="44.284316" lon="6.964233">
        <ele>2727.4</ele>
        <time>2026-08-07T06:10:42Z</time>
      </trkpt>
      <trkpt lat="44.284311" lon="6.964225">
        <ele>2727.2</ele>
        <time>2026-08-07T06:10:43Z</time>
      </trkpt>
      <trkpt lat="44.284282" lon="6.964218">
        <ele>2726.2</ele>
        <time>2026-08-07T06:10:47Z</time>
      </trkpt>
      <trkpt lat="44.284272" lon="6.964229">
        <ele>2725.8</ele>
        <time>2026-08-07T06:10:49Z</time>
      </trkpt>
      <trkpt lat="44.284262" lon="6.964251">
        <ele>2725.0</ele>
        <time>2026-08-07T06:10:53Z</time>
      </trkpt>
      <trkpt lat="44.284259" lon="6.964264">
        <ele>2724.0</ele>
        <time>2026-08-07T06:10:57Z</time>
      </trkpt>
      <trkpt lat="44.284265" lon="6.964244">
        <ele>2722.8</ele>
        <time>2026-08-07T06:11:02Z</time>
      </trkpt>
      <trkpt lat="44.284263" lon="6.964231">
        <ele>2722.4</ele>
        <time>2026-08-07T06:11:04Z</time>
      </trkpt>
      <trkpt lat="44.284252" lon="6.964217">
        <ele>2721.8</ele>
        <time>2026-08-07T06:11:07Z</time>
      </trkpt>
      <trkpt lat="44.284255" lon="6.964186">
        <ele>2720.8</ele>
        <time>2026-08-07T06:11:11Z</time>
      </trkpt>
      <trkpt lat="44.284253" lon="6.964164">
        <ele>2720.6</ele>
        <time>2026-08-07T06:11:12Z</time>
      </trkpt>
      <trkpt lat="44.284241" lon="6.9641">
        <ele>2719.6</ele>
        <time>2026-08-07T06:11:17Z</time>
      </trkpt>
      <trkpt lat="44.284227" lon="6.964086">
        <ele>2718.4</ele>
        <time>2026-08-07T06:11:22Z</time>
      </trkpt>
      <trkpt lat="44.284232" lon="6.964088">
        <ele>2718.0</ele>
        <time>2026-08-07T06:11:24Z</time>
      </trkpt>
      <trkpt lat="44.28423" lon="6.964069">
        <ele>2717.4</ele>
        <time>2026-08-07T06:11:27Z</time>
      </trkpt>
      <trkpt lat="44.284207" lon="6.96403">
        <ele>2716.2</ele>
        <time>2026-08-07T06:11:32Z</time>
      </trkpt>
      <trkpt lat="44.284209" lon="6.96405">
        <ele>2715.0</ele>
        <time>2026-08-07T06:11:38Z</time>
      </trkpt>
      <trkpt lat="44.284212" lon="6.964048">
        <ele>2714.4</ele>
        <time>2026-08-07T06:11:41Z</time>
      </trkpt>
      <trkpt lat="44.284209" lon="6.964039">
        <ele>2714.0</ele>
        <time>2026-08-07T06:11:43Z</time>
      </trkpt>
      <trkpt lat="44.284166" lon="6.963998">
        <ele>2713.0</ele>
        <time>2026-08-07T06:11:48Z</time>
      </trkpt>
      <trkpt lat="44.284156" lon="6.963995">
        <ele>2712.8</ele>
        <time>2026-08-07T06:11:49Z</time>
      </trkpt>
      <trkpt lat="44.28415" lon="6.964037">
        <ele>2711.8</ele>
        <time>2026-08-07T06:11:54Z</time>
      </trkpt>
      <trkpt lat="44.284145" lon="6.964048">
        <ele>2711.6</ele>
        <time>2026-08-07T06:11:55Z</time>
      </trkpt>
      <trkpt lat="44.284133" lon="6.964048">
        <ele>2711.0</ele>
        <time>2026-08-07T06:12:00Z</time>
      </trkpt>
      <trkpt lat="44.284131" lon="6.964049">
        <ele>2710.8</ele>
        <time>2026-08-07T06:12:01Z</time>
      </trkpt>
      <trkpt lat="44.284121" lon="6.964052">
        <ele>2710.6</ele>
        <time>2026-08-07T06:12:02Z</time>
      </trkpt>
      <trkpt lat="44.2841" lon="6.964051">
        <ele>2709.6</ele>
        <time>2026-08-07T06:12:06Z</time>
      </trkpt>
      <trkpt lat="44.284103" lon="6.964063">
        <ele>2708.6</ele>
        <time>2026-08-07T06:12:10Z</time>
      </trkpt>
      <trkpt lat="44.284092" lon="6.964054">
        <ele>2707.4</ele>
        <time>2026-08-07T06:12:17Z</time>
      </trkpt>
      <trkpt lat="44.284091" lon="6.964065">
        <ele>2706.4</ele>
        <time>2026-08-07T06:12:22Z</time>
      </trkpt>
      <trkpt lat="44.284093" lon="6.964062">
        <ele>2706.2</ele>
        <time>2026-08-07T06:12:23Z</time>
      </trkpt>
      <trkpt lat="44.284084" lon="6.964018">
        <ele>2705.0</ele>
        <time>2026-08-07T06:12:28Z</time>
      </trkpt>
      <trkpt lat="44.284077" lon="6.963975">
        <ele>2704.4</ele>
        <time>2026-08-07T06:12:31Z</time>
      </trkpt>
      <trkpt lat="44.284061" lon="6.963955">
        <ele>2704.0</ele>
        <time>2026-08-07T06:12:33Z</time>
      </trkpt>
      <trkpt lat="44.284055" lon="6.963985">
        <ele>2703.2</ele>
        <time>2026-08-07T06:12:37Z</time>
      </trkpt>
      <trkpt lat="44.284055" lon="6.96399">
        <ele>2703.0</ele>
        <time>2026-08-07T06:12:38Z</time>
      </trkpt>
      <trkpt lat="44.28405" lon="6.963987">
        <ele>2702.0</ele>
        <time>2026-08-07T06:12:43Z</time>
      </trkpt>
      <trkpt lat="44.284043" lon="6.963965">
        <ele>2701.8</ele>
        <time>2026-08-07T06:12:44Z</time>
      </trkpt>
      <trkpt lat="44.284015" lon="6.963976">
        <ele>2701.0</ele>
        <time>2026-08-07T06:12:50Z</time>
      </trkpt>
      <trkpt lat="44.284014" lon="6.963984">
        <ele>2700.8</ele>
        <time>2026-08-07T06:12:51Z</time>
      </trkpt>
      <trkpt lat="44.284027" lon="6.96399">
        <ele>2699.6</ele>
        <time>2026-08-07T06:12:56Z</time>
      </trkpt>
      <trkpt lat="44.284027" lon="6.963947">
        <ele>2698.6</ele>
        <time>2026-08-07T06:13:02Z</time>
      </trkpt>
      <trkpt lat="44.284054" lon="6.963898">
        <ele>2697.4</ele>
        <time>2026-08-07T06:13:07Z</time>
      </trkpt>
      <trkpt lat="44.28406" lon="6.963881">
        <ele>2697.2</ele>
        <time>2026-08-07T06:13:09Z</time>
      </trkpt>
      <trkpt lat="44.284065" lon="6.963859">
        <ele>2696.8</ele>
        <time>2026-08-07T06:13:12Z</time>
      </trkpt>
      <trkpt lat="44.284068" lon="6.963837">
        <ele>2696.4</ele>
        <time>2026-08-07T06:13:14Z</time>
      </trkpt>
      <trkpt lat="44.28407" lon="6.963821">
        <ele>2696.0</ele>
        <time>2026-08-07T06:13:16Z</time>
      </trkpt>
      <trkpt lat="44.284049" lon="6.963772">
        <ele>2695.2</ele>
        <time>2026-08-07T06:13:21Z</time>
      </trkpt>
      <trkpt lat="44.284024" lon="6.963747">
        <ele>2694.8</ele>
        <time>2026-08-07T06:13:24Z</time>
      </trkpt>
      <trkpt lat="44.284009" lon="6.963737">
        <ele>2694.2</ele>
        <time>2026-08-07T06:13:27Z</time>
      </trkpt>
      <trkpt lat="44.284007" lon="6.963733">
        <ele>2693.6</ele>
        <time>2026-08-07T06:13:29Z</time>
      </trkpt>
      <trkpt lat="44.284024" lon="6.963736">
        <ele>2693.0</ele>
        <time>2026-08-07T06:13:31Z</time>
      </trkpt>
      <trkpt lat="44.284042" lon="6.963685">
        <ele>2691.8</ele>
        <time>2026-08-07T06:13:38Z</time>
      </trkpt>
      <trkpt lat="44.284045" lon="6.963675">
        <ele>2691.6</ele>
        <time>2026-08-07T06:13:39Z</time>
      </trkpt>
      <trkpt lat="44.284048" lon="6.963655">
        <ele>2690.6</ele>
        <time>2026-08-07T06:13:44Z</time>
      </trkpt>
      <trkpt lat="44.284046" lon="6.963664">
        <ele>2690.0</ele>
        <time>2026-08-07T06:13:48Z</time>
      </trkpt>
      <trkpt lat="44.284053" lon="6.963648">
        <ele>2689.6</ele>
        <time>2026-08-07T06:13:50Z</time>
      </trkpt>
      <trkpt lat="44.284051" lon="6.963632">
        <ele>2688.8</ele>
        <time>2026-08-07T06:13:55Z</time>
      </trkpt>
      <trkpt lat="44.284048" lon="6.963633">
        <ele>2688.6</ele>
        <time>2026-08-07T06:13:56Z</time>
      </trkpt>
      <trkpt lat="44.284014" lon="6.963611">
        <ele>2687.6</ele>
        <time>2026-08-07T06:14:00Z</time>
      </trkpt>
      <trkpt lat="44.284007" lon="6.9636">
        <ele>2686.8</ele>
        <time>2026-08-07T06:14:03Z</time>
      </trkpt>
      <trkpt lat="44.284008" lon="6.963592">
        <ele>2686.4</ele>
        <time>2026-08-07T06:14:05Z</time>
      </trkpt>
      <trkpt lat="44.284017" lon="6.963567">
        <ele>2685.2</ele>
        <time>2026-08-07T06:14:09Z</time>
      </trkpt>
      <trkpt lat="44.284021" lon="6.963556">
        <ele>2685.0</ele>
        <time>2026-08-07T06:14:10Z</time>
      </trkpt>
      <trkpt lat="44.284033" lon="6.963526">
        <ele>2684.0</ele>
        <time>2026-08-07T06:14:14Z</time>
      </trkpt>
      <trkpt lat="44.284019" lon="6.963485">
        <ele>2683.6</ele>
        <time>2026-08-07T06:14:17Z</time>
      </trkpt>
      <trkpt lat="44.283988" lon="6.963423">
        <ele>2683.0</ele>
        <time>2026-08-07T06:14:21Z</time>
      </trkpt>
      <trkpt lat="44.283978" lon="6.963404">
        <ele>2682.4</ele>
        <time>2026-08-07T06:14:24Z</time>
      </trkpt>
      <trkpt lat="44.283977" lon="6.963388">
        <ele>2682.0</ele>
        <time>2026-08-07T06:14:26Z</time>
      </trkpt>
      <trkpt lat="44.283977" lon="6.96338">
        <ele>2681.8</ele>
        <time>2026-08-07T06:14:27Z</time>
      </trkpt>
      <trkpt lat="44.283979" lon="6.963358">
        <ele>2681.2</ele>
        <time>2026-08-07T06:14:32Z</time>
      </trkpt>
      <trkpt lat="44.283971" lon="6.963332">
        <ele>2680.8</ele>
        <time>2026-08-07T06:14:36Z</time>
      </trkpt>
      <trkpt lat="44.283948" lon="6.963303">
        <ele>2680.2</ele>
        <time>2026-08-07T06:14:39Z</time>
      </trkpt>
      <trkpt lat="44.283938" lon="6.963314">
        <ele>2679.6</ele>
        <time>2026-08-07T06:14:41Z</time>
      </trkpt>
      <trkpt lat="44.283907" lon="6.96336">
        <ele>2678.4</ele>
        <time>2026-08-07T06:14:46Z</time>
      </trkpt>
      <trkpt lat="44.283917" lon="6.963323">
        <ele>2677.4</ele>
        <time>2026-08-07T06:14:50Z</time>
      </trkpt>
      <trkpt lat="44.283914" lon="6.963321">
        <ele>2677.2</ele>
        <time>2026-08-07T06:14:51Z</time>
      </trkpt>
      <trkpt lat="44.283912" lon="6.963319">
        <ele>2677.0</ele>
        <time>2026-08-07T06:14:52Z</time>
      </trkpt>
      <trkpt lat="44.283916" lon="6.96329">
        <ele>2676.0</ele>
        <time>2026-08-07T06:14:56Z</time>
      </trkpt>
      <trkpt lat="44.283916" lon="6.963261">
        <ele>2675.6</ele>
        <time>2026-08-07T06:14:58Z</time>
      </trkpt>
      <trkpt lat="44.283903" lon="6.963225">
        <ele>2675.0</ele>
        <time>2026-08-07T06:15:02Z</time>
      </trkpt>
      <trkpt lat="44.283891" lon="6.963211">
        <ele>2674.6</ele>
        <time>2026-08-07T06:15:04Z</time>
      </trkpt>
      <trkpt lat="44.283885" lon="6.963223">
        <ele>2674.0</ele>
        <time>2026-08-07T06:15:06Z</time>
      </trkpt>
      <trkpt lat="44.283882" lon="6.963223">
        <ele>2672.8</ele>
        <time>2026-08-07T06:15:10Z</time>
      </trkpt>
      <trkpt lat="44.283886" lon="6.963222">
        <ele>2672.6</ele>
        <time>2026-08-07T06:15:11Z</time>
      </trkpt>
      <trkpt lat="44.283905" lon="6.963203">
        <ele>2671.6</ele>
        <time>2026-08-07T06:15:16Z</time>
      </trkpt>
      <trkpt lat="44.28389" lon="6.963187">
        <ele>2671.4</ele>
        <time>2026-08-07T06:15:17Z</time>
      </trkpt>
      <trkpt lat="44.283866" lon="6.963178">
        <ele>2670.4</ele>
        <time>2026-08-07T06:15:21Z</time>
      </trkpt>
      <trkpt lat="44.283855" lon="6.963175">
        <ele>2669.6</ele>
        <time>2026-08-07T06:15:24Z</time>
      </trkpt>
      <trkpt lat="44.283853" lon="6.963172">
        <ele>2669.4</ele>
        <time>2026-08-07T06:15:25Z</time>
      </trkpt>
      <trkpt lat="44.283857" lon="6.963137">
        <ele>2668.2</ele>
        <time>2026-08-07T06:15:30Z</time>
      </trkpt>
      <trkpt lat="44.283855" lon="6.963123">
        <ele>2668.0</ele>
        <time>2026-08-07T06:15:31Z</time>
      </trkpt>
      <trkpt lat="44.283836" lon="6.963061">
        <ele>2667.0</ele>
        <time>2026-08-07T06:15:35Z</time>
      </trkpt>
      <trkpt lat="44.283829" lon="6.963058">
        <ele>2666.8</ele>
        <time>2026-08-07T06:15:36Z</time>
      </trkpt>
      <trkpt lat="44.283813" lon="6.963055">
        <ele>2666.0</ele>
        <time>2026-08-07T06:15:39Z</time>
      </trkpt>
      <trkpt lat="44.283817" lon="6.963069">
        <ele>2665.0</ele>
        <time>2026-08-07T06:15:43Z</time>
      </trkpt>
      <trkpt lat="44.283827" lon="6.963067">
        <ele>2664.6</ele>
        <time>2026-08-07T06:15:45Z</time>
      </trkpt>
      <trkpt lat="44.283853" lon="6.963048">
        <ele>2664.0</ele>
        <time>2026-08-07T06:15:48Z</time>
      </trkpt>
      <trkpt lat="44.283857" lon="6.963024">
        <ele>2663.4</ele>
        <time>2026-08-07T06:15:50Z</time>
      </trkpt>
      <trkpt lat="44.283864" lon="6.963001">
        <ele>2662.8</ele>
        <time>2026-08-07T06:15:53Z</time>
      </trkpt>
      <trkpt lat="44.283849" lon="6.962946">
        <ele>2661.8</ele>
        <time>2026-08-07T06:15:58Z</time>
      </trkpt>
      <trkpt lat="44.283846" lon="6.962936">
        <ele>2661.6</ele>
        <time>2026-08-07T06:15:59Z</time>
      </trkpt>
      <trkpt lat="44.283831" lon="6.962853">
        <ele>2660.4</ele>
        <time>2026-08-07T06:16:04Z</time>
      </trkpt>
      <trkpt lat="44.28383" lon="6.96284">
        <ele>2660.0</ele>
        <time>2026-08-07T06:16:06Z</time>
      </trkpt>
      <trkpt lat="44.283825" lon="6.962807">
        <ele>2659.4</ele>
        <time>2026-08-07T06:16:10Z</time>
      </trkpt>
      <trkpt lat="44.28381" lon="6.962774">
        <ele>2659.0</ele>
        <time>2026-08-07T06:16:12Z</time>
      </trkpt>
      <trkpt lat="44.283788" lon="6.962767">
        <ele>2658.2</ele>
        <time>2026-08-07T06:16:15Z</time>
      </trkpt>
      <trkpt lat="44.283786" lon="6.96279">
        <ele>2657.4</ele>
        <time>2026-08-07T06:16:19Z</time>
      </trkpt>
      <trkpt lat="44.283787" lon="6.962791">
        <ele>2657.0</ele>
        <time>2026-08-07T06:16:21Z</time>
      </trkpt>
      <trkpt lat="44.283799" lon="6.962782">
        <ele>2656.2</ele>
        <time>2026-08-07T06:16:25Z</time>
      </trkpt>
      <trkpt lat="44.283803" lon="6.962775">
        <ele>2656.0</ele>
        <time>2026-08-07T06:16:26Z</time>
      </trkpt>
      <trkpt lat="44.283801" lon="6.962762">
        <ele>2655.2</ele>
        <time>2026-08-07T06:16:31Z</time>
      </trkpt>
      <trkpt lat="44.283802" lon="6.962763">
        <ele>2654.8</ele>
        <time>2026-08-07T06:16:33Z</time>
      </trkpt>
      <trkpt lat="44.28379" lon="6.962693">
        <ele>2653.8</ele>
        <time>2026-08-07T06:16:38Z</time>
      </trkpt>
      <trkpt lat="44.283791" lon="6.962673">
        <ele>2652.6</ele>
        <time>2026-08-07T06:16:42Z</time>
      </trkpt>
      <trkpt lat="44.283798" lon="6.962668">
        <ele>2651.8</ele>
        <time>2026-08-07T06:16:45Z</time>
      </trkpt>
      <trkpt lat="44.283809" lon="6.962675">
        <ele>2651.6</ele>
        <time>2026-08-07T06:16:46Z</time>
      </trkpt>
      <trkpt lat="44.28383" lon="6.962656">
        <ele>2650.6</ele>
        <time>2026-08-07T06:16:52Z</time>
      </trkpt>
      <trkpt lat="44.283833" lon="6.962652">
        <ele>2650.4</ele>
        <time>2026-08-07T06:16:53Z</time>
      </trkpt>
      <trkpt lat="44.283846" lon="6.962609">
        <ele>2649.4</ele>
        <time>2026-08-07T06:16:59Z</time>
      </trkpt>
      <trkpt lat="44.283837" lon="6.962602">
        <ele>2649.0</ele>
        <time>2026-08-07T06:17:00Z</time>
      </trkpt>
      <trkpt lat="44.283828" lon="6.962589">
        <ele>2648.2</ele>
        <time>2026-08-07T06:17:03Z</time>
      </trkpt>
      <trkpt lat="44.283826" lon="6.962571">
        <ele>2647.4</ele>
        <time>2026-08-07T06:17:07Z</time>
      </trkpt>
      <trkpt lat="44.28382" lon="6.962559">
        <ele>2647.2</ele>
        <time>2026-08-07T06:17:08Z</time>
      </trkpt>
      <trkpt lat="44.283821" lon="6.962536">
        <ele>2646.0</ele>
        <time>2026-08-07T06:17:13Z</time>
      </trkpt>
      <trkpt lat="44.283831" lon="6.962505">
        <ele>2644.8</ele>
        <time>2026-08-07T06:17:18Z</time>
      </trkpt>
      <trkpt lat="44.283833" lon="6.9625">
        <ele>2644.6</ele>
        <time>2026-08-07T06:17:19Z</time>
      </trkpt>
      <trkpt lat="44.283827" lon="6.962459">
        <ele>2643.8</ele>
        <time>2026-08-07T06:17:23Z</time>
      </trkpt>
      <trkpt lat="44.28383" lon="6.962442">
        <ele>2643.0</ele>
        <time>2026-08-07T06:17:26Z</time>
      </trkpt>
      <trkpt lat="44.283822" lon="6.962417">
        <ele>2642.6</ele>
        <time>2026-08-07T06:17:28Z</time>
      </trkpt>
      <trkpt lat="44.283806" lon="6.962394">
        <ele>2641.4</ele>
        <time>2026-08-07T06:17:32Z</time>
      </trkpt>
      <trkpt lat="44.283827" lon="6.962397">
        <ele>2640.2</ele>
        <time>2026-08-07T06:17:37Z</time>
      </trkpt>
      <trkpt lat="44.283846" lon="6.962369">
        <ele>2639.0</ele>
        <time>2026-08-07T06:17:41Z</time>
      </trkpt>
      <trkpt lat="44.283863" lon="6.962368">
        <ele>2638.2</ele>
        <time>2026-08-07T06:17:44Z</time>
      </trkpt>
      <trkpt lat="44.283874" lon="6.962384">
        <ele>2638.0</ele>
        <time>2026-08-07T06:17:45Z</time>
      </trkpt>
      <trkpt lat="44.283877" lon="6.962387">
        <ele>2637.8</ele>
        <time>2026-08-07T06:17:46Z</time>
      </trkpt>
      <trkpt lat="44.28391" lon="6.962392">
        <ele>2636.8</ele>
        <time>2026-08-07T06:17:52Z</time>
      </trkpt>
      <trkpt lat="44.283935" lon="6.962385">
        <ele>2635.6</ele>
        <time>2026-08-07T06:17:58Z</time>
      </trkpt>
      <trkpt lat="44.28395" lon="6.962381">
        <ele>2635.2</ele>
        <time>2026-08-07T06:18:01Z</time>
      </trkpt>
      <trkpt lat="44.283957" lon="6.962379">
        <ele>2635.0</ele>
        <time>2026-08-07T06:18:03Z</time>
      </trkpt>
      <trkpt lat="44.283965" lon="6.962377">
        <ele>2634.6</ele>
        <time>2026-08-07T06:18:06Z</time>
      </trkpt>
      <trkpt lat="44.283972" lon="6.962375">
        <ele>2634.4</ele>
        <time>2026-08-07T06:18:07Z</time>
      </trkpt>
      <trkpt lat="44.284002" lon="6.962373">
        <ele>2633.4</ele>
        <time>2026-08-07T06:18:11Z</time>
      </trkpt>
      <trkpt lat="44.284001" lon="6.962389">
        <ele>2632.8</ele>
        <time>2026-08-07T06:18:13Z</time>
      </trkpt>
      <trkpt lat="44.284001" lon="6.962398">
        <ele>2632.6</ele>
        <time>2026-08-07T06:18:15Z</time>
      </trkpt>
      <trkpt lat="44.284003" lon="6.962393">
        <ele>2632.6</ele>
        <time>2026-08-07T06:18:19Z</time>
      </trkpt>
      <trkpt lat="44.284009" lon="6.962372">
        <ele>2632.4</ele>
        <time>2026-08-07T06:18:22Z</time>
      </trkpt>
      <trkpt lat="44.284018" lon="6.96237">
        <ele>2632.4</ele>
        <time>2026-08-07T06:18:24Z</time>
      </trkpt>
      <trkpt lat="44.284013" lon="6.962364">
        <ele>2632.2</ele>
        <time>2026-08-07T06:18:26Z</time>
      </trkpt>
      <trkpt lat="44.284013" lon="6.962356">
        <ele>2632.2</ele>
        <time>2026-08-07T06:18:28Z</time>
      </trkpt>
      <trkpt lat="44.284007" lon="6.96236">
        <ele>2632.0</ele>
        <time>2026-08-07T06:18:30Z</time>
      </trkpt>
      <trkpt lat="44.284021" lon="6.962343">
        <ele>2632.0</ele>
        <time>2026-08-07T06:18:37Z</time>
      </trkpt>
      <trkpt lat="44.284031" lon="6.962329">
        <ele>2631.8</ele>
        <time>2026-08-07T06:18:40Z</time>
      </trkpt>
      <trkpt lat="44.284036" lon="6.962336">
        <ele>2631.2</ele>
        <time>2026-08-07T06:18:43Z</time>
      </trkpt>
      <trkpt lat="44.284039" lon="6.962349">
        <ele>2630.4</ele>
        <time>2026-08-07T06:18:48Z</time>
      </trkpt>
      <trkpt lat="44.284043" lon="6.962346">
        <ele>2630.2</ele>
        <time>2026-08-07T06:18:50Z</time>
      </trkpt>
      <trkpt lat="44.284027" lon="6.962313">
        <ele>2629.2</ele>
        <time>2026-08-07T06:18:54Z</time>
      </trkpt>
      <trkpt lat="44.284014" lon="6.962304">
        <ele>2629.0</ele>
        <time>2026-08-07T06:18:55Z</time>
      </trkpt>
      <trkpt lat="44.283981" lon="6.962286">
        <ele>2628.0</ele>
        <time>2026-08-07T06:19:00Z</time>
      </trkpt>
      <trkpt lat="44.283973" lon="6.962296">
        <ele>2626.8</ele>
        <time>2026-08-07T06:19:06Z</time>
      </trkpt>
      <trkpt lat="44.283973" lon="6.962296">
        <ele>2626.6</ele>
        <time>2026-08-07T06:19:07Z</time>
      </trkpt>
      <trkpt lat="44.283988" lon="6.962272">
        <ele>2625.6</ele>
        <time>2026-08-07T06:19:12Z</time>
      </trkpt>
      <trkpt lat="44.283994" lon="6.962255">
        <ele>2625.2</ele>
        <time>2026-08-07T06:19:15Z</time>
      </trkpt>
      <trkpt lat="44.284009" lon="6.962222">
        <ele>2624.4</ele>
        <time>2026-08-07T06:19:18Z</time>
      </trkpt>
      <trkpt lat="44.284012" lon="6.962193">
        <ele>2623.6</ele>
        <time>2026-08-07T06:19:23Z</time>
      </trkpt>
      <trkpt lat="44.28401" lon="6.962195">
        <ele>2623.4</ele>
        <time>2026-08-07T06:19:24Z</time>
      </trkpt>
      <trkpt lat="44.28401" lon="6.962194">
        <ele>2622.2</ele>
        <time>2026-08-07T06:19:29Z</time>
      </trkpt>
      <trkpt lat="44.284018" lon="6.962246">
        <ele>2621.0</ele>
        <time>2026-08-07T06:19:34Z</time>
      </trkpt>
      <trkpt lat="44.28402" lon="6.962255">
        <ele>2620.8</ele>
        <time>2026-08-07T06:19:35Z</time>
      </trkpt>
      <trkpt lat="44.284044" lon="6.962248">
        <ele>2620.0</ele>
        <time>2026-08-07T06:19:40Z</time>
      </trkpt>
      <trkpt lat="44.284061" lon="6.962249">
        <ele>2619.4</ele>
        <time>2026-08-07T06:19:43Z</time>
      </trkpt>
      <trkpt lat="44.284065" lon="6.962246">
        <ele>2619.0</ele>
        <time>2026-08-07T06:19:45Z</time>
      </trkpt>
      <trkpt lat="44.284072" lon="6.962246">
        <ele>2618.4</ele>
        <time>2026-08-07T06:19:48Z</time>
      </trkpt>
      <trkpt lat="44.284113" lon="6.962241">
        <ele>2617.8</ele>
        <time>2026-08-07T06:19:52Z</time>
      </trkpt>
      <trkpt lat="44.284132" lon="6.962246">
        <ele>2617.2</ele>
        <time>2026-08-07T06:19:55Z</time>
      </trkpt>
      <trkpt lat="44.284117" lon="6.962261">
        <ele>2616.8</ele>
        <time>2026-08-07T06:19:58Z</time>
      </trkpt>
      <trkpt lat="44.28412" lon="6.962284">
        <ele>2615.6</ele>
        <time>2026-08-07T06:20:03Z</time>
      </trkpt>
      <trkpt lat="44.284131" lon="6.962292">
        <ele>2614.4</ele>
        <time>2026-08-07T06:20:09Z</time>
      </trkpt>
      <trkpt lat="44.284143" lon="6.962293">
        <ele>2614.0</ele>
        <time>2026-08-07T06:20:11Z</time>
      </trkpt>
      <trkpt lat="44.284138" lon="6.962293">
        <ele>2613.4</ele>
        <time>2026-08-07T06:20:13Z</time>
      </trkpt>
      <trkpt lat="44.284143" lon="6.962255">
        <ele>2612.8</ele>
        <time>2026-08-07T06:20:16Z</time>
      </trkpt>
      <trkpt lat="44.284146" lon="6.962234">
        <ele>2612.4</ele>
        <time>2026-08-07T06:20:18Z</time>
      </trkpt>
      <trkpt lat="44.28417" lon="6.962208">
        <ele>2611.4</ele>
        <time>2026-08-07T06:20:22Z</time>
      </trkpt>
      <trkpt lat="44.284181" lon="6.962186">
        <ele>2611.2</ele>
        <time>2026-08-07T06:20:24Z</time>
      </trkpt>
      <trkpt lat="44.284198" lon="6.962165">
        <ele>2610.4</ele>
        <time>2026-08-07T06:20:30Z</time>
      </trkpt>
      <trkpt lat="44.284198" lon="6.962159">
        <ele>2610.2</ele>
        <time>2026-08-07T06:20:32Z</time>
      </trkpt>
      <trkpt lat="44.284195" lon="6.962129">
        <ele>2609.8</ele>
        <time>2026-08-07T06:20:35Z</time>
      </trkpt>
      <trkpt lat="44.284182" lon="6.962109">
        <ele>2609.2</ele>
        <time>2026-08-07T06:20:38Z</time>
      </trkpt>
      <trkpt lat="44.284169" lon="6.962083">
        <ele>2609.2</ele>
        <time>2026-08-07T06:20:39Z</time>
      </trkpt>
      <trkpt lat="44.284172" lon="6.962084">
        <ele>2609.0</ele>
        <time>2026-08-07T06:20:40Z</time>
      </trkpt>
      <trkpt lat="44.284154" lon="6.962056">
        <ele>2608.4</ele>
        <time>2026-08-07T06:20:43Z</time>
      </trkpt>
      <trkpt lat="44.284142" lon="6.962038">
        <ele>2607.8</ele>
        <time>2026-08-07T06:20:45Z</time>
      </trkpt>
      <trkpt lat="44.284132" lon="6.962013">
        <ele>2607.4</ele>
        <time>2026-08-07T06:20:47Z</time>
      </trkpt>
      <trkpt lat="44.284123" lon="6.961988">
        <ele>2606.8</ele>
        <time>2026-08-07T06:20:50Z</time>
      </trkpt>
      <trkpt lat="44.284117" lon="6.961992">
        <ele>2606.2</ele>
        <time>2026-08-07T06:20:54Z</time>
      </trkpt>
      <trkpt lat="44.284115" lon="6.961986">
        <ele>2605.8</ele>
        <time>2026-08-07T06:20:57Z</time>
      </trkpt>
      <trkpt lat="44.284117" lon="6.961999">
        <ele>2604.6</ele>
        <time>2026-08-07T06:21:02Z</time>
      </trkpt>
      <trkpt lat="44.284115" lon="6.962006">
        <ele>2604.4</ele>
        <time>2026-08-07T06:21:03Z</time>
      </trkpt>
      <trkpt lat="44.28412" lon="6.962029">
        <ele>2603.6</ele>
        <time>2026-08-07T06:21:06Z</time>
      </trkpt>
      <trkpt lat="44.284134" lon="6.962044">
        <ele>2603.0</ele>
        <time>2026-08-07T06:21:10Z</time>
      </trkpt>
      <trkpt lat="44.284153" lon="6.962065">
        <ele>2602.6</ele>
        <time>2026-08-07T06:21:13Z</time>
      </trkpt>
      <trkpt lat="44.284182" lon="6.962075">
        <ele>2602.2</ele>
        <time>2026-08-07T06:21:17Z</time>
      </trkpt>
      <trkpt lat="44.284199" lon="6.962076">
        <ele>2601.4</ele>
        <time>2026-08-07T06:21:22Z</time>
      </trkpt>
      <trkpt lat="44.284196" lon="6.962067">
        <ele>2600.6</ele>
        <time>2026-08-07T06:21:25Z</time>
      </trkpt>
      <trkpt lat="44.284202" lon="6.962063">
        <ele>2600.4</ele>
        <time>2026-08-07T06:21:26Z</time>
      </trkpt>
      <trkpt lat="44.284201" lon="6.962009">
        <ele>2599.6</ele>
        <time>2026-08-07T06:21:32Z</time>
      </trkpt>
      <trkpt lat="44.284196" lon="6.962004">
        <ele>2599.6</ele>
        <time>2026-08-07T06:21:33Z</time>
      </trkpt>
      <trkpt lat="44.284184" lon="6.961997">
        <ele>2599.4</ele>
        <time>2026-08-07T06:21:35Z</time>
      </trkpt>
      <trkpt lat="44.284171" lon="6.961998">
        <ele>2598.6</ele>
        <time>2026-08-07T06:21:40Z</time>
      </trkpt>
      <trkpt lat="44.28417" lon="6.962009">
        <ele>2598.2</ele>
        <time>2026-08-07T06:21:42Z</time>
      </trkpt>
      <trkpt lat="44.284186" lon="6.962039">
        <ele>2597.2</ele>
        <time>2026-08-07T06:21:47Z</time>
      </trkpt>
      <trkpt lat="44.284224" lon="6.962044">
        <ele>2596.0</ele>
        <time>2026-08-07T06:21:52Z</time>
      </trkpt>
      <trkpt lat="44.284249" lon="6.962046">
        <ele>2595.4</ele>
        <time>2026-08-07T06:21:55Z</time>
      </trkpt>
      <trkpt lat="44.28425" lon="6.962051">
        <ele>2595.0</ele>
        <time>2026-08-07T06:21:57Z</time>
      </trkpt>
      <trkpt lat="44.284236" lon="6.962072">
        <ele>2594.2</ele>
        <time>2026-08-07T06:22:02Z</time>
      </trkpt>
      <trkpt lat="44.284236" lon="6.962076">
        <ele>2594.0</ele>
        <time>2026-08-07T06:22:03Z</time>
      </trkpt>
      <trkpt lat="44.284259" lon="6.96204">
        <ele>2593.4</ele>
        <time>2026-08-07T06:22:09Z</time>
      </trkpt>
      <trkpt lat="44.284248" lon="6.962046">
        <ele>2592.8</ele>
        <time>2026-08-07T06:22:13Z</time>
      </trkpt>
      <trkpt lat="44.284265" lon="6.962048">
        <ele>2592.4</ele>
        <time>2026-08-07T06:22:16Z</time>
      </trkpt>
      <trkpt lat="44.28427" lon="6.962067">
        <ele>2591.6</ele>
        <time>2026-08-07T06:22:21Z</time>
      </trkpt>
      <trkpt lat="44.28428" lon="6.962068">
        <ele>2590.8</ele>
        <time>2026-08-07T06:22:24Z</time>
      </trkpt>
      <trkpt lat="44.28429" lon="6.962066">
        <ele>2590.6</ele>
        <time>2026-08-07T06:22:25Z</time>
      </trkpt>
      <trkpt lat="44.284308" lon="6.962057">
        <ele>2590.0</ele>
        <time>2026-08-07T06:22:28Z</time>
      </trkpt>
      <trkpt lat="44.284312" lon="6.962057">
        <ele>2589.6</ele>
        <time>2026-08-07T06:22:30Z</time>
      </trkpt>
      <trkpt lat="44.284297" lon="6.962003">
        <ele>2588.2</ele>
        <time>2026-08-07T06:22:36Z</time>
      </trkpt>
      <trkpt lat="44.284305" lon="6.961964">
        <ele>2587.2</ele>
        <time>2026-08-07T06:22:41Z</time>
      </trkpt>
      <trkpt lat="44.284323" lon="6.961954">
        <ele>2586.6</ele>
        <time>2026-08-07T06:22:45Z</time>
      </trkpt>
      <trkpt lat="44.284326" lon="6.961959">
        <ele>2586.2</ele>
        <time>2026-08-07T06:22:48Z</time>
      </trkpt>
      <trkpt lat="44.284333" lon="6.961965">
        <ele>2585.6</ele>
        <time>2026-08-07T06:22:53Z</time>
      </trkpt>
      <trkpt lat="44.284329" lon="6.961963">
        <ele>2585.2</ele>
        <time>2026-08-07T06:22:55Z</time>
      </trkpt>
      <trkpt lat="44.284336" lon="6.961977">
        <ele>2584.4</ele>
        <time>2026-08-07T06:22:59Z</time>
      </trkpt>
      <trkpt lat="44.284344" lon="6.96198">
        <ele>2584.2</ele>
        <time>2026-08-07T06:23:00Z</time>
      </trkpt>
      <trkpt lat="44.284379" lon="6.961979">
        <ele>2583.2</ele>
        <time>2026-08-07T06:23:05Z</time>
      </trkpt>
      <trkpt lat="44.284389" lon="6.961991">
        <ele>2582.0</ele>
        <time>2026-08-07T06:23:10Z</time>
      </trkpt>
      <trkpt lat="44.28441" lon="6.96201">
        <ele>2581.4</ele>
        <time>2026-08-07T06:23:13Z</time>
      </trkpt>
      <trkpt lat="44.284445" lon="6.962018">
        <ele>2580.8</ele>
        <time>2026-08-07T06:23:15Z</time>
      </trkpt>
      <trkpt lat="44.284485" lon="6.962024">
        <ele>2579.8</ele>
        <time>2026-08-07T06:23:18Z</time>
      </trkpt>
      <trkpt lat="44.284501" lon="6.962028">
        <ele>2579.6</ele>
        <time>2026-08-07T06:23:19Z</time>
      </trkpt>
      <trkpt lat="44.284539" lon="6.962022">
        <ele>2579.0</ele>
        <time>2026-08-07T06:23:23Z</time>
      </trkpt>
      <trkpt lat="44.284557" lon="6.962015">
        <ele>2578.4</ele>
        <time>2026-08-07T06:23:25Z</time>
      </trkpt>
      <trkpt lat="44.284578" lon="6.962013">
        <ele>2577.6</ele>
        <time>2026-08-07T06:23:29Z</time>
      </trkpt>
      <trkpt lat="44.284577" lon="6.962014">
        <ele>2577.4</ele>
        <time>2026-08-07T06:23:31Z</time>
      </trkpt>
      <trkpt lat="44.284597" lon="6.962014">
        <ele>2577.0</ele>
        <time>2026-08-07T06:23:34Z</time>
      </trkpt>
      <trkpt lat="44.284606" lon="6.962017">
        <ele>2576.2</ele>
        <time>2026-08-07T06:23:37Z</time>
      </trkpt>
      <trkpt lat="44.284635" lon="6.962006">
        <ele>2575.4</ele>
        <time>2026-08-07T06:23:42Z</time>
      </trkpt>
      <trkpt lat="44.28464" lon="6.962005">
        <ele>2575.2</ele>
        <time>2026-08-07T06:23:43Z</time>
      </trkpt>
      <trkpt lat="44.284639" lon="6.961999">
        <ele>2574.2</ele>
        <time>2026-08-07T06:23:48Z</time>
      </trkpt>
      <trkpt lat="44.284636" lon="6.961995">
        <ele>2574.0</ele>
        <time>2026-08-07T06:23:49Z</time>
      </trkpt>
      <trkpt lat="44.284638" lon="6.961959">
        <ele>2573.2</ele>
        <time>2026-08-07T06:23:54Z</time>
      </trkpt>
      <trkpt lat="44.284652" lon="6.961936">
        <ele>2572.8</ele>
        <time>2026-08-07T06:23:56Z</time>
      </trkpt>
      <trkpt lat="44.284664" lon="6.961881">
        <ele>2572.0</ele>
        <time>2026-08-07T06:24:00Z</time>
      </trkpt>
      <trkpt lat="44.284657" lon="6.961873">
        <ele>2571.6</ele>
        <time>2026-08-07T06:24:02Z</time>
      </trkpt>
      <trkpt lat="44.284654" lon="6.961871">
        <ele>2571.0</ele>
        <time>2026-08-07T06:24:05Z</time>
      </trkpt>
      <trkpt lat="44.284658" lon="6.961854">
        <ele>2570.2</ele>
        <time>2026-08-07T06:24:09Z</time>
      </trkpt>
      <trkpt lat="44.284665" lon="6.961835">
        <ele>2569.8</ele>
        <time>2026-08-07T06:24:11Z</time>
      </trkpt>
      <trkpt lat="44.284666" lon="6.961786">
        <ele>2568.8</ele>
        <time>2026-08-07T06:24:15Z</time>
      </trkpt>
      <trkpt lat="44.284667" lon="6.961774">
        <ele>2568.6</ele>
        <time>2026-08-07T06:24:16Z</time>
      </trkpt>
      <trkpt lat="44.284638" lon="6.961765">
        <ele>2567.8</ele>
        <time>2026-08-07T06:24:21Z</time>
      </trkpt>
      <trkpt lat="44.284636" lon="6.961764">
        <ele>2567.6</ele>
        <time>2026-08-07T06:24:22Z</time>
      </trkpt>
      <trkpt lat="44.284604" lon="6.961749">
        <ele>2566.4</ele>
        <time>2026-08-07T06:24:26Z</time>
      </trkpt>
      <trkpt lat="44.2846" lon="6.961745">
        <ele>2566.2</ele>
        <time>2026-08-07T06:24:27Z</time>
      </trkpt>
      <trkpt lat="44.284541" lon="6.961728">
        <ele>2565.2</ele>
        <time>2026-08-07T06:24:33Z</time>
      </trkpt>
      <trkpt lat="44.284536" lon="6.961727">
        <ele>2565.0</ele>
        <time>2026-08-07T06:24:34Z</time>
      </trkpt>
      <trkpt lat="44.284499" lon="6.961726">
        <ele>2564.4</ele>
        <time>2026-08-07T06:24:39Z</time>
      </trkpt>
      <trkpt lat="44.284496" lon="6.961724">
        <ele>2564.0</ele>
        <time>2026-08-07T06:24:41Z</time>
      </trkpt>
      <trkpt lat="44.284517" lon="6.961718">
        <ele>2563.0</ele>
        <time>2026-08-07T06:24:45Z</time>
      </trkpt>
      <trkpt lat="44.284584" lon="6.961692">
        <ele>2561.8</ele>
        <time>2026-08-07T06:24:51Z</time>
      </trkpt>
      <trkpt lat="44.28458" lon="6.961672">
        <ele>2561.4</ele>
        <time>2026-08-07T06:24:53Z</time>
      </trkpt>
      <trkpt lat="44.284557" lon="6.961648">
        <ele>2561.0</ele>
        <time>2026-08-07T06:24:54Z</time>
      </trkpt>
      <trkpt lat="44.284535" lon="6.96163">
        <ele>2560.8</ele>
        <time>2026-08-07T06:24:55Z</time>
      </trkpt>
      <trkpt lat="44.284511" lon="6.961603">
        <ele>2560.4</ele>
        <time>2026-08-07T06:24:57Z</time>
      </trkpt>
      <trkpt lat="44.284482" lon="6.96158">
        <ele>2560.0</ele>
        <time>2026-08-07T06:25:01Z</time>
      </trkpt>
      <trkpt lat="44.284475" lon="6.961579">
        <ele>2559.8</ele>
        <time>2026-08-07T06:25:02Z</time>
      </trkpt>
      <trkpt lat="44.284479" lon="6.9616">
        <ele>2559.6</ele>
        <time>2026-08-07T06:25:04Z</time>
      </trkpt>
      <trkpt lat="44.284499" lon="6.961616">
        <ele>2559.4</ele>
        <time>2026-08-07T06:25:07Z</time>
      </trkpt>
      <trkpt lat="44.284516" lon="6.961622">
        <ele>2558.8</ele>
        <time>2026-08-07T06:25:10Z</time>
      </trkpt>
      <trkpt lat="44.284471" lon="6.961552">
        <ele>2557.6</ele>
        <time>2026-08-07T06:25:15Z</time>
      </trkpt>
      <trkpt lat="44.284459" lon="6.961539">
        <ele>2557.4</ele>
        <time>2026-08-07T06:25:16Z</time>
      </trkpt>
      <trkpt lat="44.284425" lon="6.961512">
        <ele>2557.0</ele>
        <time>2026-08-07T06:25:19Z</time>
      </trkpt>
      <trkpt lat="44.284415" lon="6.961501">
        <ele>2556.6</ele>
        <time>2026-08-07T06:25:21Z</time>
      </trkpt>
      <trkpt lat="44.284391" lon="6.96148">
        <ele>2555.4</ele>
        <time>2026-08-07T06:25:26Z</time>
      </trkpt>
      <trkpt lat="44.284395" lon="6.961477">
        <ele>2555.2</ele>
        <time>2026-08-07T06:25:28Z</time>
      </trkpt>
      <trkpt lat="44.284405" lon="6.961473">
        <ele>2554.4</ele>
        <time>2026-08-07T06:25:32Z</time>
      </trkpt>
      <trkpt lat="44.284393" lon="6.961464">
        <ele>2553.8</ele>
        <time>2026-08-07T06:25:35Z</time>
      </trkpt>
      <trkpt lat="44.284386" lon="6.961466">
        <ele>2553.4</ele>
        <time>2026-08-07T06:25:38Z</time>
      </trkpt>
      <trkpt lat="44.284391" lon="6.96151">
        <ele>2552.8</ele>
        <time>2026-08-07T06:25:42Z</time>
      </trkpt>
      <trkpt lat="44.284392" lon="6.961578">
        <ele>2552.2</ele>
        <time>2026-08-07T06:25:46Z</time>
      </trkpt>
      <trkpt lat="44.28441" lon="6.961594">
        <ele>2551.4</ele>
        <time>2026-08-07T06:25:50Z</time>
      </trkpt>
      <trkpt lat="44.28441" lon="6.961595">
        <ele>2551.0</ele>
        <time>2026-08-07T06:25:52Z</time>
      </trkpt>
      <trkpt lat="44.284416" lon="6.961609">
        <ele>2549.8</ele>
        <time>2026-08-07T06:25:57Z</time>
      </trkpt>
      <trkpt lat="44.284419" lon="6.961609">
        <ele>2549.8</ele>
        <time>2026-08-07T06:25:58Z</time>
      </trkpt>
      <trkpt lat="44.284443" lon="6.961575">
        <ele>2549.0</ele>
        <time>2026-08-07T06:26:05Z</time>
      </trkpt>
      <trkpt lat="44.284449" lon="6.96156">
        <ele>2548.8</ele>
        <time>2026-08-07T06:26:06Z</time>
      </trkpt>
      <trkpt lat="44.284469" lon="6.961512">
        <ele>2547.8</ele>
        <time>2026-08-07T06:26:11Z</time>
      </trkpt>
      <trkpt lat="44.284474" lon="6.961497">
        <ele>2547.4</ele>
        <time>2026-08-07T06:26:13Z</time>
      </trkpt>
      <trkpt lat="44.284466" lon="6.961484">
        <ele>2546.8</ele>
        <time>2026-08-07T06:26:17Z</time>
      </trkpt>
      <trkpt lat="44.28444" lon="6.961438">
        <ele>2546.0</ele>
        <time>2026-08-07T06:26:21Z</time>
      </trkpt>
      <trkpt lat="44.284434" lon="6.961438">
        <ele>2545.8</ele>
        <time>2026-08-07T06:26:22Z</time>
      </trkpt>
      <trkpt lat="44.284401" lon="6.961421">
        <ele>2544.6</ele>
        <time>2026-08-07T06:26:26Z</time>
      </trkpt>
      <trkpt lat="44.284388" lon="6.96142">
        <ele>2544.2</ele>
        <time>2026-08-07T06:26:28Z</time>
      </trkpt>
      <trkpt lat="44.284362" lon="6.961405">
        <ele>2543.6</ele>
        <time>2026-08-07T06:26:32Z</time>
      </trkpt>
      <trkpt lat="44.284334" lon="6.961387">
        <ele>2543.2</ele>
        <time>2026-08-07T06:26:35Z</time>
      </trkpt>
      <trkpt lat="44.28432" lon="6.961383">
        <ele>2542.6</ele>
        <time>2026-08-07T06:26:38Z</time>
      </trkpt>
      <trkpt lat="44.284311" lon="6.961384">
        <ele>2542.2</ele>
        <time>2026-08-07T06:26:40Z</time>
      </trkpt>
      <trkpt lat="44.284296" lon="6.961405">
        <ele>2542.0</ele>
        <time>2026-08-07T06:26:42Z</time>
      </trkpt>
      <trkpt lat="44.284303" lon="6.961436">
        <ele>2541.6</ele>
        <time>2026-08-07T06:26:45Z</time>
      </trkpt>
      <trkpt lat="44.284301" lon="6.961441">
        <ele>2541.4</ele>
        <time>2026-08-07T06:26:46Z</time>
      </trkpt>
      <trkpt lat="44.284318" lon="6.961439">
        <ele>2540.6</ele>
        <time>2026-08-07T06:26:52Z</time>
      </trkpt>
      <trkpt lat="44.284311" lon="6.961432">
        <ele>2539.4</ele>
        <time>2026-08-07T06:26:58Z</time>
      </trkpt>
      <trkpt lat="44.284304" lon="6.961422">
        <ele>2539.2</ele>
        <time>2026-08-07T06:27:00Z</time>
      </trkpt>
      <trkpt lat="44.284306" lon="6.961403">
        <ele>2538.2</ele>
        <time>2026-08-07T06:27:07Z</time>
      </trkpt>
      <trkpt lat="44.284337" lon="6.961399">
        <ele>2537.4</ele>
        <time>2026-08-07T06:27:15Z</time>
      </trkpt>
      <trkpt lat="44.284334" lon="6.961393">
        <ele>2537.2</ele>
        <time>2026-08-07T06:27:17Z</time>
      </trkpt>
      <trkpt lat="44.284332" lon="6.961388">
        <ele>2537.0</ele>
        <time>2026-08-07T06:27:18Z</time>
      </trkpt>
      <trkpt lat="44.284311" lon="6.96136">
        <ele>2536.2</ele>
        <time>2026-08-07T06:27:22Z</time>
      </trkpt>
      <trkpt lat="44.284306" lon="6.96135">
        <ele>2536.2</ele>
        <time>2026-08-07T06:27:23Z</time>
      </trkpt>
      <trkpt lat="44.284277" lon="6.961332">
        <ele>2536.0</ele>
        <time>2026-08-07T06:27:28Z</time>
      </trkpt>
      <trkpt lat="44.284267" lon="6.961317">
        <ele>2535.4</ele>
        <time>2026-08-07T06:27:31Z</time>
      </trkpt>
      <trkpt lat="44.284277" lon="6.9613">
        <ele>2535.0</ele>
        <time>2026-08-07T06:27:33Z</time>
      </trkpt>
      <trkpt lat="44.284284" lon="6.961283">
        <ele>2534.8</ele>
        <time>2026-08-07T06:27:35Z</time>
      </trkpt>
      <trkpt lat="44.284283" lon="6.961262">
        <ele>2534.6</ele>
        <time>2026-08-07T06:27:38Z</time>
      </trkpt>
      <trkpt lat="44.284276" lon="6.961205">
        <ele>2534.2</ele>
        <time>2026-08-07T06:27:44Z</time>
      </trkpt>
      <trkpt lat="44.284273" lon="6.961184">
        <ele>2533.8</ele>
        <time>2026-08-07T06:27:46Z</time>
      </trkpt>
      <trkpt lat="44.284297" lon="6.961188">
        <ele>2532.8</ele>
        <time>2026-08-07T06:27:52Z</time>
      </trkpt>
      <trkpt lat="44.2843" lon="6.961183">
        <ele>2532.6</ele>
        <time>2026-08-07T06:27:53Z</time>
      </trkpt>
      <trkpt lat="44.284307" lon="6.96119">
        <ele>2531.8</ele>
        <time>2026-08-07T06:27:57Z</time>
      </trkpt>
      <trkpt lat="44.284315" lon="6.961165">
        <ele>2531.2</ele>
        <time>2026-08-07T06:28:02Z</time>
      </trkpt>
      <trkpt lat="44.284316" lon="6.961132">
        <ele>2530.6</ele>
        <time>2026-08-07T06:28:05Z</time>
      </trkpt>
      <trkpt lat="44.284314" lon="6.961085">
        <ele>2529.8</ele>
        <time>2026-08-07T06:28:08Z</time>
      </trkpt>
      <trkpt lat="44.284315" lon="6.961083">
        <ele>2529.4</ele>
        <time>2026-08-07T06:28:10Z</time>
      </trkpt>
      <trkpt lat="44.284301" lon="6.961027">
        <ele>2529.0</ele>
        <time>2026-08-07T06:28:15Z</time>
      </trkpt>
      <trkpt lat="44.284259" lon="6.960975">
        <ele>2528.4</ele>
        <time>2026-08-07T06:28:23Z</time>
      </trkpt>
      <trkpt lat="44.28425" lon="6.960959">
        <ele>2528.4</ele>
        <time>2026-08-07T06:28:24Z</time>
      </trkpt>
      <trkpt lat="44.284178" lon="6.960868">
        <ele>2528.0</ele>
        <time>2026-08-07T06:28:30Z</time>
      </trkpt>
      <trkpt lat="44.284153" lon="6.96086">
        <ele>2527.2</ele>
        <time>2026-08-07T06:28:34Z</time>
      </trkpt>
      <trkpt lat="44.284152" lon="6.960862">
        <ele>2526.8</ele>
        <time>2026-08-07T06:28:37Z</time>
      </trkpt>
      <trkpt lat="44.284141" lon="6.960852">
        <ele>2526.2</ele>
        <time>2026-08-07T06:28:40Z</time>
      </trkpt>
      <trkpt lat="44.284128" lon="6.960816">
        <ele>2525.8</ele>
        <time>2026-08-07T06:28:44Z</time>
      </trkpt>
      <trkpt lat="44.284123" lon="6.960804">
        <ele>2525.0</ele>
        <time>2026-08-07T06:28:47Z</time>
      </trkpt>
      <trkpt lat="44.284122" lon="6.960833">
        <ele>2524.0</ele>
        <time>2026-08-07T06:28:51Z</time>
      </trkpt>
      <trkpt lat="44.284124" lon="6.960845">
        <ele>2523.8</ele>
        <time>2026-08-07T06:28:52Z</time>
      </trkpt>
      <trkpt lat="44.284131" lon="6.960873">
        <ele>2522.8</ele>
        <time>2026-08-07T06:28:57Z</time>
      </trkpt>
      <trkpt lat="44.284138" lon="6.960863">
        <ele>2522.4</ele>
        <time>2026-08-07T06:28:59Z</time>
      </trkpt>
      <trkpt lat="44.284138" lon="6.960854">
        <ele>2522.2</ele>
        <time>2026-08-07T06:29:01Z</time>
      </trkpt>
      <trkpt lat="44.284137" lon="6.96082">
        <ele>2521.8</ele>
        <time>2026-08-07T06:29:06Z</time>
      </trkpt>
      <trkpt lat="44.284136" lon="6.960829">
        <ele>2521.6</ele>
        <time>2026-08-07T06:29:07Z</time>
      </trkpt>
      <trkpt lat="44.284147" lon="6.960851">
        <ele>2521.6</ele>
        <time>2026-08-07T06:29:12Z</time>
      </trkpt>
      <trkpt lat="44.284142" lon="6.960779">
        <ele>2521.6</ele>
        <time>2026-08-07T06:29:18Z</time>
      </trkpt>
      <trkpt lat="44.284111" lon="6.96076">
        <ele>2521.6</ele>
        <time>2026-08-07T06:29:21Z</time>
      </trkpt>
      <trkpt lat="44.284109" lon="6.96072">
        <ele>2521.8</ele>
        <time>2026-08-07T06:29:23Z</time>
      </trkpt>
      <trkpt lat="44.284111" lon="6.960725">
        <ele>2521.8</ele>
        <time>2026-08-07T06:29:24Z</time>
      </trkpt>
      <trkpt lat="44.284127" lon="6.960748">
        <ele>2521.4</ele>
        <time>2026-08-07T06:29:30Z</time>
      </trkpt>
      <trkpt lat="44.284161" lon="6.960825">
        <ele>2521.4</ele>
        <time>2026-08-07T06:29:38Z</time>
      </trkpt>
      <trkpt lat="44.284134" lon="6.96076">
        <ele>2521.6</ele>
        <time>2026-08-07T06:29:45Z</time>
      </trkpt>
      <trkpt lat="44.284108" lon="6.960714">
        <ele>2522.6</ele>
        <time>2026-08-07T06:29:50Z</time>
      </trkpt>
      <trkpt lat="44.284121" lon="6.960742">
        <ele>2522.6</ele>
        <time>2026-08-07T06:29:54Z</time>
      </trkpt>
      <trkpt lat="44.284113" lon="6.960744">
        <ele>2522.6</ele>
        <time>2026-08-07T06:29:56Z</time>
      </trkpt>
      <trkpt lat="44.284113" lon="6.960743">
        <ele>2522.4</ele>
        <time>2026-08-07T06:29:57Z</time>
      </trkpt>
      <trkpt lat="44.284091" lon="6.960728">
        <ele>2522.6</ele>
        <time>2026-08-07T06:30:03Z</time>
      </trkpt>
      <trkpt lat="44.284088" lon="6.960744">
        <ele>2522.6</ele>
        <time>2026-08-07T06:30:05Z</time>
      </trkpt>
      <trkpt lat="44.284117" lon="6.960782">
        <ele>2522.6</ele>
        <time>2026-08-07T06:30:10Z</time>
      </trkpt>
      <trkpt lat="44.284131" lon="6.960793">
        <ele>2522.6</ele>
        <time>2026-08-07T06:30:12Z</time>
      </trkpt>
      <trkpt lat="44.284178" lon="6.960857">
        <ele>2522.8</ele>
        <time>2026-08-07T06:30:18Z</time>
      </trkpt>
      <trkpt lat="44.284131" lon="6.960846">
        <ele>2523.0</ele>
        <time>2026-08-07T06:30:27Z</time>
      </trkpt>
      <trkpt lat="44.284124" lon="6.960792">
        <ele>2523.4</ele>
        <time>2026-08-07T06:30:35Z</time>
      </trkpt>
      <trkpt lat="44.284124" lon="6.960841">
        <ele>2523.6</ele>
        <time>2026-08-07T06:30:40Z</time>
      </trkpt>
      <trkpt lat="44.284097" lon="6.960829">
        <ele>2523.6</ele>
        <time>2026-08-07T06:30:44Z</time>
      </trkpt>
      <trkpt lat="44.284087" lon="6.960811">
        <ele>2523.6</ele>
        <time>2026-08-07T06:30:46Z</time>
      </trkpt>
      <trkpt lat="44.284078" lon="6.960795">
        <ele>2523.8</ele>
        <time>2026-08-07T06:30:48Z</time>
      </trkpt>
      <trkpt lat="44.284094" lon="6.96078">
        <ele>2524.0</ele>
        <time>2026-08-07T06:30:57Z</time>
      </trkpt>
      <trkpt lat="44.284087" lon="6.960786">
        <ele>2523.8</ele>
        <time>2026-08-07T06:31:03Z</time>
      </trkpt>
      <trkpt lat="44.284072" lon="6.960795">
        <ele>2523.8</ele>
        <time>2026-08-07T06:31:06Z</time>
      </trkpt>
      <trkpt lat="44.284063" lon="6.960765">
        <ele>2523.8</ele>
        <time>2026-08-07T06:31:14Z</time>
      </trkpt>
      <trkpt lat="44.284087" lon="6.960754">
        <ele>2524.0</ele>
        <time>2026-08-07T06:31:16Z</time>
      </trkpt>
      <trkpt lat="44.284111" lon="6.960739">
        <ele>2524.0</ele>
        <time>2026-08-07T06:31:18Z</time>
      </trkpt>
      <trkpt lat="44.284126" lon="6.960727">
        <ele>2524.0</ele>
        <time>2026-08-07T06:31:20Z</time>
      </trkpt>
      <trkpt lat="44.284107" lon="6.960736">
        <ele>2524.2</ele>
        <time>2026-08-07T06:31:23Z</time>
      </trkpt>
      <trkpt lat="44.284094" lon="6.960751">
        <ele>2524.0</ele>
        <time>2026-08-07T06:31:26Z</time>
      </trkpt>
      <trkpt lat="44.284088" lon="6.960765">
        <ele>2524.0</ele>
        <time>2026-08-07T06:31:27Z</time>
      </trkpt>
      <trkpt lat="44.284115" lon="6.960784">
        <ele>2524.0</ele>
        <time>2026-08-07T06:31:29Z</time>
      </trkpt>
      <trkpt lat="44.28412" lon="6.960798">
        <ele>2524.2</ele>
        <time>2026-08-07T06:31:31Z</time>
      </trkpt>
      <trkpt lat="44.284098" lon="6.960799">
        <ele>2524.2</ele>
        <time>2026-08-07T06:31:35Z</time>
      </trkpt>
      <trkpt lat="44.284079" lon="6.960793">
        <ele>2524.2</ele>
        <time>2026-08-07T06:31:39Z</time>
      </trkpt>
      <trkpt lat="44.28411" lon="6.960808">
        <ele>2524.6</ele>
        <time>2026-08-07T06:31:47Z</time>
      </trkpt>
      <trkpt lat="44.284121" lon="6.960803">
        <ele>2524.8</ele>
        <time>2026-08-07T06:31:50Z</time>
      </trkpt>
      <trkpt lat="44.284122" lon="6.960796">
        <ele>2524.8</ele>
        <time>2026-08-07T06:31:51Z</time>
      </trkpt>
      <trkpt lat="44.284123" lon="6.960796">
        <ele>2524.8</ele>
        <time>2026-08-07T06:31:52Z</time>
      </trkpt>
      <trkpt lat="44.284124" lon="6.960801">
        <ele>2525.0</ele>
        <time>2026-08-07T06:31:57Z</time>
      </trkpt>
      <trkpt lat="44.284163" lon="6.960817">
        <ele>2525.2</ele>
        <time>2026-08-07T06:32:05Z</time>
      </trkpt>
      <trkpt lat="44.284096" lon="6.960799">
        <ele>2525.2</ele>
        <time>2026-08-07T06:32:13Z</time>
      </trkpt>
      <trkpt lat="44.284096" lon="6.960765">
        <ele>2525.2</ele>
        <time>2026-08-07T06:32:18Z</time>
      </trkpt>
      <trkpt lat="44.284099" lon="6.96077">
        <ele>2525.2</ele>
        <time>2026-08-07T06:32:20Z</time>
      </trkpt>
      <trkpt lat="44.284107" lon="6.96077">
        <ele>2525.6</ele>
        <time>2026-08-07T06:32:28Z</time>
      </trkpt>
      <trkpt lat="44.284113" lon="6.960769">
        <ele>2525.8</ele>
        <time>2026-08-07T06:32:34Z</time>
      </trkpt>
      <trkpt lat="44.284117" lon="6.960776">
        <ele>2525.6</ele>
        <time>2026-08-07T06:32:37Z</time>
      </trkpt>
      <trkpt lat="44.28416" lon="6.960802">
        <ele>2525.2</ele>
        <time>2026-08-07T06:32:46Z</time>
      </trkpt>
      <trkpt lat="44.284148" lon="6.960823">
        <ele>2525.2</ele>
        <time>2026-08-07T06:32:54Z</time>
      </trkpt>
      <trkpt lat="44.284137" lon="6.960837">
        <ele>2525.2</ele>
        <time>2026-08-07T06:33:02Z</time>
      </trkpt>
      <trkpt lat="44.284154" lon="6.960792">
        <ele>2525.4</ele>
        <time>2026-08-07T06:33:04Z</time>
      </trkpt>
      <trkpt lat="44.284146" lon="6.960779">
        <ele>2525.0</ele>
        <time>2026-08-07T06:33:07Z</time>
      </trkpt>
      <trkpt lat="44.284134" lon="6.960792">
        <ele>2525.2</ele>
        <time>2026-08-07T06:33:12Z</time>
      </trkpt>
      <trkpt lat="44.284129" lon="6.960792">
        <ele>2525.2</ele>
        <time>2026-08-07T06:33:14Z</time>
      </trkpt>
      <trkpt lat="44.284119" lon="6.960768">
        <ele>2525.2</ele>
        <time>2026-08-07T06:33:19Z</time>
      </trkpt>
      <trkpt lat="44.284114" lon="6.960758">
        <ele>2525.2</ele>
        <time>2026-08-07T06:33:21Z</time>
      </trkpt>
      <trkpt lat="44.284071" lon="6.960748">
        <ele>2525.2</ele>
        <time>2026-08-07T06:33:28Z</time>
      </trkpt>
      <trkpt lat="44.284072" lon="6.960801">
        <ele>2525.4</ele>
        <time>2026-08-07T06:33:36Z</time>
      </trkpt>
      <trkpt lat="44.284092" lon="6.960815">
        <ele>2525.4</ele>
        <time>2026-08-07T06:33:43Z</time>
      </trkpt>
      <trkpt lat="44.284122" lon="6.960844">
        <ele>2525.8</ele>
        <time>2026-08-07T06:33:52Z</time>
      </trkpt>
      <trkpt lat="44.284098" lon="6.960844">
        <ele>2526.0</ele>
        <time>2026-08-07T06:34:02Z</time>
      </trkpt>
      <trkpt lat="44.284099" lon="6.960798">
        <ele>2526.2</ele>
        <time>2026-08-07T06:34:08Z</time>
      </trkpt>
      <trkpt lat="44.284083" lon="6.960816">
        <ele>2526.2</ele>
        <time>2026-08-07T06:34:11Z</time>
      </trkpt>
      <trkpt lat="44.28409" lon="6.960813">
        <ele>2526.4</ele>
        <time>2026-08-07T06:34:14Z</time>
      </trkpt>
      <trkpt lat="44.284108" lon="6.960835">
        <ele>2526.2</ele>
        <time>2026-08-07T06:34:19Z</time>
      </trkpt>
      <trkpt lat="44.284126" lon="6.960831">
        <ele>2526.4</ele>
        <time>2026-08-07T06:34:24Z</time>
      </trkpt>
      <trkpt lat="44.284123" lon="6.960823">
        <ele>2526.4</ele>
        <time>2026-08-07T06:34:26Z</time>
      </trkpt>
      <trkpt lat="44.284115" lon="6.96081">
        <ele>2526.4</ele>
        <time>2026-08-07T06:34:28Z</time>
      </trkpt>
      <trkpt lat="44.284111" lon="6.96079">
        <ele>2526.6</ele>
        <time>2026-08-07T06:34:33Z</time>
      </trkpt>
      <trkpt lat="44.284088" lon="6.960823">
        <ele>2526.6</ele>
        <time>2026-08-07T06:34:41Z</time>
      </trkpt>
      <trkpt lat="44.284091" lon="6.960817">
        <ele>2526.8</ele>
        <time>2026-08-07T06:34:45Z</time>
      </trkpt>
      <trkpt lat="44.284092" lon="6.960816">
        <ele>2526.8</ele>
        <time>2026-08-07T06:34:46Z</time>
      </trkpt>
      <trkpt lat="44.284092" lon="6.960813">
        <ele>2526.8</ele>
        <time>2026-08-07T06:34:47Z</time>
      </trkpt>
      <trkpt lat="44.284092" lon="6.960809">
        <ele>2526.8</ele>
        <time>2026-08-07T06:34:51Z</time>
      </trkpt>
      <trkpt lat="44.284091" lon="6.960832">
        <ele>2527.0</ele>
        <time>2026-08-07T06:34:58Z</time>
      </trkpt>
      <trkpt lat="44.284093" lon="6.960831">
        <ele>2527.0</ele>
        <time>2026-08-07T06:35:00Z</time>
      </trkpt>
      <trkpt lat="44.284074" lon="6.960836">
        <ele>2527.0</ele>
        <time>2026-08-07T06:35:04Z</time>
      </trkpt>
      <trkpt lat="44.284073" lon="6.960835">
        <ele>2527.0</ele>
        <time>2026-08-07T06:35:06Z</time>
      </trkpt>
      <trkpt lat="44.284039" lon="6.960839">
        <ele>2527.0</ele>
        <time>2026-08-07T06:35:08Z</time>
      </trkpt>
      <trkpt lat="44.284054" lon="6.960815">
        <ele>2527.0</ele>
        <time>2026-08-07T06:35:17Z</time>
      </trkpt>
      <trkpt lat="44.284107" lon="6.960795">
        <ele>2527.0</ele>
        <time>2026-08-07T06:35:24Z</time>
      </trkpt>
      <trkpt lat="44.284104" lon="6.960781">
        <ele>2527.2</ele>
        <time>2026-08-07T06:35:27Z</time>
      </trkpt>
      <trkpt lat="44.284096" lon="6.960772">
        <ele>2526.8</ele>
        <time>2026-08-07T06:35:30Z</time>
      </trkpt>
      <trkpt lat="44.284126" lon="6.960809">
        <ele>2527.2</ele>
        <time>2026-08-07T06:35:37Z</time>
      </trkpt>
      <trkpt lat="44.284144" lon="6.960813">
        <ele>2527.0</ele>
        <time>2026-08-07T06:35:44Z</time>
      </trkpt>
      <trkpt lat="44.284139" lon="6.960798">
        <ele>2527.2</ele>
        <time>2026-08-07T06:35:51Z</time>
      </trkpt>
      <trkpt lat="44.284149" lon="6.960844">
        <ele>2527.2</ele>
        <time>2026-08-07T06:36:02Z</time>
      </trkpt>
      <trkpt lat="44.284099" lon="6.960861">
        <ele>2527.2</ele>
        <time>2026-08-07T06:36:10Z</time>
      </trkpt>
      <trkpt lat="44.284099" lon="6.960844">
        <ele>2527.2</ele>
        <time>2026-08-07T06:36:13Z</time>
      </trkpt>
      <trkpt lat="44.284125" lon="6.960806">
        <ele>2527.4</ele>
        <time>2026-08-07T06:36:16Z</time>
      </trkpt>
      <trkpt lat="44.284131" lon="6.9608">
        <ele>2527.2</ele>
        <time>2026-08-07T06:36:18Z</time>
      </trkpt>
      <trkpt lat="44.284133" lon="6.960796">
        <ele>2527.2</ele>
        <time>2026-08-07T06:36:19Z</time>
      </trkpt>
      <trkpt lat="44.284133" lon="6.960795">
        <ele>2527.2</ele>
        <time>2026-08-07T06:36:20Z</time>
      </trkpt>
      <trkpt lat="44.284133" lon="6.960822">
        <ele>2527.2</ele>
        <time>2026-08-07T06:36:24Z</time>
      </trkpt>
      <trkpt lat="44.284114" lon="6.960873">
        <ele>2527.2</ele>
        <time>2026-08-07T06:36:26Z</time>
      </trkpt>
      <trkpt lat="44.284103" lon="6.960902">
        <ele>2527.0</ele>
        <time>2026-08-07T06:36:34Z</time>
      </trkpt>
      <trkpt lat="44.284105" lon="6.960899">
        <ele>2526.8</ele>
        <time>2026-08-07T06:36:38Z</time>
      </trkpt>
      <trkpt lat="44.284122" lon="6.960833">
        <ele>2526.6</ele>
        <time>2026-08-07T06:36:45Z</time>
      </trkpt>
      <trkpt lat="44.284131" lon="6.9608">
        <ele>2526.6</ele>
        <time>2026-08-07T06:36:51Z</time>
      </trkpt>
      <trkpt lat="44.284118" lon="6.960863">
        <ele>2526.6</ele>
        <time>2026-08-07T06:36:59Z</time>
      </trkpt>
      <trkpt lat="44.284174" lon="6.960882">
        <ele>2526.6</ele>
        <time>2026-08-07T06:37:08Z</time>
      </trkpt>
      <trkpt lat="44.284238" lon="6.960855">
        <ele>2526.6</ele>
        <time>2026-08-07T06:37:16Z</time>
      </trkpt>
      <trkpt lat="44.284222" lon="6.960854">
        <ele>2526.6</ele>
        <time>2026-08-07T06:37:18Z</time>
      </trkpt>
      <trkpt lat="44.28418" lon="6.960864">
        <ele>2526.8</ele>
        <time>2026-08-07T06:37:23Z</time>
      </trkpt>
      <trkpt lat="44.284177" lon="6.960863">
        <ele>2526.8</ele>
        <time>2026-08-07T06:37:24Z</time>
      </trkpt>
      <trkpt lat="44.284199" lon="6.960887">
        <ele>2527.0</ele>
        <time>2026-08-07T06:37:32Z</time>
      </trkpt>
      <trkpt lat="44.28421" lon="6.960889">
        <ele>2526.4</ele>
        <time>2026-08-07T06:37:43Z</time>
      </trkpt>
      <trkpt lat="44.284215" lon="6.960882">
        <ele>2526.0</ele>
        <time>2026-08-07T06:37:49Z</time>
      </trkpt>
      <trkpt lat="44.284181" lon="6.96087">
        <ele>2526.2</ele>
        <time>2026-08-07T06:37:56Z</time>
      </trkpt>
      <trkpt lat="44.284142" lon="6.960844">
        <ele>2526.0</ele>
        <time>2026-08-07T06:38:01Z</time>
      </trkpt>
      <trkpt lat="44.28413" lon="6.960835">
        <ele>2526.0</ele>
        <time>2026-08-07T06:38:02Z</time>
      </trkpt>
      <trkpt lat="44.284136" lon="6.960813">
        <ele>2526.2</ele>
        <time>2026-08-07T06:38:06Z</time>
      </trkpt>
      <trkpt lat="44.284162" lon="6.96079">
        <ele>2526.4</ele>
        <time>2026-08-07T06:38:15Z</time>
      </trkpt>
      <trkpt lat="44.284262" lon="6.960874">
        <ele>2526.6</ele>
        <time>2026-08-07T06:38:24Z</time>
      </trkpt>
      <trkpt lat="44.28426" lon="6.960938">
        <ele>2526.8</ele>
        <time>2026-08-07T06:38:32Z</time>
      </trkpt>
      <trkpt lat="44.284315" lon="6.961005">
        <ele>2527.0</ele>
        <time>2026-08-07T06:38:38Z</time>
      </trkpt>
      <trkpt lat="44.284318" lon="6.961005">
        <ele>2527.0</ele>
        <time>2026-08-07T06:38:39Z</time>
      </trkpt>
      <trkpt lat="44.284319" lon="6.961005">
        <ele>2527.0</ele>
        <time>2026-08-07T06:38:40Z</time>
      </trkpt>
      <trkpt lat="44.284304" lon="6.960942">
        <ele>2527.0</ele>
        <time>2026-08-07T06:38:46Z</time>
      </trkpt>
      <trkpt lat="44.284296" lon="6.960925">
        <ele>2527.0</ele>
        <time>2026-08-07T06:38:47Z</time>
      </trkpt>
      <trkpt lat="44.284291" lon="6.960908">
        <ele>2527.2</ele>
        <time>2026-08-07T06:38:48Z</time>
      </trkpt>
      <trkpt lat="44.284281" lon="6.960872">
        <ele>2527.2</ele>
        <time>2026-08-07T06:38:53Z</time>
      </trkpt>
      <trkpt lat="44.284273" lon="6.960877">
        <ele>2527.4</ele>
        <time>2026-08-07T06:38:55Z</time>
      </trkpt>
      <trkpt lat="44.284239" lon="6.960866">
        <ele>2527.4</ele>
        <time>2026-08-07T06:39:04Z</time>
      </trkpt>
      <trkpt lat="44.28419" lon="6.960871">
        <ele>2527.6</ele>
        <time>2026-08-07T06:39:10Z</time>
      </trkpt>
      <trkpt lat="44.284153" lon="6.960844">
        <ele>2527.4</ele>
        <time>2026-08-07T06:39:15Z</time>
      </trkpt>
      <trkpt lat="44.284151" lon="6.960824">
        <ele>2527.6</ele>
        <time>2026-08-07T06:39:18Z</time>
      </trkpt>
      <trkpt lat="44.284146" lon="6.960809">
        <ele>2527.6</ele>
        <time>2026-08-07T06:39:23Z</time>
      </trkpt>
      <trkpt lat="44.28414" lon="6.960813">
        <ele>2527.6</ele>
        <time>2026-08-07T06:39:24Z</time>
      </trkpt>
      <trkpt lat="44.284129" lon="6.960809">
        <ele>2527.6</ele>
        <time>2026-08-07T06:39:25Z</time>
      </trkpt>
      <trkpt lat="44.284121" lon="6.96081">
        <ele>2527.6</ele>
        <time>2026-08-07T06:39:26Z</time>
      </trkpt>
      <trkpt lat="44.284111" lon="6.960806">
        <ele>2527.6</ele>
        <time>2026-08-07T06:39:32Z</time>
      </trkpt>
      <trkpt lat="44.284103" lon="6.960805">
        <ele>2527.6</ele>
        <time>2026-08-07T06:39:33Z</time>
      </trkpt>
      <trkpt lat="44.284103" lon="6.960809">
        <ele>2527.6</ele>
        <time>2026-08-07T06:39:34Z</time>
      </trkpt>
      <trkpt lat="44.284129" lon="6.960836">
        <ele>2527.6</ele>
        <time>2026-08-07T06:39:40Z</time>
      </trkpt>
      <trkpt lat="44.284165" lon="6.960891">
        <ele>2527.6</ele>
        <time>2026-08-07T06:39:48Z</time>
      </trkpt>
      <trkpt lat="44.284148" lon="6.960945">
        <ele>2527.2</ele>
        <time>2026-08-07T06:39:58Z</time>
      </trkpt>
      <trkpt lat="44.28414" lon="6.96094">
        <ele>2527.2</ele>
        <time>2026-08-07T06:40:00Z</time>
      </trkpt>
      <trkpt lat="44.284137" lon="6.960935">
        <ele>2527.0</ele>
        <time>2026-08-07T06:40:02Z</time>
      </trkpt>
      <trkpt lat="44.284128" lon="6.960904">
        <ele>2527.0</ele>
        <time>2026-08-07T06:40:06Z</time>
      </trkpt>
      <trkpt lat="44.284156" lon="6.960832">
        <ele>2526.8</ele>
        <time>2026-08-07T06:40:16Z</time>
      </trkpt>
      <trkpt lat="44.284163" lon="6.960832">
        <ele>2526.8</ele>
        <time>2026-08-07T06:40:17Z</time>
      </trkpt>
      <trkpt lat="44.284169" lon="6.960828">
        <ele>2526.6</ele>
        <time>2026-08-07T06:40:22Z</time>
      </trkpt>
      <trkpt lat="44.28418" lon="6.96089">
        <ele>2526.6</ele>
        <time>2026-08-07T06:40:27Z</time>
      </trkpt>
      <trkpt lat="44.284171" lon="6.960949">
        <ele>2526.4</ele>
        <time>2026-08-07T06:40:36Z</time>
      </trkpt>
      <trkpt lat="44.284164" lon="6.960957">
        <ele>2526.6</ele>
        <time>2026-08-07T06:40:40Z</time>
      </trkpt>
      <trkpt lat="44.284164" lon="6.960949">
        <ele>2526.6</ele>
        <time>2026-08-07T06:40:45Z</time>
      </trkpt>
      <trkpt lat="44.284169" lon="6.960948">
        <ele>2526.6</ele>
        <time>2026-08-07T06:40:48Z</time>
      </trkpt>
      <trkpt lat="44.284164" lon="6.960909">
        <ele>2526.6</ele>
        <time>2026-08-07T06:40:57Z</time>
      </trkpt>
      <trkpt lat="44.284135" lon="6.960892">
        <ele>2526.8</ele>
        <time>2026-08-07T06:41:05Z</time>
      </trkpt>
      <trkpt lat="44.284115" lon="6.960919">
        <ele>2526.8</ele>
        <time>2026-08-07T06:41:09Z</time>
      </trkpt>
      <trkpt lat="44.284102" lon="6.960914">
        <ele>2526.8</ele>
        <time>2026-08-07T06:41:12Z</time>
      </trkpt>
      <trkpt lat="44.284102" lon="6.960944">
        <ele>2527.0</ele>
        <time>2026-08-07T06:41:21Z</time>
      </trkpt>
      <trkpt lat="44.284121" lon="6.96096">
        <ele>2527.2</ele>
        <time>2026-08-07T06:41:28Z</time>
      </trkpt>
      <trkpt lat="44.284124" lon="6.960898">
        <ele>2527.0</ele>
        <time>2026-08-07T06:41:36Z</time>
      </trkpt>
      <trkpt lat="44.284132" lon="6.960852">
        <ele>2527.0</ele>
        <time>2026-08-07T06:41:40Z</time>
      </trkpt>
      <trkpt lat="44.284144" lon="6.960827">
        <ele>2527.0</ele>
        <time>2026-08-07T06:41:43Z</time>
      </trkpt>
      <trkpt lat="44.284177" lon="6.960785">
        <ele>2527.2</ele>
        <time>2026-08-07T06:41:48Z</time>
      </trkpt>
      <trkpt lat="44.284189" lon="6.960739">
        <ele>2527.2</ele>
        <time>2026-08-07T06:41:53Z</time>
      </trkpt>
      <trkpt lat="44.284195" lon="6.960672">
        <ele>2527.2</ele>
        <time>2026-08-07T06:42:01Z</time>
      </trkpt>
      <trkpt lat="44.284159" lon="6.960725">
        <ele>2527.2</ele>
        <time>2026-08-07T06:42:09Z</time>
      </trkpt>
      <trkpt lat="44.284155" lon="6.960739">
        <ele>2527.2</ele>
        <time>2026-08-07T06:42:11Z</time>
      </trkpt>
      <trkpt lat="44.284145" lon="6.960744">
        <ele>2527.2</ele>
        <time>2026-08-07T06:42:15Z</time>
      </trkpt>
      <trkpt lat="44.284131" lon="6.960753">
        <ele>2527.0</ele>
        <time>2026-08-07T06:42:22Z</time>
      </trkpt>
      <trkpt lat="44.284129" lon="6.960751">
        <ele>2527.0</ele>
        <time>2026-08-07T06:42:23Z</time>
      </trkpt>
      <trkpt lat="44.284117" lon="6.960718">
        <ele>2527.0</ele>
        <time>2026-08-07T06:42:31Z</time>
      </trkpt>
      <trkpt lat="44.284116" lon="6.96071">
        <ele>2526.8</ele>
        <time>2026-08-07T06:42:40Z</time>
      </trkpt>
      <trkpt lat="44.284145" lon="6.960763">
        <ele>2526.6</ele>
        <time>2026-08-07T06:42:49Z</time>
      </trkpt>
      <trkpt lat="44.284154" lon="6.960779">
        <ele>2526.4</ele>
        <time>2026-08-07T06:42:57Z</time>
      </trkpt>
      <trkpt lat="44.284156" lon="6.960776">
        <ele>2526.4</ele>
        <time>2026-08-07T06:42:59Z</time>
      </trkpt>
      <trkpt lat="44.28415" lon="6.960811">
        <ele>2526.0</ele>
        <time>2026-08-07T06:43:10Z</time>
      </trkpt>
      <trkpt lat="44.284136" lon="6.960922">
        <ele>2526.0</ele>
        <time>2026-08-07T06:43:18Z</time>
      </trkpt>
      <trkpt lat="44.284136" lon="6.960919">
        <ele>2526.0</ele>
        <time>2026-08-07T06:43:19Z</time>
      </trkpt>
      <trkpt lat="44.284126" lon="6.960905">
        <ele>2526.4</ele>
        <time>2026-08-07T06:43:25Z</time>
      </trkpt>
      <trkpt lat="44.284109" lon="6.96087">
        <ele>2526.6</ele>
        <time>2026-08-07T06:43:32Z</time>
      </trkpt>
      <trkpt lat="44.284089" lon="6.960853">
        <ele>2526.8</ele>
        <time>2026-08-07T06:43:39Z</time>
      </trkpt>
      <trkpt lat="44.284081" lon="6.960872">
        <ele>2527.2</ele>
        <time>2026-08-07T06:43:47Z</time>
      </trkpt>
      <trkpt lat="44.28403" lon="6.960885">
        <ele>2527.4</ele>
        <time>2026-08-07T06:43:56Z</time>
      </trkpt>
      <trkpt lat="44.284022" lon="6.960901">
        <ele>2527.4</ele>
        <time>2026-08-07T06:43:58Z</time>
      </trkpt>
      <trkpt lat="44.284074" lon="6.960926">
        <ele>2527.8</ele>
        <time>2026-08-07T06:44:05Z</time>
      </trkpt>
      <trkpt lat="44.284122" lon="6.960986">
        <ele>2527.8</ele>
        <time>2026-08-07T06:44:14Z</time>
      </trkpt>
      <trkpt lat="44.284131" lon="6.961013">
        <ele>2527.8</ele>
        <time>2026-08-07T06:44:22Z</time>
      </trkpt>
      <trkpt lat="44.284127" lon="6.960988">
        <ele>2528.2</ele>
        <time>2026-08-07T06:44:31Z</time>
      </trkpt>
      <trkpt lat="44.284125" lon="6.96101">
        <ele>2528.4</ele>
        <time>2026-08-07T06:44:39Z</time>
      </trkpt>
      <trkpt lat="44.284123" lon="6.961001">
        <ele>2528.6</ele>
        <time>2026-08-07T06:44:41Z</time>
      </trkpt>
      <trkpt lat="44.284111" lon="6.960996">
        <ele>2528.8</ele>
        <time>2026-08-07T06:44:46Z</time>
      </trkpt>
      <trkpt lat="44.284108" lon="6.96096">
        <ele>2528.8</ele>
        <time>2026-08-07T06:44:49Z</time>
      </trkpt>
      <trkpt lat="44.284112" lon="6.960956">
        <ele>2528.8</ele>
        <time>2026-08-07T06:44:50Z</time>
      </trkpt>
      <trkpt lat="44.284114" lon="6.960904">
        <ele>2528.8</ele>
        <time>2026-08-07T06:44:54Z</time>
      </trkpt>
      <trkpt lat="44.28411" lon="6.960816">
        <ele>2528.8</ele>
        <time>2026-08-07T06:45:00Z</time>
      </trkpt>
      <trkpt lat="44.28411" lon="6.960798">
        <ele>2529.0</ele>
        <time>2026-08-07T06:45:03Z</time>
      </trkpt>
      <trkpt lat="44.284094" lon="6.96078">
        <ele>2529.2</ele>
        <time>2026-08-07T06:45:07Z</time>
      </trkpt>
      <trkpt lat="44.284091" lon="6.960772">
        <ele>2529.2</ele>
        <time>2026-08-07T06:45:10Z</time>
      </trkpt>
      <trkpt lat="44.2841" lon="6.960754">
        <ele>2529.2</ele>
        <time>2026-08-07T06:45:15Z</time>
      </trkpt>
      <trkpt lat="44.284103" lon="6.960757">
        <ele>2529.2</ele>
        <time>2026-08-07T06:45:16Z</time>
      </trkpt>
      <trkpt lat="44.284148" lon="6.960883">
        <ele>2529.4</ele>
        <time>2026-08-07T06:45:22Z</time>
      </trkpt>
      <trkpt lat="44.284148" lon="6.960898">
        <ele>2529.4</ele>
        <time>2026-08-07T06:45:24Z</time>
      </trkpt>
      <trkpt lat="44.284142" lon="6.960961">
        <ele>2529.2</ele>
        <time>2026-08-07T06:45:30Z</time>
      </trkpt>
      <trkpt lat="44.284114" lon="6.961031">
        <ele>2529.2</ele>
        <time>2026-08-07T06:45:37Z</time>
      </trkpt>
      <trkpt lat="44.284094" lon="6.961024">
        <ele>2529.2</ele>
        <time>2026-08-07T06:45:39Z</time>
      </trkpt>
      <trkpt lat="44.284044" lon="6.960997">
        <ele>2529.4</ele>
        <time>2026-08-07T06:45:42Z</time>
      </trkpt>
      <trkpt lat="44.284031" lon="6.960987">
        <ele>2529.2</ele>
        <time>2026-08-07T06:45:46Z</time>
      </trkpt>
      <trkpt lat="44.283979" lon="6.960918">
        <ele>2529.4</ele>
        <time>2026-08-07T06:45:51Z</time>
      </trkpt>
      <trkpt lat="44.283971" lon="6.960907">
        <ele>2529.4</ele>
        <time>2026-08-07T06:45:52Z</time>
      </trkpt>
      <trkpt lat="44.283966" lon="6.960894">
        <ele>2529.4</ele>
        <time>2026-08-07T06:45:57Z</time>
      </trkpt>
      <trkpt lat="44.283958" lon="6.960881">
        <ele>2529.4</ele>
        <time>2026-08-07T06:45:59Z</time>
      </trkpt>
      <trkpt lat="44.283955" lon="6.960878">
        <ele>2529.4</ele>
        <time>2026-08-07T06:46:00Z</time>
      </trkpt>
      <trkpt lat="44.283946" lon="6.960842">
        <ele>2529.4</ele>
        <time>2026-08-07T06:46:07Z</time>
      </trkpt>
      <trkpt lat="44.284" lon="6.960856">
        <ele>2529.2</ele>
        <time>2026-08-07T06:46:13Z</time>
      </trkpt>
      <trkpt lat="44.284017" lon="6.960862">
        <ele>2529.2</ele>
        <time>2026-08-07T06:46:14Z</time>
      </trkpt>
      <trkpt lat="44.284041" lon="6.960868">
        <ele>2529.2</ele>
        <time>2026-08-07T06:46:16Z</time>
      </trkpt>
      <trkpt lat="44.284052" lon="6.960863">
        <ele>2529.2</ele>
        <time>2026-08-07T06:46:17Z</time>
      </trkpt>
      <trkpt lat="44.284068" lon="6.960839">
        <ele>2529.2</ele>
        <time>2026-08-07T06:46:19Z</time>
      </trkpt>
      <trkpt lat="44.284077" lon="6.96079">
        <ele>2529.2</ele>
        <time>2026-08-07T06:46:22Z</time>
      </trkpt>
      <trkpt lat="44.284071" lon="6.960746">
        <ele>2529.2</ele>
        <time>2026-08-07T06:46:30Z</time>
      </trkpt>
      <trkpt lat="44.284102" lon="6.960735">
        <ele>2529.2</ele>
        <time>2026-08-07T06:46:37Z</time>
      </trkpt>
      <trkpt lat="44.28412" lon="6.960733">
        <ele>2529.2</ele>
        <time>2026-08-07T06:46:45Z</time>
      </trkpt>
      <trkpt lat="44.284131" lon="6.960737">
        <ele>2529.2</ele>
        <time>2026-08-07T06:46:47Z</time>
      </trkpt>
      <trkpt lat="44.284142" lon="6.9608">
        <ele>2529.2</ele>
        <time>2026-08-07T06:46:55Z</time>
      </trkpt>
      <trkpt lat="44.284151" lon="6.960831">
        <ele>2529.2</ele>
        <time>2026-08-07T06:47:04Z</time>
      </trkpt>
      <trkpt lat="44.284139" lon="6.960829">
        <ele>2529.2</ele>
        <time>2026-08-07T06:47:12Z</time>
      </trkpt>
      <trkpt lat="44.284128" lon="6.960832">
        <ele>2529.2</ele>
        <time>2026-08-07T06:47:15Z</time>
      </trkpt>
      <trkpt lat="44.284177" lon="6.960902">
        <ele>2529.4</ele>
        <time>2026-08-07T06:47:24Z</time>
      </trkpt>
      <trkpt lat="44.284161" lon="6.960973">
        <ele>2529.2</ele>
        <time>2026-08-07T06:47:31Z</time>
      </trkpt>
      <trkpt lat="44.28414" lon="6.960934">
        <ele>2529.2</ele>
        <time>2026-08-07T06:47:37Z</time>
      </trkpt>
      <trkpt lat="44.284137" lon="6.960926">
        <ele>2529.2</ele>
        <time>2026-08-07T06:47:39Z</time>
      </trkpt>
      <trkpt lat="44.284137" lon="6.96091">
        <ele>2529.2</ele>
        <time>2026-08-07T06:47:40Z</time>
      </trkpt>
      <trkpt lat="44.28413" lon="6.960871">
        <ele>2529.2</ele>
        <time>2026-08-07T06:47:42Z</time>
      </trkpt>
      <trkpt lat="44.284127" lon="6.960864">
        <ele>2529.2</ele>
        <time>2026-08-07T06:47:45Z</time>
      </trkpt>
      <trkpt lat="44.28413" lon="6.960856">
        <ele>2529.2</ele>
        <time>2026-08-07T06:47:54Z</time>
      </trkpt>
      <trkpt lat="44.284158" lon="6.960831">
        <ele>2529.0</ele>
        <time>2026-08-07T06:48:00Z</time>
      </trkpt>
      <trkpt lat="44.284158" lon="6.960831">
        <ele>2529.0</ele>
        <time>2026-08-07T06:48:02Z</time>
      </trkpt>
      <trkpt lat="44.284161" lon="6.960833">
        <ele>2529.0</ele>
        <time>2026-08-07T06:48:03Z</time>
      </trkpt>
      <trkpt lat="44.284217" lon="6.960848">
        <ele>2529.0</ele>
        <time>2026-08-07T06:48:09Z</time>
      </trkpt>
      <trkpt lat="44.284218" lon="6.960881">
        <ele>2529.0</ele>
        <time>2026-08-07T06:48:18Z</time>
      </trkpt>
      <trkpt lat="44.284187" lon="6.960906">
        <ele>2528.8</ele>
        <time>2026-08-07T06:48:22Z</time>
      </trkpt>
      <trkpt lat="44.284147" lon="6.960924">
        <ele>2528.8</ele>
        <time>2026-08-07T06:48:25Z</time>
      </trkpt>
      <trkpt lat="44.284136" lon="6.960928">
        <ele>2528.8</ele>
        <time>2026-08-07T06:48:26Z</time>
      </trkpt>
      <trkpt lat="44.28409" lon="6.960898">
        <ele>2529.0</ele>
        <time>2026-08-07T06:48:34Z</time>
      </trkpt>
      <trkpt lat="44.284093" lon="6.960886">
        <ele>2529.2</ele>
        <time>2026-08-07T06:48:35Z</time>
      </trkpt>
      <trkpt lat="44.284089" lon="6.960812">
        <ele>2529.2</ele>
        <time>2026-08-07T06:48:43Z</time>
      </trkpt>
      <trkpt lat="44.28409" lon="6.960804">
        <ele>2529.2</ele>
        <time>2026-08-07T06:48:44Z</time>
      </trkpt>
      <trkpt lat="44.284052" lon="6.960797">
        <ele>2529.6</ele>
        <time>2026-08-07T06:48:49Z</time>
      </trkpt>
      <trkpt lat="44.284028" lon="6.960795">
        <ele>2529.6</ele>
        <time>2026-08-07T06:48:52Z</time>
      </trkpt>
      <trkpt lat="44.284014" lon="6.960784">
        <ele>2529.6</ele>
        <time>2026-08-07T06:48:56Z</time>
      </trkpt>
      <trkpt lat="44.284038" lon="6.960833">
        <ele>2529.6</ele>
        <time>2026-08-07T06:49:03Z</time>
      </trkpt>
      <trkpt lat="44.284038" lon="6.960831">
        <ele>2529.6</ele>
        <time>2026-08-07T06:49:04Z</time>
      </trkpt>
      <trkpt lat="44.284027" lon="6.960865">
        <ele>2529.6</ele>
        <time>2026-08-07T06:49:12Z</time>
      </trkpt>
      <trkpt lat="44.28401" lon="6.960867">
        <ele>2529.8</ele>
        <time>2026-08-07T06:49:19Z</time>
      </trkpt>
      <trkpt lat="44.28401" lon="6.960866">
        <ele>2529.8</ele>
        <time>2026-08-07T06:49:20Z</time>
      </trkpt>
      <trkpt lat="44.284013" lon="6.960868">
        <ele>2529.8</ele>
        <time>2026-08-07T06:49:23Z</time>
      </trkpt>
      <trkpt lat="44.284024" lon="6.960888">
        <ele>2529.8</ele>
        <time>2026-08-07T06:49:27Z</time>
      </trkpt>
      <trkpt lat="44.284023" lon="6.960916">
        <ele>2529.8</ele>
        <time>2026-08-07T06:49:35Z</time>
      </trkpt>
      <trkpt lat="44.28402" lon="6.960915">
        <ele>2529.8</ele>
        <time>2026-08-07T06:49:42Z</time>
      </trkpt>
      <trkpt lat="44.284025" lon="6.960894">
        <ele>2529.8</ele>
        <time>2026-08-07T06:49:45Z</time>
      </trkpt>
      <trkpt lat="44.284016" lon="6.960861">
        <ele>2529.8</ele>
        <time>2026-08-07T06:49:52Z</time>
      </trkpt>
      <trkpt lat="44.284004" lon="6.960841">
        <ele>2529.8</ele>
        <time>2026-08-07T06:50:02Z</time>
      </trkpt>
      <trkpt lat="44.284038" lon="6.960833">
        <ele>2529.8</ele>
        <time>2026-08-07T06:50:09Z</time>
      </trkpt>
      <trkpt lat="44.284088" lon="6.960795">
        <ele>2529.8</ele>
        <time>2026-08-07T06:50:16Z</time>
      </trkpt>
      <trkpt lat="44.284093" lon="6.96079">
        <ele>2529.8</ele>
        <time>2026-08-07T06:50:17Z</time>
      </trkpt>
      <trkpt lat="44.284104" lon="6.96077">
        <ele>2529.8</ele>
        <time>2026-08-07T06:50:21Z</time>
      </trkpt>
      <trkpt lat="44.284119" lon="6.96073">
        <ele>2529.8</ele>
        <time>2026-08-07T06:50:25Z</time>
      </trkpt>
      <trkpt lat="44.284122" lon="6.960714">
        <ele>2529.8</ele>
        <time>2026-08-07T06:50:26Z</time>
      </trkpt>
      <trkpt lat="44.284064" lon="6.96064">
        <ele>2529.6</ele>
        <time>2026-08-07T06:50:33Z</time>
      </trkpt>
      <trkpt lat="44.284094" lon="6.960685">
        <ele>2529.6</ele>
        <time>2026-08-07T06:50:39Z</time>
      </trkpt>
      <trkpt lat="44.284075" lon="6.960698">
        <ele>2529.4</ele>
        <time>2026-08-07T06:50:45Z</time>
      </trkpt>
      <trkpt lat="44.284061" lon="6.960723">
        <ele>2529.4</ele>
        <time>2026-08-07T06:50:50Z</time>
      </trkpt>
      <trkpt lat="44.28405" lon="6.960784">
        <ele>2529.4</ele>
        <time>2026-08-07T06:50:56Z</time>
      </trkpt>
      <trkpt lat="44.284073" lon="6.960821">
        <ele>2529.0</ele>
        <time>2026-08-07T06:51:05Z</time>
      </trkpt>
      <trkpt lat="44.284079" lon="6.960849">
        <ele>2528.8</ele>
        <time>2026-08-07T06:51:11Z</time>
      </trkpt>
      <trkpt lat="44.2841" lon="6.960803">
        <ele>2529.8</ele>
        <time>2026-08-07T06:51:20Z</time>
      </trkpt>
      <trkpt lat="44.284089" lon="6.960815">
        <ele>2529.8</ele>
        <time>2026-08-07T06:51:28Z</time>
      </trkpt>
      <trkpt lat="44.284099" lon="6.960853">
        <ele>2529.6</ele>
        <time>2026-08-07T06:51:38Z</time>
      </trkpt>
      <trkpt lat="44.28412" lon="6.960873">
        <ele>2529.6</ele>
        <time>2026-08-07T06:51:40Z</time>
      </trkpt>
      <trkpt lat="44.28413" lon="6.960886">
        <ele>2529.6</ele>
        <time>2026-08-07T06:51:42Z</time>
      </trkpt>
      <trkpt lat="44.284134" lon="6.960897">
        <ele>2529.6</ele>
        <time>2026-08-07T06:51:46Z</time>
      </trkpt>
      <trkpt lat="44.284102" lon="6.960871">
        <ele>2529.6</ele>
        <time>2026-08-07T06:51:53Z</time>
      </trkpt>
      <trkpt lat="44.284098" lon="6.960833">
        <ele>2529.6</ele>
        <time>2026-08-07T06:52:02Z</time>
      </trkpt>
      <trkpt lat="44.2841" lon="6.960802">
        <ele>2529.8</ele>
        <time>2026-08-07T06:52:10Z</time>
      </trkpt>
      <trkpt lat="44.284078" lon="6.960748">
        <ele>2529.6</ele>
        <time>2026-08-07T06:52:16Z</time>
      </trkpt>
      <trkpt lat="44.284076" lon="6.960741">
        <ele>2529.6</ele>
        <time>2026-08-07T06:52:20Z</time>
      </trkpt>
      <trkpt lat="44.284071" lon="6.960744">
        <ele>2529.6</ele>
        <time>2026-08-07T06:52:22Z</time>
      </trkpt>
      <trkpt lat="44.284067" lon="6.960737">
        <ele>2529.6</ele>
        <time>2026-08-07T06:52:23Z</time>
      </trkpt>
      <trkpt lat="44.284059" lon="6.960748">
        <ele>2529.6</ele>
        <time>2026-08-07T06:52:27Z</time>
      </trkpt>
      <trkpt lat="44.28406" lon="6.960765">
        <ele>2529.6</ele>
        <time>2026-08-07T06:52:31Z</time>
      </trkpt>
      <trkpt lat="44.284065" lon="6.960795">
        <ele>2529.6</ele>
        <time>2026-08-07T06:52:36Z</time>
      </trkpt>
      <trkpt lat="44.284066" lon="6.960802">
        <ele>2529.6</ele>
        <time>2026-08-07T06:52:37Z</time>
      </trkpt>
      <trkpt lat="44.284071" lon="6.960813">
        <ele>2529.6</ele>
        <time>2026-08-07T06:52:38Z</time>
      </trkpt>
      <trkpt lat="44.284077" lon="6.960839">
        <ele>2529.8</ele>
        <time>2026-08-07T06:52:41Z</time>
      </trkpt>
      <trkpt lat="44.284083" lon="6.960862">
        <ele>2529.8</ele>
        <time>2026-08-07T06:52:43Z</time>
      </trkpt>
      <trkpt lat="44.284094" lon="6.96089">
        <ele>2529.6</ele>
        <time>2026-08-07T06:52:53Z</time>
      </trkpt>
      <trkpt lat="44.284088" lon="6.960889">
        <ele>2529.6</ele>
        <time>2026-08-07T06:52:54Z</time>
      </trkpt>
      <trkpt lat="44.284056" lon="6.960855">
        <ele>2529.8</ele>
        <time>2026-08-07T06:53:04Z</time>
      </trkpt>
      <trkpt lat="44.284075" lon="6.960813">
        <ele>2529.8</ele>
        <time>2026-08-07T06:53:13Z</time>
      </trkpt>
      <trkpt lat="44.284075" lon="6.96082">
        <ele>2529.8</ele>
        <time>2026-08-07T06:53:19Z</time>
      </trkpt>
      <trkpt lat="44.284085" lon="6.960852">
        <ele>2529.8</ele>
        <time>2026-08-07T06:53:23Z</time>
      </trkpt>
      <trkpt lat="44.284096" lon="6.960878">
        <ele>2529.8</ele>
        <time>2026-08-07T06:53:34Z</time>
      </trkpt>
      <trkpt lat="44.284101" lon="6.960872">
        <ele>2529.8</ele>
        <time>2026-08-07T06:53:41Z</time>
      </trkpt>
      <trkpt lat="44.284118" lon="6.960882">
        <ele>2529.8</ele>
        <time>2026-08-07T06:53:48Z</time>
      </trkpt>
      <trkpt lat="44.284162" lon="6.960922">
        <ele>2529.8</ele>
        <time>2026-08-07T06:53:56Z</time>
      </trkpt>
      <trkpt lat="44.28418" lon="6.96096">
        <ele>2529.8</ele>
        <time>2026-08-07T06:54:00Z</time>
      </trkpt>
      <trkpt lat="44.284199" lon="6.961005">
        <ele>2529.8</ele>
        <time>2026-08-07T06:54:05Z</time>
      </trkpt>
      <trkpt lat="44.284157" lon="6.960974">
        <ele>2529.8</ele>
        <time>2026-08-07T06:54:14Z</time>
      </trkpt>
      <trkpt lat="44.284109" lon="6.960931">
        <ele>2529.8</ele>
        <time>2026-08-07T06:54:20Z</time>
      </trkpt>
      <trkpt lat="44.284103" lon="6.960931">
        <ele>2529.8</ele>
        <time>2026-08-07T06:54:24Z</time>
      </trkpt>
      <trkpt lat="44.284099" lon="6.960923">
        <ele>2529.8</ele>
        <time>2026-08-07T06:54:27Z</time>
      </trkpt>
      <trkpt lat="44.284095" lon="6.960912">
        <ele>2529.8</ele>
        <time>2026-08-07T06:54:30Z</time>
      </trkpt>
      <trkpt lat="44.284101" lon="6.960909">
        <ele>2530.0</ele>
        <time>2026-08-07T06:54:35Z</time>
      </trkpt>
      <trkpt lat="44.284094" lon="6.960881">
        <ele>2530.0</ele>
        <time>2026-08-07T06:54:44Z</time>
      </trkpt>
      <trkpt lat="44.284086" lon="6.960851">
        <ele>2529.6</ele>
        <time>2026-08-07T06:54:51Z</time>
      </trkpt>
      <trkpt lat="44.284084" lon="6.960843">
        <ele>2529.6</ele>
        <time>2026-08-07T06:54:58Z</time>
      </trkpt>
      <trkpt lat="44.284059" lon="6.960787">
        <ele>2529.6</ele>
        <time>2026-08-07T06:55:06Z</time>
      </trkpt>
      <trkpt lat="44.284107" lon="6.960846">
        <ele>2529.6</ele>
        <time>2026-08-07T06:55:14Z</time>
      </trkpt>
      <trkpt lat="44.284102" lon="6.960871">
        <ele>2529.8</ele>
        <time>2026-08-07T06:55:23Z</time>
      </trkpt>
      <trkpt lat="44.284089" lon="6.960851">
        <ele>2529.8</ele>
        <time>2026-08-07T06:55:27Z</time>
      </trkpt>
      <trkpt lat="44.284083" lon="6.960849">
        <ele>2529.8</ele>
        <time>2026-08-07T06:55:30Z</time>
      </trkpt>
      <trkpt lat="44.284097" lon="6.960845">
        <ele>2529.8</ele>
        <time>2026-08-07T06:55:39Z</time>
      </trkpt>
      <trkpt lat="44.284093" lon="6.960866">
        <ele>2530.0</ele>
        <time>2026-08-07T06:55:47Z</time>
      </trkpt>
      <trkpt lat="44.2841" lon="6.96093">
        <ele>2530.0</ele>
        <time>2026-08-07T06:55:55Z</time>
      </trkpt>
      <trkpt lat="44.284103" lon="6.960941">
        <ele>2530.2</ele>
        <time>2026-08-07T06:56:03Z</time>
      </trkpt>
      <trkpt lat="44.284116" lon="6.960908">
        <ele>2530.2</ele>
        <time>2026-08-07T06:56:14Z</time>
      </trkpt>
      <trkpt lat="44.284085" lon="6.960885">
        <ele>2530.2</ele>
        <time>2026-08-07T06:56:21Z</time>
      </trkpt>
      <trkpt lat="44.284121" lon="6.960846">
        <ele>2530.0</ele>
        <time>2026-08-07T06:56:28Z</time>
      </trkpt>
      <trkpt lat="44.284133" lon="6.960838">
        <ele>2530.0</ele>
        <time>2026-08-07T06:56:35Z</time>
      </trkpt>
      <trkpt lat="44.284116" lon="6.960873">
        <ele>2530.2</ele>
        <time>2026-08-07T06:56:44Z</time>
      </trkpt>
      <trkpt lat="44.284153" lon="6.960886">
        <ele>2530.2</ele>
        <time>2026-08-07T06:56:50Z</time>
      </trkpt>
      <trkpt lat="44.284149" lon="6.960911">
        <ele>2530.2</ele>
        <time>2026-08-07T06:56:58Z</time>
      </trkpt>
      <trkpt lat="44.284161" lon="6.960914">
        <ele>2530.2</ele>
        <time>2026-08-07T06:57:05Z</time>
      </trkpt>
      <trkpt lat="44.284144" lon="6.960919">
        <ele>2530.2</ele>
        <time>2026-08-07T06:57:12Z</time>
      </trkpt>
      <trkpt lat="44.284121" lon="6.960922">
        <ele>2530.4</ele>
        <time>2026-08-07T06:57:15Z</time>
      </trkpt>
      <trkpt lat="44.284107" lon="6.960922">
        <ele>2530.4</ele>
        <time>2026-08-07T06:57:20Z</time>
      </trkpt>
      <trkpt lat="44.284112" lon="6.960912">
        <ele>2530.4</ele>
        <time>2026-08-07T06:57:27Z</time>
      </trkpt>
      <trkpt lat="44.284115" lon="6.960885">
        <ele>2530.4</ele>
        <time>2026-08-07T06:57:33Z</time>
      </trkpt>
      <trkpt lat="44.284102" lon="6.960856">
        <ele>2530.6</ele>
        <time>2026-08-07T06:57:42Z</time>
      </trkpt>
      <trkpt lat="44.284109" lon="6.96081">
        <ele>2530.6</ele>
        <time>2026-08-07T06:57:50Z</time>
      </trkpt>
      <trkpt lat="44.284082" lon="6.960816">
        <ele>2530.6</ele>
        <time>2026-08-07T06:57:58Z</time>
      </trkpt>
      <trkpt lat="44.284054" lon="6.960823">
        <ele>2530.4</ele>
        <time>2026-08-07T06:58:09Z</time>
      </trkpt>
      <trkpt lat="44.284026" lon="6.960777">
        <ele>2530.4</ele>
        <time>2026-08-07T06:58:16Z</time>
      </trkpt>
      <trkpt lat="44.284026" lon="6.960758">
        <ele>2530.6</ele>
        <time>2026-08-07T06:58:24Z</time>
      </trkpt>
      <trkpt lat="44.284065" lon="6.960809">
        <ele>2530.4</ele>
        <time>2026-08-07T06:58:30Z</time>
      </trkpt>
      <trkpt lat="44.28411" lon="6.960874">
        <ele>2530.4</ele>
        <time>2026-08-07T06:58:39Z</time>
      </trkpt>
      <trkpt lat="44.28411" lon="6.960878">
        <ele>2530.4</ele>
        <time>2026-08-07T06:58:42Z</time>
      </trkpt>
      <trkpt lat="44.284116" lon="6.960891">
        <ele>2530.6</ele>
        <time>2026-08-07T06:58:48Z</time>
      </trkpt>
      <trkpt lat="44.284111" lon="6.960914">
        <ele>2530.6</ele>
        <time>2026-08-07T06:58:56Z</time>
      </trkpt>
      <trkpt lat="44.284112" lon="6.960905">
        <ele>2530.6</ele>
        <time>2026-08-07T06:59:00Z</time>
      </trkpt>
      <trkpt lat="44.284109" lon="6.960876">
        <ele>2530.6</ele>
        <time>2026-08-07T06:59:03Z</time>
      </trkpt>
      <trkpt lat="44.284108" lon="6.960865">
        <ele>2530.6</ele>
        <time>2026-08-07T06:59:05Z</time>
      </trkpt>
      <trkpt lat="44.284118" lon="6.960911">
        <ele>2530.6</ele>
        <time>2026-08-07T06:59:15Z</time>
      </trkpt>
      <trkpt lat="44.284126" lon="6.9609">
        <ele>2530.6</ele>
        <time>2026-08-07T06:59:23Z</time>
      </trkpt>
      <trkpt lat="44.284129" lon="6.960891">
        <ele>2530.4</ele>
        <time>2026-08-07T06:59:31Z</time>
      </trkpt>
      <trkpt lat="44.284129" lon="6.96092">
        <ele>2530.4</ele>
        <time>2026-08-07T06:59:38Z</time>
      </trkpt>
      <trkpt lat="44.284144" lon="6.96093">
        <ele>2530.6</ele>
        <time>2026-08-07T06:59:41Z</time>
      </trkpt>
      <trkpt lat="44.284131" lon="6.960934">
        <ele>2530.6</ele>
        <time>2026-08-07T06:59:45Z</time>
      </trkpt>
      <trkpt lat="44.284107" lon="6.960935">
        <ele>2530.6</ele>
        <time>2026-08-07T06:59:48Z</time>
      </trkpt>
      <trkpt lat="44.284106" lon="6.960944">
        <ele>2530.6</ele>
        <time>2026-08-07T06:59:51Z</time>
      </trkpt>
      <trkpt lat="44.284107" lon="6.960946">
        <ele>2530.6</ele>
        <time>2026-08-07T06:59:52Z</time>
      </trkpt>
      <trkpt lat="44.284116" lon="6.960926">
        <ele>2530.6</ele>
        <time>2026-08-07T06:59:57Z</time>
      </trkpt>
      <trkpt lat="44.284109" lon="6.960903">
        <ele>2530.2</ele>
        <time>2026-08-07T07:00:04Z</time>
      </trkpt>
      <trkpt lat="44.284074" lon="6.960848">
        <ele>2530.2</ele>
        <time>2026-08-07T07:00:13Z</time>
      </trkpt>
      <trkpt lat="44.284089" lon="6.960876">
        <ele>2530.4</ele>
        <time>2026-08-07T07:00:22Z</time>
      </trkpt>
      <trkpt lat="44.284087" lon="6.960883">
        <ele>2530.4</ele>
        <time>2026-08-07T07:00:24Z</time>
      </trkpt>
      <trkpt lat="44.284076" lon="6.960879">
        <ele>2530.4</ele>
        <time>2026-08-07T07:00:30Z</time>
      </trkpt>
      <trkpt lat="44.284093" lon="6.960879">
        <ele>2530.4</ele>
        <time>2026-08-07T07:00:40Z</time>
      </trkpt>
      <trkpt lat="44.284054" lon="6.960793">
        <ele>2530.6</ele>
        <time>2026-08-07T07:00:50Z</time>
      </trkpt>
      <trkpt lat="44.284091" lon="6.9608">
        <ele>2530.6</ele>
        <time>2026-08-07T07:00:57Z</time>
      </trkpt>
      <trkpt lat="44.28413" lon="6.960815">
        <ele>2530.6</ele>
        <time>2026-08-07T07:01:04Z</time>
      </trkpt>
      <trkpt lat="44.284107" lon="6.960843">
        <ele>2530.8</ele>
        <time>2026-08-07T07:01:12Z</time>
      </trkpt>
      <trkpt lat="44.284092" lon="6.960837">
        <ele>2530.8</ele>
        <time>2026-08-07T07:01:21Z</time>
      </trkpt>
      <trkpt lat="44.284069" lon="6.960811">
        <ele>2530.6</ele>
        <time>2026-08-07T07:01:29Z</time>
      </trkpt>
      <trkpt lat="44.284068" lon="6.96083">
        <ele>2530.6</ele>
        <time>2026-08-07T07:01:35Z</time>
      </trkpt>
      <trkpt lat="44.284087" lon="6.960819">
        <ele>2530.4</ele>
        <time>2026-08-07T07:01:42Z</time>
      </trkpt>
      <trkpt lat="44.28411" lon="6.960795">
        <ele>2530.4</ele>
        <time>2026-08-07T07:01:50Z</time>
      </trkpt>
      <trkpt lat="44.284109" lon="6.960819">
        <ele>2530.4</ele>
        <time>2026-08-07T07:01:55Z</time>
      </trkpt>
      <trkpt lat="44.284094" lon="6.96081">
        <ele>2530.4</ele>
        <time>2026-08-07T07:01:59Z</time>
      </trkpt>
      <trkpt lat="44.284072" lon="6.960761">
        <ele>2530.0</ele>
        <time>2026-08-07T07:02:06Z</time>
      </trkpt>
      <trkpt lat="44.284085" lon="6.960717">
        <ele>2528.6</ele>
        <time>2026-08-07T07:02:14Z</time>
      </trkpt>
      <trkpt lat="44.284086" lon="6.960702">
        <ele>2528.4</ele>
        <time>2026-08-07T07:02:16Z</time>
      </trkpt>
      <trkpt lat="44.284087" lon="6.96068">
        <ele>2527.6</ele>
        <time>2026-08-07T07:02:20Z</time>
      </trkpt>
      <trkpt lat="44.284074" lon="6.960694">
        <ele>2527.0</ele>
        <time>2026-08-07T07:02:23Z</time>
      </trkpt>
      <trkpt lat="44.284066" lon="6.960698">
        <ele>2526.4</ele>
        <time>2026-08-07T07:02:26Z</time>
      </trkpt>
      <trkpt lat="44.284035" lon="6.96069">
        <ele>2525.2</ele>
        <time>2026-08-07T07:02:31Z</time>
      </trkpt>
      <trkpt lat="44.284025" lon="6.960668">
        <ele>2524.6</ele>
        <time>2026-08-07T07:02:34Z</time>
      </trkpt>
      <trkpt lat="44.284014" lon="6.960649">
        <ele>2524.2</ele>
        <time>2026-08-07T07:02:36Z</time>
      </trkpt>
      <trkpt lat="44.284" lon="6.960634">
        <ele>2523.2</ele>
        <time>2026-08-07T07:02:41Z</time>
      </trkpt>
      <trkpt lat="44.283998" lon="6.960628">
        <ele>2523.0</ele>
        <time>2026-08-07T07:02:42Z</time>
      </trkpt>
      <trkpt lat="44.284002" lon="6.960618">
        <ele>2522.4</ele>
        <time>2026-08-07T07:02:44Z</time>
      </trkpt>
      <trkpt lat="44.283993" lon="6.960596">
        <ele>2521.6</ele>
        <time>2026-08-07T07:02:46Z</time>
      </trkpt>
      <trkpt lat="44.283985" lon="6.960527">
        <ele>2520.6</ele>
        <time>2026-08-07T07:02:51Z</time>
      </trkpt>
      <trkpt lat="44.283984" lon="6.96052">
        <ele>2520.4</ele>
        <time>2026-08-07T07:02:52Z</time>
      </trkpt>
      <trkpt lat="44.28398" lon="6.960515">
        <ele>2519.4</ele>
        <time>2026-08-07T07:02:56Z</time>
      </trkpt>
      <trkpt lat="44.283967" lon="6.960476">
        <ele>2518.4</ele>
        <time>2026-08-07T07:03:00Z</time>
      </trkpt>
      <trkpt lat="44.283966" lon="6.960469">
        <ele>2518.2</ele>
        <time>2026-08-07T07:03:01Z</time>
      </trkpt>
      <trkpt lat="44.283941" lon="6.960372">
        <ele>2517.2</ele>
        <time>2026-08-07T07:03:06Z</time>
      </trkpt>
      <trkpt lat="44.283927" lon="6.960342">
        <ele>2516.6</ele>
        <time>2026-08-07T07:03:09Z</time>
      </trkpt>
      <trkpt lat="44.283923" lon="6.960347">
        <ele>2516.2</ele>
        <time>2026-08-07T07:03:11Z</time>
      </trkpt>
      <trkpt lat="44.283915" lon="6.960373">
        <ele>2515.2</ele>
        <time>2026-08-07T07:03:15Z</time>
      </trkpt>
      <trkpt lat="44.283913" lon="6.96037">
        <ele>2515.0</ele>
        <time>2026-08-07T07:03:16Z</time>
      </trkpt>
      <trkpt lat="44.283919" lon="6.960365">
        <ele>2513.8</ele>
        <time>2026-08-07T07:03:21Z</time>
      </trkpt>
      <trkpt lat="44.283916" lon="6.96037">
        <ele>2513.4</ele>
        <time>2026-08-07T07:03:23Z</time>
      </trkpt>
      <trkpt lat="44.283891" lon="6.960352">
        <ele>2512.6</ele>
        <time>2026-08-07T07:03:26Z</time>
      </trkpt>
      <trkpt lat="44.283869" lon="6.960328">
        <ele>2511.6</ele>
        <time>2026-08-07T07:03:31Z</time>
      </trkpt>
      <trkpt lat="44.283875" lon="6.960324">
        <ele>2511.4</ele>
        <time>2026-08-07T07:03:32Z</time>
      </trkpt>
      <trkpt lat="44.283876" lon="6.960311">
        <ele>2510.2</ele>
        <time>2026-08-07T07:03:37Z</time>
      </trkpt>
      <trkpt lat="44.283867" lon="6.960299">
        <ele>2509.0</ele>
        <time>2026-08-07T07:03:42Z</time>
      </trkpt>
      <trkpt lat="44.283855" lon="6.960272">
        <ele>2508.2</ele>
        <time>2026-08-07T07:03:45Z</time>
      </trkpt>
      <trkpt lat="44.28385" lon="6.960267">
        <ele>2507.8</ele>
        <time>2026-08-07T07:03:46Z</time>
      </trkpt>
      <trkpt lat="44.283839" lon="6.960241">
        <ele>2506.6</ele>
        <time>2026-08-07T07:03:50Z</time>
      </trkpt>
      <trkpt lat="44.283835" lon="6.960209">
        <ele>2506.0</ele>
        <time>2026-08-07T07:03:53Z</time>
      </trkpt>
      <trkpt lat="44.283836" lon="6.960183">
        <ele>2505.4</ele>
        <time>2026-08-07T07:03:56Z</time>
      </trkpt>
      <trkpt lat="44.283836" lon="6.960135">
        <ele>2504.4</ele>
        <time>2026-08-07T07:04:00Z</time>
      </trkpt>
      <trkpt lat="44.283837" lon="6.960123">
        <ele>2504.2</ele>
        <time>2026-08-07T07:04:01Z</time>
      </trkpt>
      <trkpt lat="44.283822" lon="6.960064">
        <ele>2503.4</ele>
        <time>2026-08-07T07:04:06Z</time>
      </trkpt>
      <trkpt lat="44.283809" lon="6.960014">
        <ele>2502.6</ele>
        <time>2026-08-07T07:04:09Z</time>
      </trkpt>
      <trkpt lat="44.283802" lon="6.959985">
        <ele>2502.0</ele>
        <time>2026-08-07T07:04:11Z</time>
      </trkpt>
      <trkpt lat="44.283796" lon="6.959968">
        <ele>2501.4</ele>
        <time>2026-08-07T07:04:16Z</time>
      </trkpt>
      <trkpt lat="44.283794" lon="6.959965">
        <ele>2501.0</ele>
        <time>2026-08-07T07:04:18Z</time>
      </trkpt>
      <trkpt lat="44.283785" lon="6.959938">
        <ele>2500.0</ele>
        <time>2026-08-07T07:04:22Z</time>
      </trkpt>
      <trkpt lat="44.283785" lon="6.959921">
        <ele>2499.8</ele>
        <time>2026-08-07T07:04:23Z</time>
      </trkpt>
      <trkpt lat="44.283783" lon="6.959892">
        <ele>2499.0</ele>
        <time>2026-08-07T07:04:26Z</time>
      </trkpt>
      <trkpt lat="44.283772" lon="6.959857">
        <ele>2498.6</ele>
        <time>2026-08-07T07:04:30Z</time>
      </trkpt>
      <trkpt lat="44.283767" lon="6.959849">
        <ele>2498.4</ele>
        <time>2026-08-07T07:04:31Z</time>
      </trkpt>
      <trkpt lat="44.283752" lon="6.959804">
        <ele>2498.0</ele>
        <time>2026-08-07T07:04:34Z</time>
      </trkpt>
      <trkpt lat="44.283767" lon="6.959797">
        <ele>2497.2</ele>
        <time>2026-08-07T07:04:37Z</time>
      </trkpt>
      <trkpt lat="44.283771" lon="6.959796">
        <ele>2496.8</ele>
        <time>2026-08-07T07:04:38Z</time>
      </trkpt>
      <trkpt lat="44.283753" lon="6.959777">
        <ele>2495.8</ele>
        <time>2026-08-07T07:04:44Z</time>
      </trkpt>
      <trkpt lat="44.28375" lon="6.959768">
        <ele>2495.6</ele>
        <time>2026-08-07T07:04:45Z</time>
      </trkpt>
      <trkpt lat="44.283757" lon="6.959724">
        <ele>2494.6</ele>
        <time>2026-08-07T07:04:49Z</time>
      </trkpt>
      <trkpt lat="44.283759" lon="6.959719">
        <ele>2494.2</ele>
        <time>2026-08-07T07:04:50Z</time>
      </trkpt>
      <trkpt lat="44.283761" lon="6.959675">
        <ele>2493.4</ele>
        <time>2026-08-07T07:04:54Z</time>
      </trkpt>
      <trkpt lat="44.283758" lon="6.959659">
        <ele>2492.8</ele>
        <time>2026-08-07T07:04:58Z</time>
      </trkpt>
      <trkpt lat="44.283756" lon="6.959651">
        <ele>2492.4</ele>
        <time>2026-08-07T07:05:00Z</time>
      </trkpt>
      <trkpt lat="44.283766" lon="6.959662">
        <ele>2491.4</ele>
        <time>2026-08-07T07:05:05Z</time>
      </trkpt>
      <trkpt lat="44.283768" lon="6.959657">
        <ele>2491.2</ele>
        <time>2026-08-07T07:05:06Z</time>
      </trkpt>
      <trkpt lat="44.28378" lon="6.959621">
        <ele>2490.2</ele>
        <time>2026-08-07T07:05:11Z</time>
      </trkpt>
      <trkpt lat="44.283799" lon="6.959597">
        <ele>2489.6</ele>
        <time>2026-08-07T07:05:15Z</time>
      </trkpt>
      <trkpt lat="44.283803" lon="6.959545">
        <ele>2489.2</ele>
        <time>2026-08-07T07:05:18Z</time>
      </trkpt>
      <trkpt lat="44.283793" lon="6.959521">
        <ele>2488.8</ele>
        <time>2026-08-07T07:05:21Z</time>
      </trkpt>
      <trkpt lat="44.283776" lon="6.959498">
        <ele>2488.2</ele>
        <time>2026-08-07T07:05:24Z</time>
      </trkpt>
      <trkpt lat="44.283732" lon="6.959452">
        <ele>2487.6</ele>
        <time>2026-08-07T07:05:30Z</time>
      </trkpt>
      <trkpt lat="44.283718" lon="6.959421">
        <ele>2487.0</ele>
        <time>2026-08-07T07:05:33Z</time>
      </trkpt>
      <trkpt lat="44.283723" lon="6.959403">
        <ele>2486.2</ele>
        <time>2026-08-07T07:05:36Z</time>
      </trkpt>
      <trkpt lat="44.283737" lon="6.959387">
        <ele>2485.8</ele>
        <time>2026-08-07T07:05:38Z</time>
      </trkpt>
      <trkpt lat="44.283766" lon="6.959345">
        <ele>2484.6</ele>
        <time>2026-08-07T07:05:43Z</time>
      </trkpt>
      <trkpt lat="44.283768" lon="6.959335">
        <ele>2484.6</ele>
        <time>2026-08-07T07:05:44Z</time>
      </trkpt>
      <trkpt lat="44.283752" lon="6.959258">
        <ele>2483.4</ele>
        <time>2026-08-07T07:05:49Z</time>
      </trkpt>
      <trkpt lat="44.283737" lon="6.959233">
        <ele>2482.8</ele>
        <time>2026-08-07T07:05:51Z</time>
      </trkpt>
      <trkpt lat="44.283721" lon="6.959224">
        <ele>2482.2</ele>
        <time>2026-08-07T07:05:53Z</time>
      </trkpt>
      <trkpt lat="44.283694" lon="6.959207">
        <ele>2481.2</ele>
        <time>2026-08-07T07:05:57Z</time>
      </trkpt>
      <trkpt lat="44.283688" lon="6.959199">
        <ele>2480.6</ele>
        <time>2026-08-07T07:05:59Z</time>
      </trkpt>
      <trkpt lat="44.283686" lon="6.95919">
        <ele>2480.0</ele>
        <time>2026-08-07T07:06:01Z</time>
      </trkpt>
      <trkpt lat="44.283718" lon="6.95917">
        <ele>2479.0</ele>
        <time>2026-08-07T07:06:05Z</time>
      </trkpt>
      <trkpt lat="44.283729" lon="6.959103">
        <ele>2477.8</ele>
        <time>2026-08-07T07:06:10Z</time>
      </trkpt>
      <trkpt lat="44.28372" lon="6.95905">
        <ele>2476.8</ele>
        <time>2026-08-07T07:06:14Z</time>
      </trkpt>
      <trkpt lat="44.2837" lon="6.959004">
        <ele>2475.6</ele>
        <time>2026-08-07T07:06:18Z</time>
      </trkpt>
      <trkpt lat="44.283685" lon="6.958972">
        <ele>2474.6</ele>
        <time>2026-08-07T07:06:21Z</time>
      </trkpt>
      <trkpt lat="44.283684" lon="6.958966">
        <ele>2474.2</ele>
        <time>2026-08-07T07:06:22Z</time>
      </trkpt>
      <trkpt lat="44.283685" lon="6.958939">
        <ele>2473.2</ele>
        <time>2026-08-07T07:06:26Z</time>
      </trkpt>
      <trkpt lat="44.283671" lon="6.95893">
        <ele>2472.4</ele>
        <time>2026-08-07T07:06:29Z</time>
      </trkpt>
      <trkpt lat="44.283667" lon="6.958931">
        <ele>2472.2</ele>
        <time>2026-08-07T07:06:30Z</time>
      </trkpt>
      <trkpt lat="44.283638" lon="6.958937">
        <ele>2471.0</ele>
        <time>2026-08-07T07:06:35Z</time>
      </trkpt>
      <trkpt lat="44.283644" lon="6.958934">
        <ele>2470.6</ele>
        <time>2026-08-07T07:06:37Z</time>
      </trkpt>
      <trkpt lat="44.283646" lon="6.958917">
        <ele>2469.8</ele>
        <time>2026-08-07T07:06:40Z</time>
      </trkpt>
      <trkpt lat="44.283643" lon="6.958913">
        <ele>2469.0</ele>
        <time>2026-08-07T07:06:43Z</time>
      </trkpt>
      <trkpt lat="44.283643" lon="6.958916">
        <ele>2468.6</ele>
        <time>2026-08-07T07:06:44Z</time>
      </trkpt>
      <trkpt lat="44.283666" lon="6.958885">
        <ele>2467.6</ele>
        <time>2026-08-07T07:06:48Z</time>
      </trkpt>
      <trkpt lat="44.283673" lon="6.958865">
        <ele>2467.4</ele>
        <time>2026-08-07T07:06:49Z</time>
      </trkpt>
      <trkpt lat="44.283686" lon="6.958835">
        <ele>2466.6</ele>
        <time>2026-08-07T07:06:52Z</time>
      </trkpt>
      <trkpt lat="44.283706" lon="6.95885">
        <ele>2466.0</ele>
        <time>2026-08-07T07:06:56Z</time>
      </trkpt>
      <trkpt lat="44.283719" lon="6.958852">
        <ele>2465.4</ele>
        <time>2026-08-07T07:06:58Z</time>
      </trkpt>
      <trkpt lat="44.28373" lon="6.958805">
        <ele>2464.2</ele>
        <time>2026-08-07T07:07:02Z</time>
      </trkpt>
      <trkpt lat="44.28372" lon="6.958771">
        <ele>2463.6</ele>
        <time>2026-08-07T07:07:04Z</time>
      </trkpt>
      <trkpt lat="44.283711" lon="6.958742">
        <ele>2463.2</ele>
        <time>2026-08-07T07:07:06Z</time>
      </trkpt>
      <trkpt lat="44.283696" lon="6.958663">
        <ele>2462.4</ele>
        <time>2026-08-07T07:07:11Z</time>
      </trkpt>
      <trkpt lat="44.283685" lon="6.958643">
        <ele>2462.0</ele>
        <time>2026-08-07T07:07:13Z</time>
      </trkpt>
      <trkpt lat="44.283681" lon="6.958619">
        <ele>2460.8</ele>
        <time>2026-08-07T07:07:18Z</time>
      </trkpt>
      <trkpt lat="44.283689" lon="6.95861">
        <ele>2460.4</ele>
        <time>2026-08-07T07:07:20Z</time>
      </trkpt>
      <trkpt lat="44.283714" lon="6.958576">
        <ele>2459.8</ele>
        <time>2026-08-07T07:07:23Z</time>
      </trkpt>
      <trkpt lat="44.28373" lon="6.958541">
        <ele>2459.4</ele>
        <time>2026-08-07T07:07:26Z</time>
      </trkpt>
      <trkpt lat="44.283739" lon="6.958486">
        <ele>2458.8</ele>
        <time>2026-08-07T07:07:30Z</time>
      </trkpt>
      <trkpt lat="44.283738" lon="6.95846">
        <ele>2458.4</ele>
        <time>2026-08-07T07:07:32Z</time>
      </trkpt>
      <trkpt lat="44.283734" lon="6.958446">
        <ele>2458.2</ele>
        <time>2026-08-07T07:07:33Z</time>
      </trkpt>
      <trkpt lat="44.283721" lon="6.958419">
        <ele>2457.6</ele>
        <time>2026-08-07T07:07:36Z</time>
      </trkpt>
      <trkpt lat="44.283713" lon="6.958406">
        <ele>2456.4</ele>
        <time>2026-08-07T07:07:41Z</time>
      </trkpt>
      <trkpt lat="44.28371" lon="6.958354">
        <ele>2455.4</ele>
        <time>2026-08-07T07:07:46Z</time>
      </trkpt>
      <trkpt lat="44.283707" lon="6.958338">
        <ele>2455.4</ele>
        <time>2026-08-07T07:07:47Z</time>
      </trkpt>
      <trkpt lat="44.283663" lon="6.95825">
        <ele>2454.6</ele>
        <time>2026-08-07T07:07:54Z</time>
      </trkpt>
      <trkpt lat="44.283663" lon="6.958244">
        <ele>2454.4</ele>
        <time>2026-08-07T07:07:55Z</time>
      </trkpt>
      <trkpt lat="44.28367" lon="6.9582">
        <ele>2454.0</ele>
        <time>2026-08-07T07:08:00Z</time>
      </trkpt>
      <trkpt lat="44.283662" lon="6.958098">
        <ele>2454.2</ele>
        <time>2026-08-07T07:08:09Z</time>
      </trkpt>
      <trkpt lat="44.283625" lon="6.958025">
        <ele>2453.4</ele>
        <time>2026-08-07T07:08:17Z</time>
      </trkpt>
      <trkpt lat="44.283598" lon="6.957991">
        <ele>2453.4</ele>
        <time>2026-08-07T07:08:22Z</time>
      </trkpt>
      <trkpt lat="44.283592" lon="6.957987">
        <ele>2453.2</ele>
        <time>2026-08-07T07:08:23Z</time>
      </trkpt>
      <trkpt lat="44.283545" lon="6.957914">
        <ele>2452.4</ele>
        <time>2026-08-07T07:08:29Z</time>
      </trkpt>
      <trkpt lat="44.283537" lon="6.957889">
        <ele>2451.8</ele>
        <time>2026-08-07T07:08:32Z</time>
      </trkpt>
      <trkpt lat="44.283522" lon="6.957847">
        <ele>2451.4</ele>
        <time>2026-08-07T07:08:35Z</time>
      </trkpt>
      <trkpt lat="44.283501" lon="6.957826">
        <ele>2450.8</ele>
        <time>2026-08-07T07:08:38Z</time>
      </trkpt>
      <trkpt lat="44.283459" lon="6.957808">
        <ele>2450.2</ele>
        <time>2026-08-07T07:08:42Z</time>
      </trkpt>
      <trkpt lat="44.283423" lon="6.9578">
        <ele>2450.0</ele>
        <time>2026-08-07T07:08:46Z</time>
      </trkpt>
      <trkpt lat="44.283402" lon="6.957782">
        <ele>2449.2</ele>
        <time>2026-08-07T07:08:51Z</time>
      </trkpt>
      <trkpt lat="44.283406" lon="6.957768">
        <ele>2448.6</ele>
        <time>2026-08-07T07:08:53Z</time>
      </trkpt>
      <trkpt lat="44.283389" lon="6.95773">
        <ele>2447.8</ele>
        <time>2026-08-07T07:08:56Z</time>
      </trkpt>
      <trkpt lat="44.283338" lon="6.957714">
        <ele>2447.4</ele>
        <time>2026-08-07T07:09:00Z</time>
      </trkpt>
      <trkpt lat="44.283276" lon="6.957678">
        <ele>2447.6</ele>
        <time>2026-08-07T07:09:06Z</time>
      </trkpt>
      <trkpt lat="44.283273" lon="6.957671">
        <ele>2447.4</ele>
        <time>2026-08-07T07:09:07Z</time>
      </trkpt>
      <trkpt lat="44.283255" lon="6.957584">
        <ele>2447.2</ele>
        <time>2026-08-07T07:09:15Z</time>
      </trkpt>
      <trkpt lat="44.283219" lon="6.957465">
        <ele>2447.6</ele>
        <time>2026-08-07T07:09:23Z</time>
      </trkpt>
      <trkpt lat="44.283152" lon="6.957414">
        <ele>2447.4</ele>
        <time>2026-08-07T07:09:30Z</time>
      </trkpt>
      <trkpt lat="44.28307" lon="6.957332">
        <ele>2448.0</ele>
        <time>2026-08-07T07:09:37Z</time>
      </trkpt>
      <trkpt lat="44.283005" lon="6.957299">
        <ele>2448.0</ele>
        <time>2026-08-07T07:09:43Z</time>
      </trkpt>
      <trkpt lat="44.282939" lon="6.957261">
        <ele>2447.6</ele>
        <time>2026-08-07T07:09:50Z</time>
      </trkpt>
      <trkpt lat="44.28286" lon="6.957222">
        <ele>2447.6</ele>
        <time>2026-08-07T07:09:58Z</time>
      </trkpt>
      <trkpt lat="44.282758" lon="6.957154">
        <ele>2447.0</ele>
        <time>2026-08-07T07:10:05Z</time>
      </trkpt>
      <trkpt lat="44.282722" lon="6.957109">
        <ele>2447.8</ele>
        <time>2026-08-07T07:10:11Z</time>
      </trkpt>
      <trkpt lat="44.282685" lon="6.957053">
        <ele>2449.0</ele>
        <time>2026-08-07T07:10:19Z</time>
      </trkpt>
      <trkpt lat="44.282679" lon="6.957045">
        <ele>2449.2</ele>
        <time>2026-08-07T07:10:20Z</time>
      </trkpt>
      <trkpt lat="44.282602" lon="6.957002">
        <ele>2450.0</ele>
        <time>2026-08-07T07:10:29Z</time>
      </trkpt>
      <trkpt lat="44.282595" lon="6.956998">
        <ele>2450.0</ele>
        <time>2026-08-07T07:10:30Z</time>
      </trkpt>
      <trkpt lat="44.282534" lon="6.956955">
        <ele>2450.6</ele>
        <time>2026-08-07T07:10:36Z</time>
      </trkpt>
      <trkpt lat="44.282498" lon="6.956908">
        <ele>2451.0</ele>
        <time>2026-08-07T07:10:42Z</time>
      </trkpt>
      <trkpt lat="44.282491" lon="6.956896">
        <ele>2451.4</ele>
        <time>2026-08-07T07:10:43Z</time>
      </trkpt>
      <trkpt lat="44.28248" lon="6.956883">
        <ele>2452.2</ele>
        <time>2026-08-07T07:10:47Z</time>
      </trkpt>
      <trkpt lat="44.282472" lon="6.956874">
        <ele>2452.8</ele>
        <time>2026-08-07T07:10:50Z</time>
      </trkpt>
      <trkpt lat="44.282455" lon="6.956874">
        <ele>2453.2</ele>
        <time>2026-08-07T07:10:53Z</time>
      </trkpt>
      <trkpt lat="44.282432" lon="6.956891">
        <ele>2453.8</ele>
        <time>2026-08-07T07:10:57Z</time>
      </trkpt>
      <trkpt lat="44.282417" lon="6.956896">
        <ele>2454.0</ele>
        <time>2026-08-07T07:10:58Z</time>
      </trkpt>
      <trkpt lat="44.282386" lon="6.956909">
        <ele>2454.2</ele>
        <time>2026-08-07T07:11:00Z</time>
      </trkpt>
      <trkpt lat="44.282343" lon="6.956949">
        <ele>2454.6</ele>
        <time>2026-08-07T07:11:04Z</time>
      </trkpt>
      <trkpt lat="44.282283" lon="6.956967">
        <ele>2455.4</ele>
        <time>2026-08-07T07:11:11Z</time>
      </trkpt>
      <trkpt lat="44.282229" lon="6.956913">
        <ele>2456.2</ele>
        <time>2026-08-07T07:11:18Z</time>
      </trkpt>
      <trkpt lat="44.282216" lon="6.956817">
        <ele>2455.8</ele>
        <time>2026-08-07T07:11:25Z</time>
      </trkpt>
      <trkpt lat="44.282196" lon="6.956765">
        <ele>2455.6</ele>
        <time>2026-08-07T07:11:29Z</time>
      </trkpt>
      <trkpt lat="44.282176" lon="6.956742">
        <ele>2455.6</ele>
        <time>2026-08-07T07:11:32Z</time>
      </trkpt>
      <trkpt lat="44.282123" lon="6.956656">
        <ele>2454.8</ele>
        <time>2026-08-07T07:11:39Z</time>
      </trkpt>
      <trkpt lat="44.282092" lon="6.956588">
        <ele>2454.2</ele>
        <time>2026-08-07T07:11:44Z</time>
      </trkpt>
      <trkpt lat="44.282067" lon="6.95652">
        <ele>2454.0</ele>
        <time>2026-08-07T07:11:49Z</time>
      </trkpt>
      <trkpt lat="44.28203" lon="6.956434">
        <ele>2453.8</ele>
        <time>2026-08-07T07:11:55Z</time>
      </trkpt>
      <trkpt lat="44.282008" lon="6.956413">
        <ele>2453.4</ele>
        <time>2026-08-07T07:12:02Z</time>
      </trkpt>
      <trkpt lat="44.281979" lon="6.956433">
        <ele>2453.2</ele>
        <time>2026-08-07T07:12:07Z</time>
      </trkpt>
      <trkpt lat="44.281983" lon="6.956437">
        <ele>2453.2</ele>
        <time>2026-08-07T07:12:09Z</time>
      </trkpt>
      <trkpt lat="44.281974" lon="6.956485">
        <ele>2452.8</ele>
        <time>2026-08-07T07:12:16Z</time>
      </trkpt>
      <trkpt lat="44.281929" lon="6.956546">
        <ele>2452.0</ele>
        <time>2026-08-07T07:12:23Z</time>
      </trkpt>
      <trkpt lat="44.281914" lon="6.956557">
        <ele>2451.0</ele>
        <time>2026-08-07T07:12:29Z</time>
      </trkpt>
      <trkpt lat="44.281916" lon="6.956555">
        <ele>2450.6</ele>
        <time>2026-08-07T07:12:31Z</time>
      </trkpt>
      <trkpt lat="44.281904" lon="6.956555">
        <ele>2450.6</ele>
        <time>2026-08-07T07:12:35Z</time>
      </trkpt>
      <trkpt lat="44.281907" lon="6.956539">
        <ele>2449.6</ele>
        <time>2026-08-07T07:12:39Z</time>
      </trkpt>
      <trkpt lat="44.281892" lon="6.956522">
        <ele>2448.6</ele>
        <time>2026-08-07T07:12:42Z</time>
      </trkpt>
      <trkpt lat="44.281878" lon="6.956514">
        <ele>2447.6</ele>
        <time>2026-08-07T07:12:47Z</time>
      </trkpt>
      <trkpt lat="44.281876" lon="6.956506">
        <ele>2447.4</ele>
        <time>2026-08-07T07:12:48Z</time>
      </trkpt>
      <trkpt lat="44.281856" lon="6.956538">
        <ele>2446.2</ele>
        <time>2026-08-07T07:12:54Z</time>
      </trkpt>
      <trkpt lat="44.281833" lon="6.956563">
        <ele>2445.2</ele>
        <time>2026-08-07T07:13:00Z</time>
      </trkpt>
      <trkpt lat="44.281823" lon="6.956542">
        <ele>2444.6</ele>
        <time>2026-08-07T07:13:02Z</time>
      </trkpt>
      <trkpt lat="44.281811" lon="6.956529">
        <ele>2444.0</ele>
        <time>2026-08-07T07:13:05Z</time>
      </trkpt>
      <trkpt lat="44.281781" lon="6.956533">
        <ele>2442.8</ele>
        <time>2026-08-07T07:13:10Z</time>
      </trkpt>
      <trkpt lat="44.281751" lon="6.956531">
        <ele>2441.8</ele>
        <time>2026-08-07T07:13:16Z</time>
      </trkpt>
      <trkpt lat="44.281744" lon="6.956521">
        <ele>2441.0</ele>
        <time>2026-08-07T07:13:19Z</time>
      </trkpt>
      <trkpt lat="44.28174" lon="6.95651">
        <ele>2440.6</ele>
        <time>2026-08-07T07:13:21Z</time>
      </trkpt>
      <trkpt lat="44.281736" lon="6.956472">
        <ele>2439.2</ele>
        <time>2026-08-07T07:13:26Z</time>
      </trkpt>
      <trkpt lat="44.281733" lon="6.95644">
        <ele>2438.2</ele>
        <time>2026-08-07T07:13:31Z</time>
      </trkpt>
      <trkpt lat="44.281732" lon="6.956419">
        <ele>2437.8</ele>
        <time>2026-08-07T07:13:33Z</time>
      </trkpt>
      <trkpt lat="44.281719" lon="6.95639">
        <ele>2436.8</ele>
        <time>2026-08-07T07:13:36Z</time>
      </trkpt>
      <trkpt lat="44.281707" lon="6.956376">
        <ele>2435.8</ele>
        <time>2026-08-07T07:13:40Z</time>
      </trkpt>
      <trkpt lat="44.281706" lon="6.956372">
        <ele>2435.6</ele>
        <time>2026-08-07T07:13:41Z</time>
      </trkpt>
      <trkpt lat="44.281696" lon="6.956349">
        <ele>2434.6</ele>
        <time>2026-08-07T07:13:45Z</time>
      </trkpt>
      <trkpt lat="44.281684" lon="6.956344">
        <ele>2433.6</ele>
        <time>2026-08-07T07:13:49Z</time>
      </trkpt>
      <trkpt lat="44.281677" lon="6.956342">
        <ele>2433.4</ele>
        <time>2026-08-07T07:13:50Z</time>
      </trkpt>
      <trkpt lat="44.281641" lon="6.956348">
        <ele>2432.2</ele>
        <time>2026-08-07T07:13:55Z</time>
      </trkpt>
      <trkpt lat="44.281626" lon="6.956356">
        <ele>2432.0</ele>
        <time>2026-08-07T07:13:57Z</time>
      </trkpt>
      <trkpt lat="44.281592" lon="6.956359">
        <ele>2431.2</ele>
        <time>2026-08-07T07:14:01Z</time>
      </trkpt>
      <trkpt lat="44.28159" lon="6.956329">
        <ele>2430.2</ele>
        <time>2026-08-07T07:14:07Z</time>
      </trkpt>
      <trkpt lat="44.281579" lon="6.956317">
        <ele>2429.0</ele>
        <time>2026-08-07T07:14:12Z</time>
      </trkpt>
      <trkpt lat="44.281565" lon="6.956295">
        <ele>2428.4</ele>
        <time>2026-08-07T07:14:15Z</time>
      </trkpt>
      <trkpt lat="44.281544" lon="6.956266">
        <ele>2427.8</ele>
        <time>2026-08-07T07:14:19Z</time>
      </trkpt>
      <trkpt lat="44.281525" lon="6.956259">
        <ele>2426.6</ele>
        <time>2026-08-07T07:14:24Z</time>
      </trkpt>
      <trkpt lat="44.28149" lon="6.956253">
        <ele>2425.6</ele>
        <time>2026-08-07T07:14:30Z</time>
      </trkpt>
      <trkpt lat="44.281484" lon="6.95624">
        <ele>2425.0</ele>
        <time>2026-08-07T07:14:33Z</time>
      </trkpt>
      <trkpt lat="44.281481" lon="6.956226">
        <ele>2424.6</ele>
        <time>2026-08-07T07:14:35Z</time>
      </trkpt>
      <trkpt lat="44.281479" lon="6.956213">
        <ele>2424.0</ele>
        <time>2026-08-07T07:14:38Z</time>
      </trkpt>
      <trkpt lat="44.281468" lon="6.956188">
        <ele>2423.6</ele>
        <time>2026-08-07T07:14:41Z</time>
      </trkpt>
      <trkpt lat="44.281458" lon="6.956143">
        <ele>2422.6</ele>
        <time>2026-08-07T07:14:46Z</time>
      </trkpt>
      <trkpt lat="44.281434" lon="6.95609">
        <ele>2421.6</ele>
        <time>2026-08-07T07:14:51Z</time>
      </trkpt>
      <trkpt lat="44.281416" lon="6.956071">
        <ele>2420.6</ele>
        <time>2026-08-07T07:14:58Z</time>
      </trkpt>
      <trkpt lat="44.281414" lon="6.956075">
        <ele>2420.4</ele>
        <time>2026-08-07T07:14:59Z</time>
      </trkpt>
      <trkpt lat="44.281405" lon="6.956106">
        <ele>2419.4</ele>
        <time>2026-08-07T07:15:06Z</time>
      </trkpt>
      <trkpt lat="44.281401" lon="6.956114">
        <ele>2419.2</ele>
        <time>2026-08-07T07:15:08Z</time>
      </trkpt>
      <trkpt lat="44.281391" lon="6.956079">
        <ele>2418.4</ele>
        <time>2026-08-07T07:15:12Z</time>
      </trkpt>
      <trkpt lat="44.281379" lon="6.956032">
        <ele>2418.0</ele>
        <time>2026-08-07T07:15:15Z</time>
      </trkpt>
      <trkpt lat="44.281366" lon="6.956028">
        <ele>2417.2</ele>
        <time>2026-08-07T07:15:19Z</time>
      </trkpt>
      <trkpt lat="44.281356" lon="6.956036">
        <ele>2416.2</ele>
        <time>2026-08-07T07:15:23Z</time>
      </trkpt>
      <trkpt lat="44.281353" lon="6.956033">
        <ele>2416.0</ele>
        <time>2026-08-07T07:15:24Z</time>
      </trkpt>
      <trkpt lat="44.28135" lon="6.956003">
        <ele>2415.0</ele>
        <time>2026-08-07T07:15:29Z</time>
      </trkpt>
      <trkpt lat="44.281345" lon="6.955994">
        <ele>2414.6</ele>
        <time>2026-08-07T07:15:31Z</time>
      </trkpt>
      <trkpt lat="44.281334" lon="6.955984">
        <ele>2414.0</ele>
        <time>2026-08-07T07:15:33Z</time>
      </trkpt>
      <trkpt lat="44.281311" lon="6.95597">
        <ele>2413.4</ele>
        <time>2026-08-07T07:15:37Z</time>
      </trkpt>
      <trkpt lat="44.281305" lon="6.955969">
        <ele>2413.0</ele>
        <time>2026-08-07T07:15:39Z</time>
      </trkpt>
      <trkpt lat="44.2813" lon="6.955967">
        <ele>2412.8</ele>
        <time>2026-08-07T07:15:40Z</time>
      </trkpt>
      <trkpt lat="44.281267" lon="6.955943">
        <ele>2412.0</ele>
        <time>2026-08-07T07:15:45Z</time>
      </trkpt>
      <trkpt lat="44.281246" lon="6.955923">
        <ele>2411.2</ele>
        <time>2026-08-07T07:15:49Z</time>
      </trkpt>
      <trkpt lat="44.281229" lon="6.955917">
        <ele>2410.8</ele>
        <time>2026-08-07T07:15:51Z</time>
      </trkpt>
      <trkpt lat="44.281213" lon="6.955923">
        <ele>2410.0</ele>
        <time>2026-08-07T07:15:56Z</time>
      </trkpt>
      <trkpt lat="44.281214" lon="6.955926">
        <ele>2409.8</ele>
        <time>2026-08-07T07:15:57Z</time>
      </trkpt>
      <trkpt lat="44.281202" lon="6.955924">
        <ele>2408.8</ele>
        <time>2026-08-07T07:16:04Z</time>
      </trkpt>
      <trkpt lat="44.281203" lon="6.955915">
        <ele>2408.6</ele>
        <time>2026-08-07T07:16:05Z</time>
      </trkpt>
      <trkpt lat="44.281184" lon="6.955869">
        <ele>2407.6</ele>
        <time>2026-08-07T07:16:09Z</time>
      </trkpt>
      <trkpt lat="44.281176" lon="6.955869">
        <ele>2407.0</ele>
        <time>2026-08-07T07:16:11Z</time>
      </trkpt>
      <trkpt lat="44.281167" lon="6.955845">
        <ele>2406.4</ele>
        <time>2026-08-07T07:16:14Z</time>
      </trkpt>
      <trkpt lat="44.281166" lon="6.955811">
        <ele>2405.4</ele>
        <time>2026-08-07T07:16:19Z</time>
      </trkpt>
      <trkpt lat="44.281162" lon="6.955796">
        <ele>2404.2</ele>
        <time>2026-08-07T07:16:24Z</time>
      </trkpt>
      <trkpt lat="44.281153" lon="6.955812">
        <ele>2403.8</ele>
        <time>2026-08-07T07:16:26Z</time>
      </trkpt>
      <trkpt lat="44.28113" lon="6.955812">
        <ele>2403.4</ele>
        <time>2026-08-07T07:16:32Z</time>
      </trkpt>
      <trkpt lat="44.281122" lon="6.95578">
        <ele>2403.2</ele>
        <time>2026-08-07T07:16:35Z</time>
      </trkpt>
      <trkpt lat="44.281107" lon="6.955753">
        <ele>2402.4</ele>
        <time>2026-08-07T07:16:39Z</time>
      </trkpt>
      <trkpt lat="44.281102" lon="6.955743">
        <ele>2402.2</ele>
        <time>2026-08-07T07:16:40Z</time>
      </trkpt>
      <trkpt lat="44.281058" lon="6.95569">
        <ele>2401.0</ele>
        <time>2026-08-07T07:16:47Z</time>
      </trkpt>
      <trkpt lat="44.281056" lon="6.955688">
        <ele>2400.8</ele>
        <time>2026-08-07T07:16:48Z</time>
      </trkpt>
      <trkpt lat="44.281058" lon="6.95569">
        <ele>2400.0</ele>
        <time>2026-08-07T07:16:53Z</time>
      </trkpt>
      <trkpt lat="44.281052" lon="6.955672">
        <ele>2399.6</ele>
        <time>2026-08-07T07:16:55Z</time>
      </trkpt>
      <trkpt lat="44.281025" lon="6.955613">
        <ele>2398.8</ele>
        <time>2026-08-07T07:17:00Z</time>
      </trkpt>
      <trkpt lat="44.281034" lon="6.955585">
        <ele>2398.4</ele>
        <time>2026-08-07T07:17:03Z</time>
      </trkpt>
      <trkpt lat="44.28103" lon="6.955546">
        <ele>2397.8</ele>
        <time>2026-08-07T07:17:06Z</time>
      </trkpt>
      <trkpt lat="44.280996" lon="6.955472">
        <ele>2397.0</ele>
        <time>2026-08-07T07:17:13Z</time>
      </trkpt>
      <trkpt lat="44.280987" lon="6.955462">
        <ele>2396.8</ele>
        <time>2026-08-07T07:17:14Z</time>
      </trkpt>
      <trkpt lat="44.280953" lon="6.955398">
        <ele>2395.6</ele>
        <time>2026-08-07T07:17:20Z</time>
      </trkpt>
      <trkpt lat="44.280952" lon="6.955389">
        <ele>2395.4</ele>
        <time>2026-08-07T07:17:21Z</time>
      </trkpt>
      <trkpt lat="44.280948" lon="6.955356">
        <ele>2394.4</ele>
        <time>2026-08-07T07:17:25Z</time>
      </trkpt>
      <trkpt lat="44.28093" lon="6.955329">
        <ele>2393.6</ele>
        <time>2026-08-07T07:17:30Z</time>
      </trkpt>
      <trkpt lat="44.280927" lon="6.955325">
        <ele>2393.4</ele>
        <time>2026-08-07T07:17:31Z</time>
      </trkpt>
      <trkpt lat="44.280903" lon="6.955284">
        <ele>2392.4</ele>
        <time>2026-08-07T07:17:37Z</time>
      </trkpt>
      <trkpt lat="44.280892" lon="6.955263">
        <ele>2391.8</ele>
        <time>2026-08-07T07:17:39Z</time>
      </trkpt>
      <trkpt lat="44.280883" lon="6.955251">
        <ele>2391.2</ele>
        <time>2026-08-07T07:17:41Z</time>
      </trkpt>
      <trkpt lat="44.280868" lon="6.955216">
        <ele>2390.2</ele>
        <time>2026-08-07T07:17:46Z</time>
      </trkpt>
      <trkpt lat="44.280863" lon="6.955207">
        <ele>2390.0</ele>
        <time>2026-08-07T07:17:47Z</time>
      </trkpt>
      <trkpt lat="44.280842" lon="6.955169">
        <ele>2388.8</ele>
        <time>2026-08-07T07:17:51Z</time>
      </trkpt>
      <trkpt lat="44.280813" lon="6.955153">
        <ele>2387.8</ele>
        <time>2026-08-07T07:17:56Z</time>
      </trkpt>
      <trkpt lat="44.280808" lon="6.955154">
        <ele>2387.6</ele>
        <time>2026-08-07T07:17:57Z</time>
      </trkpt>
      <trkpt lat="44.280793" lon="6.955164">
        <ele>2387.0</ele>
        <time>2026-08-07T07:17:59Z</time>
      </trkpt>
      <trkpt lat="44.28078" lon="6.955159">
        <ele>2386.6</ele>
        <time>2026-08-07T07:18:01Z</time>
      </trkpt>
      <trkpt lat="44.280757" lon="6.955137">
        <ele>2385.6</ele>
        <time>2026-08-07T07:18:05Z</time>
      </trkpt>
      <trkpt lat="44.280728" lon="6.955134">
        <ele>2384.6</ele>
        <time>2026-08-07T07:18:09Z</time>
      </trkpt>
      <trkpt lat="44.280717" lon="6.955135">
        <ele>2384.0</ele>
        <time>2026-08-07T07:18:12Z</time>
      </trkpt>
      <trkpt lat="44.280707" lon="6.95513">
        <ele>2383.4</ele>
        <time>2026-08-07T07:18:15Z</time>
      </trkpt>
      <trkpt lat="44.280709" lon="6.955104">
        <ele>2382.2</ele>
        <time>2026-08-07T07:18:19Z</time>
      </trkpt>
      <trkpt lat="44.280706" lon="6.955097">
        <ele>2382.0</ele>
        <time>2026-08-07T07:18:20Z</time>
      </trkpt>
      <trkpt lat="44.280707" lon="6.955095">
        <ele>2381.0</ele>
        <time>2026-08-07T07:18:24Z</time>
      </trkpt>
      <trkpt lat="44.280709" lon="6.955069">
        <ele>2380.2</ele>
        <time>2026-08-07T07:18:28Z</time>
      </trkpt>
      <trkpt lat="44.280704" lon="6.955052">
        <ele>2379.8</ele>
        <time>2026-08-07T07:18:29Z</time>
      </trkpt>
      <trkpt lat="44.280683" lon="6.955021">
        <ele>2378.8</ele>
        <time>2026-08-07T07:18:33Z</time>
      </trkpt>
      <trkpt lat="44.280666" lon="6.955005">
        <ele>2378.2</ele>
        <time>2026-08-07T07:18:35Z</time>
      </trkpt>
      <trkpt lat="44.280645" lon="6.954992">
        <ele>2377.6</ele>
        <time>2026-08-07T07:18:38Z</time>
      </trkpt>
      <trkpt lat="44.280619" lon="6.954977">
        <ele>2376.4</ele>
        <time>2026-08-07T07:18:42Z</time>
      </trkpt>
      <trkpt lat="44.280603" lon="6.954963">
        <ele>2376.0</ele>
        <time>2026-08-07T07:18:44Z</time>
      </trkpt>
      <trkpt lat="44.28059" lon="6.954952">
        <ele>2375.4</ele>
        <time>2026-08-07T07:18:46Z</time>
      </trkpt>
      <trkpt lat="44.280559" lon="6.954907">
        <ele>2374.4</ele>
        <time>2026-08-07T07:18:51Z</time>
      </trkpt>
      <trkpt lat="44.280539" lon="6.954868">
        <ele>2374.0</ele>
        <time>2026-08-07T07:18:54Z</time>
      </trkpt>
      <trkpt lat="44.280546" lon="6.954843">
        <ele>2373.2</ele>
        <time>2026-08-07T07:18:58Z</time>
      </trkpt>
      <trkpt lat="44.280553" lon="6.954814">
        <ele>2373.0</ele>
        <time>2026-08-07T07:19:00Z</time>
      </trkpt>
      <trkpt lat="44.280563" lon="6.954746">
        <ele>2372.2</ele>
        <time>2026-08-07T07:19:04Z</time>
      </trkpt>
      <trkpt lat="44.28057" lon="6.954705">
        <ele>2371.8</ele>
        <time>2026-08-07T07:19:07Z</time>
      </trkpt>
      <trkpt lat="44.28058" lon="6.954646">
        <ele>2371.0</ele>
        <time>2026-08-07T07:19:10Z</time>
      </trkpt>
      <trkpt lat="44.280597" lon="6.954607">
        <ele>2370.0</ele>
        <time>2026-08-07T07:19:15Z</time>
      </trkpt>
      <trkpt lat="44.280622" lon="6.95457">
        <ele>2368.8</ele>
        <time>2026-08-07T07:19:20Z</time>
      </trkpt>
      <trkpt lat="44.280662" lon="6.954497">
        <ele>2367.8</ele>
        <time>2026-08-07T07:19:25Z</time>
      </trkpt>
      <trkpt lat="44.280668" lon="6.954483">
        <ele>2367.6</ele>
        <time>2026-08-07T07:19:26Z</time>
      </trkpt>
      <trkpt lat="44.280681" lon="6.954422">
        <ele>2366.8</ele>
        <time>2026-08-07T07:19:31Z</time>
      </trkpt>
      <trkpt lat="44.280684" lon="6.9544">
        <ele>2366.2</ele>
        <time>2026-08-07T07:19:33Z</time>
      </trkpt>
      <trkpt lat="44.280691" lon="6.954379">
        <ele>2365.6</ele>
        <time>2026-08-07T07:19:36Z</time>
      </trkpt>
      <trkpt lat="44.280704" lon="6.954349">
        <ele>2364.6</ele>
        <time>2026-08-07T07:19:40Z</time>
      </trkpt>
      <trkpt lat="44.280709" lon="6.954333">
        <ele>2364.4</ele>
        <time>2026-08-07T07:19:41Z</time>
      </trkpt>
      <trkpt lat="44.28072" lon="6.954228">
        <ele>2363.6</ele>
        <time>2026-08-07T07:19:46Z</time>
      </trkpt>
      <trkpt lat="44.280716" lon="6.954207">
        <ele>2363.4</ele>
        <time>2026-08-07T07:19:47Z</time>
      </trkpt>
      <trkpt lat="44.280687" lon="6.954157">
        <ele>2362.2</ele>
        <time>2026-08-07T07:19:52Z</time>
      </trkpt>
      <trkpt lat="44.280684" lon="6.954149">
        <ele>2362.0</ele>
        <time>2026-08-07T07:19:53Z</time>
      </trkpt>
      <trkpt lat="44.280671" lon="6.9541">
        <ele>2361.0</ele>
        <time>2026-08-07T07:19:58Z</time>
      </trkpt>
      <trkpt lat="44.280666" lon="6.954069">
        <ele>2360.6</ele>
        <time>2026-08-07T07:20:00Z</time>
      </trkpt>
      <trkpt lat="44.280669" lon="6.954045">
        <ele>2360.0</ele>
        <time>2026-08-07T07:20:02Z</time>
      </trkpt>
      <trkpt lat="44.280681" lon="6.954005">
        <ele>2358.8</ele>
        <time>2026-08-07T07:20:06Z</time>
      </trkpt>
      <trkpt lat="44.280663" lon="6.953947">
        <ele>2357.8</ele>
        <time>2026-08-07T07:20:12Z</time>
      </trkpt>
      <trkpt lat="44.280651" lon="6.953923">
        <ele>2357.2</ele>
        <time>2026-08-07T07:20:14Z</time>
      </trkpt>
      <trkpt lat="44.280631" lon="6.953859">
        <ele>2356.6</ele>
        <time>2026-08-07T07:20:18Z</time>
      </trkpt>
      <trkpt lat="44.280619" lon="6.953828">
        <ele>2356.6</ele>
        <time>2026-08-07T07:20:20Z</time>
      </trkpt>
      <trkpt lat="44.280578" lon="6.953749">
        <ele>2355.6</ele>
        <time>2026-08-07T07:20:27Z</time>
      </trkpt>
      <trkpt lat="44.280564" lon="6.953736">
        <ele>2355.2</ele>
        <time>2026-08-07T07:20:29Z</time>
      </trkpt>
      <trkpt lat="44.280536" lon="6.953692">
        <ele>2354.6</ele>
        <time>2026-08-07T07:20:33Z</time>
      </trkpt>
      <trkpt lat="44.280512" lon="6.953631">
        <ele>2353.6</ele>
        <time>2026-08-07T07:20:38Z</time>
      </trkpt>
      <trkpt lat="44.280507" lon="6.953618">
        <ele>2353.4</ele>
        <time>2026-08-07T07:20:39Z</time>
      </trkpt>
      <trkpt lat="44.280476" lon="6.953525">
        <ele>2352.4</ele>
        <time>2026-08-07T07:20:46Z</time>
      </trkpt>
      <trkpt lat="44.28046" lon="6.953429">
        <ele>2351.4</ele>
        <time>2026-08-07T07:20:53Z</time>
      </trkpt>
      <trkpt lat="44.280456" lon="6.953407">
        <ele>2351.0</ele>
        <time>2026-08-07T07:20:55Z</time>
      </trkpt>
      <trkpt lat="44.280459" lon="6.953367">
        <ele>2350.2</ele>
        <time>2026-08-07T07:20:58Z</time>
      </trkpt>
      <trkpt lat="44.280488" lon="6.95333">
        <ele>2349.4</ele>
        <time>2026-08-07T07:21:02Z</time>
      </trkpt>
      <trkpt lat="44.280493" lon="6.95332">
        <ele>2349.2</ele>
        <time>2026-08-07T07:21:03Z</time>
      </trkpt>
      <trkpt lat="44.280519" lon="6.953265">
        <ele>2348.2</ele>
        <time>2026-08-07T07:21:07Z</time>
      </trkpt>
      <trkpt lat="44.280527" lon="6.953247">
        <ele>2348.0</ele>
        <time>2026-08-07T07:21:08Z</time>
      </trkpt>
      <trkpt lat="44.280512" lon="6.953167">
        <ele>2347.0</ele>
        <time>2026-08-07T07:21:13Z</time>
      </trkpt>
      <trkpt lat="44.280537" lon="6.953147">
        <ele>2346.0</ele>
        <time>2026-08-07T07:21:18Z</time>
      </trkpt>
      <trkpt lat="44.280543" lon="6.953141">
        <ele>2345.8</ele>
        <time>2026-08-07T07:21:19Z</time>
      </trkpt>
      <trkpt lat="44.28055" lon="6.953138">
        <ele>2345.6</ele>
        <time>2026-08-07T07:21:20Z</time>
      </trkpt>
      <trkpt lat="44.280588" lon="6.95308">
        <ele>2344.8</ele>
        <time>2026-08-07T07:21:26Z</time>
      </trkpt>
      <trkpt lat="44.280606" lon="6.953052">
        <ele>2344.6</ele>
        <time>2026-08-07T07:21:28Z</time>
      </trkpt>
      <trkpt lat="44.280638" lon="6.952998">
        <ele>2343.8</ele>
        <time>2026-08-07T07:21:33Z</time>
      </trkpt>
      <trkpt lat="44.280649" lon="6.952974">
        <ele>2343.4</ele>
        <time>2026-08-07T07:21:35Z</time>
      </trkpt>
      <trkpt lat="44.280667" lon="6.95293">
        <ele>2342.8</ele>
        <time>2026-08-07T07:21:39Z</time>
      </trkpt>
      <trkpt lat="44.280681" lon="6.952848">
        <ele>2342.2</ele>
        <time>2026-08-07T07:21:43Z</time>
      </trkpt>
      <trkpt lat="44.280694" lon="6.952774">
        <ele>2341.6</ele>
        <time>2026-08-07T07:21:46Z</time>
      </trkpt>
      <trkpt lat="44.280704" lon="6.952691">
        <ele>2340.4</ele>
        <time>2026-08-07T07:21:51Z</time>
      </trkpt>
      <trkpt lat="44.280706" lon="6.952687">
        <ele>2340.2</ele>
        <time>2026-08-07T07:21:52Z</time>
      </trkpt>
      <trkpt lat="44.280721" lon="6.952674">
        <ele>2339.6</ele>
        <time>2026-08-07T07:21:56Z</time>
      </trkpt>
      <trkpt lat="44.280724" lon="6.952665">
        <ele>2339.2</ele>
        <time>2026-08-07T07:21:57Z</time>
      </trkpt>
      <trkpt lat="44.280751" lon="6.952667">
        <ele>2338.6</ele>
        <time>2026-08-07T07:22:00Z</time>
      </trkpt>
      <trkpt lat="44.280856" lon="6.952639">
        <ele>2338.2</ele>
        <time>2026-08-07T07:22:07Z</time>
      </trkpt>
      <trkpt lat="44.280873" lon="6.952633">
        <ele>2338.2</ele>
        <time>2026-08-07T07:22:08Z</time>
      </trkpt>
      <trkpt lat="44.280924" lon="6.952578">
        <ele>2337.6</ele>
        <time>2026-08-07T07:22:15Z</time>
      </trkpt>
      <trkpt lat="44.280948" lon="6.952453">
        <ele>2337.2</ele>
        <time>2026-08-07T07:22:22Z</time>
      </trkpt>
      <trkpt lat="44.280951" lon="6.952433">
        <ele>2337.2</ele>
        <time>2026-08-07T07:22:23Z</time>
      </trkpt>
      <trkpt lat="44.280957" lon="6.952344">
        <ele>2337.0</ele>
        <time>2026-08-07T07:22:29Z</time>
      </trkpt>
      <trkpt lat="44.280988" lon="6.952279">
        <ele>2337.0</ele>
        <time>2026-08-07T07:22:36Z</time>
      </trkpt>
      <trkpt lat="44.281046" lon="6.952186">
        <ele>2336.4</ele>
        <time>2026-08-07T07:22:42Z</time>
      </trkpt>
      <trkpt lat="44.28112" lon="6.952061">
        <ele>2336.2</ele>
        <time>2026-08-07T07:22:49Z</time>
      </trkpt>
      <trkpt lat="44.281137" lon="6.952039">
        <ele>2336.2</ele>
        <time>2026-08-07T07:22:51Z</time>
      </trkpt>
      <trkpt lat="44.281199" lon="6.951977">
        <ele>2336.0</ele>
        <time>2026-08-07T07:22:57Z</time>
      </trkpt>
      <trkpt lat="44.281306" lon="6.951861">
        <ele>2335.4</ele>
        <time>2026-08-07T07:23:07Z</time>
      </trkpt>
      <trkpt lat="44.281338" lon="6.951821">
        <ele>2335.0</ele>
        <time>2026-08-07T07:23:10Z</time>
      </trkpt>
      <trkpt lat="44.281391" lon="6.951772">
        <ele>2334.6</ele>
        <time>2026-08-07T07:23:15Z</time>
      </trkpt>
      <trkpt lat="44.281469" lon="6.951663">
        <ele>2334.4</ele>
        <time>2026-08-07T07:23:24Z</time>
      </trkpt>
      <trkpt lat="44.281504" lon="6.951576">
        <ele>2334.0</ele>
        <time>2026-08-07T07:23:30Z</time>
      </trkpt>
      <trkpt lat="44.281518" lon="6.951524">
        <ele>2333.6</ele>
        <time>2026-08-07T07:23:33Z</time>
      </trkpt>
      <trkpt lat="44.281535" lon="6.951371">
        <ele>2333.4</ele>
        <time>2026-08-07T07:23:41Z</time>
      </trkpt>
      <trkpt lat="44.281579" lon="6.951189">
        <ele>2333.0</ele>
        <time>2026-08-07T07:23:50Z</time>
      </trkpt>
      <trkpt lat="44.281571" lon="6.951067">
        <ele>2332.8</ele>
        <time>2026-08-07T07:23:56Z</time>
      </trkpt>
      <trkpt lat="44.281515" lon="6.950988">
        <ele>2332.8</ele>
        <time>2026-08-07T07:24:02Z</time>
      </trkpt>
      <trkpt lat="44.281483" lon="6.950904">
        <ele>2332.6</ele>
        <time>2026-08-07T07:24:08Z</time>
      </trkpt>
      <trkpt lat="44.281447" lon="6.950852">
        <ele>2332.6</ele>
        <time>2026-08-07T07:24:13Z</time>
      </trkpt>
      <trkpt lat="44.28138" lon="6.950782">
        <ele>2332.2</ele>
        <time>2026-08-07T07:24:21Z</time>
      </trkpt>
      <trkpt lat="44.281346" lon="6.950648">
        <ele>2332.4</ele>
        <time>2026-08-07T07:24:28Z</time>
      </trkpt>
      <trkpt lat="44.281303" lon="6.95058">
        <ele>2332.6</ele>
        <time>2026-08-07T07:24:35Z</time>
      </trkpt>
      <trkpt lat="44.281218" lon="6.950579">
        <ele>2332.6</ele>
        <time>2026-08-07T07:24:43Z</time>
      </trkpt>
      <trkpt lat="44.281173" lon="6.950587">
        <ele>2332.4</ele>
        <time>2026-08-07T07:24:46Z</time>
      </trkpt>
      <trkpt lat="44.281087" lon="6.950582">
        <ele>2332.0</ele>
        <time>2026-08-07T07:24:52Z</time>
      </trkpt>
      <trkpt lat="44.281046" lon="6.950568">
        <ele>2332.0</ele>
        <time>2026-08-07T07:24:55Z</time>
      </trkpt>
      <trkpt lat="44.280998" lon="6.950547">
        <ele>2331.8</ele>
        <time>2026-08-07T07:24:59Z</time>
      </trkpt>
      <trkpt lat="44.280927" lon="6.950495">
        <ele>2331.6</ele>
        <time>2026-08-07T07:25:05Z</time>
      </trkpt>
      <trkpt lat="44.280854" lon="6.95042">
        <ele>2331.4</ele>
        <time>2026-08-07T07:25:12Z</time>
      </trkpt>
      <trkpt lat="44.280796" lon="6.950319">
        <ele>2331.2</ele>
        <time>2026-08-07T07:25:20Z</time>
      </trkpt>
      <trkpt lat="44.280757" lon="6.950259">
        <ele>2331.6</ele>
        <time>2026-08-07T07:25:26Z</time>
      </trkpt>
      <trkpt lat="44.28074" lon="6.950187">
        <ele>2331.4</ele>
        <time>2026-08-07T07:25:34Z</time>
      </trkpt>
      <trkpt lat="44.280723" lon="6.950073">
        <ele>2331.0</ele>
        <time>2026-08-07T07:25:41Z</time>
      </trkpt>
      <trkpt lat="44.280738" lon="6.95008">
        <ele>2331.2</ele>
        <time>2026-08-07T07:25:47Z</time>
      </trkpt>
      <trkpt lat="44.280732" lon="6.950078">
        <ele>2330.8</ele>
        <time>2026-08-07T07:25:54Z</time>
      </trkpt>
      <trkpt lat="44.280728" lon="6.950075">
        <ele>2330.8</ele>
        <time>2026-08-07T07:25:59Z</time>
      </trkpt>
      <trkpt lat="44.280727" lon="6.950073">
        <ele>2330.4</ele>
        <time>2026-08-07T07:26:04Z</time>
      </trkpt>
      <trkpt lat="44.280717" lon="6.950086">
        <ele>2330.2</ele>
        <time>2026-08-07T07:26:13Z</time>
      </trkpt>
      <trkpt lat="44.280682" lon="6.950093">
        <ele>2330.0</ele>
        <time>2026-08-07T07:26:22Z</time>
      </trkpt>
      <trkpt lat="44.280685" lon="6.950085">
        <ele>2330.2</ele>
        <time>2026-08-07T07:26:28Z</time>
      </trkpt>
      <trkpt lat="44.280704" lon="6.950081">
        <ele>2330.2</ele>
        <time>2026-08-07T07:26:30Z</time>
      </trkpt>
      <trkpt lat="44.280729" lon="6.95008">
        <ele>2330.2</ele>
        <time>2026-08-07T07:26:35Z</time>
      </trkpt>
      <trkpt lat="44.280722" lon="6.950064">
        <ele>2330.0</ele>
        <time>2026-08-07T07:26:43Z</time>
      </trkpt>
      <trkpt lat="44.280719" lon="6.95007">
        <ele>2330.0</ele>
        <time>2026-08-07T07:26:45Z</time>
      </trkpt>
      <trkpt lat="44.280733" lon="6.950086">
        <ele>2329.8</ele>
        <time>2026-08-07T07:26:49Z</time>
      </trkpt>
      <trkpt lat="44.280735" lon="6.950088">
        <ele>2329.6</ele>
        <time>2026-08-07T07:26:51Z</time>
      </trkpt>
      <trkpt lat="44.280709" lon="6.950078">
        <ele>2329.4</ele>
        <time>2026-08-07T07:27:00Z</time>
      </trkpt>
      <trkpt lat="44.280701" lon="6.950063">
        <ele>2329.0</ele>
        <time>2026-08-07T07:27:06Z</time>
      </trkpt>
      <trkpt lat="44.280706" lon="6.950087">
        <ele>2329.0</ele>
        <time>2026-08-07T07:27:15Z</time>
      </trkpt>
      <trkpt lat="44.280695" lon="6.950069">
        <ele>2329.4</ele>
        <time>2026-08-07T07:27:22Z</time>
      </trkpt>
      <trkpt lat="44.280722" lon="6.950062">
        <ele>2329.6</ele>
        <time>2026-08-07T07:27:30Z</time>
      </trkpt>
      <trkpt lat="44.280715" lon="6.950067">
        <ele>2329.2</ele>
        <time>2026-08-07T07:27:35Z</time>
      </trkpt>
      <trkpt lat="44.280717" lon="6.950071">
        <ele>2329.2</ele>
        <time>2026-08-07T07:27:37Z</time>
      </trkpt>
      <trkpt lat="44.280726" lon="6.950098">
        <ele>2329.0</ele>
        <time>2026-08-07T07:27:47Z</time>
      </trkpt>
      <trkpt lat="44.280724" lon="6.950069">
        <ele>2329.2</ele>
        <time>2026-08-07T07:27:55Z</time>
      </trkpt>
      <trkpt lat="44.280739" lon="6.950048">
        <ele>2329.0</ele>
        <time>2026-08-07T07:28:03Z</time>
      </trkpt>
      <trkpt lat="44.280721" lon="6.950061">
        <ele>2329.2</ele>
        <time>2026-08-07T07:28:09Z</time>
      </trkpt>
      <trkpt lat="44.280723" lon="6.950059">
        <ele>2329.2</ele>
        <time>2026-08-07T07:28:11Z</time>
      </trkpt>
      <trkpt lat="44.280698" lon="6.950071">
        <ele>2329.4</ele>
        <time>2026-08-07T07:28:18Z</time>
      </trkpt>
      <trkpt lat="44.280712" lon="6.950085">
        <ele>2329.4</ele>
        <time>2026-08-07T07:28:28Z</time>
      </trkpt>
      <trkpt lat="44.280723" lon="6.950068">
        <ele>2329.2</ele>
        <time>2026-08-07T07:28:36Z</time>
      </trkpt>
      <trkpt lat="44.280737" lon="6.950071">
        <ele>2329.2</ele>
        <time>2026-08-07T07:28:47Z</time>
      </trkpt>
      <trkpt lat="44.280748" lon="6.950062">
        <ele>2329.2</ele>
        <time>2026-08-07T07:28:54Z</time>
      </trkpt>
      <trkpt lat="44.280726" lon="6.950079">
        <ele>2328.8</ele>
        <time>2026-08-07T07:29:02Z</time>
      </trkpt>
      <trkpt lat="44.280726" lon="6.950077">
        <ele>2328.8</ele>
        <time>2026-08-07T07:29:03Z</time>
      </trkpt>
      <trkpt lat="44.280726" lon="6.950069">
        <ele>2328.6</ele>
        <time>2026-08-07T07:29:05Z</time>
      </trkpt>
      <trkpt lat="44.280699" lon="6.950082">
        <ele>2328.6</ele>
        <time>2026-08-07T07:29:16Z</time>
      </trkpt>
      <trkpt lat="44.280725" lon="6.950089">
        <ele>2328.6</ele>
        <time>2026-08-07T07:29:23Z</time>
      </trkpt>
      <trkpt lat="44.280733" lon="6.950092">
        <ele>2328.8</ele>
        <time>2026-08-07T07:29:31Z</time>
      </trkpt>
      <trkpt lat="44.280725" lon="6.950106">
        <ele>2329.0</ele>
        <time>2026-08-07T07:29:40Z</time>
      </trkpt>
      <trkpt lat="44.280715" lon="6.950086">
        <ele>2329.2</ele>
        <time>2026-08-07T07:29:49Z</time>
      </trkpt>
      <trkpt lat="44.280723" lon="6.950074">
        <ele>2329.4</ele>
        <time>2026-08-07T07:29:59Z</time>
      </trkpt>
      <trkpt lat="44.280723" lon="6.950074">
        <ele>2329.2</ele>
        <time>2026-08-07T07:30:07Z</time>
      </trkpt>
      <trkpt lat="44.280689" lon="6.950074">
        <ele>2329.4</ele>
        <time>2026-08-07T07:30:23Z</time>
      </trkpt>
      <trkpt lat="44.280686" lon="6.950076">
        <ele>2329.4</ele>
        <time>2026-08-07T07:30:32Z</time>
      </trkpt>
      <trkpt lat="44.280698" lon="6.950105">
        <ele>2329.4</ele>
        <time>2026-08-07T07:30:41Z</time>
      </trkpt>
      <trkpt lat="44.280728" lon="6.950121">
        <ele>2329.4</ele>
        <time>2026-08-07T07:30:50Z</time>
      </trkpt>
      <trkpt lat="44.280697" lon="6.950118">
        <ele>2329.2</ele>
        <time>2026-08-07T07:30:58Z</time>
      </trkpt>
      <trkpt lat="44.280734" lon="6.950065">
        <ele>2329.2</ele>
        <time>2026-08-07T07:31:06Z</time>
      </trkpt>
      <trkpt lat="44.280723" lon="6.950058">
        <ele>2329.2</ele>
        <time>2026-08-07T07:31:13Z</time>
      </trkpt>
      <trkpt lat="44.280728" lon="6.950073">
        <ele>2329.2</ele>
        <time>2026-08-07T07:31:22Z</time>
      </trkpt>
      <trkpt lat="44.280724" lon="6.950084">
        <ele>2329.4</ele>
        <time>2026-08-07T07:31:31Z</time>
      </trkpt>
      <trkpt lat="44.280731" lon="6.950085">
        <ele>2329.4</ele>
        <time>2026-08-07T07:31:39Z</time>
      </trkpt>
      <trkpt lat="44.280727" lon="6.95006">
        <ele>2329.8</ele>
        <time>2026-08-07T07:31:43Z</time>
      </trkpt>
      <trkpt lat="44.280734" lon="6.95006">
        <ele>2329.8</ele>
        <time>2026-08-07T07:31:46Z</time>
      </trkpt>
      <trkpt lat="44.280732" lon="6.950025">
        <ele>2329.6</ele>
        <time>2026-08-07T07:31:49Z</time>
      </trkpt>
      <trkpt lat="44.280721" lon="6.950023">
        <ele>2328.8</ele>
        <time>2026-08-07T07:31:53Z</time>
      </trkpt>
      <trkpt lat="44.280724" lon="6.950015">
        <ele>2327.8</ele>
        <time>2026-08-07T07:32:04Z</time>
      </trkpt>
      <trkpt lat="44.280705" lon="6.950005">
        <ele>2328.2</ele>
        <time>2026-08-07T07:32:12Z</time>
      </trkpt>
      <trkpt lat="44.28071" lon="6.950074">
        <ele>2328.2</ele>
        <time>2026-08-07T07:32:21Z</time>
      </trkpt>
      <trkpt lat="44.280724" lon="6.950074">
        <ele>2327.8</ele>
        <time>2026-08-07T07:32:24Z</time>
      </trkpt>
      <trkpt lat="44.280729" lon="6.95008">
        <ele>2327.2</ele>
        <time>2026-08-07T07:32:29Z</time>
      </trkpt>
      <trkpt lat="44.280729" lon="6.950081">
        <ele>2327.2</ele>
        <time>2026-08-07T07:32:33Z</time>
      </trkpt>
      <trkpt lat="44.280724" lon="6.950098">
        <ele>2327.2</ele>
        <time>2026-08-07T07:32:39Z</time>
      </trkpt>
      <trkpt lat="44.280734" lon="6.950128">
        <ele>2327.4</ele>
        <time>2026-08-07T07:32:48Z</time>
      </trkpt>
      <trkpt lat="44.280745" lon="6.950107">
        <ele>2327.4</ele>
        <time>2026-08-07T07:32:57Z</time>
      </trkpt>
      <trkpt lat="44.280733" lon="6.950109">
        <ele>2327.4</ele>
        <time>2026-08-07T07:32:58Z</time>
      </trkpt>
      <trkpt lat="44.280716" lon="6.950101">
        <ele>2327.6</ele>
        <time>2026-08-07T07:33:05Z</time>
      </trkpt>
      <trkpt lat="44.280717" lon="6.950123">
        <ele>2327.4</ele>
        <time>2026-08-07T07:33:11Z</time>
      </trkpt>
      <trkpt lat="44.28071" lon="6.950126">
        <ele>2327.4</ele>
        <time>2026-08-07T07:33:16Z</time>
      </trkpt>
      <trkpt lat="44.280708" lon="6.950117">
        <ele>2327.8</ele>
        <time>2026-08-07T07:33:18Z</time>
      </trkpt>
      <trkpt lat="44.280716" lon="6.950092">
        <ele>2328.0</ele>
        <time>2026-08-07T07:33:22Z</time>
      </trkpt>
      <trkpt lat="44.28074" lon="6.950076">
        <ele>2328.0</ele>
        <time>2026-08-07T07:33:25Z</time>
      </trkpt>
      <trkpt lat="44.280741" lon="6.950097">
        <ele>2328.0</ele>
        <time>2026-08-07T07:33:28Z</time>
      </trkpt>
      <trkpt lat="44.280729" lon="6.950124">
        <ele>2328.0</ele>
        <time>2026-08-07T07:33:32Z</time>
      </trkpt>
      <trkpt lat="44.280721" lon="6.950106">
        <ele>2328.0</ele>
        <time>2026-08-07T07:33:41Z</time>
      </trkpt>
      <trkpt lat="44.28072" lon="6.950051">
        <ele>2328.0</ele>
        <time>2026-08-07T07:33:48Z</time>
      </trkpt>
      <trkpt lat="44.280736" lon="6.949951">
        <ele>2328.2</ele>
        <time>2026-08-07T07:33:55Z</time>
      </trkpt>
      <trkpt lat="44.280744" lon="6.949878">
        <ele>2328.2</ele>
        <time>2026-08-07T07:34:00Z</time>
      </trkpt>
      <trkpt lat="44.280748" lon="6.949837">
        <ele>2328.4</ele>
        <time>2026-08-07T07:34:02Z</time>
      </trkpt>
      <trkpt lat="44.280779" lon="6.949668">
        <ele>2328.8</ele>
        <time>2026-08-07T07:34:12Z</time>
      </trkpt>
      <trkpt lat="44.280821" lon="6.949508">
        <ele>2329.0</ele>
        <time>2026-08-07T07:34:21Z</time>
      </trkpt>
      <trkpt lat="44.280845" lon="6.949412">
        <ele>2329.0</ele>
        <time>2026-08-07T07:34:27Z</time>
      </trkpt>
      <trkpt lat="44.28085" lon="6.949344">
        <ele>2328.8</ele>
        <time>2026-08-07T07:34:30Z</time>
      </trkpt>
      <trkpt lat="44.28085" lon="6.949321">
        <ele>2328.8</ele>
        <time>2026-08-07T07:34:31Z</time>
      </trkpt>
      <trkpt lat="44.280815" lon="6.949133">
        <ele>2329.2</ele>
        <time>2026-08-07T07:34:39Z</time>
      </trkpt>
      <trkpt lat="44.280792" lon="6.949079">
        <ele>2329.2</ele>
        <time>2026-08-07T07:34:45Z</time>
      </trkpt>
      <trkpt lat="44.280727" lon="6.948904">
        <ele>2329.4</ele>
        <time>2026-08-07T07:34:55Z</time>
      </trkpt>
      <trkpt lat="44.280685" lon="6.948766">
        <ele>2329.6</ele>
        <time>2026-08-07T07:35:04Z</time>
      </trkpt>
      <trkpt lat="44.280629" lon="6.948681">
        <ele>2329.6</ele>
        <time>2026-08-07T07:35:10Z</time>
      </trkpt>
      <trkpt lat="44.280573" lon="6.948613">
        <ele>2329.8</ele>
        <time>2026-08-07T07:35:17Z</time>
      </trkpt>
      <trkpt lat="44.280563" lon="6.948597">
        <ele>2329.8</ele>
        <time>2026-08-07T07:35:18Z</time>
      </trkpt>
      <trkpt lat="44.280448" lon="6.948461">
        <ele>2329.8</ele>
        <time>2026-08-07T07:35:28Z</time>
      </trkpt>
      <trkpt lat="44.280333" lon="6.948434">
        <ele>2329.8</ele>
        <time>2026-08-07T07:35:36Z</time>
      </trkpt>
      <trkpt lat="44.280254" lon="6.948388">
        <ele>2329.6</ele>
        <time>2026-08-07T07:35:44Z</time>
      </trkpt>
      <trkpt lat="44.280211" lon="6.948306">
        <ele>2329.6</ele>
        <time>2026-08-07T07:35:52Z</time>
      </trkpt>
      <trkpt lat="44.280227" lon="6.948196">
        <ele>2329.4</ele>
        <time>2026-08-07T07:35:59Z</time>
      </trkpt>
      <trkpt lat="44.280303" lon="6.948079">
        <ele>2329.2</ele>
        <time>2026-08-07T07:36:07Z</time>
      </trkpt>
      <trkpt lat="44.280405" lon="6.947996">
        <ele>2329.2</ele>
        <time>2026-08-07T07:36:16Z</time>
      </trkpt>
      <trkpt lat="44.280442" lon="6.947957">
        <ele>2329.2</ele>
        <time>2026-08-07T07:36:20Z</time>
      </trkpt>
      <trkpt lat="44.280509" lon="6.947882">
        <ele>2329.2</ele>
        <time>2026-08-07T07:36:26Z</time>
      </trkpt>
      <trkpt lat="44.280557" lon="6.947747">
        <ele>2329.4</ele>
        <time>2026-08-07T07:36:34Z</time>
      </trkpt>
      <trkpt lat="44.280619" lon="6.947591">
        <ele>2329.2</ele>
        <time>2026-08-07T07:36:41Z</time>
      </trkpt>
      <trkpt lat="44.280651" lon="6.947461">
        <ele>2329.4</ele>
        <time>2026-08-07T07:36:49Z</time>
      </trkpt>
      <trkpt lat="44.28065" lon="6.947442">
        <ele>2329.4</ele>
        <time>2026-08-07T07:36:50Z</time>
      </trkpt>
      <trkpt lat="44.280668" lon="6.947253">
        <ele>2329.6</ele>
        <time>2026-08-07T07:37:00Z</time>
      </trkpt>
      <trkpt lat="44.280681" lon="6.947028">
        <ele>2329.6</ele>
        <time>2026-08-07T07:37:10Z</time>
      </trkpt>
      <trkpt lat="44.280668" lon="6.946909">
        <ele>2329.8</ele>
        <time>2026-08-07T07:37:17Z</time>
      </trkpt>
      <trkpt lat="44.28065" lon="6.946784">
        <ele>2330.4</ele>
        <time>2026-08-07T07:37:23Z</time>
      </trkpt>
      <trkpt lat="44.280641" lon="6.946729">
        <ele>2330.8</ele>
        <time>2026-08-07T07:37:26Z</time>
      </trkpt>
      <trkpt lat="44.280622" lon="6.946637">
        <ele>2330.8</ele>
        <time>2026-08-07T07:37:32Z</time>
      </trkpt>
      <trkpt lat="44.280544" lon="6.946392">
        <ele>2330.6</ele>
        <time>2026-08-07T07:37:50Z</time>
      </trkpt>
      <trkpt lat="44.280526" lon="6.946288">
        <ele>2330.4</ele>
        <time>2026-08-07T07:37:54Z</time>
      </trkpt>
      <trkpt lat="44.280506" lon="6.946186">
        <ele>2330.4</ele>
        <time>2026-08-07T07:37:59Z</time>
      </trkpt>
      <trkpt lat="44.280485" lon="6.946055">
        <ele>2330.2</ele>
        <time>2026-08-07T07:38:06Z</time>
      </trkpt>
      <trkpt lat="44.280461" lon="6.945957">
        <ele>2330.2</ele>
        <time>2026-08-07T07:38:14Z</time>
      </trkpt>
      <trkpt lat="44.280469" lon="6.945928">
        <ele>2330.2</ele>
        <time>2026-08-07T07:38:16Z</time>
      </trkpt>
      <trkpt lat="44.280515" lon="6.945822">
        <ele>2330.2</ele>
        <time>2026-08-07T07:38:21Z</time>
      </trkpt>
      <trkpt lat="44.280581" lon="6.94569">
        <ele>2330.2</ele>
        <time>2026-08-07T07:38:29Z</time>
      </trkpt>
      <trkpt lat="44.280664" lon="6.945575">
        <ele>2330.2</ele>
        <time>2026-08-07T07:38:36Z</time>
      </trkpt>
      <trkpt lat="44.280681" lon="6.945542">
        <ele>2330.2</ele>
        <time>2026-08-07T07:38:38Z</time>
      </trkpt>
      <trkpt lat="44.28073" lon="6.945365">
        <ele>2330.6</ele>
        <time>2026-08-07T07:38:47Z</time>
      </trkpt>
      <trkpt lat="44.280747" lon="6.945215">
        <ele>2330.8</ele>
        <time>2026-08-07T07:38:56Z</time>
      </trkpt>
      <trkpt lat="44.280759" lon="6.945069">
        <ele>2330.8</ele>
        <time>2026-08-07T07:39:03Z</time>
      </trkpt>
      <trkpt lat="44.280788" lon="6.944942">
        <ele>2331.0</ele>
        <time>2026-08-07T07:39:12Z</time>
      </trkpt>
      <trkpt lat="44.2808" lon="6.94486">
        <ele>2331.4</ele>
        <time>2026-08-07T07:39:16Z</time>
      </trkpt>
      <trkpt lat="44.280798" lon="6.944756">
        <ele>2330.8</ele>
        <time>2026-08-07T07:39:22Z</time>
      </trkpt>
      <trkpt lat="44.280739" lon="6.944568">
        <ele>2331.2</ele>
        <time>2026-08-07T07:39:32Z</time>
      </trkpt>
      <trkpt lat="44.2807" lon="6.944469">
        <ele>2331.8</ele>
        <time>2026-08-07T07:39:39Z</time>
      </trkpt>
      <trkpt lat="44.280694" lon="6.94445">
        <ele>2331.8</ele>
        <time>2026-08-07T07:39:40Z</time>
      </trkpt>
      <trkpt lat="44.280663" lon="6.94431">
        <ele>2331.6</ele>
        <time>2026-08-07T07:39:49Z</time>
      </trkpt>
      <trkpt lat="44.280653" lon="6.94419">
        <ele>2331.4</ele>
        <time>2026-08-07T07:39:57Z</time>
      </trkpt>
      <trkpt lat="44.280612" lon="6.944042">
        <ele>2331.2</ele>
        <time>2026-08-07T07:40:04Z</time>
      </trkpt>
      <trkpt lat="44.280562" lon="6.943891">
        <ele>2331.0</ele>
        <time>2026-08-07T07:40:12Z</time>
      </trkpt>
      <trkpt lat="44.280532" lon="6.943784">
        <ele>2330.8</ele>
        <time>2026-08-07T07:40:18Z</time>
      </trkpt>
      <trkpt lat="44.280526" lon="6.943764">
        <ele>2330.8</ele>
        <time>2026-08-07T07:40:19Z</time>
      </trkpt>
      <trkpt lat="44.280486" lon="6.94363">
        <ele>2330.6</ele>
        <time>2026-08-07T07:40:28Z</time>
      </trkpt>
      <trkpt lat="44.280488" lon="6.943522">
        <ele>2330.8</ele>
        <time>2026-08-07T07:40:35Z</time>
      </trkpt>
      <trkpt lat="44.280524" lon="6.943344">
        <ele>2330.2</ele>
        <time>2026-08-07T07:40:44Z</time>
      </trkpt>
      <trkpt lat="44.280534" lon="6.943189">
        <ele>2330.6</ele>
        <time>2026-08-07T07:40:53Z</time>
      </trkpt>
      <trkpt lat="44.28051" lon="6.943052">
        <ele>2330.8</ele>
        <time>2026-08-07T07:41:01Z</time>
      </trkpt>
      <trkpt lat="44.280538" lon="6.942905">
        <ele>2330.8</ele>
        <time>2026-08-07T07:41:10Z</time>
      </trkpt>
      <trkpt lat="44.280595" lon="6.942778">
        <ele>2330.8</ele>
        <time>2026-08-07T07:41:18Z</time>
      </trkpt>
      <trkpt lat="44.280608" lon="6.942716">
        <ele>2331.6</ele>
        <time>2026-08-07T07:41:23Z</time>
      </trkpt>
      <trkpt lat="44.280609" lon="6.942692">
        <ele>2331.8</ele>
        <time>2026-08-07T07:41:25Z</time>
      </trkpt>
      <trkpt lat="44.280527" lon="6.942549">
        <ele>2330.2</ele>
        <time>2026-08-07T07:41:33Z</time>
      </trkpt>
      <trkpt lat="44.280461" lon="6.94248">
        <ele>2330.6</ele>
        <time>2026-08-07T07:41:39Z</time>
      </trkpt>
      <trkpt lat="44.280457" lon="6.942409">
        <ele>2330.6</ele>
        <time>2026-08-07T07:41:44Z</time>
      </trkpt>
      <trkpt lat="44.280455" lon="6.942389">
        <ele>2330.6</ele>
        <time>2026-08-07T07:41:45Z</time>
      </trkpt>
      <trkpt lat="44.280443" lon="6.942254">
        <ele>2330.8</ele>
        <time>2026-08-07T07:41:51Z</time>
      </trkpt>
      <trkpt lat="44.280403" lon="6.942139">
        <ele>2330.8</ele>
        <time>2026-08-07T07:41:58Z</time>
      </trkpt>
      <trkpt lat="44.280348" lon="6.942028">
        <ele>2330.8</ele>
        <time>2026-08-07T07:42:05Z</time>
      </trkpt>
      <trkpt lat="44.280226" lon="6.941816">
        <ele>2331.0</ele>
        <time>2026-08-07T07:42:18Z</time>
      </trkpt>
      <trkpt lat="44.280115" lon="6.941632">
        <ele>2331.2</ele>
        <time>2026-08-07T07:42:35Z</time>
      </trkpt>
      <trkpt lat="44.280106" lon="6.941619">
        <ele>2331.2</ele>
        <time>2026-08-07T07:42:36Z</time>
      </trkpt>
      <trkpt lat="44.280057" lon="6.941501">
        <ele>2331.6</ele>
        <time>2026-08-07T07:42:43Z</time>
      </trkpt>
      <trkpt lat="44.279999" lon="6.941394">
        <ele>2331.4</ele>
        <time>2026-08-07T07:42:49Z</time>
      </trkpt>
      <trkpt lat="44.27993" lon="6.94124">
        <ele>2331.0</ele>
        <time>2026-08-07T07:42:58Z</time>
      </trkpt>
      <trkpt lat="44.279906" lon="6.941102">
        <ele>2331.0</ele>
        <time>2026-08-07T07:43:06Z</time>
      </trkpt>
      <trkpt lat="44.279883" lon="6.94094">
        <ele>2331.0</ele>
        <time>2026-08-07T07:43:16Z</time>
      </trkpt>
      <trkpt lat="44.279804" lon="6.940868">
        <ele>2331.6</ele>
        <time>2026-08-07T07:43:22Z</time>
      </trkpt>
      <trkpt lat="44.279737" lon="6.940779">
        <ele>2331.8</ele>
        <time>2026-08-07T07:43:28Z</time>
      </trkpt>
      <trkpt lat="44.279719" lon="6.940667">
        <ele>2331.8</ele>
        <time>2026-08-07T07:43:35Z</time>
      </trkpt>
      <trkpt lat="44.279755" lon="6.940579">
        <ele>2331.4</ele>
        <time>2026-08-07T07:43:42Z</time>
      </trkpt>
      <trkpt lat="44.279777" lon="6.940415">
        <ele>2331.8</ele>
        <time>2026-08-07T07:43:50Z</time>
      </trkpt>
      <trkpt lat="44.279776" lon="6.940391">
        <ele>2331.8</ele>
        <time>2026-08-07T07:43:51Z</time>
      </trkpt>
      <trkpt lat="44.279764" lon="6.940213">
        <ele>2332.2</ele>
        <time>2026-08-07T07:44:00Z</time>
      </trkpt>
      <trkpt lat="44.279766" lon="6.940139">
        <ele>2332.2</ele>
        <time>2026-08-07T07:44:05Z</time>
      </trkpt>
      <trkpt lat="44.279741" lon="6.940065">
        <ele>2332.0</ele>
        <time>2026-08-07T07:44:09Z</time>
      </trkpt>
      <trkpt lat="44.279677" lon="6.939947">
        <ele>2332.2</ele>
        <time>2026-08-07T07:44:16Z</time>
      </trkpt>
      <trkpt lat="44.279598" lon="6.939867">
        <ele>2332.4</ele>
        <time>2026-08-07T07:44:24Z</time>
      </trkpt>
      <trkpt lat="44.279512" lon="6.939746">
        <ele>2332.2</ele>
        <time>2026-08-07T07:44:32Z</time>
      </trkpt>
      <trkpt lat="44.27948" lon="6.939699">
        <ele>2332.4</ele>
        <time>2026-08-07T07:44:36Z</time>
      </trkpt>
      <trkpt lat="44.279433" lon="6.939649">
        <ele>2332.6</ele>
        <time>2026-08-07T07:44:40Z</time>
      </trkpt>
      <trkpt lat="44.279341" lon="6.93957">
        <ele>2332.6</ele>
        <time>2026-08-07T07:44:48Z</time>
      </trkpt>
      <trkpt lat="44.279298" lon="6.939509">
        <ele>2332.8</ele>
        <time>2026-08-07T07:44:53Z</time>
      </trkpt>
      <trkpt lat="44.279269" lon="6.93942">
        <ele>2333.0</ele>
        <time>2026-08-07T07:44:58Z</time>
      </trkpt>
      <trkpt lat="44.279263" lon="6.939277">
        <ele>2333.0</ele>
        <time>2026-08-07T07:45:06Z</time>
      </trkpt>
      <trkpt lat="44.27919" lon="6.939164">
        <ele>2332.8</ele>
        <time>2026-08-07T07:45:13Z</time>
      </trkpt>
      <trkpt lat="44.279112" lon="6.939097">
        <ele>2332.6</ele>
        <time>2026-08-07T07:45:19Z</time>
      </trkpt>
      <trkpt lat="44.279014" lon="6.939033">
        <ele>2332.8</ele>
        <time>2026-08-07T07:45:27Z</time>
      </trkpt>
      <trkpt lat="44.278942" lon="6.938978">
        <ele>2333.0</ele>
        <time>2026-08-07T07:45:34Z</time>
      </trkpt>
      <trkpt lat="44.278864" lon="6.938873">
        <ele>2333.2</ele>
        <time>2026-08-07T07:45:41Z</time>
      </trkpt>
      <trkpt lat="44.278752" lon="6.938801">
        <ele>2333.4</ele>
        <time>2026-08-07T07:45:51Z</time>
      </trkpt>
      <trkpt lat="44.278659" lon="6.938741">
        <ele>2333.2</ele>
        <time>2026-08-07T07:45:58Z</time>
      </trkpt>
      <trkpt lat="44.278575" lon="6.938627">
        <ele>2333.4</ele>
        <time>2026-08-07T07:46:06Z</time>
      </trkpt>
      <trkpt lat="44.278492" lon="6.938518">
        <ele>2333.2</ele>
        <time>2026-08-07T07:46:15Z</time>
      </trkpt>
      <trkpt lat="44.278429" lon="6.938411">
        <ele>2333.0</ele>
        <time>2026-08-07T07:46:22Z</time>
      </trkpt>
      <trkpt lat="44.278392" lon="6.938319">
        <ele>2332.8</ele>
        <time>2026-08-07T07:46:29Z</time>
      </trkpt>
      <trkpt lat="44.278351" lon="6.938216">
        <ele>2333.0</ele>
        <time>2026-08-07T07:46:36Z</time>
      </trkpt>
      <trkpt lat="44.27832" lon="6.938088">
        <ele>2333.2</ele>
        <time>2026-08-07T07:46:43Z</time>
      </trkpt>
      <trkpt lat="44.27828" lon="6.937915">
        <ele>2333.0</ele>
        <time>2026-08-07T07:46:53Z</time>
      </trkpt>
      <trkpt lat="44.278252" lon="6.937794">
        <ele>2333.4</ele>
        <time>2026-08-07T07:47:00Z</time>
      </trkpt>
      <trkpt lat="44.278236" lon="6.937739">
        <ele>2333.4</ele>
        <time>2026-08-07T07:47:03Z</time>
      </trkpt>
      <trkpt lat="44.278212" lon="6.937618">
        <ele>2333.4</ele>
        <time>2026-08-07T07:47:10Z</time>
      </trkpt>
      <trkpt lat="44.278157" lon="6.937436">
        <ele>2333.4</ele>
        <time>2026-08-07T07:47:19Z</time>
      </trkpt>
      <trkpt lat="44.278124" lon="6.937356">
        <ele>2333.2</ele>
        <time>2026-08-07T07:47:26Z</time>
      </trkpt>
      <trkpt lat="44.278157" lon="6.937269">
        <ele>2333.2</ele>
        <time>2026-08-07T07:47:32Z</time>
      </trkpt>
      <trkpt lat="44.278243" lon="6.937177">
        <ele>2333.0</ele>
        <time>2026-08-07T07:47:40Z</time>
      </trkpt>
      <trkpt lat="44.278343" lon="6.937104">
        <ele>2332.8</ele>
        <time>2026-08-07T07:47:48Z</time>
      </trkpt>
      <trkpt lat="44.278429" lon="6.937032">
        <ele>2333.0</ele>
        <time>2026-08-07T07:47:56Z</time>
      </trkpt>
      <trkpt lat="44.278513" lon="6.936919">
        <ele>2333.0</ele>
        <time>2026-08-07T07:48:04Z</time>
      </trkpt>
      <trkpt lat="44.278598" lon="6.936829">
        <ele>2332.8</ele>
        <time>2026-08-07T07:48:12Z</time>
      </trkpt>
      <trkpt lat="44.278673" lon="6.936756">
        <ele>2332.8</ele>
        <time>2026-08-07T07:48:18Z</time>
      </trkpt>
      <trkpt lat="44.278754" lon="6.936686">
        <ele>2332.8</ele>
        <time>2026-08-07T07:48:26Z</time>
      </trkpt>
      <trkpt lat="44.278821" lon="6.936628">
        <ele>2332.6</ele>
        <time>2026-08-07T07:48:32Z</time>
      </trkpt>
      <trkpt lat="44.278845" lon="6.936614">
        <ele>2332.8</ele>
        <time>2026-08-07T07:48:34Z</time>
      </trkpt>
      <trkpt lat="44.278949" lon="6.936584">
        <ele>2332.4</ele>
        <time>2026-08-07T07:48:42Z</time>
      </trkpt>
      <trkpt lat="44.279078" lon="6.936548">
        <ele>2331.8</ele>
        <time>2026-08-07T07:48:52Z</time>
      </trkpt>
      <trkpt lat="44.279158" lon="6.93649">
        <ele>2331.4</ele>
        <time>2026-08-07T07:48:59Z</time>
      </trkpt>
      <trkpt lat="44.27927" lon="6.936378">
        <ele>2331.0</ele>
        <time>2026-08-07T07:49:09Z</time>
      </trkpt>
      <trkpt lat="44.279352" lon="6.936337">
        <ele>2331.4</ele>
        <time>2026-08-07T07:49:16Z</time>
      </trkpt>
      <trkpt lat="44.27945" lon="6.936338">
        <ele>2331.6</ele>
        <time>2026-08-07T07:49:23Z</time>
      </trkpt>
      <trkpt lat="44.279537" lon="6.936347">
        <ele>2331.6</ele>
        <time>2026-08-07T07:49:31Z</time>
      </trkpt>
      <trkpt lat="44.279632" lon="6.936431">
        <ele>2331.6</ele>
        <time>2026-08-07T07:49:40Z</time>
      </trkpt>
      <trkpt lat="44.279748" lon="6.936533">
        <ele>2332.0</ele>
        <time>2026-08-07T07:49:49Z</time>
      </trkpt>
      <trkpt lat="44.279846" lon="6.936563">
        <ele>2332.0</ele>
        <time>2026-08-07T07:49:56Z</time>
      </trkpt>
      <trkpt lat="44.279876" lon="6.936569">
        <ele>2331.8</ele>
        <time>2026-08-07T07:49:59Z</time>
      </trkpt>
      <trkpt lat="44.279974" lon="6.936619">
        <ele>2331.8</ele>
        <time>2026-08-07T07:50:08Z</time>
      </trkpt>
      <trkpt lat="44.280089" lon="6.936708">
        <ele>2331.0</ele>
        <time>2026-08-07T07:50:16Z</time>
      </trkpt>
      <trkpt lat="44.280106" lon="6.936721">
        <ele>2330.8</ele>
        <time>2026-08-07T07:50:17Z</time>
      </trkpt>
      <trkpt lat="44.280188" lon="6.936787">
        <ele>2331.4</ele>
        <time>2026-08-07T07:50:24Z</time>
      </trkpt>
      <trkpt lat="44.280301" lon="6.936869">
        <ele>2331.4</ele>
        <time>2026-08-07T07:50:33Z</time>
      </trkpt>
      <trkpt lat="44.280446" lon="6.936935">
        <ele>2331.4</ele>
        <time>2026-08-07T07:50:43Z</time>
      </trkpt>
      <trkpt lat="44.280559" lon="6.936981">
        <ele>2331.2</ele>
        <time>2026-08-07T07:50:52Z</time>
      </trkpt>
      <trkpt lat="44.280677" lon="6.937022">
        <ele>2331.2</ele>
        <time>2026-08-07T07:51:01Z</time>
      </trkpt>
      <trkpt lat="44.280841" lon="6.937017">
        <ele>2331.2</ele>
        <time>2026-08-07T07:51:11Z</time>
      </trkpt>
      <trkpt lat="44.280881" lon="6.937009">
        <ele>2331.4</ele>
        <time>2026-08-07T07:51:13Z</time>
      </trkpt>
      <trkpt lat="44.280929" lon="6.936994">
        <ele>2331.4</ele>
        <time>2026-08-07T07:51:16Z</time>
      </trkpt>
      <trkpt lat="44.280956" lon="6.936986">
        <ele>2331.4</ele>
        <time>2026-08-07T07:51:18Z</time>
      </trkpt>
      <trkpt lat="44.281111" lon="6.936937">
        <ele>2331.6</ele>
        <time>2026-08-07T07:51:28Z</time>
      </trkpt>
      <trkpt lat="44.2812" lon="6.936862">
        <ele>2331.6</ele>
        <time>2026-08-07T07:51:34Z</time>
      </trkpt>
      <trkpt lat="44.281286" lon="6.936775">
        <ele>2331.6</ele>
        <time>2026-08-07T07:51:42Z</time>
      </trkpt>
      <trkpt lat="44.281361" lon="6.936725">
        <ele>2331.6</ele>
        <time>2026-08-07T07:51:48Z</time>
      </trkpt>
      <trkpt lat="44.281455" lon="6.936695">
        <ele>2331.2</ele>
        <time>2026-08-07T07:51:57Z</time>
      </trkpt>
      <trkpt lat="44.281534" lon="6.936767">
        <ele>2331.2</ele>
        <time>2026-08-07T07:52:05Z</time>
      </trkpt>
      <trkpt lat="44.281656" lon="6.936869">
        <ele>2331.0</ele>
        <time>2026-08-07T07:52:14Z</time>
      </trkpt>
      <trkpt lat="44.281745" lon="6.936984">
        <ele>2331.2</ele>
        <time>2026-08-07T07:52:21Z</time>
      </trkpt>
      <trkpt lat="44.281763" lon="6.937008">
        <ele>2331.2</ele>
        <time>2026-08-07T07:52:23Z</time>
      </trkpt>
      <trkpt lat="44.281857" lon="6.937063">
        <ele>2331.2</ele>
        <time>2026-08-07T07:52:31Z</time>
      </trkpt>
      <trkpt lat="44.281942" lon="6.937136">
        <ele>2331.2</ele>
        <time>2026-08-07T07:52:38Z</time>
      </trkpt>
      <trkpt lat="44.282067" lon="6.937125">
        <ele>2331.6</ele>
        <time>2026-08-07T07:52:46Z</time>
      </trkpt>
      <trkpt lat="44.282148" lon="6.9371">
        <ele>2331.8</ele>
        <time>2026-08-07T07:52:52Z</time>
      </trkpt>
      <trkpt lat="44.282168" lon="6.937094">
        <ele>2331.8</ele>
        <time>2026-08-07T07:52:54Z</time>
      </trkpt>
      <trkpt lat="44.282226" lon="6.937078">
        <ele>2332.0</ele>
        <time>2026-08-07T07:52:59Z</time>
      </trkpt>
      <trkpt lat="44.282263" lon="6.937078">
        <ele>2332.0</ele>
        <time>2026-08-07T07:53:02Z</time>
      </trkpt>
      <trkpt lat="44.282384" lon="6.937097">
        <ele>2331.8</ele>
        <time>2026-08-07T07:53:09Z</time>
      </trkpt>
      <trkpt lat="44.282501" lon="6.937078">
        <ele>2332.0</ele>
        <time>2026-08-07T07:53:17Z</time>
      </trkpt>
      <trkpt lat="44.282562" lon="6.937112">
        <ele>2331.8</ele>
        <time>2026-08-07T07:53:25Z</time>
      </trkpt>
      <trkpt lat="44.282599" lon="6.937139">
        <ele>2331.8</ele>
        <time>2026-08-07T07:53:30Z</time>
      </trkpt>
      <trkpt lat="44.282617" lon="6.93716">
        <ele>2332.0</ele>
        <time>2026-08-07T07:53:33Z</time>
      </trkpt>
      <trkpt lat="44.282714" lon="6.937293">
        <ele>2331.6</ele>
        <time>2026-08-07T07:53:41Z</time>
      </trkpt>
      <trkpt lat="44.282797" lon="6.937392">
        <ele>2332.0</ele>
        <time>2026-08-07T07:53:50Z</time>
      </trkpt>
      <trkpt lat="44.282885" lon="6.937492">
        <ele>2332.4</ele>
        <time>2026-08-07T07:53:59Z</time>
      </trkpt>
      <trkpt lat="44.282998" lon="6.93756">
        <ele>2332.4</ele>
        <time>2026-08-07T07:54:07Z</time>
      </trkpt>
      <trkpt lat="44.28309" lon="6.937578">
        <ele>2332.4</ele>
        <time>2026-08-07T07:54:15Z</time>
      </trkpt>
      <trkpt lat="44.283105" lon="6.937591">
        <ele>2332.2</ele>
        <time>2026-08-07T07:54:17Z</time>
      </trkpt>
      <trkpt lat="44.283223" lon="6.937665">
        <ele>2332.0</ele>
        <time>2026-08-07T07:54:27Z</time>
      </trkpt>
      <trkpt lat="44.283302" lon="6.937786">
        <ele>2332.6</ele>
        <time>2026-08-07T07:54:36Z</time>
      </trkpt>
      <trkpt lat="44.283407" lon="6.938012">
        <ele>2332.6</ele>
        <time>2026-08-07T07:54:48Z</time>
      </trkpt>
      <trkpt lat="44.283432" lon="6.938039">
        <ele>2332.8</ele>
        <time>2026-08-07T07:54:51Z</time>
      </trkpt>
      <trkpt lat="44.283456" lon="6.938031">
        <ele>2332.8</ele>
        <time>2026-08-07T07:54:54Z</time>
      </trkpt>
      <trkpt lat="44.283464" lon="6.938025">
        <ele>2332.8</ele>
        <time>2026-08-07T07:54:55Z</time>
      </trkpt>
      <trkpt lat="44.283601" lon="6.937952">
        <ele>2332.4</ele>
        <time>2026-08-07T07:55:02Z</time>
      </trkpt>
      <trkpt lat="44.28371" lon="6.937954">
        <ele>2332.4</ele>
        <time>2026-08-07T07:55:09Z</time>
      </trkpt>
      <trkpt lat="44.283789" lon="6.937961">
        <ele>2332.4</ele>
        <time>2026-08-07T07:55:16Z</time>
      </trkpt>
      <trkpt lat="44.283913" lon="6.937951">
        <ele>2332.2</ele>
        <time>2026-08-07T07:55:24Z</time>
      </trkpt>
      <trkpt lat="44.284007" lon="6.937964">
        <ele>2332.4</ele>
        <time>2026-08-07T07:55:32Z</time>
      </trkpt>
      <trkpt lat="44.284152" lon="6.937992">
        <ele>2332.4</ele>
        <time>2026-08-07T07:55:43Z</time>
      </trkpt>
      <trkpt lat="44.284219" lon="6.938077">
        <ele>2332.2</ele>
        <time>2026-08-07T07:55:50Z</time>
      </trkpt>
      <trkpt lat="44.284273" lon="6.9382">
        <ele>2332.2</ele>
        <time>2026-08-07T07:55:57Z</time>
      </trkpt>
      <trkpt lat="44.284325" lon="6.938344">
        <ele>2332.4</ele>
        <time>2026-08-07T07:56:05Z</time>
      </trkpt>
      <trkpt lat="44.284433" lon="6.938451">
        <ele>2332.2</ele>
        <time>2026-08-07T07:56:13Z</time>
      </trkpt>
      <trkpt lat="44.284537" lon="6.938583">
        <ele>2332.2</ele>
        <time>2026-08-07T07:56:23Z</time>
      </trkpt>
      <trkpt lat="44.284582" lon="6.938679">
        <ele>2332.6</ele>
        <time>2026-08-07T07:56:30Z</time>
      </trkpt>
      <trkpt lat="44.284645" lon="6.938646">
        <ele>2332.6</ele>
        <time>2026-08-07T07:56:35Z</time>
      </trkpt>
      <trkpt lat="44.284743" lon="6.938559">
        <ele>2332.6</ele>
        <time>2026-08-07T07:56:42Z</time>
      </trkpt>
      <trkpt lat="44.284848" lon="6.938496">
        <ele>2332.6</ele>
        <time>2026-08-07T07:56:50Z</time>
      </trkpt>
      <trkpt lat="44.284863" lon="6.938486">
        <ele>2332.6</ele>
        <time>2026-08-07T07:56:51Z</time>
      </trkpt>
      <trkpt lat="44.284957" lon="6.938446">
        <ele>2333.0</ele>
        <time>2026-08-07T07:56:58Z</time>
      </trkpt>
      <trkpt lat="44.28506" lon="6.938402">
        <ele>2333.0</ele>
        <time>2026-08-07T07:57:05Z</time>
      </trkpt>
      <trkpt lat="44.285141" lon="6.938365">
        <ele>2333.2</ele>
        <time>2026-08-07T07:57:12Z</time>
      </trkpt>
      <trkpt lat="44.285178" lon="6.93838">
        <ele>2333.4</ele>
        <time>2026-08-07T07:57:16Z</time>
      </trkpt>
      <trkpt lat="44.285203" lon="6.938448">
        <ele>2333.2</ele>
        <time>2026-08-07T07:57:20Z</time>
      </trkpt>
      <trkpt lat="44.285277" lon="6.938595">
        <ele>2333.0</ele>
        <time>2026-08-07T07:57:29Z</time>
      </trkpt>
      <trkpt lat="44.285373" lon="6.938654">
        <ele>2333.4</ele>
        <time>2026-08-07T07:57:37Z</time>
      </trkpt>
      <trkpt lat="44.285506" lon="6.938721">
        <ele>2333.0</ele>
        <time>2026-08-07T07:57:48Z</time>
      </trkpt>
      <trkpt lat="44.285541" lon="6.938846">
        <ele>2333.0</ele>
        <time>2026-08-07T07:57:54Z</time>
      </trkpt>
      <trkpt lat="44.285587" lon="6.938984">
        <ele>2332.8</ele>
        <time>2026-08-07T07:58:02Z</time>
      </trkpt>
      <trkpt lat="44.285657" lon="6.939131">
        <ele>2332.8</ele>
        <time>2026-08-07T07:58:10Z</time>
      </trkpt>
      <trkpt lat="44.28567" lon="6.939162">
        <ele>2332.8</ele>
        <time>2026-08-07T07:58:12Z</time>
      </trkpt>
      <trkpt lat="44.285762" lon="6.939221">
        <ele>2333.2</ele>
        <time>2026-08-07T07:58:20Z</time>
      </trkpt>
      <trkpt lat="44.285877" lon="6.939228">
        <ele>2333.2</ele>
        <time>2026-08-07T07:58:28Z</time>
      </trkpt>
      <trkpt lat="44.285888" lon="6.939234">
        <ele>2333.2</ele>
        <time>2026-08-07T07:58:29Z</time>
      </trkpt>
      <trkpt lat="44.285996" lon="6.939329">
        <ele>2333.2</ele>
        <time>2026-08-07T07:58:38Z</time>
      </trkpt>
      <trkpt lat="44.286087" lon="6.939398">
        <ele>2332.8</ele>
        <time>2026-08-07T07:58:46Z</time>
      </trkpt>
      <trkpt lat="44.286165" lon="6.939426">
        <ele>2333.2</ele>
        <time>2026-08-07T07:58:53Z</time>
      </trkpt>
      <trkpt lat="44.28629" lon="6.939401">
        <ele>2333.6</ele>
        <time>2026-08-07T07:59:01Z</time>
      </trkpt>
      <trkpt lat="44.286399" lon="6.939415">
        <ele>2333.4</ele>
        <time>2026-08-07T07:59:09Z</time>
      </trkpt>
      <trkpt lat="44.286424" lon="6.939552">
        <ele>2333.6</ele>
        <time>2026-08-07T07:59:17Z</time>
      </trkpt>
      <trkpt lat="44.286449" lon="6.939596">
        <ele>2334.0</ele>
        <time>2026-08-07T07:59:22Z</time>
      </trkpt>
      <trkpt lat="44.286459" lon="6.939596">
        <ele>2334.0</ele>
        <time>2026-08-07T07:59:24Z</time>
      </trkpt>
      <trkpt lat="44.286473" lon="6.939584">
        <ele>2333.8</ele>
        <time>2026-08-07T07:59:26Z</time>
      </trkpt>
      <trkpt lat="44.286541" lon="6.939556">
        <ele>2333.8</ele>
        <time>2026-08-07T07:59:31Z</time>
      </trkpt>
      <trkpt lat="44.286693" lon="6.939573">
        <ele>2334.0</ele>
        <time>2026-08-07T07:59:40Z</time>
      </trkpt>
      <trkpt lat="44.286741" lon="6.939679">
        <ele>2334.2</ele>
        <time>2026-08-07T07:59:47Z</time>
      </trkpt>
      <trkpt lat="44.286795" lon="6.939668">
        <ele>2333.8</ele>
        <time>2026-08-07T07:59:53Z</time>
      </trkpt>
      <trkpt lat="44.286896" lon="6.939685">
        <ele>2334.0</ele>
        <time>2026-08-07T08:00:00Z</time>
      </trkpt>
      <trkpt lat="44.287023" lon="6.939676">
        <ele>2334.8</ele>
        <time>2026-08-07T08:00:09Z</time>
      </trkpt>
      <trkpt lat="44.287077" lon="6.939667">
        <ele>2335.0</ele>
        <time>2026-08-07T08:00:13Z</time>
      </trkpt>
      <trkpt lat="44.287125" lon="6.939658">
        <ele>2335.2</ele>
        <time>2026-08-07T08:00:18Z</time>
      </trkpt>
      <trkpt lat="44.287232" lon="6.939662">
        <ele>2335.4</ele>
        <time>2026-08-07T08:00:26Z</time>
      </trkpt>
      <trkpt lat="44.287311" lon="6.939656">
        <ele>2335.2</ele>
        <time>2026-08-07T08:00:33Z</time>
      </trkpt>
      <trkpt lat="44.287449" lon="6.939667">
        <ele>2335.2</ele>
        <time>2026-08-07T08:00:41Z</time>
      </trkpt>
      <trkpt lat="44.287582" lon="6.939612">
        <ele>2335.4</ele>
        <time>2026-08-07T08:00:51Z</time>
      </trkpt>
      <trkpt lat="44.287626" lon="6.9395">
        <ele>2335.0</ele>
        <time>2026-08-07T08:00:58Z</time>
      </trkpt>
      <trkpt lat="44.287691" lon="6.939365">
        <ele>2335.0</ele>
        <time>2026-08-07T08:01:07Z</time>
      </trkpt>
      <trkpt lat="44.287757" lon="6.939273">
        <ele>2335.2</ele>
        <time>2026-08-07T08:01:14Z</time>
      </trkpt>
      <trkpt lat="44.287831" lon="6.939187">
        <ele>2335.2</ele>
        <time>2026-08-07T08:01:21Z</time>
      </trkpt>
      <trkpt lat="44.287854" lon="6.939163">
        <ele>2335.0</ele>
        <time>2026-08-07T08:01:23Z</time>
      </trkpt>
      <trkpt lat="44.287923" lon="6.939111">
        <ele>2335.0</ele>
        <time>2026-08-07T08:01:29Z</time>
      </trkpt>
      <trkpt lat="44.288017" lon="6.939044">
        <ele>2334.6</ele>
        <time>2026-08-07T08:01:37Z</time>
      </trkpt>
      <trkpt lat="44.28804" lon="6.939023">
        <ele>2334.8</ele>
        <time>2026-08-07T08:01:43Z</time>
      </trkpt>
      <trkpt lat="44.288023" lon="6.93903">
        <ele>2334.6</ele>
        <time>2026-08-07T08:01:46Z</time>
      </trkpt>
      <trkpt lat="44.288037" lon="6.939009">
        <ele>2334.4</ele>
        <time>2026-08-07T08:01:52Z</time>
      </trkpt>
      <trkpt lat="44.288125" lon="6.938921">
        <ele>2334.4</ele>
        <time>2026-08-07T08:01:59Z</time>
      </trkpt>
      <trkpt lat="44.288236" lon="6.93883">
        <ele>2334.4</ele>
        <time>2026-08-07T08:02:08Z</time>
      </trkpt>
      <trkpt lat="44.288333" lon="6.938789">
        <ele>2334.2</ele>
        <time>2026-08-07T08:02:17Z</time>
      </trkpt>
      <trkpt lat="44.288478" lon="6.938744">
        <ele>2334.6</ele>
        <time>2026-08-07T08:02:29Z</time>
      </trkpt>
      <trkpt lat="44.28859" lon="6.938751">
        <ele>2334.8</ele>
        <time>2026-08-07T08:02:38Z</time>
      </trkpt>
      <trkpt lat="44.288645" lon="6.938724">
        <ele>2334.8</ele>
        <time>2026-08-07T08:02:42Z</time>
      </trkpt>
      <trkpt lat="44.288726" lon="6.93867">
        <ele>2334.6</ele>
        <time>2026-08-07T08:02:48Z</time>
      </trkpt>
      <trkpt lat="44.288854" lon="6.938651">
        <ele>2334.4</ele>
        <time>2026-08-07T08:02:58Z</time>
      </trkpt>
      <trkpt lat="44.288952" lon="6.938734">
        <ele>2334.0</ele>
        <time>2026-08-07T08:03:06Z</time>
      </trkpt>
      <trkpt lat="44.288977" lon="6.938787">
        <ele>2334.0</ele>
        <time>2026-08-07T08:03:09Z</time>
      </trkpt>
      <trkpt lat="44.289035" lon="6.938887">
        <ele>2334.0</ele>
        <time>2026-08-07T08:03:15Z</time>
      </trkpt>
      <trkpt lat="44.289066" lon="6.938885">
        <ele>2334.0</ele>
        <time>2026-08-07T08:03:17Z</time>
      </trkpt>
      <trkpt lat="44.28918" lon="6.938795">
        <ele>2334.0</ele>
        <time>2026-08-07T08:03:26Z</time>
      </trkpt>
      <trkpt lat="44.289255" lon="6.938642">
        <ele>2334.0</ele>
        <time>2026-08-07T08:03:36Z</time>
      </trkpt>
      <trkpt lat="44.289362" lon="6.938601">
        <ele>2333.6</ele>
        <time>2026-08-07T08:03:44Z</time>
      </trkpt>
      <trkpt lat="44.28948" lon="6.938552">
        <ele>2333.4</ele>
        <time>2026-08-07T08:03:53Z</time>
      </trkpt>
      <trkpt lat="44.289575" lon="6.938485">
        <ele>2333.6</ele>
        <time>2026-08-07T08:04:01Z</time>
      </trkpt>
      <trkpt lat="44.289674" lon="6.938388">
        <ele>2333.6</ele>
        <time>2026-08-07T08:04:10Z</time>
      </trkpt>
      <trkpt lat="44.28974" lon="6.938306">
        <ele>2333.4</ele>
        <time>2026-08-07T08:04:17Z</time>
      </trkpt>
      <trkpt lat="44.289837" lon="6.938258">
        <ele>2333.4</ele>
        <time>2026-08-07T08:04:25Z</time>
      </trkpt>
      <trkpt lat="44.28992" lon="6.938159">
        <ele>2333.4</ele>
        <time>2026-08-07T08:04:33Z</time>
      </trkpt>
      <trkpt lat="44.289978" lon="6.938067">
        <ele>2333.4</ele>
        <time>2026-08-07T08:04:40Z</time>
      </trkpt>
      <trkpt lat="44.290043" lon="6.937999">
        <ele>2333.4</ele>
        <time>2026-08-07T08:04:48Z</time>
      </trkpt>
      <trkpt lat="44.290118" lon="6.937889">
        <ele>2333.6</ele>
        <time>2026-08-07T08:04:56Z</time>
      </trkpt>
      <trkpt lat="44.290184" lon="6.937734">
        <ele>2333.4</ele>
        <time>2026-08-07T08:05:06Z</time>
      </trkpt>
      <trkpt lat="44.290238" lon="6.937632">
        <ele>2333.4</ele>
        <time>2026-08-07T08:05:13Z</time>
      </trkpt>
      <trkpt lat="44.290312" lon="6.937532">
        <ele>2333.4</ele>
        <time>2026-08-07T08:05:21Z</time>
      </trkpt>
      <trkpt lat="44.290379" lon="6.937463">
        <ele>2333.8</ele>
        <time>2026-08-07T08:05:29Z</time>
      </trkpt>
      <trkpt lat="44.290431" lon="6.937425">
        <ele>2333.6</ele>
        <time>2026-08-07T08:05:35Z</time>
      </trkpt>
      <trkpt lat="44.290516" lon="6.937333">
        <ele>2333.4</ele>
        <time>2026-08-07T08:05:44Z</time>
      </trkpt>
      <trkpt lat="44.290571" lon="6.937259">
        <ele>2333.6</ele>
        <time>2026-08-07T08:05:51Z</time>
      </trkpt>
      <trkpt lat="44.29061" lon="6.937216">
        <ele>2333.6</ele>
        <time>2026-08-07T08:05:56Z</time>
      </trkpt>
      <trkpt lat="44.290617" lon="6.937206">
        <ele>2333.6</ele>
        <time>2026-08-07T08:05:57Z</time>
      </trkpt>
      <trkpt lat="44.290709" lon="6.937099">
        <ele>2333.4</ele>
        <time>2026-08-07T08:06:07Z</time>
      </trkpt>
      <trkpt lat="44.290805" lon="6.937064">
        <ele>2333.2</ele>
        <time>2026-08-07T08:06:15Z</time>
      </trkpt>
      <trkpt lat="44.2909" lon="6.937014">
        <ele>2333.2</ele>
        <time>2026-08-07T08:06:24Z</time>
      </trkpt>
      <trkpt lat="44.290953" lon="6.936935">
        <ele>2333.0</ele>
        <time>2026-08-07T08:06:31Z</time>
      </trkpt>
      <trkpt lat="44.29097" lon="6.936915">
        <ele>2333.2</ele>
        <time>2026-08-07T08:06:33Z</time>
      </trkpt>
      <trkpt lat="44.29103" lon="6.936839">
        <ele>2333.2</ele>
        <time>2026-08-07T08:06:40Z</time>
      </trkpt>
      <trkpt lat="44.291037" lon="6.936826">
        <ele>2333.2</ele>
        <time>2026-08-07T08:06:41Z</time>
      </trkpt>
      <trkpt lat="44.291075" lon="6.936718">
        <ele>2333.2</ele>
        <time>2026-08-07T08:06:49Z</time>
      </trkpt>
      <trkpt lat="44.291119" lon="6.936585">
        <ele>2333.4</ele>
        <time>2026-08-07T08:06:59Z</time>
      </trkpt>
      <trkpt lat="44.291148" lon="6.936454">
        <ele>2333.0</ele>
        <time>2026-08-07T08:07:07Z</time>
      </trkpt>
      <trkpt lat="44.291193" lon="6.93634">
        <ele>2332.8</ele>
        <time>2026-08-07T08:07:14Z</time>
      </trkpt>
      <trkpt lat="44.291198" lon="6.936325">
        <ele>2332.8</ele>
        <time>2026-08-07T08:07:15Z</time>
      </trkpt>
      <trkpt lat="44.291205" lon="6.936294">
        <ele>2333.0</ele>
        <time>2026-08-07T08:07:17Z</time>
      </trkpt>
      <trkpt lat="44.291228" lon="6.936205">
        <ele>2333.0</ele>
        <time>2026-08-07T08:07:23Z</time>
      </trkpt>
      <trkpt lat="44.291233" lon="6.936189">
        <ele>2333.0</ele>
        <time>2026-08-07T08:07:24Z</time>
      </trkpt>
      <trkpt lat="44.291276" lon="6.936091">
        <ele>2333.4</ele>
        <time>2026-08-07T08:07:31Z</time>
      </trkpt>
      <trkpt lat="44.291317" lon="6.935962">
        <ele>2333.0</ele>
        <time>2026-08-07T08:07:39Z</time>
      </trkpt>
      <trkpt lat="44.291368" lon="6.935819">
        <ele>2333.6</ele>
        <time>2026-08-07T08:07:48Z</time>
      </trkpt>
      <trkpt lat="44.291403" lon="6.935646">
        <ele>2333.4</ele>
        <time>2026-08-07T08:07:58Z</time>
      </trkpt>
      <trkpt lat="44.291444" lon="6.935463">
        <ele>2333.0</ele>
        <time>2026-08-07T08:08:08Z</time>
      </trkpt>
      <trkpt lat="44.291456" lon="6.935267">
        <ele>2332.8</ele>
        <time>2026-08-07T08:08:19Z</time>
      </trkpt>
      <trkpt lat="44.291464" lon="6.935099">
        <ele>2333.2</ele>
        <time>2026-08-07T08:08:30Z</time>
      </trkpt>
      <trkpt lat="44.291485" lon="6.9349">
        <ele>2332.6</ele>
        <time>2026-08-07T08:08:39Z</time>
      </trkpt>
      <trkpt lat="44.291474" lon="6.934755">
        <ele>2333.2</ele>
        <time>2026-08-07T08:08:48Z</time>
      </trkpt>
      <trkpt lat="44.291436" lon="6.934669">
        <ele>2333.4</ele>
        <time>2026-08-07T08:08:55Z</time>
      </trkpt>
      <trkpt lat="44.291427" lon="6.934654">
        <ele>2333.4</ele>
        <time>2026-08-07T08:08:56Z</time>
      </trkpt>
      <trkpt lat="44.291394" lon="6.934481">
        <ele>2332.8</ele>
        <time>2026-08-07T08:09:05Z</time>
      </trkpt>
      <trkpt lat="44.291419" lon="6.934299">
        <ele>2332.8</ele>
        <time>2026-08-07T08:09:16Z</time>
      </trkpt>
      <trkpt lat="44.291418" lon="6.934153">
        <ele>2333.0</ele>
        <time>2026-08-07T08:09:24Z</time>
      </trkpt>
      <trkpt lat="44.29138" lon="6.934041">
        <ele>2332.6</ele>
        <time>2026-08-07T08:09:31Z</time>
      </trkpt>
      <trkpt lat="44.29136" lon="6.93396">
        <ele>2332.4</ele>
        <time>2026-08-07T08:09:35Z</time>
      </trkpt>
      <trkpt lat="44.291351" lon="6.933867">
        <ele>2332.2</ele>
        <time>2026-08-07T08:09:40Z</time>
      </trkpt>
      <trkpt lat="44.291338" lon="6.933773">
        <ele>2331.8</ele>
        <time>2026-08-07T08:09:45Z</time>
      </trkpt>
      <trkpt lat="44.291321" lon="6.933673">
        <ele>2331.6</ele>
        <time>2026-08-07T08:09:50Z</time>
      </trkpt>
      <trkpt lat="44.29125" lon="6.933532">
        <ele>2331.0</ele>
        <time>2026-08-07T08:10:00Z</time>
      </trkpt>
      <trkpt lat="44.291217" lon="6.933523">
        <ele>2330.8</ele>
        <time>2026-08-07T08:10:03Z</time>
      </trkpt>
      <trkpt lat="44.291172" lon="6.933497">
        <ele>2330.6</ele>
        <time>2026-08-07T08:10:07Z</time>
      </trkpt>
      <trkpt lat="44.291147" lon="6.933384">
        <ele>2330.0</ele>
        <time>2026-08-07T08:10:13Z</time>
      </trkpt>
      <trkpt lat="44.2912" lon="6.933301">
        <ele>2330.0</ele>
        <time>2026-08-07T08:10:20Z</time>
      </trkpt>
      <trkpt lat="44.291228" lon="6.933259">
        <ele>2329.8</ele>
        <time>2026-08-07T08:10:23Z</time>
      </trkpt>
      <trkpt lat="44.29124" lon="6.933157">
        <ele>2329.8</ele>
        <time>2026-08-07T08:10:28Z</time>
      </trkpt>
      <trkpt lat="44.291234" lon="6.933018">
        <ele>2329.4</ele>
        <time>2026-08-07T08:10:35Z</time>
      </trkpt>
      <trkpt lat="44.291218" lon="6.932941">
        <ele>2329.2</ele>
        <time>2026-08-07T08:10:39Z</time>
      </trkpt>
      <trkpt lat="44.291199" lon="6.932888">
        <ele>2329.0</ele>
        <time>2026-08-07T08:10:43Z</time>
      </trkpt>
      <trkpt lat="44.291195" lon="6.932871">
        <ele>2328.8</ele>
        <time>2026-08-07T08:10:44Z</time>
      </trkpt>
      <trkpt lat="44.29119" lon="6.932744">
        <ele>2328.2</ele>
        <time>2026-08-07T08:10:53Z</time>
      </trkpt>
      <trkpt lat="44.291218" lon="6.932597">
        <ele>2327.8</ele>
        <time>2026-08-07T08:11:01Z</time>
      </trkpt>
      <trkpt lat="44.291284" lon="6.932474">
        <ele>2327.4</ele>
        <time>2026-08-07T08:11:10Z</time>
      </trkpt>
      <trkpt lat="44.291385" lon="6.932414">
        <ele>2327.4</ele>
        <time>2026-08-07T08:11:19Z</time>
      </trkpt>
      <trkpt lat="44.291442" lon="6.932476">
        <ele>2327.4</ele>
        <time>2026-08-07T08:11:25Z</time>
      </trkpt>
      <trkpt lat="44.291494" lon="6.932506">
        <ele>2327.4</ele>
        <time>2026-08-07T08:11:31Z</time>
      </trkpt>
      <trkpt lat="44.291555" lon="6.932599">
        <ele>2327.2</ele>
        <time>2026-08-07T08:11:38Z</time>
      </trkpt>
      <trkpt lat="44.291658" lon="6.932649">
        <ele>2327.2</ele>
        <time>2026-08-07T08:11:46Z</time>
      </trkpt>
      <trkpt lat="44.291814" lon="6.932725">
        <ele>2326.8</ele>
        <time>2026-08-07T08:11:57Z</time>
      </trkpt>
      <trkpt lat="44.291915" lon="6.932731">
        <ele>2326.8</ele>
        <time>2026-08-07T08:12:04Z</time>
      </trkpt>
      <trkpt lat="44.292048" lon="6.932699">
        <ele>2326.4</ele>
        <time>2026-08-07T08:12:13Z</time>
      </trkpt>
      <trkpt lat="44.292158" lon="6.93267">
        <ele>2326.6</ele>
        <time>2026-08-07T08:12:21Z</time>
      </trkpt>
      <trkpt lat="44.292253" lon="6.932666">
        <ele>2326.6</ele>
        <time>2026-08-07T08:12:28Z</time>
      </trkpt>
      <trkpt lat="44.292393" lon="6.932622">
        <ele>2327.0</ele>
        <time>2026-08-07T08:12:38Z</time>
      </trkpt>
      <trkpt lat="44.292485" lon="6.932497">
        <ele>2327.2</ele>
        <time>2026-08-07T08:12:47Z</time>
      </trkpt>
      <trkpt lat="44.292522" lon="6.932349">
        <ele>2327.4</ele>
        <time>2026-08-07T08:12:54Z</time>
      </trkpt>
      <trkpt lat="44.292582" lon="6.932255">
        <ele>2327.2</ele>
        <time>2026-08-07T08:13:02Z</time>
      </trkpt>
      <trkpt lat="44.292664" lon="6.932149">
        <ele>2327.2</ele>
        <time>2026-08-07T08:13:10Z</time>
      </trkpt>
      <trkpt lat="44.292734" lon="6.932135">
        <ele>2327.4</ele>
        <time>2026-08-07T08:13:16Z</time>
      </trkpt>
      <trkpt lat="44.292834" lon="6.932147">
        <ele>2326.6</ele>
        <time>2026-08-07T08:13:23Z</time>
      </trkpt>
      <trkpt lat="44.292929" lon="6.932119">
        <ele>2327.2</ele>
        <time>2026-08-07T08:13:30Z</time>
      </trkpt>
      <trkpt lat="44.293051" lon="6.932072">
        <ele>2327.4</ele>
        <time>2026-08-07T08:13:39Z</time>
      </trkpt>
      <trkpt lat="44.293212" lon="6.932012">
        <ele>2327.2</ele>
        <time>2026-08-07T08:13:50Z</time>
      </trkpt>
      <trkpt lat="44.293331" lon="6.931993">
        <ele>2327.6</ele>
        <time>2026-08-07T08:13:58Z</time>
      </trkpt>
      <trkpt lat="44.29342" lon="6.931932">
        <ele>2327.6</ele>
        <time>2026-08-07T08:14:06Z</time>
      </trkpt>
      <trkpt lat="44.293494" lon="6.931866">
        <ele>2327.8</ele>
        <time>2026-08-07T08:14:13Z</time>
      </trkpt>
      <trkpt lat="44.293507" lon="6.931851">
        <ele>2327.8</ele>
        <time>2026-08-07T08:14:14Z</time>
      </trkpt>
      <trkpt lat="44.293536" lon="6.93179">
        <ele>2328.8</ele>
        <time>2026-08-07T08:14:19Z</time>
      </trkpt>
      <trkpt lat="44.293561" lon="6.931809">
        <ele>2328.8</ele>
        <time>2026-08-07T08:14:21Z</time>
      </trkpt>
      <trkpt lat="44.293609" lon="6.931821">
        <ele>2328.6</ele>
        <time>2026-08-07T08:14:24Z</time>
      </trkpt>
      <trkpt lat="44.293681" lon="6.931786">
        <ele>2329.0</ele>
        <time>2026-08-07T08:14:29Z</time>
      </trkpt>
      <trkpt lat="44.293707" lon="6.931766">
        <ele>2329.0</ele>
        <time>2026-08-07T08:14:31Z</time>
      </trkpt>
      <trkpt lat="44.29379" lon="6.931674">
        <ele>2329.8</ele>
        <time>2026-08-07T08:14:39Z</time>
      </trkpt>
      <trkpt lat="44.293802" lon="6.931659">
        <ele>2330.0</ele>
        <time>2026-08-07T08:14:40Z</time>
      </trkpt>
      <trkpt lat="44.293865" lon="6.931626">
        <ele>2330.0</ele>
        <time>2026-08-07T08:14:45Z</time>
      </trkpt>
      <trkpt lat="44.293888" lon="6.931625">
        <ele>2330.2</ele>
        <time>2026-08-07T08:14:48Z</time>
      </trkpt>
      <trkpt lat="44.293921" lon="6.931636">
        <ele>2330.0</ele>
        <time>2026-08-07T08:14:53Z</time>
      </trkpt>
      <trkpt lat="44.29392" lon="6.931641">
        <ele>2330.0</ele>
        <time>2026-08-07T08:14:59Z</time>
      </trkpt>
      <trkpt lat="44.293936" lon="6.931635">
        <ele>2329.8</ele>
        <time>2026-08-07T08:15:09Z</time>
      </trkpt>
      <trkpt lat="44.293937" lon="6.931645">
        <ele>2329.6</ele>
        <time>2026-08-07T08:15:18Z</time>
      </trkpt>
      <trkpt lat="44.293936" lon="6.931645">
        <ele>2329.6</ele>
        <time>2026-08-07T08:15:19Z</time>
      </trkpt>
      <trkpt lat="44.293903" lon="6.93162">
        <ele>2329.8</ele>
        <time>2026-08-07T08:15:27Z</time>
      </trkpt>
      <trkpt lat="44.293936" lon="6.931671">
        <ele>2329.8</ele>
        <time>2026-08-07T08:15:33Z</time>
      </trkpt>
      <trkpt lat="44.29397" lon="6.931703">
        <ele>2330.2</ele>
        <time>2026-08-07T08:15:39Z</time>
      </trkpt>
      <trkpt lat="44.293971" lon="6.931702">
        <ele>2330.6</ele>
        <time>2026-08-07T08:15:49Z</time>
      </trkpt>
      <trkpt lat="44.293971" lon="6.931688">
        <ele>2331.0</ele>
        <time>2026-08-07T08:15:52Z</time>
      </trkpt>
      <trkpt lat="44.294002" lon="6.931701">
        <ele>2331.0</ele>
        <time>2026-08-07T08:15:58Z</time>
      </trkpt>
      <trkpt lat="44.293986" lon="6.93172">
        <ele>2331.2</ele>
        <time>2026-08-07T08:16:05Z</time>
      </trkpt>
      <trkpt lat="44.293992" lon="6.931745">
        <ele>2331.4</ele>
        <time>2026-08-07T08:16:07Z</time>
      </trkpt>
      <trkpt lat="44.293999" lon="6.931763">
        <ele>2331.6</ele>
        <time>2026-08-07T08:16:08Z</time>
      </trkpt>
      <trkpt lat="44.294004" lon="6.931781">
        <ele>2331.6</ele>
        <time>2026-08-07T08:16:09Z</time>
      </trkpt>
      <trkpt lat="44.294011" lon="6.931794">
        <ele>2331.8</ele>
        <time>2026-08-07T08:16:10Z</time>
      </trkpt>
      <trkpt lat="44.294018" lon="6.931804">
        <ele>2331.8</ele>
        <time>2026-08-07T08:16:11Z</time>
      </trkpt>
      <trkpt lat="44.294042" lon="6.931814">
        <ele>2331.8</ele>
        <time>2026-08-07T08:16:13Z</time>
      </trkpt>
      <trkpt lat="44.294062" lon="6.931809">
        <ele>2332.0</ele>
        <time>2026-08-07T08:16:15Z</time>
      </trkpt>
      <trkpt lat="44.294078" lon="6.931775">
        <ele>2333.2</ele>
        <time>2026-08-07T08:16:20Z</time>
      </trkpt>
      <trkpt lat="44.294087" lon="6.931785">
        <ele>2334.2</ele>
        <time>2026-08-07T08:16:24Z</time>
      </trkpt>
      <trkpt lat="44.294096" lon="6.931806">
        <ele>2335.0</ele>
        <time>2026-08-07T08:16:27Z</time>
      </trkpt>
      <trkpt lat="44.294104" lon="6.931818">
        <ele>2335.4</ele>
        <time>2026-08-07T08:16:29Z</time>
      </trkpt>
      <trkpt lat="44.294127" lon="6.931858">
        <ele>2336.4</ele>
        <time>2026-08-07T08:16:34Z</time>
      </trkpt>
      <trkpt lat="44.294131" lon="6.931868">
        <ele>2336.6</ele>
        <time>2026-08-07T08:16:35Z</time>
      </trkpt>
      <trkpt lat="44.29416" lon="6.931897">
        <ele>2337.8</ele>
        <time>2026-08-07T08:16:41Z</time>
      </trkpt>
      <trkpt lat="44.294187" lon="6.931911">
        <ele>2338.8</ele>
        <time>2026-08-07T08:16:47Z</time>
      </trkpt>
      <trkpt lat="44.2942" lon="6.931917">
        <ele>2339.6</ele>
        <time>2026-08-07T08:16:51Z</time>
      </trkpt>
      <trkpt lat="44.294203" lon="6.93192">
        <ele>2339.8</ele>
        <time>2026-08-07T08:16:52Z</time>
      </trkpt>
      <trkpt lat="44.294214" lon="6.931944">
        <ele>2340.8</ele>
        <time>2026-08-07T08:16:56Z</time>
      </trkpt>
      <trkpt lat="44.294233" lon="6.931957">
        <ele>2341.6</ele>
        <time>2026-08-07T08:17:00Z</time>
      </trkpt>
      <trkpt lat="44.294242" lon="6.931979">
        <ele>2342.0</ele>
        <time>2026-08-07T08:17:02Z</time>
      </trkpt>
      <trkpt lat="44.294252" lon="6.932016">
        <ele>2342.8</ele>
        <time>2026-08-07T08:17:07Z</time>
      </trkpt>
      <trkpt lat="44.294258" lon="6.932034">
        <ele>2343.2</ele>
        <time>2026-08-07T08:17:09Z</time>
      </trkpt>
      <trkpt lat="44.294291" lon="6.932105">
        <ele>2344.2</ele>
        <time>2026-08-07T08:17:15Z</time>
      </trkpt>
      <trkpt lat="44.294305" lon="6.932113">
        <ele>2344.8</ele>
        <time>2026-08-07T08:17:18Z</time>
      </trkpt>
      <trkpt lat="44.294312" lon="6.932115">
        <ele>2345.4</ele>
        <time>2026-08-07T08:17:21Z</time>
      </trkpt>
      <trkpt lat="44.294329" lon="6.932114">
        <ele>2346.4</ele>
        <time>2026-08-07T08:17:25Z</time>
      </trkpt>
      <trkpt lat="44.294351" lon="6.932112">
        <ele>2347.0</ele>
        <time>2026-08-07T08:17:28Z</time>
      </trkpt>
      <trkpt lat="44.294367" lon="6.932101">
        <ele>2347.6</ele>
        <time>2026-08-07T08:17:31Z</time>
      </trkpt>
      <trkpt lat="44.294362" lon="6.932097">
        <ele>2348.2</ele>
        <time>2026-08-07T08:17:36Z</time>
      </trkpt>
      <trkpt lat="44.294383" lon="6.932083">
        <ele>2348.6</ele>
        <time>2026-08-07T08:17:43Z</time>
      </trkpt>
      <trkpt lat="44.294378" lon="6.932082">
        <ele>2348.6</ele>
        <time>2026-08-07T08:17:51Z</time>
      </trkpt>
      <trkpt lat="44.294381" lon="6.932078">
        <ele>2348.6</ele>
        <time>2026-08-07T08:17:54Z</time>
      </trkpt>
      <trkpt lat="44.294391" lon="6.932061">
        <ele>2348.0</ele>
        <time>2026-08-07T08:18:00Z</time>
      </trkpt>
      <trkpt lat="44.294391" lon="6.932015">
        <ele>2347.6</ele>
        <time>2026-08-07T08:18:04Z</time>
      </trkpt>
      <trkpt lat="44.294393" lon="6.931985">
        <ele>2347.0</ele>
        <time>2026-08-07T08:18:08Z</time>
      </trkpt>
      <trkpt lat="44.294402" lon="6.931921">
        <ele>2346.6</ele>
        <time>2026-08-07T08:18:16Z</time>
      </trkpt>
      <trkpt lat="44.294445" lon="6.931872">
        <ele>2346.0</ele>
        <time>2026-08-07T08:18:24Z</time>
      </trkpt>
      <trkpt lat="44.294454" lon="6.931861">
        <ele>2345.6</ele>
        <time>2026-08-07T08:18:27Z</time>
      </trkpt>
      <trkpt lat="44.294453" lon="6.931858">
        <ele>2345.4</ele>
        <time>2026-08-07T08:18:28Z</time>
      </trkpt>
      <trkpt lat="44.294468" lon="6.931839">
        <ele>2344.6</ele>
        <time>2026-08-07T08:18:32Z</time>
      </trkpt>
      <trkpt lat="44.294473" lon="6.931832">
        <ele>2344.2</ele>
        <time>2026-08-07T08:18:34Z</time>
      </trkpt>
      <trkpt lat="44.294498" lon="6.931812">
        <ele>2343.2</ele>
        <time>2026-08-07T08:18:39Z</time>
      </trkpt>
      <trkpt lat="44.294505" lon="6.931809">
        <ele>2343.2</ele>
        <time>2026-08-07T08:18:40Z</time>
      </trkpt>
      <trkpt lat="44.294577" lon="6.93177">
        <ele>2342.2</ele>
        <time>2026-08-07T08:18:47Z</time>
      </trkpt>
      <trkpt lat="44.294602" lon="6.931723">
        <ele>2343.4</ele>
        <time>2026-08-07T08:18:55Z</time>
      </trkpt>
      <trkpt lat="44.29462" lon="6.931694">
        <ele>2344.0</ele>
        <time>2026-08-07T08:19:00Z</time>
      </trkpt>
      <trkpt lat="44.29462" lon="6.931687">
        <ele>2344.2</ele>
        <time>2026-08-07T08:19:01Z</time>
      </trkpt>
      <trkpt lat="44.294622" lon="6.931683">
        <ele>2344.6</ele>
        <time>2026-08-07T08:19:03Z</time>
      </trkpt>
      <trkpt lat="44.29463" lon="6.931672">
        <ele>2345.2</ele>
        <time>2026-08-07T08:19:06Z</time>
      </trkpt>
      <trkpt lat="44.294647" lon="6.931631">
        <ele>2344.8</ele>
        <time>2026-08-07T08:19:10Z</time>
      </trkpt>
      <trkpt lat="44.294653" lon="6.931609">
        <ele>2344.2</ele>
        <time>2026-08-07T08:19:13Z</time>
      </trkpt>
      <trkpt lat="44.294671" lon="6.931567">
        <ele>2343.8</ele>
        <time>2026-08-07T08:19:17Z</time>
      </trkpt>
      <trkpt lat="44.29468" lon="6.931548">
        <ele>2344.0</ele>
        <time>2026-08-07T08:19:19Z</time>
      </trkpt>
      <trkpt lat="44.294725" lon="6.931509">
        <ele>2344.8</ele>
        <time>2026-08-07T08:19:26Z</time>
      </trkpt>
      <trkpt lat="44.294747" lon="6.931504">
        <ele>2345.2</ele>
        <time>2026-08-07T08:19:30Z</time>
      </trkpt>
      <trkpt lat="44.294784" lon="6.931509">
        <ele>2346.2</ele>
        <time>2026-08-07T08:19:35Z</time>
      </trkpt>
      <trkpt lat="44.29481" lon="6.93148">
        <ele>2347.2</ele>
        <time>2026-08-07T08:19:40Z</time>
      </trkpt>
      <trkpt lat="44.294836" lon="6.931449">
        <ele>2347.4</ele>
        <time>2026-08-07T08:19:43Z</time>
      </trkpt>
      <trkpt lat="44.29491" lon="6.931403">
        <ele>2346.4</ele>
        <time>2026-08-07T08:19:52Z</time>
      </trkpt>
      <trkpt lat="44.294964" lon="6.931366">
        <ele>2346.2</ele>
        <time>2026-08-07T08:19:58Z</time>
      </trkpt>
      <trkpt lat="44.294976" lon="6.931343">
        <ele>2346.0</ele>
        <time>2026-08-07T08:20:00Z</time>
      </trkpt>
      <trkpt lat="44.295001" lon="6.93128">
        <ele>2346.0</ele>
        <time>2026-08-07T08:20:08Z</time>
      </trkpt>
      <trkpt lat="44.295009" lon="6.931237">
        <ele>2345.0</ele>
        <time>2026-08-07T08:20:12Z</time>
      </trkpt>
      <trkpt lat="44.294999" lon="6.931182">
        <ele>2345.0</ele>
        <time>2026-08-07T08:20:16Z</time>
      </trkpt>
      <trkpt lat="44.29499" lon="6.93112">
        <ele>2344.0</ele>
        <time>2026-08-07T08:20:23Z</time>
      </trkpt>
      <trkpt lat="44.295001" lon="6.931108">
        <ele>2343.6</ele>
        <time>2026-08-07T08:20:25Z</time>
      </trkpt>
      <trkpt lat="44.295025" lon="6.931069">
        <ele>2342.8</ele>
        <time>2026-08-07T08:20:29Z</time>
      </trkpt>
      <trkpt lat="44.29504" lon="6.931027">
        <ele>2342.6</ele>
        <time>2026-08-07T08:20:32Z</time>
      </trkpt>
      <trkpt lat="44.295043" lon="6.930953">
        <ele>2342.2</ele>
        <time>2026-08-07T08:20:39Z</time>
      </trkpt>
      <trkpt lat="44.295041" lon="6.930916">
        <ele>2341.8</ele>
        <time>2026-08-07T08:20:41Z</time>
      </trkpt>
      <trkpt lat="44.295039" lon="6.930894">
        <ele>2341.8</ele>
        <time>2026-08-07T08:20:42Z</time>
      </trkpt>
      <trkpt lat="44.295015" lon="6.930834">
        <ele>2341.4</ele>
        <time>2026-08-07T08:20:47Z</time>
      </trkpt>
      <trkpt lat="44.295011" lon="6.930821">
        <ele>2341.4</ele>
        <time>2026-08-07T08:20:48Z</time>
      </trkpt>
      <trkpt lat="44.294978" lon="6.930744">
        <ele>2341.0</ele>
        <time>2026-08-07T08:20:56Z</time>
      </trkpt>
      <trkpt lat="44.294962" lon="6.930731">
        <ele>2340.8</ele>
        <time>2026-08-07T08:20:58Z</time>
      </trkpt>
      <trkpt lat="44.294945" lon="6.930752">
        <ele>2340.6</ele>
        <time>2026-08-07T08:21:03Z</time>
      </trkpt>
      <trkpt lat="44.294944" lon="6.930741">
        <ele>2340.2</ele>
        <time>2026-08-07T08:21:07Z</time>
      </trkpt>
      <trkpt lat="44.294935" lon="6.930696">
        <ele>2339.8</ele>
        <time>2026-08-07T08:21:10Z</time>
      </trkpt>
      <trkpt lat="44.294923" lon="6.930665">
        <ele>2339.6</ele>
        <time>2026-08-07T08:21:12Z</time>
      </trkpt>
      <trkpt lat="44.294877" lon="6.930608">
        <ele>2339.0</ele>
        <time>2026-08-07T08:21:19Z</time>
      </trkpt>
      <trkpt lat="44.294854" lon="6.930588">
        <ele>2338.6</ele>
        <time>2026-08-07T08:21:22Z</time>
      </trkpt>
      <trkpt lat="44.294842" lon="6.93055">
        <ele>2337.6</ele>
        <time>2026-08-07T08:21:26Z</time>
      </trkpt>
      <trkpt lat="44.294839" lon="6.930534">
        <ele>2337.4</ele>
        <time>2026-08-07T08:21:27Z</time>
      </trkpt>
      <trkpt lat="44.294846" lon="6.930491">
        <ele>2336.6</ele>
        <time>2026-08-07T08:21:35Z</time>
      </trkpt>
      <trkpt lat="44.294849" lon="6.930486">
        <ele>2336.4</ele>
        <time>2026-08-07T08:21:36Z</time>
      </trkpt>
      <trkpt lat="44.294867" lon="6.930406">
        <ele>2335.2</ele>
        <time>2026-08-07T08:21:41Z</time>
      </trkpt>
      <trkpt lat="44.294875" lon="6.930379">
        <ele>2334.4</ele>
        <time>2026-08-07T08:21:44Z</time>
      </trkpt>
      <trkpt lat="44.294877" lon="6.930371">
        <ele>2334.2</ele>
        <time>2026-08-07T08:21:45Z</time>
      </trkpt>
      <trkpt lat="44.294899" lon="6.930282">
        <ele>2333.2</ele>
        <time>2026-08-07T08:21:51Z</time>
      </trkpt>
      <trkpt lat="44.294903" lon="6.930264">
        <ele>2333.2</ele>
        <time>2026-08-07T08:21:53Z</time>
      </trkpt>
      <trkpt lat="44.294918" lon="6.930158">
        <ele>2333.2</ele>
        <time>2026-08-07T08:22:01Z</time>
      </trkpt>
      <trkpt lat="44.294931" lon="6.930081">
        <ele>2332.2</ele>
        <time>2026-08-07T08:22:08Z</time>
      </trkpt>
      <trkpt lat="44.29498" lon="6.93002">
        <ele>2331.2</ele>
        <time>2026-08-07T08:22:15Z</time>
      </trkpt>
      <trkpt lat="44.294984" lon="6.930018">
        <ele>2331.0</ele>
        <time>2026-08-07T08:22:16Z</time>
      </trkpt>
      <trkpt lat="44.294995" lon="6.930004">
        <ele>2331.4</ele>
        <time>2026-08-07T08:22:22Z</time>
      </trkpt>
      <trkpt lat="44.295002" lon="6.929993">
        <ele>2332.2</ele>
        <time>2026-08-07T08:22:26Z</time>
      </trkpt>
      <trkpt lat="44.295014" lon="6.930015">
        <ele>2333.4</ele>
        <time>2026-08-07T08:22:30Z</time>
      </trkpt>
      <trkpt lat="44.295017" lon="6.930024">
        <ele>2333.6</ele>
        <time>2026-08-07T08:22:31Z</time>
      </trkpt>
      <trkpt lat="44.295031" lon="6.930043">
        <ele>2334.4</ele>
        <time>2026-08-07T08:22:36Z</time>
      </trkpt>
      <trkpt lat="44.295055" lon="6.93006">
        <ele>2335.2</ele>
        <time>2026-08-07T08:22:40Z</time>
      </trkpt>
      <trkpt lat="44.295067" lon="6.93007">
        <ele>2335.6</ele>
        <time>2026-08-07T08:22:42Z</time>
      </trkpt>
      <trkpt lat="44.295083" lon="6.930085">
        <ele>2336.8</ele>
        <time>2026-08-07T08:22:47Z</time>
      </trkpt>
      <trkpt lat="44.295091" lon="6.93009">
        <ele>2337.0</ele>
        <time>2026-08-07T08:22:48Z</time>
      </trkpt>
      <trkpt lat="44.295127" lon="6.93011">
        <ele>2337.0</ele>
        <time>2026-08-07T08:22:52Z</time>
      </trkpt>
      <trkpt lat="44.295147" lon="6.930119">
        <ele>2336.8</ele>
        <time>2026-08-07T08:22:55Z</time>
      </trkpt>
      <trkpt lat="44.295188" lon="6.930168">
        <ele>2337.0</ele>
        <time>2026-08-07T08:23:01Z</time>
      </trkpt>
      <trkpt lat="44.29523" lon="6.93025">
        <ele>2336.8</ele>
        <time>2026-08-07T08:23:08Z</time>
      </trkpt>
      <trkpt lat="44.29528" lon="6.930283">
        <ele>2337.6</ele>
        <time>2026-08-07T08:23:15Z</time>
      </trkpt>
      <trkpt lat="44.295283" lon="6.930288">
        <ele>2337.8</ele>
        <time>2026-08-07T08:23:16Z</time>
      </trkpt>
      <trkpt lat="44.295298" lon="6.930296">
        <ele>2338.2</ele>
        <time>2026-08-07T08:23:18Z</time>
      </trkpt>
      <trkpt lat="44.295311" lon="6.930296">
        <ele>2338.6</ele>
        <time>2026-08-07T08:23:20Z</time>
      </trkpt>
      <trkpt lat="44.29533" lon="6.930299">
        <ele>2339.2</ele>
        <time>2026-08-07T08:23:23Z</time>
      </trkpt>
      <trkpt lat="44.295342" lon="6.930302">
        <ele>2339.2</ele>
        <time>2026-08-07T08:23:24Z</time>
      </trkpt>
      <trkpt lat="44.295412" lon="6.930316">
        <ele>2339.8</ele>
        <time>2026-08-07T08:23:31Z</time>
      </trkpt>
      <trkpt lat="44.295467" lon="6.930321">
        <ele>2340.2</ele>
        <time>2026-08-07T08:23:36Z</time>
      </trkpt>
      <trkpt lat="44.295488" lon="6.930327">
        <ele>2340.6</ele>
        <time>2026-08-07T08:23:38Z</time>
      </trkpt>
      <trkpt lat="44.295552" lon="6.930396">
        <ele>2341.2</ele>
        <time>2026-08-07T08:23:47Z</time>
      </trkpt>
      <trkpt lat="44.295544" lon="6.930398">
        <ele>2341.2</ele>
        <time>2026-08-07T08:23:50Z</time>
      </trkpt>
      <trkpt lat="44.295532" lon="6.930388">
        <ele>2341.2</ele>
        <time>2026-08-07T08:23:54Z</time>
      </trkpt>
      <trkpt lat="44.295517" lon="6.930386">
        <ele>2341.0</ele>
        <time>2026-08-07T08:24:03Z</time>
      </trkpt>
      <trkpt lat="44.295514" lon="6.930346">
        <ele>2341.4</ele>
        <time>2026-08-07T08:24:12Z</time>
      </trkpt>
      <trkpt lat="44.295521" lon="6.930344">
        <ele>2341.4</ele>
        <time>2026-08-07T08:24:14Z</time>
      </trkpt>
      <trkpt lat="44.295537" lon="6.930365">
        <ele>2342.2</ele>
        <time>2026-08-07T08:24:22Z</time>
      </trkpt>
      <trkpt lat="44.295577" lon="6.930363">
        <ele>2342.2</ele>
        <time>2026-08-07T08:24:30Z</time>
      </trkpt>
      <trkpt lat="44.295522" lon="6.930403">
        <ele>2342.2</ele>
        <time>2026-08-07T08:24:38Z</time>
      </trkpt>
      <trkpt lat="44.29554" lon="6.930395">
        <ele>2342.2</ele>
        <time>2026-08-07T08:24:45Z</time>
      </trkpt>
      <trkpt lat="44.295539" lon="6.930392">
        <ele>2342.4</ele>
        <time>2026-08-07T08:24:46Z</time>
      </trkpt>
      <trkpt lat="44.295559" lon="6.930383">
        <ele>2342.6</ele>
        <time>2026-08-07T08:24:55Z</time>
      </trkpt>
      <trkpt lat="44.295543" lon="6.930349">
        <ele>2342.8</ele>
        <time>2026-08-07T08:25:02Z</time>
      </trkpt>
      <trkpt lat="44.295545" lon="6.930359">
        <ele>2342.8</ele>
        <time>2026-08-07T08:25:04Z</time>
      </trkpt>
      <trkpt lat="44.295545" lon="6.930383">
        <ele>2342.8</ele>
        <time>2026-08-07T08:25:12Z</time>
      </trkpt>
      <trkpt lat="44.295546" lon="6.930376">
        <ele>2343.0</ele>
        <time>2026-08-07T08:25:16Z</time>
      </trkpt>
      <trkpt lat="44.295552" lon="6.930378">
        <ele>2342.8</ele>
        <time>2026-08-07T08:25:18Z</time>
      </trkpt>
      <trkpt lat="44.295561" lon="6.930388">
        <ele>2342.6</ele>
        <time>2026-08-07T08:25:21Z</time>
      </trkpt>
      <trkpt lat="44.295576" lon="6.930367">
        <ele>2342.0</ele>
        <time>2026-08-07T08:25:31Z</time>
      </trkpt>
      <trkpt lat="44.295575" lon="6.930374">
        <ele>2342.4</ele>
        <time>2026-08-07T08:25:35Z</time>
      </trkpt>
      <trkpt lat="44.295553" lon="6.930436">
        <ele>2342.6</ele>
        <time>2026-08-07T08:25:40Z</time>
      </trkpt>
      <trkpt lat="44.295525" lon="6.930441">
        <ele>2342.4</ele>
        <time>2026-08-07T08:25:47Z</time>
      </trkpt>
      <trkpt lat="44.295519" lon="6.930418">
        <ele>2342.4</ele>
        <time>2026-08-07T08:25:50Z</time>
      </trkpt>
      <trkpt lat="44.29552" lon="6.930409">
        <ele>2342.4</ele>
        <time>2026-08-07T08:25:51Z</time>
      </trkpt>
      <trkpt lat="44.295522" lon="6.930399">
        <ele>2342.2</ele>
        <time>2026-08-07T08:25:52Z</time>
      </trkpt>
      <trkpt lat="44.295529" lon="6.930391">
        <ele>2342.2</ele>
        <time>2026-08-07T08:25:53Z</time>
      </trkpt>
      <trkpt lat="44.295539" lon="6.930381">
        <ele>2342.2</ele>
        <time>2026-08-07T08:25:55Z</time>
      </trkpt>
      <trkpt lat="44.295535" lon="6.930404">
        <ele>2342.6</ele>
        <time>2026-08-07T08:26:06Z</time>
      </trkpt>
      <trkpt lat="44.29555" lon="6.930387">
        <ele>2342.6</ele>
        <time>2026-08-07T08:26:14Z</time>
      </trkpt>
      <trkpt lat="44.295559" lon="6.930383">
        <ele>2342.4</ele>
        <time>2026-08-07T08:26:17Z</time>
      </trkpt>
      <trkpt lat="44.295558" lon="6.930427">
        <ele>2342.0</ele>
        <time>2026-08-07T08:26:23Z</time>
      </trkpt>
      <trkpt lat="44.295561" lon="6.930376">
        <ele>2341.4</ele>
        <time>2026-08-07T08:26:33Z</time>
      </trkpt>
      <trkpt lat="44.295568" lon="6.930374">
        <ele>2342.0</ele>
        <time>2026-08-07T08:26:43Z</time>
      </trkpt>
      <trkpt lat="44.295568" lon="6.930365">
        <ele>2342.0</ele>
        <time>2026-08-07T08:26:45Z</time>
      </trkpt>
      <trkpt lat="44.29557" lon="6.930417">
        <ele>2342.0</ele>
        <time>2026-08-07T08:26:52Z</time>
      </trkpt>
      <trkpt lat="44.295562" lon="6.930397">
        <ele>2341.6</ele>
        <time>2026-08-07T08:27:03Z</time>
      </trkpt>
      <trkpt lat="44.295572" lon="6.930403">
        <ele>2341.6</ele>
        <time>2026-08-07T08:27:11Z</time>
      </trkpt>
      <trkpt lat="44.295564" lon="6.930384">
        <ele>2342.0</ele>
        <time>2026-08-07T08:27:21Z</time>
      </trkpt>
      <trkpt lat="44.295575" lon="6.930407">
        <ele>2342.4</ele>
        <time>2026-08-07T08:27:32Z</time>
      </trkpt>
      <trkpt lat="44.295567" lon="6.930385">
        <ele>2342.4</ele>
        <time>2026-08-07T08:27:44Z</time>
      </trkpt>
      <trkpt lat="44.295555" lon="6.930379">
        <ele>2342.2</ele>
        <time>2026-08-07T08:27:55Z</time>
      </trkpt>
      <trkpt lat="44.295584" lon="6.930372">
        <ele>2343.0</ele>
        <time>2026-08-07T08:28:01Z</time>
      </trkpt>
      <trkpt lat="44.295623" lon="6.930389">
        <ele>2343.6</ele>
        <time>2026-08-07T08:28:05Z</time>
      </trkpt>
      <trkpt lat="44.29568" lon="6.930424">
        <ele>2344.2</ele>
        <time>2026-08-07T08:28:11Z</time>
      </trkpt>
      <trkpt lat="44.295701" lon="6.93044">
        <ele>2344.6</ele>
        <time>2026-08-07T08:28:14Z</time>
      </trkpt>
      <trkpt lat="44.295741" lon="6.930483">
        <ele>2345.0</ele>
        <time>2026-08-07T08:28:18Z</time>
      </trkpt>
      <trkpt lat="44.295777" lon="6.930514">
        <ele>2345.6</ele>
        <time>2026-08-07T08:28:23Z</time>
      </trkpt>
      <trkpt lat="44.295793" lon="6.930511">
        <ele>2345.8</ele>
        <time>2026-08-07T08:28:26Z</time>
      </trkpt>
      <trkpt lat="44.295837" lon="6.930501">
        <ele>2346.8</ele>
        <time>2026-08-07T08:28:31Z</time>
      </trkpt>
      <trkpt lat="44.295854" lon="6.930493">
        <ele>2347.4</ele>
        <time>2026-08-07T08:28:34Z</time>
      </trkpt>
      <trkpt lat="44.295864" lon="6.930485">
        <ele>2347.8</ele>
        <time>2026-08-07T08:28:36Z</time>
      </trkpt>
      <trkpt lat="44.295894" lon="6.930443">
        <ele>2348.8</ele>
        <time>2026-08-07T08:28:43Z</time>
      </trkpt>
      <trkpt lat="44.295906" lon="6.930427">
        <ele>2349.0</ele>
        <time>2026-08-07T08:28:45Z</time>
      </trkpt>
      <trkpt lat="44.295916" lon="6.93041">
        <ele>2348.8</ele>
        <time>2026-08-07T08:28:47Z</time>
      </trkpt>
      <trkpt lat="44.295931" lon="6.930394">
        <ele>2348.4</ele>
        <time>2026-08-07T08:28:50Z</time>
      </trkpt>
      <trkpt lat="44.295954" lon="6.93037">
        <ele>2347.8</ele>
        <time>2026-08-07T08:28:53Z</time>
      </trkpt>
      <trkpt lat="44.295962" lon="6.930361">
        <ele>2347.6</ele>
        <time>2026-08-07T08:28:54Z</time>
      </trkpt>
      <trkpt lat="44.295977" lon="6.930339">
        <ele>2347.4</ele>
        <time>2026-08-07T08:28:56Z</time>
      </trkpt>
      <trkpt lat="44.295987" lon="6.9303">
        <ele>2347.8</ele>
        <time>2026-08-07T08:29:01Z</time>
      </trkpt>
      <trkpt lat="44.296021" lon="6.930265">
        <ele>2347.6</ele>
        <time>2026-08-07T08:29:08Z</time>
      </trkpt>
      <trkpt lat="44.296104" lon="6.930266">
        <ele>2347.2</ele>
        <time>2026-08-07T08:29:16Z</time>
      </trkpt>
      <trkpt lat="44.296169" lon="6.930239">
        <ele>2348.8</ele>
        <time>2026-08-07T08:29:25Z</time>
      </trkpt>
      <trkpt lat="44.296203" lon="6.930253">
        <ele>2350.0</ele>
        <time>2026-08-07T08:29:32Z</time>
      </trkpt>
      <trkpt lat="44.296241" lon="6.930243">
        <ele>2351.0</ele>
        <time>2026-08-07T08:29:38Z</time>
      </trkpt>
      <trkpt lat="44.296243" lon="6.930251">
        <ele>2352.0</ele>
        <time>2026-08-07T08:29:45Z</time>
      </trkpt>
      <trkpt lat="44.29628" lon="6.930239">
        <ele>2353.2</ele>
        <time>2026-08-07T08:29:51Z</time>
      </trkpt>
      <trkpt lat="44.296288" lon="6.930233">
        <ele>2353.4</ele>
        <time>2026-08-07T08:29:53Z</time>
      </trkpt>
      <trkpt lat="44.296302" lon="6.93022">
        <ele>2354.4</ele>
        <time>2026-08-07T08:29:57Z</time>
      </trkpt>
      <trkpt lat="44.296307" lon="6.93023">
        <ele>2355.2</ele>
        <time>2026-08-07T08:30:00Z</time>
      </trkpt>
      <trkpt lat="44.296307" lon="6.930236">
        <ele>2355.4</ele>
        <time>2026-08-07T08:30:01Z</time>
      </trkpt>
      <trkpt lat="44.296336" lon="6.930248">
        <ele>2356.6</ele>
        <time>2026-08-07T08:30:08Z</time>
      </trkpt>
      <trkpt lat="44.296344" lon="6.930248">
        <ele>2356.8</ele>
        <time>2026-08-07T08:30:09Z</time>
      </trkpt>
      <trkpt lat="44.296355" lon="6.930253">
        <ele>2357.4</ele>
        <time>2026-08-07T08:30:11Z</time>
      </trkpt>
      <trkpt lat="44.296366" lon="6.930253">
        <ele>2357.8</ele>
        <time>2026-08-07T08:30:13Z</time>
      </trkpt>
      <trkpt lat="44.296382" lon="6.930257">
        <ele>2358.4</ele>
        <time>2026-08-07T08:30:17Z</time>
      </trkpt>
      <trkpt lat="44.296386" lon="6.930256">
        <ele>2358.8</ele>
        <time>2026-08-07T08:30:20Z</time>
      </trkpt>
      <trkpt lat="44.296382" lon="6.930283">
        <ele>2359.8</ele>
        <time>2026-08-07T08:30:26Z</time>
      </trkpt>
      <trkpt lat="44.296383" lon="6.930289">
        <ele>2360.0</ele>
        <time>2026-08-07T08:30:27Z</time>
      </trkpt>
      <trkpt lat="44.296386" lon="6.930299">
        <ele>2360.0</ele>
        <time>2026-08-07T08:30:28Z</time>
      </trkpt>
      <trkpt lat="44.296387" lon="6.930304">
        <ele>2360.2</ele>
        <time>2026-08-07T08:30:29Z</time>
      </trkpt>
      <trkpt lat="44.29639" lon="6.930308">
        <ele>2360.4</ele>
        <time>2026-08-07T08:30:30Z</time>
      </trkpt>
      <trkpt lat="44.296395" lon="6.930313">
        <ele>2360.6</ele>
        <time>2026-08-07T08:30:31Z</time>
      </trkpt>
      <trkpt lat="44.296418" lon="6.930334">
        <ele>2361.0</ele>
        <time>2026-08-07T08:30:34Z</time>
      </trkpt>
      <trkpt lat="44.296425" lon="6.930333">
        <ele>2361.2</ele>
        <time>2026-08-07T08:30:36Z</time>
      </trkpt>
      <trkpt lat="44.296436" lon="6.930304">
        <ele>2362.4</ele>
        <time>2026-08-07T08:30:40Z</time>
      </trkpt>
      <trkpt lat="44.296437" lon="6.930286">
        <ele>2363.2</ele>
        <time>2026-08-07T08:30:43Z</time>
      </trkpt>
      <trkpt lat="44.296439" lon="6.930283">
        <ele>2363.4</ele>
        <time>2026-08-07T08:30:44Z</time>
      </trkpt>
      <trkpt lat="44.296464" lon="6.930272">
        <ele>2364.4</ele>
        <time>2026-08-07T08:30:49Z</time>
      </trkpt>
      <trkpt lat="44.296472" lon="6.930269">
        <ele>2364.6</ele>
        <time>2026-08-07T08:30:50Z</time>
      </trkpt>
      <trkpt lat="44.29649" lon="6.930268">
        <ele>2365.6</ele>
        <time>2026-08-07T08:30:53Z</time>
      </trkpt>
      <trkpt lat="44.296523" lon="6.930275">
        <ele>2366.6</ele>
        <time>2026-08-07T08:30:57Z</time>
      </trkpt>
      <trkpt lat="44.296576" lon="6.930263">
        <ele>2367.6</ele>
        <time>2026-08-07T08:31:03Z</time>
      </trkpt>
      <trkpt lat="44.296575" lon="6.930239">
        <ele>2368.0</ele>
        <time>2026-08-07T08:31:06Z</time>
      </trkpt>
      <trkpt lat="44.296571" lon="6.930216">
        <ele>2367.6</ele>
        <time>2026-08-07T08:31:14Z</time>
      </trkpt>
      <trkpt lat="44.296555" lon="6.930221">
        <ele>2367.4</ele>
        <time>2026-08-07T08:31:17Z</time>
      </trkpt>
      <trkpt lat="44.296557" lon="6.930262">
        <ele>2367.4</ele>
        <time>2026-08-07T08:31:22Z</time>
      </trkpt>
      <trkpt lat="44.296555" lon="6.930265">
        <ele>2367.4</ele>
        <time>2026-08-07T08:31:27Z</time>
      </trkpt>
      <trkpt lat="44.296563" lon="6.930256">
        <ele>2367.2</ele>
        <time>2026-08-07T08:31:31Z</time>
      </trkpt>
      <trkpt lat="44.296564" lon="6.930255">
        <ele>2367.2</ele>
        <time>2026-08-07T08:31:33Z</time>
      </trkpt>
      <trkpt lat="44.296551" lon="6.930308">
        <ele>2366.6</ele>
        <time>2026-08-07T08:31:41Z</time>
      </trkpt>
      <trkpt lat="44.296548" lon="6.930317">
        <ele>2366.6</ele>
        <time>2026-08-07T08:31:42Z</time>
      </trkpt>
      <trkpt lat="44.296545" lon="6.930336">
        <ele>2366.6</ele>
        <time>2026-08-07T08:31:45Z</time>
      </trkpt>
      <trkpt lat="44.296586" lon="6.930268">
        <ele>2366.2</ele>
        <time>2026-08-07T08:31:53Z</time>
      </trkpt>
      <trkpt lat="44.296655" lon="6.93027">
        <ele>2367.4</ele>
        <time>2026-08-07T08:31:59Z</time>
      </trkpt>
      <trkpt lat="44.29668" lon="6.930271">
        <ele>2367.8</ele>
        <time>2026-08-07T08:32:01Z</time>
      </trkpt>
      <trkpt lat="44.296734" lon="6.930259">
        <ele>2368.8</ele>
        <time>2026-08-07T08:32:06Z</time>
      </trkpt>
      <trkpt lat="44.296743" lon="6.930255">
        <ele>2369.0</ele>
        <time>2026-08-07T08:32:07Z</time>
      </trkpt>
      <trkpt lat="44.296766" lon="6.930213">
        <ele>2370.0</ele>
        <time>2026-08-07T08:32:13Z</time>
      </trkpt>
      <trkpt lat="44.296752" lon="6.930189">
        <ele>2370.8</ele>
        <time>2026-08-07T08:32:16Z</time>
      </trkpt>
      <trkpt lat="44.29675" lon="6.930181">
        <ele>2371.2</ele>
        <time>2026-08-07T08:32:17Z</time>
      </trkpt>
      <trkpt lat="44.296771" lon="6.930144">
        <ele>2372.2</ele>
        <time>2026-08-07T08:32:22Z</time>
      </trkpt>
      <trkpt lat="44.296777" lon="6.930134">
        <ele>2372.4</ele>
        <time>2026-08-07T08:32:23Z</time>
      </trkpt>
      <trkpt lat="44.296814" lon="6.930097">
        <ele>2373.2</ele>
        <time>2026-08-07T08:32:28Z</time>
      </trkpt>
      <trkpt lat="44.296827" lon="6.930083">
        <ele>2373.8</ele>
        <time>2026-08-07T08:32:31Z</time>
      </trkpt>
      <trkpt lat="44.296836" lon="6.930068">
        <ele>2374.4</ele>
        <time>2026-08-07T08:32:34Z</time>
      </trkpt>
      <trkpt lat="44.296824" lon="6.930036">
        <ele>2375.2</ele>
        <time>2026-08-07T08:32:39Z</time>
      </trkpt>
      <trkpt lat="44.296825" lon="6.930024">
        <ele>2375.6</ele>
        <time>2026-08-07T08:32:40Z</time>
      </trkpt>
      <trkpt lat="44.296839" lon="6.92999">
        <ele>2376.6</ele>
        <time>2026-08-07T08:32:46Z</time>
      </trkpt>
      <trkpt lat="44.296845" lon="6.929981">
        <ele>2376.8</ele>
        <time>2026-08-07T08:32:47Z</time>
      </trkpt>
      <trkpt lat="44.296878" lon="6.929962">
        <ele>2378.0</ele>
        <time>2026-08-07T08:32:52Z</time>
      </trkpt>
      <trkpt lat="44.296883" lon="6.92996">
        <ele>2378.0</ele>
        <time>2026-08-07T08:32:53Z</time>
      </trkpt>
      <trkpt lat="44.296905" lon="6.929954">
        <ele>2379.0</ele>
        <time>2026-08-07T08:32:58Z</time>
      </trkpt>
      <trkpt lat="44.296911" lon="6.92995">
        <ele>2379.6</ele>
        <time>2026-08-07T08:33:00Z</time>
      </trkpt>
      <trkpt lat="44.296916" lon="6.92993">
        <ele>2380.2</ele>
        <time>2026-08-07T08:33:03Z</time>
      </trkpt>
      <trkpt lat="44.296932" lon="6.929921">
        <ele>2380.6</ele>
        <time>2026-08-07T08:33:05Z</time>
      </trkpt>
      <trkpt lat="44.296949" lon="6.929913">
        <ele>2381.0</ele>
        <time>2026-08-07T08:33:07Z</time>
      </trkpt>
      <trkpt lat="44.296961" lon="6.929911">
        <ele>2381.2</ele>
        <time>2026-08-07T08:33:08Z</time>
      </trkpt>
      <trkpt lat="44.296998" lon="6.929892">
        <ele>2382.6</ele>
        <time>2026-08-07T08:33:14Z</time>
      </trkpt>
      <trkpt lat="44.297004" lon="6.929888">
        <ele>2382.8</ele>
        <time>2026-08-07T08:33:15Z</time>
      </trkpt>
      <trkpt lat="44.297028" lon="6.929869">
        <ele>2383.6</ele>
        <time>2026-08-07T08:33:18Z</time>
      </trkpt>
      <trkpt lat="44.297051" lon="6.929843">
        <ele>2384.4</ele>
        <time>2026-08-07T08:33:23Z</time>
      </trkpt>
      <trkpt lat="44.297057" lon="6.92984">
        <ele>2384.6</ele>
        <time>2026-08-07T08:33:24Z</time>
      </trkpt>
      <trkpt lat="44.297082" lon="6.92983">
        <ele>2385.8</ele>
        <time>2026-08-07T08:33:29Z</time>
      </trkpt>
      <trkpt lat="44.297091" lon="6.929822">
        <ele>2385.8</ele>
        <time>2026-08-07T08:33:30Z</time>
      </trkpt>
      <trkpt lat="44.297106" lon="6.929796">
        <ele>2386.6</ele>
        <time>2026-08-07T08:33:35Z</time>
      </trkpt>
      <trkpt lat="44.297104" lon="6.929777">
        <ele>2386.8</ele>
        <time>2026-08-07T08:33:36Z</time>
      </trkpt>
      <trkpt lat="44.297112" lon="6.929764">
        <ele>2387.0</ele>
        <time>2026-08-07T08:33:37Z</time>
      </trkpt>
      <trkpt lat="44.297113" lon="6.929751">
        <ele>2387.2</ele>
        <time>2026-08-07T08:33:38Z</time>
      </trkpt>
      <trkpt lat="44.297158" lon="6.929654">
        <ele>2386.8</ele>
        <time>2026-08-07T08:33:45Z</time>
      </trkpt>
      <trkpt lat="44.29723" lon="6.929562">
        <ele>2386.8</ele>
        <time>2026-08-07T08:33:54Z</time>
      </trkpt>
      <trkpt lat="44.297265" lon="6.929497">
        <ele>2387.4</ele>
        <time>2026-08-07T08:34:00Z</time>
      </trkpt>
      <trkpt lat="44.297273" lon="6.929488">
        <ele>2387.6</ele>
        <time>2026-08-07T08:34:01Z</time>
      </trkpt>
      <trkpt lat="44.297288" lon="6.929473">
        <ele>2388.0</ele>
        <time>2026-08-07T08:34:03Z</time>
      </trkpt>
      <trkpt lat="44.29734" lon="6.929397">
        <ele>2389.0</ele>
        <time>2026-08-07T08:34:10Z</time>
      </trkpt>
      <trkpt lat="44.297389" lon="6.929307">
        <ele>2390.0</ele>
        <time>2026-08-07T08:34:17Z</time>
      </trkpt>
      <trkpt lat="44.297412" lon="6.929263">
        <ele>2390.0</ele>
        <time>2026-08-07T08:34:20Z</time>
      </trkpt>
      <trkpt lat="44.297458" lon="6.929214">
        <ele>2390.8</ele>
        <time>2026-08-07T08:34:27Z</time>
      </trkpt>
      <trkpt lat="44.297465" lon="6.929213">
        <ele>2391.0</ele>
        <time>2026-08-07T08:34:28Z</time>
      </trkpt>
      <trkpt lat="44.297483" lon="6.929195">
        <ele>2392.2</ele>
        <time>2026-08-07T08:34:33Z</time>
      </trkpt>
      <trkpt lat="44.297497" lon="6.929131">
        <ele>2393.2</ele>
        <time>2026-08-07T08:34:39Z</time>
      </trkpt>
      <trkpt lat="44.297502" lon="6.929117">
        <ele>2393.4</ele>
        <time>2026-08-07T08:34:40Z</time>
      </trkpt>
      <trkpt lat="44.297534" lon="6.929029">
        <ele>2394.4</ele>
        <time>2026-08-07T08:34:45Z</time>
      </trkpt>
      <trkpt lat="44.297554" lon="6.929006">
        <ele>2394.4</ele>
        <time>2026-08-07T08:34:48Z</time>
      </trkpt>
      <trkpt lat="44.297562" lon="6.929003">
        <ele>2394.6</ele>
        <time>2026-08-07T08:34:49Z</time>
      </trkpt>
      <trkpt lat="44.29757" lon="6.928998">
        <ele>2394.6</ele>
        <time>2026-08-07T08:34:50Z</time>
      </trkpt>
      <trkpt lat="44.297597" lon="6.928972">
        <ele>2394.8</ele>
        <time>2026-08-07T08:34:53Z</time>
      </trkpt>
      <trkpt lat="44.297621" lon="6.928954">
        <ele>2395.4</ele>
        <time>2026-08-07T08:34:56Z</time>
      </trkpt>
      <trkpt lat="44.297663" lon="6.928877">
        <ele>2396.4</ele>
        <time>2026-08-07T08:35:02Z</time>
      </trkpt>
      <trkpt lat="44.297661" lon="6.928851">
        <ele>2396.8</ele>
        <time>2026-08-07T08:35:04Z</time>
      </trkpt>
      <trkpt lat="44.297653" lon="6.928806">
        <ele>2397.4</ele>
        <time>2026-08-07T08:35:07Z</time>
      </trkpt>
      <trkpt lat="44.297641" lon="6.928743">
        <ele>2398.6</ele>
        <time>2026-08-07T08:35:12Z</time>
      </trkpt>
      <trkpt lat="44.297629" lon="6.928702">
        <ele>2399.6</ele>
        <time>2026-08-07T08:35:17Z</time>
      </trkpt>
      <trkpt lat="44.297618" lon="6.928695">
        <ele>2400.4</ele>
        <time>2026-08-07T08:35:20Z</time>
      </trkpt>
      <trkpt lat="44.297615" lon="6.928687">
        <ele>2400.6</ele>
        <time>2026-08-07T08:35:21Z</time>
      </trkpt>
      <trkpt lat="44.29759" lon="6.928639">
        <ele>2401.8</ele>
        <time>2026-08-07T08:35:26Z</time>
      </trkpt>
      <trkpt lat="44.297594" lon="6.92863">
        <ele>2402.6</ele>
        <time>2026-08-07T08:35:29Z</time>
      </trkpt>
      <trkpt lat="44.297598" lon="6.928631">
        <ele>2402.8</ele>
        <time>2026-08-07T08:35:30Z</time>
      </trkpt>
      <trkpt lat="44.297634" lon="6.928631">
        <ele>2403.8</ele>
        <time>2026-08-07T08:35:35Z</time>
      </trkpt>
      <trkpt lat="44.297643" lon="6.928632">
        <ele>2404.0</ele>
        <time>2026-08-07T08:35:36Z</time>
      </trkpt>
      <trkpt lat="44.297703" lon="6.92863">
        <ele>2404.8</ele>
        <time>2026-08-07T08:35:43Z</time>
      </trkpt>
      <trkpt lat="44.297717" lon="6.928632">
        <ele>2404.8</ele>
        <time>2026-08-07T08:35:44Z</time>
      </trkpt>
      <trkpt lat="44.297725" lon="6.928635">
        <ele>2405.0</ele>
        <time>2026-08-07T08:35:45Z</time>
      </trkpt>
      <trkpt lat="44.297749" lon="6.928642">
        <ele>2405.4</ele>
        <time>2026-08-07T08:35:49Z</time>
      </trkpt>
      <trkpt lat="44.297768" lon="6.928652">
        <ele>2406.0</ele>
        <time>2026-08-07T08:35:52Z</time>
      </trkpt>
      <trkpt lat="44.297777" lon="6.928657">
        <ele>2406.0</ele>
        <time>2026-08-07T08:35:53Z</time>
      </trkpt>
      <trkpt lat="44.297809" lon="6.928682">
        <ele>2407.2</ele>
        <time>2026-08-07T08:36:00Z</time>
      </trkpt>
      <trkpt lat="44.297814" lon="6.928686">
        <ele>2407.6</ele>
        <time>2026-08-07T08:36:01Z</time>
      </trkpt>
      <trkpt lat="44.297832" lon="6.928701">
        <ele>2408.4</ele>
        <time>2026-08-07T08:36:05Z</time>
      </trkpt>
      <trkpt lat="44.297841" lon="6.928692">
        <ele>2409.2</ele>
        <time>2026-08-07T08:36:10Z</time>
      </trkpt>
      <trkpt lat="44.297845" lon="6.928699">
        <ele>2409.4</ele>
        <time>2026-08-07T08:36:12Z</time>
      </trkpt>
      <trkpt lat="44.297851" lon="6.928717">
        <ele>2410.6</ele>
        <time>2026-08-07T08:36:18Z</time>
      </trkpt>
      <trkpt lat="44.297852" lon="6.928725">
        <ele>2411.0</ele>
        <time>2026-08-07T08:36:20Z</time>
      </trkpt>
      <trkpt lat="44.297866" lon="6.928732">
        <ele>2411.6</ele>
        <time>2026-08-07T08:36:24Z</time>
      </trkpt>
      <trkpt lat="44.297883" lon="6.928745">
        <ele>2412.8</ele>
        <time>2026-08-07T08:36:28Z</time>
      </trkpt>
      <trkpt lat="44.297891" lon="6.928749">
        <ele>2413.2</ele>
        <time>2026-08-07T08:36:30Z</time>
      </trkpt>
      <trkpt lat="44.297902" lon="6.928755">
        <ele>2413.4</ele>
        <time>2026-08-07T08:36:31Z</time>
      </trkpt>
      <trkpt lat="44.297911" lon="6.92876">
        <ele>2413.8</ele>
        <time>2026-08-07T08:36:33Z</time>
      </trkpt>
      <trkpt lat="44.297916" lon="6.928763">
        <ele>2414.0</ele>
        <time>2026-08-07T08:36:34Z</time>
      </trkpt>
      <trkpt lat="44.297935" lon="6.92877">
        <ele>2414.6</ele>
        <time>2026-08-07T08:36:37Z</time>
      </trkpt>
      <trkpt lat="44.297957" lon="6.92878">
        <ele>2415.0</ele>
        <time>2026-08-07T08:36:39Z</time>
      </trkpt>
      <trkpt lat="44.297987" lon="6.928805">
        <ele>2416.0</ele>
        <time>2026-08-07T08:36:44Z</time>
      </trkpt>
      <trkpt lat="44.297997" lon="6.928816">
        <ele>2416.6</ele>
        <time>2026-08-07T08:36:46Z</time>
      </trkpt>
      <trkpt lat="44.29801" lon="6.92883">
        <ele>2417.2</ele>
        <time>2026-08-07T08:36:49Z</time>
      </trkpt>
      <trkpt lat="44.298026" lon="6.92885">
        <ele>2418.4</ele>
        <time>2026-08-07T08:36:55Z</time>
      </trkpt>
      <trkpt lat="44.298041" lon="6.928854">
        <ele>2419.4</ele>
        <time>2026-08-07T08:37:01Z</time>
      </trkpt>
      <trkpt lat="44.298058" lon="6.928864">
        <ele>2420.0</ele>
        <time>2026-08-07T08:37:04Z</time>
      </trkpt>
      <trkpt lat="44.298066" lon="6.928879">
        <ele>2420.4</ele>
        <time>2026-08-07T08:37:06Z</time>
      </trkpt>
      <trkpt lat="44.29809" lon="6.928912">
        <ele>2421.2</ele>
        <time>2026-08-07T08:37:11Z</time>
      </trkpt>
      <trkpt lat="44.298089" lon="6.928911">
        <ele>2421.6</ele>
        <time>2026-08-07T08:37:13Z</time>
      </trkpt>
      <trkpt lat="44.298083" lon="6.928875">
        <ele>2422.6</ele>
        <time>2026-08-07T08:37:17Z</time>
      </trkpt>
      <trkpt lat="44.29808" lon="6.92886">
        <ele>2422.8</ele>
        <time>2026-08-07T08:37:18Z</time>
      </trkpt>
      <trkpt lat="44.298079" lon="6.928851">
        <ele>2423.2</ele>
        <time>2026-08-07T08:37:19Z</time>
      </trkpt>
      <trkpt lat="44.298083" lon="6.928788">
        <ele>2424.0</ele>
        <time>2026-08-07T08:37:23Z</time>
      </trkpt>
      <trkpt lat="44.298081" lon="6.928756">
        <ele>2425.0</ele>
        <time>2026-08-07T08:37:26Z</time>
      </trkpt>
      <trkpt lat="44.298078" lon="6.928754">
        <ele>2425.2</ele>
        <time>2026-08-07T08:37:27Z</time>
      </trkpt>
      <trkpt lat="44.298065" lon="6.928736">
        <ele>2425.6</ele>
        <time>2026-08-07T08:37:33Z</time>
      </trkpt>
      <trkpt lat="44.298072" lon="6.928711">
        <ele>2426.4</ele>
        <time>2026-08-07T08:37:39Z</time>
      </trkpt>
      <trkpt lat="44.298074" lon="6.928699">
        <ele>2427.0</ele>
        <time>2026-08-07T08:37:42Z</time>
      </trkpt>
      <trkpt lat="44.298073" lon="6.928677">
        <ele>2427.6</ele>
        <time>2026-08-07T08:37:45Z</time>
      </trkpt>
      <trkpt lat="44.298076" lon="6.928635">
        <ele>2428.6</ele>
        <time>2026-08-07T08:37:50Z</time>
      </trkpt>
      <trkpt lat="44.298076" lon="6.92863">
        <ele>2428.8</ele>
        <time>2026-08-07T08:37:51Z</time>
      </trkpt>
      <trkpt lat="44.298076" lon="6.928568">
        <ele>2429.8</ele>
        <time>2026-08-07T08:37:56Z</time>
      </trkpt>
      <trkpt lat="44.298077" lon="6.928554">
        <ele>2430.4</ele>
        <time>2026-08-07T08:38:00Z</time>
      </trkpt>
      <trkpt lat="44.298076" lon="6.928561">
        <ele>2430.8</ele>
        <time>2026-08-07T08:38:02Z</time>
      </trkpt>
      <trkpt lat="44.298077" lon="6.928542">
        <ele>2432.0</ele>
        <time>2026-08-07T08:38:08Z</time>
      </trkpt>
      <trkpt lat="44.298068" lon="6.928522">
        <ele>2433.0</ele>
        <time>2026-08-07T08:38:14Z</time>
      </trkpt>
      <trkpt lat="44.298067" lon="6.928498">
        <ele>2433.4</ele>
        <time>2026-08-07T08:38:16Z</time>
      </trkpt>
      <trkpt lat="44.298066" lon="6.928491">
        <ele>2434.2</ele>
        <time>2026-08-07T08:38:20Z</time>
      </trkpt>
      <trkpt lat="44.298066" lon="6.928491">
        <ele>2434.6</ele>
        <time>2026-08-07T08:38:23Z</time>
      </trkpt>
      <trkpt lat="44.298063" lon="6.928463">
        <ele>2435.0</ele>
        <time>2026-08-07T08:38:27Z</time>
      </trkpt>
      <trkpt lat="44.29806" lon="6.928456">
        <ele>2435.2</ele>
        <time>2026-08-07T08:38:28Z</time>
      </trkpt>
      <trkpt lat="44.298055" lon="6.928424">
        <ele>2435.8</ele>
        <time>2026-08-07T08:38:32Z</time>
      </trkpt>
      <trkpt lat="44.298057" lon="6.928419">
        <ele>2436.4</ele>
        <time>2026-08-07T08:38:35Z</time>
      </trkpt>
      <trkpt lat="44.298069" lon="6.928432">
        <ele>2437.0</ele>
        <time>2026-08-07T08:38:40Z</time>
      </trkpt>
      <trkpt lat="44.298066" lon="6.928419">
        <ele>2437.6</ele>
        <time>2026-08-07T08:38:44Z</time>
      </trkpt>
      <trkpt lat="44.298056" lon="6.928408">
        <ele>2438.2</ele>
        <time>2026-08-07T08:38:48Z</time>
      </trkpt>
      <trkpt lat="44.298045" lon="6.928398">
        <ele>2438.6</ele>
        <time>2026-08-07T08:38:50Z</time>
      </trkpt>
      <trkpt lat="44.298025" lon="6.928384">
        <ele>2439.4</ele>
        <time>2026-08-07T08:38:53Z</time>
      </trkpt>
      <trkpt lat="44.298014" lon="6.928373">
        <ele>2439.8</ele>
        <time>2026-08-07T08:38:55Z</time>
      </trkpt>
      <trkpt lat="44.298008" lon="6.928368">
        <ele>2439.8</ele>
        <time>2026-08-07T08:38:56Z</time>
      </trkpt>
      <trkpt lat="44.297993" lon="6.928352">
        <ele>2440.2</ele>
        <time>2026-08-07T08:38:58Z</time>
      </trkpt>
      <trkpt lat="44.297968" lon="6.928302">
        <ele>2440.8</ele>
        <time>2026-08-07T08:39:03Z</time>
      </trkpt>
      <trkpt lat="44.297971" lon="6.928289">
        <ele>2441.6</ele>
        <time>2026-08-07T08:39:06Z</time>
      </trkpt>
      <trkpt lat="44.297974" lon="6.928286">
        <ele>2442.0</ele>
        <time>2026-08-07T08:39:07Z</time>
      </trkpt>
      <trkpt lat="44.297999" lon="6.928269">
        <ele>2443.0</ele>
        <time>2026-08-07T08:39:12Z</time>
      </trkpt>
      <trkpt lat="44.298004" lon="6.928275">
        <ele>2443.2</ele>
        <time>2026-08-07T08:39:14Z</time>
      </trkpt>
      <trkpt lat="44.298038" lon="6.928291">
        <ele>2444.0</ele>
        <time>2026-08-07T08:39:22Z</time>
      </trkpt>
      <trkpt lat="44.298043" lon="6.928292">
        <ele>2444.2</ele>
        <time>2026-08-07T08:39:23Z</time>
      </trkpt>
      <trkpt lat="44.298065" lon="6.9283">
        <ele>2445.2</ele>
        <time>2026-08-07T08:39:30Z</time>
      </trkpt>
      <trkpt lat="44.298084" lon="6.92829">
        <ele>2446.4</ele>
        <time>2026-08-07T08:39:36Z</time>
      </trkpt>
      <trkpt lat="44.298107" lon="6.92829">
        <ele>2446.8</ele>
        <time>2026-08-07T08:39:39Z</time>
      </trkpt>
      <trkpt lat="44.298126" lon="6.928292">
        <ele>2447.4</ele>
        <time>2026-08-07T08:39:42Z</time>
      </trkpt>
      <trkpt lat="44.298132" lon="6.928292">
        <ele>2447.8</ele>
        <time>2026-08-07T08:39:45Z</time>
      </trkpt>
      <trkpt lat="44.298129" lon="6.92829">
        <ele>2448.0</ele>
        <time>2026-08-07T08:39:47Z</time>
      </trkpt>
      <trkpt lat="44.298132" lon="6.928285">
        <ele>2448.6</ele>
        <time>2026-08-07T08:39:49Z</time>
      </trkpt>
      <trkpt lat="44.298153" lon="6.928274">
        <ele>2449.6</ele>
        <time>2026-08-07T08:39:55Z</time>
      </trkpt>
      <trkpt lat="44.298155" lon="6.928275">
        <ele>2449.6</ele>
        <time>2026-08-07T08:39:56Z</time>
      </trkpt>
      <trkpt lat="44.298176" lon="6.928277">
        <ele>2450.6</ele>
        <time>2026-08-07T08:40:01Z</time>
      </trkpt>
      <trkpt lat="44.29821" lon="6.928283">
        <ele>2451.0</ele>
        <time>2026-08-07T08:40:05Z</time>
      </trkpt>
      <trkpt lat="44.298249" lon="6.928289">
        <ele>2451.6</ele>
        <time>2026-08-07T08:40:11Z</time>
      </trkpt>
      <trkpt lat="44.298271" lon="6.928287">
        <ele>2452.4</ele>
        <time>2026-08-07T08:40:15Z</time>
      </trkpt>
      <trkpt lat="44.298279" lon="6.928283">
        <ele>2452.6</ele>
        <time>2026-08-07T08:40:17Z</time>
      </trkpt>
      <trkpt lat="44.298317" lon="6.928264">
        <ele>2453.6</ele>
        <time>2026-08-07T08:40:23Z</time>
      </trkpt>
      <trkpt lat="44.298318" lon="6.928266">
        <ele>2453.8</ele>
        <time>2026-08-07T08:40:24Z</time>
      </trkpt>
      <trkpt lat="44.298349" lon="6.928274">
        <ele>2454.6</ele>
        <time>2026-08-07T08:40:29Z</time>
      </trkpt>
      <trkpt lat="44.298352" lon="6.928276">
        <ele>2454.8</ele>
        <time>2026-08-07T08:40:31Z</time>
      </trkpt>
      <trkpt lat="44.298385" lon="6.928258">
        <ele>2455.6</ele>
        <time>2026-08-07T08:40:37Z</time>
      </trkpt>
      <trkpt lat="44.298385" lon="6.928249">
        <ele>2455.8</ele>
        <time>2026-08-07T08:40:39Z</time>
      </trkpt>
      <trkpt lat="44.29837" lon="6.928219">
        <ele>2456.8</ele>
        <time>2026-08-07T08:40:43Z</time>
      </trkpt>
      <trkpt lat="44.298366" lon="6.928214">
        <ele>2457.2</ele>
        <time>2026-08-07T08:40:44Z</time>
      </trkpt>
      <trkpt lat="44.298356" lon="6.928218">
        <ele>2458.2</ele>
        <time>2026-08-07T08:40:47Z</time>
      </trkpt>
      <trkpt lat="44.298339" lon="6.928194">
        <ele>2459.2</ele>
        <time>2026-08-07T08:40:52Z</time>
      </trkpt>
      <trkpt lat="44.298333" lon="6.928187">
        <ele>2459.4</ele>
        <time>2026-08-07T08:40:53Z</time>
      </trkpt>
      <trkpt lat="44.29831" lon="6.928144">
        <ele>2460.4</ele>
        <time>2026-08-07T08:40:59Z</time>
      </trkpt>
      <trkpt lat="44.298302" lon="6.928144">
        <ele>2460.6</ele>
        <time>2026-08-07T08:41:01Z</time>
      </trkpt>
      <trkpt lat="44.29828" lon="6.928115">
        <ele>2461.6</ele>
        <time>2026-08-07T08:41:06Z</time>
      </trkpt>
      <trkpt lat="44.298274" lon="6.928103">
        <ele>2462.2</ele>
        <time>2026-08-07T08:41:08Z</time>
      </trkpt>
      <trkpt lat="44.298252" lon="6.928054">
        <ele>2462.8</ele>
        <time>2026-08-07T08:41:14Z</time>
      </trkpt>
      <trkpt lat="44.298257" lon="6.928031">
        <ele>2463.8</ele>
        <time>2026-08-07T08:41:17Z</time>
      </trkpt>
      <trkpt lat="44.298264" lon="6.928019">
        <ele>2464.0</ele>
        <time>2026-08-07T08:41:18Z</time>
      </trkpt>
      <trkpt lat="44.298274" lon="6.928041">
        <ele>2464.6</ele>
        <time>2026-08-07T08:41:22Z</time>
      </trkpt>
      <trkpt lat="44.29829" lon="6.928043">
        <ele>2465.0</ele>
        <time>2026-08-07T08:41:25Z</time>
      </trkpt>
      <trkpt lat="44.298335" lon="6.92806">
        <ele>2466.0</ele>
        <time>2026-08-07T08:41:31Z</time>
      </trkpt>
      <trkpt lat="44.29835" lon="6.928065">
        <ele>2466.2</ele>
        <time>2026-08-07T08:41:33Z</time>
      </trkpt>
      <trkpt lat="44.298376" lon="6.928074">
        <ele>2466.6</ele>
        <time>2026-08-07T08:41:36Z</time>
      </trkpt>
      <trkpt lat="44.298434" lon="6.928083">
        <ele>2467.4</ele>
        <time>2026-08-07T08:41:41Z</time>
      </trkpt>
      <trkpt lat="44.298444" lon="6.928084">
        <ele>2467.4</ele>
        <time>2026-08-07T08:41:42Z</time>
      </trkpt>
      <trkpt lat="44.298517" lon="6.928125">
        <ele>2468.2</ele>
        <time>2026-08-07T08:41:51Z</time>
      </trkpt>
      <trkpt lat="44.298538" lon="6.928144">
        <ele>2468.4</ele>
        <time>2026-08-07T08:41:55Z</time>
      </trkpt>
      <trkpt lat="44.298582" lon="6.92816">
        <ele>2469.2</ele>
        <time>2026-08-07T08:42:00Z</time>
      </trkpt>
      <trkpt lat="44.298596" lon="6.928169">
        <ele>2469.6</ele>
        <time>2026-08-07T08:42:02Z</time>
      </trkpt>
      <trkpt lat="44.298646" lon="6.928195">
        <ele>2470.6</ele>
        <time>2026-08-07T08:42:08Z</time>
      </trkpt>
      <trkpt lat="44.298665" lon="6.928213">
        <ele>2471.0</ele>
        <time>2026-08-07T08:42:10Z</time>
      </trkpt>
      <trkpt lat="44.298686" lon="6.928244">
        <ele>2471.6</ele>
        <time>2026-08-07T08:42:13Z</time>
      </trkpt>
      <trkpt lat="44.298701" lon="6.928253">
        <ele>2472.6</ele>
        <time>2026-08-07T08:42:16Z</time>
      </trkpt>
      <trkpt lat="44.298704" lon="6.928256">
        <ele>2472.8</ele>
        <time>2026-08-07T08:42:17Z</time>
      </trkpt>
      <trkpt lat="44.298706" lon="6.928251">
        <ele>2473.0</ele>
        <time>2026-08-07T08:42:18Z</time>
      </trkpt>
      <trkpt lat="44.298698" lon="6.928252">
        <ele>2473.2</ele>
        <time>2026-08-07T08:42:26Z</time>
      </trkpt>
      <trkpt lat="44.298699" lon="6.928253">
        <ele>2473.2</ele>
        <time>2026-08-07T08:42:27Z</time>
      </trkpt>
      <trkpt lat="44.298699" lon="6.928246">
        <ele>2473.4</ele>
        <time>2026-08-07T08:42:33Z</time>
      </trkpt>
      <trkpt lat="44.298696" lon="6.928242">
        <ele>2473.6</ele>
        <time>2026-08-07T08:42:38Z</time>
      </trkpt>
      <trkpt lat="44.2987" lon="6.928236">
        <ele>2473.8</ele>
        <time>2026-08-07T08:42:42Z</time>
      </trkpt>
      <trkpt lat="44.298706" lon="6.928228">
        <ele>2473.6</ele>
        <time>2026-08-07T08:42:48Z</time>
      </trkpt>
      <trkpt lat="44.298715" lon="6.928243">
        <ele>2473.8</ele>
        <time>2026-08-07T08:42:54Z</time>
      </trkpt>
      <trkpt lat="44.298719" lon="6.928262">
        <ele>2473.8</ele>
        <time>2026-08-07T08:42:57Z</time>
      </trkpt>
      <trkpt lat="44.298718" lon="6.928275">
        <ele>2473.8</ele>
        <time>2026-08-07T08:43:01Z</time>
      </trkpt>
      <trkpt lat="44.298715" lon="6.928275">
        <ele>2473.8</ele>
        <time>2026-08-07T08:43:03Z</time>
      </trkpt>
      <trkpt lat="44.298712" lon="6.928264">
        <ele>2473.8</ele>
        <time>2026-08-07T08:43:05Z</time>
      </trkpt>
      <trkpt lat="44.298706" lon="6.928255">
        <ele>2474.0</ele>
        <time>2026-08-07T08:43:07Z</time>
      </trkpt>
      <trkpt lat="44.298689" lon="6.928275">
        <ele>2474.2</ele>
        <time>2026-08-07T08:43:12Z</time>
      </trkpt>
      <trkpt lat="44.29869" lon="6.92828">
        <ele>2474.0</ele>
        <time>2026-08-07T08:43:16Z</time>
      </trkpt>
      <trkpt lat="44.298704" lon="6.928263">
        <ele>2474.4</ele>
        <time>2026-08-07T08:43:28Z</time>
      </trkpt>
      <trkpt lat="44.298712" lon="6.928261">
        <ele>2474.8</ele>
        <time>2026-08-07T08:43:33Z</time>
      </trkpt>
      <trkpt lat="44.298701" lon="6.928284">
        <ele>2475.0</ele>
        <time>2026-08-07T08:43:39Z</time>
      </trkpt>
      <trkpt lat="44.29869" lon="6.928272">
        <ele>2474.8</ele>
        <time>2026-08-07T08:43:46Z</time>
      </trkpt>
      <trkpt lat="44.298685" lon="6.928259">
        <ele>2474.6</ele>
        <time>2026-08-07T08:43:51Z</time>
      </trkpt>
      <trkpt lat="44.29872" lon="6.928224">
        <ele>2474.0</ele>
        <time>2026-08-07T08:44:01Z</time>
      </trkpt>
      <trkpt lat="44.29872" lon="6.928226">
        <ele>2474.0</ele>
        <time>2026-08-07T08:44:02Z</time>
      </trkpt>
      <trkpt lat="44.298735" lon="6.928205">
        <ele>2474.0</ele>
        <time>2026-08-07T08:44:11Z</time>
      </trkpt>
      <trkpt lat="44.298726" lon="6.92821">
        <ele>2474.0</ele>
        <time>2026-08-07T08:44:13Z</time>
      </trkpt>
      <trkpt lat="44.298684" lon="6.928229">
        <ele>2474.0</ele>
        <time>2026-08-07T08:44:22Z</time>
      </trkpt>
      <trkpt lat="44.29869" lon="6.928254">
        <ele>2473.8</ele>
        <time>2026-08-07T08:44:27Z</time>
      </trkpt>
      <trkpt lat="44.298709" lon="6.928251">
        <ele>2473.8</ele>
        <time>2026-08-07T08:44:32Z</time>
      </trkpt>
      <trkpt lat="44.298706" lon="6.928257">
        <ele>2474.0</ele>
        <time>2026-08-07T08:44:42Z</time>
      </trkpt>
      <trkpt lat="44.29875" lon="6.928308">
        <ele>2475.0</ele>
        <time>2026-08-07T08:44:53Z</time>
      </trkpt>
      <trkpt lat="44.298758" lon="6.928305">
        <ele>2475.6</ele>
        <time>2026-08-07T08:44:56Z</time>
      </trkpt>
      <trkpt lat="44.298763" lon="6.928317">
        <ele>2476.2</ele>
        <time>2026-08-07T08:44:59Z</time>
      </trkpt>
      <trkpt lat="44.298766" lon="6.928329">
        <ele>2476.4</ele>
        <time>2026-08-07T08:45:01Z</time>
      </trkpt>
      <trkpt lat="44.29879" lon="6.928346">
        <ele>2477.2</ele>
        <time>2026-08-07T08:45:05Z</time>
      </trkpt>
      <trkpt lat="44.298813" lon="6.928327">
        <ele>2478.2</ele>
        <time>2026-08-07T08:45:10Z</time>
      </trkpt>
      <trkpt lat="44.29881" lon="6.928319">
        <ele>2478.4</ele>
        <time>2026-08-07T08:45:11Z</time>
      </trkpt>
      <trkpt lat="44.298792" lon="6.928269">
        <ele>2479.2</ele>
        <time>2026-08-07T08:45:15Z</time>
      </trkpt>
      <trkpt lat="44.298787" lon="6.928261">
        <ele>2479.4</ele>
        <time>2026-08-07T08:45:16Z</time>
      </trkpt>
      <trkpt lat="44.298783" lon="6.928258">
        <ele>2479.6</ele>
        <time>2026-08-07T08:45:17Z</time>
      </trkpt>
      <trkpt lat="44.298758" lon="6.928211">
        <ele>2480.2</ele>
        <time>2026-08-07T08:45:22Z</time>
      </trkpt>
      <trkpt lat="44.298753" lon="6.928199">
        <ele>2480.4</ele>
        <time>2026-08-07T08:45:23Z</time>
      </trkpt>
      <trkpt lat="44.29873" lon="6.928179">
        <ele>2481.0</ele>
        <time>2026-08-07T08:45:26Z</time>
      </trkpt>
      <trkpt lat="44.298717" lon="6.928136">
        <ele>2481.0</ele>
        <time>2026-08-07T08:45:31Z</time>
      </trkpt>
      <trkpt lat="44.298714" lon="6.928115">
        <ele>2481.6</ele>
        <time>2026-08-07T08:45:33Z</time>
      </trkpt>
      <trkpt lat="44.29871" lon="6.928087">
        <ele>2482.6</ele>
        <time>2026-08-07T08:45:36Z</time>
      </trkpt>
      <trkpt lat="44.298705" lon="6.928062">
        <ele>2483.2</ele>
        <time>2026-08-07T08:45:38Z</time>
      </trkpt>
      <trkpt lat="44.298701" lon="6.928027">
        <ele>2483.8</ele>
        <time>2026-08-07T08:45:41Z</time>
      </trkpt>
      <trkpt lat="44.298703" lon="6.927991">
        <ele>2484.8</ele>
        <time>2026-08-07T08:45:46Z</time>
      </trkpt>
      <trkpt lat="44.298702" lon="6.927983">
        <ele>2485.0</ele>
        <time>2026-08-07T08:45:47Z</time>
      </trkpt>
      <trkpt lat="44.29868" lon="6.927923">
        <ele>2486.0</ele>
        <time>2026-08-07T08:45:52Z</time>
      </trkpt>
      <trkpt lat="44.298663" lon="6.927893">
        <ele>2486.4</ele>
        <time>2026-08-07T08:45:55Z</time>
      </trkpt>
      <trkpt lat="44.298655" lon="6.927873">
        <ele>2487.2</ele>
        <time>2026-08-07T08:45:58Z</time>
      </trkpt>
      <trkpt lat="44.298639" lon="6.927871">
        <ele>2488.2</ele>
        <time>2026-08-07T08:46:03Z</time>
      </trkpt>
      <trkpt lat="44.298631" lon="6.927862">
        <ele>2488.4</ele>
        <time>2026-08-07T08:46:05Z</time>
      </trkpt>
      <trkpt lat="44.29859" lon="6.927805">
        <ele>2489.4</ele>
        <time>2026-08-07T08:46:13Z</time>
      </trkpt>
      <trkpt lat="44.298587" lon="6.927795">
        <ele>2489.6</ele>
        <time>2026-08-07T08:46:14Z</time>
      </trkpt>
      <trkpt lat="44.29856" lon="6.927756">
        <ele>2490.4</ele>
        <time>2026-08-07T08:46:20Z</time>
      </trkpt>
      <trkpt lat="44.298535" lon="6.927725">
        <ele>2491.2</ele>
        <time>2026-08-07T08:46:24Z</time>
      </trkpt>
      <trkpt lat="44.298529" lon="6.927701">
        <ele>2491.6</ele>
        <time>2026-08-07T08:46:27Z</time>
      </trkpt>
      <trkpt lat="44.298508" lon="6.927654">
        <ele>2492.0</ele>
        <time>2026-08-07T08:46:33Z</time>
      </trkpt>
      <trkpt lat="44.298504" lon="6.927632">
        <ele>2492.8</ele>
        <time>2026-08-07T08:46:36Z</time>
      </trkpt>
      <trkpt lat="44.298489" lon="6.927593">
        <ele>2494.0</ele>
        <time>2026-08-07T08:46:41Z</time>
      </trkpt>
      <trkpt lat="44.298487" lon="6.927582">
        <ele>2494.4</ele>
        <time>2026-08-07T08:46:42Z</time>
      </trkpt>
      <trkpt lat="44.298479" lon="6.927534">
        <ele>2495.2</ele>
        <time>2026-08-07T08:46:46Z</time>
      </trkpt>
      <trkpt lat="44.298505" lon="6.927534">
        <ele>2496.0</ele>
        <time>2026-08-07T08:46:50Z</time>
      </trkpt>
      <trkpt lat="44.298513" lon="6.927537">
        <ele>2496.2</ele>
        <time>2026-08-07T08:46:51Z</time>
      </trkpt>
      <trkpt lat="44.298572" lon="6.927577">
        <ele>2497.2</ele>
        <time>2026-08-07T08:46:58Z</time>
      </trkpt>
      <trkpt lat="44.29858" lon="6.927583">
        <ele>2497.4</ele>
        <time>2026-08-07T08:46:59Z</time>
      </trkpt>
      <trkpt lat="44.298622" lon="6.927587">
        <ele>2498.4</ele>
        <time>2026-08-07T08:47:08Z</time>
      </trkpt>
      <trkpt lat="44.298643" lon="6.927603">
        <ele>2499.2</ele>
        <time>2026-08-07T08:47:13Z</time>
      </trkpt>
      <trkpt lat="44.29865" lon="6.927606">
        <ele>2499.4</ele>
        <time>2026-08-07T08:47:14Z</time>
      </trkpt>
      <trkpt lat="44.298651" lon="6.927611">
        <ele>2499.4</ele>
        <time>2026-08-07T08:47:15Z</time>
      </trkpt>
      <trkpt lat="44.2987" lon="6.927611">
        <ele>2500.4</ele>
        <time>2026-08-07T08:47:22Z</time>
      </trkpt>
      <trkpt lat="44.298714" lon="6.927615">
        <ele>2500.6</ele>
        <time>2026-08-07T08:47:23Z</time>
      </trkpt>
      <trkpt lat="44.298738" lon="6.927621">
        <ele>2501.2</ele>
        <time>2026-08-07T08:47:29Z</time>
      </trkpt>
      <trkpt lat="44.298743" lon="6.927627">
        <ele>2501.4</ele>
        <time>2026-08-07T08:47:32Z</time>
      </trkpt>
      <trkpt lat="44.298746" lon="6.927628">
        <ele>2501.4</ele>
        <time>2026-08-07T08:47:34Z</time>
      </trkpt>
      <trkpt lat="44.29873" lon="6.92763">
        <ele>2501.8</ele>
        <time>2026-08-07T08:47:41Z</time>
      </trkpt>
      <trkpt lat="44.29873" lon="6.927619">
        <ele>2502.4</ele>
        <time>2026-08-07T08:47:46Z</time>
      </trkpt>
      <trkpt lat="44.298728" lon="6.927615">
        <ele>2502.6</ele>
        <time>2026-08-07T08:47:47Z</time>
      </trkpt>
      <trkpt lat="44.298726" lon="6.92761">
        <ele>2503.2</ele>
        <time>2026-08-07T08:47:50Z</time>
      </trkpt>
      <trkpt lat="44.29872" lon="6.927595">
        <ele>2503.6</ele>
        <time>2026-08-07T08:47:53Z</time>
      </trkpt>
      <trkpt lat="44.29872" lon="6.927582">
        <ele>2504.0</ele>
        <time>2026-08-07T08:47:55Z</time>
      </trkpt>
      <trkpt lat="44.298715" lon="6.927546">
        <ele>2504.8</ele>
        <time>2026-08-07T08:47:59Z</time>
      </trkpt>
      <trkpt lat="44.298712" lon="6.927528">
        <ele>2505.0</ele>
        <time>2026-08-07T08:48:01Z</time>
      </trkpt>
      <trkpt lat="44.298699" lon="6.927485">
        <ele>2505.8</ele>
        <time>2026-08-07T08:48:06Z</time>
      </trkpt>
      <trkpt lat="44.298691" lon="6.92745">
        <ele>2506.4</ele>
        <time>2026-08-07T08:48:10Z</time>
      </trkpt>
      <trkpt lat="44.298682" lon="6.927421">
        <ele>2507.0</ele>
        <time>2026-08-07T08:48:13Z</time>
      </trkpt>
      <trkpt lat="44.29867" lon="6.92741">
        <ele>2507.4</ele>
        <time>2026-08-07T08:48:16Z</time>
      </trkpt>
      <trkpt lat="44.298655" lon="6.927371">
        <ele>2508.2</ele>
        <time>2026-08-07T08:48:21Z</time>
      </trkpt>
      <trkpt lat="44.298653" lon="6.927353">
        <ele>2508.8</ele>
        <time>2026-08-07T08:48:23Z</time>
      </trkpt>
      <trkpt lat="44.29865" lon="6.927335">
        <ele>2509.2</ele>
        <time>2026-08-07T08:48:25Z</time>
      </trkpt>
      <trkpt lat="44.298655" lon="6.927311">
        <ele>2510.4</ele>
        <time>2026-08-07T08:48:30Z</time>
      </trkpt>
      <trkpt lat="44.298683" lon="6.927315">
        <ele>2511.4</ele>
        <time>2026-08-07T08:48:37Z</time>
      </trkpt>
      <trkpt lat="44.298708" lon="6.927307">
        <ele>2511.8</ele>
        <time>2026-08-07T08:48:41Z</time>
      </trkpt>
      <trkpt lat="44.29871" lon="6.927303">
        <ele>2512.4</ele>
        <time>2026-08-07T08:48:44Z</time>
      </trkpt>
      <trkpt lat="44.298723" lon="6.927321">
        <ele>2513.0</ele>
        <time>2026-08-07T08:48:49Z</time>
      </trkpt>
      <trkpt lat="44.298725" lon="6.927328">
        <ele>2513.2</ele>
        <time>2026-08-07T08:48:50Z</time>
      </trkpt>
      <trkpt lat="44.298734" lon="6.927344">
        <ele>2513.6</ele>
        <time>2026-08-07T08:48:52Z</time>
      </trkpt>
      <trkpt lat="44.298757" lon="6.927359">
        <ele>2513.6</ele>
        <time>2026-08-07T08:48:59Z</time>
      </trkpt>
      <trkpt lat="44.298767" lon="6.927355">
        <ele>2514.6</ele>
        <time>2026-08-07T08:49:04Z</time>
      </trkpt>
      <trkpt lat="44.298775" lon="6.927365">
        <ele>2515.2</ele>
        <time>2026-08-07T08:49:08Z</time>
      </trkpt>
      <trkpt lat="44.298785" lon="6.927365">
        <ele>2515.8</ele>
        <time>2026-08-07T08:49:12Z</time>
      </trkpt>
      <trkpt lat="44.298775" lon="6.927314">
        <ele>2516.2</ele>
        <time>2026-08-07T08:49:17Z</time>
      </trkpt>
      <trkpt lat="44.298774" lon="6.927273">
        <ele>2516.8</ele>
        <time>2026-08-07T08:49:20Z</time>
      </trkpt>
      <trkpt lat="44.298765" lon="6.927222">
        <ele>2517.0</ele>
        <time>2026-08-07T08:49:24Z</time>
      </trkpt>
      <trkpt lat="44.298749" lon="6.92719">
        <ele>2517.2</ele>
        <time>2026-08-07T08:49:27Z</time>
      </trkpt>
      <trkpt lat="44.29874" lon="6.927159">
        <ele>2517.2</ele>
        <time>2026-08-07T08:49:29Z</time>
      </trkpt>
      <trkpt lat="44.29873" lon="6.92712">
        <ele>2517.6</ele>
        <time>2026-08-07T08:49:32Z</time>
      </trkpt>
      <trkpt lat="44.298726" lon="6.927101">
        <ele>2518.0</ele>
        <time>2026-08-07T08:49:33Z</time>
      </trkpt>
      <trkpt lat="44.298746" lon="6.927108">
        <ele>2519.2</ele>
        <time>2026-08-07T08:49:37Z</time>
      </trkpt>
      <trkpt lat="44.298753" lon="6.927114">
        <ele>2519.4</ele>
        <time>2026-08-07T08:49:38Z</time>
      </trkpt>
      <trkpt lat="44.298781" lon="6.927142">
        <ele>2520.2</ele>
        <time>2026-08-07T08:49:42Z</time>
      </trkpt>
      <trkpt lat="44.298796" lon="6.927164">
        <ele>2520.6</ele>
        <time>2026-08-07T08:49:45Z</time>
      </trkpt>
      <trkpt lat="44.298806" lon="6.927179">
        <ele>2521.0</ele>
        <time>2026-08-07T08:49:47Z</time>
      </trkpt>
      <trkpt lat="44.298811" lon="6.927184">
        <ele>2521.2</ele>
        <time>2026-08-07T08:49:48Z</time>
      </trkpt>
      <trkpt lat="44.298842" lon="6.927206">
        <ele>2522.4</ele>
        <time>2026-08-07T08:49:53Z</time>
      </trkpt>
      <trkpt lat="44.29887" lon="6.927212">
        <ele>2523.0</ele>
        <time>2026-08-07T08:49:56Z</time>
      </trkpt>
      <trkpt lat="44.298884" lon="6.927219">
        <ele>2523.4</ele>
        <time>2026-08-07T08:49:58Z</time>
      </trkpt>
      <trkpt lat="44.298923" lon="6.927259">
        <ele>2524.4</ele>
        <time>2026-08-07T08:50:05Z</time>
      </trkpt>
      <trkpt lat="44.298944" lon="6.92727">
        <ele>2525.4</ele>
        <time>2026-08-07T08:50:08Z</time>
      </trkpt>
      <trkpt lat="44.298963" lon="6.927295">
        <ele>2526.8</ele>
        <time>2026-08-07T08:50:12Z</time>
      </trkpt>
      <trkpt lat="44.298971" lon="6.927346">
        <ele>2526.2</ele>
        <time>2026-08-07T08:50:20Z</time>
      </trkpt>
      <trkpt lat="44.29896" lon="6.927386">
        <ele>2525.6</ele>
        <time>2026-08-07T08:50:24Z</time>
      </trkpt>
      <trkpt lat="44.298961" lon="6.927408">
        <ele>2524.4</ele>
        <time>2026-08-07T08:50:28Z</time>
      </trkpt>
      <trkpt lat="44.298971" lon="6.927435">
        <ele>2524.0</ele>
        <time>2026-08-07T08:50:31Z</time>
      </trkpt>
      <trkpt lat="44.298983" lon="6.927491">
        <ele>2523.4</ele>
        <time>2026-08-07T08:50:36Z</time>
      </trkpt>
      <trkpt lat="44.298983" lon="6.927505">
        <ele>2523.2</ele>
        <time>2026-08-07T08:50:37Z</time>
      </trkpt>
      <trkpt lat="44.298999" lon="6.92753">
        <ele>2523.0</ele>
        <time>2026-08-07T08:50:41Z</time>
      </trkpt>
      <trkpt lat="44.29901" lon="6.927536">
        <ele>2522.4</ele>
        <time>2026-08-07T08:50:43Z</time>
      </trkpt>
      <trkpt lat="44.299023" lon="6.927542">
        <ele>2521.6</ele>
        <time>2026-08-07T08:50:45Z</time>
      </trkpt>
      <trkpt lat="44.299039" lon="6.927544">
        <ele>2521.0</ele>
        <time>2026-08-07T08:50:48Z</time>
      </trkpt>
      <trkpt lat="44.29906" lon="6.92755">
        <ele>2520.0</ele>
        <time>2026-08-07T08:50:51Z</time>
      </trkpt>
      <trkpt lat="44.299092" lon="6.927573">
        <ele>2519.2</ele>
        <time>2026-08-07T08:50:56Z</time>
      </trkpt>
      <trkpt lat="44.299097" lon="6.927578">
        <ele>2519.0</ele>
        <time>2026-08-07T08:50:57Z</time>
      </trkpt>
      <trkpt lat="44.299139" lon="6.927613">
        <ele>2517.8</ele>
        <time>2026-08-07T08:51:03Z</time>
      </trkpt>
      <trkpt lat="44.299169" lon="6.927626">
        <ele>2517.4</ele>
        <time>2026-08-07T08:51:05Z</time>
      </trkpt>
      <trkpt lat="44.299211" lon="6.927632">
        <ele>2516.8</ele>
        <time>2026-08-07T08:51:08Z</time>
      </trkpt>
      <trkpt lat="44.299246" lon="6.927639">
        <ele>2516.0</ele>
        <time>2026-08-07T08:51:13Z</time>
      </trkpt>
      <trkpt lat="44.299267" lon="6.92766">
        <ele>2515.8</ele>
        <time>2026-08-07T08:51:18Z</time>
      </trkpt>
      <trkpt lat="44.299305" lon="6.927682">
        <ele>2515.6</ele>
        <time>2026-08-07T08:51:21Z</time>
      </trkpt>
      <trkpt lat="44.29939" lon="6.927692">
        <ele>2514.8</ele>
        <time>2026-08-07T08:51:29Z</time>
      </trkpt>
      <trkpt lat="44.299401" lon="6.927692">
        <ele>2514.6</ele>
        <time>2026-08-07T08:51:30Z</time>
      </trkpt>
      <trkpt lat="44.299468" lon="6.927677">
        <ele>2513.4</ele>
        <time>2026-08-07T08:51:36Z</time>
      </trkpt>
      <trkpt lat="44.299502" lon="6.927686">
        <ele>2513.2</ele>
        <time>2026-08-07T08:51:39Z</time>
      </trkpt>
      <trkpt lat="44.299599" lon="6.927691">
        <ele>2513.0</ele>
        <time>2026-08-07T08:51:48Z</time>
      </trkpt>
      <trkpt lat="44.2997" lon="6.927662">
        <ele>2512.8</ele>
        <time>2026-08-07T08:51:57Z</time>
      </trkpt>
      <trkpt lat="44.299731" lon="6.927649">
        <ele>2513.0</ele>
        <time>2026-08-07T08:52:02Z</time>
      </trkpt>
      <trkpt lat="44.299757" lon="6.927638">
        <ele>2512.6</ele>
        <time>2026-08-07T08:52:06Z</time>
      </trkpt>
      <trkpt lat="44.299755" lon="6.927629">
        <ele>2512.4</ele>
        <time>2026-08-07T08:52:09Z</time>
      </trkpt>
      <trkpt lat="44.299753" lon="6.927621">
        <ele>2512.4</ele>
        <time>2026-08-07T08:52:11Z</time>
      </trkpt>
      <trkpt lat="44.299753" lon="6.927615">
        <ele>2512.2</ele>
        <time>2026-08-07T08:52:14Z</time>
      </trkpt>
      <trkpt lat="44.299759" lon="6.927607">
        <ele>2511.8</ele>
        <time>2026-08-07T08:52:16Z</time>
      </trkpt>
      <trkpt lat="44.29977" lon="6.927586">
        <ele>2511.6</ele>
        <time>2026-08-07T08:52:25Z</time>
      </trkpt>
      <trkpt lat="44.299778" lon="6.927583">
        <ele>2511.4</ele>
        <time>2026-08-07T08:52:27Z</time>
      </trkpt>
      <trkpt lat="44.299795" lon="6.927578">
        <ele>2511.2</ele>
        <time>2026-08-07T08:52:34Z</time>
      </trkpt>
      <trkpt lat="44.299783" lon="6.927587">
        <ele>2510.2</ele>
        <time>2026-08-07T08:52:41Z</time>
      </trkpt>
      <trkpt lat="44.299785" lon="6.927593">
        <ele>2510.2</ele>
        <time>2026-08-07T08:52:43Z</time>
      </trkpt>
      <trkpt lat="44.299816" lon="6.927606">
        <ele>2510.0</ele>
        <time>2026-08-07T08:52:53Z</time>
      </trkpt>
      <trkpt lat="44.299814" lon="6.927606">
        <ele>2510.4</ele>
        <time>2026-08-07T08:52:55Z</time>
      </trkpt>
      <trkpt lat="44.299805" lon="6.927608">
        <ele>2511.2</ele>
        <time>2026-08-07T08:53:06Z</time>
      </trkpt>
      <trkpt lat="44.299807" lon="6.927614">
        <ele>2511.4</ele>
        <time>2026-08-07T08:53:08Z</time>
      </trkpt>
      <trkpt lat="44.299791" lon="6.927624">
        <ele>2511.2</ele>
        <time>2026-08-07T08:53:12Z</time>
      </trkpt>
      <trkpt lat="44.299781" lon="6.927623">
        <ele>2511.2</ele>
        <time>2026-08-07T08:53:13Z</time>
      </trkpt>
      <trkpt lat="44.299774" lon="6.927625">
        <ele>2511.4</ele>
        <time>2026-08-07T08:53:14Z</time>
      </trkpt>
      <trkpt lat="44.299771" lon="6.927627">
        <ele>2511.4</ele>
        <time>2026-08-07T08:53:15Z</time>
      </trkpt>
      <trkpt lat="44.299772" lon="6.927627">
        <ele>2511.4</ele>
        <time>2026-08-07T08:53:16Z</time>
      </trkpt>
      <trkpt lat="44.299777" lon="6.927626">
        <ele>2511.6</ele>
        <time>2026-08-07T08:53:18Z</time>
      </trkpt>
      <trkpt lat="44.299804" lon="6.927634">
        <ele>2512.2</ele>
        <time>2026-08-07T08:53:27Z</time>
      </trkpt>
      <trkpt lat="44.299807" lon="6.927634">
        <ele>2512.4</ele>
        <time>2026-08-07T08:53:29Z</time>
      </trkpt>
      <trkpt lat="44.299806" lon="6.927634">
        <ele>2512.4</ele>
        <time>2026-08-07T08:53:30Z</time>
      </trkpt>
      <trkpt lat="44.299799" lon="6.927627">
        <ele>2512.4</ele>
        <time>2026-08-07T08:53:38Z</time>
      </trkpt>
      <trkpt lat="44.299797" lon="6.927623">
        <ele>2512.4</ele>
        <time>2026-08-07T08:53:39Z</time>
      </trkpt>
      <trkpt lat="44.299784" lon="6.927611">
        <ele>2512.4</ele>
        <time>2026-08-07T08:53:44Z</time>
      </trkpt>
      <trkpt lat="44.299781" lon="6.927601">
        <ele>2512.8</ele>
        <time>2026-08-07T08:53:53Z</time>
      </trkpt>
      <trkpt lat="44.299802" lon="6.927635">
        <ele>2512.8</ele>
        <time>2026-08-07T08:54:03Z</time>
      </trkpt>
      <trkpt lat="44.299781" lon="6.927554">
        <ele>2512.6</ele>
        <time>2026-08-07T08:54:13Z</time>
      </trkpt>
      <trkpt lat="44.29977" lon="6.927557">
        <ele>2512.6</ele>
        <time>2026-08-07T08:54:24Z</time>
      </trkpt>
      <trkpt lat="44.299785" lon="6.927608">
        <ele>2512.0</ele>
        <time>2026-08-07T08:54:36Z</time>
      </trkpt>
      <trkpt lat="44.299807" lon="6.92766">
        <ele>2511.8</ele>
        <time>2026-08-07T08:54:42Z</time>
      </trkpt>
      <trkpt lat="44.299796" lon="6.927649">
        <ele>2511.8</ele>
        <time>2026-08-07T08:54:45Z</time>
      </trkpt>
      <trkpt lat="44.299794" lon="6.92764">
        <ele>2511.8</ele>
        <time>2026-08-07T08:54:51Z</time>
      </trkpt>
      <trkpt lat="44.299804" lon="6.927638">
        <ele>2511.8</ele>
        <time>2026-08-07T08:54:56Z</time>
      </trkpt>
      <trkpt lat="44.299798" lon="6.927625">
        <ele>2511.4</ele>
        <time>2026-08-07T08:55:07Z</time>
      </trkpt>
      <trkpt lat="44.299797" lon="6.927624">
        <ele>2511.2</ele>
        <time>2026-08-07T08:55:08Z</time>
      </trkpt>
      <trkpt lat="44.299795" lon="6.927624">
        <ele>2511.2</ele>
        <time>2026-08-07T08:55:09Z</time>
      </trkpt>
      <trkpt lat="44.299795" lon="6.927613">
        <ele>2511.8</ele>
        <time>2026-08-07T08:55:21Z</time>
      </trkpt>
      <trkpt lat="44.299783" lon="6.927617">
        <ele>2511.4</ele>
        <time>2026-08-07T08:55:33Z</time>
      </trkpt>
      <trkpt lat="44.299762" lon="6.927578">
        <ele>2511.6</ele>
        <time>2026-08-07T08:55:41Z</time>
      </trkpt>
      <trkpt lat="44.299777" lon="6.927599">
        <ele>2511.4</ele>
        <time>2026-08-07T08:55:51Z</time>
      </trkpt>
      <trkpt lat="44.29977" lon="6.927577">
        <ele>2511.6</ele>
        <time>2026-08-07T08:56:01Z</time>
      </trkpt>
      <trkpt lat="44.299759" lon="6.92758">
        <ele>2511.6</ele>
        <time>2026-08-07T08:56:09Z</time>
      </trkpt>
      <trkpt lat="44.299742" lon="6.927576">
        <ele>2511.4</ele>
        <time>2026-08-07T08:56:11Z</time>
      </trkpt>
      <trkpt lat="44.299734" lon="6.927577">
        <ele>2511.6</ele>
        <time>2026-08-07T08:56:15Z</time>
      </trkpt>
      <trkpt lat="44.299737" lon="6.927586">
        <ele>2511.6</ele>
        <time>2026-08-07T08:56:18Z</time>
      </trkpt>
      <trkpt lat="44.299741" lon="6.927588">
        <ele>2511.4</ele>
        <time>2026-08-07T08:56:19Z</time>
      </trkpt>
      <trkpt lat="44.299741" lon="6.92758">
        <ele>2511.2</ele>
        <time>2026-08-07T08:56:25Z</time>
      </trkpt>
      <trkpt lat="44.299732" lon="6.92756">
        <ele>2511.4</ele>
        <time>2026-08-07T08:56:29Z</time>
      </trkpt>
      <trkpt lat="44.299763" lon="6.927574">
        <ele>2511.4</ele>
        <time>2026-08-07T08:56:39Z</time>
      </trkpt>
      <trkpt lat="44.299813" lon="6.927634">
        <ele>2510.8</ele>
        <time>2026-08-07T08:56:50Z</time>
      </trkpt>
      <trkpt lat="44.299768" lon="6.927605">
        <ele>2510.8</ele>
        <time>2026-08-07T08:56:58Z</time>
      </trkpt>
      <trkpt lat="44.299775" lon="6.927594">
        <ele>2510.4</ele>
        <time>2026-08-07T08:57:06Z</time>
      </trkpt>
      <trkpt lat="44.299781" lon="6.927592">
        <ele>2510.2</ele>
        <time>2026-08-07T08:57:08Z</time>
      </trkpt>
      <trkpt lat="44.299815" lon="6.9276">
        <ele>2510.0</ele>
        <time>2026-08-07T08:57:19Z</time>
      </trkpt>
      <trkpt lat="44.2998" lon="6.927592">
        <ele>2510.2</ele>
        <time>2026-08-07T08:57:30Z</time>
      </trkpt>
      <trkpt lat="44.299793" lon="6.927591">
        <ele>2510.0</ele>
        <time>2026-08-07T08:57:33Z</time>
      </trkpt>
      <trkpt lat="44.299783" lon="6.927617">
        <ele>2510.0</ele>
        <time>2026-08-07T08:57:43Z</time>
      </trkpt>
      <trkpt lat="44.299777" lon="6.927646">
        <ele>2510.0</ele>
        <time>2026-08-07T08:57:53Z</time>
      </trkpt>
      <trkpt lat="44.299779" lon="6.927647">
        <ele>2510.2</ele>
        <time>2026-08-07T08:57:54Z</time>
      </trkpt>
      <trkpt lat="44.299781" lon="6.927647">
        <ele>2510.2</ele>
        <time>2026-08-07T08:57:55Z</time>
      </trkpt>
      <trkpt lat="44.299804" lon="6.927613">
        <ele>2511.0</ele>
        <time>2026-08-07T08:58:02Z</time>
      </trkpt>
      <trkpt lat="44.299795" lon="6.927617">
        <ele>2510.8</ele>
        <time>2026-08-07T08:58:11Z</time>
      </trkpt>
      <trkpt lat="44.299781" lon="6.927604">
        <ele>2510.8</ele>
        <time>2026-08-07T08:58:20Z</time>
      </trkpt>
      <trkpt lat="44.299781" lon="6.9276">
        <ele>2510.6</ele>
        <time>2026-08-07T08:58:21Z</time>
      </trkpt>
      <trkpt lat="44.299765" lon="6.927581">
        <ele>2510.2</ele>
        <time>2026-08-07T08:58:30Z</time>
      </trkpt>
      <trkpt lat="44.299762" lon="6.927578">
        <ele>2510.2</ele>
        <time>2026-08-07T08:58:31Z</time>
      </trkpt>
      <trkpt lat="44.299758" lon="6.927577">
        <ele>2510.2</ele>
        <time>2026-08-07T08:58:32Z</time>
      </trkpt>
      <trkpt lat="44.299758" lon="6.927576">
        <ele>2510.2</ele>
        <time>2026-08-07T08:58:33Z</time>
      </trkpt>
      <trkpt lat="44.29976" lon="6.927577">
        <ele>2510.4</ele>
        <time>2026-08-07T08:58:34Z</time>
      </trkpt>
      <trkpt lat="44.299764" lon="6.927597">
        <ele>2509.8</ele>
        <time>2026-08-07T08:58:47Z</time>
      </trkpt>
      <trkpt lat="44.299758" lon="6.927624">
        <ele>2509.6</ele>
        <time>2026-08-07T08:58:55Z</time>
      </trkpt>
      <trkpt lat="44.299756" lon="6.92759">
        <ele>2509.6</ele>
        <time>2026-08-07T08:59:03Z</time>
      </trkpt>
      <trkpt lat="44.299772" lon="6.927573">
        <ele>2510.0</ele>
        <time>2026-08-07T08:59:12Z</time>
      </trkpt>
      <trkpt lat="44.299772" lon="6.92762">
        <ele>2510.8</ele>
        <time>2026-08-07T08:59:18Z</time>
      </trkpt>
      <trkpt lat="44.299779" lon="6.927637">
        <ele>2510.6</ele>
        <time>2026-08-07T08:59:24Z</time>
      </trkpt>
      <trkpt lat="44.299774" lon="6.927657">
        <ele>2511.2</ele>
        <time>2026-08-07T08:59:33Z</time>
      </trkpt>
      <trkpt lat="44.299759" lon="6.92765">
        <ele>2511.2</ele>
        <time>2026-08-07T08:59:41Z</time>
      </trkpt>
      <trkpt lat="44.299758" lon="6.927646">
        <ele>2511.4</ele>
        <time>2026-08-07T08:59:45Z</time>
      </trkpt>
      <trkpt lat="44.299768" lon="6.927656">
        <ele>2511.4</ele>
        <time>2026-08-07T08:59:52Z</time>
      </trkpt>
      <trkpt lat="44.299771" lon="6.927656">
        <ele>2511.4</ele>
        <time>2026-08-07T08:59:53Z</time>
      </trkpt>
      <trkpt lat="44.299751" lon="6.927633">
        <ele>2511.4</ele>
        <time>2026-08-07T09:00:01Z</time>
      </trkpt>
      <trkpt lat="44.299756" lon="6.927639">
        <ele>2511.4</ele>
        <time>2026-08-07T09:00:02Z</time>
      </trkpt>
      <trkpt lat="44.2998" lon="6.927697">
        <ele>2511.4</ele>
        <time>2026-08-07T09:00:09Z</time>
      </trkpt>
      <trkpt lat="44.299793" lon="6.927675">
        <ele>2511.6</ele>
        <time>2026-08-07T09:00:19Z</time>
      </trkpt>
      <trkpt lat="44.299764" lon="6.927675">
        <ele>2511.6</ele>
        <time>2026-08-07T09:00:25Z</time>
      </trkpt>
      <trkpt lat="44.299755" lon="6.927668">
        <ele>2511.6</ele>
        <time>2026-08-07T09:00:28Z</time>
      </trkpt>
      <trkpt lat="44.299755" lon="6.92765">
        <ele>2511.8</ele>
        <time>2026-08-07T09:00:37Z</time>
      </trkpt>
      <trkpt lat="44.299775" lon="6.927658">
        <ele>2512.4</ele>
        <time>2026-08-07T09:00:42Z</time>
      </trkpt>
      <trkpt lat="44.299784" lon="6.927662">
        <ele>2513.2</ele>
        <time>2026-08-07T09:00:47Z</time>
      </trkpt>
      <trkpt lat="44.299808" lon="6.92767">
        <ele>2512.6</ele>
        <time>2026-08-07T09:00:58Z</time>
      </trkpt>
      <trkpt lat="44.299841" lon="6.927696">
        <ele>2512.6</ele>
        <time>2026-08-07T09:01:05Z</time>
      </trkpt>
      <trkpt lat="44.299843" lon="6.927697">
        <ele>2512.6</ele>
        <time>2026-08-07T09:01:06Z</time>
      </trkpt>
      <trkpt lat="44.299874" lon="6.927688">
        <ele>2511.2</ele>
        <time>2026-08-07T09:01:11Z</time>
      </trkpt>
      <trkpt lat="44.299898" lon="6.927668">
        <ele>2511.2</ele>
        <time>2026-08-07T09:01:14Z</time>
      </trkpt>
      <trkpt lat="44.299957" lon="6.927613">
        <ele>2510.4</ele>
        <time>2026-08-07T09:01:23Z</time>
      </trkpt>
      <trkpt lat="44.299972" lon="6.927606">
        <ele>2510.2</ele>
        <time>2026-08-07T09:01:25Z</time>
      </trkpt>
      <trkpt lat="44.300022" lon="6.927582">
        <ele>2509.0</ele>
        <time>2026-08-07T09:01:31Z</time>
      </trkpt>
      <trkpt lat="44.300077" lon="6.927573">
        <ele>2508.0</ele>
        <time>2026-08-07T09:01:37Z</time>
      </trkpt>
      <trkpt lat="44.300117" lon="6.927581">
        <ele>2507.8</ele>
        <time>2026-08-07T09:01:40Z</time>
      </trkpt>
      <trkpt lat="44.300184" lon="6.927595">
        <ele>2507.0</ele>
        <time>2026-08-07T09:01:49Z</time>
      </trkpt>
      <trkpt lat="44.300196" lon="6.927598">
        <ele>2506.8</ele>
        <time>2026-08-07T09:01:50Z</time>
      </trkpt>
      <trkpt lat="44.30026" lon="6.927606">
        <ele>2505.8</ele>
        <time>2026-08-07T09:01:55Z</time>
      </trkpt>
      <trkpt lat="44.300282" lon="6.927593">
        <ele>2505.6</ele>
        <time>2026-08-07T09:01:58Z</time>
      </trkpt>
      <trkpt lat="44.300354" lon="6.927572">
        <ele>2504.8</ele>
        <time>2026-08-07T09:02:05Z</time>
      </trkpt>
      <trkpt lat="44.300365" lon="6.927571">
        <ele>2504.8</ele>
        <time>2026-08-07T09:02:06Z</time>
      </trkpt>
      <trkpt lat="44.300372" lon="6.927569">
        <ele>2504.8</ele>
        <time>2026-08-07T09:02:07Z</time>
      </trkpt>
      <trkpt lat="44.30043" lon="6.927557">
        <ele>2503.6</ele>
        <time>2026-08-07T09:02:13Z</time>
      </trkpt>
      <trkpt lat="44.300455" lon="6.927549">
        <ele>2503.0</ele>
        <time>2026-08-07T09:02:16Z</time>
      </trkpt>
      <trkpt lat="44.300473" lon="6.927542">
        <ele>2502.6</ele>
        <time>2026-08-07T09:02:18Z</time>
      </trkpt>
      <trkpt lat="44.300537" lon="6.927531">
        <ele>2502.2</ele>
        <time>2026-08-07T09:02:26Z</time>
      </trkpt>
      <trkpt lat="44.300621" lon="6.927567">
        <ele>2501.6</ele>
        <time>2026-08-07T09:02:33Z</time>
      </trkpt>
      <trkpt lat="44.300645" lon="6.927588">
        <ele>2500.8</ele>
        <time>2026-08-07T09:02:35Z</time>
      </trkpt>
      <trkpt lat="44.300674" lon="6.927634">
        <ele>2500.4</ele>
        <time>2026-08-07T09:02:40Z</time>
      </trkpt>
      <trkpt lat="44.300697" lon="6.927638">
        <ele>2499.8</ele>
        <time>2026-08-07T09:02:43Z</time>
      </trkpt>
      <trkpt lat="44.300709" lon="6.92763">
        <ele>2499.4</ele>
        <time>2026-08-07T09:02:45Z</time>
      </trkpt>
      <trkpt lat="44.300752" lon="6.927611">
        <ele>2498.4</ele>
        <time>2026-08-07T09:02:51Z</time>
      </trkpt>
      <trkpt lat="44.300761" lon="6.927608">
        <ele>2497.8</ele>
        <time>2026-08-07T09:02:53Z</time>
      </trkpt>
      <trkpt lat="44.300786" lon="6.927599">
        <ele>2497.4</ele>
        <time>2026-08-07T09:02:57Z</time>
      </trkpt>
      <trkpt lat="44.300858" lon="6.927596">
        <ele>2496.4</ele>
        <time>2026-08-07T09:03:04Z</time>
      </trkpt>
      <trkpt lat="44.300871" lon="6.927594">
        <ele>2496.2</ele>
        <time>2026-08-07T09:03:05Z</time>
      </trkpt>
      <trkpt lat="44.30096" lon="6.927574">
        <ele>2495.6</ele>
        <time>2026-08-07T09:03:12Z</time>
      </trkpt>
      <trkpt lat="44.301007" lon="6.927556">
        <ele>2495.2</ele>
        <time>2026-08-07T09:03:17Z</time>
      </trkpt>
      <trkpt lat="44.30103" lon="6.927551">
        <ele>2495.2</ele>
        <time>2026-08-07T09:03:19Z</time>
      </trkpt>
      <trkpt lat="44.30112" lon="6.927553">
        <ele>2495.4</ele>
        <time>2026-08-07T09:03:26Z</time>
      </trkpt>
      <trkpt lat="44.30119" lon="6.927595">
        <ele>2494.4</ele>
        <time>2026-08-07T09:03:34Z</time>
      </trkpt>
      <trkpt lat="44.301197" lon="6.92761">
        <ele>2494.0</ele>
        <time>2026-08-07T09:03:36Z</time>
      </trkpt>
      <trkpt lat="44.301194" lon="6.927632">
        <ele>2493.6</ele>
        <time>2026-08-07T09:03:38Z</time>
      </trkpt>
      <trkpt lat="44.301188" lon="6.927671">
        <ele>2493.0</ele>
        <time>2026-08-07T09:03:41Z</time>
      </trkpt>
      <trkpt lat="44.301164" lon="6.927743">
        <ele>2491.8</ele>
        <time>2026-08-07T09:03:48Z</time>
      </trkpt>
      <trkpt lat="44.301138" lon="6.927779">
        <ele>2491.2</ele>
        <time>2026-08-07T09:03:51Z</time>
      </trkpt>
      <trkpt lat="44.301103" lon="6.927814">
        <ele>2490.8</ele>
        <time>2026-08-07T09:03:54Z</time>
      </trkpt>
      <trkpt lat="44.301051" lon="6.927839">
        <ele>2490.8</ele>
        <time>2026-08-07T09:03:59Z</time>
      </trkpt>
      <trkpt lat="44.300988" lon="6.927917">
        <ele>2490.2</ele>
        <time>2026-08-07T09:04:07Z</time>
      </trkpt>
      <trkpt lat="44.300989" lon="6.927926">
        <ele>2489.6</ele>
        <time>2026-08-07T09:04:09Z</time>
      </trkpt>
      <trkpt lat="44.300997" lon="6.927937">
        <ele>2489.2</ele>
        <time>2026-08-07T09:04:11Z</time>
      </trkpt>
      <trkpt lat="44.300994" lon="6.927949">
        <ele>2488.8</ele>
        <time>2026-08-07T09:04:13Z</time>
      </trkpt>
      <trkpt lat="44.300994" lon="6.927954">
        <ele>2488.6</ele>
        <time>2026-08-07T09:04:14Z</time>
      </trkpt>
      <trkpt lat="44.300972" lon="6.928008">
        <ele>2487.8</ele>
        <time>2026-08-07T09:04:20Z</time>
      </trkpt>
      <trkpt lat="44.300964" lon="6.92802">
        <ele>2487.6</ele>
        <time>2026-08-07T09:04:21Z</time>
      </trkpt>
      <trkpt lat="44.300944" lon="6.92806">
        <ele>2486.4</ele>
        <time>2026-08-07T09:04:26Z</time>
      </trkpt>
      <trkpt lat="44.300942" lon="6.928064">
        <ele>2486.4</ele>
        <time>2026-08-07T09:04:27Z</time>
      </trkpt>
      <trkpt lat="44.300927" lon="6.928095">
        <ele>2485.2</ele>
        <time>2026-08-07T09:04:34Z</time>
      </trkpt>
      <trkpt lat="44.300926" lon="6.928106">
        <ele>2484.4</ele>
        <time>2026-08-07T09:04:37Z</time>
      </trkpt>
      <trkpt lat="44.300925" lon="6.928114">
        <ele>2484.0</ele>
        <time>2026-08-07T09:04:38Z</time>
      </trkpt>
      <trkpt lat="44.300914" lon="6.928149">
        <ele>2483.0</ele>
        <time>2026-08-07T09:04:43Z</time>
      </trkpt>
      <trkpt lat="44.300896" lon="6.92818">
        <ele>2482.4</ele>
        <time>2026-08-07T09:04:46Z</time>
      </trkpt>
      <trkpt lat="44.300879" lon="6.928193">
        <ele>2481.8</ele>
        <time>2026-08-07T09:04:48Z</time>
      </trkpt>
      <trkpt lat="44.300826" lon="6.928232">
        <ele>2480.8</ele>
        <time>2026-08-07T09:04:54Z</time>
      </trkpt>
      <trkpt lat="44.300816" lon="6.928239">
        <ele>2480.4</ele>
        <time>2026-08-07T09:04:55Z</time>
      </trkpt>
      <trkpt lat="44.300789" lon="6.928265">
        <ele>2479.6</ele>
        <time>2026-08-07T09:04:59Z</time>
      </trkpt>
      <trkpt lat="44.300781" lon="6.92829">
        <ele>2479.0</ele>
        <time>2026-08-07T09:05:02Z</time>
      </trkpt>
      <trkpt lat="44.300772" lon="6.928306">
        <ele>2478.4</ele>
        <time>2026-08-07T09:05:04Z</time>
      </trkpt>
      <trkpt lat="44.300751" lon="6.928324">
        <ele>2477.4</ele>
        <time>2026-08-07T09:05:09Z</time>
      </trkpt>
      <trkpt lat="44.300733" lon="6.928338">
        <ele>2477.2</ele>
        <time>2026-08-07T09:05:11Z</time>
      </trkpt>
      <trkpt lat="44.300758" lon="6.928368">
        <ele>2476.4</ele>
        <time>2026-08-07T09:05:18Z</time>
      </trkpt>
      <trkpt lat="44.300809" lon="6.928358">
        <ele>2475.2</ele>
        <time>2026-08-07T09:05:26Z</time>
      </trkpt>
      <trkpt lat="44.300837" lon="6.928373">
        <ele>2474.0</ele>
        <time>2026-08-07T09:05:32Z</time>
      </trkpt>
      <trkpt lat="44.300824" lon="6.928387">
        <ele>2473.6</ele>
        <time>2026-08-07T09:05:34Z</time>
      </trkpt>
      <trkpt lat="44.300797" lon="6.928401">
        <ele>2472.8</ele>
        <time>2026-08-07T09:05:37Z</time>
      </trkpt>
      <trkpt lat="44.300804" lon="6.928438">
        <ele>2472.0</ele>
        <time>2026-08-07T09:05:42Z</time>
      </trkpt>
      <trkpt lat="44.300805" lon="6.928448">
        <ele>2471.8</ele>
        <time>2026-08-07T09:05:43Z</time>
      </trkpt>
      <trkpt lat="44.300847" lon="6.928464">
        <ele>2471.2</ele>
        <time>2026-08-07T09:05:47Z</time>
      </trkpt>
      <trkpt lat="44.300863" lon="6.928462">
        <ele>2470.8</ele>
        <time>2026-08-07T09:05:49Z</time>
      </trkpt>
      <trkpt lat="44.300889" lon="6.928473">
        <ele>2469.6</ele>
        <time>2026-08-07T09:05:54Z</time>
      </trkpt>
      <trkpt lat="44.300888" lon="6.92848">
        <ele>2469.2</ele>
        <time>2026-08-07T09:05:55Z</time>
      </trkpt>
      <trkpt lat="44.30088" lon="6.928508">
        <ele>2468.4</ele>
        <time>2026-08-07T09:05:59Z</time>
      </trkpt>
      <trkpt lat="44.300876" lon="6.928532">
        <ele>2467.6</ele>
        <time>2026-08-07T09:06:02Z</time>
      </trkpt>
      <trkpt lat="44.300871" lon="6.928544">
        <ele>2467.2</ele>
        <time>2026-08-07T09:06:05Z</time>
      </trkpt>
      <trkpt lat="44.300857" lon="6.928579">
        <ele>2466.4</ele>
        <time>2026-08-07T09:06:10Z</time>
      </trkpt>
      <trkpt lat="44.300853" lon="6.928601">
        <ele>2466.2</ele>
        <time>2026-08-07T09:06:12Z</time>
      </trkpt>
      <trkpt lat="44.300861" lon="6.928641">
        <ele>2465.2</ele>
        <time>2026-08-07T09:06:18Z</time>
      </trkpt>
      <trkpt lat="44.300861" lon="6.928654">
        <ele>2465.0</ele>
        <time>2026-08-07T09:06:19Z</time>
      </trkpt>
      <trkpt lat="44.300873" lon="6.928671">
        <ele>2463.8</ele>
        <time>2026-08-07T09:06:26Z</time>
      </trkpt>
      <trkpt lat="44.300871" lon="6.928676">
        <ele>2463.8</ele>
        <time>2026-08-07T09:06:27Z</time>
      </trkpt>
      <trkpt lat="44.300868" lon="6.928679">
        <ele>2462.8</ele>
        <time>2026-08-07T09:06:33Z</time>
      </trkpt>
      <trkpt lat="44.300866" lon="6.928685">
        <ele>2462.2</ele>
        <time>2026-08-07T09:06:36Z</time>
      </trkpt>
      <trkpt lat="44.300862" lon="6.928699">
        <ele>2461.8</ele>
        <time>2026-08-07T09:06:38Z</time>
      </trkpt>
      <trkpt lat="44.300853" lon="6.928752">
        <ele>2460.6</ele>
        <time>2026-08-07T09:06:44Z</time>
      </trkpt>
      <trkpt lat="44.300851" lon="6.928761">
        <ele>2460.2</ele>
        <time>2026-08-07T09:06:45Z</time>
      </trkpt>
      <trkpt lat="44.300846" lon="6.928792">
        <ele>2459.4</ele>
        <time>2026-08-07T09:06:49Z</time>
      </trkpt>
      <trkpt lat="44.300849" lon="6.928802">
        <ele>2459.0</ele>
        <time>2026-08-07T09:06:53Z</time>
      </trkpt>
      <trkpt lat="44.300853" lon="6.928819">
        <ele>2458.4</ele>
        <time>2026-08-07T09:06:55Z</time>
      </trkpt>
      <trkpt lat="44.300863" lon="6.92884">
        <ele>2457.4</ele>
        <time>2026-08-07T09:06:59Z</time>
      </trkpt>
      <trkpt lat="44.300871" lon="6.928853">
        <ele>2457.2</ele>
        <time>2026-08-07T09:07:02Z</time>
      </trkpt>
      <trkpt lat="44.300877" lon="6.928852">
        <ele>2456.2</ele>
        <time>2026-08-07T09:07:07Z</time>
      </trkpt>
      <trkpt lat="44.300911" lon="6.928833">
        <ele>2455.4</ele>
        <time>2026-08-07T09:07:12Z</time>
      </trkpt>
      <trkpt lat="44.300923" lon="6.928829">
        <ele>2455.2</ele>
        <time>2026-08-07T09:07:13Z</time>
      </trkpt>
      <trkpt lat="44.300952" lon="6.928806">
        <ele>2454.2</ele>
        <time>2026-08-07T09:07:19Z</time>
      </trkpt>
      <trkpt lat="44.300955" lon="6.928807">
        <ele>2454.0</ele>
        <time>2026-08-07T09:07:20Z</time>
      </trkpt>
      <trkpt lat="44.300984" lon="6.928804">
        <ele>2453.0</ele>
        <time>2026-08-07T09:07:25Z</time>
      </trkpt>
      <trkpt lat="44.301022" lon="6.928794">
        <ele>2452.4</ele>
        <time>2026-08-07T09:07:29Z</time>
      </trkpt>
      <trkpt lat="44.301038" lon="6.928793">
        <ele>2452.0</ele>
        <time>2026-08-07T09:07:31Z</time>
      </trkpt>
      <trkpt lat="44.301072" lon="6.928785">
        <ele>2451.2</ele>
        <time>2026-08-07T09:07:38Z</time>
      </trkpt>
      <trkpt lat="44.301066" lon="6.928789">
        <ele>2451.0</ele>
        <time>2026-08-07T09:07:39Z</time>
      </trkpt>
      <trkpt lat="44.301083" lon="6.928802">
        <ele>2450.0</ele>
        <time>2026-08-07T09:07:43Z</time>
      </trkpt>
      <trkpt lat="44.301104" lon="6.928799">
        <ele>2449.4</ele>
        <time>2026-08-07T09:07:45Z</time>
      </trkpt>
      <trkpt lat="44.301129" lon="6.928789">
        <ele>2448.8</ele>
        <time>2026-08-07T09:07:48Z</time>
      </trkpt>
      <trkpt lat="44.301145" lon="6.928779">
        <ele>2448.4</ele>
        <time>2026-08-07T09:07:52Z</time>
      </trkpt>
      <trkpt lat="44.30118" lon="6.928772">
        <ele>2447.8</ele>
        <time>2026-08-07T09:07:57Z</time>
      </trkpt>
      <trkpt lat="44.301197" lon="6.928769">
        <ele>2447.4</ele>
        <time>2026-08-07T09:07:59Z</time>
      </trkpt>
      <trkpt lat="44.301214" lon="6.92876">
        <ele>2446.6</ele>
        <time>2026-08-07T09:08:02Z</time>
      </trkpt>
      <trkpt lat="44.301269" lon="6.928744">
        <ele>2445.6</ele>
        <time>2026-08-07T09:08:08Z</time>
      </trkpt>
      <trkpt lat="44.301285" lon="6.928734">
        <ele>2445.2</ele>
        <time>2026-08-07T09:08:10Z</time>
      </trkpt>
      <trkpt lat="44.301314" lon="6.928725">
        <ele>2444.6</ele>
        <time>2026-08-07T09:08:14Z</time>
      </trkpt>
      <trkpt lat="44.301352" lon="6.928718">
        <ele>2443.4</ele>
        <time>2026-08-07T09:08:19Z</time>
      </trkpt>
      <trkpt lat="44.301359" lon="6.928719">
        <ele>2443.2</ele>
        <time>2026-08-07T09:08:20Z</time>
      </trkpt>
      <trkpt lat="44.301385" lon="6.928724">
        <ele>2442.4</ele>
        <time>2026-08-07T09:08:25Z</time>
      </trkpt>
      <trkpt lat="44.30142" lon="6.928723">
        <ele>2442.2</ele>
        <time>2026-08-07T09:08:28Z</time>
      </trkpt>
      <trkpt lat="44.301469" lon="6.928736">
        <ele>2441.2</ele>
        <time>2026-08-07T09:08:35Z</time>
      </trkpt>
      <trkpt lat="44.301472" lon="6.92875">
        <ele>2440.8</ele>
        <time>2026-08-07T09:08:37Z</time>
      </trkpt>
      <trkpt lat="44.301488" lon="6.928774">
        <ele>2440.0</ele>
        <time>2026-08-07T09:08:41Z</time>
      </trkpt>
      <trkpt lat="44.30151" lon="6.928782">
        <ele>2439.2</ele>
        <time>2026-08-07T09:08:45Z</time>
      </trkpt>
      <trkpt lat="44.30153" lon="6.92879">
        <ele>2439.0</ele>
        <time>2026-08-07T09:08:47Z</time>
      </trkpt>
      <trkpt lat="44.301595" lon="6.928803">
        <ele>2438.8</ele>
        <time>2026-08-07T09:08:53Z</time>
      </trkpt>
      <trkpt lat="44.301691" lon="6.9288">
        <ele>2439.2</ele>
        <time>2026-08-07T09:09:02Z</time>
      </trkpt>
      <trkpt lat="44.301763" lon="6.9288">
        <ele>2438.2</ele>
        <time>2026-08-07T09:09:10Z</time>
      </trkpt>
      <trkpt lat="44.301778" lon="6.9288">
        <ele>2438.0</ele>
        <time>2026-08-07T09:09:12Z</time>
      </trkpt>
      <trkpt lat="44.301823" lon="6.928797">
        <ele>2436.8</ele>
        <time>2026-08-07T09:09:18Z</time>
      </trkpt>
      <trkpt lat="44.301843" lon="6.928793">
        <ele>2436.4</ele>
        <time>2026-08-07T09:09:20Z</time>
      </trkpt>
      <trkpt lat="44.301883" lon="6.928783">
        <ele>2435.4</ele>
        <time>2026-08-07T09:09:24Z</time>
      </trkpt>
      <trkpt lat="44.301926" lon="6.928761">
        <ele>2434.4</ele>
        <time>2026-08-07T09:09:29Z</time>
      </trkpt>
      <trkpt lat="44.301991" lon="6.928722">
        <ele>2433.4</ele>
        <time>2026-08-07T09:09:35Z</time>
      </trkpt>
      <trkpt lat="44.302002" lon="6.928716">
        <ele>2433.2</ele>
        <time>2026-08-07T09:09:37Z</time>
      </trkpt>
      <trkpt lat="44.302033" lon="6.928705">
        <ele>2432.4</ele>
        <time>2026-08-07T09:09:42Z</time>
      </trkpt>
      <trkpt lat="44.30205" lon="6.928708">
        <ele>2432.0</ele>
        <time>2026-08-07T09:09:44Z</time>
      </trkpt>
      <trkpt lat="44.302078" lon="6.928731">
        <ele>2431.4</ele>
        <time>2026-08-07T09:09:48Z</time>
      </trkpt>
      <trkpt lat="44.302105" lon="6.928721">
        <ele>2430.8</ele>
        <time>2026-08-07T09:09:51Z</time>
      </trkpt>
      <trkpt lat="44.302119" lon="6.928703">
        <ele>2430.0</ele>
        <time>2026-08-07T09:09:53Z</time>
      </trkpt>
      <trkpt lat="44.302167" lon="6.928664">
        <ele>2429.0</ele>
        <time>2026-08-07T09:09:58Z</time>
      </trkpt>
      <trkpt lat="44.302182" lon="6.928653">
        <ele>2429.0</ele>
        <time>2026-08-07T09:09:59Z</time>
      </trkpt>
      <trkpt lat="44.302235" lon="6.928619">
        <ele>2429.4</ele>
        <time>2026-08-07T09:10:06Z</time>
      </trkpt>
      <trkpt lat="44.302266" lon="6.928615">
        <ele>2428.4</ele>
        <time>2026-08-07T09:10:14Z</time>
      </trkpt>
      <trkpt lat="44.302274" lon="6.928584">
        <ele>2428.0</ele>
        <time>2026-08-07T09:10:17Z</time>
      </trkpt>
      <trkpt lat="44.302279" lon="6.928568">
        <ele>2427.8</ele>
        <time>2026-08-07T09:10:19Z</time>
      </trkpt>
      <trkpt lat="44.302282" lon="6.928566">
        <ele>2427.6</ele>
        <time>2026-08-07T09:10:20Z</time>
      </trkpt>
      <trkpt lat="44.302303" lon="6.928577">
        <ele>2426.6</ele>
        <time>2026-08-07T09:10:24Z</time>
      </trkpt>
      <trkpt lat="44.302337" lon="6.928558">
        <ele>2426.0</ele>
        <time>2026-08-07T09:10:27Z</time>
      </trkpt>
      <trkpt lat="44.30236" lon="6.928541">
        <ele>2425.6</ele>
        <time>2026-08-07T09:10:29Z</time>
      </trkpt>
      <trkpt lat="44.302388" lon="6.928496">
        <ele>2425.0</ele>
        <time>2026-08-07T09:10:35Z</time>
      </trkpt>
      <trkpt lat="44.302436" lon="6.928429">
        <ele>2424.6</ele>
        <time>2026-08-07T09:10:43Z</time>
      </trkpt>
      <trkpt lat="44.302495" lon="6.928422">
        <ele>2425.0</ele>
        <time>2026-08-07T09:10:52Z</time>
      </trkpt>
      <trkpt lat="44.302547" lon="6.928402">
        <ele>2424.6</ele>
        <time>2026-08-07T09:10:57Z</time>
      </trkpt>
      <trkpt lat="44.30257" lon="6.928378">
        <ele>2424.6</ele>
        <time>2026-08-07T09:11:00Z</time>
      </trkpt>
      <trkpt lat="44.302624" lon="6.928344">
        <ele>2425.6</ele>
        <time>2026-08-07T09:11:06Z</time>
      </trkpt>
      <trkpt lat="44.302685" lon="6.928333">
        <ele>2426.6</ele>
        <time>2026-08-07T09:11:13Z</time>
      </trkpt>
      <trkpt lat="44.302692" lon="6.928334">
        <ele>2426.8</ele>
        <time>2026-08-07T09:11:14Z</time>
      </trkpt>
      <trkpt lat="44.30274" lon="6.928336">
        <ele>2427.6</ele>
        <time>2026-08-07T09:11:21Z</time>
      </trkpt>
      <trkpt lat="44.302804" lon="6.928334">
        <ele>2426.8</ele>
        <time>2026-08-07T09:11:30Z</time>
      </trkpt>
      <trkpt lat="44.302898" lon="6.928373">
        <ele>2426.8</ele>
        <time>2026-08-07T09:11:38Z</time>
      </trkpt>
      <trkpt lat="44.302939" lon="6.928386">
        <ele>2427.0</ele>
        <time>2026-08-07T09:11:45Z</time>
      </trkpt>
      <trkpt lat="44.303025" lon="6.92837">
        <ele>2426.2</ele>
        <time>2026-08-07T09:11:53Z</time>
      </trkpt>
      <trkpt lat="44.303066" lon="6.928378">
        <ele>2426.6</ele>
        <time>2026-08-07T09:11:58Z</time>
      </trkpt>
      <trkpt lat="44.30308" lon="6.928392">
        <ele>2426.6</ele>
        <time>2026-08-07T09:12:01Z</time>
      </trkpt>
      <trkpt lat="44.303098" lon="6.928402">
        <ele>2425.6</ele>
        <time>2026-08-07T09:12:06Z</time>
      </trkpt>
      <trkpt lat="44.303121" lon="6.928388">
        <ele>2425.2</ele>
        <time>2026-08-07T09:12:09Z</time>
      </trkpt>
      <trkpt lat="44.303178" lon="6.928369">
        <ele>2424.6</ele>
        <time>2026-08-07T09:12:15Z</time>
      </trkpt>
      <trkpt lat="44.303196" lon="6.92837">
        <ele>2424.2</ele>
        <time>2026-08-07T09:12:18Z</time>
      </trkpt>
      <trkpt lat="44.303218" lon="6.928388">
        <ele>2423.4</ele>
        <time>2026-08-07T09:12:23Z</time>
      </trkpt>
      <trkpt lat="44.303247" lon="6.928401">
        <ele>2423.0</ele>
        <time>2026-08-07T09:12:27Z</time>
      </trkpt>
      <trkpt lat="44.303274" lon="6.928422">
        <ele>2422.4</ele>
        <time>2026-08-07T09:12:31Z</time>
      </trkpt>
      <trkpt lat="44.303298" lon="6.928456">
        <ele>2421.2</ele>
        <time>2026-08-07T09:12:36Z</time>
      </trkpt>
      <trkpt lat="44.303307" lon="6.928461">
        <ele>2420.0</ele>
        <time>2026-08-07T09:12:41Z</time>
      </trkpt>
      <trkpt lat="44.303329" lon="6.928455">
        <ele>2419.4</ele>
        <time>2026-08-07T09:12:44Z</time>
      </trkpt>
      <trkpt lat="44.303395" lon="6.92846">
        <ele>2419.0</ele>
        <time>2026-08-07T09:12:50Z</time>
      </trkpt>
      <trkpt lat="44.303422" lon="6.928474">
        <ele>2418.6</ele>
        <time>2026-08-07T09:12:53Z</time>
      </trkpt>
      <trkpt lat="44.303488" lon="6.92851">
        <ele>2418.2</ele>
        <time>2026-08-07T09:13:01Z</time>
      </trkpt>
      <trkpt lat="44.303537" lon="6.928548">
        <ele>2418.4</ele>
        <time>2026-08-07T09:13:11Z</time>
      </trkpt>
      <trkpt lat="44.303542" lon="6.928602">
        <ele>2418.0</ele>
        <time>2026-08-07T09:13:19Z</time>
      </trkpt>
      <trkpt lat="44.303544" lon="6.928602">
        <ele>2417.8</ele>
        <time>2026-08-07T09:13:20Z</time>
      </trkpt>
      <trkpt lat="44.303573" lon="6.92865">
        <ele>2417.8</ele>
        <time>2026-08-07T09:13:26Z</time>
      </trkpt>
      <trkpt lat="44.303579" lon="6.928685">
        <ele>2418.0</ele>
        <time>2026-08-07T09:13:33Z</time>
      </trkpt>
      <trkpt lat="44.303565" lon="6.928672">
        <ele>2417.8</ele>
        <time>2026-08-07T09:13:38Z</time>
      </trkpt>
      <trkpt lat="44.303564" lon="6.928661">
        <ele>2417.6</ele>
        <time>2026-08-07T09:13:41Z</time>
      </trkpt>
      <trkpt lat="44.303617" lon="6.928667">
        <ele>2417.6</ele>
        <time>2026-08-07T09:13:49Z</time>
      </trkpt>
      <trkpt lat="44.303654" lon="6.928656">
        <ele>2417.4</ele>
        <time>2026-08-07T09:13:57Z</time>
      </trkpt>
      <trkpt lat="44.303686" lon="6.928637">
        <ele>2417.0</ele>
        <time>2026-08-07T09:14:04Z</time>
      </trkpt>
      <trkpt lat="44.303701" lon="6.928631">
        <ele>2417.0</ele>
        <time>2026-08-07T09:14:08Z</time>
      </trkpt>
      <trkpt lat="44.303702" lon="6.928631">
        <ele>2416.8</ele>
        <time>2026-08-07T09:14:10Z</time>
      </trkpt>
      <trkpt lat="44.303709" lon="6.928626">
        <ele>2416.6</ele>
        <time>2026-08-07T09:14:15Z</time>
      </trkpt>
      <trkpt lat="44.30373" lon="6.928611">
        <ele>2416.6</ele>
        <time>2026-08-07T09:14:19Z</time>
      </trkpt>
      <trkpt lat="44.303747" lon="6.928609">
        <ele>2416.6</ele>
        <time>2026-08-07T09:14:28Z</time>
      </trkpt>
      <trkpt lat="44.303757" lon="6.928621">
        <ele>2416.6</ele>
        <time>2026-08-07T09:14:34Z</time>
      </trkpt>
      <trkpt lat="44.303772" lon="6.928628">
        <ele>2416.6</ele>
        <time>2026-08-07T09:14:37Z</time>
      </trkpt>
      <trkpt lat="44.303866" lon="6.928608">
        <ele>2416.2</ele>
        <time>2026-08-07T09:14:47Z</time>
      </trkpt>
      <trkpt lat="44.303921" lon="6.928601">
        <ele>2415.8</ele>
        <time>2026-08-07T09:14:51Z</time>
      </trkpt>
      <trkpt lat="44.30396" lon="6.928605">
        <ele>2415.6</ele>
        <time>2026-08-07T09:14:55Z</time>
      </trkpt>
      <trkpt lat="44.303988" lon="6.928614">
        <ele>2415.4</ele>
        <time>2026-08-07T09:15:02Z</time>
      </trkpt>
      <trkpt lat="44.304008" lon="6.928615">
        <ele>2414.8</ele>
        <time>2026-08-07T09:15:04Z</time>
      </trkpt>
      <trkpt lat="44.304043" lon="6.928609">
        <ele>2413.8</ele>
        <time>2026-08-07T09:15:09Z</time>
      </trkpt>
      <trkpt lat="44.304068" lon="6.928552">
        <ele>2412.8</ele>
        <time>2026-08-07T09:15:14Z</time>
      </trkpt>
      <trkpt lat="44.304073" lon="6.928544">
        <ele>2412.6</ele>
        <time>2026-08-07T09:15:15Z</time>
      </trkpt>
      <trkpt lat="44.304095" lon="6.928531">
        <ele>2411.8</ele>
        <time>2026-08-07T09:15:22Z</time>
      </trkpt>
      <trkpt lat="44.304107" lon="6.928523">
        <ele>2411.6</ele>
        <time>2026-08-07T09:15:24Z</time>
      </trkpt>
      <trkpt lat="44.304123" lon="6.928526">
        <ele>2411.0</ele>
        <time>2026-08-07T09:15:28Z</time>
      </trkpt>
      <trkpt lat="44.304141" lon="6.928524">
        <ele>2410.6</ele>
        <time>2026-08-07T09:15:30Z</time>
      </trkpt>
      <trkpt lat="44.304188" lon="6.92851">
        <ele>2409.6</ele>
        <time>2026-08-07T09:15:35Z</time>
      </trkpt>
      <trkpt lat="44.304199" lon="6.928506">
        <ele>2409.4</ele>
        <time>2026-08-07T09:15:36Z</time>
      </trkpt>
      <trkpt lat="44.30424" lon="6.928487">
        <ele>2408.2</ele>
        <time>2026-08-07T09:15:41Z</time>
      </trkpt>
      <trkpt lat="44.304251" lon="6.928479">
        <ele>2408.0</ele>
        <time>2026-08-07T09:15:43Z</time>
      </trkpt>
      <trkpt lat="44.304281" lon="6.928463">
        <ele>2407.2</ele>
        <time>2026-08-07T09:15:48Z</time>
      </trkpt>
      <trkpt lat="44.304333" lon="6.928445">
        <ele>2406.8</ele>
        <time>2026-08-07T09:15:52Z</time>
      </trkpt>
      <trkpt lat="44.304381" lon="6.928442">
        <ele>2406.2</ele>
        <time>2026-08-07T09:15:58Z</time>
      </trkpt>
      <trkpt lat="44.304389" lon="6.928435">
        <ele>2406.2</ele>
        <time>2026-08-07T09:15:59Z</time>
      </trkpt>
      <trkpt lat="44.30443" lon="6.928421">
        <ele>2405.6</ele>
        <time>2026-08-07T09:16:06Z</time>
      </trkpt>
      <trkpt lat="44.304462" lon="6.928414">
        <ele>2405.0</ele>
        <time>2026-08-07T09:16:10Z</time>
      </trkpt>
      <trkpt lat="44.304488" lon="6.928405">
        <ele>2404.2</ele>
        <time>2026-08-07T09:16:14Z</time>
      </trkpt>
      <trkpt lat="44.304493" lon="6.928404">
        <ele>2404.0</ele>
        <time>2026-08-07T09:16:15Z</time>
      </trkpt>
      <trkpt lat="44.304522" lon="6.928399">
        <ele>2403.0</ele>
        <time>2026-08-07T09:16:23Z</time>
      </trkpt>
      <trkpt lat="44.304557" lon="6.92841">
        <ele>2402.4</ele>
        <time>2026-08-07T09:16:32Z</time>
      </trkpt>
      <trkpt lat="44.304558" lon="6.928369">
        <ele>2401.8</ele>
        <time>2026-08-07T09:16:37Z</time>
      </trkpt>
      <trkpt lat="44.304569" lon="6.928348">
        <ele>2401.4</ele>
        <time>2026-08-07T09:16:40Z</time>
      </trkpt>
      <trkpt lat="44.304576" lon="6.92834">
        <ele>2400.6</ele>
        <time>2026-08-07T09:16:43Z</time>
      </trkpt>
      <trkpt lat="44.304595" lon="6.928335">
        <ele>2400.2</ele>
        <time>2026-08-07T09:16:47Z</time>
      </trkpt>
      <trkpt lat="44.304617" lon="6.928341">
        <ele>2399.6</ele>
        <time>2026-08-07T09:16:50Z</time>
      </trkpt>
      <trkpt lat="44.304639" lon="6.928351">
        <ele>2398.8</ele>
        <time>2026-08-07T09:16:55Z</time>
      </trkpt>
      <trkpt lat="44.304654" lon="6.928344">
        <ele>2398.6</ele>
        <time>2026-08-07T09:16:58Z</time>
      </trkpt>
      <trkpt lat="44.304667" lon="6.928304">
        <ele>2397.4</ele>
        <time>2026-08-07T09:17:03Z</time>
      </trkpt>
      <trkpt lat="44.30467" lon="6.928294">
        <ele>2397.2</ele>
        <time>2026-08-07T09:17:04Z</time>
      </trkpt>
      <trkpt lat="44.304686" lon="6.928264">
        <ele>2396.2</ele>
        <time>2026-08-07T09:17:07Z</time>
      </trkpt>
      <trkpt lat="44.304708" lon="6.928251">
        <ele>2395.2</ele>
        <time>2026-08-07T09:17:11Z</time>
      </trkpt>
      <trkpt lat="44.304715" lon="6.92825">
        <ele>2395.0</ele>
        <time>2026-08-07T09:17:12Z</time>
      </trkpt>
      <trkpt lat="44.304748" lon="6.928249">
        <ele>2394.0</ele>
        <time>2026-08-07T09:17:16Z</time>
      </trkpt>
      <trkpt lat="44.304785" lon="6.928273">
        <ele>2393.4</ele>
        <time>2026-08-07T09:17:20Z</time>
      </trkpt>
      <trkpt lat="44.304835" lon="6.928278">
        <ele>2394.2</ele>
        <time>2026-08-07T09:17:27Z</time>
      </trkpt>
      <trkpt lat="44.304899" lon="6.928253">
        <ele>2394.6</ele>
        <time>2026-08-07T09:17:35Z</time>
      </trkpt>
      <trkpt lat="44.30496" lon="6.928236">
        <ele>2395.2</ele>
        <time>2026-08-07T09:17:42Z</time>
      </trkpt>
      <trkpt lat="44.304973" lon="6.928219">
        <ele>2395.6</ele>
        <time>2026-08-07T09:17:44Z</time>
      </trkpt>
      <trkpt lat="44.305024" lon="6.92816">
        <ele>2395.6</ele>
        <time>2026-08-07T09:17:51Z</time>
      </trkpt>
      <trkpt lat="44.305063" lon="6.928154">
        <ele>2394.2</ele>
        <time>2026-08-07T09:17:57Z</time>
      </trkpt>
      <trkpt lat="44.30511" lon="6.928168">
        <ele>2393.6</ele>
        <time>2026-08-07T09:18:01Z</time>
      </trkpt>
      <trkpt lat="44.305145" lon="6.928181">
        <ele>2393.2</ele>
        <time>2026-08-07T09:18:04Z</time>
      </trkpt>
      <trkpt lat="44.305157" lon="6.928184">
        <ele>2392.8</ele>
        <time>2026-08-07T09:18:07Z</time>
      </trkpt>
      <trkpt lat="44.305193" lon="6.928184">
        <ele>2392.0</ele>
        <time>2026-08-07T09:18:12Z</time>
      </trkpt>
      <trkpt lat="44.30522" lon="6.928199">
        <ele>2391.4</ele>
        <time>2026-08-07T09:18:15Z</time>
      </trkpt>
      <trkpt lat="44.305229" lon="6.928216">
        <ele>2391.0</ele>
        <time>2026-08-07T09:18:17Z</time>
      </trkpt>
      <trkpt lat="44.305238" lon="6.928252">
        <ele>2389.8</ele>
        <time>2026-08-07T09:18:22Z</time>
      </trkpt>
      <trkpt lat="44.305246" lon="6.92826">
        <ele>2389.4</ele>
        <time>2026-08-07T09:18:24Z</time>
      </trkpt>
      <trkpt lat="44.305248" lon="6.928265">
        <ele>2388.8</ele>
        <time>2026-08-07T09:18:28Z</time>
      </trkpt>
      <trkpt lat="44.305254" lon="6.928272">
        <ele>2388.0</ele>
        <time>2026-08-07T09:18:31Z</time>
      </trkpt>
      <trkpt lat="44.305259" lon="6.928276">
        <ele>2387.6</ele>
        <time>2026-08-07T09:18:32Z</time>
      </trkpt>
      <trkpt lat="44.305282" lon="6.9283">
        <ele>2386.6</ele>
        <time>2026-08-07T09:18:36Z</time>
      </trkpt>
      <trkpt lat="44.305283" lon="6.928305">
        <ele>2386.0</ele>
        <time>2026-08-07T09:18:39Z</time>
      </trkpt>
      <trkpt lat="44.305288" lon="6.928316">
        <ele>2385.6</ele>
        <time>2026-08-07T09:18:41Z</time>
      </trkpt>
      <trkpt lat="44.305293" lon="6.92834">
        <ele>2384.4</ele>
        <time>2026-08-07T09:18:47Z</time>
      </trkpt>
      <trkpt lat="44.305306" lon="6.928338">
        <ele>2383.6</ele>
        <time>2026-08-07T09:18:50Z</time>
      </trkpt>
      <trkpt lat="44.30531" lon="6.928333">
        <ele>2383.4</ele>
        <time>2026-08-07T09:18:51Z</time>
      </trkpt>
      <trkpt lat="44.305313" lon="6.92833">
        <ele>2383.2</ele>
        <time>2026-08-07T09:18:52Z</time>
      </trkpt>
      <trkpt lat="44.305319" lon="6.9283">
        <ele>2382.4</ele>
        <time>2026-08-07T09:18:58Z</time>
      </trkpt>
      <trkpt lat="44.305325" lon="6.928296">
        <ele>2382.0</ele>
        <time>2026-08-07T09:19:00Z</time>
      </trkpt>
      <trkpt lat="44.305341" lon="6.928309">
        <ele>2380.8</ele>
        <time>2026-08-07T09:19:05Z</time>
      </trkpt>
      <trkpt lat="44.305343" lon="6.928316">
        <ele>2380.6</ele>
        <time>2026-08-07T09:19:06Z</time>
      </trkpt>
      <trkpt lat="44.305364" lon="6.928326">
        <ele>2379.6</ele>
        <time>2026-08-07T09:19:10Z</time>
      </trkpt>
      <trkpt lat="44.305372" lon="6.928359">
        <ele>2379.0</ele>
        <time>2026-08-07T09:19:13Z</time>
      </trkpt>
      <trkpt lat="44.305365" lon="6.928379">
        <ele>2378.6</ele>
        <time>2026-08-07T09:19:15Z</time>
      </trkpt>
      <trkpt lat="44.305375" lon="6.928406">
        <ele>2377.8</ele>
        <time>2026-08-07T09:19:21Z</time>
      </trkpt>
      <trkpt lat="44.305396" lon="6.928396">
        <ele>2377.6</ele>
        <time>2026-08-07T09:19:25Z</time>
      </trkpt>
      <trkpt lat="44.305386" lon="6.928398">
        <ele>2377.0</ele>
        <time>2026-08-07T09:19:28Z</time>
      </trkpt>
      <trkpt lat="44.305376" lon="6.928406">
        <ele>2376.4</ele>
        <time>2026-08-07T09:19:31Z</time>
      </trkpt>
      <trkpt lat="44.305391" lon="6.928431">
        <ele>2375.4</ele>
        <time>2026-08-07T09:19:36Z</time>
      </trkpt>
      <trkpt lat="44.305397" lon="6.928429">
        <ele>2375.0</ele>
        <time>2026-08-07T09:19:37Z</time>
      </trkpt>
      <trkpt lat="44.30542" lon="6.92843">
        <ele>2374.2</ele>
        <time>2026-08-07T09:19:40Z</time>
      </trkpt>
      <trkpt lat="44.305443" lon="6.928448">
        <ele>2373.2</ele>
        <time>2026-08-07T09:19:44Z</time>
      </trkpt>
      <trkpt lat="44.305483" lon="6.928468">
        <ele>2372.2</ele>
        <time>2026-08-07T09:19:49Z</time>
      </trkpt>
      <trkpt lat="44.305497" lon="6.928499">
        <ele>2371.6</ele>
        <time>2026-08-07T09:19:52Z</time>
      </trkpt>
      <trkpt lat="44.305523" lon="6.92852">
        <ele>2371.2</ele>
        <time>2026-08-07T09:19:55Z</time>
      </trkpt>
      <trkpt lat="44.305524" lon="6.928515">
        <ele>2370.4</ele>
        <time>2026-08-07T09:19:59Z</time>
      </trkpt>
      <trkpt lat="44.305524" lon="6.928516">
        <ele>2370.0</ele>
        <time>2026-08-07T09:20:01Z</time>
      </trkpt>
      <trkpt lat="44.305552" lon="6.928542">
        <ele>2369.0</ele>
        <time>2026-08-07T09:20:09Z</time>
      </trkpt>
      <trkpt lat="44.305599" lon="6.928614">
        <ele>2368.0</ele>
        <time>2026-08-07T09:20:18Z</time>
      </trkpt>
      <trkpt lat="44.305603" lon="6.92862">
        <ele>2367.8</ele>
        <time>2026-08-07T09:20:19Z</time>
      </trkpt>
      <trkpt lat="44.30562" lon="6.928639">
        <ele>2367.0</ele>
        <time>2026-08-07T09:20:24Z</time>
      </trkpt>
      <trkpt lat="44.30564" lon="6.928636">
        <ele>2366.4</ele>
        <time>2026-08-07T09:20:27Z</time>
      </trkpt>
      <trkpt lat="44.30565" lon="6.928629">
        <ele>2365.8</ele>
        <time>2026-08-07T09:20:29Z</time>
      </trkpt>
      <trkpt lat="44.30569" lon="6.928615">
        <ele>2364.6</ele>
        <time>2026-08-07T09:20:34Z</time>
      </trkpt>
      <trkpt lat="44.3057" lon="6.928608">
        <ele>2364.2</ele>
        <time>2026-08-07T09:20:36Z</time>
      </trkpt>
      <trkpt lat="44.305707" lon="6.928601">
        <ele>2363.6</ele>
        <time>2026-08-07T09:20:38Z</time>
      </trkpt>
      <trkpt lat="44.30571" lon="6.928599">
        <ele>2363.4</ele>
        <time>2026-08-07T09:20:39Z</time>
      </trkpt>
      <trkpt lat="44.305731" lon="6.928584">
        <ele>2363.2</ele>
        <time>2026-08-07T09:20:42Z</time>
      </trkpt>
      <trkpt lat="44.305743" lon="6.928576">
        <ele>2363.0</ele>
        <time>2026-08-07T09:20:44Z</time>
      </trkpt>
      <trkpt lat="44.305773" lon="6.928551">
        <ele>2362.4</ele>
        <time>2026-08-07T09:20:49Z</time>
      </trkpt>
      <trkpt lat="44.305785" lon="6.928557">
        <ele>2361.8</ele>
        <time>2026-08-07T09:20:52Z</time>
      </trkpt>
      <trkpt lat="44.305816" lon="6.928545">
        <ele>2361.4</ele>
        <time>2026-08-07T09:20:56Z</time>
      </trkpt>
      <trkpt lat="44.305844" lon="6.928514">
        <ele>2360.2</ele>
        <time>2026-08-07T09:21:00Z</time>
      </trkpt>
      <trkpt lat="44.305847" lon="6.928511">
        <ele>2359.2</ele>
        <time>2026-08-07T09:21:05Z</time>
      </trkpt>
      <trkpt lat="44.305848" lon="6.928511">
        <ele>2359.2</ele>
        <time>2026-08-07T09:21:06Z</time>
      </trkpt>
      <trkpt lat="44.30585" lon="6.928511">
        <ele>2358.8</ele>
        <time>2026-08-07T09:21:08Z</time>
      </trkpt>
      <trkpt lat="44.305868" lon="6.928494">
        <ele>2358.2</ele>
        <time>2026-08-07T09:21:11Z</time>
      </trkpt>
      <trkpt lat="44.305876" lon="6.928492">
        <ele>2357.6</ele>
        <time>2026-08-07T09:21:13Z</time>
      </trkpt>
      <trkpt lat="44.30588" lon="6.928527">
        <ele>2357.0</ele>
        <time>2026-08-07T09:21:17Z</time>
      </trkpt>
      <trkpt lat="44.305909" lon="6.928539">
        <ele>2356.4</ele>
        <time>2026-08-07T09:21:20Z</time>
      </trkpt>
      <trkpt lat="44.305925" lon="6.928542">
        <ele>2356.0</ele>
        <time>2026-08-07T09:21:22Z</time>
      </trkpt>
      <trkpt lat="44.305951" lon="6.928525">
        <ele>2355.0</ele>
        <time>2026-08-07T09:21:26Z</time>
      </trkpt>
      <trkpt lat="44.305968" lon="6.92851">
        <ele>2354.4</ele>
        <time>2026-08-07T09:21:28Z</time>
      </trkpt>
      <trkpt lat="44.305979" lon="6.928501">
        <ele>2354.0</ele>
        <time>2026-08-07T09:21:30Z</time>
      </trkpt>
      <trkpt lat="44.306007" lon="6.928484">
        <ele>2352.8</ele>
        <time>2026-08-07T09:21:35Z</time>
      </trkpt>
      <trkpt lat="44.306017" lon="6.928478">
        <ele>2352.4</ele>
        <time>2026-08-07T09:21:36Z</time>
      </trkpt>
      <trkpt lat="44.30605" lon="6.928473">
        <ele>2351.6</ele>
        <time>2026-08-07T09:21:40Z</time>
      </trkpt>
      <trkpt lat="44.306076" lon="6.928469">
        <ele>2350.8</ele>
        <time>2026-08-07T09:21:44Z</time>
      </trkpt>
      <trkpt lat="44.306082" lon="6.928476">
        <ele>2350.4</ele>
        <time>2026-08-07T09:21:46Z</time>
      </trkpt>
      <trkpt lat="44.306106" lon="6.928492">
        <ele>2349.6</ele>
        <time>2026-08-07T09:21:51Z</time>
      </trkpt>
      <trkpt lat="44.306107" lon="6.928499">
        <ele>2349.4</ele>
        <time>2026-08-07T09:21:52Z</time>
      </trkpt>
      <trkpt lat="44.306102" lon="6.928513">
        <ele>2349.0</ele>
        <time>2026-08-07T09:21:54Z</time>
      </trkpt>
      <trkpt lat="44.306099" lon="6.928555">
        <ele>2348.6</ele>
        <time>2026-08-07T09:21:59Z</time>
      </trkpt>
      <trkpt lat="44.306101" lon="6.928563">
        <ele>2348.4</ele>
        <time>2026-08-07T09:22:00Z</time>
      </trkpt>
      <trkpt lat="44.306111" lon="6.928581">
        <ele>2347.6</ele>
        <time>2026-08-07T09:22:05Z</time>
      </trkpt>
      <trkpt lat="44.306114" lon="6.928571">
        <ele>2347.4</ele>
        <time>2026-08-07T09:22:07Z</time>
      </trkpt>
      <trkpt lat="44.306114" lon="6.92857">
        <ele>2347.2</ele>
        <time>2026-08-07T09:22:08Z</time>
      </trkpt>
      <trkpt lat="44.306106" lon="6.928576">
        <ele>2346.4</ele>
        <time>2026-08-07T09:22:14Z</time>
      </trkpt>
      <trkpt lat="44.306107" lon="6.928573">
        <ele>2346.2</ele>
        <time>2026-08-07T09:22:15Z</time>
      </trkpt>
      <trkpt lat="44.30611" lon="6.928567">
        <ele>2345.2</ele>
        <time>2026-08-07T09:22:19Z</time>
      </trkpt>
      <trkpt lat="44.306116" lon="6.928558">
        <ele>2344.6</ele>
        <time>2026-08-07T09:22:23Z</time>
      </trkpt>
      <trkpt lat="44.306128" lon="6.928565">
        <ele>2344.2</ele>
        <time>2026-08-07T09:22:26Z</time>
      </trkpt>
      <trkpt lat="44.306137" lon="6.928601">
        <ele>2343.2</ele>
        <time>2026-08-07T09:22:31Z</time>
      </trkpt>
      <trkpt lat="44.306139" lon="6.928606">
        <ele>2343.0</ele>
        <time>2026-08-07T09:22:32Z</time>
      </trkpt>
      <trkpt lat="44.306149" lon="6.928603">
        <ele>2342.0</ele>
        <time>2026-08-07T09:22:36Z</time>
      </trkpt>
      <trkpt lat="44.306172" lon="6.928595">
        <ele>2341.4</ele>
        <time>2026-08-07T09:22:40Z</time>
      </trkpt>
      <trkpt lat="44.306188" lon="6.928587">
        <ele>2341.0</ele>
        <time>2026-08-07T09:22:42Z</time>
      </trkpt>
      <trkpt lat="44.306181" lon="6.928592">
        <ele>2340.0</ele>
        <time>2026-08-07T09:22:47Z</time>
      </trkpt>
      <trkpt lat="44.306181" lon="6.928596">
        <ele>2339.8</ele>
        <time>2026-08-07T09:22:48Z</time>
      </trkpt>
      <trkpt lat="44.306213" lon="6.928617">
        <ele>2339.0</ele>
        <time>2026-08-07T09:22:54Z</time>
      </trkpt>
      <trkpt lat="44.306224" lon="6.928617">
        <ele>2338.8</ele>
        <time>2026-08-07T09:22:55Z</time>
      </trkpt>
      <trkpt lat="44.306263" lon="6.928585">
        <ele>2338.2</ele>
        <time>2026-08-07T09:23:02Z</time>
      </trkpt>
      <trkpt lat="44.306271" lon="6.928584">
        <ele>2338.0</ele>
        <time>2026-08-07T09:23:07Z</time>
      </trkpt>
      <trkpt lat="44.306258" lon="6.928596">
        <ele>2337.8</ele>
        <time>2026-08-07T09:23:10Z</time>
      </trkpt>
      <trkpt lat="44.306256" lon="6.928554">
        <ele>2337.4</ele>
        <time>2026-08-07T09:23:17Z</time>
      </trkpt>
      <trkpt lat="44.306257" lon="6.928541">
        <ele>2337.0</ele>
        <time>2026-08-07T09:23:21Z</time>
      </trkpt>
      <trkpt lat="44.306257" lon="6.928543">
        <ele>2336.8</ele>
        <time>2026-08-07T09:23:22Z</time>
      </trkpt>
      <trkpt lat="44.306262" lon="6.92855">
        <ele>2336.4</ele>
        <time>2026-08-07T09:23:27Z</time>
      </trkpt>
      <trkpt lat="44.306262" lon="6.928582">
        <ele>2336.8</ele>
        <time>2026-08-07T09:23:38Z</time>
      </trkpt>
      <trkpt lat="44.306279" lon="6.928613">
        <ele>2337.0</ele>
        <time>2026-08-07T09:23:47Z</time>
      </trkpt>
      <trkpt lat="44.30629" lon="6.928537">
        <ele>2337.0</ele>
        <time>2026-08-07T09:23:54Z</time>
      </trkpt>
      <trkpt lat="44.306294" lon="6.928532">
        <ele>2335.6</ele>
        <time>2026-08-07T09:24:01Z</time>
      </trkpt>
      <trkpt lat="44.306295" lon="6.928529">
        <ele>2335.4</ele>
        <time>2026-08-07T09:24:02Z</time>
      </trkpt>
      <trkpt lat="44.306304" lon="6.928528">
        <ele>2334.4</ele>
        <time>2026-08-07T09:24:06Z</time>
      </trkpt>
      <trkpt lat="44.306321" lon="6.928527">
        <ele>2333.6</ele>
        <time>2026-08-07T09:24:10Z</time>
      </trkpt>
      <trkpt lat="44.306328" lon="6.928517">
        <ele>2333.2</ele>
        <time>2026-08-07T09:24:12Z</time>
      </trkpt>
      <trkpt lat="44.306336" lon="6.928469">
        <ele>2332.2</ele>
        <time>2026-08-07T09:24:17Z</time>
      </trkpt>
      <trkpt lat="44.306334" lon="6.928448">
        <ele>2331.6</ele>
        <time>2026-08-07T09:24:19Z</time>
      </trkpt>
      <trkpt lat="44.306323" lon="6.928428">
        <ele>2331.0</ele>
        <time>2026-08-07T09:24:22Z</time>
      </trkpt>
      <trkpt lat="44.306311" lon="6.928423">
        <ele>2330.8</ele>
        <time>2026-08-07T09:24:26Z</time>
      </trkpt>
      <trkpt lat="44.306331" lon="6.928446">
        <ele>2330.0</ele>
        <time>2026-08-07T09:24:33Z</time>
      </trkpt>
      <trkpt lat="44.306341" lon="6.928451">
        <ele>2329.8</ele>
        <time>2026-08-07T09:24:35Z</time>
      </trkpt>
      <trkpt lat="44.306388" lon="6.928497">
        <ele>2329.0</ele>
        <time>2026-08-07T09:24:40Z</time>
      </trkpt>
      <trkpt lat="44.306423" lon="6.928528">
        <ele>2328.8</ele>
        <time>2026-08-07T09:24:44Z</time>
      </trkpt>
      <trkpt lat="44.30643" lon="6.928543">
        <ele>2328.2</ele>
        <time>2026-08-07T09:24:48Z</time>
      </trkpt>
      <trkpt lat="44.306438" lon="6.928557">
        <ele>2327.6</ele>
        <time>2026-08-07T09:24:51Z</time>
      </trkpt>
      <trkpt lat="44.306449" lon="6.928551">
        <ele>2326.8</ele>
        <time>2026-08-07T09:24:57Z</time>
      </trkpt>
      <trkpt lat="44.306451" lon="6.928541">
        <ele>2326.6</ele>
        <time>2026-08-07T09:24:58Z</time>
      </trkpt>
      <trkpt lat="44.306467" lon="6.928507">
        <ele>2325.4</ele>
        <time>2026-08-07T09:25:04Z</time>
      </trkpt>
      <trkpt lat="44.306475" lon="6.92847">
        <ele>2325.0</ele>
        <time>2026-08-07T09:25:06Z</time>
      </trkpt>
      <trkpt lat="44.306478" lon="6.928425">
        <ele>2324.4</ele>
        <time>2026-08-07T09:25:10Z</time>
      </trkpt>
      <trkpt lat="44.306483" lon="6.928382">
        <ele>2323.2</ele>
        <time>2026-08-07T09:25:15Z</time>
      </trkpt>
      <trkpt lat="44.306485" lon="6.928346">
        <ele>2322.2</ele>
        <time>2026-08-07T09:25:22Z</time>
      </trkpt>
      <trkpt lat="44.306487" lon="6.928327">
        <ele>2321.8</ele>
        <time>2026-08-07T09:25:24Z</time>
      </trkpt>
      <trkpt lat="44.306496" lon="6.9283">
        <ele>2321.0</ele>
        <time>2026-08-07T09:25:28Z</time>
      </trkpt>
      <trkpt lat="44.306503" lon="6.928324">
        <ele>2320.4</ele>
        <time>2026-08-07T09:25:31Z</time>
      </trkpt>
      <trkpt lat="44.306524" lon="6.92836">
        <ele>2320.0</ele>
        <time>2026-08-07T09:25:35Z</time>
      </trkpt>
      <trkpt lat="44.306554" lon="6.928372">
        <ele>2319.0</ele>
        <time>2026-08-07T09:25:40Z</time>
      </trkpt>
      <trkpt lat="44.30656" lon="6.928371">
        <ele>2318.8</ele>
        <time>2026-08-07T09:25:41Z</time>
      </trkpt>
      <trkpt lat="44.30658" lon="6.928359">
        <ele>2317.8</ele>
        <time>2026-08-07T09:25:47Z</time>
      </trkpt>
      <trkpt lat="44.306593" lon="6.928318">
        <ele>2316.6</ele>
        <time>2026-08-07T09:25:55Z</time>
      </trkpt>
      <trkpt lat="44.306571" lon="6.928255">
        <ele>2316.2</ele>
        <time>2026-08-07T09:26:03Z</time>
      </trkpt>
      <trkpt lat="44.306585" lon="6.928289">
        <ele>2315.6</ele>
        <time>2026-08-07T09:26:07Z</time>
      </trkpt>
      <trkpt lat="44.306606" lon="6.928329">
        <ele>2315.0</ele>
        <time>2026-08-07T09:26:10Z</time>
      </trkpt>
      <trkpt lat="44.306614" lon="6.928314">
        <ele>2314.6</ele>
        <time>2026-08-07T09:26:12Z</time>
      </trkpt>
      <trkpt lat="44.30663" lon="6.92827">
        <ele>2314.0</ele>
        <time>2026-08-07T09:26:16Z</time>
      </trkpt>
      <trkpt lat="44.306631" lon="6.928248">
        <ele>2313.6</ele>
        <time>2026-08-07T09:26:20Z</time>
      </trkpt>
      <trkpt lat="44.306635" lon="6.928238">
        <ele>2313.0</ele>
        <time>2026-08-07T09:26:23Z</time>
      </trkpt>
      <trkpt lat="44.306648" lon="6.928239">
        <ele>2312.4</ele>
        <time>2026-08-07T09:26:26Z</time>
      </trkpt>
      <trkpt lat="44.306657" lon="6.928257">
        <ele>2312.0</ele>
        <time>2026-08-07T09:26:28Z</time>
      </trkpt>
      <trkpt lat="44.306669" lon="6.928261">
        <ele>2311.8</ele>
        <time>2026-08-07T09:26:31Z</time>
      </trkpt>
      <trkpt lat="44.306711" lon="6.928288">
        <ele>2311.6</ele>
        <time>2026-08-07T09:26:38Z</time>
      </trkpt>
      <trkpt lat="44.306717" lon="6.928299">
        <ele>2311.4</ele>
        <time>2026-08-07T09:26:40Z</time>
      </trkpt>
      <trkpt lat="44.306735" lon="6.928323">
        <ele>2310.8</ele>
        <time>2026-08-07T09:26:45Z</time>
      </trkpt>
      <trkpt lat="44.306767" lon="6.928364">
        <ele>2310.2</ele>
        <time>2026-08-07T09:26:52Z</time>
      </trkpt>
      <trkpt lat="44.306767" lon="6.928365">
        <ele>2310.2</ele>
        <time>2026-08-07T09:26:53Z</time>
      </trkpt>
      <trkpt lat="44.306781" lon="6.928382">
        <ele>2309.8</ele>
        <time>2026-08-07T09:27:02Z</time>
      </trkpt>
      <trkpt lat="44.306801" lon="6.928405">
        <ele>2309.4</ele>
        <time>2026-08-07T09:27:09Z</time>
      </trkpt>
      <trkpt lat="44.306815" lon="6.928405">
        <ele>2309.2</ele>
        <time>2026-08-07T09:27:11Z</time>
      </trkpt>
      <trkpt lat="44.306848" lon="6.928403">
        <ele>2308.0</ele>
        <time>2026-08-07T09:27:17Z</time>
      </trkpt>
      <trkpt lat="44.306864" lon="6.9284">
        <ele>2307.8</ele>
        <time>2026-08-07T09:27:19Z</time>
      </trkpt>
      <trkpt lat="44.306859" lon="6.928396">
        <ele>2307.0</ele>
        <time>2026-08-07T09:27:24Z</time>
      </trkpt>
      <trkpt lat="44.306852" lon="6.928393">
        <ele>2307.0</ele>
        <time>2026-08-07T09:27:27Z</time>
      </trkpt>
      <trkpt lat="44.306877" lon="6.928379">
        <ele>2306.6</ele>
        <time>2026-08-07T09:27:33Z</time>
      </trkpt>
      <trkpt lat="44.306884" lon="6.928376">
        <ele>2306.6</ele>
        <time>2026-08-07T09:27:35Z</time>
      </trkpt>
      <trkpt lat="44.306913" lon="6.928362">
        <ele>2306.2</ele>
        <time>2026-08-07T09:27:41Z</time>
      </trkpt>
      <trkpt lat="44.306926" lon="6.928368">
        <ele>2306.6</ele>
        <time>2026-08-07T09:27:45Z</time>
      </trkpt>
      <trkpt lat="44.306964" lon="6.928375">
        <ele>2306.8</ele>
        <time>2026-08-07T09:27:53Z</time>
      </trkpt>
      <trkpt lat="44.306987" lon="6.928391">
        <ele>2306.0</ele>
        <time>2026-08-07T09:28:00Z</time>
      </trkpt>
      <trkpt lat="44.307051" lon="6.928477">
        <ele>2305.4</ele>
        <time>2026-08-07T09:28:08Z</time>
      </trkpt>
      <trkpt lat="44.307096" lon="6.928484">
        <ele>2304.8</ele>
        <time>2026-08-07T09:28:14Z</time>
      </trkpt>
      <trkpt lat="44.307101" lon="6.928484">
        <ele>2304.6</ele>
        <time>2026-08-07T09:28:15Z</time>
      </trkpt>
      <trkpt lat="44.307135" lon="6.928468">
        <ele>2303.8</ele>
        <time>2026-08-07T09:28:20Z</time>
      </trkpt>
      <trkpt lat="44.307139" lon="6.928463">
        <ele>2303.6</ele>
        <time>2026-08-07T09:28:22Z</time>
      </trkpt>
      <trkpt lat="44.307157" lon="6.92846">
        <ele>2302.8</ele>
        <time>2026-08-07T09:28:27Z</time>
      </trkpt>
      <trkpt lat="44.307169" lon="6.928475">
        <ele>2302.4</ele>
        <time>2026-08-07T09:28:29Z</time>
      </trkpt>
      <trkpt lat="44.307201" lon="6.928489">
        <ele>2302.0</ele>
        <time>2026-08-07T09:28:32Z</time>
      </trkpt>
      <trkpt lat="44.307229" lon="6.928468">
        <ele>2301.6</ele>
        <time>2026-08-07T09:28:36Z</time>
      </trkpt>
      <trkpt lat="44.307233" lon="6.928463">
        <ele>2301.6</ele>
        <time>2026-08-07T09:28:37Z</time>
      </trkpt>
      <trkpt lat="44.307238" lon="6.928454">
        <ele>2301.4</ele>
        <time>2026-08-07T09:28:40Z</time>
      </trkpt>
      <trkpt lat="44.307237" lon="6.928452">
        <ele>2301.8</ele>
        <time>2026-08-07T09:28:42Z</time>
      </trkpt>
      <trkpt lat="44.307233" lon="6.928466">
        <ele>2302.2</ele>
        <time>2026-08-07T09:28:44Z</time>
      </trkpt>
      <trkpt lat="44.307259" lon="6.928489">
        <ele>2302.8</ele>
        <time>2026-08-07T09:28:48Z</time>
      </trkpt>
      <trkpt lat="44.307275" lon="6.928497">
        <ele>2303.4</ele>
        <time>2026-08-07T09:28:52Z</time>
      </trkpt>
      <trkpt lat="44.307288" lon="6.928515">
        <ele>2303.8</ele>
        <time>2026-08-07T09:28:56Z</time>
      </trkpt>
      <trkpt lat="44.307311" lon="6.928508">
        <ele>2304.2</ele>
        <time>2026-08-07T09:28:59Z</time>
      </trkpt>
      <trkpt lat="44.307327" lon="6.928478">
        <ele>2304.6</ele>
        <time>2026-08-07T09:29:04Z</time>
      </trkpt>
      <trkpt lat="44.307347" lon="6.928462">
        <ele>2304.6</ele>
        <time>2026-08-07T09:29:06Z</time>
      </trkpt>
      <trkpt lat="44.307374" lon="6.928435">
        <ele>2304.6</ele>
        <time>2026-08-07T09:29:09Z</time>
      </trkpt>
      <trkpt lat="44.307384" lon="6.928424">
        <ele>2304.6</ele>
        <time>2026-08-07T09:29:10Z</time>
      </trkpt>
      <trkpt lat="44.307396" lon="6.928411">
        <ele>2304.6</ele>
        <time>2026-08-07T09:29:11Z</time>
      </trkpt>
      <trkpt lat="44.30742" lon="6.928381">
        <ele>2304.6</ele>
        <time>2026-08-07T09:29:14Z</time>
      </trkpt>
      <trkpt lat="44.30751" lon="6.928304">
        <ele>2304.2</ele>
        <time>2026-08-07T09:29:22Z</time>
      </trkpt>
      <trkpt lat="44.30758" lon="6.928249">
        <ele>2304.0</ele>
        <time>2026-08-07T09:29:29Z</time>
      </trkpt>
      <trkpt lat="44.307678" lon="6.928183">
        <ele>2304.6</ele>
        <time>2026-08-07T09:29:39Z</time>
      </trkpt>
      <trkpt lat="44.307694" lon="6.928172">
        <ele>2304.8</ele>
        <time>2026-08-07T09:29:41Z</time>
      </trkpt>
      <trkpt lat="44.307739" lon="6.928119">
        <ele>2305.8</ele>
        <time>2026-08-07T09:29:47Z</time>
      </trkpt>
      <trkpt lat="44.307745" lon="6.928104">
        <ele>2306.0</ele>
        <time>2026-08-07T09:29:48Z</time>
      </trkpt>
      <trkpt lat="44.307765" lon="6.928056">
        <ele>2306.8</ele>
        <time>2026-08-07T09:29:53Z</time>
      </trkpt>
      <trkpt lat="44.307798" lon="6.928056">
        <ele>2307.2</ele>
        <time>2026-08-07T09:29:58Z</time>
      </trkpt>
      <trkpt lat="44.307864" lon="6.928012">
        <ele>2307.2</ele>
        <time>2026-08-07T09:30:05Z</time>
      </trkpt>
      <trkpt lat="44.307922" lon="6.927963">
        <ele>2306.8</ele>
        <time>2026-08-07T09:30:12Z</time>
      </trkpt>
      <trkpt lat="44.307976" lon="6.927947">
        <ele>2307.4</ele>
        <time>2026-08-07T09:30:17Z</time>
      </trkpt>
      <trkpt lat="44.308038" lon="6.927924">
        <ele>2306.8</ele>
        <time>2026-08-07T09:30:24Z</time>
      </trkpt>
      <trkpt lat="44.308048" lon="6.927912">
        <ele>2307.0</ele>
        <time>2026-08-07T09:30:26Z</time>
      </trkpt>
      <trkpt lat="44.308108" lon="6.927914">
        <ele>2306.2</ele>
        <time>2026-08-07T09:30:34Z</time>
      </trkpt>
      <trkpt lat="44.308111" lon="6.927912">
        <ele>2306.0</ele>
        <time>2026-08-07T09:30:35Z</time>
      </trkpt>
      <trkpt lat="44.308131" lon="6.927868">
        <ele>2305.0</ele>
        <time>2026-08-07T09:30:40Z</time>
      </trkpt>
      <trkpt lat="44.308132" lon="6.927861">
        <ele>2304.6</ele>
        <time>2026-08-07T09:30:41Z</time>
      </trkpt>
      <trkpt lat="44.308134" lon="6.927851">
        <ele>2304.0</ele>
        <time>2026-08-07T09:30:43Z</time>
      </trkpt>
      <trkpt lat="44.308147" lon="6.927822">
        <ele>2302.8</ele>
        <time>2026-08-07T09:30:48Z</time>
      </trkpt>
      <trkpt lat="44.308152" lon="6.927816">
        <ele>2302.6</ele>
        <time>2026-08-07T09:30:50Z</time>
      </trkpt>
      <trkpt lat="44.308173" lon="6.927756">
        <ele>2301.8</ele>
        <time>2026-08-07T09:30:56Z</time>
      </trkpt>
      <trkpt lat="44.308178" lon="6.927742">
        <ele>2301.8</ele>
        <time>2026-08-07T09:30:57Z</time>
      </trkpt>
      <trkpt lat="44.308208" lon="6.927663">
        <ele>2301.4</ele>
        <time>2026-08-07T09:31:04Z</time>
      </trkpt>
      <trkpt lat="44.308269" lon="6.927645">
        <ele>2301.6</ele>
        <time>2026-08-07T09:31:11Z</time>
      </trkpt>
      <trkpt lat="44.308305" lon="6.927627">
        <ele>2302.0</ele>
        <time>2026-08-07T09:31:18Z</time>
      </trkpt>
      <trkpt lat="44.308314" lon="6.92761">
        <ele>2301.8</ele>
        <time>2026-08-07T09:31:21Z</time>
      </trkpt>
      <trkpt lat="44.308345" lon="6.927592">
        <ele>2300.8</ele>
        <time>2026-08-07T09:31:26Z</time>
      </trkpt>
      <trkpt lat="44.308361" lon="6.9276">
        <ele>2300.4</ele>
        <time>2026-08-07T09:31:30Z</time>
      </trkpt>
      <trkpt lat="44.308431" lon="6.927655">
        <ele>2300.2</ele>
        <time>2026-08-07T09:31:37Z</time>
      </trkpt>
      <trkpt lat="44.308462" lon="6.927655">
        <ele>2299.4</ele>
        <time>2026-08-07T09:31:41Z</time>
      </trkpt>
      <trkpt lat="44.308509" lon="6.927626">
        <ele>2298.2</ele>
        <time>2026-08-07T09:31:46Z</time>
      </trkpt>
      <trkpt lat="44.308531" lon="6.927618">
        <ele>2297.2</ele>
        <time>2026-08-07T09:31:51Z</time>
      </trkpt>
      <trkpt lat="44.308535" lon="6.927614">
        <ele>2297.0</ele>
        <time>2026-08-07T09:31:52Z</time>
      </trkpt>
      <trkpt lat="44.308555" lon="6.927579">
        <ele>2296.0</ele>
        <time>2026-08-07T09:31:57Z</time>
      </trkpt>
      <trkpt lat="44.308584" lon="6.927546">
        <ele>2295.0</ele>
        <time>2026-08-07T09:32:01Z</time>
      </trkpt>
      <trkpt lat="44.308647" lon="6.927477">
        <ele>2294.6</ele>
        <time>2026-08-07T09:32:10Z</time>
      </trkpt>
      <trkpt lat="44.308653" lon="6.927473">
        <ele>2294.4</ele>
        <time>2026-08-07T09:32:12Z</time>
      </trkpt>
      <trkpt lat="44.308662" lon="6.927483">
        <ele>2294.2</ele>
        <time>2026-08-07T09:32:14Z</time>
      </trkpt>
      <trkpt lat="44.308672" lon="6.927495">
        <ele>2294.0</ele>
        <time>2026-08-07T09:32:17Z</time>
      </trkpt>
      <trkpt lat="44.308707" lon="6.927506">
        <ele>2294.2</ele>
        <time>2026-08-07T09:32:24Z</time>
      </trkpt>
      <trkpt lat="44.308729" lon="6.927548">
        <ele>2294.0</ele>
        <time>2026-08-07T09:32:29Z</time>
      </trkpt>
      <trkpt lat="44.30873" lon="6.927578">
        <ele>2294.0</ele>
        <time>2026-08-07T09:32:32Z</time>
      </trkpt>
      <trkpt lat="44.308722" lon="6.927622">
        <ele>2294.0</ele>
        <time>2026-08-07T09:32:36Z</time>
      </trkpt>
      <trkpt lat="44.308733" lon="6.92767">
        <ele>2293.8</ele>
        <time>2026-08-07T09:32:41Z</time>
      </trkpt>
      <trkpt lat="44.308759" lon="6.927685">
        <ele>2294.2</ele>
        <time>2026-08-07T09:32:44Z</time>
      </trkpt>
      <trkpt lat="44.30878" lon="6.927705">
        <ele>2294.2</ele>
        <time>2026-08-07T09:32:48Z</time>
      </trkpt>
      <trkpt lat="44.30875" lon="6.927687">
        <ele>2294.2</ele>
        <time>2026-08-07T09:32:55Z</time>
      </trkpt>
      <trkpt lat="44.30874" lon="6.927709">
        <ele>2294.2</ele>
        <time>2026-08-07T09:32:58Z</time>
      </trkpt>
      <trkpt lat="44.308796" lon="6.927807">
        <ele>2294.2</ele>
        <time>2026-08-07T09:33:06Z</time>
      </trkpt>
      <trkpt lat="44.308822" lon="6.927952">
        <ele>2294.4</ele>
        <time>2026-08-07T09:33:14Z</time>
      </trkpt>
      <trkpt lat="44.308828" lon="6.928008">
        <ele>2295.2</ele>
        <time>2026-08-07T09:33:20Z</time>
      </trkpt>
      <trkpt lat="44.308825" lon="6.92803">
        <ele>2295.8</ele>
        <time>2026-08-07T09:33:23Z</time>
      </trkpt>
      <trkpt lat="44.30882" lon="6.928057">
        <ele>2296.2</ele>
        <time>2026-08-07T09:33:25Z</time>
      </trkpt>
      <trkpt lat="44.308809" lon="6.92812">
        <ele>2296.2</ele>
        <time>2026-08-07T09:33:28Z</time>
      </trkpt>
      <trkpt lat="44.3088" lon="6.928171">
        <ele>2296.2</ele>
        <time>2026-08-07T09:33:31Z</time>
      </trkpt>
      <trkpt lat="44.308809" lon="6.92823">
        <ele>2296.6</ele>
        <time>2026-08-07T09:33:36Z</time>
      </trkpt>
      <trkpt lat="44.308814" lon="6.928268">
        <ele>2296.8</ele>
        <time>2026-08-07T09:33:38Z</time>
      </trkpt>
      <trkpt lat="44.308823" lon="6.928386">
        <ele>2296.4</ele>
        <time>2026-08-07T09:33:46Z</time>
      </trkpt>
      <trkpt lat="44.308822" lon="6.9284">
        <ele>2296.4</ele>
        <time>2026-08-07T09:33:47Z</time>
      </trkpt>
      <trkpt lat="44.308858" lon="6.92849">
        <ele>2297.2</ele>
        <time>2026-08-07T09:33:55Z</time>
      </trkpt>
      <trkpt lat="44.308866" lon="6.928491">
        <ele>2297.4</ele>
        <time>2026-08-07T09:33:56Z</time>
      </trkpt>
      <trkpt lat="44.308944" lon="6.928496">
        <ele>2296.6</ele>
        <time>2026-08-07T09:34:02Z</time>
      </trkpt>
      <trkpt lat="44.308976" lon="6.928504">
        <ele>2296.2</ele>
        <time>2026-08-07T09:34:04Z</time>
      </trkpt>
      <trkpt lat="44.309012" lon="6.928553">
        <ele>2295.6</ele>
        <time>2026-08-07T09:34:08Z</time>
      </trkpt>
      <trkpt lat="44.309021" lon="6.928567">
        <ele>2295.6</ele>
        <time>2026-08-07T09:34:09Z</time>
      </trkpt>
      <trkpt lat="44.309063" lon="6.928611">
        <ele>2295.0</ele>
        <time>2026-08-07T09:34:13Z</time>
      </trkpt>
      <trkpt lat="44.309102" lon="6.928634">
        <ele>2295.0</ele>
        <time>2026-08-07T09:34:16Z</time>
      </trkpt>
      <trkpt lat="44.309114" lon="6.928643">
        <ele>2295.0</ele>
        <time>2026-08-07T09:34:17Z</time>
      </trkpt>
      <trkpt lat="44.30915" lon="6.928734">
        <ele>2294.8</ele>
        <time>2026-08-07T09:34:24Z</time>
      </trkpt>
      <trkpt lat="44.309189" lon="6.928836">
        <ele>2295.2</ele>
        <time>2026-08-07T09:34:31Z</time>
      </trkpt>
      <trkpt lat="44.309225" lon="6.928884">
        <ele>2295.0</ele>
        <time>2026-08-07T09:34:39Z</time>
      </trkpt>
      <trkpt lat="44.309242" lon="6.928902">
        <ele>2294.6</ele>
        <time>2026-08-07T09:34:44Z</time>
      </trkpt>
      <trkpt lat="44.309259" lon="6.928949">
        <ele>2294.2</ele>
        <time>2026-08-07T09:34:48Z</time>
      </trkpt>
      <trkpt lat="44.309261" lon="6.928963">
        <ele>2294.0</ele>
        <time>2026-08-07T09:34:49Z</time>
      </trkpt>
      <trkpt lat="44.309258" lon="6.928999">
        <ele>2293.8</ele>
        <time>2026-08-07T09:34:54Z</time>
      </trkpt>
      <trkpt lat="44.309259" lon="6.929055">
        <ele>2294.0</ele>
        <time>2026-08-07T09:35:01Z</time>
      </trkpt>
      <trkpt lat="44.30925" lon="6.929115">
        <ele>2294.6</ele>
        <time>2026-08-07T09:35:08Z</time>
      </trkpt>
      <trkpt lat="44.309247" lon="6.929127">
        <ele>2294.8</ele>
        <time>2026-08-07T09:35:09Z</time>
      </trkpt>
      <trkpt lat="44.30924" lon="6.929143">
        <ele>2295.2</ele>
        <time>2026-08-07T09:35:11Z</time>
      </trkpt>
      <trkpt lat="44.309221" lon="6.929228">
        <ele>2295.8</ele>
        <time>2026-08-07T09:35:17Z</time>
      </trkpt>
      <trkpt lat="44.309199" lon="6.929333">
        <ele>2296.0</ele>
        <time>2026-08-07T09:35:23Z</time>
      </trkpt>
      <trkpt lat="44.309179" lon="6.929427">
        <ele>2296.2</ele>
        <time>2026-08-07T09:35:30Z</time>
      </trkpt>
      <trkpt lat="44.309178" lon="6.929437">
        <ele>2296.2</ele>
        <time>2026-08-07T09:35:31Z</time>
      </trkpt>
      <trkpt lat="44.309173" lon="6.929459">
        <ele>2296.6</ele>
        <time>2026-08-07T09:35:33Z</time>
      </trkpt>
      <trkpt lat="44.309153" lon="6.929512">
        <ele>2296.8</ele>
        <time>2026-08-07T09:35:37Z</time>
      </trkpt>
      <trkpt lat="44.309137" lon="6.929553">
        <ele>2297.4</ele>
        <time>2026-08-07T09:35:40Z</time>
      </trkpt>
      <trkpt lat="44.309134" lon="6.929562">
        <ele>2297.6</ele>
        <time>2026-08-07T09:35:41Z</time>
      </trkpt>
      <trkpt lat="44.309114" lon="6.929598">
        <ele>2298.2</ele>
        <time>2026-08-07T09:35:45Z</time>
      </trkpt>
      <trkpt lat="44.309105" lon="6.929609">
        <ele>2298.6</ele>
        <time>2026-08-07T09:35:47Z</time>
      </trkpt>
      <trkpt lat="44.309099" lon="6.92962">
        <ele>2298.6</ele>
        <time>2026-08-07T09:35:48Z</time>
      </trkpt>
      <trkpt lat="44.309076" lon="6.929667">
        <ele>2299.8</ele>
        <time>2026-08-07T09:35:54Z</time>
      </trkpt>
      <trkpt lat="44.309068" lon="6.929686">
        <ele>2300.2</ele>
        <time>2026-08-07T09:35:56Z</time>
      </trkpt>
      <trkpt lat="44.309073" lon="6.929684">
        <ele>2300.6</ele>
        <time>2026-08-07T09:36:03Z</time>
      </trkpt>
      <trkpt lat="44.30907" lon="6.929752">
        <ele>2300.8</ele>
        <time>2026-08-07T09:36:10Z</time>
      </trkpt>
      <trkpt lat="44.309059" lon="6.929819">
        <ele>2301.8</ele>
        <time>2026-08-07T09:36:17Z</time>
      </trkpt>
      <trkpt lat="44.309056" lon="6.929829">
        <ele>2302.0</ele>
        <time>2026-08-07T09:36:18Z</time>
      </trkpt>
      <trkpt lat="44.309058" lon="6.929828">
        <ele>2303.0</ele>
        <time>2026-08-07T09:36:24Z</time>
      </trkpt>
      <trkpt lat="44.309091" lon="6.929783">
        <ele>2303.6</ele>
        <time>2026-08-07T09:36:30Z</time>
      </trkpt>
      <trkpt lat="44.309098" lon="6.929774">
        <ele>2303.6</ele>
        <time>2026-08-07T09:36:31Z</time>
      </trkpt>
      <trkpt lat="44.309127" lon="6.929738">
        <ele>2304.0</ele>
        <time>2026-08-07T09:36:35Z</time>
      </trkpt>
      <trkpt lat="44.309154" lon="6.929733">
        <ele>2304.4</ele>
        <time>2026-08-07T09:36:39Z</time>
      </trkpt>
      <trkpt lat="44.30916" lon="6.929725">
        <ele>2304.4</ele>
        <time>2026-08-07T09:36:40Z</time>
      </trkpt>
      <trkpt lat="44.309187" lon="6.929689">
        <ele>2305.0</ele>
        <time>2026-08-07T09:36:46Z</time>
      </trkpt>
      <trkpt lat="44.309203" lon="6.929676">
        <ele>2305.2</ele>
        <time>2026-08-07T09:36:48Z</time>
      </trkpt>
      <trkpt lat="44.309234" lon="6.929649">
        <ele>2305.4</ele>
        <time>2026-08-07T09:36:52Z</time>
      </trkpt>
      <trkpt lat="44.309257" lon="6.929627">
        <ele>2305.6</ele>
        <time>2026-08-07T09:36:57Z</time>
      </trkpt>
      <trkpt lat="44.309272" lon="6.92959">
        <ele>2306.0</ele>
        <time>2026-08-07T09:37:02Z</time>
      </trkpt>
      <trkpt lat="44.309277" lon="6.929576">
        <ele>2306.0</ele>
        <time>2026-08-07T09:37:04Z</time>
      </trkpt>
      <trkpt lat="44.309312" lon="6.929501">
        <ele>2307.6</ele>
        <time>2026-08-07T09:37:10Z</time>
      </trkpt>
      <trkpt lat="44.309328" lon="6.929476">
        <ele>2308.8</ele>
        <time>2026-08-07T09:37:13Z</time>
      </trkpt>
      <trkpt lat="44.309335" lon="6.929473">
        <ele>2309.0</ele>
        <time>2026-08-07T09:37:14Z</time>
      </trkpt>
      <trkpt lat="44.309382" lon="6.929469">
        <ele>2309.8</ele>
        <time>2026-08-07T09:37:20Z</time>
      </trkpt>
      <trkpt lat="44.309389" lon="6.929466">
        <ele>2310.0</ele>
        <time>2026-08-07T09:37:21Z</time>
      </trkpt>
      <trkpt lat="44.309423" lon="6.929453">
        <ele>2310.0</ele>
        <time>2026-08-07T09:37:29Z</time>
      </trkpt>
      <trkpt lat="44.309434" lon="6.929445">
        <ele>2308.8</ele>
        <time>2026-08-07T09:37:39Z</time>
      </trkpt>
      <trkpt lat="44.30944" lon="6.929443">
        <ele>2308.8</ele>
        <time>2026-08-07T09:37:40Z</time>
      </trkpt>
      <trkpt lat="44.309454" lon="6.92942">
        <ele>2308.4</ele>
        <time>2026-08-07T09:37:46Z</time>
      </trkpt>
      <trkpt lat="44.309469" lon="6.929387">
        <ele>2308.4</ele>
        <time>2026-08-07T09:37:52Z</time>
      </trkpt>
      <trkpt lat="44.309465" lon="6.929394">
        <ele>2308.4</ele>
        <time>2026-08-07T09:37:53Z</time>
      </trkpt>
      <trkpt lat="44.309458" lon="6.929398">
        <ele>2308.4</ele>
        <time>2026-08-07T09:37:55Z</time>
      </trkpt>
      <trkpt lat="44.309444" lon="6.929374">
        <ele>2308.6</ele>
        <time>2026-08-07T09:38:02Z</time>
      </trkpt>
      <trkpt lat="44.30948" lon="6.929354">
        <ele>2309.4</ele>
        <time>2026-08-07T09:38:12Z</time>
      </trkpt>
      <trkpt lat="44.309486" lon="6.929355">
        <ele>2309.4</ele>
        <time>2026-08-07T09:38:16Z</time>
      </trkpt>
      <trkpt lat="44.309495" lon="6.929354">
        <ele>2309.2</ele>
        <time>2026-08-07T09:38:22Z</time>
      </trkpt>
      <trkpt lat="44.309479" lon="6.929367">
        <ele>2309.2</ele>
        <time>2026-08-07T09:38:32Z</time>
      </trkpt>
      <trkpt lat="44.309479" lon="6.929389">
        <ele>2309.4</ele>
        <time>2026-08-07T09:38:42Z</time>
      </trkpt>
      <trkpt lat="44.3095" lon="6.929382">
        <ele>2309.8</ele>
        <time>2026-08-07T09:38:47Z</time>
      </trkpt>
      <trkpt lat="44.30951" lon="6.929373">
        <ele>2310.4</ele>
        <time>2026-08-07T09:38:49Z</time>
      </trkpt>
      <trkpt lat="44.30951" lon="6.929368">
        <ele>2310.6</ele>
        <time>2026-08-07T09:38:50Z</time>
      </trkpt>
      <trkpt lat="44.309518" lon="6.929339">
        <ele>2311.0</ele>
        <time>2026-08-07T09:38:52Z</time>
      </trkpt>
      <trkpt lat="44.309555" lon="6.929285">
        <ele>2311.4</ele>
        <time>2026-08-07T09:38:57Z</time>
      </trkpt>
      <trkpt lat="44.309563" lon="6.929279">
        <ele>2311.2</ele>
        <time>2026-08-07T09:39:03Z</time>
      </trkpt>
      <trkpt lat="44.309561" lon="6.929279">
        <ele>2311.2</ele>
        <time>2026-08-07T09:39:04Z</time>
      </trkpt>
      <trkpt lat="44.30957" lon="6.929276">
        <ele>2311.0</ele>
        <time>2026-08-07T09:39:16Z</time>
      </trkpt>
      <trkpt lat="44.309572" lon="6.929274">
        <ele>2311.0</ele>
        <time>2026-08-07T09:39:17Z</time>
      </trkpt>
      <trkpt lat="44.309571" lon="6.929273">
        <ele>2311.0</ele>
        <time>2026-08-07T09:39:19Z</time>
      </trkpt>
      <trkpt lat="44.309575" lon="6.929261">
        <ele>2310.8</ele>
        <time>2026-08-07T09:39:22Z</time>
      </trkpt>
      <trkpt lat="44.309555" lon="6.929266">
        <ele>2310.8</ele>
        <time>2026-08-07T09:39:27Z</time>
      </trkpt>
      <trkpt lat="44.309549" lon="6.929296">
        <ele>2311.0</ele>
        <time>2026-08-07T09:39:38Z</time>
      </trkpt>
      <trkpt lat="44.309577" lon="6.929292">
        <ele>2311.0</ele>
        <time>2026-08-07T09:39:47Z</time>
      </trkpt>
      <trkpt lat="44.309582" lon="6.929271">
        <ele>2311.6</ele>
        <time>2026-08-07T09:39:55Z</time>
      </trkpt>
      <trkpt lat="44.309583" lon="6.929268">
        <ele>2312.0</ele>
        <time>2026-08-07T09:39:58Z</time>
      </trkpt>
      <trkpt lat="44.3096" lon="6.929264">
        <ele>2312.8</ele>
        <time>2026-08-07T09:40:02Z</time>
      </trkpt>
      <trkpt lat="44.309611" lon="6.929261">
        <ele>2313.0</ele>
        <time>2026-08-07T09:40:04Z</time>
      </trkpt>
      <trkpt lat="44.309625" lon="6.929236">
        <ele>2314.0</ele>
        <time>2026-08-07T09:40:08Z</time>
      </trkpt>
      <trkpt lat="44.309626" lon="6.929228">
        <ele>2314.4</ele>
        <time>2026-08-07T09:40:09Z</time>
      </trkpt>
      <trkpt lat="44.309627" lon="6.92922">
        <ele>2314.4</ele>
        <time>2026-08-07T09:40:10Z</time>
      </trkpt>
      <trkpt lat="44.309637" lon="6.92917">
        <ele>2315.2</ele>
        <time>2026-08-07T09:40:17Z</time>
      </trkpt>
      <trkpt lat="44.309637" lon="6.929171">
        <ele>2315.4</ele>
        <time>2026-08-07T09:40:18Z</time>
      </trkpt>
      <trkpt lat="44.309637" lon="6.92918">
        <ele>2315.8</ele>
        <time>2026-08-07T09:40:21Z</time>
      </trkpt>
      <trkpt lat="44.309649" lon="6.929198">
        <ele>2316.2</ele>
        <time>2026-08-07T09:40:27Z</time>
      </trkpt>
      <trkpt lat="44.309637" lon="6.929202">
        <ele>2315.4</ele>
        <time>2026-08-07T09:40:31Z</time>
      </trkpt>
      <trkpt lat="44.309617" lon="6.929202">
        <ele>2315.8</ele>
        <time>2026-08-07T09:40:34Z</time>
      </trkpt>
      <trkpt lat="44.309613" lon="6.929201">
        <ele>2316.2</ele>
        <time>2026-08-07T09:40:35Z</time>
      </trkpt>
      <trkpt lat="44.309608" lon="6.929206">
        <ele>2316.4</ele>
        <time>2026-08-07T09:40:37Z</time>
      </trkpt>
      <trkpt lat="44.309606" lon="6.929219">
        <ele>2316.4</ele>
        <time>2026-08-07T09:40:40Z</time>
      </trkpt>
      <trkpt lat="44.309604" lon="6.929224">
        <ele>2316.4</ele>
        <time>2026-08-07T09:40:43Z</time>
      </trkpt>
      <trkpt lat="44.309606" lon="6.92922">
        <ele>2316.6</ele>
        <time>2026-08-07T09:40:44Z</time>
      </trkpt>
      <trkpt lat="44.309625" lon="6.929186">
        <ele>2316.0</ele>
        <time>2026-08-07T09:40:52Z</time>
      </trkpt>
      <trkpt lat="44.309621" lon="6.929175">
        <ele>2315.8</ele>
        <time>2026-08-07T09:41:03Z</time>
      </trkpt>
      <trkpt lat="44.309623" lon="6.929182">
        <ele>2315.6</ele>
        <time>2026-08-07T09:41:07Z</time>
      </trkpt>
      <trkpt lat="44.30962" lon="6.929167">
        <ele>2315.6</ele>
        <time>2026-08-07T09:41:10Z</time>
      </trkpt>
      <trkpt lat="44.309626" lon="6.929133">
        <ele>2316.6</ele>
        <time>2026-08-07T09:41:13Z</time>
      </trkpt>
      <trkpt lat="44.309623" lon="6.929137">
        <ele>2316.8</ele>
        <time>2026-08-07T09:41:19Z</time>
      </trkpt>
      <trkpt lat="44.309635" lon="6.929139">
        <ele>2316.8</ele>
        <time>2026-08-07T09:41:25Z</time>
      </trkpt>
      <trkpt lat="44.309648" lon="6.929146">
        <ele>2317.0</ele>
        <time>2026-08-07T09:41:28Z</time>
      </trkpt>
      <trkpt lat="44.309641" lon="6.929141">
        <ele>2316.8</ele>
        <time>2026-08-07T09:41:36Z</time>
      </trkpt>
      <trkpt lat="44.30964" lon="6.929142">
        <ele>2316.6</ele>
        <time>2026-08-07T09:41:37Z</time>
      </trkpt>
      <trkpt lat="44.309637" lon="6.929151">
        <ele>2316.6</ele>
        <time>2026-08-07T09:41:41Z</time>
      </trkpt>
      <trkpt lat="44.30965" lon="6.929161">
        <ele>2316.2</ele>
        <time>2026-08-07T09:41:48Z</time>
      </trkpt>
      <trkpt lat="44.309661" lon="6.929217">
        <ele>2316.8</ele>
        <time>2026-08-07T09:41:56Z</time>
      </trkpt>
      <trkpt lat="44.309679" lon="6.929266">
        <ele>2317.6</ele>
        <time>2026-08-07T09:42:02Z</time>
      </trkpt>
      <trkpt lat="44.309687" lon="6.929267">
        <ele>2318.0</ele>
        <time>2026-08-07T09:42:05Z</time>
      </trkpt>
      <trkpt lat="44.309727" lon="6.929257">
        <ele>2318.6</ele>
        <time>2026-08-07T09:42:11Z</time>
      </trkpt>
      <trkpt lat="44.309724" lon="6.92926">
        <ele>2318.8</ele>
        <time>2026-08-07T09:42:12Z</time>
      </trkpt>
      <trkpt lat="44.309746" lon="6.929262">
        <ele>2319.8</ele>
        <time>2026-08-07T09:42:18Z</time>
      </trkpt>
      <trkpt lat="44.309743" lon="6.929254">
        <ele>2320.2</ele>
        <time>2026-08-07T09:42:20Z</time>
      </trkpt>
      <trkpt lat="44.309732" lon="6.929235">
        <ele>2320.2</ele>
        <time>2026-08-07T09:42:27Z</time>
      </trkpt>
      <trkpt lat="44.309718" lon="6.929247">
        <ele>2320.2</ele>
        <time>2026-08-07T09:42:30Z</time>
      </trkpt>
      <trkpt lat="44.309715" lon="6.929254">
        <ele>2320.2</ele>
        <time>2026-08-07T09:42:37Z</time>
      </trkpt>
      <trkpt lat="44.309718" lon="6.929254">
        <ele>2320.4</ele>
        <time>2026-08-07T09:42:39Z</time>
      </trkpt>
      <trkpt lat="44.309743" lon="6.929238">
        <ele>2321.0</ele>
        <time>2026-08-07T09:42:48Z</time>
      </trkpt>
      <trkpt lat="44.309763" lon="6.92925">
        <ele>2322.0</ele>
        <time>2026-08-07T09:42:53Z</time>
      </trkpt>
      <trkpt lat="44.309765" lon="6.929254">
        <ele>2322.2</ele>
        <time>2026-08-07T09:42:54Z</time>
      </trkpt>
      <trkpt lat="44.309738" lon="6.929266">
        <ele>2321.4</ele>
        <time>2026-08-07T09:43:00Z</time>
      </trkpt>
      <trkpt lat="44.30973" lon="6.929273">
        <ele>2321.0</ele>
        <time>2026-08-07T09:43:02Z</time>
      </trkpt>
      <trkpt lat="44.30974" lon="6.929282">
        <ele>2320.2</ele>
        <time>2026-08-07T09:43:09Z</time>
      </trkpt>
      <trkpt lat="44.309731" lon="6.929298">
        <ele>2320.0</ele>
        <time>2026-08-07T09:43:12Z</time>
      </trkpt>
      <trkpt lat="44.309721" lon="6.929307">
        <ele>2319.6</ele>
        <time>2026-08-07T09:43:17Z</time>
      </trkpt>
      <trkpt lat="44.309732" lon="6.929307">
        <ele>2319.6</ele>
        <time>2026-08-07T09:43:26Z</time>
      </trkpt>
      <trkpt lat="44.309727" lon="6.929311">
        <ele>2320.6</ele>
        <time>2026-08-07T09:43:34Z</time>
      </trkpt>
      <trkpt lat="44.309708" lon="6.929298">
        <ele>2319.8</ele>
        <time>2026-08-07T09:43:43Z</time>
      </trkpt>
      <trkpt lat="44.309755" lon="6.929263">
        <ele>2319.6</ele>
        <time>2026-08-07T09:43:48Z</time>
      </trkpt>
      <trkpt lat="44.309783" lon="6.929298">
        <ele>2319.0</ele>
        <time>2026-08-07T09:43:52Z</time>
      </trkpt>
      <trkpt lat="44.309787" lon="6.929325">
        <ele>2318.4</ele>
        <time>2026-08-07T09:43:54Z</time>
      </trkpt>
      <trkpt lat="44.309798" lon="6.929353">
        <ele>2317.8</ele>
        <time>2026-08-07T09:43:56Z</time>
      </trkpt>
      <trkpt lat="44.309815" lon="6.929416">
        <ele>2316.8</ele>
        <time>2026-08-07T09:44:02Z</time>
      </trkpt>
      <trkpt lat="44.309815" lon="6.929426">
        <ele>2316.8</ele>
        <time>2026-08-07T09:44:03Z</time>
      </trkpt>
      <trkpt lat="44.309805" lon="6.929522">
        <ele>2316.2</ele>
        <time>2026-08-07T09:44:10Z</time>
      </trkpt>
      <trkpt lat="44.309828" lon="6.92958">
        <ele>2315.8</ele>
        <time>2026-08-07T09:44:17Z</time>
      </trkpt>
      <trkpt lat="44.309832" lon="6.929593">
        <ele>2315.6</ele>
        <time>2026-08-07T09:44:18Z</time>
      </trkpt>
      <trkpt lat="44.309837" lon="6.929648">
        <ele>2315.2</ele>
        <time>2026-08-07T09:44:24Z</time>
      </trkpt>
      <trkpt lat="44.309832" lon="6.929677">
        <ele>2314.4</ele>
        <time>2026-08-07T09:44:28Z</time>
      </trkpt>
      <trkpt lat="44.309826" lon="6.929683">
        <ele>2314.2</ele>
        <time>2026-08-07T09:44:29Z</time>
      </trkpt>
      <trkpt lat="44.309817" lon="6.929683">
        <ele>2314.0</ele>
        <time>2026-08-07T09:44:31Z</time>
      </trkpt>
      <trkpt lat="44.309809" lon="6.929691">
        <ele>2314.4</ele>
        <time>2026-08-07T09:44:33Z</time>
      </trkpt>
      <trkpt lat="44.309827" lon="6.929699">
        <ele>2314.4</ele>
        <time>2026-08-07T09:44:42Z</time>
      </trkpt>
      <trkpt lat="44.309836" lon="6.929692">
        <ele>2314.6</ele>
        <time>2026-08-07T09:44:44Z</time>
      </trkpt>
      <trkpt lat="44.309837" lon="6.929692">
        <ele>2314.6</ele>
        <time>2026-08-07T09:44:45Z</time>
      </trkpt>
      <trkpt lat="44.30984" lon="6.929692">
        <ele>2314.4</ele>
        <time>2026-08-07T09:44:46Z</time>
      </trkpt>
      <trkpt lat="44.309845" lon="6.929692">
        <ele>2314.0</ele>
        <time>2026-08-07T09:44:48Z</time>
      </trkpt>
      <trkpt lat="44.30984" lon="6.929678">
        <ele>2313.4</ele>
        <time>2026-08-07T09:44:51Z</time>
      </trkpt>
      <trkpt lat="44.309825" lon="6.929703">
        <ele>2312.8</ele>
        <time>2026-08-07T09:45:00Z</time>
      </trkpt>
      <trkpt lat="44.309789" lon="6.929752">
        <ele>2312.6</ele>
        <time>2026-08-07T09:45:07Z</time>
      </trkpt>
      <trkpt lat="44.309787" lon="6.929758">
        <ele>2312.2</ele>
        <time>2026-08-07T09:45:09Z</time>
      </trkpt>
      <trkpt lat="44.309796" lon="6.929761">
        <ele>2311.0</ele>
        <time>2026-08-07T09:45:15Z</time>
      </trkpt>
      <trkpt lat="44.309849" lon="6.929744">
        <ele>2310.4</ele>
        <time>2026-08-07T09:45:22Z</time>
      </trkpt>
      <trkpt lat="44.309835" lon="6.929725">
        <ele>2310.0</ele>
        <time>2026-08-07T09:45:28Z</time>
      </trkpt>
      <trkpt lat="44.309846" lon="6.929726">
        <ele>2309.8</ele>
        <time>2026-08-07T09:45:31Z</time>
      </trkpt>
      <trkpt lat="44.309881" lon="6.929732">
        <ele>2309.4</ele>
        <time>2026-08-07T09:45:34Z</time>
      </trkpt>
      <trkpt lat="44.309912" lon="6.929751">
        <ele>2309.4</ele>
        <time>2026-08-07T09:45:37Z</time>
      </trkpt>
      <trkpt lat="44.309969" lon="6.92983">
        <ele>2309.8</ele>
        <time>2026-08-07T09:45:45Z</time>
      </trkpt>
      <trkpt lat="44.309959" lon="6.929829">
        <ele>2310.0</ele>
        <time>2026-08-07T09:45:53Z</time>
      </trkpt>
      <trkpt lat="44.309954" lon="6.929832">
        <ele>2310.0</ele>
        <time>2026-08-07T09:45:54Z</time>
      </trkpt>
      <trkpt lat="44.309936" lon="6.929839">
        <ele>2309.6</ele>
        <time>2026-08-07T09:46:02Z</time>
      </trkpt>
      <trkpt lat="44.309969" lon="6.929911">
        <ele>2309.6</ele>
        <time>2026-08-07T09:46:08Z</time>
      </trkpt>
      <trkpt lat="44.309989" lon="6.929976">
        <ele>2310.2</ele>
        <time>2026-08-07T09:46:16Z</time>
      </trkpt>
      <trkpt lat="44.310002" lon="6.93">
        <ele>2311.2</ele>
        <time>2026-08-07T09:46:25Z</time>
      </trkpt>
      <trkpt lat="44.30998" lon="6.930091">
        <ele>2311.8</ele>
        <time>2026-08-07T09:46:34Z</time>
      </trkpt>
      <trkpt lat="44.30997" lon="6.930135">
        <ele>2312.2</ele>
        <time>2026-08-07T09:46:37Z</time>
      </trkpt>
      <trkpt lat="44.309973" lon="6.930167">
        <ele>2312.8</ele>
        <time>2026-08-07T09:46:40Z</time>
      </trkpt>
      <trkpt lat="44.309972" lon="6.930185">
        <ele>2313.2</ele>
        <time>2026-08-07T09:46:43Z</time>
      </trkpt>
      <trkpt lat="44.309947" lon="6.930211">
        <ele>2314.2</ele>
        <time>2026-08-07T09:46:49Z</time>
      </trkpt>
      <trkpt lat="44.309943" lon="6.930218">
        <ele>2314.4</ele>
        <time>2026-08-07T09:46:50Z</time>
      </trkpt>
      <trkpt lat="44.309924" lon="6.930223">
        <ele>2314.4</ele>
        <time>2026-08-07T09:46:54Z</time>
      </trkpt>
      <trkpt lat="44.309907" lon="6.930228">
        <ele>2314.8</ele>
        <time>2026-08-07T09:46:58Z</time>
      </trkpt>
      <trkpt lat="44.309901" lon="6.93029">
        <ele>2313.4</ele>
        <time>2026-08-07T09:47:05Z</time>
      </trkpt>
      <trkpt lat="44.309899" lon="6.930311">
        <ele>2313.2</ele>
        <time>2026-08-07T09:47:06Z</time>
      </trkpt>
      <trkpt lat="44.309888" lon="6.930384">
        <ele>2312.8</ele>
        <time>2026-08-07T09:47:12Z</time>
      </trkpt>
      <trkpt lat="44.309841" lon="6.930364">
        <ele>2312.8</ele>
        <time>2026-08-07T09:47:19Z</time>
      </trkpt>
      <trkpt lat="44.309829" lon="6.930302">
        <ele>2312.6</ele>
        <time>2026-08-07T09:47:26Z</time>
      </trkpt>
      <trkpt lat="44.309805" lon="6.930298">
        <ele>2312.2</ele>
        <time>2026-08-07T09:47:30Z</time>
      </trkpt>
      <trkpt lat="44.309778" lon="6.930301">
        <ele>2311.6</ele>
        <time>2026-08-07T09:47:34Z</time>
      </trkpt>
      <trkpt lat="44.309762" lon="6.930282">
        <ele>2311.6</ele>
        <time>2026-08-07T09:47:43Z</time>
      </trkpt>
      <trkpt lat="44.309763" lon="6.930272">
        <ele>2311.0</ele>
        <time>2026-08-07T09:47:47Z</time>
      </trkpt>
      <trkpt lat="44.30979" lon="6.930302">
        <ele>2311.6</ele>
        <time>2026-08-07T09:47:52Z</time>
      </trkpt>
      <trkpt lat="44.309824" lon="6.930336">
        <ele>2312.2</ele>
        <time>2026-08-07T09:47:57Z</time>
      </trkpt>
      <trkpt lat="44.309834" lon="6.930347">
        <ele>2312.2</ele>
        <time>2026-08-07T09:47:58Z</time>
      </trkpt>
      <trkpt lat="44.30985" lon="6.930363">
        <ele>2312.2</ele>
        <time>2026-08-07T09:48:04Z</time>
      </trkpt>
      <trkpt lat="44.309888" lon="6.930455">
        <ele>2312.6</ele>
        <time>2026-08-07T09:48:12Z</time>
      </trkpt>
      <trkpt lat="44.309896" lon="6.930464">
        <ele>2312.2</ele>
        <time>2026-08-07T09:48:20Z</time>
      </trkpt>
      <trkpt lat="44.309856" lon="6.930363">
        <ele>2312.4</ele>
        <time>2026-08-07T09:48:28Z</time>
      </trkpt>
      <trkpt lat="44.309803" lon="6.930323">
        <ele>2312.2</ele>
        <time>2026-08-07T09:48:36Z</time>
      </trkpt>
      <trkpt lat="44.309772" lon="6.9303">
        <ele>2311.2</ele>
        <time>2026-08-07T09:48:44Z</time>
      </trkpt>
      <trkpt lat="44.309771" lon="6.930286">
        <ele>2310.2</ele>
        <time>2026-08-07T09:48:50Z</time>
      </trkpt>
      <trkpt lat="44.309755" lon="6.930291">
        <ele>2310.0</ele>
        <time>2026-08-07T09:48:52Z</time>
      </trkpt>
      <trkpt lat="44.309753" lon="6.930294">
        <ele>2310.0</ele>
        <time>2026-08-07T09:48:53Z</time>
      </trkpt>
      <trkpt lat="44.309693" lon="6.93037">
        <ele>2310.0</ele>
        <time>2026-08-07T09:49:01Z</time>
      </trkpt>
      <trkpt lat="44.309649" lon="6.930441">
        <ele>2309.8</ele>
        <time>2026-08-07T09:49:08Z</time>
      </trkpt>
      <trkpt lat="44.309664" lon="6.930469">
        <ele>2310.8</ele>
        <time>2026-08-07T09:49:17Z</time>
      </trkpt>
      <trkpt lat="44.309657" lon="6.930477">
        <ele>2311.0</ele>
        <time>2026-08-07T09:49:27Z</time>
      </trkpt>
      <trkpt lat="44.309654" lon="6.930484">
        <ele>2310.8</ele>
        <time>2026-08-07T09:49:30Z</time>
      </trkpt>
      <trkpt lat="44.309643" lon="6.930459">
        <ele>2311.2</ele>
        <time>2026-08-07T09:49:33Z</time>
      </trkpt>
      <trkpt lat="44.309649" lon="6.93044">
        <ele>2311.2</ele>
        <time>2026-08-07T09:49:36Z</time>
      </trkpt>
      <trkpt lat="44.309662" lon="6.930423">
        <ele>2310.2</ele>
        <time>2026-08-07T09:49:43Z</time>
      </trkpt>
      <trkpt lat="44.309643" lon="6.930459">
        <ele>2310.4</ele>
        <time>2026-08-07T09:49:52Z</time>
      </trkpt>
      <trkpt lat="44.309653" lon="6.930466">
        <ele>2310.4</ele>
        <time>2026-08-07T09:49:59Z</time>
      </trkpt>
      <trkpt lat="44.309664" lon="6.930455">
        <ele>2310.0</ele>
        <time>2026-08-07T09:50:01Z</time>
      </trkpt>
      <trkpt lat="44.309626" lon="6.930522">
        <ele>2310.0</ele>
        <time>2026-08-07T09:50:08Z</time>
      </trkpt>
      <trkpt lat="44.309629" lon="6.930545">
        <ele>2310.6</ele>
        <time>2026-08-07T09:50:14Z</time>
      </trkpt>
      <trkpt lat="44.309641" lon="6.93047">
        <ele>2310.4</ele>
        <time>2026-08-07T09:50:20Z</time>
      </trkpt>
      <trkpt lat="44.309651" lon="6.930446">
        <ele>2309.6</ele>
        <time>2026-08-07T09:50:31Z</time>
      </trkpt>
      <trkpt lat="44.30965" lon="6.930451">
        <ele>2309.8</ele>
        <time>2026-08-07T09:50:32Z</time>
      </trkpt>
      <trkpt lat="44.309653" lon="6.930478">
        <ele>2309.8</ele>
        <time>2026-08-07T09:50:41Z</time>
      </trkpt>
      <trkpt lat="44.30966" lon="6.930461">
        <ele>2309.4</ele>
        <time>2026-08-07T09:50:49Z</time>
      </trkpt>
      <trkpt lat="44.309642" lon="6.930417">
        <ele>2309.4</ele>
        <time>2026-08-07T09:50:59Z</time>
      </trkpt>
      <trkpt lat="44.309666" lon="6.930453">
        <ele>2310.0</ele>
        <time>2026-08-07T10:21:02Z</time>
      </trkpt>
      <trkpt lat="44.309669" lon="6.930451">
        <ele>2309.8</ele>
        <time>2026-08-07T10:21:03Z</time>
      </trkpt>
      <trkpt lat="44.309669" lon="6.930443">
        <ele>2309.4</ele>
        <time>2026-08-07T10:21:11Z</time>
      </trkpt>
      <trkpt lat="44.309667" lon="6.930404">
        <ele>2309.8</ele>
        <time>2026-08-07T10:21:19Z</time>
      </trkpt>
      <trkpt lat="44.309673" lon="6.93043">
        <ele>2309.2</ele>
        <time>2026-08-07T10:21:28Z</time>
      </trkpt>
      <trkpt lat="44.309672" lon="6.930424">
        <ele>2309.2</ele>
        <time>2026-08-07T10:21:33Z</time>
      </trkpt>
      <trkpt lat="44.309666" lon="6.930451">
        <ele>2309.0</ele>
        <time>2026-08-07T10:21:39Z</time>
      </trkpt>
      <trkpt lat="44.309682" lon="6.93042">
        <ele>2309.4</ele>
        <time>2026-08-07T10:21:46Z</time>
      </trkpt>
      <trkpt lat="44.309686" lon="6.930418">
        <ele>2309.0</ele>
        <time>2026-08-07T10:21:48Z</time>
      </trkpt>
      <trkpt lat="44.309697" lon="6.930406">
        <ele>2309.0</ele>
        <time>2026-08-07T10:21:52Z</time>
      </trkpt>
      <trkpt lat="44.309696" lon="6.930403">
        <ele>2308.8</ele>
        <time>2026-08-07T10:21:54Z</time>
      </trkpt>
      <trkpt lat="44.309716" lon="6.930356">
        <ele>2308.8</ele>
        <time>2026-08-07T10:22:01Z</time>
      </trkpt>
      <trkpt lat="44.309734" lon="6.930333">
        <ele>2310.0</ele>
        <time>2026-08-07T10:22:10Z</time>
      </trkpt>
      <trkpt lat="44.309739" lon="6.930329">
        <ele>2310.2</ele>
        <time>2026-08-07T10:22:11Z</time>
      </trkpt>
      <trkpt lat="44.30978" lon="6.930296">
        <ele>2311.0</ele>
        <time>2026-08-07T10:22:17Z</time>
      </trkpt>
      <trkpt lat="44.309786" lon="6.930295">
        <ele>2311.2</ele>
        <time>2026-08-07T10:22:18Z</time>
      </trkpt>
      <trkpt lat="44.30982" lon="6.930333">
        <ele>2312.0</ele>
        <time>2026-08-07T10:22:25Z</time>
      </trkpt>
      <trkpt lat="44.309829" lon="6.930356">
        <ele>2312.0</ele>
        <time>2026-08-07T10:22:27Z</time>
      </trkpt>
      <trkpt lat="44.309833" lon="6.930365">
        <ele>2312.0</ele>
        <time>2026-08-07T10:22:28Z</time>
      </trkpt>
      <trkpt lat="44.309833" lon="6.930398">
        <ele>2312.0</ele>
        <time>2026-08-07T10:22:34Z</time>
      </trkpt>
      <trkpt lat="44.30982" lon="6.930441">
        <ele>2312.0</ele>
        <time>2026-08-07T10:22:42Z</time>
      </trkpt>
      <trkpt lat="44.309826" lon="6.930437">
        <ele>2312.0</ele>
        <time>2026-08-07T10:22:46Z</time>
      </trkpt>
      <trkpt lat="44.309826" lon="6.930435">
        <ele>2312.0</ele>
        <time>2026-08-07T10:22:54Z</time>
      </trkpt>
      <trkpt lat="44.309848" lon="6.930398">
        <ele>2311.8</ele>
        <time>2026-08-07T10:23:03Z</time>
      </trkpt>
      <trkpt lat="44.309886" lon="6.930358">
        <ele>2311.6</ele>
        <time>2026-08-07T10:23:10Z</time>
      </trkpt>
      <trkpt lat="44.309881" lon="6.930366">
        <ele>2312.0</ele>
        <time>2026-08-07T10:23:12Z</time>
      </trkpt>
      <trkpt lat="44.309924" lon="6.930382">
        <ele>2312.2</ele>
        <time>2026-08-07T10:23:19Z</time>
      </trkpt>
      <trkpt lat="44.309951" lon="6.93037">
        <ele>2312.4</ele>
        <time>2026-08-07T10:23:23Z</time>
      </trkpt>
      <trkpt lat="44.30998" lon="6.93037">
        <ele>2313.0</ele>
        <time>2026-08-07T10:23:27Z</time>
      </trkpt>
      <trkpt lat="44.309994" lon="6.930375">
        <ele>2313.2</ele>
        <time>2026-08-07T10:23:29Z</time>
      </trkpt>
      <trkpt lat="44.31002" lon="6.930425">
        <ele>2314.2</ele>
        <time>2026-08-07T10:23:36Z</time>
      </trkpt>
      <trkpt lat="44.310025" lon="6.930434">
        <ele>2314.2</ele>
        <time>2026-08-07T10:23:37Z</time>
      </trkpt>
      <trkpt lat="44.310042" lon="6.93044">
        <ele>2314.8</ele>
        <time>2026-08-07T10:23:42Z</time>
      </trkpt>
      <trkpt lat="44.31006" lon="6.930363">
        <ele>2315.0</ele>
        <time>2026-08-07T10:23:49Z</time>
      </trkpt>
      <trkpt lat="44.310072" lon="6.930361">
        <ele>2315.4</ele>
        <time>2026-08-07T10:23:51Z</time>
      </trkpt>
      <trkpt lat="44.31009" lon="6.930388">
        <ele>2316.2</ele>
        <time>2026-08-07T10:23:56Z</time>
      </trkpt>
      <trkpt lat="44.310098" lon="6.930393">
        <ele>2316.4</ele>
        <time>2026-08-07T10:23:57Z</time>
      </trkpt>
      <trkpt lat="44.310148" lon="6.930425">
        <ele>2317.2</ele>
        <time>2026-08-07T10:24:05Z</time>
      </trkpt>
      <trkpt lat="44.310158" lon="6.930406">
        <ele>2317.4</ele>
        <time>2026-08-07T10:24:09Z</time>
      </trkpt>
      <trkpt lat="44.310156" lon="6.930411">
        <ele>2317.4</ele>
        <time>2026-08-07T10:24:12Z</time>
      </trkpt>
      <trkpt lat="44.310188" lon="6.930416">
        <ele>2317.0</ele>
        <time>2026-08-07T10:24:20Z</time>
      </trkpt>
      <trkpt lat="44.310185" lon="6.930416">
        <ele>2316.4</ele>
        <time>2026-08-07T10:24:23Z</time>
      </trkpt>
      <trkpt lat="44.310181" lon="6.930424">
        <ele>2316.0</ele>
        <time>2026-08-07T10:24:27Z</time>
      </trkpt>
      <trkpt lat="44.310188" lon="6.930423">
        <ele>2315.4</ele>
        <time>2026-08-07T10:24:34Z</time>
      </trkpt>
      <trkpt lat="44.31019" lon="6.930423">
        <ele>2315.2</ele>
        <time>2026-08-07T10:24:35Z</time>
      </trkpt>
      <trkpt lat="44.310208" lon="6.930395">
        <ele>2314.6</ele>
        <time>2026-08-07T10:24:45Z</time>
      </trkpt>
      <trkpt lat="44.310213" lon="6.930383">
        <ele>2314.4</ele>
        <time>2026-08-07T10:24:47Z</time>
      </trkpt>
      <trkpt lat="44.310236" lon="6.930349">
        <ele>2313.4</ele>
        <time>2026-08-07T10:24:54Z</time>
      </trkpt>
      <trkpt lat="44.310246" lon="6.93035">
        <ele>2313.2</ele>
        <time>2026-08-07T10:24:57Z</time>
      </trkpt>
      <trkpt lat="44.310291" lon="6.930368">
        <ele>2313.2</ele>
        <time>2026-08-07T10:25:03Z</time>
      </trkpt>
      <trkpt lat="44.310321" lon="6.93031">
        <ele>2314.0</ele>
        <time>2026-08-07T10:25:11Z</time>
      </trkpt>
      <trkpt lat="44.310331" lon="6.930301">
        <ele>2314.4</ele>
        <time>2026-08-07T10:25:14Z</time>
      </trkpt>
      <trkpt lat="44.310343" lon="6.930295">
        <ele>2315.0</ele>
        <time>2026-08-07T10:25:19Z</time>
      </trkpt>
      <trkpt lat="44.310348" lon="6.930279">
        <ele>2315.4</ele>
        <time>2026-08-07T10:25:21Z</time>
      </trkpt>
      <trkpt lat="44.310351" lon="6.930261">
        <ele>2316.6</ele>
        <time>2026-08-07T10:25:26Z</time>
      </trkpt>
      <trkpt lat="44.31038" lon="6.930253">
        <ele>2317.6</ele>
        <time>2026-08-07T10:25:34Z</time>
      </trkpt>
      <trkpt lat="44.310382" lon="6.930251">
        <ele>2317.8</ele>
        <time>2026-08-07T10:25:35Z</time>
      </trkpt>
      <trkpt lat="44.310388" lon="6.930233">
        <ele>2318.6</ele>
        <time>2026-08-07T10:25:39Z</time>
      </trkpt>
      <trkpt lat="44.310401" lon="6.93021">
        <ele>2319.2</ele>
        <time>2026-08-07T10:25:43Z</time>
      </trkpt>
      <trkpt lat="44.310417" lon="6.930206">
        <ele>2319.8</ele>
        <time>2026-08-07T10:25:46Z</time>
      </trkpt>
      <trkpt lat="44.31047" lon="6.930232">
        <ele>2319.8</ele>
        <time>2026-08-07T10:25:52Z</time>
      </trkpt>
      <trkpt lat="44.31049" lon="6.930238">
        <ele>2319.8</ele>
        <time>2026-08-07T10:25:54Z</time>
      </trkpt>
      <trkpt lat="44.310507" lon="6.930241">
        <ele>2319.6</ele>
        <time>2026-08-07T10:25:57Z</time>
      </trkpt>
      <trkpt lat="44.310519" lon="6.930252">
        <ele>2319.6</ele>
        <time>2026-08-07T10:26:00Z</time>
      </trkpt>
      <trkpt lat="44.310573" lon="6.930268">
        <ele>2319.4</ele>
        <time>2026-08-07T10:26:06Z</time>
      </trkpt>
      <trkpt lat="44.310595" lon="6.930256">
        <ele>2319.8</ele>
        <time>2026-08-07T10:26:09Z</time>
      </trkpt>
      <trkpt lat="44.310661" lon="6.930201">
        <ele>2319.8</ele>
        <time>2026-08-07T10:26:18Z</time>
      </trkpt>
      <trkpt lat="44.310727" lon="6.930146">
        <ele>2318.6</ele>
        <time>2026-08-07T10:26:26Z</time>
      </trkpt>
      <trkpt lat="44.310766" lon="6.930154">
        <ele>2318.0</ele>
        <time>2026-08-07T10:26:32Z</time>
      </trkpt>
      <trkpt lat="44.310783" lon="6.930173">
        <ele>2317.6</ele>
        <time>2026-08-07T10:26:35Z</time>
      </trkpt>
      <trkpt lat="44.310811" lon="6.930188">
        <ele>2316.4</ele>
        <time>2026-08-07T10:26:39Z</time>
      </trkpt>
      <trkpt lat="44.310851" lon="6.930211">
        <ele>2316.2</ele>
        <time>2026-08-07T10:26:43Z</time>
      </trkpt>
      <trkpt lat="44.310938" lon="6.93029">
        <ele>2315.8</ele>
        <time>2026-08-07T10:26:52Z</time>
      </trkpt>
      <trkpt lat="44.311035" lon="6.930302">
        <ele>2315.4</ele>
        <time>2026-08-07T10:27:01Z</time>
      </trkpt>
      <trkpt lat="44.31105" lon="6.930306">
        <ele>2315.4</ele>
        <time>2026-08-07T10:27:02Z</time>
      </trkpt>
      <trkpt lat="44.311138" lon="6.930311">
        <ele>2315.0</ele>
        <time>2026-08-07T10:27:10Z</time>
      </trkpt>
      <trkpt lat="44.311217" lon="6.930317">
        <ele>2315.0</ele>
        <time>2026-08-07T10:27:18Z</time>
      </trkpt>
      <trkpt lat="44.311349" lon="6.930365">
        <ele>2315.8</ele>
        <time>2026-08-07T10:27:29Z</time>
      </trkpt>
      <trkpt lat="44.311383" lon="6.930385">
        <ele>2316.2</ele>
        <time>2026-08-07T10:27:32Z</time>
      </trkpt>
      <trkpt lat="44.311393" lon="6.930402">
        <ele>2316.4</ele>
        <time>2026-08-07T10:27:34Z</time>
      </trkpt>
      <trkpt lat="44.311418" lon="6.930423">
        <ele>2316.8</ele>
        <time>2026-08-07T10:27:37Z</time>
      </trkpt>
      <trkpt lat="44.311469" lon="6.930433">
        <ele>2317.6</ele>
        <time>2026-08-07T10:27:42Z</time>
      </trkpt>
      <trkpt lat="44.311501" lon="6.930428">
        <ele>2318.0</ele>
        <time>2026-08-07T10:27:45Z</time>
      </trkpt>
      <trkpt lat="44.311564" lon="6.930433">
        <ele>2318.6</ele>
        <time>2026-08-07T10:27:50Z</time>
      </trkpt>
      <trkpt lat="44.311584" lon="6.930437">
        <ele>2319.0</ele>
        <time>2026-08-07T10:27:52Z</time>
      </trkpt>
      <trkpt lat="44.311623" lon="6.930461">
        <ele>2319.6</ele>
        <time>2026-08-07T10:27:56Z</time>
      </trkpt>
      <trkpt lat="44.311626" lon="6.930469">
        <ele>2319.8</ele>
        <time>2026-08-07T10:27:57Z</time>
      </trkpt>
      <trkpt lat="44.311648" lon="6.930495">
        <ele>2320.4</ele>
        <time>2026-08-07T10:28:01Z</time>
      </trkpt>
      <trkpt lat="44.311671" lon="6.930519">
        <ele>2320.8</ele>
        <time>2026-08-07T10:28:04Z</time>
      </trkpt>
      <trkpt lat="44.311702" lon="6.930551">
        <ele>2321.4</ele>
        <time>2026-08-07T10:28:08Z</time>
      </trkpt>
      <trkpt lat="44.311725" lon="6.930581">
        <ele>2322.0</ele>
        <time>2026-08-07T10:28:11Z</time>
      </trkpt>
      <trkpt lat="44.311766" lon="6.930646">
        <ele>2322.6</ele>
        <time>2026-08-07T10:28:17Z</time>
      </trkpt>
      <trkpt lat="44.311792" lon="6.930677">
        <ele>2323.0</ele>
        <time>2026-08-07T10:28:20Z</time>
      </trkpt>
      <trkpt lat="44.311788" lon="6.930652">
        <ele>2323.4</ele>
        <time>2026-08-07T10:28:24Z</time>
      </trkpt>
      <trkpt lat="44.311767" lon="6.930606">
        <ele>2324.0</ele>
        <time>2026-08-07T10:28:28Z</time>
      </trkpt>
      <trkpt lat="44.311748" lon="6.930546">
        <ele>2325.0</ele>
        <time>2026-08-07T10:28:33Z</time>
      </trkpt>
      <trkpt lat="44.311743" lon="6.930521">
        <ele>2325.2</ele>
        <time>2026-08-07T10:28:34Z</time>
      </trkpt>
      <trkpt lat="44.311758" lon="6.930507">
        <ele>2326.4</ele>
        <time>2026-08-07T10:28:39Z</time>
      </trkpt>
      <trkpt lat="44.311808" lon="6.930562">
        <ele>2327.4</ele>
        <time>2026-08-07T10:28:45Z</time>
      </trkpt>
      <trkpt lat="44.311821" lon="6.930578">
        <ele>2328.0</ele>
        <time>2026-08-07T10:28:47Z</time>
      </trkpt>
      <trkpt lat="44.311843" lon="6.930595">
        <ele>2328.6</ele>
        <time>2026-08-07T10:28:51Z</time>
      </trkpt>
      <trkpt lat="44.311864" lon="6.930608">
        <ele>2329.2</ele>
        <time>2026-08-07T10:28:55Z</time>
      </trkpt>
      <trkpt lat="44.311878" lon="6.93065">
        <ele>2329.6</ele>
        <time>2026-08-07T10:28:58Z</time>
      </trkpt>
      <trkpt lat="44.311883" lon="6.930721">
        <ele>2330.2</ele>
        <time>2026-08-07T10:29:02Z</time>
      </trkpt>
      <trkpt lat="44.311889" lon="6.930782">
        <ele>2330.8</ele>
        <time>2026-08-07T10:29:07Z</time>
      </trkpt>
      <trkpt lat="44.31191" lon="6.93079">
        <ele>2331.0</ele>
        <time>2026-08-07T10:29:10Z</time>
      </trkpt>
      <trkpt lat="44.311973" lon="6.930804">
        <ele>2330.8</ele>
        <time>2026-08-07T10:29:17Z</time>
      </trkpt>
      <trkpt lat="44.312016" lon="6.930829">
        <ele>2329.4</ele>
        <time>2026-08-07T10:29:23Z</time>
      </trkpt>
      <trkpt lat="44.312029" lon="6.930853">
        <ele>2328.4</ele>
        <time>2026-08-07T10:29:27Z</time>
      </trkpt>
      <trkpt lat="44.312033" lon="6.930862">
        <ele>2328.2</ele>
        <time>2026-08-07T10:29:28Z</time>
      </trkpt>
      <trkpt lat="44.31204" lon="6.930904">
        <ele>2327.2</ele>
        <time>2026-08-07T10:29:33Z</time>
      </trkpt>
      <trkpt lat="44.312053" lon="6.93094">
        <ele>2326.6</ele>
        <time>2026-08-07T10:29:36Z</time>
      </trkpt>
      <trkpt lat="44.312063" lon="6.93096">
        <ele>2326.2</ele>
        <time>2026-08-07T10:29:38Z</time>
      </trkpt>
      <trkpt lat="44.312075" lon="6.931013">
        <ele>2325.2</ele>
        <time>2026-08-07T10:29:42Z</time>
      </trkpt>
      <trkpt lat="44.312077" lon="6.931034">
        <ele>2324.6</ele>
        <time>2026-08-07T10:29:44Z</time>
      </trkpt>
      <trkpt lat="44.312082" lon="6.931053">
        <ele>2324.2</ele>
        <time>2026-08-07T10:29:46Z</time>
      </trkpt>
      <trkpt lat="44.312099" lon="6.931101">
        <ele>2323.0</ele>
        <time>2026-08-07T10:29:51Z</time>
      </trkpt>
      <trkpt lat="44.312103" lon="6.931107">
        <ele>2322.8</ele>
        <time>2026-08-07T10:29:52Z</time>
      </trkpt>
      <trkpt lat="44.312123" lon="6.931161">
        <ele>2321.8</ele>
        <time>2026-08-07T10:29:57Z</time>
      </trkpt>
      <trkpt lat="44.312119" lon="6.931199">
        <ele>2321.2</ele>
        <time>2026-08-07T10:30:00Z</time>
      </trkpt>
      <trkpt lat="44.312124" lon="6.931225">
        <ele>2320.8</ele>
        <time>2026-08-07T10:30:02Z</time>
      </trkpt>
      <trkpt lat="44.312137" lon="6.931295">
        <ele>2319.8</ele>
        <time>2026-08-07T10:30:07Z</time>
      </trkpt>
      <trkpt lat="44.31214" lon="6.931308">
        <ele>2319.6</ele>
        <time>2026-08-07T10:30:08Z</time>
      </trkpt>
      <trkpt lat="44.312145" lon="6.931332">
        <ele>2318.8</ele>
        <time>2026-08-07T10:30:12Z</time>
      </trkpt>
      <trkpt lat="44.31215" lon="6.931383">
        <ele>2318.0</ele>
        <time>2026-08-07T10:30:15Z</time>
      </trkpt>
      <trkpt lat="44.312153" lon="6.931398">
        <ele>2317.6</ele>
        <time>2026-08-07T10:30:16Z</time>
      </trkpt>
      <trkpt lat="44.312165" lon="6.931448">
        <ele>2316.4</ele>
        <time>2026-08-07T10:30:20Z</time>
      </trkpt>
      <trkpt lat="44.312172" lon="6.931473">
        <ele>2316.0</ele>
        <time>2026-08-07T10:30:22Z</time>
      </trkpt>
      <trkpt lat="44.312185" lon="6.931506">
        <ele>2315.4</ele>
        <time>2026-08-07T10:30:25Z</time>
      </trkpt>
      <trkpt lat="44.312206" lon="6.931578">
        <ele>2314.4</ele>
        <time>2026-08-07T10:30:31Z</time>
      </trkpt>
      <trkpt lat="44.312209" lon="6.931585">
        <ele>2314.4</ele>
        <time>2026-08-07T10:30:32Z</time>
      </trkpt>
      <trkpt lat="44.31223" lon="6.931649">
        <ele>2314.2</ele>
        <time>2026-08-07T10:30:38Z</time>
      </trkpt>
      <trkpt lat="44.312259" lon="6.931809">
        <ele>2314.4</ele>
        <time>2026-08-07T10:30:47Z</time>
      </trkpt>
      <trkpt lat="44.312259" lon="6.931894">
        <ele>2314.6</ele>
        <time>2026-08-07T10:30:53Z</time>
      </trkpt>
      <trkpt lat="44.312262" lon="6.931896">
        <ele>2314.6</ele>
        <time>2026-08-07T10:30:54Z</time>
      </trkpt>
      <trkpt lat="44.312263" lon="6.931894">
        <ele>2315.4</ele>
        <time>2026-08-07T10:30:57Z</time>
      </trkpt>
      <trkpt lat="44.31226" lon="6.931929">
        <ele>2316.2</ele>
        <time>2026-08-07T10:31:01Z</time>
      </trkpt>
      <trkpt lat="44.31223" lon="6.932">
        <ele>2315.4</ele>
        <time>2026-08-07T10:31:09Z</time>
      </trkpt>
      <trkpt lat="44.312216" lon="6.932044">
        <ele>2314.2</ele>
        <time>2026-08-07T10:31:15Z</time>
      </trkpt>
      <trkpt lat="44.312202" lon="6.932082">
        <ele>2313.8</ele>
        <time>2026-08-07T10:31:18Z</time>
      </trkpt>
      <trkpt lat="44.312147" lon="6.932165">
        <ele>2314.4</ele>
        <time>2026-08-07T10:31:27Z</time>
      </trkpt>
      <trkpt lat="44.312085" lon="6.932279">
        <ele>2314.0</ele>
        <time>2026-08-07T10:31:37Z</time>
      </trkpt>
      <trkpt lat="44.312071" lon="6.932301">
        <ele>2314.2</ele>
        <time>2026-08-07T10:31:39Z</time>
      </trkpt>
      <trkpt lat="44.312009" lon="6.932415">
        <ele>2313.6</ele>
        <time>2026-08-07T10:31:48Z</time>
      </trkpt>
      <trkpt lat="44.311992" lon="6.93245">
        <ele>2313.4</ele>
        <time>2026-08-07T10:31:51Z</time>
      </trkpt>
      <trkpt lat="44.311982" lon="6.932497">
        <ele>2313.6</ele>
        <time>2026-08-07T10:31:56Z</time>
      </trkpt>
      <trkpt lat="44.311971" lon="6.932567">
        <ele>2313.2</ele>
        <time>2026-08-07T10:32:01Z</time>
      </trkpt>
      <trkpt lat="44.311969" lon="6.932597">
        <ele>2313.2</ele>
        <time>2026-08-07T10:32:03Z</time>
      </trkpt>
      <trkpt lat="44.31192" lon="6.932749">
        <ele>2313.6</ele>
        <time>2026-08-07T10:32:13Z</time>
      </trkpt>
      <trkpt lat="44.311883" lon="6.932899">
        <ele>2313.8</ele>
        <time>2026-08-07T10:32:23Z</time>
      </trkpt>
      <trkpt lat="44.311877" lon="6.932963">
        <ele>2314.4</ele>
        <time>2026-08-07T10:32:27Z</time>
      </trkpt>
      <trkpt lat="44.311863" lon="6.933034">
        <ele>2314.8</ele>
        <time>2026-08-07T10:32:31Z</time>
      </trkpt>
      <trkpt lat="44.311824" lon="6.933146">
        <ele>2315.2</ele>
        <time>2026-08-07T10:32:39Z</time>
      </trkpt>
      <trkpt lat="44.311807" lon="6.933224">
        <ele>2315.4</ele>
        <time>2026-08-07T10:32:44Z</time>
      </trkpt>
      <trkpt lat="44.311806" lon="6.933262">
        <ele>2315.8</ele>
        <time>2026-08-07T10:32:47Z</time>
      </trkpt>
      <trkpt lat="44.31181" lon="6.933348">
        <ele>2315.8</ele>
        <time>2026-08-07T10:32:52Z</time>
      </trkpt>
      <trkpt lat="44.311811" lon="6.933366">
        <ele>2315.8</ele>
        <time>2026-08-07T10:32:53Z</time>
      </trkpt>
      <trkpt lat="44.311828" lon="6.933502">
        <ele>2316.4</ele>
        <time>2026-08-07T10:33:02Z</time>
      </trkpt>
      <trkpt lat="44.31183" lon="6.933516">
        <ele>2316.6</ele>
        <time>2026-08-07T10:33:03Z</time>
      </trkpt>
      <trkpt lat="44.311836" lon="6.933568">
        <ele>2317.4</ele>
        <time>2026-08-07T10:33:10Z</time>
      </trkpt>
      <trkpt lat="44.311837" lon="6.933582">
        <ele>2317.6</ele>
        <time>2026-08-07T10:33:11Z</time>
      </trkpt>
      <trkpt lat="44.311856" lon="6.933655">
        <ele>2318.6</ele>
        <time>2026-08-07T10:33:18Z</time>
      </trkpt>
      <trkpt lat="44.311854" lon="6.933669">
        <ele>2319.0</ele>
        <time>2026-08-07T10:33:20Z</time>
      </trkpt>
      <trkpt lat="44.311866" lon="6.933713">
        <ele>2319.6</ele>
        <time>2026-08-07T10:33:26Z</time>
      </trkpt>
      <trkpt lat="44.311876" lon="6.933744">
        <ele>2320.0</ele>
        <time>2026-08-07T10:33:29Z</time>
      </trkpt>
      <trkpt lat="44.311902" lon="6.93383">
        <ele>2320.8</ele>
        <time>2026-08-07T10:33:38Z</time>
      </trkpt>
      <trkpt lat="44.311909" lon="6.933843">
        <ele>2321.0</ele>
        <time>2026-08-07T10:33:39Z</time>
      </trkpt>
      <trkpt lat="44.311949" lon="6.933891">
        <ele>2321.8</ele>
        <time>2026-08-07T10:33:44Z</time>
      </trkpt>
      <trkpt lat="44.311963" lon="6.933915">
        <ele>2322.6</ele>
        <time>2026-08-07T10:33:48Z</time>
      </trkpt>
      <trkpt lat="44.311962" lon="6.933916">
        <ele>2323.0</ele>
        <time>2026-08-07T10:33:50Z</time>
      </trkpt>
      <trkpt lat="44.311962" lon="6.933946">
        <ele>2324.0</ele>
        <time>2026-08-07T10:33:55Z</time>
      </trkpt>
      <trkpt lat="44.311961" lon="6.933948">
        <ele>2324.2</ele>
        <time>2026-08-07T10:33:56Z</time>
      </trkpt>
      <trkpt lat="44.311939" lon="6.933955">
        <ele>2325.2</ele>
        <time>2026-08-07T10:34:01Z</time>
      </trkpt>
      <trkpt lat="44.311938" lon="6.933962">
        <ele>2325.4</ele>
        <time>2026-08-07T10:34:02Z</time>
      </trkpt>
      <trkpt lat="44.31194" lon="6.933984">
        <ele>2326.0</ele>
        <time>2026-08-07T10:34:05Z</time>
      </trkpt>
      <trkpt lat="44.311943" lon="6.934005">
        <ele>2326.4</ele>
        <time>2026-08-07T10:34:07Z</time>
      </trkpt>
      <trkpt lat="44.311949" lon="6.934022">
        <ele>2326.8</ele>
        <time>2026-08-07T10:34:09Z</time>
      </trkpt>
      <trkpt lat="44.311951" lon="6.934033">
        <ele>2327.4</ele>
        <time>2026-08-07T10:34:12Z</time>
      </trkpt>
      <trkpt lat="44.311945" lon="6.934057">
        <ele>2328.0</ele>
        <time>2026-08-07T10:34:16Z</time>
      </trkpt>
      <trkpt lat="44.311942" lon="6.934063">
        <ele>2328.6</ele>
        <time>2026-08-07T10:34:18Z</time>
      </trkpt>
      <trkpt lat="44.311955" lon="6.9341">
        <ele>2329.8</ele>
        <time>2026-08-07T10:34:25Z</time>
      </trkpt>
      <trkpt lat="44.311954" lon="6.934217">
        <ele>2330.0</ele>
        <time>2026-08-07T10:34:35Z</time>
      </trkpt>
      <trkpt lat="44.311956" lon="6.934285">
        <ele>2330.6</ele>
        <time>2026-08-07T10:34:40Z</time>
      </trkpt>
      <trkpt lat="44.311957" lon="6.934296">
        <ele>2330.8</ele>
        <time>2026-08-07T10:34:41Z</time>
      </trkpt>
      <trkpt lat="44.311953" lon="6.934348">
        <ele>2331.2</ele>
        <time>2026-08-07T10:34:45Z</time>
      </trkpt>
      <trkpt lat="44.311945" lon="6.934382">
        <ele>2331.8</ele>
        <time>2026-08-07T10:34:49Z</time>
      </trkpt>
      <trkpt lat="44.311939" lon="6.934409">
        <ele>2332.6</ele>
        <time>2026-08-07T10:34:52Z</time>
      </trkpt>
      <trkpt lat="44.311937" lon="6.934419">
        <ele>2333.0</ele>
        <time>2026-08-07T10:34:55Z</time>
      </trkpt>
      <trkpt lat="44.31196" lon="6.93447">
        <ele>2333.6</ele>
        <time>2026-08-07T10:35:02Z</time>
      </trkpt>
      <trkpt lat="44.311964" lon="6.934497">
        <ele>2334.0</ele>
        <time>2026-08-07T10:35:05Z</time>
      </trkpt>
      <trkpt lat="44.311956" lon="6.93455">
        <ele>2333.8</ele>
        <time>2026-08-07T10:35:10Z</time>
      </trkpt>
      <trkpt lat="44.311954" lon="6.934605">
        <ele>2333.0</ele>
        <time>2026-08-07T10:35:15Z</time>
      </trkpt>
      <trkpt lat="44.311952" lon="6.93463">
        <ele>2332.2</ele>
        <time>2026-08-07T10:35:18Z</time>
      </trkpt>
      <trkpt lat="44.311955" lon="6.934646">
        <ele>2331.8</ele>
        <time>2026-08-07T10:35:20Z</time>
      </trkpt>
      <trkpt lat="44.311971" lon="6.934687">
        <ele>2330.6</ele>
        <time>2026-08-07T10:35:25Z</time>
      </trkpt>
      <trkpt lat="44.311981" lon="6.934712">
        <ele>2330.4</ele>
        <time>2026-08-07T10:35:27Z</time>
      </trkpt>
      <trkpt lat="44.312007" lon="6.934788">
        <ele>2330.6</ele>
        <time>2026-08-07T10:35:35Z</time>
      </trkpt>
      <trkpt lat="44.31204" lon="6.934855">
        <ele>2330.6</ele>
        <time>2026-08-07T10:35:42Z</time>
      </trkpt>
      <trkpt lat="44.312103" lon="6.934927">
        <ele>2331.0</ele>
        <time>2026-08-07T10:35:49Z</time>
      </trkpt>
      <trkpt lat="44.312159" lon="6.934939">
        <ele>2331.4</ele>
        <time>2026-08-07T10:35:56Z</time>
      </trkpt>
      <trkpt lat="44.312236" lon="6.935011">
        <ele>2331.0</ele>
        <time>2026-08-07T10:36:04Z</time>
      </trkpt>
      <trkpt lat="44.312315" lon="6.935097">
        <ele>2331.6</ele>
        <time>2026-08-07T10:36:13Z</time>
      </trkpt>
      <trkpt lat="44.312336" lon="6.935196">
        <ele>2331.4</ele>
        <time>2026-08-07T10:36:20Z</time>
      </trkpt>
      <trkpt lat="44.312393" lon="6.935232">
        <ele>2330.8</ele>
        <time>2026-08-07T10:36:27Z</time>
      </trkpt>
      <trkpt lat="44.312458" lon="6.935263">
        <ele>2330.8</ele>
        <time>2026-08-07T10:36:36Z</time>
      </trkpt>
      <trkpt lat="44.312545" lon="6.935262">
        <ele>2331.4</ele>
        <time>2026-08-07T10:36:45Z</time>
      </trkpt>
      <trkpt lat="44.312632" lon="6.935299">
        <ele>2331.8</ele>
        <time>2026-08-07T10:36:54Z</time>
      </trkpt>
      <trkpt lat="44.312647" lon="6.93531">
        <ele>2332.0</ele>
        <time>2026-08-07T10:36:56Z</time>
      </trkpt>
      <trkpt lat="44.312709" lon="6.935339">
        <ele>2332.4</ele>
        <time>2026-08-07T10:37:03Z</time>
      </trkpt>
      <trkpt lat="44.312761" lon="6.935353">
        <ele>2331.8</ele>
        <time>2026-08-07T10:37:10Z</time>
      </trkpt>
      <trkpt lat="44.312822" lon="6.93533">
        <ele>2332.6</ele>
        <time>2026-08-07T10:37:18Z</time>
      </trkpt>
      <trkpt lat="44.312859" lon="6.935317">
        <ele>2332.8</ele>
        <time>2026-08-07T10:37:22Z</time>
      </trkpt>
      <trkpt lat="44.312908" lon="6.935306">
        <ele>2332.8</ele>
        <time>2026-08-07T10:37:28Z</time>
      </trkpt>
      <trkpt lat="44.312987" lon="6.935285">
        <ele>2332.6</ele>
        <time>2026-08-07T10:37:36Z</time>
      </trkpt>
      <trkpt lat="44.313043" lon="6.93528">
        <ele>2332.6</ele>
        <time>2026-08-07T10:37:44Z</time>
      </trkpt>
      <trkpt lat="44.313126" lon="6.93525">
        <ele>2332.8</ele>
        <time>2026-08-07T10:37:51Z</time>
      </trkpt>
      <trkpt lat="44.313221" lon="6.935283">
        <ele>2332.8</ele>
        <time>2026-08-07T10:38:00Z</time>
      </trkpt>
      <trkpt lat="44.313291" lon="6.935335">
        <ele>2333.4</ele>
        <time>2026-08-07T10:38:08Z</time>
      </trkpt>
      <trkpt lat="44.313325" lon="6.935359">
        <ele>2334.0</ele>
        <time>2026-08-07T10:38:11Z</time>
      </trkpt>
      <trkpt lat="44.31335" lon="6.935388">
        <ele>2335.2</ele>
        <time>2026-08-07T10:38:16Z</time>
      </trkpt>
      <trkpt lat="44.313354" lon="6.935386">
        <ele>2335.4</ele>
        <time>2026-08-07T10:38:17Z</time>
      </trkpt>
      <trkpt lat="44.313387" lon="6.935382">
        <ele>2336.4</ele>
        <time>2026-08-07T10:38:21Z</time>
      </trkpt>
      <trkpt lat="44.313417" lon="6.935345">
        <ele>2337.2</ele>
        <time>2026-08-07T10:38:26Z</time>
      </trkpt>
      <trkpt lat="44.313426" lon="6.935341">
        <ele>2337.4</ele>
        <time>2026-08-07T10:38:27Z</time>
      </trkpt>
      <trkpt lat="44.313472" lon="6.935313">
        <ele>2337.6</ele>
        <time>2026-08-07T10:38:31Z</time>
      </trkpt>
      <trkpt lat="44.313497" lon="6.935298">
        <ele>2337.6</ele>
        <time>2026-08-07T10:38:34Z</time>
      </trkpt>
      <trkpt lat="44.313591" lon="6.93522">
        <ele>2337.6</ele>
        <time>2026-08-07T10:38:43Z</time>
      </trkpt>
      <trkpt lat="44.313626" lon="6.935164">
        <ele>2338.2</ele>
        <time>2026-08-07T10:38:50Z</time>
      </trkpt>
      <trkpt lat="44.313665" lon="6.935111">
        <ele>2338.0</ele>
        <time>2026-08-07T10:38:57Z</time>
      </trkpt>
      <trkpt lat="44.313651" lon="6.935105">
        <ele>2338.0</ele>
        <time>2026-08-07T10:39:04Z</time>
      </trkpt>
      <trkpt lat="44.313649" lon="6.935075">
        <ele>2337.4</ele>
        <time>2026-08-07T10:39:09Z</time>
      </trkpt>
      <trkpt lat="44.31365" lon="6.935018">
        <ele>2337.2</ele>
        <time>2026-08-07T10:39:12Z</time>
      </trkpt>
      <trkpt lat="44.313699" lon="6.934911">
        <ele>2336.8</ele>
        <time>2026-08-07T10:39:21Z</time>
      </trkpt>
      <trkpt lat="44.313718" lon="6.934844">
        <ele>2336.8</ele>
        <time>2026-08-07T10:39:27Z</time>
      </trkpt>
      <trkpt lat="44.313712" lon="6.934835">
        <ele>2336.4</ele>
        <time>2026-08-07T10:39:32Z</time>
      </trkpt>
      <trkpt lat="44.313716" lon="6.934826">
        <ele>2336.2</ele>
        <time>2026-08-07T10:39:36Z</time>
      </trkpt>
      <trkpt lat="44.313737" lon="6.934764">
        <ele>2335.6</ele>
        <time>2026-08-07T10:39:44Z</time>
      </trkpt>
      <trkpt lat="44.313719" lon="6.934742">
        <ele>2336.0</ele>
        <time>2026-08-07T10:39:50Z</time>
      </trkpt>
      <trkpt lat="44.313716" lon="6.934702">
        <ele>2337.2</ele>
        <time>2026-08-07T10:39:55Z</time>
      </trkpt>
      <trkpt lat="44.313721" lon="6.934702">
        <ele>2337.8</ele>
        <time>2026-08-07T10:39:56Z</time>
      </trkpt>
      <trkpt lat="44.313726" lon="6.934696">
        <ele>2338.2</ele>
        <time>2026-08-07T10:39:57Z</time>
      </trkpt>
      <trkpt lat="44.31374" lon="6.934691">
        <ele>2338.8</ele>
        <time>2026-08-07T10:39:59Z</time>
      </trkpt>
      <trkpt lat="44.313803" lon="6.934669">
        <ele>2339.8</ele>
        <time>2026-08-07T10:40:05Z</time>
      </trkpt>
      <trkpt lat="44.313847" lon="6.93454">
        <ele>2340.0</ele>
        <time>2026-08-07T10:40:13Z</time>
      </trkpt>
      <trkpt lat="44.313853" lon="6.934484">
        <ele>2340.6</ele>
        <time>2026-08-07T10:40:17Z</time>
      </trkpt>
      <trkpt lat="44.313858" lon="6.93446">
        <ele>2341.0</ele>
        <time>2026-08-07T10:40:19Z</time>
      </trkpt>
      <trkpt lat="44.313861" lon="6.934451">
        <ele>2341.0</ele>
        <time>2026-08-07T10:40:20Z</time>
      </trkpt>
      <trkpt lat="44.31388" lon="6.934425">
        <ele>2342.0</ele>
        <time>2026-08-07T10:40:24Z</time>
      </trkpt>
      <trkpt lat="44.313906" lon="6.934399">
        <ele>2342.6</ele>
        <time>2026-08-07T10:40:28Z</time>
      </trkpt>
      <trkpt lat="44.313938" lon="6.934394">
        <ele>2343.0</ele>
        <time>2026-08-07T10:40:31Z</time>
      </trkpt>
      <trkpt lat="44.313972" lon="6.934368">
        <ele>2342.6</ele>
        <time>2026-08-07T10:40:34Z</time>
      </trkpt>
      <trkpt lat="44.314037" lon="6.934314">
        <ele>2342.2</ele>
        <time>2026-08-07T10:40:41Z</time>
      </trkpt>
      <trkpt lat="44.31405" lon="6.934309">
        <ele>2341.8</ele>
        <time>2026-08-07T10:40:42Z</time>
      </trkpt>
      <trkpt lat="44.314089" lon="6.934302">
        <ele>2340.6</ele>
        <time>2026-08-07T10:40:46Z</time>
      </trkpt>
      <trkpt lat="44.314122" lon="6.9343">
        <ele>2339.6</ele>
        <time>2026-08-07T10:40:49Z</time>
      </trkpt>
      <trkpt lat="44.314163" lon="6.934289">
        <ele>2338.4</ele>
        <time>2026-08-07T10:40:55Z</time>
      </trkpt>
      <trkpt lat="44.314217" lon="6.934271">
        <ele>2337.4</ele>
        <time>2026-08-07T10:40:59Z</time>
      </trkpt>
      <trkpt lat="44.314313" lon="6.934253">
        <ele>2336.6</ele>
        <time>2026-08-07T10:41:06Z</time>
      </trkpt>
      <trkpt lat="44.314328" lon="6.934253">
        <ele>2336.6</ele>
        <time>2026-08-07T10:41:07Z</time>
      </trkpt>
      <trkpt lat="44.314378" lon="6.934255">
        <ele>2336.4</ele>
        <time>2026-08-07T10:41:10Z</time>
      </trkpt>
      <trkpt lat="44.314407" lon="6.934258">
        <ele>2336.4</ele>
        <time>2026-08-07T10:41:12Z</time>
      </trkpt>
      <trkpt lat="44.31447" lon="6.934283">
        <ele>2335.8</ele>
        <time>2026-08-07T10:41:17Z</time>
      </trkpt>
      <trkpt lat="44.314495" lon="6.934335">
        <ele>2335.6</ele>
        <time>2026-08-07T10:41:23Z</time>
      </trkpt>
      <trkpt lat="44.314495" lon="6.934372">
        <ele>2335.2</ele>
        <time>2026-08-07T10:41:26Z</time>
      </trkpt>
      <trkpt lat="44.314515" lon="6.934389">
        <ele>2335.0</ele>
        <time>2026-08-07T10:41:28Z</time>
      </trkpt>
      <trkpt lat="44.314536" lon="6.934404">
        <ele>2334.8</ele>
        <time>2026-08-07T10:41:30Z</time>
      </trkpt>
      <trkpt lat="44.314608" lon="6.934474">
        <ele>2334.8</ele>
        <time>2026-08-07T10:41:37Z</time>
      </trkpt>
      <trkpt lat="44.31468" lon="6.934526">
        <ele>2334.8</ele>
        <time>2026-08-07T10:41:44Z</time>
      </trkpt>
      <trkpt lat="44.314774" lon="6.934551">
        <ele>2334.6</ele>
        <time>2026-08-07T10:41:53Z</time>
      </trkpt>
      <trkpt lat="44.31485" lon="6.934575">
        <ele>2334.4</ele>
        <time>2026-08-07T10:42:01Z</time>
      </trkpt>
      <trkpt lat="44.314928" lon="6.934596">
        <ele>2334.8</ele>
        <time>2026-08-07T10:42:09Z</time>
      </trkpt>
      <trkpt lat="44.315008" lon="6.9346">
        <ele>2335.2</ele>
        <time>2026-08-07T10:42:18Z</time>
      </trkpt>
      <trkpt lat="44.315043" lon="6.934702">
        <ele>2335.8</ele>
        <time>2026-08-07T10:42:25Z</time>
      </trkpt>
      <trkpt lat="44.315102" lon="6.934795">
        <ele>2335.4</ele>
        <time>2026-08-07T10:42:33Z</time>
      </trkpt>
      <trkpt lat="44.315139" lon="6.934886">
        <ele>2335.2</ele>
        <time>2026-08-07T10:42:39Z</time>
      </trkpt>
      <trkpt lat="44.315144" lon="6.934918">
        <ele>2335.0</ele>
        <time>2026-08-07T10:42:41Z</time>
      </trkpt>
      <trkpt lat="44.315167" lon="6.935078">
        <ele>2334.8</ele>
        <time>2026-08-07T10:42:49Z</time>
      </trkpt>
      <trkpt lat="44.31516" lon="6.935213">
        <ele>2335.0</ele>
        <time>2026-08-07T10:42:57Z</time>
      </trkpt>
      <trkpt lat="44.315182" lon="6.935288">
        <ele>2335.0</ele>
        <time>2026-08-07T10:43:02Z</time>
      </trkpt>
      <trkpt lat="44.315213" lon="6.935335">
        <ele>2335.4</ele>
        <time>2026-08-07T10:43:06Z</time>
      </trkpt>
      <trkpt lat="44.315282" lon="6.935419">
        <ele>2334.2</ele>
        <time>2026-08-07T10:43:14Z</time>
      </trkpt>
      <trkpt lat="44.315351" lon="6.935512">
        <ele>2334.0</ele>
        <time>2026-08-07T10:43:21Z</time>
      </trkpt>
      <trkpt lat="44.315418" lon="6.935623">
        <ele>2333.6</ele>
        <time>2026-08-07T10:43:29Z</time>
      </trkpt>
      <trkpt lat="44.315425" lon="6.935635">
        <ele>2333.4</ele>
        <time>2026-08-07T10:43:30Z</time>
      </trkpt>
      <trkpt lat="44.315473" lon="6.935712">
        <ele>2333.8</ele>
        <time>2026-08-07T10:43:37Z</time>
      </trkpt>
      <trkpt lat="44.315534" lon="6.935776">
        <ele>2335.4</ele>
        <time>2026-08-07T10:43:46Z</time>
      </trkpt>
      <trkpt lat="44.315625" lon="6.935834">
        <ele>2335.6</ele>
        <time>2026-08-07T10:43:54Z</time>
      </trkpt>
      <trkpt lat="44.315687" lon="6.935876">
        <ele>2336.2</ele>
        <time>2026-08-07T10:44:00Z</time>
      </trkpt>
      <trkpt lat="44.315709" lon="6.935909">
        <ele>2336.2</ele>
        <time>2026-08-07T10:44:03Z</time>
      </trkpt>
      <trkpt lat="44.315757" lon="6.935988">
        <ele>2335.8</ele>
        <time>2026-08-07T10:44:10Z</time>
      </trkpt>
      <trkpt lat="44.315803" lon="6.936038">
        <ele>2335.8</ele>
        <time>2026-08-07T10:44:16Z</time>
      </trkpt>
      <trkpt lat="44.315808" lon="6.936047">
        <ele>2335.8</ele>
        <time>2026-08-07T10:44:17Z</time>
      </trkpt>
      <trkpt lat="44.315886" lon="6.936107">
        <ele>2335.4</ele>
        <time>2026-08-07T10:44:25Z</time>
      </trkpt>
      <trkpt lat="44.315933" lon="6.93617">
        <ele>2336.4</ele>
        <time>2026-08-07T10:44:31Z</time>
      </trkpt>
      <trkpt lat="44.315948" lon="6.936193">
        <ele>2336.6</ele>
        <time>2026-08-07T10:44:33Z</time>
      </trkpt>
      <trkpt lat="44.315987" lon="6.936237">
        <ele>2335.4</ele>
        <time>2026-08-07T10:44:38Z</time>
      </trkpt>
      <trkpt lat="44.315995" lon="6.936247">
        <ele>2335.2</ele>
        <time>2026-08-07T10:44:39Z</time>
      </trkpt>
      <trkpt lat="44.31605" lon="6.936293">
        <ele>2335.0</ele>
        <time>2026-08-07T10:44:44Z</time>
      </trkpt>
      <trkpt lat="44.316093" lon="6.936325">
        <ele>2335.0</ele>
        <time>2026-08-07T10:44:48Z</time>
      </trkpt>
      <trkpt lat="44.316181" lon="6.936465">
        <ele>2335.4</ele>
        <time>2026-08-07T10:44:58Z</time>
      </trkpt>
      <trkpt lat="44.316181" lon="6.936497">
        <ele>2335.4</ele>
        <time>2026-08-07T10:45:04Z</time>
      </trkpt>
      <trkpt lat="44.316198" lon="6.936548">
        <ele>2334.6</ele>
        <time>2026-08-07T10:45:14Z</time>
      </trkpt>
      <trkpt lat="44.316231" lon="6.936616">
        <ele>2334.8</ele>
        <time>2026-08-07T10:45:21Z</time>
      </trkpt>
      <trkpt lat="44.316272" lon="6.936707">
        <ele>2334.4</ele>
        <time>2026-08-07T10:45:26Z</time>
      </trkpt>
      <trkpt lat="44.316284" lon="6.93673">
        <ele>2334.4</ele>
        <time>2026-08-07T10:45:28Z</time>
      </trkpt>
      <trkpt lat="44.316316" lon="6.936814">
        <ele>2334.4</ele>
        <time>2026-08-07T10:45:34Z</time>
      </trkpt>
      <trkpt lat="44.316346" lon="6.936908">
        <ele>2334.4</ele>
        <time>2026-08-07T10:45:41Z</time>
      </trkpt>
      <trkpt lat="44.316378" lon="6.937004">
        <ele>2334.0</ele>
        <time>2026-08-07T10:45:47Z</time>
      </trkpt>
      <trkpt lat="44.316407" lon="6.937123">
        <ele>2334.4</ele>
        <time>2026-08-07T10:45:56Z</time>
      </trkpt>
      <trkpt lat="44.316428" lon="6.937173">
        <ele>2334.4</ele>
        <time>2026-08-07T10:46:00Z</time>
      </trkpt>
      <trkpt lat="44.316458" lon="6.937238">
        <ele>2334.4</ele>
        <time>2026-08-07T10:46:04Z</time>
      </trkpt>
      <trkpt lat="44.316497" lon="6.937326">
        <ele>2335.0</ele>
        <time>2026-08-07T10:46:12Z</time>
      </trkpt>
      <trkpt lat="44.316521" lon="6.937442">
        <ele>2335.0</ele>
        <time>2026-08-07T10:46:19Z</time>
      </trkpt>
      <trkpt lat="44.316515" lon="6.937524">
        <ele>2335.4</ele>
        <time>2026-08-07T10:46:26Z</time>
      </trkpt>
      <trkpt lat="44.316519" lon="6.937595">
        <ele>2335.0</ele>
        <time>2026-08-07T10:46:35Z</time>
      </trkpt>
      <trkpt lat="44.316509" lon="6.937688">
        <ele>2335.0</ele>
        <time>2026-08-07T10:46:41Z</time>
      </trkpt>
      <trkpt lat="44.316461" lon="6.937768">
        <ele>2334.8</ele>
        <time>2026-08-07T10:46:48Z</time>
      </trkpt>
      <trkpt lat="44.316467" lon="6.937763">
        <ele>2334.2</ele>
        <time>2026-08-07T10:46:55Z</time>
      </trkpt>
      <trkpt lat="44.316468" lon="6.937766">
        <ele>2335.2</ele>
        <time>2026-08-07T10:47:03Z</time>
      </trkpt>
      <trkpt lat="44.316464" lon="6.937768">
        <ele>2335.6</ele>
        <time>2026-08-07T10:47:05Z</time>
      </trkpt>
      <trkpt lat="44.316475" lon="6.937785">
        <ele>2335.2</ele>
        <time>2026-08-07T10:47:10Z</time>
      </trkpt>
      <trkpt lat="44.316478" lon="6.937759">
        <ele>2334.6</ele>
        <time>2026-08-07T10:47:20Z</time>
      </trkpt>
      <trkpt lat="44.316491" lon="6.937757">
        <ele>2334.4</ele>
        <time>2026-08-07T10:47:25Z</time>
      </trkpt>
      <trkpt lat="44.316488" lon="6.937742">
        <ele>2334.6</ele>
        <time>2026-08-07T10:47:29Z</time>
      </trkpt>
      <trkpt lat="44.316465" lon="6.937729">
        <ele>2334.8</ele>
        <time>2026-08-07T10:47:36Z</time>
      </trkpt>
      <trkpt lat="44.316464" lon="6.937724">
        <ele>2335.2</ele>
        <time>2026-08-07T10:47:38Z</time>
      </trkpt>
      <trkpt lat="44.316481" lon="6.937715">
        <ele>2335.6</ele>
        <time>2026-08-07T10:47:48Z</time>
      </trkpt>
      <trkpt lat="44.31646" lon="6.937749">
        <ele>2335.6</ele>
        <time>2026-08-07T10:47:58Z</time>
      </trkpt>
      <trkpt lat="44.316455" lon="6.937783">
        <ele>2335.4</ele>
        <time>2026-08-07T10:48:07Z</time>
      </trkpt>
      <trkpt lat="44.316472" lon="6.937757">
        <ele>2336.2</ele>
        <time>2026-08-07T10:48:15Z</time>
      </trkpt>
      <trkpt lat="44.316473" lon="6.937749">
        <ele>2336.6</ele>
        <time>2026-08-07T10:48:17Z</time>
      </trkpt>
      <trkpt lat="44.316477" lon="6.937763">
        <ele>2335.8</ele>
        <time>2026-08-07T10:48:22Z</time>
      </trkpt>
      <trkpt lat="44.316479" lon="6.937778">
        <ele>2335.8</ele>
        <time>2026-08-07T10:48:30Z</time>
      </trkpt>
      <trkpt lat="44.316465" lon="6.937732">
        <ele>2336.2</ele>
        <time>2026-08-07T10:48:39Z</time>
      </trkpt>
      <trkpt lat="44.316467" lon="6.937761">
        <ele>2335.8</ele>
        <time>2026-08-07T10:48:47Z</time>
      </trkpt>
      <trkpt lat="44.316461" lon="6.937759">
        <ele>2335.8</ele>
        <time>2026-08-07T10:48:55Z</time>
      </trkpt>
      <trkpt lat="44.316472" lon="6.937766">
        <ele>2336.2</ele>
        <time>2026-08-07T10:49:03Z</time>
      </trkpt>
      <trkpt lat="44.316471" lon="6.937762">
        <ele>2336.6</ele>
        <time>2026-08-07T10:49:14Z</time>
      </trkpt>
      <trkpt lat="44.316468" lon="6.937746">
        <ele>2336.6</ele>
        <time>2026-08-07T10:49:18Z</time>
      </trkpt>
      <trkpt lat="44.316463" lon="6.937731">
        <ele>2336.8</ele>
        <time>2026-08-07T10:49:20Z</time>
      </trkpt>
      <trkpt lat="44.316461" lon="6.937716">
        <ele>2336.4</ele>
        <time>2026-08-07T10:49:23Z</time>
      </trkpt>
      <trkpt lat="44.316465" lon="6.937717">
        <ele>2336.2</ele>
        <time>2026-08-07T10:49:30Z</time>
      </trkpt>
      <trkpt lat="44.316465" lon="6.937723">
        <ele>2336.2</ele>
        <time>2026-08-07T10:49:31Z</time>
      </trkpt>
      <trkpt lat="44.316483" lon="6.937747">
        <ele>2335.8</ele>
        <time>2026-08-07T10:49:42Z</time>
      </trkpt>
      <trkpt lat="44.316467" lon="6.937748">
        <ele>2335.8</ele>
        <time>2026-08-07T10:49:50Z</time>
      </trkpt>
      <trkpt lat="44.316493" lon="6.937761">
        <ele>2335.8</ele>
        <time>2026-08-07T10:49:59Z</time>
      </trkpt>
      <trkpt lat="44.316478" lon="6.937741">
        <ele>2336.0</ele>
        <time>2026-08-07T10:50:10Z</time>
      </trkpt>
      <trkpt lat="44.316478" lon="6.937743">
        <ele>2335.4</ele>
        <time>2026-08-07T10:50:14Z</time>
      </trkpt>
      <trkpt lat="44.316469" lon="6.937739">
        <ele>2335.8</ele>
        <time>2026-08-07T10:50:20Z</time>
      </trkpt>
      <trkpt lat="44.316443" lon="6.937728">
        <ele>2335.8</ele>
        <time>2026-08-07T10:50:31Z</time>
      </trkpt>
      <trkpt lat="44.316449" lon="6.937734">
        <ele>2336.2</ele>
        <time>2026-08-07T10:50:38Z</time>
      </trkpt>
      <trkpt lat="44.31646" lon="6.937741">
        <ele>2336.2</ele>
        <time>2026-08-07T10:50:40Z</time>
      </trkpt>
      <trkpt lat="44.316466" lon="6.937746">
        <ele>2336.0</ele>
        <time>2026-08-07T10:50:50Z</time>
      </trkpt>
      <trkpt lat="44.316465" lon="6.937743">
        <ele>2336.0</ele>
        <time>2026-08-07T10:50:52Z</time>
      </trkpt>
      <trkpt lat="44.316506" lon="6.937768">
        <ele>2334.4</ele>
        <time>2026-08-07T11:12:19Z</time>
      </trkpt>
      <trkpt lat="44.316504" lon="6.937768">
        <ele>2334.4</ele>
        <time>2026-08-07T11:12:20Z</time>
      </trkpt>
      <trkpt lat="44.316526" lon="6.937767">
        <ele>2334.2</ele>
        <time>2026-08-07T11:12:23Z</time>
      </trkpt>
      <trkpt lat="44.316541" lon="6.937757">
        <ele>2334.4</ele>
        <time>2026-08-07T11:12:26Z</time>
      </trkpt>
      <trkpt lat="44.31653" lon="6.937766">
        <ele>2334.6</ele>
        <time>2026-08-07T11:12:28Z</time>
      </trkpt>
      <trkpt lat="44.316516" lon="6.937783">
        <ele>2334.6</ele>
        <time>2026-08-07T11:12:31Z</time>
      </trkpt>
      <trkpt lat="44.31652" lon="6.937782">
        <ele>2334.6</ele>
        <time>2026-08-07T11:12:32Z</time>
      </trkpt>
      <trkpt lat="44.316526" lon="6.937779">
        <ele>2334.6</ele>
        <time>2026-08-07T11:12:33Z</time>
      </trkpt>
      <trkpt lat="44.316533" lon="6.937776">
        <ele>2334.8</ele>
        <time>2026-08-07T11:12:34Z</time>
      </trkpt>
      <trkpt lat="44.316537" lon="6.937775">
        <ele>2334.8</ele>
        <time>2026-08-07T11:12:35Z</time>
      </trkpt>
      <trkpt lat="44.316567" lon="6.937773">
        <ele>2335.4</ele>
        <time>2026-08-07T11:12:39Z</time>
      </trkpt>
      <trkpt lat="44.316574" lon="6.937769">
        <ele>2335.8</ele>
        <time>2026-08-07T11:12:41Z</time>
      </trkpt>
      <trkpt lat="44.316614" lon="6.937812">
        <ele>2336.6</ele>
        <time>2026-08-07T11:12:48Z</time>
      </trkpt>
      <trkpt lat="44.316621" lon="6.93782">
        <ele>2336.8</ele>
        <time>2026-08-07T11:12:49Z</time>
      </trkpt>
      <trkpt lat="44.316663" lon="6.937869">
        <ele>2337.4</ele>
        <time>2026-08-07T11:12:54Z</time>
      </trkpt>
      <trkpt lat="44.316667" lon="6.937877">
        <ele>2337.6</ele>
        <time>2026-08-07T11:12:55Z</time>
      </trkpt>
      <trkpt lat="44.316668" lon="6.937905">
        <ele>2338.0</ele>
        <time>2026-08-07T11:12:58Z</time>
      </trkpt>
      <trkpt lat="44.316666" lon="6.938013">
        <ele>2338.6</ele>
        <time>2026-08-07T11:13:05Z</time>
      </trkpt>
      <trkpt lat="44.316665" lon="6.938025">
        <ele>2338.6</ele>
        <time>2026-08-07T11:13:06Z</time>
      </trkpt>
      <trkpt lat="44.316674" lon="6.938045">
        <ele>2339.4</ele>
        <time>2026-08-07T11:13:12Z</time>
      </trkpt>
      <trkpt lat="44.316684" lon="6.938083">
        <ele>2339.8</ele>
        <time>2026-08-07T11:13:15Z</time>
      </trkpt>
      <trkpt lat="44.316706" lon="6.938142">
        <ele>2340.0</ele>
        <time>2026-08-07T11:13:19Z</time>
      </trkpt>
      <trkpt lat="44.316755" lon="6.938243">
        <ele>2340.8</ele>
        <time>2026-08-07T11:13:27Z</time>
      </trkpt>
      <trkpt lat="44.316771" lon="6.938323">
        <ele>2341.8</ele>
        <time>2026-08-07T11:13:34Z</time>
      </trkpt>
      <trkpt lat="44.316771" lon="6.938404">
        <ele>2342.4</ele>
        <time>2026-08-07T11:13:42Z</time>
      </trkpt>
      <trkpt lat="44.316776" lon="6.938471">
        <ele>2342.8</ele>
        <time>2026-08-07T11:13:46Z</time>
      </trkpt>
      <trkpt lat="44.316793" lon="6.938528">
        <ele>2343.0</ele>
        <time>2026-08-07T11:13:49Z</time>
      </trkpt>
      <trkpt lat="44.31683" lon="6.938629">
        <ele>2343.2</ele>
        <time>2026-08-07T11:13:56Z</time>
      </trkpt>
      <trkpt lat="44.316855" lon="6.938741">
        <ele>2343.4</ele>
        <time>2026-08-07T11:14:04Z</time>
      </trkpt>
      <trkpt lat="44.316901" lon="6.93889">
        <ele>2343.6</ele>
        <time>2026-08-07T11:14:13Z</time>
      </trkpt>
      <trkpt lat="44.316917" lon="6.938921">
        <ele>2343.8</ele>
        <time>2026-08-07T11:14:15Z</time>
      </trkpt>
      <trkpt lat="44.31697" lon="6.939028">
        <ele>2343.8</ele>
        <time>2026-08-07T11:14:22Z</time>
      </trkpt>
      <trkpt lat="44.317022" lon="6.939155">
        <ele>2344.6</ele>
        <time>2026-08-07T11:14:31Z</time>
      </trkpt>
      <trkpt lat="44.317042" lon="6.939226">
        <ele>2345.0</ele>
        <time>2026-08-07T11:14:35Z</time>
      </trkpt>
      <trkpt lat="44.317053" lon="6.939283">
        <ele>2345.4</ele>
        <time>2026-08-07T11:14:38Z</time>
      </trkpt>
      <trkpt lat="44.31706" lon="6.939415">
        <ele>2345.6</ele>
        <time>2026-08-07T11:14:46Z</time>
      </trkpt>
      <trkpt lat="44.317065" lon="6.939506">
        <ele>2346.0</ele>
        <time>2026-08-07T11:14:51Z</time>
      </trkpt>
      <trkpt lat="44.317098" lon="6.939672">
        <ele>2346.2</ele>
        <time>2026-08-07T11:15:00Z</time>
      </trkpt>
      <trkpt lat="44.31713" lon="6.939739">
        <ele>2346.6</ele>
        <time>2026-08-07T11:15:06Z</time>
      </trkpt>
      <trkpt lat="44.317145" lon="6.939771">
        <ele>2346.6</ele>
        <time>2026-08-07T11:15:08Z</time>
      </trkpt>
      <trkpt lat="44.31721" lon="6.939866">
        <ele>2347.0</ele>
        <time>2026-08-07T11:15:17Z</time>
      </trkpt>
      <trkpt lat="44.317218" lon="6.939878">
        <ele>2347.0</ele>
        <time>2026-08-07T11:15:18Z</time>
      </trkpt>
      <trkpt lat="44.317255" lon="6.939962">
        <ele>2348.4</ele>
        <time>2026-08-07T11:15:25Z</time>
      </trkpt>
      <trkpt lat="44.317265" lon="6.940021">
        <ele>2349.4</ele>
        <time>2026-08-07T11:15:31Z</time>
      </trkpt>
      <trkpt lat="44.317267" lon="6.940031">
        <ele>2349.6</ele>
        <time>2026-08-07T11:15:32Z</time>
      </trkpt>
      <trkpt lat="44.317296" lon="6.940111">
        <ele>2350.6</ele>
        <time>2026-08-07T11:15:39Z</time>
      </trkpt>
      <trkpt lat="44.317302" lon="6.940122">
        <ele>2350.6</ele>
        <time>2026-08-07T11:15:40Z</time>
      </trkpt>
      <trkpt lat="44.317336" lon="6.940229">
        <ele>2351.6</ele>
        <time>2026-08-07T11:15:47Z</time>
      </trkpt>
      <trkpt lat="44.317339" lon="6.940298">
        <ele>2352.0</ele>
        <time>2026-08-07T11:15:53Z</time>
      </trkpt>
      <trkpt lat="44.317324" lon="6.940454">
        <ele>2352.6</ele>
        <time>2026-08-07T11:16:02Z</time>
      </trkpt>
      <trkpt lat="44.317324" lon="6.940478">
        <ele>2352.6</ele>
        <time>2026-08-07T11:16:03Z</time>
      </trkpt>
      <trkpt lat="44.317332" lon="6.940527">
        <ele>2353.0</ele>
        <time>2026-08-07T11:16:10Z</time>
      </trkpt>
      <trkpt lat="44.317316" lon="6.940528">
        <ele>2353.8</ele>
        <time>2026-08-07T11:16:16Z</time>
      </trkpt>
      <trkpt lat="44.317314" lon="6.940532">
        <ele>2354.0</ele>
        <time>2026-08-07T11:16:17Z</time>
      </trkpt>
      <trkpt lat="44.317302" lon="6.940596">
        <ele>2355.0</ele>
        <time>2026-08-07T11:16:22Z</time>
      </trkpt>
      <trkpt lat="44.317308" lon="6.940631">
        <ele>2355.4</ele>
        <time>2026-08-07T11:16:25Z</time>
      </trkpt>
      <trkpt lat="44.317327" lon="6.940674">
        <ele>2356.2</ele>
        <time>2026-08-07T11:16:31Z</time>
      </trkpt>
      <trkpt lat="44.317323" lon="6.940681">
        <ele>2356.6</ele>
        <time>2026-08-07T11:16:33Z</time>
      </trkpt>
      <trkpt lat="44.317314" lon="6.940701">
        <ele>2357.0</ele>
        <time>2026-08-07T11:16:36Z</time>
      </trkpt>
      <trkpt lat="44.317313" lon="6.940713">
        <ele>2357.2</ele>
        <time>2026-08-07T11:16:37Z</time>
      </trkpt>
      <trkpt lat="44.317308" lon="6.940768">
        <ele>2358.0</ele>
        <time>2026-08-07T11:16:41Z</time>
      </trkpt>
      <trkpt lat="44.317306" lon="6.940777">
        <ele>2358.4</ele>
        <time>2026-08-07T11:16:42Z</time>
      </trkpt>
      <trkpt lat="44.317303" lon="6.940805">
        <ele>2359.4</ele>
        <time>2026-08-07T11:16:46Z</time>
      </trkpt>
      <trkpt lat="44.317297" lon="6.94081">
        <ele>2360.2</ele>
        <time>2026-08-07T11:16:49Z</time>
      </trkpt>
      <trkpt lat="44.317293" lon="6.940833">
        <ele>2360.4</ele>
        <time>2026-08-07T11:16:50Z</time>
      </trkpt>
      <trkpt lat="44.317287" lon="6.940882">
        <ele>2361.2</ele>
        <time>2026-08-07T11:16:54Z</time>
      </trkpt>
      <trkpt lat="44.317283" lon="6.94091">
        <ele>2361.6</ele>
        <time>2026-08-07T11:16:57Z</time>
      </trkpt>
      <trkpt lat="44.317284" lon="6.940933">
        <ele>2362.2</ele>
        <time>2026-08-07T11:17:00Z</time>
      </trkpt>
      <trkpt lat="44.317284" lon="6.940937">
        <ele>2362.4</ele>
        <time>2026-08-07T11:17:01Z</time>
      </trkpt>
      <trkpt lat="44.317284" lon="6.940955">
        <ele>2362.6</ele>
        <time>2026-08-07T11:17:03Z</time>
      </trkpt>
      <trkpt lat="44.317283" lon="6.940965">
        <ele>2362.4</ele>
        <time>2026-08-07T11:17:06Z</time>
      </trkpt>
      <trkpt lat="44.317277" lon="6.940992">
        <ele>2361.8</ele>
        <time>2026-08-07T11:17:09Z</time>
      </trkpt>
      <trkpt lat="44.31727" lon="6.941025">
        <ele>2361.4</ele>
        <time>2026-08-07T11:17:11Z</time>
      </trkpt>
      <trkpt lat="44.317249" lon="6.941103">
        <ele>2361.0</ele>
        <time>2026-08-07T11:17:16Z</time>
      </trkpt>
      <trkpt lat="44.317245" lon="6.941137">
        <ele>2361.0</ele>
        <time>2026-08-07T11:17:18Z</time>
      </trkpt>
      <trkpt lat="44.317242" lon="6.941166">
        <ele>2361.6</ele>
        <time>2026-08-07T11:17:21Z</time>
      </trkpt>
      <trkpt lat="44.317241" lon="6.941211">
        <ele>2362.4</ele>
        <time>2026-08-07T11:17:26Z</time>
      </trkpt>
      <trkpt lat="44.317237" lon="6.941216">
        <ele>2362.6</ele>
        <time>2026-08-07T11:17:28Z</time>
      </trkpt>
      <trkpt lat="44.317231" lon="6.941234">
        <ele>2363.0</ele>
        <time>2026-08-07T11:17:30Z</time>
      </trkpt>
      <trkpt lat="44.317206" lon="6.941249">
        <ele>2363.4</ele>
        <time>2026-08-07T11:17:34Z</time>
      </trkpt>
      <trkpt lat="44.31719" lon="6.941249">
        <ele>2363.8</ele>
        <time>2026-08-07T11:17:36Z</time>
      </trkpt>
      <trkpt lat="44.317169" lon="6.94123">
        <ele>2364.8</ele>
        <time>2026-08-07T11:17:42Z</time>
      </trkpt>
      <trkpt lat="44.317166" lon="6.941238">
        <ele>2364.8</ele>
        <time>2026-08-07T11:17:43Z</time>
      </trkpt>
      <trkpt lat="44.317161" lon="6.941291">
        <ele>2366.0</ele>
        <time>2026-08-07T11:17:50Z</time>
      </trkpt>
      <trkpt lat="44.317146" lon="6.941353">
        <ele>2367.0</ele>
        <time>2026-08-07T11:17:57Z</time>
      </trkpt>
      <trkpt lat="44.317111" lon="6.94138">
        <ele>2368.0</ele>
        <time>2026-08-07T11:18:03Z</time>
      </trkpt>
      <trkpt lat="44.317078" lon="6.941395">
        <ele>2368.6</ele>
        <time>2026-08-07T11:18:06Z</time>
      </trkpt>
      <trkpt lat="44.317056" lon="6.941413">
        <ele>2369.0</ele>
        <time>2026-08-07T11:18:10Z</time>
      </trkpt>
      <trkpt lat="44.317041" lon="6.941433">
        <ele>2369.4</ele>
        <time>2026-08-07T11:18:14Z</time>
      </trkpt>
      <trkpt lat="44.317034" lon="6.941454">
        <ele>2370.0</ele>
        <time>2026-08-07T11:18:17Z</time>
      </trkpt>
      <trkpt lat="44.317027" lon="6.941489">
        <ele>2370.6</ele>
        <time>2026-08-07T11:18:21Z</time>
      </trkpt>
      <trkpt lat="44.317024" lon="6.941515">
        <ele>2371.2</ele>
        <time>2026-08-07T11:18:24Z</time>
      </trkpt>
      <trkpt lat="44.317029" lon="6.94153">
        <ele>2372.0</ele>
        <time>2026-08-07T11:18:28Z</time>
      </trkpt>
      <trkpt lat="44.31702" lon="6.941532">
        <ele>2372.4</ele>
        <time>2026-08-07T11:18:32Z</time>
      </trkpt>
      <trkpt lat="44.316996" lon="6.941547">
        <ele>2373.0</ele>
        <time>2026-08-07T11:18:36Z</time>
      </trkpt>
      <trkpt lat="44.316972" lon="6.941589">
        <ele>2373.4</ele>
        <time>2026-08-07T11:18:39Z</time>
      </trkpt>
      <trkpt lat="44.316946" lon="6.941624">
        <ele>2373.6</ele>
        <time>2026-08-07T11:18:43Z</time>
      </trkpt>
      <trkpt lat="44.31691" lon="6.941691">
        <ele>2374.4</ele>
        <time>2026-08-07T11:18:51Z</time>
      </trkpt>
      <trkpt lat="44.316904" lon="6.941701">
        <ele>2374.6</ele>
        <time>2026-08-07T11:18:52Z</time>
      </trkpt>
      <trkpt lat="44.316865" lon="6.94175">
        <ele>2375.6</ele>
        <time>2026-08-07T11:18:59Z</time>
      </trkpt>
      <trkpt lat="44.316849" lon="6.941757">
        <ele>2376.0</ele>
        <time>2026-08-07T11:19:02Z</time>
      </trkpt>
      <trkpt lat="44.316813" lon="6.941785">
        <ele>2376.2</ele>
        <time>2026-08-07T11:19:07Z</time>
      </trkpt>
      <trkpt lat="44.31677" lon="6.94184">
        <ele>2376.4</ele>
        <time>2026-08-07T11:19:12Z</time>
      </trkpt>
      <trkpt lat="44.316768" lon="6.941861">
        <ele>2376.6</ele>
        <time>2026-08-07T11:19:14Z</time>
      </trkpt>
      <trkpt lat="44.316743" lon="6.941912">
        <ele>2377.2</ele>
        <time>2026-08-07T11:19:20Z</time>
      </trkpt>
      <trkpt lat="44.316694" lon="6.941936">
        <ele>2377.0</ele>
        <time>2026-08-07T11:19:25Z</time>
      </trkpt>
      <trkpt lat="44.316675" lon="6.941919">
        <ele>2376.8</ele>
        <time>2026-08-07T11:19:29Z</time>
      </trkpt>
      <trkpt lat="44.31666" lon="6.941942">
        <ele>2377.6</ele>
        <time>2026-08-07T11:19:35Z</time>
      </trkpt>
      <trkpt lat="44.316666" lon="6.941948">
        <ele>2377.6</ele>
        <time>2026-08-07T11:19:36Z</time>
      </trkpt>
      <trkpt lat="44.316683" lon="6.941971">
        <ele>2377.2</ele>
        <time>2026-08-07T11:19:38Z</time>
      </trkpt>
      <trkpt lat="44.316719" lon="6.94202">
        <ele>2377.6</ele>
        <time>2026-08-07T11:19:46Z</time>
      </trkpt>
      <trkpt lat="44.316712" lon="6.942002">
        <ele>2377.4</ele>
        <time>2026-08-07T11:19:49Z</time>
      </trkpt>
      <trkpt lat="44.316679" lon="6.941943">
        <ele>2377.0</ele>
        <time>2026-08-07T11:19:53Z</time>
      </trkpt>
      <trkpt lat="44.316629" lon="6.941973">
        <ele>2376.8</ele>
        <time>2026-08-07T11:20:00Z</time>
      </trkpt>
      <trkpt lat="44.31663" lon="6.941998">
        <ele>2376.6</ele>
        <time>2026-08-07T11:20:02Z</time>
      </trkpt>
      <trkpt lat="44.316629" lon="6.942011">
        <ele>2376.6</ele>
        <time>2026-08-07T11:20:04Z</time>
      </trkpt>
      <trkpt lat="44.316619" lon="6.942009">
        <ele>2376.4</ele>
        <time>2026-08-07T11:20:08Z</time>
      </trkpt>
      <trkpt lat="44.316617" lon="6.941992">
        <ele>2376.6</ele>
        <time>2026-08-07T11:20:14Z</time>
      </trkpt>
      <trkpt lat="44.316619" lon="6.942002">
        <ele>2376.4</ele>
        <time>2026-08-07T11:20:18Z</time>
      </trkpt>
      <trkpt lat="44.316607" lon="6.941968">
        <ele>2376.4</ele>
        <time>2026-08-07T11:20:26Z</time>
      </trkpt>
      <trkpt lat="44.316611" lon="6.941974">
        <ele>2376.2</ele>
        <time>2026-08-07T11:20:28Z</time>
      </trkpt>
      <trkpt lat="44.316625" lon="6.941991">
        <ele>2376.2</ele>
        <time>2026-08-07T11:20:36Z</time>
      </trkpt>
      <trkpt lat="44.316631" lon="6.941998">
        <ele>2376.0</ele>
        <time>2026-08-07T11:20:46Z</time>
      </trkpt>
      <trkpt lat="44.316648" lon="6.942023">
        <ele>2376.0</ele>
        <time>2026-08-07T11:20:54Z</time>
      </trkpt>
      <trkpt lat="44.316641" lon="6.942008">
        <ele>2376.0</ele>
        <time>2026-08-07T11:21:01Z</time>
      </trkpt>
      <trkpt lat="44.316636" lon="6.94201">
        <ele>2376.0</ele>
        <time>2026-08-07T11:21:02Z</time>
      </trkpt>
      <trkpt lat="44.316632" lon="6.942014">
        <ele>2376.0</ele>
        <time>2026-08-07T11:21:05Z</time>
      </trkpt>
      <trkpt lat="44.316643" lon="6.942017">
        <ele>2375.8</ele>
        <time>2026-08-07T11:21:09Z</time>
      </trkpt>
      <trkpt lat="44.316699" lon="6.942032">
        <ele>2376.2</ele>
        <time>2026-08-07T11:21:17Z</time>
      </trkpt>
      <trkpt lat="44.316719" lon="6.942014">
        <ele>2376.0</ele>
        <time>2026-08-07T11:21:23Z</time>
      </trkpt>
      <trkpt lat="44.316729" lon="6.942005">
        <ele>2375.8</ele>
        <time>2026-08-07T11:21:27Z</time>
      </trkpt>
      <trkpt lat="44.316712" lon="6.942026">
        <ele>2376.0</ele>
        <time>2026-08-07T11:21:34Z</time>
      </trkpt>
      <trkpt lat="44.316706" lon="6.942034">
        <ele>2375.8</ele>
        <time>2026-08-07T11:21:37Z</time>
      </trkpt>
      <trkpt lat="44.316697" lon="6.942042">
        <ele>2376.0</ele>
        <time>2026-08-07T11:21:45Z</time>
      </trkpt>
      <trkpt lat="44.316687" lon="6.941986">
        <ele>2376.4</ele>
        <time>2026-08-07T11:21:56Z</time>
      </trkpt>
      <trkpt lat="44.316694" lon="6.941976">
        <ele>2376.2</ele>
        <time>2026-08-07T11:22:05Z</time>
      </trkpt>
      <trkpt lat="44.316549" lon="6.94183">
        <ele>2376.2</ele>
        <time>2026-08-07T11:22:20Z</time>
      </trkpt>
      <trkpt lat="44.316432" lon="6.941735">
        <ele>2376.2</ele>
        <time>2026-08-07T11:22:29Z</time>
      </trkpt>
      <trkpt lat="44.316324" lon="6.941636">
        <ele>2376.0</ele>
        <time>2026-08-07T11:22:36Z</time>
      </trkpt>
      <trkpt lat="44.316264" lon="6.941562">
        <ele>2376.0</ele>
        <time>2026-08-07T11:22:40Z</time>
      </trkpt>
      <trkpt lat="44.316293" lon="6.941598">
        <ele>2375.8</ele>
        <time>2026-08-07T11:22:47Z</time>
      </trkpt>
      <trkpt lat="44.316322" lon="6.941609">
        <ele>2375.8</ele>
        <time>2026-08-07T11:22:48Z</time>
      </trkpt>
      <trkpt lat="44.316366" lon="6.941578">
        <ele>2375.6</ele>
        <time>2026-08-07T11:22:53Z</time>
      </trkpt>
      <trkpt lat="44.316531" lon="6.941738">
        <ele>2375.4</ele>
        <time>2026-08-07T11:22:59Z</time>
      </trkpt>
      <trkpt lat="44.316646" lon="6.941859">
        <ele>2375.0</ele>
        <time>2026-08-07T11:23:08Z</time>
      </trkpt>
      <trkpt lat="44.316641" lon="6.941856">
        <ele>2375.0</ele>
        <time>2026-08-07T11:23:12Z</time>
      </trkpt>
      <trkpt lat="44.316771" lon="6.94207">
        <ele>2374.4</ele>
        <time>2026-08-07T11:24:53Z</time>
      </trkpt>
      <trkpt lat="44.316702" lon="6.941939">
        <ele>2373.8</ele>
        <time>2026-08-07T11:24:58Z</time>
      </trkpt>
      <trkpt lat="44.316632" lon="6.941989">
        <ele>2373.8</ele>
        <time>2026-08-07T11:25:04Z</time>
      </trkpt>
      <trkpt lat="44.316618" lon="6.941959">
        <ele>2373.8</ele>
        <time>2026-08-07T11:25:11Z</time>
      </trkpt>
      <trkpt lat="44.316626" lon="6.94199">
        <ele>2373.6</ele>
        <time>2026-08-07T11:25:20Z</time>
      </trkpt>
      <trkpt lat="44.316631" lon="6.942009">
        <ele>2373.6</ele>
        <time>2026-08-07T11:25:26Z</time>
      </trkpt>
      <trkpt lat="44.316625" lon="6.942011">
        <ele>2373.6</ele>
        <time>2026-08-07T11:25:29Z</time>
      </trkpt>
      <trkpt lat="44.316604" lon="6.941971">
        <ele>2373.4</ele>
        <time>2026-08-07T11:25:34Z</time>
      </trkpt>
      <trkpt lat="44.316605" lon="6.941966">
        <ele>2373.4</ele>
        <time>2026-08-07T11:25:39Z</time>
      </trkpt>
      <trkpt lat="44.316609" lon="6.941977">
        <ele>2373.4</ele>
        <time>2026-08-07T11:25:49Z</time>
      </trkpt>
      <trkpt lat="44.316596" lon="6.941937">
        <ele>2372.6</ele>
        <time>2026-08-07T11:26:00Z</time>
      </trkpt>
      <trkpt lat="44.316613" lon="6.941981">
        <ele>2372.6</ele>
        <time>2026-08-07T11:26:08Z</time>
      </trkpt>
      <trkpt lat="44.31662" lon="6.941991">
        <ele>2372.6</ele>
        <time>2026-08-07T11:26:10Z</time>
      </trkpt>
      <trkpt lat="44.316624" lon="6.941996">
        <ele>2372.6</ele>
        <time>2026-08-07T11:26:12Z</time>
      </trkpt>
      <trkpt lat="44.316622" lon="6.941989">
        <ele>2372.4</ele>
        <time>2026-08-07T11:26:17Z</time>
      </trkpt>
      <trkpt lat="44.316619" lon="6.941984">
        <ele>2372.4</ele>
        <time>2026-08-07T11:26:19Z</time>
      </trkpt>
      <trkpt lat="44.316619" lon="6.941982">
        <ele>2372.4</ele>
        <time>2026-08-07T11:26:22Z</time>
      </trkpt>
      <trkpt lat="44.316619" lon="6.941983">
        <ele>2372.4</ele>
        <time>2026-08-07T11:26:23Z</time>
      </trkpt>
      <trkpt lat="44.316621" lon="6.94199">
        <ele>2372.4</ele>
        <time>2026-08-07T11:26:33Z</time>
      </trkpt>
      <trkpt lat="44.316622" lon="6.941987">
        <ele>2372.6</ele>
        <time>2026-08-07T11:26:36Z</time>
      </trkpt>
      <trkpt lat="44.3166" lon="6.941968">
        <ele>2372.8</ele>
        <time>2026-08-07T11:26:44Z</time>
      </trkpt>
      <trkpt lat="44.316595" lon="6.941954">
        <ele>2372.8</ele>
        <time>2026-08-07T11:26:48Z</time>
      </trkpt>
      <trkpt lat="44.316618" lon="6.941966">
        <ele>2372.8</ele>
        <time>2026-08-07T11:26:57Z</time>
      </trkpt>
      <trkpt lat="44.316617" lon="6.941965">
        <ele>2372.8</ele>
        <time>2026-08-07T11:26:59Z</time>
      </trkpt>
      <trkpt lat="44.316617" lon="6.941965">
        <ele>2372.8</ele>
        <time>2026-08-07T11:27:06Z</time>
      </trkpt>
      <trkpt lat="44.316622" lon="6.941978">
        <ele>2372.8</ele>
        <time>2026-08-07T11:27:21Z</time>
      </trkpt>
      <trkpt lat="44.316619" lon="6.941978">
        <ele>2372.6</ele>
        <time>2026-08-07T11:27:23Z</time>
      </trkpt>
      <trkpt lat="44.316609" lon="6.941978">
        <ele>2372.6</ele>
        <time>2026-08-07T11:27:27Z</time>
      </trkpt>
      <trkpt lat="44.316602" lon="6.941969">
        <ele>2372.6</ele>
        <time>2026-08-07T11:27:29Z</time>
      </trkpt>
      <trkpt lat="44.316625" lon="6.94197">
        <ele>2372.6</ele>
        <time>2026-08-07T11:27:35Z</time>
      </trkpt>
      <trkpt lat="44.316645" lon="6.941968">
        <ele>2372.6</ele>
        <time>2026-08-07T11:27:40Z</time>
      </trkpt>
      <trkpt lat="44.316641" lon="6.941998">
        <ele>2372.8</ele>
        <time>2026-08-07T11:27:45Z</time>
      </trkpt>
      <trkpt lat="44.316654" lon="6.942">
        <ele>2372.6</ele>
        <time>2026-08-07T11:27:55Z</time>
      </trkpt>
      <trkpt lat="44.316656" lon="6.942001">
        <ele>2372.8</ele>
        <time>2026-08-07T11:27:57Z</time>
      </trkpt>
      <trkpt lat="44.316653" lon="6.941998">
        <ele>2372.6</ele>
        <time>2026-08-07T11:28:00Z</time>
      </trkpt>
      <trkpt lat="44.316625" lon="6.941986">
        <ele>2372.6</ele>
        <time>2026-08-07T11:28:09Z</time>
      </trkpt>
      <trkpt lat="44.31661" lon="6.941945">
        <ele>2372.8</ele>
        <time>2026-08-07T11:28:17Z</time>
      </trkpt>
      <trkpt lat="44.316606" lon="6.941959">
        <ele>2372.6</ele>
        <time>2026-08-07T11:28:27Z</time>
      </trkpt>
      <trkpt lat="44.316605" lon="6.941998">
        <ele>2373.2</ele>
        <time>2026-08-07T11:28:37Z</time>
      </trkpt>
      <trkpt lat="44.31662" lon="6.94196">
        <ele>2373.2</ele>
        <time>2026-08-07T11:28:48Z</time>
      </trkpt>
      <trkpt lat="44.316627" lon="6.941985">
        <ele>2373.4</ele>
        <time>2026-08-07T11:28:57Z</time>
      </trkpt>
      <trkpt lat="44.316636" lon="6.941982">
        <ele>2373.8</ele>
        <time>2026-08-07T11:29:08Z</time>
      </trkpt>
      <trkpt lat="44.316632" lon="6.941969">
        <ele>2374.0</ele>
        <time>2026-08-07T11:29:14Z</time>
      </trkpt>
      <trkpt lat="44.316631" lon="6.941958">
        <ele>2373.8</ele>
        <time>2026-08-07T11:29:19Z</time>
      </trkpt>
      <trkpt lat="44.31663" lon="6.941958">
        <ele>2373.6</ele>
        <time>2026-08-07T11:29:20Z</time>
      </trkpt>
      <trkpt lat="44.316627" lon="6.941993">
        <ele>2372.8</ele>
        <time>2026-08-07T11:29:32Z</time>
      </trkpt>
      <trkpt lat="44.316626" lon="6.942004">
        <ele>2373.0</ele>
        <time>2026-08-07T11:29:43Z</time>
      </trkpt>
      <trkpt lat="44.316596" lon="6.941986">
        <ele>2373.2</ele>
        <time>2026-08-07T11:29:53Z</time>
      </trkpt>
      <trkpt lat="44.316616" lon="6.941976">
        <ele>2373.4</ele>
        <time>2026-08-07T11:30:02Z</time>
      </trkpt>
      <trkpt lat="44.316615" lon="6.941978">
        <ele>2373.6</ele>
        <time>2026-08-07T11:30:14Z</time>
      </trkpt>
      <trkpt lat="44.316614" lon="6.941985">
        <ele>2373.4</ele>
        <time>2026-08-07T11:30:20Z</time>
      </trkpt>
      <trkpt lat="44.316611" lon="6.941979">
        <ele>2373.4</ele>
        <time>2026-08-07T11:30:24Z</time>
      </trkpt>
      <trkpt lat="44.316596" lon="6.941998">
        <ele>2373.2</ele>
        <time>2026-08-07T11:30:35Z</time>
      </trkpt>
      <trkpt lat="44.316624" lon="6.94198">
        <ele>2372.8</ele>
        <time>2026-08-07T11:30:46Z</time>
      </trkpt>
      <trkpt lat="44.316646" lon="6.941983">
        <ele>2372.4</ele>
        <time>2026-08-07T11:30:53Z</time>
      </trkpt>
      <trkpt lat="44.316647" lon="6.941982">
        <ele>2372.4</ele>
        <time>2026-08-07T11:30:54Z</time>
      </trkpt>
      <trkpt lat="44.316646" lon="6.941984">
        <ele>2372.6</ele>
        <time>2026-08-07T11:30:58Z</time>
      </trkpt>
      <trkpt lat="44.316636" lon="6.941999">
        <ele>2372.8</ele>
        <time>2026-08-07T11:31:10Z</time>
      </trkpt>
      <trkpt lat="44.316623" lon="6.941982">
        <ele>2372.8</ele>
        <time>2026-08-07T11:31:19Z</time>
      </trkpt>
      <trkpt lat="44.316615" lon="6.941964">
        <ele>2372.6</ele>
        <time>2026-08-07T11:31:30Z</time>
      </trkpt>
      <trkpt lat="44.316636" lon="6.941958">
        <ele>2372.6</ele>
        <time>2026-08-07T11:31:39Z</time>
      </trkpt>
      <trkpt lat="44.316626" lon="6.941972">
        <ele>2372.8</ele>
        <time>2026-08-07T11:31:49Z</time>
      </trkpt>
      <trkpt lat="44.31662" lon="6.941978">
        <ele>2373.2</ele>
        <time>2026-08-07T11:31:58Z</time>
      </trkpt>
      <trkpt lat="44.316627" lon="6.94197">
        <ele>2373.4</ele>
        <time>2026-08-07T11:32:01Z</time>
      </trkpt>
      <trkpt lat="44.316612" lon="6.941976">
        <ele>2373.4</ele>
        <time>2026-08-07T11:32:08Z</time>
      </trkpt>
      <trkpt lat="44.316617" lon="6.942">
        <ele>2373.6</ele>
        <time>2026-08-07T11:32:17Z</time>
      </trkpt>
      <trkpt lat="44.316598" lon="6.941987">
        <ele>2373.8</ele>
        <time>2026-08-07T11:32:26Z</time>
      </trkpt>
      <trkpt lat="44.316603" lon="6.94199">
        <ele>2374.0</ele>
        <time>2026-08-07T11:32:35Z</time>
      </trkpt>
      <trkpt lat="44.31663" lon="6.942006">
        <ele>2373.6</ele>
        <time>2026-08-07T11:32:43Z</time>
      </trkpt>
      <trkpt lat="44.316619" lon="6.941962">
        <ele>2373.4</ele>
        <time>2026-08-07T11:32:50Z</time>
      </trkpt>
      <trkpt lat="44.31663" lon="6.941969">
        <ele>2373.4</ele>
        <time>2026-08-07T11:33:01Z</time>
      </trkpt>
      <trkpt lat="44.316637" lon="6.941981">
        <ele>2373.4</ele>
        <time>2026-08-07T11:33:13Z</time>
      </trkpt>
      <trkpt lat="44.316603" lon="6.941979">
        <ele>2373.2</ele>
        <time>2026-08-07T11:33:20Z</time>
      </trkpt>
      <trkpt lat="44.316606" lon="6.941979">
        <ele>2373.2</ele>
        <time>2026-08-07T11:33:21Z</time>
      </trkpt>
      <trkpt lat="44.316609" lon="6.941972">
        <ele>2373.4</ele>
        <time>2026-08-07T11:33:31Z</time>
      </trkpt>
      <trkpt lat="44.316611" lon="6.941964">
        <ele>2373.6</ele>
        <time>2026-08-07T11:33:40Z</time>
      </trkpt>
      <trkpt lat="44.316617" lon="6.941966">
        <ele>2373.4</ele>
        <time>2026-08-07T11:33:50Z</time>
      </trkpt>
      <trkpt lat="44.316599" lon="6.941991">
        <ele>2373.6</ele>
        <time>2026-08-07T11:33:58Z</time>
      </trkpt>
      <trkpt lat="44.316616" lon="6.941985">
        <ele>2373.4</ele>
        <time>2026-08-07T11:34:07Z</time>
      </trkpt>
      <trkpt lat="44.316647" lon="6.941985">
        <ele>2373.6</ele>
        <time>2026-08-07T11:34:17Z</time>
      </trkpt>
      <trkpt lat="44.316636" lon="6.941981">
        <ele>2373.4</ele>
        <time>2026-08-07T11:34:27Z</time>
      </trkpt>
      <trkpt lat="44.316641" lon="6.941937">
        <ele>2373.2</ele>
        <time>2026-08-07T11:34:35Z</time>
      </trkpt>
      <trkpt lat="44.316626" lon="6.941972">
        <ele>2373.4</ele>
        <time>2026-08-07T11:34:45Z</time>
      </trkpt>
      <trkpt lat="44.316647" lon="6.94198">
        <ele>2373.4</ele>
        <time>2026-08-07T11:34:55Z</time>
      </trkpt>
      <trkpt lat="44.316635" lon="6.941984">
        <ele>2373.4</ele>
        <time>2026-08-07T11:35:00Z</time>
      </trkpt>
      <trkpt lat="44.316622" lon="6.941998">
        <ele>2373.4</ele>
        <time>2026-08-07T11:35:04Z</time>
      </trkpt>
      <trkpt lat="44.316628" lon="6.941991">
        <ele>2373.4</ele>
        <time>2026-08-07T11:35:13Z</time>
      </trkpt>
      <trkpt lat="44.316635" lon="6.941981">
        <ele>2373.4</ele>
        <time>2026-08-07T11:35:18Z</time>
      </trkpt>
      <trkpt lat="44.316623" lon="6.941983">
        <ele>2373.6</ele>
        <time>2026-08-07T11:35:25Z</time>
      </trkpt>
      <trkpt lat="44.316606" lon="6.941973">
        <ele>2373.6</ele>
        <time>2026-08-07T11:35:35Z</time>
      </trkpt>
      <trkpt lat="44.316605" lon="6.94196">
        <ele>2373.6</ele>
        <time>2026-08-07T11:35:46Z</time>
      </trkpt>
      <trkpt lat="44.316601" lon="6.941969">
        <ele>2373.6</ele>
        <time>2026-08-07T11:35:50Z</time>
      </trkpt>
      <trkpt lat="44.316603" lon="6.941979">
        <ele>2373.6</ele>
        <time>2026-08-07T11:35:56Z</time>
      </trkpt>
      <trkpt lat="44.316614" lon="6.941969">
        <ele>2373.8</ele>
        <time>2026-08-07T11:36:05Z</time>
      </trkpt>
      <trkpt lat="44.316618" lon="6.941971">
        <ele>2373.6</ele>
        <time>2026-08-07T11:36:10Z</time>
      </trkpt>
      <trkpt lat="44.31662" lon="6.941979">
        <ele>2373.6</ele>
        <time>2026-08-07T11:36:14Z</time>
      </trkpt>
      <trkpt lat="44.31663" lon="6.941951">
        <ele>2373.8</ele>
        <time>2026-08-07T11:36:24Z</time>
      </trkpt>
      <trkpt lat="44.316622" lon="6.941998">
        <ele>2373.8</ele>
        <time>2026-08-07T11:36:33Z</time>
      </trkpt>
      <trkpt lat="44.316624" lon="6.942">
        <ele>2373.8</ele>
        <time>2026-08-07T11:36:35Z</time>
      </trkpt>
      <trkpt lat="44.316608" lon="6.94197">
        <ele>2373.8</ele>
        <time>2026-08-07T11:36:44Z</time>
      </trkpt>
      <trkpt lat="44.31662" lon="6.941976">
        <ele>2373.8</ele>
        <time>2026-08-07T11:36:56Z</time>
      </trkpt>
      <trkpt lat="44.316618" lon="6.941962">
        <ele>2373.8</ele>
        <time>2026-08-07T11:36:59Z</time>
      </trkpt>
      <trkpt lat="44.316619" lon="6.941911">
        <ele>2373.8</ele>
        <time>2026-08-07T11:37:07Z</time>
      </trkpt>
      <trkpt lat="44.31663" lon="6.941935">
        <ele>2373.8</ele>
        <time>2026-08-07T11:37:09Z</time>
      </trkpt>
      <trkpt lat="44.316633" lon="6.941966">
        <ele>2374.2</ele>
        <time>2026-08-07T11:37:14Z</time>
      </trkpt>
      <trkpt lat="44.316627" lon="6.941981">
        <ele>2374.2</ele>
        <time>2026-08-07T11:37:19Z</time>
      </trkpt>
      <trkpt lat="44.31662" lon="6.941977">
        <ele>2374.2</ele>
        <time>2026-08-07T11:37:21Z</time>
      </trkpt>
      <trkpt lat="44.316614" lon="6.941966">
        <ele>2374.2</ele>
        <time>2026-08-07T11:37:23Z</time>
      </trkpt>
      <trkpt lat="44.316618" lon="6.941971">
        <ele>2374.2</ele>
        <time>2026-08-07T11:37:31Z</time>
      </trkpt>
      <trkpt lat="44.316633" lon="6.941965">
        <ele>2374.2</ele>
        <time>2026-08-07T11:37:40Z</time>
      </trkpt>
      <trkpt lat="44.316634" lon="6.941961">
        <ele>2374.2</ele>
        <time>2026-08-07T11:37:41Z</time>
      </trkpt>
      <trkpt lat="44.316634" lon="6.941955">
        <ele>2374.0</ele>
        <time>2026-08-07T11:37:43Z</time>
      </trkpt>
      <trkpt lat="44.316617" lon="6.941959">
        <ele>2373.8</ele>
        <time>2026-08-07T11:37:53Z</time>
      </trkpt>
      <trkpt lat="44.316641" lon="6.941995">
        <ele>2373.6</ele>
        <time>2026-08-07T11:38:05Z</time>
      </trkpt>
      <trkpt lat="44.31664" lon="6.941987">
        <ele>2373.6</ele>
        <time>2026-08-07T11:38:06Z</time>
      </trkpt>
      <trkpt lat="44.316636" lon="6.941988">
        <ele>2373.6</ele>
        <time>2026-08-07T11:38:14Z</time>
      </trkpt>
      <trkpt lat="44.31664" lon="6.941998">
        <ele>2373.8</ele>
        <time>2026-08-07T11:38:23Z</time>
      </trkpt>
      <trkpt lat="44.316652" lon="6.941994">
        <ele>2373.6</ele>
        <time>2026-08-07T11:38:32Z</time>
      </trkpt>
      <trkpt lat="44.316635" lon="6.941976">
        <ele>2373.6</ele>
        <time>2026-08-07T11:38:42Z</time>
      </trkpt>
      <trkpt lat="44.316618" lon="6.941988">
        <ele>2373.4</ele>
        <time>2026-08-07T11:38:50Z</time>
      </trkpt>
      <trkpt lat="44.316617" lon="6.941988">
        <ele>2373.4</ele>
        <time>2026-08-07T11:38:52Z</time>
      </trkpt>
      <trkpt lat="44.316605" lon="6.942">
        <ele>2373.6</ele>
        <time>2026-08-07T11:39:03Z</time>
      </trkpt>
      <trkpt lat="44.316609" lon="6.941991">
        <ele>2373.4</ele>
        <time>2026-08-07T11:39:12Z</time>
      </trkpt>
      <trkpt lat="44.316635" lon="6.941978">
        <ele>2373.6</ele>
        <time>2026-08-07T11:39:22Z</time>
      </trkpt>
      <trkpt lat="44.316629" lon="6.941981">
        <ele>2373.6</ele>
        <time>2026-08-07T11:39:33Z</time>
      </trkpt>
      <trkpt lat="44.316638" lon="6.942003">
        <ele>2373.6</ele>
        <time>2026-08-07T11:39:38Z</time>
      </trkpt>
      <trkpt lat="44.316632" lon="6.941979">
        <ele>2373.6</ele>
        <time>2026-08-07T11:39:41Z</time>
      </trkpt>
      <trkpt lat="44.316629" lon="6.94198">
        <ele>2373.6</ele>
        <time>2026-08-07T11:39:45Z</time>
      </trkpt>
      <trkpt lat="44.316626" lon="6.941985">
        <ele>2373.6</ele>
        <time>2026-08-07T11:39:50Z</time>
      </trkpt>
      <trkpt lat="44.316609" lon="6.941969">
        <ele>2373.2</ele>
        <time>2026-08-07T11:39:59Z</time>
      </trkpt>
      <trkpt lat="44.316616" lon="6.941989">
        <ele>2373.2</ele>
        <time>2026-08-07T11:40:06Z</time>
      </trkpt>
      <trkpt lat="44.316615" lon="6.941993">
        <ele>2373.0</ele>
        <time>2026-08-07T11:40:17Z</time>
      </trkpt>
      <trkpt lat="44.316631" lon="6.941991">
        <ele>2372.8</ele>
        <time>2026-08-07T11:40:26Z</time>
      </trkpt>
      <trkpt lat="44.316621" lon="6.94199">
        <ele>2372.6</ele>
        <time>2026-08-07T11:40:38Z</time>
      </trkpt>
      <trkpt lat="44.316633" lon="6.94198">
        <ele>2372.4</ele>
        <time>2026-08-07T11:40:48Z</time>
      </trkpt>
      <trkpt lat="44.31661" lon="6.941969">
        <ele>2372.6</ele>
        <time>2026-08-07T11:40:59Z</time>
      </trkpt>
      <trkpt lat="44.316606" lon="6.941964">
        <ele>2372.6</ele>
        <time>2026-08-07T11:41:04Z</time>
      </trkpt>
      <trkpt lat="44.316615" lon="6.941966">
        <ele>2372.8</ele>
        <time>2026-08-07T11:41:11Z</time>
      </trkpt>
      <trkpt lat="44.316617" lon="6.941963">
        <ele>2372.8</ele>
        <time>2026-08-07T11:41:21Z</time>
      </trkpt>
      <trkpt lat="44.316593" lon="6.941941">
        <ele>2372.8</ele>
        <time>2026-08-07T11:41:25Z</time>
      </trkpt>
      <trkpt lat="44.316596" lon="6.941941">
        <ele>2372.6</ele>
        <time>2026-08-07T11:41:30Z</time>
      </trkpt>
      <trkpt lat="44.316608" lon="6.941936">
        <ele>2372.8</ele>
        <time>2026-08-07T11:41:43Z</time>
      </trkpt>
      <trkpt lat="44.316612" lon="6.941936">
        <ele>2372.8</ele>
        <time>2026-08-07T11:41:50Z</time>
      </trkpt>
      <trkpt lat="44.316612" lon="6.941937">
        <ele>2373.0</ele>
        <time>2026-08-07T11:41:55Z</time>
      </trkpt>
      <trkpt lat="44.316606" lon="6.941934">
        <ele>2372.8</ele>
        <time>2026-08-07T11:42:00Z</time>
      </trkpt>
      <trkpt lat="44.316609" lon="6.941936">
        <ele>2372.8</ele>
        <time>2026-08-07T11:42:03Z</time>
      </trkpt>
      <trkpt lat="44.316616" lon="6.941943">
        <ele>2373.0</ele>
        <time>2026-08-07T11:42:05Z</time>
      </trkpt>
      <trkpt lat="44.316619" lon="6.941948">
        <ele>2373.0</ele>
        <time>2026-08-07T11:42:06Z</time>
      </trkpt>
      <trkpt lat="44.316605" lon="6.941982">
        <ele>2372.8</ele>
        <time>2026-08-07T11:42:15Z</time>
      </trkpt>
      <trkpt lat="44.31661" lon="6.941973">
        <ele>2373.0</ele>
        <time>2026-08-07T11:42:25Z</time>
      </trkpt>
      <trkpt lat="44.316617" lon="6.941974">
        <ele>2373.0</ele>
        <time>2026-08-07T11:42:29Z</time>
      </trkpt>
      <trkpt lat="44.316619" lon="6.941976">
        <ele>2373.0</ele>
        <time>2026-08-07T11:42:30Z</time>
      </trkpt>
      <trkpt lat="44.316622" lon="6.941973">
        <ele>2373.0</ele>
        <time>2026-08-07T11:42:31Z</time>
      </trkpt>
      <trkpt lat="44.316624" lon="6.941972">
        <ele>2373.0</ele>
        <time>2026-08-07T11:42:32Z</time>
      </trkpt>
      <trkpt lat="44.316624" lon="6.941972">
        <ele>2373.0</ele>
        <time>2026-08-07T11:42:33Z</time>
      </trkpt>
      <trkpt lat="44.316625" lon="6.941973">
        <ele>2373.0</ele>
        <time>2026-08-07T11:42:36Z</time>
      </trkpt>
      <trkpt lat="44.316628" lon="6.941989">
        <ele>2373.0</ele>
        <time>2026-08-07T11:42:45Z</time>
      </trkpt>
      <trkpt lat="44.316613" lon="6.941982">
        <ele>2372.8</ele>
        <time>2026-08-07T11:42:54Z</time>
      </trkpt>
      <trkpt lat="44.316611" lon="6.941989">
        <ele>2372.8</ele>
        <time>2026-08-07T11:42:56Z</time>
      </trkpt>
      <trkpt lat="44.316614" lon="6.941987">
        <ele>2372.8</ele>
        <time>2026-08-07T11:43:00Z</time>
      </trkpt>
      <trkpt lat="44.316608" lon="6.941979">
        <ele>2372.8</ele>
        <time>2026-08-07T11:43:05Z</time>
      </trkpt>
      <trkpt lat="44.316617" lon="6.941964">
        <ele>2372.4</ele>
        <time>2026-08-07T11:43:10Z</time>
      </trkpt>
      <trkpt lat="44.316627" lon="6.941962">
        <ele>2372.2</ele>
        <time>2026-08-07T11:43:16Z</time>
      </trkpt>
      <trkpt lat="44.316625" lon="6.941963">
        <ele>2372.4</ele>
        <time>2026-08-07T11:43:18Z</time>
      </trkpt>
      <trkpt lat="44.316621" lon="6.94198">
        <ele>2372.2</ele>
        <time>2026-08-07T11:43:22Z</time>
      </trkpt>
      <trkpt lat="44.316617" lon="6.941997">
        <ele>2372.2</ele>
        <time>2026-08-07T11:43:26Z</time>
      </trkpt>
      <trkpt lat="44.316616" lon="6.941973">
        <ele>2372.2</ele>
        <time>2026-08-07T11:43:36Z</time>
      </trkpt>
      <trkpt lat="44.316618" lon="6.941949">
        <ele>2372.2</ele>
        <time>2026-08-07T11:43:41Z</time>
      </trkpt>
      <trkpt lat="44.316624" lon="6.941958">
        <ele>2372.0</ele>
        <time>2026-08-07T11:43:44Z</time>
      </trkpt>
      <trkpt lat="44.316629" lon="6.941969">
        <ele>2371.8</ele>
        <time>2026-08-07T11:43:53Z</time>
      </trkpt>
      <trkpt lat="44.316621" lon="6.941977">
        <ele>2372.2</ele>
        <time>2026-08-07T11:43:59Z</time>
      </trkpt>
      <trkpt lat="44.316617" lon="6.941993">
        <ele>2372.2</ele>
        <time>2026-08-07T11:44:03Z</time>
      </trkpt>
      <trkpt lat="44.31663" lon="6.941991">
        <ele>2372.4</ele>
        <time>2026-08-07T11:44:07Z</time>
      </trkpt>
      <trkpt lat="44.316618" lon="6.941976">
        <ele>2372.6</ele>
        <time>2026-08-07T11:44:15Z</time>
      </trkpt>
      <trkpt lat="44.316603" lon="6.941954">
        <ele>2372.6</ele>
        <time>2026-08-07T11:44:24Z</time>
      </trkpt>
      <trkpt lat="44.316627" lon="6.941978">
        <ele>2373.0</ele>
        <time>2026-08-07T11:44:34Z</time>
      </trkpt>
      <trkpt lat="44.316632" lon="6.941956">
        <ele>2373.2</ele>
        <time>2026-08-07T11:44:45Z</time>
      </trkpt>
      <trkpt lat="44.316635" lon="6.941959">
        <ele>2373.4</ele>
        <time>2026-08-07T11:44:47Z</time>
      </trkpt>
      <trkpt lat="44.316623" lon="6.941985">
        <ele>2373.6</ele>
        <time>2026-08-07T11:44:55Z</time>
      </trkpt>
      <trkpt lat="44.31664" lon="6.941973">
        <ele>2373.8</ele>
        <time>2026-08-07T11:45:02Z</time>
      </trkpt>
      <trkpt lat="44.316628" lon="6.941976">
        <ele>2373.8</ele>
        <time>2026-08-07T11:45:12Z</time>
      </trkpt>
      <trkpt lat="44.316619" lon="6.941986">
        <ele>2373.8</ele>
        <time>2026-08-07T11:45:21Z</time>
      </trkpt>
      <trkpt lat="44.316619" lon="6.941979">
        <ele>2373.8</ele>
        <time>2026-08-07T11:45:25Z</time>
      </trkpt>
      <trkpt lat="44.316612" lon="6.94197">
        <ele>2373.8</ele>
        <time>2026-08-07T11:45:31Z</time>
      </trkpt>
      <trkpt lat="44.316585" lon="6.941965">
        <ele>2373.8</ele>
        <time>2026-08-07T11:45:45Z</time>
      </trkpt>
      <trkpt lat="44.316608" lon="6.941975">
        <ele>2373.8</ele>
        <time>2026-08-07T11:45:56Z</time>
      </trkpt>
      <trkpt lat="44.31663" lon="6.941997">
        <ele>2373.2</ele>
        <time>2026-08-07T11:46:05Z</time>
      </trkpt>
      <trkpt lat="44.316634" lon="6.941998">
        <ele>2373.2</ele>
        <time>2026-08-07T11:46:06Z</time>
      </trkpt>
      <trkpt lat="44.316632" lon="6.941983">
        <ele>2373.0</ele>
        <time>2026-08-07T11:46:17Z</time>
      </trkpt>
      <trkpt lat="44.316632" lon="6.941997">
        <ele>2373.0</ele>
        <time>2026-08-07T11:46:24Z</time>
      </trkpt>
      <trkpt lat="44.316632" lon="6.941998">
        <ele>2372.6</ele>
        <time>2026-08-07T11:46:27Z</time>
      </trkpt>
      <trkpt lat="44.316631" lon="6.941998">
        <ele>2372.4</ele>
        <time>2026-08-07T11:46:28Z</time>
      </trkpt>
      <trkpt lat="44.316626" lon="6.941991">
        <ele>2372.2</ele>
        <time>2026-08-07T11:46:31Z</time>
      </trkpt>
      <trkpt lat="44.316608" lon="6.941963">
        <ele>2372.2</ele>
        <time>2026-08-07T11:46:44Z</time>
      </trkpt>
      <trkpt lat="44.316618" lon="6.941962">
        <ele>2373.6</ele>
        <time>2026-08-07T11:46:52Z</time>
      </trkpt>
      <trkpt lat="44.316617" lon="6.941972">
        <ele>2374.0</ele>
        <time>2026-08-07T11:46:54Z</time>
      </trkpt>
      <trkpt lat="44.316618" lon="6.941979">
        <ele>2374.6</ele>
        <time>2026-08-07T11:46:58Z</time>
      </trkpt>
      <trkpt lat="44.316622" lon="6.941964">
        <ele>2375.8</ele>
        <time>2026-08-07T11:47:03Z</time>
      </trkpt>
      <trkpt lat="44.31661" lon="6.941959">
        <ele>2376.2</ele>
        <time>2026-08-07T11:47:07Z</time>
      </trkpt>
      <trkpt lat="44.3166" lon="6.941964">
        <ele>2376.6</ele>
        <time>2026-08-07T11:47:09Z</time>
      </trkpt>
      <trkpt lat="44.316596" lon="6.941968">
        <ele>2376.8</ele>
        <time>2026-08-07T11:47:12Z</time>
      </trkpt>
      <trkpt lat="44.316613" lon="6.941974">
        <ele>2377.4</ele>
        <time>2026-08-07T11:47:17Z</time>
      </trkpt>
      <trkpt lat="44.316622" lon="6.941977">
        <ele>2377.8</ele>
        <time>2026-08-07T11:47:21Z</time>
      </trkpt>
      <trkpt lat="44.316628" lon="6.941984">
        <ele>2378.4</ele>
        <time>2026-08-07T11:47:26Z</time>
      </trkpt>
      <trkpt lat="44.316613" lon="6.941986">
        <ele>2379.0</ele>
        <time>2026-08-07T11:47:31Z</time>
      </trkpt>
      <trkpt lat="44.316611" lon="6.941988">
        <ele>2379.0</ele>
        <time>2026-08-07T11:47:32Z</time>
      </trkpt>
      <trkpt lat="44.316609" lon="6.942">
        <ele>2379.4</ele>
        <time>2026-08-07T11:47:37Z</time>
      </trkpt>
      <trkpt lat="44.316611" lon="6.942003">
        <ele>2379.6</ele>
        <time>2026-08-07T11:47:40Z</time>
      </trkpt>
      <trkpt lat="44.316604" lon="6.941979">
        <ele>2380.0</ele>
        <time>2026-08-07T11:47:48Z</time>
      </trkpt>
      <trkpt lat="44.31658" lon="6.941973">
        <ele>2380.2</ele>
        <time>2026-08-07T11:47:55Z</time>
      </trkpt>
      <trkpt lat="44.316587" lon="6.941974">
        <ele>2380.2</ele>
        <time>2026-08-07T11:47:57Z</time>
      </trkpt>
      <trkpt lat="44.316593" lon="6.94197">
        <ele>2380.4</ele>
        <time>2026-08-07T11:48:08Z</time>
      </trkpt>
      <trkpt lat="44.316598" lon="6.941981">
        <ele>2380.8</ele>
        <time>2026-08-07T11:48:16Z</time>
      </trkpt>
      <trkpt lat="44.316607" lon="6.941983">
        <ele>2380.8</ele>
        <time>2026-08-07T11:48:24Z</time>
      </trkpt>
      <trkpt lat="44.316619" lon="6.941982">
        <ele>2380.8</ele>
        <time>2026-08-07T11:48:31Z</time>
      </trkpt>
      <trkpt lat="44.316613" lon="6.941987">
        <ele>2381.0</ele>
        <time>2026-08-07T11:48:34Z</time>
      </trkpt>
      <trkpt lat="44.316629" lon="6.941988">
        <ele>2380.8</ele>
        <time>2026-08-07T11:48:38Z</time>
      </trkpt>
      <trkpt lat="44.316642" lon="6.941981">
        <ele>2380.8</ele>
        <time>2026-08-07T11:48:40Z</time>
      </trkpt>
      <trkpt lat="44.316631" lon="6.941971">
        <ele>2381.0</ele>
        <time>2026-08-07T11:48:43Z</time>
      </trkpt>
      <trkpt lat="44.316626" lon="6.941948">
        <ele>2381.0</ele>
        <time>2026-08-07T11:48:49Z</time>
      </trkpt>
      <trkpt lat="44.316621" lon="6.941939">
        <ele>2381.0</ele>
        <time>2026-08-07T11:48:51Z</time>
      </trkpt>
      <trkpt lat="44.316594" lon="6.941945">
        <ele>2381.2</ele>
        <time>2026-08-07T11:48:58Z</time>
      </trkpt>
      <trkpt lat="44.316583" lon="6.941964">
        <ele>2381.2</ele>
        <time>2026-08-07T11:49:01Z</time>
      </trkpt>
      <trkpt lat="44.316592" lon="6.941988">
        <ele>2381.2</ele>
        <time>2026-08-07T11:49:10Z</time>
      </trkpt>
      <trkpt lat="44.316583" lon="6.941961">
        <ele>2381.2</ele>
        <time>2026-08-07T11:49:17Z</time>
      </trkpt>
      <trkpt lat="44.316576" lon="6.941946">
        <ele>2381.4</ele>
        <time>2026-08-07T11:49:22Z</time>
      </trkpt>
      <trkpt lat="44.316577" lon="6.941944">
        <ele>2381.6</ele>
        <time>2026-08-07T11:49:28Z</time>
      </trkpt>
      <trkpt lat="44.316611" lon="6.941938">
        <ele>2381.6</ele>
        <time>2026-08-07T11:49:37Z</time>
      </trkpt>
      <trkpt lat="44.316604" lon="6.941966">
        <ele>2381.8</ele>
        <time>2026-08-07T11:49:43Z</time>
      </trkpt>
      <trkpt lat="44.316601" lon="6.941976">
        <ele>2381.8</ele>
        <time>2026-08-07T11:49:45Z</time>
      </trkpt>
      <trkpt lat="44.316599" lon="6.942002">
        <ele>2382.0</ele>
        <time>2026-08-07T11:49:49Z</time>
      </trkpt>
      <trkpt lat="44.316598" lon="6.941999">
        <ele>2382.0</ele>
        <time>2026-08-07T11:49:50Z</time>
      </trkpt>
      <trkpt lat="44.316591" lon="6.942">
        <ele>2382.2</ele>
        <time>2026-08-07T11:49:54Z</time>
      </trkpt>
      <trkpt lat="44.316593" lon="6.941955">
        <ele>2382.4</ele>
        <time>2026-08-07T11:50:03Z</time>
      </trkpt>
      <trkpt lat="44.316603" lon="6.94195">
        <ele>2382.6</ele>
        <time>2026-08-07T11:50:14Z</time>
      </trkpt>
      <trkpt lat="44.316608" lon="6.941964">
        <ele>2382.4</ele>
        <time>2026-08-07T11:50:22Z</time>
      </trkpt>
      <trkpt lat="44.316595" lon="6.941964">
        <ele>2382.2</ele>
        <time>2026-08-07T11:50:30Z</time>
      </trkpt>
      <trkpt lat="44.316586" lon="6.941966">
        <ele>2382.2</ele>
        <time>2026-08-07T11:50:33Z</time>
      </trkpt>
      <trkpt lat="44.316586" lon="6.941978">
        <ele>2382.0</ele>
        <time>2026-08-07T11:50:38Z</time>
      </trkpt>
      <trkpt lat="44.316619" lon="6.941973">
        <ele>2381.8</ele>
        <time>2026-08-07T11:50:45Z</time>
      </trkpt>
      <trkpt lat="44.31657" lon="6.941948">
        <ele>2381.6</ele>
        <time>2026-08-07T11:50:54Z</time>
      </trkpt>
      <trkpt lat="44.316602" lon="6.941951">
        <ele>2381.4</ele>
        <time>2026-08-07T11:51:01Z</time>
      </trkpt>
      <trkpt lat="44.31662" lon="6.941967">
        <ele>2381.0</ele>
        <time>2026-08-07T11:51:09Z</time>
      </trkpt>
      <trkpt lat="44.31662" lon="6.941965">
        <ele>2381.0</ele>
        <time>2026-08-07T11:51:13Z</time>
      </trkpt>
      <trkpt lat="44.316599" lon="6.941964">
        <ele>2380.8</ele>
        <time>2026-08-07T11:51:20Z</time>
      </trkpt>
      <trkpt lat="44.316578" lon="6.94196">
        <ele>2380.8</ele>
        <time>2026-08-07T11:51:30Z</time>
      </trkpt>
      <trkpt lat="44.31658" lon="6.941961">
        <ele>2381.0</ele>
        <time>2026-08-07T11:51:41Z</time>
      </trkpt>
      <trkpt lat="44.31657" lon="6.941965">
        <ele>2381.0</ele>
        <time>2026-08-07T11:51:46Z</time>
      </trkpt>
      <trkpt lat="44.31657" lon="6.941966">
        <ele>2381.0</ele>
        <time>2026-08-07T11:51:47Z</time>
      </trkpt>
      <trkpt lat="44.316584" lon="6.941959">
        <ele>2381.2</ele>
        <time>2026-08-07T11:51:53Z</time>
      </trkpt>
      <trkpt lat="44.316587" lon="6.941942">
        <ele>2381.2</ele>
        <time>2026-08-07T11:51:57Z</time>
      </trkpt>
      <trkpt lat="44.316602" lon="6.941925">
        <ele>2380.8</ele>
        <time>2026-08-07T11:52:03Z</time>
      </trkpt>
      <trkpt lat="44.31659" lon="6.941956">
        <ele>2380.8</ele>
        <time>2026-08-07T11:52:10Z</time>
      </trkpt>
      <trkpt lat="44.316596" lon="6.941964">
        <ele>2380.8</ele>
        <time>2026-08-07T11:52:13Z</time>
      </trkpt>
      <trkpt lat="44.316594" lon="6.941979">
        <ele>2380.8</ele>
        <time>2026-08-07T11:52:19Z</time>
      </trkpt>
      <trkpt lat="44.316573" lon="6.94196">
        <ele>2380.4</ele>
        <time>2026-08-07T11:52:28Z</time>
      </trkpt>
      <trkpt lat="44.316568" lon="6.941963">
        <ele>2380.4</ele>
        <time>2026-08-07T11:52:36Z</time>
      </trkpt>
      <trkpt lat="44.316582" lon="6.941968">
        <ele>2380.6</ele>
        <time>2026-08-07T11:52:38Z</time>
      </trkpt>
      <trkpt lat="44.316583" lon="6.942003">
        <ele>2380.6</ele>
        <time>2026-08-07T11:52:45Z</time>
      </trkpt>
      <trkpt lat="44.316595" lon="6.942">
        <ele>2380.6</ele>
        <time>2026-08-07T11:52:47Z</time>
      </trkpt>
      <trkpt lat="44.316629" lon="6.942015">
        <ele>2381.0</ele>
        <time>2026-08-07T11:52:56Z</time>
      </trkpt>
      <trkpt lat="44.316618" lon="6.942009">
        <ele>2381.0</ele>
        <time>2026-08-07T11:53:03Z</time>
      </trkpt>
      <trkpt lat="44.316618" lon="6.942002">
        <ele>2381.0</ele>
        <time>2026-08-07T11:53:05Z</time>
      </trkpt>
      <trkpt lat="44.316599" lon="6.941956">
        <ele>2380.6</ele>
        <time>2026-08-07T11:53:11Z</time>
      </trkpt>
      <trkpt lat="44.31659" lon="6.941944">
        <ele>2380.6</ele>
        <time>2026-08-07T11:53:13Z</time>
      </trkpt>
      <trkpt lat="44.316595" lon="6.941961">
        <ele>2380.6</ele>
        <time>2026-08-07T11:53:18Z</time>
      </trkpt>
      <trkpt lat="44.316598" lon="6.941972">
        <ele>2380.4</ele>
        <time>2026-08-07T11:53:20Z</time>
      </trkpt>
      <trkpt lat="44.316608" lon="6.941978">
        <ele>2380.2</ele>
        <time>2026-08-07T11:53:27Z</time>
      </trkpt>
      <trkpt lat="44.316609" lon="6.941979">
        <ele>2380.2</ele>
        <time>2026-08-07T11:53:28Z</time>
      </trkpt>
      <trkpt lat="44.316605" lon="6.942004">
        <ele>2380.2</ele>
        <time>2026-08-07T11:53:39Z</time>
      </trkpt>
      <trkpt lat="44.3166" lon="6.941996">
        <ele>2380.2</ele>
        <time>2026-08-07T11:53:43Z</time>
      </trkpt>
      <trkpt lat="44.316595" lon="6.941973">
        <ele>2380.0</ele>
        <time>2026-08-07T11:53:49Z</time>
      </trkpt>
      <trkpt lat="44.316593" lon="6.941952">
        <ele>2380.0</ele>
        <time>2026-08-07T11:53:52Z</time>
      </trkpt>
      <trkpt lat="44.316594" lon="6.941942">
        <ele>2380.0</ele>
        <time>2026-08-07T11:53:54Z</time>
      </trkpt>
      <trkpt lat="44.316593" lon="6.941936">
        <ele>2380.0</ele>
        <time>2026-08-07T11:53:56Z</time>
      </trkpt>
      <trkpt lat="44.316584" lon="6.941954">
        <ele>2379.8</ele>
        <time>2026-08-07T11:54:04Z</time>
      </trkpt>
      <trkpt lat="44.316571" lon="6.941984">
        <ele>2379.8</ele>
        <time>2026-08-07T11:54:14Z</time>
      </trkpt>
      <trkpt lat="44.316584" lon="6.94197">
        <ele>2379.8</ele>
        <time>2026-08-07T11:54:21Z</time>
      </trkpt>
      <trkpt lat="44.316598" lon="6.941983">
        <ele>2379.6</ele>
        <time>2026-08-07T11:54:27Z</time>
      </trkpt>
      <trkpt lat="44.316588" lon="6.941985">
        <ele>2379.4</ele>
        <time>2026-08-07T11:54:29Z</time>
      </trkpt>
      <trkpt lat="44.316588" lon="6.941939">
        <ele>2379.6</ele>
        <time>2026-08-07T11:54:37Z</time>
      </trkpt>
      <trkpt lat="44.316608" lon="6.941933">
        <ele>2379.2</ele>
        <time>2026-08-07T11:54:48Z</time>
      </trkpt>
      <trkpt lat="44.316576" lon="6.941888">
        <ele>2379.0</ele>
        <time>2026-08-07T11:54:55Z</time>
      </trkpt>
      <trkpt lat="44.316573" lon="6.941873">
        <ele>2379.0</ele>
        <time>2026-08-07T11:54:57Z</time>
      </trkpt>
      <trkpt lat="44.316576" lon="6.941893">
        <ele>2378.8</ele>
        <time>2026-08-07T11:55:02Z</time>
      </trkpt>
      <trkpt lat="44.316579" lon="6.94189">
        <ele>2378.8</ele>
        <time>2026-08-07T11:55:06Z</time>
      </trkpt>
      <trkpt lat="44.31658" lon="6.941889">
        <ele>2378.8</ele>
        <time>2026-08-07T11:55:07Z</time>
      </trkpt>
      <trkpt lat="44.316594" lon="6.941903">
        <ele>2378.8</ele>
        <time>2026-08-07T11:55:13Z</time>
      </trkpt>
      <trkpt lat="44.316596" lon="6.941909">
        <ele>2378.8</ele>
        <time>2026-08-07T11:55:17Z</time>
      </trkpt>
      <trkpt lat="44.316596" lon="6.941943">
        <ele>2378.6</ele>
        <time>2026-08-07T11:55:27Z</time>
      </trkpt>
      <trkpt lat="44.316622" lon="6.941965">
        <ele>2378.8</ele>
        <time>2026-08-07T11:55:37Z</time>
      </trkpt>
      <trkpt lat="44.316601" lon="6.941961">
        <ele>2378.8</ele>
        <time>2026-08-07T11:55:48Z</time>
      </trkpt>
      <trkpt lat="44.31661" lon="6.941947">
        <ele>2378.6</ele>
        <time>2026-08-07T11:55:57Z</time>
      </trkpt>
      <trkpt lat="44.316603" lon="6.941952">
        <ele>2378.8</ele>
        <time>2026-08-07T11:56:05Z</time>
      </trkpt>
      <trkpt lat="44.316607" lon="6.941953">
        <ele>2379.0</ele>
        <time>2026-08-07T11:56:16Z</time>
      </trkpt>
      <trkpt lat="44.316615" lon="6.941962">
        <ele>2379.8</ele>
        <time>2026-08-07T11:56:27Z</time>
      </trkpt>
      <trkpt lat="44.316606" lon="6.941965">
        <ele>2380.0</ele>
        <time>2026-08-07T11:56:29Z</time>
      </trkpt>
      <trkpt lat="44.316595" lon="6.941988">
        <ele>2380.2</ele>
        <time>2026-08-07T11:56:35Z</time>
      </trkpt>
      <trkpt lat="44.316606" lon="6.941974">
        <ele>2379.8</ele>
        <time>2026-08-07T11:56:40Z</time>
      </trkpt>
      <trkpt lat="44.316611" lon="6.941962">
        <ele>2379.4</ele>
        <time>2026-08-07T11:56:44Z</time>
      </trkpt>
      <trkpt lat="44.316613" lon="6.94196">
        <ele>2379.4</ele>
        <time>2026-08-07T11:56:45Z</time>
      </trkpt>
      <trkpt lat="44.316632" lon="6.941949">
        <ele>2379.4</ele>
        <time>2026-08-07T11:56:52Z</time>
      </trkpt>
      <trkpt lat="44.316638" lon="6.941949">
        <ele>2379.2</ele>
        <time>2026-08-07T11:56:55Z</time>
      </trkpt>
      <trkpt lat="44.316637" lon="6.941952">
        <ele>2379.2</ele>
        <time>2026-08-07T11:56:58Z</time>
      </trkpt>
      <trkpt lat="44.316646" lon="6.941956">
        <ele>2379.0</ele>
        <time>2026-08-07T11:57:04Z</time>
      </trkpt>
      <trkpt lat="44.31665" lon="6.941952">
        <ele>2379.0</ele>
        <time>2026-08-07T11:57:05Z</time>
      </trkpt>
      <trkpt lat="44.31666" lon="6.941922">
        <ele>2378.8</ele>
        <time>2026-08-07T11:57:16Z</time>
      </trkpt>
      <trkpt lat="44.316634" lon="6.941924">
        <ele>2378.8</ele>
        <time>2026-08-07T11:57:22Z</time>
      </trkpt>
      <trkpt lat="44.316609" lon="6.94194">
        <ele>2378.6</ele>
        <time>2026-08-07T11:57:31Z</time>
      </trkpt>
      <trkpt lat="44.316609" lon="6.941947">
        <ele>2378.6</ele>
        <time>2026-08-07T11:57:33Z</time>
      </trkpt>
      <trkpt lat="44.316601" lon="6.941971">
        <ele>2378.4</ele>
        <time>2026-08-07T11:57:45Z</time>
      </trkpt>
      <trkpt lat="44.316602" lon="6.941976">
        <ele>2378.4</ele>
        <time>2026-08-07T11:57:47Z</time>
      </trkpt>
      <trkpt lat="44.316601" lon="6.941996">
        <ele>2378.6</ele>
        <time>2026-08-07T11:57:52Z</time>
      </trkpt>
      <trkpt lat="44.316582" lon="6.941979">
        <ele>2378.8</ele>
        <time>2026-08-07T11:57:56Z</time>
      </trkpt>
      <trkpt lat="44.31658" lon="6.941935">
        <ele>2378.6</ele>
        <time>2026-08-07T11:58:03Z</time>
      </trkpt>
      <trkpt lat="44.316579" lon="6.941935">
        <ele>2378.6</ele>
        <time>2026-08-07T11:58:05Z</time>
      </trkpt>
      <trkpt lat="44.316546" lon="6.941952">
        <ele>2378.2</ele>
        <time>2026-08-07T11:58:14Z</time>
      </trkpt>
      <trkpt lat="44.316574" lon="6.941909">
        <ele>2378.2</ele>
        <time>2026-08-07T11:58:23Z</time>
      </trkpt>
      <trkpt lat="44.316588" lon="6.941916">
        <ele>2377.8</ele>
        <time>2026-08-07T11:58:28Z</time>
      </trkpt>
      <trkpt lat="44.316591" lon="6.94197">
        <ele>2378.0</ele>
        <time>2026-08-07T11:58:34Z</time>
      </trkpt>
      <trkpt lat="44.3166" lon="6.94197">
        <ele>2378.4</ele>
        <time>2026-08-07T11:58:42Z</time>
      </trkpt>
      <trkpt lat="44.316608" lon="6.941971">
        <ele>2378.2</ele>
        <time>2026-08-07T11:58:47Z</time>
      </trkpt>
      <trkpt lat="44.316617" lon="6.941957">
        <ele>2378.0</ele>
        <time>2026-08-07T11:58:58Z</time>
      </trkpt>
      <trkpt lat="44.31662" lon="6.941953">
        <ele>2378.2</ele>
        <time>2026-08-07T11:59:01Z</time>
      </trkpt>
      <trkpt lat="44.316615" lon="6.941952">
        <ele>2378.0</ele>
        <time>2026-08-07T11:59:12Z</time>
      </trkpt>
      <trkpt lat="44.316618" lon="6.941949">
        <ele>2378.0</ele>
        <time>2026-08-07T11:59:16Z</time>
      </trkpt>
      <trkpt lat="44.316615" lon="6.941949">
        <ele>2378.0</ele>
        <time>2026-08-07T11:59:17Z</time>
      </trkpt>
      <trkpt lat="44.3166" lon="6.941953">
        <ele>2377.6</ele>
        <time>2026-08-07T11:59:20Z</time>
      </trkpt>
      <trkpt lat="44.316595" lon="6.941966">
        <ele>2377.4</ele>
        <time>2026-08-07T11:59:22Z</time>
      </trkpt>
      <trkpt lat="44.316597" lon="6.941966">
        <ele>2377.6</ele>
        <time>2026-08-07T11:59:32Z</time>
      </trkpt>
      <trkpt lat="44.316603" lon="6.941952">
        <ele>2377.4</ele>
        <time>2026-08-07T11:59:45Z</time>
      </trkpt>
      <trkpt lat="44.316609" lon="6.941967">
        <ele>2377.4</ele>
        <time>2026-08-07T11:59:58Z</time>
      </trkpt>
      <trkpt lat="44.316616" lon="6.941959">
        <ele>2377.6</ele>
        <time>2026-08-07T12:00:08Z</time>
      </trkpt>
      <trkpt lat="44.316617" lon="6.941957">
        <ele>2377.6</ele>
        <time>2026-08-07T12:00:10Z</time>
      </trkpt>
      <trkpt lat="44.316611" lon="6.941969">
        <ele>2377.4</ele>
        <time>2026-08-07T12:00:20Z</time>
      </trkpt>
      <trkpt lat="44.316583" lon="6.941975">
        <ele>2377.4</ele>
        <time>2026-08-07T12:00:26Z</time>
      </trkpt>
      <trkpt lat="44.316583" lon="6.941975">
        <ele>2377.2</ele>
        <time>2026-08-07T12:00:27Z</time>
      </trkpt>
      <trkpt lat="44.316583" lon="6.941973">
        <ele>2377.2</ele>
        <time>2026-08-07T12:00:28Z</time>
      </trkpt>
      <trkpt lat="44.316582" lon="6.94197">
        <ele>2377.0</ele>
        <time>2026-08-07T12:00:30Z</time>
      </trkpt>
      <trkpt lat="44.316577" lon="6.941957">
        <ele>2376.8</ele>
        <time>2026-08-07T12:00:34Z</time>
      </trkpt>
      <trkpt lat="44.3166" lon="6.94194">
        <ele>2377.0</ele>
        <time>2026-08-07T12:00:37Z</time>
      </trkpt>
      <trkpt lat="44.316583" lon="6.941953">
        <ele>2376.8</ele>
        <time>2026-08-07T12:00:45Z</time>
      </trkpt>
      <trkpt lat="44.316611" lon="6.941961">
        <ele>2376.6</ele>
        <time>2026-08-07T12:00:55Z</time>
      </trkpt>
      <trkpt lat="44.316599" lon="6.941957">
        <ele>2376.6</ele>
        <time>2026-08-07T12:01:03Z</time>
      </trkpt>
      <trkpt lat="44.316593" lon="6.941979">
        <ele>2376.2</ele>
        <time>2026-08-07T12:01:09Z</time>
      </trkpt>
      <trkpt lat="44.31659" lon="6.941988">
        <ele>2376.4</ele>
        <time>2026-08-07T12:01:11Z</time>
      </trkpt>
      <trkpt lat="44.316584" lon="6.941997">
        <ele>2376.2</ele>
        <time>2026-08-07T12:01:13Z</time>
      </trkpt>
      <trkpt lat="44.316606" lon="6.941987">
        <ele>2376.2</ele>
        <time>2026-08-07T12:01:20Z</time>
      </trkpt>
      <trkpt lat="44.316616" lon="6.941968">
        <ele>2375.8</ele>
        <time>2026-08-07T12:01:23Z</time>
      </trkpt>
      <trkpt lat="44.316623" lon="6.94196">
        <ele>2375.8</ele>
        <time>2026-08-07T12:01:28Z</time>
      </trkpt>
      <trkpt lat="44.316628" lon="6.941981">
        <ele>2375.6</ele>
        <time>2026-08-07T12:01:36Z</time>
      </trkpt>
      <trkpt lat="44.316617" lon="6.94199">
        <ele>2375.6</ele>
        <time>2026-08-07T12:01:39Z</time>
      </trkpt>
      <trkpt lat="44.316608" lon="6.941992">
        <ele>2376.0</ele>
        <time>2026-08-07T12:01:45Z</time>
      </trkpt>
      <trkpt lat="44.316604" lon="6.941984">
        <ele>2376.0</ele>
        <time>2026-08-07T12:01:47Z</time>
      </trkpt>
      <trkpt lat="44.3166" lon="6.941979">
        <ele>2375.8</ele>
        <time>2026-08-07T12:01:49Z</time>
      </trkpt>
      <trkpt lat="44.316595" lon="6.941971">
        <ele>2376.0</ele>
        <time>2026-08-07T12:01:51Z</time>
      </trkpt>
      <trkpt lat="44.316618" lon="6.941979">
        <ele>2376.2</ele>
        <time>2026-08-07T12:01:56Z</time>
      </trkpt>
      <trkpt lat="44.316645" lon="6.942004">
        <ele>2376.6</ele>
        <time>2026-08-07T12:02:05Z</time>
      </trkpt>
      <trkpt lat="44.316625" lon="6.941997">
        <ele>2376.4</ele>
        <time>2026-08-07T12:02:17Z</time>
      </trkpt>
      <trkpt lat="44.316636" lon="6.942005">
        <ele>2376.0</ele>
        <time>2026-08-07T12:02:27Z</time>
      </trkpt>
      <trkpt lat="44.316656" lon="6.942013">
        <ele>2376.0</ele>
        <time>2026-08-07T12:02:37Z</time>
      </trkpt>
      <trkpt lat="44.316676" lon="6.941982">
        <ele>2376.4</ele>
        <time>2026-08-07T12:02:42Z</time>
      </trkpt>
      <trkpt lat="44.316689" lon="6.941979">
        <ele>2376.6</ele>
        <time>2026-08-07T12:02:44Z</time>
      </trkpt>
      <trkpt lat="44.316736" lon="6.941983">
        <ele>2376.8</ele>
        <time>2026-08-07T12:02:48Z</time>
      </trkpt>
      <trkpt lat="44.316753" lon="6.94197">
        <ele>2377.0</ele>
        <time>2026-08-07T12:02:50Z</time>
      </trkpt>
      <trkpt lat="44.316845" lon="6.94197">
        <ele>2376.8</ele>
        <time>2026-08-07T12:02:55Z</time>
      </trkpt>
      <trkpt lat="44.316816" lon="6.941917">
        <ele>2376.8</ele>
        <time>2026-08-07T12:03:05Z</time>
      </trkpt>
      <trkpt lat="44.316817" lon="6.941926">
        <ele>2376.8</ele>
        <time>2026-08-07T12:03:06Z</time>
      </trkpt>
      <trkpt lat="44.316811" lon="6.941937">
        <ele>2376.8</ele>
        <time>2026-08-07T12:03:07Z</time>
      </trkpt>
      <trkpt lat="44.316809" lon="6.941944">
        <ele>2376.8</ele>
        <time>2026-08-07T12:03:08Z</time>
      </trkpt>
      <trkpt lat="44.316764" lon="6.942">
        <ele>2376.8</ele>
        <time>2026-08-07T12:03:16Z</time>
      </trkpt>
      <trkpt lat="44.316759" lon="6.942007">
        <ele>2376.8</ele>
        <time>2026-08-07T12:03:18Z</time>
      </trkpt>
      <trkpt lat="44.316726" lon="6.942046">
        <ele>2377.0</ele>
        <time>2026-08-07T12:03:31Z</time>
      </trkpt>
      <trkpt lat="44.316575" lon="6.942017">
        <ele>2376.6</ele>
        <time>2026-08-07T12:04:23Z</time>
      </trkpt>
      <trkpt lat="44.316639" lon="6.942027">
        <ele>2377.0</ele>
        <time>2026-08-07T12:04:29Z</time>
      </trkpt>
      <trkpt lat="44.316688" lon="6.94205">
        <ele>2377.4</ele>
        <time>2026-08-07T12:04:35Z</time>
      </trkpt>
      <trkpt lat="44.316733" lon="6.942064">
        <ele>2377.4</ele>
        <time>2026-08-07T12:04:41Z</time>
      </trkpt>
      <trkpt lat="44.316849" lon="6.942067">
        <ele>2377.4</ele>
        <time>2026-08-07T12:04:49Z</time>
      </trkpt>
      <trkpt lat="44.316853" lon="6.942065">
        <ele>2377.4</ele>
        <time>2026-08-07T12:04:50Z</time>
      </trkpt>
      <trkpt lat="44.316861" lon="6.942064">
        <ele>2377.4</ele>
        <time>2026-08-07T12:04:51Z</time>
      </trkpt>
      <trkpt lat="44.316887" lon="6.942064">
        <ele>2377.4</ele>
        <time>2026-08-07T12:04:54Z</time>
      </trkpt>
      <trkpt lat="44.316924" lon="6.942041">
        <ele>2377.4</ele>
        <time>2026-08-07T12:05:01Z</time>
      </trkpt>
      <trkpt lat="44.316935" lon="6.942052">
        <ele>2376.6</ele>
        <time>2026-08-07T12:05:12Z</time>
      </trkpt>
      <trkpt lat="44.316943" lon="6.941902">
        <ele>2376.2</ele>
        <time>2026-08-07T12:05:42Z</time>
      </trkpt>
      <trkpt lat="44.316658" lon="6.941997">
        <ele>2376.0</ele>
        <time>2026-08-07T12:05:43Z</time>
      </trkpt>
      <trkpt lat="44.316639" lon="6.942004">
        <ele>2375.8</ele>
        <time>2026-08-07T12:05:45Z</time>
      </trkpt>
      <trkpt lat="44.31662" lon="6.942">
        <ele>2375.6</ele>
        <time>2026-08-07T12:05:47Z</time>
      </trkpt>
      <trkpt lat="44.31661" lon="6.941973">
        <ele>2375.2</ele>
        <time>2026-08-07T12:05:53Z</time>
      </trkpt>
      <trkpt lat="44.316609" lon="6.941929">
        <ele>2375.2</ele>
        <time>2026-08-07T12:06:02Z</time>
      </trkpt>
      <trkpt lat="44.316611" lon="6.941923">
        <ele>2374.8</ele>
        <time>2026-08-07T12:06:11Z</time>
      </trkpt>
      <trkpt lat="44.316613" lon="6.941946">
        <ele>2374.8</ele>
        <time>2026-08-07T12:06:18Z</time>
      </trkpt>
      <trkpt lat="44.316611" lon="6.941951">
        <ele>2374.8</ele>
        <time>2026-08-07T12:06:21Z</time>
      </trkpt>
      <trkpt lat="44.316611" lon="6.941951">
        <ele>2374.6</ele>
        <time>2026-08-07T12:06:23Z</time>
      </trkpt>
      <trkpt lat="44.3166" lon="6.941917">
        <ele>2374.4</ele>
        <time>2026-08-07T12:06:35Z</time>
      </trkpt>
      <trkpt lat="44.316592" lon="6.941887">
        <ele>2374.2</ele>
        <time>2026-08-07T12:06:39Z</time>
      </trkpt>
      <trkpt lat="44.316584" lon="6.941901">
        <ele>2374.0</ele>
        <time>2026-08-07T12:06:43Z</time>
      </trkpt>
      <trkpt lat="44.316578" lon="6.941927">
        <ele>2374.4</ele>
        <time>2026-08-07T12:06:54Z</time>
      </trkpt>
      <trkpt lat="44.316622" lon="6.941921">
        <ele>2375.2</ele>
        <time>2026-08-07T12:07:06Z</time>
      </trkpt>
      <trkpt lat="44.316644" lon="6.941938">
        <ele>2374.6</ele>
        <time>2026-08-07T12:07:13Z</time>
      </trkpt>
      <trkpt lat="44.316636" lon="6.941936">
        <ele>2375.0</ele>
        <time>2026-08-07T12:07:18Z</time>
      </trkpt>
      <trkpt lat="44.31661" lon="6.941941">
        <ele>2375.0</ele>
        <time>2026-08-07T12:07:26Z</time>
      </trkpt>
      <trkpt lat="44.316591" lon="6.941953">
        <ele>2374.4</ele>
        <time>2026-08-07T12:07:33Z</time>
      </trkpt>
      <trkpt lat="44.316596" lon="6.94195">
        <ele>2374.2</ele>
        <time>2026-08-07T12:07:36Z</time>
      </trkpt>
      <trkpt lat="44.316602" lon="6.941935">
        <ele>2374.0</ele>
        <time>2026-08-07T12:07:43Z</time>
      </trkpt>
      <trkpt lat="44.316596" lon="6.941936">
        <ele>2373.8</ele>
        <time>2026-08-07T12:07:49Z</time>
      </trkpt>
      <trkpt lat="44.316597" lon="6.94194">
        <ele>2373.8</ele>
        <time>2026-08-07T12:07:54Z</time>
      </trkpt>
      <trkpt lat="44.316596" lon="6.941941">
        <ele>2373.8</ele>
        <time>2026-08-07T12:07:55Z</time>
      </trkpt>
      <trkpt lat="44.316591" lon="6.941947">
        <ele>2373.8</ele>
        <time>2026-08-07T12:07:57Z</time>
      </trkpt>
      <trkpt lat="44.316588" lon="6.94195">
        <ele>2373.6</ele>
        <time>2026-08-07T12:07:59Z</time>
      </trkpt>
      <trkpt lat="44.316587" lon="6.94195">
        <ele>2373.6</ele>
        <time>2026-08-07T12:08:00Z</time>
      </trkpt>
      <trkpt lat="44.316587" lon="6.94195">
        <ele>2373.6</ele>
        <time>2026-08-07T12:08:03Z</time>
      </trkpt>
      <trkpt lat="44.316587" lon="6.94195">
        <ele>2373.2</ele>
        <time>2026-08-07T12:08:30Z</time>
      </trkpt>
      <trkpt lat="44.316587" lon="6.94195">
        <ele>2373.2</ele>
        <time>2026-08-07T12:08:58Z</time>
      </trkpt>
      <trkpt lat="44.316597" lon="6.941943">
        <ele>2373.2</ele>
        <time>2026-08-07T12:09:00Z</time>
      </trkpt>
      <trkpt lat="44.316606" lon="6.94194">
        <ele>2373.2</ele>
        <time>2026-08-07T12:09:11Z</time>
      </trkpt>
      <trkpt lat="44.316592" lon="6.941943">
        <ele>2373.4</ele>
        <time>2026-08-07T12:09:22Z</time>
      </trkpt>
      <trkpt lat="44.316588" lon="6.941929">
        <ele>2373.4</ele>
        <time>2026-08-07T12:09:26Z</time>
      </trkpt>
      <trkpt lat="44.316602" lon="6.941926">
        <ele>2373.4</ele>
        <time>2026-08-07T12:09:33Z</time>
      </trkpt>
      <trkpt lat="44.316591" lon="6.941932">
        <ele>2373.2</ele>
        <time>2026-08-07T12:09:41Z</time>
      </trkpt>
      <trkpt lat="44.316572" lon="6.941924">
        <ele>2373.2</ele>
        <time>2026-08-07T12:09:47Z</time>
      </trkpt>
      <trkpt lat="44.316575" lon="6.941918">
        <ele>2373.0</ele>
        <time>2026-08-07T12:09:51Z</time>
      </trkpt>
      <trkpt lat="44.316604" lon="6.941905">
        <ele>2373.0</ele>
        <time>2026-08-07T12:10:00Z</time>
      </trkpt>
      <trkpt lat="44.316593" lon="6.941933">
        <ele>2373.0</ele>
        <time>2026-08-07T12:10:04Z</time>
      </trkpt>
      <trkpt lat="44.316591" lon="6.941958">
        <ele>2373.0</ele>
        <time>2026-08-07T12:10:08Z</time>
      </trkpt>
      <trkpt lat="44.316603" lon="6.94196">
        <ele>2373.0</ele>
        <time>2026-08-07T12:10:20Z</time>
      </trkpt>
      <trkpt lat="44.316611" lon="6.941987">
        <ele>2373.2</ele>
        <time>2026-08-07T12:10:31Z</time>
      </trkpt>
      <trkpt lat="44.316637" lon="6.941993">
        <ele>2373.2</ele>
        <time>2026-08-07T12:10:38Z</time>
      </trkpt>
      <trkpt lat="44.316642" lon="6.941989">
        <ele>2373.0</ele>
        <time>2026-08-07T12:10:42Z</time>
      </trkpt>
      <trkpt lat="44.316603" lon="6.941953">
        <ele>2373.2</ele>
        <time>2026-08-07T12:10:52Z</time>
      </trkpt>
      <trkpt lat="44.316612" lon="6.941927">
        <ele>2373.2</ele>
        <time>2026-08-07T12:11:02Z</time>
      </trkpt>
      <trkpt lat="44.31661" lon="6.941909">
        <ele>2373.2</ele>
        <time>2026-08-07T12:11:11Z</time>
      </trkpt>
      <trkpt lat="44.31659" lon="6.941945">
        <ele>2373.2</ele>
        <time>2026-08-07T12:11:20Z</time>
      </trkpt>
      <trkpt lat="44.316585" lon="6.941917">
        <ele>2373.4</ele>
        <time>2026-08-07T12:11:26Z</time>
      </trkpt>
      <trkpt lat="44.316577" lon="6.941914">
        <ele>2373.4</ele>
        <time>2026-08-07T12:11:29Z</time>
      </trkpt>
      <trkpt lat="44.316582" lon="6.94194">
        <ele>2373.4</ele>
        <time>2026-08-07T12:11:34Z</time>
      </trkpt>
      <trkpt lat="44.316589" lon="6.941938">
        <ele>2373.8</ele>
        <time>2026-08-07T12:11:37Z</time>
      </trkpt>
      <trkpt lat="44.316589" lon="6.941933">
        <ele>2373.8</ele>
        <time>2026-08-07T12:11:39Z</time>
      </trkpt>
      <trkpt lat="44.316598" lon="6.941917">
        <ele>2374.0</ele>
        <time>2026-08-07T12:11:47Z</time>
      </trkpt>
      <trkpt lat="44.316605" lon="6.941936">
        <ele>2373.8</ele>
        <time>2026-08-07T12:11:49Z</time>
      </trkpt>
      <trkpt lat="44.316612" lon="6.941933">
        <ele>2373.6</ele>
        <time>2026-08-07T12:11:56Z</time>
      </trkpt>
      <trkpt lat="44.316611" lon="6.941911">
        <ele>2373.6</ele>
        <time>2026-08-07T12:12:08Z</time>
      </trkpt>
      <trkpt lat="44.316608" lon="6.941938">
        <ele>2374.0</ele>
        <time>2026-08-07T12:12:18Z</time>
      </trkpt>
      <trkpt lat="44.316668" lon="6.941984">
        <ele>2374.4</ele>
        <time>2026-08-07T12:12:25Z</time>
      </trkpt>
      <trkpt lat="44.316691" lon="6.941994">
        <ele>2374.8</ele>
        <time>2026-08-07T12:12:28Z</time>
      </trkpt>
      <trkpt lat="44.316745" lon="6.942024">
        <ele>2374.6</ele>
        <time>2026-08-07T12:12:35Z</time>
      </trkpt>
      <trkpt lat="44.316671" lon="6.941943">
        <ele>2375.2</ele>
        <time>2026-08-07T12:13:14Z</time>
      </trkpt>
      <trkpt lat="44.316612" lon="6.941934">
        <ele>2374.6</ele>
        <time>2026-08-07T12:13:18Z</time>
      </trkpt>
      <trkpt lat="44.316608" lon="6.941931">
        <ele>2374.6</ele>
        <time>2026-08-07T12:13:19Z</time>
      </trkpt>
      <trkpt lat="44.31664" lon="6.941943">
        <ele>2374.4</ele>
        <time>2026-08-07T12:13:24Z</time>
      </trkpt>
      <trkpt lat="44.316685" lon="6.94194">
        <ele>2375.2</ele>
        <time>2026-08-07T12:13:29Z</time>
      </trkpt>
      <trkpt lat="44.316701" lon="6.941938">
        <ele>2375.2</ele>
        <time>2026-08-07T12:13:31Z</time>
      </trkpt>
      <trkpt lat="44.316716" lon="6.941936">
        <ele>2375.0</ele>
        <time>2026-08-07T12:13:33Z</time>
      </trkpt>
      <trkpt lat="44.31662" lon="6.941992">
        <ele>2374.0</ele>
        <time>2026-08-07T12:16:01Z</time>
      </trkpt>
      <trkpt lat="44.316643" lon="6.94199">
        <ele>2373.8</ele>
        <time>2026-08-07T12:16:03Z</time>
      </trkpt>
      <trkpt lat="44.316622" lon="6.941998">
        <ele>2373.6</ele>
        <time>2026-08-07T12:16:08Z</time>
      </trkpt>
      <trkpt lat="44.316617" lon="6.941988">
        <ele>2373.6</ele>
        <time>2026-08-07T12:16:15Z</time>
      </trkpt>
      <trkpt lat="44.316615" lon="6.941979">
        <ele>2373.4</ele>
        <time>2026-08-07T12:16:16Z</time>
      </trkpt>
      <trkpt lat="44.316614" lon="6.941974">
        <ele>2373.4</ele>
        <time>2026-08-07T12:16:17Z</time>
      </trkpt>
      <trkpt lat="44.316608" lon="6.941975">
        <ele>2373.4</ele>
        <time>2026-08-07T12:16:22Z</time>
      </trkpt>
      <trkpt lat="44.316633" lon="6.941967">
        <ele>2373.4</ele>
        <time>2026-08-07T12:16:25Z</time>
      </trkpt>
      <trkpt lat="44.316646" lon="6.94198">
        <ele>2373.2</ele>
        <time>2026-08-07T12:16:29Z</time>
      </trkpt>
      <trkpt lat="44.316639" lon="6.941992">
        <ele>2373.2</ele>
        <time>2026-08-07T12:16:31Z</time>
      </trkpt>
      <trkpt lat="44.316663" lon="6.941963">
        <ele>2373.2</ele>
        <time>2026-08-07T12:16:40Z</time>
      </trkpt>
      <trkpt lat="44.316671" lon="6.941943">
        <ele>2373.2</ele>
        <time>2026-08-07T12:16:42Z</time>
      </trkpt>
      <trkpt lat="44.316662" lon="6.941933">
        <ele>2373.2</ele>
        <time>2026-08-07T12:16:45Z</time>
      </trkpt>
      <trkpt lat="44.316653" lon="6.941926">
        <ele>2373.2</ele>
        <time>2026-08-07T12:16:47Z</time>
      </trkpt>
      <trkpt lat="44.316634" lon="6.941867">
        <ele>2373.2</ele>
        <time>2026-08-07T12:16:55Z</time>
      </trkpt>
      <trkpt lat="44.31663" lon="6.941899">
        <ele>2373.2</ele>
        <time>2026-08-07T12:17:04Z</time>
      </trkpt>
      <trkpt lat="44.316622" lon="6.941929">
        <ele>2373.2</ele>
        <time>2026-08-07T12:17:14Z</time>
      </trkpt>
      <trkpt lat="44.316629" lon="6.941926">
        <ele>2373.4</ele>
        <time>2026-08-07T12:17:17Z</time>
      </trkpt>
      <trkpt lat="44.316629" lon="6.941924">
        <ele>2373.4</ele>
        <time>2026-08-07T12:17:19Z</time>
      </trkpt>
      <trkpt lat="44.316616" lon="6.941945">
        <ele>2373.4</ele>
        <time>2026-08-07T12:17:25Z</time>
      </trkpt>
      <trkpt lat="44.316577" lon="6.94199">
        <ele>2373.4</ele>
        <time>2026-08-07T12:17:33Z</time>
      </trkpt>
      <trkpt lat="44.316618" lon="6.941924">
        <ele>2373.6</ele>
        <time>2026-08-07T12:17:39Z</time>
      </trkpt>
      <trkpt lat="44.316622" lon="6.941918">
        <ele>2373.6</ele>
        <time>2026-08-07T12:17:40Z</time>
      </trkpt>
      <trkpt lat="44.316619" lon="6.941934">
        <ele>2373.6</ele>
        <time>2026-08-07T12:17:48Z</time>
      </trkpt>
      <trkpt lat="44.316632" lon="6.941951">
        <ele>2373.8</ele>
        <time>2026-08-07T12:17:52Z</time>
      </trkpt>
      <trkpt lat="44.316637" lon="6.941968">
        <ele>2373.6</ele>
        <time>2026-08-07T12:17:59Z</time>
      </trkpt>
      <trkpt lat="44.316629" lon="6.941961">
        <ele>2373.6</ele>
        <time>2026-08-07T12:18:05Z</time>
      </trkpt>
      <trkpt lat="44.316639" lon="6.941986">
        <ele>2373.4</ele>
        <time>2026-08-07T12:18:09Z</time>
      </trkpt>
      <trkpt lat="44.31664" lon="6.941983">
        <ele>2373.2</ele>
        <time>2026-08-07T12:18:14Z</time>
      </trkpt>
      <trkpt lat="44.316626" lon="6.941952">
        <ele>2373.2</ele>
        <time>2026-08-07T12:18:19Z</time>
      </trkpt>
      <trkpt lat="44.316629" lon="6.941952">
        <ele>2373.2</ele>
        <time>2026-08-07T12:18:26Z</time>
      </trkpt>
      <trkpt lat="44.316639" lon="6.941954">
        <ele>2373.2</ele>
        <time>2026-08-07T12:18:28Z</time>
      </trkpt>
      <trkpt lat="44.316663" lon="6.941936">
        <ele>2373.2</ele>
        <time>2026-08-07T12:18:34Z</time>
      </trkpt>
      <trkpt lat="44.316658" lon="6.941941">
        <ele>2373.2</ele>
        <time>2026-08-07T12:18:36Z</time>
      </trkpt>
      <trkpt lat="44.316603" lon="6.941961">
        <ele>2373.0</ele>
        <time>2026-08-07T12:18:44Z</time>
      </trkpt>
      <trkpt lat="44.31661" lon="6.941961">
        <ele>2373.0</ele>
        <time>2026-08-07T12:18:53Z</time>
      </trkpt>
      <trkpt lat="44.316624" lon="6.941981">
        <ele>2373.0</ele>
        <time>2026-08-07T12:19:03Z</time>
      </trkpt>
      <trkpt lat="44.316618" lon="6.941974">
        <ele>2373.0</ele>
        <time>2026-08-07T12:19:04Z</time>
      </trkpt>
      <trkpt lat="44.316613" lon="6.941965">
        <ele>2373.0</ele>
        <time>2026-08-07T12:19:10Z</time>
      </trkpt>
      <trkpt lat="44.316598" lon="6.941969">
        <ele>2373.0</ele>
        <time>2026-08-07T12:19:13Z</time>
      </trkpt>
      <trkpt lat="44.316603" lon="6.941979">
        <ele>2373.0</ele>
        <time>2026-08-07T12:19:22Z</time>
      </trkpt>
      <trkpt lat="44.316601" lon="6.941975">
        <ele>2373.2</ele>
        <time>2026-08-07T12:19:31Z</time>
      </trkpt>
      <trkpt lat="44.316594" lon="6.941956">
        <ele>2373.2</ele>
        <time>2026-08-07T12:19:40Z</time>
      </trkpt>
      <trkpt lat="44.316598" lon="6.94195">
        <ele>2373.0</ele>
        <time>2026-08-07T12:19:44Z</time>
      </trkpt>
      <trkpt lat="44.316575" lon="6.941951">
        <ele>2373.0</ele>
        <time>2026-08-07T12:19:49Z</time>
      </trkpt>
      <trkpt lat="44.316561" lon="6.941939">
        <ele>2373.0</ele>
        <time>2026-08-07T12:19:53Z</time>
      </trkpt>
      <trkpt lat="44.316562" lon="6.941937">
        <ele>2373.0</ele>
        <time>2026-08-07T12:19:54Z</time>
      </trkpt>
      <trkpt lat="44.316568" lon="6.941938">
        <ele>2373.0</ele>
        <time>2026-08-07T12:19:56Z</time>
      </trkpt>
      <trkpt lat="44.31658" lon="6.941939">
        <ele>2373.0</ele>
        <time>2026-08-07T12:19:58Z</time>
      </trkpt>
      <trkpt lat="44.316598" lon="6.941948">
        <ele>2372.8</ele>
        <time>2026-08-07T12:20:03Z</time>
      </trkpt>
      <trkpt lat="44.316602" lon="6.941962">
        <ele>2372.8</ele>
        <time>2026-08-07T12:20:05Z</time>
      </trkpt>
      <trkpt lat="44.316604" lon="6.941968">
        <ele>2372.8</ele>
        <time>2026-08-07T12:20:06Z</time>
      </trkpt>
      <trkpt lat="44.316605" lon="6.941971">
        <ele>2372.8</ele>
        <time>2026-08-07T12:20:07Z</time>
      </trkpt>
      <trkpt lat="44.316608" lon="6.94197">
        <ele>2372.8</ele>
        <time>2026-08-07T12:20:08Z</time>
      </trkpt>
      <trkpt lat="44.316612" lon="6.941963">
        <ele>2372.6</ele>
        <time>2026-08-07T12:20:17Z</time>
      </trkpt>
      <trkpt lat="44.316603" lon="6.941928">
        <ele>2372.8</ele>
        <time>2026-08-07T12:20:27Z</time>
      </trkpt>
      <trkpt lat="44.316612" lon="6.941951">
        <ele>2372.8</ele>
        <time>2026-08-07T12:20:37Z</time>
      </trkpt>
      <trkpt lat="44.316628" lon="6.94201">
        <ele>2372.6</ele>
        <time>2026-08-07T12:20:47Z</time>
      </trkpt>
      <trkpt lat="44.316635" lon="6.942">
        <ele>2372.6</ele>
        <time>2026-08-07T12:20:55Z</time>
      </trkpt>
      <trkpt lat="44.316584" lon="6.941945">
        <ele>2372.4</ele>
        <time>2026-08-07T12:21:03Z</time>
      </trkpt>
      <trkpt lat="44.316585" lon="6.941933">
        <ele>2372.6</ele>
        <time>2026-08-07T12:21:12Z</time>
      </trkpt>
      <trkpt lat="44.316607" lon="6.941957">
        <ele>2372.8</ele>
        <time>2026-08-07T12:21:18Z</time>
      </trkpt>
      <trkpt lat="44.316589" lon="6.941971">
        <ele>2372.8</ele>
        <time>2026-08-07T12:21:27Z</time>
      </trkpt>
      <trkpt lat="44.316593" lon="6.941976">
        <ele>2372.8</ele>
        <time>2026-08-07T12:21:38Z</time>
      </trkpt>
      <trkpt lat="44.316605" lon="6.941967">
        <ele>2373.0</ele>
        <time>2026-08-07T12:21:47Z</time>
      </trkpt>
      <trkpt lat="44.316611" lon="6.941939">
        <ele>2373.0</ele>
        <time>2026-08-07T12:21:58Z</time>
      </trkpt>
      <trkpt lat="44.316609" lon="6.94193">
        <ele>2372.8</ele>
        <time>2026-08-07T12:22:09Z</time>
      </trkpt>
      <trkpt lat="44.3166" lon="6.94196">
        <ele>2372.8</ele>
        <time>2026-08-07T12:22:18Z</time>
      </trkpt>
      <trkpt lat="44.316635" lon="6.941967">
        <ele>2373.0</ele>
        <time>2026-08-07T12:22:27Z</time>
      </trkpt>
      <trkpt lat="44.316642" lon="6.941964">
        <ele>2373.2</ele>
        <time>2026-08-07T12:22:29Z</time>
      </trkpt>
      <trkpt lat="44.316625" lon="6.941961">
        <ele>2373.0</ele>
        <time>2026-08-07T12:22:39Z</time>
      </trkpt>
      <trkpt lat="44.316601" lon="6.941951">
        <ele>2373.0</ele>
        <time>2026-08-07T12:22:49Z</time>
      </trkpt>
      <trkpt lat="44.316602" lon="6.941967">
        <ele>2373.0</ele>
        <time>2026-08-07T12:22:58Z</time>
      </trkpt>
      <trkpt lat="44.316644" lon="6.941978">
        <ele>2373.0</ele>
        <time>2026-08-07T12:23:10Z</time>
      </trkpt>
      <trkpt lat="44.316641" lon="6.941976">
        <ele>2373.0</ele>
        <time>2026-08-07T12:23:14Z</time>
      </trkpt>
      <trkpt lat="44.316662" lon="6.941984">
        <ele>2373.0</ele>
        <time>2026-08-07T12:23:18Z</time>
      </trkpt>
      <trkpt lat="44.316672" lon="6.941991">
        <ele>2373.0</ele>
        <time>2026-08-07T12:23:21Z</time>
      </trkpt>
      <trkpt lat="44.316631" lon="6.941996">
        <ele>2373.0</ele>
        <time>2026-08-07T12:23:30Z</time>
      </trkpt>
      <trkpt lat="44.316624" lon="6.941975">
        <ele>2373.4</ele>
        <time>2026-08-07T12:23:40Z</time>
      </trkpt>
      <trkpt lat="44.316635" lon="6.94197">
        <ele>2373.2</ele>
        <time>2026-08-07T12:23:51Z</time>
      </trkpt>
      <trkpt lat="44.316643" lon="6.941963">
        <ele>2373.2</ele>
        <time>2026-08-07T12:23:58Z</time>
      </trkpt>
      <trkpt lat="44.316633" lon="6.941957">
        <ele>2373.4</ele>
        <time>2026-08-07T12:24:03Z</time>
      </trkpt>
      <trkpt lat="44.316631" lon="6.941955">
        <ele>2373.4</ele>
        <time>2026-08-07T12:24:05Z</time>
      </trkpt>
      <trkpt lat="44.316619" lon="6.941952">
        <ele>2373.2</ele>
        <time>2026-08-07T12:24:13Z</time>
      </trkpt>
      <trkpt lat="44.316632" lon="6.941966">
        <ele>2372.8</ele>
        <time>2026-08-07T12:24:24Z</time>
      </trkpt>
      <trkpt lat="44.316641" lon="6.941952">
        <ele>2372.4</ele>
        <time>2026-08-07T12:24:38Z</time>
      </trkpt>
      <trkpt lat="44.31661" lon="6.941946">
        <ele>2372.6</ele>
        <time>2026-08-07T12:24:47Z</time>
      </trkpt>
      <trkpt lat="44.316609" lon="6.941945">
        <ele>2372.4</ele>
        <time>2026-08-07T12:24:48Z</time>
      </trkpt>
      <trkpt lat="44.316656" lon="6.941984">
        <ele>2372.6</ele>
        <time>2026-08-07T12:24:56Z</time>
      </trkpt>
      <trkpt lat="44.316648" lon="6.941997">
        <ele>2372.6</ele>
        <time>2026-08-07T12:24:58Z</time>
      </trkpt>
      <trkpt lat="44.316641" lon="6.942006">
        <ele>2372.6</ele>
        <time>2026-08-07T12:25:00Z</time>
      </trkpt>
      <trkpt lat="44.316628" lon="6.942004">
        <ele>2372.8</ele>
        <time>2026-08-07T12:25:05Z</time>
      </trkpt>
      <trkpt lat="44.316593" lon="6.941935">
        <ele>2372.6</ele>
        <time>2026-08-07T12:25:14Z</time>
      </trkpt>
      <trkpt lat="44.316596" lon="6.941944">
        <ele>2372.8</ele>
        <time>2026-08-07T12:25:23Z</time>
      </trkpt>
      <trkpt lat="44.316598" lon="6.941934">
        <ele>2372.8</ele>
        <time>2026-08-07T12:25:35Z</time>
      </trkpt>
      <trkpt lat="44.316612" lon="6.941936">
        <ele>2372.8</ele>
        <time>2026-08-07T12:25:39Z</time>
      </trkpt>
      <trkpt lat="44.316623" lon="6.94194">
        <ele>2373.0</ele>
        <time>2026-08-07T12:25:44Z</time>
      </trkpt>
      <trkpt lat="44.316623" lon="6.941955">
        <ele>2373.0</ele>
        <time>2026-08-07T12:25:52Z</time>
      </trkpt>
      <trkpt lat="44.316623" lon="6.941955">
        <ele>2373.0</ele>
        <time>2026-08-07T12:25:54Z</time>
      </trkpt>
      <trkpt lat="44.316622" lon="6.941942">
        <ele>2373.0</ele>
        <time>2026-08-07T12:26:07Z</time>
      </trkpt>
      <trkpt lat="44.316605" lon="6.941966">
        <ele>2373.0</ele>
        <time>2026-08-07T12:26:15Z</time>
      </trkpt>
      <trkpt lat="44.316611" lon="6.941943">
        <ele>2373.0</ele>
        <time>2026-08-07T12:26:23Z</time>
      </trkpt>
    </trkseg>
  </trk>
</gpx>