<?xml version="1.0" encoding="UTF-8"?>
<gpx xmlns="http://www.topografix.com/GPX/1/1" xmlns:xsi="http://www.w3.org/2001/XMLSchema-instance" xsi:schemaLocation="http://www.topografix.com/GPX/1/1 http://www.topografix.com/GPX/1/1/gpx.xsd" version="1.1" creator="Alta Linea Continua">
  <metadata>
    <name>Alta Linea Continua – Stage 21: Colle dell'Agnello to Lac d'Asti</name>
  </metadata>
  <trk>
    <name>Alta Linea Continua – Stage 21: Colle dell'Agnello to Lac d'Asti</name>
    <trkseg>
      <trkpt lat="44.681658" lon="6.959816">
        <ele>2878.0</ele>
        <time>2026-08-16T05:20:02Z</time>
      </trkpt>
      <trkpt lat="44.681653" lon="6.959826">
        <ele>2877.8</ele>
        <time>2026-08-16T05:20:07Z</time>
      </trkpt>
      <trkpt lat="44.681671" lon="6.959799">
        <ele>2877.8</ele>
        <time>2026-08-16T05:20:09Z</time>
      </trkpt>
      <trkpt lat="44.68163" lon="6.959825">
        <ele>2878.0</ele>
        <time>2026-08-16T05:20:15Z</time>
      </trkpt>
      <trkpt lat="44.681576" lon="6.959923">
        <ele>2877.6</ele>
        <time>2026-08-16T05:20:26Z</time>
      </trkpt>
      <trkpt lat="44.681519" lon="6.960082">
        <ele>2877.0</ele>
        <time>2026-08-16T05:20:36Z</time>
      </trkpt>
      <trkpt lat="44.681493" lon="6.960122">
        <ele>2877.0</ele>
        <time>2026-08-16T05:20:39Z</time>
      </trkpt>
      <trkpt lat="44.68145" lon="6.960172">
        <ele>2877.0</ele>
        <time>2026-08-16T05:20:43Z</time>
      </trkpt>
      <trkpt lat="44.681424" lon="6.96028">
        <ele>2876.0</ele>
        <time>2026-08-16T05:20:51Z</time>
      </trkpt>
      <trkpt lat="44.681426" lon="6.960295">
        <ele>2875.8</ele>
        <time>2026-08-16T05:20:52Z</time>
      </trkpt>
      <trkpt lat="44.681438" lon="6.960367">
        <ele>2874.8</ele>
        <time>2026-08-16T05:20:57Z</time>
      </trkpt>
      <trkpt lat="44.681453" lon="6.960412">
        <ele>2873.8</ele>
        <time>2026-08-16T05:21:00Z</time>
      </trkpt>
      <trkpt lat="44.681459" lon="6.960428">
        <ele>2873.6</ele>
        <time>2026-08-16T05:21:01Z</time>
      </trkpt>
      <trkpt lat="44.681475" lon="6.960483">
        <ele>2872.4</ele>
        <time>2026-08-16T05:21:05Z</time>
      </trkpt>
      <trkpt lat="44.681477" lon="6.960542">
        <ele>2871.2</ele>
        <time>2026-08-16T05:21:09Z</time>
      </trkpt>
      <trkpt lat="44.681478" lon="6.960559">
        <ele>2871.0</ele>
        <time>2026-08-16T05:21:10Z</time>
      </trkpt>
      <trkpt lat="44.681477" lon="6.960583">
        <ele>2870.2</ele>
        <time>2026-08-16T05:21:12Z</time>
      </trkpt>
      <trkpt lat="44.681474" lon="6.960622">
        <ele>2869.2</ele>
        <time>2026-08-16T05:21:15Z</time>
      </trkpt>
      <trkpt lat="44.681476" lon="6.96067">
        <ele>2868.0</ele>
        <time>2026-08-16T05:21:19Z</time>
      </trkpt>
      <trkpt lat="44.681498" lon="6.960715">
        <ele>2866.8</ele>
        <time>2026-08-16T05:21:25Z</time>
      </trkpt>
      <trkpt lat="44.681502" lon="6.960768">
        <ele>2865.8</ele>
        <time>2026-08-16T05:21:29Z</time>
      </trkpt>
      <trkpt lat="44.681504" lon="6.960781">
        <ele>2865.6</ele>
        <time>2026-08-16T05:21:30Z</time>
      </trkpt>
      <trkpt lat="44.681505" lon="6.960825">
        <ele>2864.4</ele>
        <time>2026-08-16T05:21:34Z</time>
      </trkpt>
      <trkpt lat="44.681512" lon="6.960879">
        <ele>2863.2</ele>
        <time>2026-08-16T05:21:38Z</time>
      </trkpt>
      <trkpt lat="44.681513" lon="6.960891">
        <ele>2862.8</ele>
        <time>2026-08-16T05:21:39Z</time>
      </trkpt>
      <trkpt lat="44.681515" lon="6.960922">
        <ele>2862.0</ele>
        <time>2026-08-16T05:21:41Z</time>
      </trkpt>
      <trkpt lat="44.681518" lon="6.960943">
        <ele>2861.0</ele>
        <time>2026-08-16T05:21:44Z</time>
      </trkpt>
      <trkpt lat="44.681509" lon="6.960957">
        <ele>2860.0</ele>
        <time>2026-08-16T05:21:47Z</time>
      </trkpt>
      <trkpt lat="44.681499" lon="6.960965">
        <ele>2859.6</ele>
        <time>2026-08-16T05:21:48Z</time>
      </trkpt>
      <trkpt lat="44.681466" lon="6.960999">
        <ele>2858.4</ele>
        <time>2026-08-16T05:21:52Z</time>
      </trkpt>
      <trkpt lat="44.681457" lon="6.961017">
        <ele>2858.0</ele>
        <time>2026-08-16T05:21:53Z</time>
      </trkpt>
      <trkpt lat="44.681426" lon="6.961075">
        <ele>2857.2</ele>
        <time>2026-08-16T05:21:57Z</time>
      </trkpt>
      <trkpt lat="44.681412" lon="6.961107">
        <ele>2856.6</ele>
        <time>2026-08-16T05:22:00Z</time>
      </trkpt>
      <trkpt lat="44.681406" lon="6.961137">
        <ele>2856.2</ele>
        <time>2026-08-16T05:22:02Z</time>
      </trkpt>
      <trkpt lat="44.681404" lon="6.961197">
        <ele>2855.0</ele>
        <time>2026-08-16T05:22:07Z</time>
      </trkpt>
      <trkpt lat="44.681411" lon="6.961244">
        <ele>2854.0</ele>
        <time>2026-08-16T05:22:11Z</time>
      </trkpt>
      <trkpt lat="44.681413" lon="6.961302">
        <ele>2853.0</ele>
        <time>2026-08-16T05:22:16Z</time>
      </trkpt>
      <trkpt lat="44.681414" lon="6.961322">
        <ele>2852.8</ele>
        <time>2026-08-16T05:22:17Z</time>
      </trkpt>
      <trkpt lat="44.681416" lon="6.961376">
        <ele>2851.6</ele>
        <time>2026-08-16T05:22:21Z</time>
      </trkpt>
      <trkpt lat="44.68141" lon="6.961416">
        <ele>2851.0</ele>
        <time>2026-08-16T05:22:24Z</time>
      </trkpt>
      <trkpt lat="44.681381" lon="6.961513">
        <ele>2850.4</ele>
        <time>2026-08-16T05:22:30Z</time>
      </trkpt>
      <trkpt lat="44.681372" lon="6.961535">
        <ele>2850.2</ele>
        <time>2026-08-16T05:22:32Z</time>
      </trkpt>
      <trkpt lat="44.681374" lon="6.961599">
        <ele>2849.2</ele>
        <time>2026-08-16T05:22:37Z</time>
      </trkpt>
      <trkpt lat="44.68139" lon="6.961595">
        <ele>2848.8</ele>
        <time>2026-08-16T05:22:39Z</time>
      </trkpt>
      <trkpt lat="44.681409" lon="6.961584">
        <ele>2848.2</ele>
        <time>2026-08-16T05:22:41Z</time>
      </trkpt>
      <trkpt lat="44.681415" lon="6.961578">
        <ele>2848.0</ele>
        <time>2026-08-16T05:22:42Z</time>
      </trkpt>
      <trkpt lat="44.681454" lon="6.961528">
        <ele>2847.0</ele>
        <time>2026-08-16T05:22:47Z</time>
      </trkpt>
      <trkpt lat="44.681458" lon="6.96152">
        <ele>2846.2</ele>
        <time>2026-08-16T05:22:49Z</time>
      </trkpt>
      <trkpt lat="44.681457" lon="6.961547">
        <ele>2845.8</ele>
        <time>2026-08-16T05:22:51Z</time>
      </trkpt>
      <trkpt lat="44.68146" lon="6.961584">
        <ele>2845.2</ele>
        <time>2026-08-16T05:22:54Z</time>
      </trkpt>
      <trkpt lat="44.681458" lon="6.96163">
        <ele>2844.6</ele>
        <time>2026-08-16T05:22:57Z</time>
      </trkpt>
      <trkpt lat="44.681445" lon="6.96167">
        <ele>2843.6</ele>
        <time>2026-08-16T05:23:01Z</time>
      </trkpt>
      <trkpt lat="44.681441" lon="6.961679">
        <ele>2843.4</ele>
        <time>2026-08-16T05:23:02Z</time>
      </trkpt>
      <trkpt lat="44.681451" lon="6.961714">
        <ele>2842.6</ele>
        <time>2026-08-16T05:23:05Z</time>
      </trkpt>
      <trkpt lat="44.681459" lon="6.961721">
        <ele>2842.4</ele>
        <time>2026-08-16T05:23:06Z</time>
      </trkpt>
      <trkpt lat="44.681476" lon="6.961712">
        <ele>2841.8</ele>
        <time>2026-08-16T05:23:08Z</time>
      </trkpt>
      <trkpt lat="44.681494" lon="6.961709">
        <ele>2841.2</ele>
        <time>2026-08-16T05:23:10Z</time>
      </trkpt>
      <trkpt lat="44.681539" lon="6.961703">
        <ele>2839.8</ele>
        <time>2026-08-16T05:23:14Z</time>
      </trkpt>
      <trkpt lat="44.68157" lon="6.961695">
        <ele>2839.0</ele>
        <time>2026-08-16T05:23:17Z</time>
      </trkpt>
      <trkpt lat="44.68158" lon="6.961697">
        <ele>2838.8</ele>
        <time>2026-08-16T05:23:18Z</time>
      </trkpt>
      <trkpt lat="44.681612" lon="6.961722">
        <ele>2837.6</ele>
        <time>2026-08-16T05:23:22Z</time>
      </trkpt>
      <trkpt lat="44.681631" lon="6.961762">
        <ele>2837.0</ele>
        <time>2026-08-16T05:23:25Z</time>
      </trkpt>
      <trkpt lat="44.681633" lon="6.961801">
        <ele>2836.6</ele>
        <time>2026-08-16T05:23:28Z</time>
      </trkpt>
      <trkpt lat="44.681609" lon="6.961862">
        <ele>2835.8</ele>
        <time>2026-08-16T05:23:33Z</time>
      </trkpt>
      <trkpt lat="44.681591" lon="6.961883">
        <ele>2835.4</ele>
        <time>2026-08-16T05:23:36Z</time>
      </trkpt>
      <trkpt lat="44.681556" lon="6.96194">
        <ele>2834.6</ele>
        <time>2026-08-16T05:23:41Z</time>
      </trkpt>
      <trkpt lat="44.681549" lon="6.961949">
        <ele>2834.4</ele>
        <time>2026-08-16T05:23:42Z</time>
      </trkpt>
      <trkpt lat="44.681534" lon="6.962016">
        <ele>2833.2</ele>
        <time>2026-08-16T05:23:46Z</time>
      </trkpt>
      <trkpt lat="44.681525" lon="6.962063">
        <ele>2832.0</ele>
        <time>2026-08-16T05:23:50Z</time>
      </trkpt>
      <trkpt lat="44.681509" lon="6.962094">
        <ele>2831.0</ele>
        <time>2026-08-16T05:23:54Z</time>
      </trkpt>
      <trkpt lat="44.681484" lon="6.962116">
        <ele>2830.0</ele>
        <time>2026-08-16T05:23:58Z</time>
      </trkpt>
      <trkpt lat="44.681476" lon="6.962125">
        <ele>2829.8</ele>
        <time>2026-08-16T05:23:59Z</time>
      </trkpt>
      <trkpt lat="44.68146" lon="6.96216">
        <ele>2829.0</ele>
        <time>2026-08-16T05:24:02Z</time>
      </trkpt>
      <trkpt lat="44.681467" lon="6.96218">
        <ele>2828.0</ele>
        <time>2026-08-16T05:24:05Z</time>
      </trkpt>
      <trkpt lat="44.681467" lon="6.962188">
        <ele>2827.8</ele>
        <time>2026-08-16T05:24:06Z</time>
      </trkpt>
      <trkpt lat="44.681466" lon="6.962215">
        <ele>2826.8</ele>
        <time>2026-08-16T05:24:10Z</time>
      </trkpt>
      <trkpt lat="44.681455" lon="6.962262">
        <ele>2825.6</ele>
        <time>2026-08-16T05:24:14Z</time>
      </trkpt>
      <trkpt lat="44.681442" lon="6.962289">
        <ele>2824.4</ele>
        <time>2026-08-16T05:24:17Z</time>
      </trkpt>
      <trkpt lat="44.68142" lon="6.962342">
        <ele>2823.4</ele>
        <time>2026-08-16T05:24:21Z</time>
      </trkpt>
      <trkpt lat="44.681409" lon="6.962362">
        <ele>2823.0</ele>
        <time>2026-08-16T05:24:23Z</time>
      </trkpt>
      <trkpt lat="44.681399" lon="6.96239">
        <ele>2822.2</ele>
        <time>2026-08-16T05:24:26Z</time>
      </trkpt>
      <trkpt lat="44.681392" lon="6.962425">
        <ele>2821.0</ele>
        <time>2026-08-16T05:24:30Z</time>
      </trkpt>
      <trkpt lat="44.68138" lon="6.962451">
        <ele>2820.4</ele>
        <time>2026-08-16T05:24:32Z</time>
      </trkpt>
      <trkpt lat="44.681368" lon="6.962484">
        <ele>2819.8</ele>
        <time>2026-08-16T05:24:34Z</time>
      </trkpt>
      <trkpt lat="44.681389" lon="6.962491">
        <ele>2818.8</ele>
        <time>2026-08-16T05:24:39Z</time>
      </trkpt>
      <trkpt lat="44.681431" lon="6.962465">
        <ele>2817.8</ele>
        <time>2026-08-16T05:24:44Z</time>
      </trkpt>
      <trkpt lat="44.681449" lon="6.962466">
        <ele>2817.2</ele>
        <time>2026-08-16T05:24:46Z</time>
      </trkpt>
      <trkpt lat="44.681492" lon="6.962458">
        <ele>2816.6</ele>
        <time>2026-08-16T05:24:48Z</time>
      </trkpt>
      <trkpt lat="44.681558" lon="6.962438">
        <ele>2815.4</ele>
        <time>2026-08-16T05:24:52Z</time>
      </trkpt>
      <trkpt lat="44.681593" lon="6.962393">
        <ele>2814.8</ele>
        <time>2026-08-16T05:24:57Z</time>
      </trkpt>
      <trkpt lat="44.681605" lon="6.962375">
        <ele>2815.0</ele>
        <time>2026-08-16T05:24:59Z</time>
      </trkpt>
      <trkpt lat="44.681638" lon="6.962367">
        <ele>2814.2</ele>
        <time>2026-08-16T05:25:06Z</time>
      </trkpt>
      <trkpt lat="44.681624" lon="6.962402">
        <ele>2813.4</ele>
        <time>2026-08-16T05:25:08Z</time>
      </trkpt>
      <trkpt lat="44.681609" lon="6.962437">
        <ele>2812.8</ele>
        <time>2026-08-16T05:25:10Z</time>
      </trkpt>
      <trkpt lat="44.681605" lon="6.962474">
        <ele>2811.8</ele>
        <time>2026-08-16T05:25:14Z</time>
      </trkpt>
      <trkpt lat="44.681606" lon="6.96248">
        <ele>2811.4</ele>
        <time>2026-08-16T05:25:15Z</time>
      </trkpt>
      <trkpt lat="44.681606" lon="6.96252">
        <ele>2810.4</ele>
        <time>2026-08-16T05:25:18Z</time>
      </trkpt>
      <trkpt lat="44.681595" lon="6.962557">
        <ele>2809.4</ele>
        <time>2026-08-16T05:25:21Z</time>
      </trkpt>
      <trkpt lat="44.68158" lon="6.962579">
        <ele>2809.0</ele>
        <time>2026-08-16T05:25:23Z</time>
      </trkpt>
      <trkpt lat="44.681567" lon="6.962623">
        <ele>2808.4</ele>
        <time>2026-08-16T05:25:26Z</time>
      </trkpt>
      <trkpt lat="44.681545" lon="6.962677">
        <ele>2807.0</ele>
        <time>2026-08-16T05:25:30Z</time>
      </trkpt>
      <trkpt lat="44.681537" lon="6.96269">
        <ele>2806.8</ele>
        <time>2026-08-16T05:25:31Z</time>
      </trkpt>
      <trkpt lat="44.681518" lon="6.962744">
        <ele>2805.8</ele>
        <time>2026-08-16T05:25:35Z</time>
      </trkpt>
      <trkpt lat="44.68151" lon="6.962775">
        <ele>2805.0</ele>
        <time>2026-08-16T05:25:37Z</time>
      </trkpt>
      <trkpt lat="44.6815" lon="6.9628">
        <ele>2804.6</ele>
        <time>2026-08-16T05:25:39Z</time>
      </trkpt>
      <trkpt lat="44.681486" lon="6.962858">
        <ele>2803.6</ele>
        <time>2026-08-16T05:25:44Z</time>
      </trkpt>
      <trkpt lat="44.681481" lon="6.962915">
        <ele>2802.6</ele>
        <time>2026-08-16T05:25:48Z</time>
      </trkpt>
      <trkpt lat="44.681476" lon="6.962952">
        <ele>2801.8</ele>
        <time>2026-08-16T05:25:51Z</time>
      </trkpt>
      <trkpt lat="44.681472" lon="6.962965">
        <ele>2801.4</ele>
        <time>2026-08-16T05:25:52Z</time>
      </trkpt>
      <trkpt lat="44.681435" lon="6.963032">
        <ele>2800.6</ele>
        <time>2026-08-16T05:25:58Z</time>
      </trkpt>
      <trkpt lat="44.681389" lon="6.963126">
        <ele>2800.2</ele>
        <time>2026-08-16T05:26:05Z</time>
      </trkpt>
      <trkpt lat="44.681359" lon="6.963184">
        <ele>2799.0</ele>
        <time>2026-08-16T05:26:10Z</time>
      </trkpt>
      <trkpt lat="44.681357" lon="6.963211">
        <ele>2798.4</ele>
        <time>2026-08-16T05:26:12Z</time>
      </trkpt>
      <trkpt lat="44.681359" lon="6.963219">
        <ele>2798.0</ele>
        <time>2026-08-16T05:26:13Z</time>
      </trkpt>
      <trkpt lat="44.681365" lon="6.963222">
        <ele>2797.8</ele>
        <time>2026-08-16T05:26:14Z</time>
      </trkpt>
      <trkpt lat="44.68138" lon="6.96323">
        <ele>2797.0</ele>
        <time>2026-08-16T05:26:16Z</time>
      </trkpt>
      <trkpt lat="44.681387" lon="6.963228">
        <ele>2796.8</ele>
        <time>2026-08-16T05:26:17Z</time>
      </trkpt>
      <trkpt lat="44.681397" lon="6.963225">
        <ele>2796.6</ele>
        <time>2026-08-16T05:26:18Z</time>
      </trkpt>
      <trkpt lat="44.681416" lon="6.963217">
        <ele>2796.0</ele>
        <time>2026-08-16T05:26:20Z</time>
      </trkpt>
      <trkpt lat="44.681434" lon="6.963234">
        <ele>2795.2</ele>
        <time>2026-08-16T05:26:23Z</time>
      </trkpt>
      <trkpt lat="44.681435" lon="6.96324">
        <ele>2795.0</ele>
        <time>2026-08-16T05:26:24Z</time>
      </trkpt>
      <trkpt lat="44.681438" lon="6.963249">
        <ele>2794.6</ele>
        <time>2026-08-16T05:26:25Z</time>
      </trkpt>
      <trkpt lat="44.681435" lon="6.96329">
        <ele>2793.8</ele>
        <time>2026-08-16T05:26:28Z</time>
      </trkpt>
      <trkpt lat="44.681432" lon="6.963312">
        <ele>2793.2</ele>
        <time>2026-08-16T05:26:30Z</time>
      </trkpt>
      <trkpt lat="44.681428" lon="6.963332">
        <ele>2792.4</ele>
        <time>2026-08-16T05:26:32Z</time>
      </trkpt>
      <trkpt lat="44.681396" lon="6.963378">
        <ele>2791.6</ele>
        <time>2026-08-16T05:26:36Z</time>
      </trkpt>
      <trkpt lat="44.681374" lon="6.963404">
        <ele>2791.4</ele>
        <time>2026-08-16T05:26:39Z</time>
      </trkpt>
      <trkpt lat="44.681376" lon="6.963455">
        <ele>2790.2</ele>
        <time>2026-08-16T05:26:45Z</time>
      </trkpt>
      <trkpt lat="44.681361" lon="6.963512">
        <ele>2789.0</ele>
        <time>2026-08-16T05:26:49Z</time>
      </trkpt>
      <trkpt lat="44.681354" lon="6.963555">
        <ele>2788.2</ele>
        <time>2026-08-16T05:26:52Z</time>
      </trkpt>
      <trkpt lat="44.681349" lon="6.963569">
        <ele>2788.0</ele>
        <time>2026-08-16T05:26:53Z</time>
      </trkpt>
      <trkpt lat="44.681321" lon="6.963636">
        <ele>2786.8</ele>
        <time>2026-08-16T05:26:59Z</time>
      </trkpt>
      <trkpt lat="44.681312" lon="6.963646">
        <ele>2786.4</ele>
        <time>2026-08-16T05:27:00Z</time>
      </trkpt>
      <trkpt lat="44.681283" lon="6.963667">
        <ele>2785.4</ele>
        <time>2026-08-16T05:27:03Z</time>
      </trkpt>
      <trkpt lat="44.681257" lon="6.963703">
        <ele>2784.2</ele>
        <time>2026-08-16T05:27:07Z</time>
      </trkpt>
      <trkpt lat="44.681253" lon="6.963712">
        <ele>2784.0</ele>
        <time>2026-08-16T05:27:08Z</time>
      </trkpt>
      <trkpt lat="44.681242" lon="6.96377">
        <ele>2782.8</ele>
        <time>2026-08-16T05:27:11Z</time>
      </trkpt>
      <trkpt lat="44.681247" lon="6.963805">
        <ele>2782.0</ele>
        <time>2026-08-16T05:27:13Z</time>
      </trkpt>
      <trkpt lat="44.681253" lon="6.96382">
        <ele>2781.8</ele>
        <time>2026-08-16T05:27:14Z</time>
      </trkpt>
      <trkpt lat="44.681255" lon="6.963835">
        <ele>2781.6</ele>
        <time>2026-08-16T05:27:15Z</time>
      </trkpt>
      <trkpt lat="44.681262" lon="6.963908">
        <ele>2780.8</ele>
        <time>2026-08-16T05:27:19Z</time>
      </trkpt>
      <trkpt lat="44.681245" lon="6.963976">
        <ele>2780.4</ele>
        <time>2026-08-16T05:27:23Z</time>
      </trkpt>
      <trkpt lat="44.681224" lon="6.964098">
        <ele>2779.8</ele>
        <time>2026-08-16T05:27:31Z</time>
      </trkpt>
      <trkpt lat="44.681219" lon="6.964112">
        <ele>2779.6</ele>
        <time>2026-08-16T05:27:32Z</time>
      </trkpt>
      <trkpt lat="44.681207" lon="6.964191">
        <ele>2778.6</ele>
        <time>2026-08-16T05:27:38Z</time>
      </trkpt>
      <trkpt lat="44.681199" lon="6.9642">
        <ele>2778.2</ele>
        <time>2026-08-16T05:27:39Z</time>
      </trkpt>
      <trkpt lat="44.681171" lon="6.964266">
        <ele>2777.4</ele>
        <time>2026-08-16T05:27:44Z</time>
      </trkpt>
      <trkpt lat="44.681158" lon="6.964295">
        <ele>2777.0</ele>
        <time>2026-08-16T05:27:47Z</time>
      </trkpt>
      <trkpt lat="44.681112" lon="6.964394">
        <ele>2776.8</ele>
        <time>2026-08-16T05:27:55Z</time>
      </trkpt>
      <trkpt lat="44.681099" lon="6.964423">
        <ele>2776.2</ele>
        <time>2026-08-16T05:27:57Z</time>
      </trkpt>
      <trkpt lat="44.681059" lon="6.964458">
        <ele>2775.2</ele>
        <time>2026-08-16T05:28:03Z</time>
      </trkpt>
      <trkpt lat="44.681049" lon="6.964465">
        <ele>2775.0</ele>
        <time>2026-08-16T05:28:04Z</time>
      </trkpt>
      <trkpt lat="44.681008" lon="6.964503">
        <ele>2774.0</ele>
        <time>2026-08-16T05:28:09Z</time>
      </trkpt>
      <trkpt lat="44.680995" lon="6.964513">
        <ele>2773.6</ele>
        <time>2026-08-16T05:28:12Z</time>
      </trkpt>
      <trkpt lat="44.680995" lon="6.964508">
        <ele>2773.6</ele>
        <time>2026-08-16T05:28:17Z</time>
      </trkpt>
      <trkpt lat="44.680988" lon="6.964521">
        <ele>2773.6</ele>
        <time>2026-08-16T05:28:18Z</time>
      </trkpt>
      <trkpt lat="44.680956" lon="6.964594">
        <ele>2772.8</ele>
        <time>2026-08-16T05:28:22Z</time>
      </trkpt>
      <trkpt lat="44.680948" lon="6.964632">
        <ele>2772.4</ele>
        <time>2026-08-16T05:28:24Z</time>
      </trkpt>
      <trkpt lat="44.680943" lon="6.964692">
        <ele>2771.8</ele>
        <time>2026-08-16T05:28:27Z</time>
      </trkpt>
      <trkpt lat="44.680952" lon="6.96474">
        <ele>2771.2</ele>
        <time>2026-08-16T05:28:30Z</time>
      </trkpt>
      <trkpt lat="44.680954" lon="6.964749">
        <ele>2771.0</ele>
        <time>2026-08-16T05:28:31Z</time>
      </trkpt>
      <trkpt lat="44.680969" lon="6.964758">
        <ele>2770.6</ele>
        <time>2026-08-16T05:28:33Z</time>
      </trkpt>
      <trkpt lat="44.680978" lon="6.96476">
        <ele>2770.4</ele>
        <time>2026-08-16T05:28:34Z</time>
      </trkpt>
      <trkpt lat="44.680995" lon="6.964776">
        <ele>2769.6</ele>
        <time>2026-08-16T05:28:38Z</time>
      </trkpt>
      <trkpt lat="44.681001" lon="6.964782">
        <ele>2769.4</ele>
        <time>2026-08-16T05:28:39Z</time>
      </trkpt>
      <trkpt lat="44.681019" lon="6.964812">
        <ele>2768.4</ele>
        <time>2026-08-16T05:28:43Z</time>
      </trkpt>
      <trkpt lat="44.681032" lon="6.96486">
        <ele>2767.0</ele>
        <time>2026-08-16T05:28:48Z</time>
      </trkpt>
      <trkpt lat="44.681053" lon="6.964871">
        <ele>2765.8</ele>
        <time>2026-08-16T05:28:52Z</time>
      </trkpt>
      <trkpt lat="44.681066" lon="6.964906">
        <ele>2765.2</ele>
        <time>2026-08-16T05:28:54Z</time>
      </trkpt>
      <trkpt lat="44.681073" lon="6.964939">
        <ele>2764.6</ele>
        <time>2026-08-16T05:28:56Z</time>
      </trkpt>
      <trkpt lat="44.681083" lon="6.965028">
        <ele>2764.2</ele>
        <time>2026-08-16T05:29:02Z</time>
      </trkpt>
      <trkpt lat="44.681058" lon="6.965085">
        <ele>2764.0</ele>
        <time>2026-08-16T05:29:09Z</time>
      </trkpt>
      <trkpt lat="44.681045" lon="6.965145">
        <ele>2763.4</ele>
        <time>2026-08-16T05:29:14Z</time>
      </trkpt>
      <trkpt lat="44.681057" lon="6.965182">
        <ele>2762.8</ele>
        <time>2026-08-16T05:29:16Z</time>
      </trkpt>
      <trkpt lat="44.681061" lon="6.965208">
        <ele>2762.2</ele>
        <time>2026-08-16T05:29:18Z</time>
      </trkpt>
      <trkpt lat="44.681068" lon="6.965291">
        <ele>2761.0</ele>
        <time>2026-08-16T05:29:23Z</time>
      </trkpt>
      <trkpt lat="44.681082" lon="6.965379">
        <ele>2759.8</ele>
        <time>2026-08-16T05:29:29Z</time>
      </trkpt>
      <trkpt lat="44.681094" lon="6.965414">
        <ele>2759.2</ele>
        <time>2026-08-16T05:29:33Z</time>
      </trkpt>
      <trkpt lat="44.681095" lon="6.965424">
        <ele>2758.8</ele>
        <time>2026-08-16T05:29:35Z</time>
      </trkpt>
      <trkpt lat="44.681072" lon="6.965464">
        <ele>2758.0</ele>
        <time>2026-08-16T05:29:40Z</time>
      </trkpt>
      <trkpt lat="44.681026" lon="6.965603">
        <ele>2758.2</ele>
        <time>2026-08-16T05:29:49Z</time>
      </trkpt>
      <trkpt lat="44.68103" lon="6.965662">
        <ele>2757.6</ele>
        <time>2026-08-16T05:29:52Z</time>
      </trkpt>
      <trkpt lat="44.681018" lon="6.965718">
        <ele>2757.6</ele>
        <time>2026-08-16T05:29:56Z</time>
      </trkpt>
      <trkpt lat="44.680986" lon="6.965784">
        <ele>2758.8</ele>
        <time>2026-08-16T05:30:01Z</time>
      </trkpt>
      <trkpt lat="44.680971" lon="6.965812">
        <ele>2759.2</ele>
        <time>2026-08-16T05:30:03Z</time>
      </trkpt>
      <trkpt lat="44.680941" lon="6.965914">
        <ele>2759.0</ele>
        <time>2026-08-16T05:30:10Z</time>
      </trkpt>
      <trkpt lat="44.680956" lon="6.96602">
        <ele>2758.6</ele>
        <time>2026-08-16T05:30:17Z</time>
      </trkpt>
      <trkpt lat="44.680947" lon="6.96604">
        <ele>2758.2</ele>
        <time>2026-08-16T05:30:21Z</time>
      </trkpt>
      <trkpt lat="44.68095" lon="6.966055">
        <ele>2757.6</ele>
        <time>2026-08-16T05:30:23Z</time>
      </trkpt>
      <trkpt lat="44.680954" lon="6.966061">
        <ele>2757.4</ele>
        <time>2026-08-16T05:30:24Z</time>
      </trkpt>
      <trkpt lat="44.680967" lon="6.966081">
        <ele>2756.8</ele>
        <time>2026-08-16T05:30:26Z</time>
      </trkpt>
      <trkpt lat="44.680975" lon="6.966093">
        <ele>2756.4</ele>
        <time>2026-08-16T05:30:27Z</time>
      </trkpt>
      <trkpt lat="44.681001" lon="6.966113">
        <ele>2755.2</ele>
        <time>2026-08-16T05:30:30Z</time>
      </trkpt>
      <trkpt lat="44.681007" lon="6.966119">
        <ele>2754.8</ele>
        <time>2026-08-16T05:30:31Z</time>
      </trkpt>
      <trkpt lat="44.681027" lon="6.966171">
        <ele>2754.2</ele>
        <time>2026-08-16T05:30:34Z</time>
      </trkpt>
      <trkpt lat="44.681036" lon="6.966228">
        <ele>2753.6</ele>
        <time>2026-08-16T05:30:37Z</time>
      </trkpt>
      <trkpt lat="44.68103" lon="6.966335">
        <ele>2753.4</ele>
        <time>2026-08-16T05:30:44Z</time>
      </trkpt>
      <trkpt lat="44.681042" lon="6.966415">
        <ele>2754.0</ele>
        <time>2026-08-16T05:30:51Z</time>
      </trkpt>
      <trkpt lat="44.681048" lon="6.966413">
        <ele>2753.2</ele>
        <time>2026-08-16T05:30:54Z</time>
      </trkpt>
      <trkpt lat="44.681072" lon="6.966417">
        <ele>2752.0</ele>
        <time>2026-08-16T05:30:58Z</time>
      </trkpt>
      <trkpt lat="44.681079" lon="6.966426">
        <ele>2751.6</ele>
        <time>2026-08-16T05:30:59Z</time>
      </trkpt>
      <trkpt lat="44.681095" lon="6.966461">
        <ele>2750.8</ele>
        <time>2026-08-16T05:31:02Z</time>
      </trkpt>
      <trkpt lat="44.681119" lon="6.966498">
        <ele>2749.4</ele>
        <time>2026-08-16T05:31:06Z</time>
      </trkpt>
      <trkpt lat="44.681134" lon="6.966572">
        <ele>2748.2</ele>
        <time>2026-08-16T05:31:10Z</time>
      </trkpt>
      <trkpt lat="44.681131" lon="6.966635">
        <ele>2747.8</ele>
        <time>2026-08-16T05:31:14Z</time>
      </trkpt>
      <trkpt lat="44.681119" lon="6.966792">
        <ele>2747.4</ele>
        <time>2026-08-16T05:31:23Z</time>
      </trkpt>
      <trkpt lat="44.681056" lon="6.966872">
        <ele>2747.8</ele>
        <time>2026-08-16T05:31:31Z</time>
      </trkpt>
      <trkpt lat="44.681073" lon="6.966893">
        <ele>2747.2</ele>
        <time>2026-08-16T05:31:36Z</time>
      </trkpt>
      <trkpt lat="44.681085" lon="6.966903">
        <ele>2747.0</ele>
        <time>2026-08-16T05:31:37Z</time>
      </trkpt>
      <trkpt lat="44.681117" lon="6.966929">
        <ele>2746.2</ele>
        <time>2026-08-16T05:31:40Z</time>
      </trkpt>
      <trkpt lat="44.681148" lon="6.966952">
        <ele>2745.2</ele>
        <time>2026-08-16T05:31:44Z</time>
      </trkpt>
      <trkpt lat="44.681157" lon="6.966956">
        <ele>2744.8</ele>
        <time>2026-08-16T05:31:45Z</time>
      </trkpt>
      <trkpt lat="44.681195" lon="6.967036">
        <ele>2743.8</ele>
        <time>2026-08-16T05:31:49Z</time>
      </trkpt>
      <trkpt lat="44.681202" lon="6.967065">
        <ele>2743.6</ele>
        <time>2026-08-16T05:31:50Z</time>
      </trkpt>
      <trkpt lat="44.681204" lon="6.967138">
        <ele>2744.4</ele>
        <time>2026-08-16T05:31:55Z</time>
      </trkpt>
      <trkpt lat="44.681195" lon="6.967148">
        <ele>2744.8</ele>
        <time>2026-08-16T05:31:56Z</time>
      </trkpt>
      <trkpt lat="44.681189" lon="6.967188">
        <ele>2744.8</ele>
        <time>2026-08-16T05:32:01Z</time>
      </trkpt>
      <trkpt lat="44.681182" lon="6.967247">
        <ele>2744.0</ele>
        <time>2026-08-16T05:32:08Z</time>
      </trkpt>
      <trkpt lat="44.681195" lon="6.967242">
        <ele>2743.6</ele>
        <time>2026-08-16T05:32:10Z</time>
      </trkpt>
      <trkpt lat="44.681215" lon="6.967307">
        <ele>2742.8</ele>
        <time>2026-08-16T05:32:14Z</time>
      </trkpt>
      <trkpt lat="44.681219" lon="6.96733">
        <ele>2742.4</ele>
        <time>2026-08-16T05:32:15Z</time>
      </trkpt>
      <trkpt lat="44.68122" lon="6.967419">
        <ele>2741.8</ele>
        <time>2026-08-16T05:32:20Z</time>
      </trkpt>
      <trkpt lat="44.681227" lon="6.967532">
        <ele>2741.4</ele>
        <time>2026-08-16T05:32:28Z</time>
      </trkpt>
      <trkpt lat="44.681232" lon="6.967545">
        <ele>2741.2</ele>
        <time>2026-08-16T05:32:29Z</time>
      </trkpt>
      <trkpt lat="44.681249" lon="6.967607">
        <ele>2740.0</ele>
        <time>2026-08-16T05:32:33Z</time>
      </trkpt>
      <trkpt lat="44.681256" lon="6.967636">
        <ele>2739.6</ele>
        <time>2026-08-16T05:32:35Z</time>
      </trkpt>
      <trkpt lat="44.681233" lon="6.967748">
        <ele>2739.4</ele>
        <time>2026-08-16T05:32:42Z</time>
      </trkpt>
      <trkpt lat="44.681225" lon="6.967772">
        <ele>2739.2</ele>
        <time>2026-08-16T05:32:48Z</time>
      </trkpt>
      <trkpt lat="44.681225" lon="6.967782">
        <ele>2738.8</ele>
        <time>2026-08-16T05:32:49Z</time>
      </trkpt>
      <trkpt lat="44.681238" lon="6.967803">
        <ele>2738.4</ele>
        <time>2026-08-16T05:32:50Z</time>
      </trkpt>
      <trkpt lat="44.681251" lon="6.967839">
        <ele>2737.8</ele>
        <time>2026-08-16T05:32:52Z</time>
      </trkpt>
      <trkpt lat="44.681257" lon="6.967859">
        <ele>2737.4</ele>
        <time>2026-08-16T05:32:53Z</time>
      </trkpt>
      <trkpt lat="44.681267" lon="6.967908">
        <ele>2736.6</ele>
        <time>2026-08-16T05:32:56Z</time>
      </trkpt>
      <trkpt lat="44.681269" lon="6.967981">
        <ele>2736.0</ele>
        <time>2026-08-16T05:33:01Z</time>
      </trkpt>
      <trkpt lat="44.681288" lon="6.968035">
        <ele>2735.6</ele>
        <time>2026-08-16T05:33:05Z</time>
      </trkpt>
      <trkpt lat="44.681302" lon="6.968067">
        <ele>2734.6</ele>
        <time>2026-08-16T05:33:08Z</time>
      </trkpt>
      <trkpt lat="44.681309" lon="6.968085">
        <ele>2734.2</ele>
        <time>2026-08-16T05:33:09Z</time>
      </trkpt>
      <trkpt lat="44.681321" lon="6.968148">
        <ele>2733.0</ele>
        <time>2026-08-16T05:33:14Z</time>
      </trkpt>
      <trkpt lat="44.681322" lon="6.968163">
        <ele>2732.8</ele>
        <time>2026-08-16T05:33:15Z</time>
      </trkpt>
      <trkpt lat="44.681311" lon="6.968255">
        <ele>2732.4</ele>
        <time>2026-08-16T05:33:22Z</time>
      </trkpt>
      <trkpt lat="44.681284" lon="6.968333">
        <ele>2733.6</ele>
        <time>2026-08-16T05:33:29Z</time>
      </trkpt>
      <trkpt lat="44.681285" lon="6.968356">
        <ele>2734.2</ele>
        <time>2026-08-16T05:33:31Z</time>
      </trkpt>
      <trkpt lat="44.681298" lon="6.968431">
        <ele>2734.2</ele>
        <time>2026-08-16T05:33:37Z</time>
      </trkpt>
      <trkpt lat="44.681315" lon="6.968496">
        <ele>2733.0</ele>
        <time>2026-08-16T05:33:43Z</time>
      </trkpt>
      <trkpt lat="44.681316" lon="6.968515">
        <ele>2732.8</ele>
        <time>2026-08-16T05:33:44Z</time>
      </trkpt>
      <trkpt lat="44.681296" lon="6.968655">
        <ele>2732.6</ele>
        <time>2026-08-16T05:33:52Z</time>
      </trkpt>
      <trkpt lat="44.681297" lon="6.968738">
        <ele>2732.0</ele>
        <time>2026-08-16T05:33:59Z</time>
      </trkpt>
      <trkpt lat="44.681307" lon="6.968772">
        <ele>2731.6</ele>
        <time>2026-08-16T05:34:01Z</time>
      </trkpt>
      <trkpt lat="44.681338" lon="6.968827">
        <ele>2730.8</ele>
        <time>2026-08-16T05:34:06Z</time>
      </trkpt>
      <trkpt lat="44.681351" lon="6.968856">
        <ele>2730.2</ele>
        <time>2026-08-16T05:34:08Z</time>
      </trkpt>
      <trkpt lat="44.681371" lon="6.968909">
        <ele>2729.8</ele>
        <time>2026-08-16T05:34:11Z</time>
      </trkpt>
      <trkpt lat="44.681384" lon="6.968968">
        <ele>2730.0</ele>
        <time>2026-08-16T05:34:14Z</time>
      </trkpt>
      <trkpt lat="44.681389" lon="6.969044">
        <ele>2730.2</ele>
        <time>2026-08-16T05:34:19Z</time>
      </trkpt>
      <trkpt lat="44.681393" lon="6.969087">
        <ele>2729.2</ele>
        <time>2026-08-16T05:34:25Z</time>
      </trkpt>
      <trkpt lat="44.681396" lon="6.969124">
        <ele>2728.6</ele>
        <time>2026-08-16T05:34:27Z</time>
      </trkpt>
      <trkpt lat="44.681407" lon="6.969206">
        <ele>2728.2</ele>
        <time>2026-08-16T05:34:32Z</time>
      </trkpt>
      <trkpt lat="44.681427" lon="6.969264">
        <ele>2727.6</ele>
        <time>2026-08-16T05:34:36Z</time>
      </trkpt>
      <trkpt lat="44.681431" lon="6.969307">
        <ele>2727.4</ele>
        <time>2026-08-16T05:34:38Z</time>
      </trkpt>
      <trkpt lat="44.681437" lon="6.96942">
        <ele>2728.2</ele>
        <time>2026-08-16T05:34:44Z</time>
      </trkpt>
      <trkpt lat="44.681443" lon="6.969537">
        <ele>2728.4</ele>
        <time>2026-08-16T05:34:52Z</time>
      </trkpt>
      <trkpt lat="44.68144" lon="6.969543">
        <ele>2728.6</ele>
        <time>2026-08-16T05:34:53Z</time>
      </trkpt>
      <trkpt lat="44.681427" lon="6.96962">
        <ele>2729.6</ele>
        <time>2026-08-16T05:34:58Z</time>
      </trkpt>
      <trkpt lat="44.681424" lon="6.96964">
        <ele>2729.6</ele>
        <time>2026-08-16T05:34:59Z</time>
      </trkpt>
      <trkpt lat="44.681391" lon="6.969736">
        <ele>2729.8</ele>
        <time>2026-08-16T05:35:05Z</time>
      </trkpt>
      <trkpt lat="44.681381" lon="6.969791">
        <ele>2730.6</ele>
        <time>2026-08-16T05:35:12Z</time>
      </trkpt>
      <trkpt lat="44.68139" lon="6.969879">
        <ele>2729.6</ele>
        <time>2026-08-16T05:35:17Z</time>
      </trkpt>
      <trkpt lat="44.681391" lon="6.970034">
        <ele>2729.6</ele>
        <time>2026-08-16T05:35:25Z</time>
      </trkpt>
      <trkpt lat="44.681399" lon="6.970112">
        <ele>2729.2</ele>
        <time>2026-08-16T05:35:31Z</time>
      </trkpt>
      <trkpt lat="44.68141" lon="6.970163">
        <ele>2729.4</ele>
        <time>2026-08-16T05:35:38Z</time>
      </trkpt>
      <trkpt lat="44.681395" lon="6.97009">
        <ele>2729.4</ele>
        <time>2026-08-16T05:35:45Z</time>
      </trkpt>
      <trkpt lat="44.681398" lon="6.970085">
        <ele>2729.4</ele>
        <time>2026-08-16T05:35:49Z</time>
      </trkpt>
      <trkpt lat="44.681401" lon="6.970087">
        <ele>2729.4</ele>
        <time>2026-08-16T05:35:50Z</time>
      </trkpt>
      <trkpt lat="44.681404" lon="6.970096">
        <ele>2729.4</ele>
        <time>2026-08-16T05:35:53Z</time>
      </trkpt>
      <trkpt lat="44.681405" lon="6.9701">
        <ele>2729.4</ele>
        <time>2026-08-16T05:35:54Z</time>
      </trkpt>
      <trkpt lat="44.681437" lon="6.97018">
        <ele>2729.4</ele>
        <time>2026-08-16T05:36:02Z</time>
      </trkpt>
      <trkpt lat="44.681447" lon="6.970142">
        <ele>2729.4</ele>
        <time>2026-08-16T05:36:09Z</time>
      </trkpt>
      <trkpt lat="44.681414" lon="6.970119">
        <ele>2729.0</ele>
        <time>2026-08-16T05:36:16Z</time>
      </trkpt>
      <trkpt lat="44.681403" lon="6.970138">
        <ele>2728.6</ele>
        <time>2026-08-16T05:36:23Z</time>
      </trkpt>
      <trkpt lat="44.681416" lon="6.97015">
        <ele>2728.0</ele>
        <time>2026-08-16T05:36:25Z</time>
      </trkpt>
      <trkpt lat="44.681441" lon="6.970162">
        <ele>2727.4</ele>
        <time>2026-08-16T05:36:27Z</time>
      </trkpt>
      <trkpt lat="44.681467" lon="6.970197">
        <ele>2726.2</ele>
        <time>2026-08-16T05:36:30Z</time>
      </trkpt>
      <trkpt lat="44.681473" lon="6.970208">
        <ele>2725.8</ele>
        <time>2026-08-16T05:36:31Z</time>
      </trkpt>
      <trkpt lat="44.68149" lon="6.970223">
        <ele>2725.0</ele>
        <time>2026-08-16T05:36:33Z</time>
      </trkpt>
      <trkpt lat="44.681522" lon="6.970275">
        <ele>2723.8</ele>
        <time>2026-08-16T05:36:37Z</time>
      </trkpt>
      <trkpt lat="44.681537" lon="6.970315">
        <ele>2723.0</ele>
        <time>2026-08-16T05:36:40Z</time>
      </trkpt>
      <trkpt lat="44.68154" lon="6.970345">
        <ele>2722.6</ele>
        <time>2026-08-16T05:36:42Z</time>
      </trkpt>
      <trkpt lat="44.681531" lon="6.970384">
        <ele>2722.4</ele>
        <time>2026-08-16T05:36:44Z</time>
      </trkpt>
      <trkpt lat="44.68153" lon="6.970426">
        <ele>2722.0</ele>
        <time>2026-08-16T05:36:47Z</time>
      </trkpt>
      <trkpt lat="44.681538" lon="6.970455">
        <ele>2721.6</ele>
        <time>2026-08-16T05:36:49Z</time>
      </trkpt>
      <trkpt lat="44.681547" lon="6.970501">
        <ele>2720.2</ele>
        <time>2026-08-16T05:36:52Z</time>
      </trkpt>
      <trkpt lat="44.681558" lon="6.970529">
        <ele>2719.4</ele>
        <time>2026-08-16T05:36:54Z</time>
      </trkpt>
      <trkpt lat="44.681564" lon="6.970534">
        <ele>2719.2</ele>
        <time>2026-08-16T05:36:55Z</time>
      </trkpt>
      <trkpt lat="44.68157" lon="6.970536">
        <ele>2718.0</ele>
        <time>2026-08-16T05:36:58Z</time>
      </trkpt>
      <trkpt lat="44.681583" lon="6.970544">
        <ele>2717.2</ele>
        <time>2026-08-16T05:37:00Z</time>
      </trkpt>
      <trkpt lat="44.681588" lon="6.970543">
        <ele>2716.8</ele>
        <time>2026-08-16T05:37:01Z</time>
      </trkpt>
      <trkpt lat="44.681606" lon="6.970567">
        <ele>2715.6</ele>
        <time>2026-08-16T05:37:04Z</time>
      </trkpt>
      <trkpt lat="44.681634" lon="6.970627">
        <ele>2714.8</ele>
        <time>2026-08-16T05:37:07Z</time>
      </trkpt>
      <trkpt lat="44.681642" lon="6.970648">
        <ele>2714.6</ele>
        <time>2026-08-16T05:37:08Z</time>
      </trkpt>
      <trkpt lat="44.681669" lon="6.970717">
        <ele>2713.8</ele>
        <time>2026-08-16T05:37:14Z</time>
      </trkpt>
      <trkpt lat="44.681675" lon="6.970728">
        <ele>2713.4</ele>
        <time>2026-08-16T05:37:16Z</time>
      </trkpt>
      <trkpt lat="44.681701" lon="6.97076">
        <ele>2712.2</ele>
        <time>2026-08-16T05:37:20Z</time>
      </trkpt>
      <trkpt lat="44.68173" lon="6.97076">
        <ele>2711.2</ele>
        <time>2026-08-16T05:37:24Z</time>
      </trkpt>
      <trkpt lat="44.68174" lon="6.970761">
        <ele>2711.0</ele>
        <time>2026-08-16T05:37:25Z</time>
      </trkpt>
      <trkpt lat="44.681769" lon="6.970803">
        <ele>2710.0</ele>
        <time>2026-08-16T05:37:29Z</time>
      </trkpt>
      <trkpt lat="44.681755" lon="6.97083">
        <ele>2709.6</ele>
        <time>2026-08-16T05:37:31Z</time>
      </trkpt>
      <trkpt lat="44.68176" lon="6.970912">
        <ele>2709.4</ele>
        <time>2026-08-16T05:37:36Z</time>
      </trkpt>
      <trkpt lat="44.681768" lon="6.970968">
        <ele>2708.8</ele>
        <time>2026-08-16T05:37:39Z</time>
      </trkpt>
      <trkpt lat="44.68177" lon="6.970978">
        <ele>2708.6</ele>
        <time>2026-08-16T05:37:40Z</time>
      </trkpt>
      <trkpt lat="44.681779" lon="6.97105">
        <ele>2707.6</ele>
        <time>2026-08-16T05:37:44Z</time>
      </trkpt>
      <trkpt lat="44.681773" lon="6.971085">
        <ele>2707.0</ele>
        <time>2026-08-16T05:37:48Z</time>
      </trkpt>
      <trkpt lat="44.681789" lon="6.971124">
        <ele>2706.4</ele>
        <time>2026-08-16T05:37:51Z</time>
      </trkpt>
      <trkpt lat="44.681808" lon="6.971174">
        <ele>2705.6</ele>
        <time>2026-08-16T05:37:54Z</time>
      </trkpt>
      <trkpt lat="44.681817" lon="6.971202">
        <ele>2705.2</ele>
        <time>2026-08-16T05:37:56Z</time>
      </trkpt>
      <trkpt lat="44.681839" lon="6.971317">
        <ele>2705.6</ele>
        <time>2026-08-16T05:38:03Z</time>
      </trkpt>
      <trkpt lat="44.681844" lon="6.971346">
        <ele>2704.6</ele>
        <time>2026-08-16T05:38:09Z</time>
      </trkpt>
      <trkpt lat="44.681854" lon="6.971423">
        <ele>2704.4</ele>
        <time>2026-08-16T05:38:15Z</time>
      </trkpt>
      <trkpt lat="44.681854" lon="6.971449">
        <ele>2704.2</ele>
        <time>2026-08-16T05:38:17Z</time>
      </trkpt>
      <trkpt lat="44.681871" lon="6.971502">
        <ele>2703.0</ele>
        <time>2026-08-16T05:38:20Z</time>
      </trkpt>
      <trkpt lat="44.681895" lon="6.971537">
        <ele>2702.2</ele>
        <time>2026-08-16T05:38:23Z</time>
      </trkpt>
      <trkpt lat="44.681963" lon="6.971574">
        <ele>2702.4</ele>
        <time>2026-08-16T05:38:31Z</time>
      </trkpt>
      <trkpt lat="44.681982" lon="6.971598">
        <ele>2702.0</ele>
        <time>2026-08-16T05:38:33Z</time>
      </trkpt>
      <trkpt lat="44.682021" lon="6.971677">
        <ele>2701.2</ele>
        <time>2026-08-16T05:38:39Z</time>
      </trkpt>
      <trkpt lat="44.682017" lon="6.971802">
        <ele>2701.4</ele>
        <time>2026-08-16T05:38:46Z</time>
      </trkpt>
      <trkpt lat="44.682023" lon="6.971837">
        <ele>2701.4</ele>
        <time>2026-08-16T05:38:49Z</time>
      </trkpt>
      <trkpt lat="44.682056" lon="6.971897">
        <ele>2701.0</ele>
        <time>2026-08-16T05:38:55Z</time>
      </trkpt>
      <trkpt lat="44.682113" lon="6.971948">
        <ele>2700.0</ele>
        <time>2026-08-16T05:39:00Z</time>
      </trkpt>
      <trkpt lat="44.682143" lon="6.971958">
        <ele>2699.4</ele>
        <time>2026-08-16T05:39:02Z</time>
      </trkpt>
      <trkpt lat="44.682164" lon="6.971964">
        <ele>2698.8</ele>
        <time>2026-08-16T05:39:04Z</time>
      </trkpt>
      <trkpt lat="44.682226" lon="6.972011">
        <ele>2697.8</ele>
        <time>2026-08-16T05:39:10Z</time>
      </trkpt>
      <trkpt lat="44.682239" lon="6.972022">
        <ele>2697.8</ele>
        <time>2026-08-16T05:39:11Z</time>
      </trkpt>
      <trkpt lat="44.68231" lon="6.972076">
        <ele>2697.0</ele>
        <time>2026-08-16T05:39:17Z</time>
      </trkpt>
      <trkpt lat="44.682325" lon="6.97209">
        <ele>2696.6</ele>
        <time>2026-08-16T05:39:19Z</time>
      </trkpt>
      <trkpt lat="44.682344" lon="6.972111">
        <ele>2695.4</ele>
        <time>2026-08-16T05:39:23Z</time>
      </trkpt>
      <trkpt lat="44.682354" lon="6.972116">
        <ele>2695.2</ele>
        <time>2026-08-16T05:39:24Z</time>
      </trkpt>
      <trkpt lat="44.682393" lon="6.972157">
        <ele>2694.4</ele>
        <time>2026-08-16T05:39:27Z</time>
      </trkpt>
      <trkpt lat="44.682419" lon="6.972208">
        <ele>2693.8</ele>
        <time>2026-08-16T05:39:30Z</time>
      </trkpt>
      <trkpt lat="44.682445" lon="6.972284">
        <ele>2693.4</ele>
        <time>2026-08-16T05:39:36Z</time>
      </trkpt>
      <trkpt lat="44.682481" lon="6.972316">
        <ele>2692.2</ele>
        <time>2026-08-16T05:39:41Z</time>
      </trkpt>
      <trkpt lat="44.68249" lon="6.972324">
        <ele>2691.8</ele>
        <time>2026-08-16T05:39:42Z</time>
      </trkpt>
      <trkpt lat="44.682525" lon="6.972361">
        <ele>2691.2</ele>
        <time>2026-08-16T05:39:45Z</time>
      </trkpt>
      <trkpt lat="44.68256" lon="6.972381">
        <ele>2690.6</ele>
        <time>2026-08-16T05:39:50Z</time>
      </trkpt>
      <trkpt lat="44.682615" lon="6.97241">
        <ele>2690.2</ele>
        <time>2026-08-16T05:39:54Z</time>
      </trkpt>
      <trkpt lat="44.682632" lon="6.972417">
        <ele>2689.6</ele>
        <time>2026-08-16T05:39:57Z</time>
      </trkpt>
      <trkpt lat="44.682666" lon="6.97245">
        <ele>2689.0</ele>
        <time>2026-08-16T05:40:01Z</time>
      </trkpt>
      <trkpt lat="44.682687" lon="6.972471">
        <ele>2688.8</ele>
        <time>2026-08-16T05:40:03Z</time>
      </trkpt>
      <trkpt lat="44.682714" lon="6.97246">
        <ele>2688.2</ele>
        <time>2026-08-16T05:40:10Z</time>
      </trkpt>
      <trkpt lat="44.682718" lon="6.972458">
        <ele>2688.0</ele>
        <time>2026-08-16T05:40:11Z</time>
      </trkpt>
      <trkpt lat="44.682691" lon="6.972503">
        <ele>2688.8</ele>
        <time>2026-08-16T05:40:17Z</time>
      </trkpt>
      <trkpt lat="44.682692" lon="6.972513">
        <ele>2689.2</ele>
        <time>2026-08-16T05:40:18Z</time>
      </trkpt>
      <trkpt lat="44.682694" lon="6.97255">
        <ele>2690.4</ele>
        <time>2026-08-16T05:40:21Z</time>
      </trkpt>
      <trkpt lat="44.682695" lon="6.97258">
        <ele>2691.2</ele>
        <time>2026-08-16T05:40:23Z</time>
      </trkpt>
      <trkpt lat="44.682698" lon="6.972599">
        <ele>2691.6</ele>
        <time>2026-08-16T05:40:24Z</time>
      </trkpt>
      <trkpt lat="44.682691" lon="6.972615">
        <ele>2692.0</ele>
        <time>2026-08-16T05:40:30Z</time>
      </trkpt>
      <trkpt lat="44.682675" lon="6.972626">
        <ele>2691.0</ele>
        <time>2026-08-16T05:40:39Z</time>
      </trkpt>
      <trkpt lat="44.682674" lon="6.972656">
        <ele>2691.0</ele>
        <time>2026-08-16T05:40:46Z</time>
      </trkpt>
      <trkpt lat="44.682696" lon="6.972631">
        <ele>2690.8</ele>
        <time>2026-08-16T05:40:54Z</time>
      </trkpt>
      <trkpt lat="44.682676" lon="6.972611">
        <ele>2690.8</ele>
        <time>2026-08-16T05:41:02Z</time>
      </trkpt>
      <trkpt lat="44.682663" lon="6.972613">
        <ele>2691.0</ele>
        <time>2026-08-16T05:41:09Z</time>
      </trkpt>
      <trkpt lat="44.682614" lon="6.97259">
        <ele>2691.4</ele>
        <time>2026-08-16T05:41:19Z</time>
      </trkpt>
      <trkpt lat="44.682659" lon="6.97258">
        <ele>2691.2</ele>
        <time>2026-08-16T05:41:25Z</time>
      </trkpt>
      <trkpt lat="44.682679" lon="6.972595">
        <ele>2690.8</ele>
        <time>2026-08-16T05:41:32Z</time>
      </trkpt>
      <trkpt lat="44.682721" lon="6.972573">
        <ele>2690.8</ele>
        <time>2026-08-16T05:41:38Z</time>
      </trkpt>
      <trkpt lat="44.682725" lon="6.972566">
        <ele>2690.6</ele>
        <time>2026-08-16T05:41:39Z</time>
      </trkpt>
      <trkpt lat="44.682707" lon="6.97255">
        <ele>2689.6</ele>
        <time>2026-08-16T05:41:43Z</time>
      </trkpt>
      <trkpt lat="44.682703" lon="6.972547">
        <ele>2689.6</ele>
        <time>2026-08-16T05:41:44Z</time>
      </trkpt>
      <trkpt lat="44.682696" lon="6.97253">
        <ele>2689.6</ele>
        <time>2026-08-16T05:41:46Z</time>
      </trkpt>
      <trkpt lat="44.682705" lon="6.972486">
        <ele>2689.2</ele>
        <time>2026-08-16T05:41:50Z</time>
      </trkpt>
      <trkpt lat="44.682719" lon="6.972487">
        <ele>2688.8</ele>
        <time>2026-08-16T05:41:52Z</time>
      </trkpt>
      <trkpt lat="44.682726" lon="6.972487">
        <ele>2688.4</ele>
        <time>2026-08-16T05:41:53Z</time>
      </trkpt>
      <trkpt lat="44.682728" lon="6.972489">
        <ele>2688.2</ele>
        <time>2026-08-16T05:41:54Z</time>
      </trkpt>
      <trkpt lat="44.682725" lon="6.972489">
        <ele>2688.0</ele>
        <time>2026-08-16T05:41:55Z</time>
      </trkpt>
      <trkpt lat="44.682744" lon="6.972488">
        <ele>2687.6</ele>
        <time>2026-08-16T05:42:04Z</time>
      </trkpt>
      <trkpt lat="44.682737" lon="6.972488">
        <ele>2687.8</ele>
        <time>2026-08-16T05:42:06Z</time>
      </trkpt>
      <trkpt lat="44.682706" lon="6.972492">
        <ele>2688.2</ele>
        <time>2026-08-16T05:42:13Z</time>
      </trkpt>
      <trkpt lat="44.682723" lon="6.972483">
        <ele>2688.2</ele>
        <time>2026-08-16T05:42:21Z</time>
      </trkpt>
      <trkpt lat="44.682734" lon="6.972483">
        <ele>2687.6</ele>
        <time>2026-08-16T05:42:26Z</time>
      </trkpt>
      <trkpt lat="44.682729" lon="6.972496">
        <ele>2687.4</ele>
        <time>2026-08-16T05:42:28Z</time>
      </trkpt>
      <trkpt lat="44.682729" lon="6.972499">
        <ele>2687.2</ele>
        <time>2026-08-16T05:42:29Z</time>
      </trkpt>
      <trkpt lat="44.682796" lon="6.972492">
        <ele>2686.4</ele>
        <time>2026-08-16T05:42:36Z</time>
      </trkpt>
      <trkpt lat="44.68281" lon="6.972492">
        <ele>2686.2</ele>
        <time>2026-08-16T05:42:37Z</time>
      </trkpt>
      <trkpt lat="44.682828" lon="6.972527">
        <ele>2685.4</ele>
        <time>2026-08-16T05:42:41Z</time>
      </trkpt>
      <trkpt lat="44.682829" lon="6.972539">
        <ele>2685.2</ele>
        <time>2026-08-16T05:42:42Z</time>
      </trkpt>
      <trkpt lat="44.682846" lon="6.972562">
        <ele>2683.8</ele>
        <time>2026-08-16T05:42:46Z</time>
      </trkpt>
      <trkpt lat="44.682859" lon="6.972549">
        <ele>2682.6</ele>
        <time>2026-08-16T05:42:49Z</time>
      </trkpt>
      <trkpt lat="44.682891" lon="6.972561">
        <ele>2681.4</ele>
        <time>2026-08-16T05:42:52Z</time>
      </trkpt>
      <trkpt lat="44.68291" lon="6.972608">
        <ele>2680.4</ele>
        <time>2026-08-16T05:42:56Z</time>
      </trkpt>
      <trkpt lat="44.682908" lon="6.972706">
        <ele>2680.6</ele>
        <time>2026-08-16T05:43:03Z</time>
      </trkpt>
      <trkpt lat="44.682938" lon="6.972746">
        <ele>2679.4</ele>
        <time>2026-08-16T05:43:06Z</time>
      </trkpt>
      <trkpt lat="44.682961" lon="6.972786">
        <ele>2678.2</ele>
        <time>2026-08-16T05:43:09Z</time>
      </trkpt>
      <trkpt lat="44.682974" lon="6.972819">
        <ele>2677.6</ele>
        <time>2026-08-16T05:43:11Z</time>
      </trkpt>
      <trkpt lat="44.68298" lon="6.972861">
        <ele>2677.0</ele>
        <time>2026-08-16T05:43:13Z</time>
      </trkpt>
      <trkpt lat="44.682985" lon="6.972947">
        <ele>2676.2</ele>
        <time>2026-08-16T05:43:18Z</time>
      </trkpt>
      <trkpt lat="44.68299" lon="6.972971">
        <ele>2676.6</ele>
        <time>2026-08-16T05:43:21Z</time>
      </trkpt>
      <trkpt lat="44.683013" lon="6.973005">
        <ele>2676.2</ele>
        <time>2026-08-16T05:43:24Z</time>
      </trkpt>
      <trkpt lat="44.683022" lon="6.973034">
        <ele>2675.8</ele>
        <time>2026-08-16T05:43:26Z</time>
      </trkpt>
      <trkpt lat="44.683024" lon="6.973093">
        <ele>2675.2</ele>
        <time>2026-08-16T05:43:29Z</time>
      </trkpt>
      <trkpt lat="44.683026" lon="6.973109">
        <ele>2675.0</ele>
        <time>2026-08-16T05:43:30Z</time>
      </trkpt>
      <trkpt lat="44.683024" lon="6.973118">
        <ele>2674.8</ele>
        <time>2026-08-16T05:43:31Z</time>
      </trkpt>
      <trkpt lat="44.682995" lon="6.973183">
        <ele>2675.6</ele>
        <time>2026-08-16T05:43:36Z</time>
      </trkpt>
      <trkpt lat="44.682986" lon="6.973266">
        <ele>2675.8</ele>
        <time>2026-08-16T05:43:40Z</time>
      </trkpt>
      <trkpt lat="44.683007" lon="6.9733">
        <ele>2676.2</ele>
        <time>2026-08-16T05:43:43Z</time>
      </trkpt>
      <trkpt lat="44.683073" lon="6.973322">
        <ele>2676.4</ele>
        <time>2026-08-16T05:43:48Z</time>
      </trkpt>
      <trkpt lat="44.683115" lon="6.973357">
        <ele>2676.4</ele>
        <time>2026-08-16T05:43:51Z</time>
      </trkpt>
      <trkpt lat="44.683187" lon="6.973425">
        <ele>2675.4</ele>
        <time>2026-08-16T05:43:57Z</time>
      </trkpt>
      <trkpt lat="44.683238" lon="6.973481">
        <ele>2674.8</ele>
        <time>2026-08-16T05:44:04Z</time>
      </trkpt>
      <trkpt lat="44.683351" lon="6.973542">
        <ele>2674.6</ele>
        <time>2026-08-16T05:44:11Z</time>
      </trkpt>
      <trkpt lat="44.683383" lon="6.973556">
        <ele>2673.6</ele>
        <time>2026-08-16T05:44:16Z</time>
      </trkpt>
      <trkpt lat="44.683406" lon="6.973578">
        <ele>2672.6</ele>
        <time>2026-08-16T05:44:19Z</time>
      </trkpt>
      <trkpt lat="44.683405" lon="6.973583">
        <ele>2672.4</ele>
        <time>2026-08-16T05:44:20Z</time>
      </trkpt>
      <trkpt lat="44.683431" lon="6.973609">
        <ele>2671.2</ele>
        <time>2026-08-16T05:44:23Z</time>
      </trkpt>
      <trkpt lat="44.683465" lon="6.97364">
        <ele>2670.0</ele>
        <time>2026-08-16T05:44:26Z</time>
      </trkpt>
      <trkpt lat="44.683511" lon="6.973659">
        <ele>2668.8</ele>
        <time>2026-08-16T05:44:30Z</time>
      </trkpt>
      <trkpt lat="44.683561" lon="6.973694">
        <ele>2668.0</ele>
        <time>2026-08-16T05:44:34Z</time>
      </trkpt>
      <trkpt lat="44.683618" lon="6.973754">
        <ele>2667.6</ele>
        <time>2026-08-16T05:44:41Z</time>
      </trkpt>
      <trkpt lat="44.683629" lon="6.973762">
        <ele>2667.2</ele>
        <time>2026-08-16T05:44:42Z</time>
      </trkpt>
      <trkpt lat="44.683666" lon="6.973792">
        <ele>2666.4</ele>
        <time>2026-08-16T05:44:45Z</time>
      </trkpt>
      <trkpt lat="44.683713" lon="6.973805">
        <ele>2666.2</ele>
        <time>2026-08-16T05:44:49Z</time>
      </trkpt>
      <trkpt lat="44.683746" lon="6.973817">
        <ele>2665.4</ele>
        <time>2026-08-16T05:44:52Z</time>
      </trkpt>
      <trkpt lat="44.683787" lon="6.973854">
        <ele>2664.4</ele>
        <time>2026-08-16T05:44:56Z</time>
      </trkpt>
      <trkpt lat="44.683801" lon="6.973862">
        <ele>2664.2</ele>
        <time>2026-08-16T05:44:57Z</time>
      </trkpt>
      <trkpt lat="44.683875" lon="6.973897">
        <ele>2663.2</ele>
        <time>2026-08-16T05:45:02Z</time>
      </trkpt>
      <trkpt lat="44.683917" lon="6.973913">
        <ele>2662.0</ele>
        <time>2026-08-16T05:45:06Z</time>
      </trkpt>
      <trkpt lat="44.683965" lon="6.973921">
        <ele>2660.8</ele>
        <time>2026-08-16T05:45:10Z</time>
      </trkpt>
      <trkpt lat="44.684016" lon="6.973966">
        <ele>2659.8</ele>
        <time>2026-08-16T05:45:15Z</time>
      </trkpt>
      <trkpt lat="44.684066" lon="6.973995">
        <ele>2658.8</ele>
        <time>2026-08-16T05:45:20Z</time>
      </trkpt>
      <trkpt lat="44.684091" lon="6.974005">
        <ele>2658.6</ele>
        <time>2026-08-16T05:45:22Z</time>
      </trkpt>
      <trkpt lat="44.684135" lon="6.974022">
        <ele>2657.6</ele>
        <time>2026-08-16T05:45:26Z</time>
      </trkpt>
      <trkpt lat="44.684186" lon="6.974036">
        <ele>2656.4</ele>
        <time>2026-08-16T05:45:30Z</time>
      </trkpt>
      <trkpt lat="44.684195" lon="6.974023">
        <ele>2656.2</ele>
        <time>2026-08-16T05:45:31Z</time>
      </trkpt>
      <trkpt lat="44.684192" lon="6.973987">
        <ele>2655.4</ele>
        <time>2026-08-16T05:45:34Z</time>
      </trkpt>
      <trkpt lat="44.684181" lon="6.973954">
        <ele>2654.6</ele>
        <time>2026-08-16T05:45:36Z</time>
      </trkpt>
      <trkpt lat="44.684168" lon="6.973916">
        <ele>2654.0</ele>
        <time>2026-08-16T05:45:38Z</time>
      </trkpt>
      <trkpt lat="44.684148" lon="6.973835">
        <ele>2653.0</ele>
        <time>2026-08-16T05:45:42Z</time>
      </trkpt>
      <trkpt lat="44.684144" lon="6.973812">
        <ele>2652.4</ele>
        <time>2026-08-16T05:45:44Z</time>
      </trkpt>
      <trkpt lat="44.684135" lon="6.973772">
        <ele>2651.8</ele>
        <time>2026-08-16T05:45:47Z</time>
      </trkpt>
      <trkpt lat="44.684093" lon="6.973682">
        <ele>2650.6</ele>
        <time>2026-08-16T05:45:53Z</time>
      </trkpt>
      <trkpt lat="44.684077" lon="6.973654">
        <ele>2650.2</ele>
        <time>2026-08-16T05:45:55Z</time>
      </trkpt>
      <trkpt lat="44.684055" lon="6.973614">
        <ele>2649.6</ele>
        <time>2026-08-16T05:45:57Z</time>
      </trkpt>
      <trkpt lat="44.683986" lon="6.973515">
        <ele>2648.6</ele>
        <time>2026-08-16T05:46:04Z</time>
      </trkpt>
      <trkpt lat="44.68397" lon="6.973437">
        <ele>2647.4</ele>
        <time>2026-08-16T05:46:10Z</time>
      </trkpt>
      <trkpt lat="44.683967" lon="6.973415">
        <ele>2647.0</ele>
        <time>2026-08-16T05:46:11Z</time>
      </trkpt>
      <trkpt lat="44.683957" lon="6.973359">
        <ele>2646.0</ele>
        <time>2026-08-16T05:46:14Z</time>
      </trkpt>
      <trkpt lat="44.683942" lon="6.973304">
        <ele>2644.8</ele>
        <time>2026-08-16T05:46:18Z</time>
      </trkpt>
      <trkpt lat="44.683927" lon="6.973274">
        <ele>2644.0</ele>
        <time>2026-08-16T05:46:21Z</time>
      </trkpt>
      <trkpt lat="44.683922" lon="6.973262">
        <ele>2643.6</ele>
        <time>2026-08-16T05:46:22Z</time>
      </trkpt>
      <trkpt lat="44.683918" lon="6.973224">
        <ele>2642.6</ele>
        <time>2026-08-16T05:46:26Z</time>
      </trkpt>
      <trkpt lat="44.683944" lon="6.973224">
        <ele>2642.0</ele>
        <time>2026-08-16T05:46:29Z</time>
      </trkpt>
      <trkpt lat="44.683957" lon="6.973227">
        <ele>2641.8</ele>
        <time>2026-08-16T05:46:30Z</time>
      </trkpt>
      <trkpt lat="44.684031" lon="6.973252">
        <ele>2641.4</ele>
        <time>2026-08-16T05:46:36Z</time>
      </trkpt>
      <trkpt lat="44.684135" lon="6.973306">
        <ele>2640.4</ele>
        <time>2026-08-16T05:46:43Z</time>
      </trkpt>
      <trkpt lat="44.68415" lon="6.973312">
        <ele>2640.4</ele>
        <time>2026-08-16T05:46:44Z</time>
      </trkpt>
      <trkpt lat="44.684213" lon="6.973365">
        <ele>2639.4</ele>
        <time>2026-08-16T05:46:51Z</time>
      </trkpt>
      <trkpt lat="44.684222" lon="6.973375">
        <ele>2639.2</ele>
        <time>2026-08-16T05:46:52Z</time>
      </trkpt>
      <trkpt lat="44.684275" lon="6.973418">
        <ele>2638.0</ele>
        <time>2026-08-16T05:46:57Z</time>
      </trkpt>
      <trkpt lat="44.68431" lon="6.973452">
        <ele>2637.2</ele>
        <time>2026-08-16T05:47:00Z</time>
      </trkpt>
      <trkpt lat="44.684342" lon="6.973504">
        <ele>2636.8</ele>
        <time>2026-08-16T05:47:03Z</time>
      </trkpt>
      <trkpt lat="44.684401" lon="6.973582">
        <ele>2636.0</ele>
        <time>2026-08-16T05:47:08Z</time>
      </trkpt>
      <trkpt lat="44.684428" lon="6.97361">
        <ele>2635.6</ele>
        <time>2026-08-16T05:47:10Z</time>
      </trkpt>
      <trkpt lat="44.684482" lon="6.973677">
        <ele>2634.4</ele>
        <time>2026-08-16T05:47:15Z</time>
      </trkpt>
      <trkpt lat="44.68451" lon="6.973711">
        <ele>2633.8</ele>
        <time>2026-08-16T05:47:18Z</time>
      </trkpt>
      <trkpt lat="44.684522" lon="6.973723">
        <ele>2633.4</ele>
        <time>2026-08-16T05:47:20Z</time>
      </trkpt>
      <trkpt lat="44.684544" lon="6.973742">
        <ele>2632.2</ele>
        <time>2026-08-16T05:47:24Z</time>
      </trkpt>
      <trkpt lat="44.68456" lon="6.973765">
        <ele>2631.4</ele>
        <time>2026-08-16T05:47:26Z</time>
      </trkpt>
      <trkpt lat="44.684571" lon="6.973794">
        <ele>2631.0</ele>
        <time>2026-08-16T05:47:28Z</time>
      </trkpt>
      <trkpt lat="44.684623" lon="6.973868">
        <ele>2630.6</ele>
        <time>2026-08-16T05:47:33Z</time>
      </trkpt>
      <trkpt lat="44.684714" lon="6.973947">
        <ele>2629.8</ele>
        <time>2026-08-16T05:47:40Z</time>
      </trkpt>
      <trkpt lat="44.684728" lon="6.973977">
        <ele>2629.8</ele>
        <time>2026-08-16T05:47:42Z</time>
      </trkpt>
      <trkpt lat="44.684795" lon="6.974089">
        <ele>2628.6</ele>
        <time>2026-08-16T05:47:50Z</time>
      </trkpt>
      <trkpt lat="44.684803" lon="6.974107">
        <ele>2628.4</ele>
        <time>2026-08-16T05:47:51Z</time>
      </trkpt>
      <trkpt lat="44.68484" lon="6.974169">
        <ele>2627.6</ele>
        <time>2026-08-16T05:47:55Z</time>
      </trkpt>
      <trkpt lat="44.684881" lon="6.97421">
        <ele>2627.6</ele>
        <time>2026-08-16T05:47:59Z</time>
      </trkpt>
      <trkpt lat="44.684981" lon="6.974321">
        <ele>2626.8</ele>
        <time>2026-08-16T05:48:09Z</time>
      </trkpt>
      <trkpt lat="44.68503" lon="6.97443">
        <ele>2627.6</ele>
        <time>2026-08-16T05:48:17Z</time>
      </trkpt>
      <trkpt lat="44.685095" lon="6.974495">
        <ele>2627.6</ele>
        <time>2026-08-16T05:48:24Z</time>
      </trkpt>
      <trkpt lat="44.685097" lon="6.974579">
        <ele>2628.6</ele>
        <time>2026-08-16T05:48:30Z</time>
      </trkpt>
      <trkpt lat="44.685097" lon="6.974592">
        <ele>2628.6</ele>
        <time>2026-08-16T05:48:31Z</time>
      </trkpt>
      <trkpt lat="44.685113" lon="6.974678">
        <ele>2628.8</ele>
        <time>2026-08-16T05:48:36Z</time>
      </trkpt>
      <trkpt lat="44.68515" lon="6.974714">
        <ele>2628.6</ele>
        <time>2026-08-16T05:48:40Z</time>
      </trkpt>
      <trkpt lat="44.685284" lon="6.97477">
        <ele>2627.8</ele>
        <time>2026-08-16T05:48:50Z</time>
      </trkpt>
      <trkpt lat="44.68531" lon="6.974806">
        <ele>2627.6</ele>
        <time>2026-08-16T05:48:53Z</time>
      </trkpt>
      <trkpt lat="44.685304" lon="6.974857">
        <ele>2627.8</ele>
        <time>2026-08-16T05:48:56Z</time>
      </trkpt>
      <trkpt lat="44.685309" lon="6.974937">
        <ele>2628.8</ele>
        <time>2026-08-16T05:49:01Z</time>
      </trkpt>
      <trkpt lat="44.685321" lon="6.974948">
        <ele>2628.8</ele>
        <time>2026-08-16T05:49:02Z</time>
      </trkpt>
      <trkpt lat="44.685335" lon="6.974953">
        <ele>2628.6</ele>
        <time>2026-08-16T05:49:03Z</time>
      </trkpt>
      <trkpt lat="44.685425" lon="6.974982">
        <ele>2628.6</ele>
        <time>2026-08-16T05:49:12Z</time>
      </trkpt>
      <trkpt lat="44.685478" lon="6.975001">
        <ele>2627.6</ele>
        <time>2026-08-16T05:49:17Z</time>
      </trkpt>
      <trkpt lat="44.685525" lon="6.975015">
        <ele>2626.6</ele>
        <time>2026-08-16T05:49:21Z</time>
      </trkpt>
      <trkpt lat="44.685535" lon="6.975025">
        <ele>2626.4</ele>
        <time>2026-08-16T05:49:22Z</time>
      </trkpt>
      <trkpt lat="44.685646" lon="6.975109">
        <ele>2626.0</ele>
        <time>2026-08-16T05:49:32Z</time>
      </trkpt>
      <trkpt lat="44.685692" lon="6.975161">
        <ele>2626.0</ele>
        <time>2026-08-16T05:49:38Z</time>
      </trkpt>
      <trkpt lat="44.685749" lon="6.975186">
        <ele>2625.4</ele>
        <time>2026-08-16T05:49:44Z</time>
      </trkpt>
      <trkpt lat="44.685797" lon="6.975197">
        <ele>2624.8</ele>
        <time>2026-08-16T05:49:47Z</time>
      </trkpt>
      <trkpt lat="44.685884" lon="6.97521">
        <ele>2624.4</ele>
        <time>2026-08-16T05:49:53Z</time>
      </trkpt>
      <trkpt lat="44.685917" lon="6.975189">
        <ele>2623.8</ele>
        <time>2026-08-16T05:49:56Z</time>
      </trkpt>
      <trkpt lat="44.685963" lon="6.975168">
        <ele>2623.4</ele>
        <time>2026-08-16T05:50:00Z</time>
      </trkpt>
      <trkpt lat="44.686038" lon="6.975149">
        <ele>2623.2</ele>
        <time>2026-08-16T05:50:06Z</time>
      </trkpt>
      <trkpt lat="44.686141" lon="6.97512">
        <ele>2622.2</ele>
        <time>2026-08-16T05:50:14Z</time>
      </trkpt>
      <trkpt lat="44.686153" lon="6.975117">
        <ele>2622.0</ele>
        <time>2026-08-16T05:50:15Z</time>
      </trkpt>
      <trkpt lat="44.686212" lon="6.975099">
        <ele>2621.0</ele>
        <time>2026-08-16T05:50:20Z</time>
      </trkpt>
      <trkpt lat="44.686255" lon="6.975087">
        <ele>2620.6</ele>
        <time>2026-08-16T05:50:23Z</time>
      </trkpt>
      <trkpt lat="44.68639" lon="6.975032">
        <ele>2620.2</ele>
        <time>2026-08-16T05:50:34Z</time>
      </trkpt>
      <trkpt lat="44.686478" lon="6.97499">
        <ele>2620.8</ele>
        <time>2026-08-16T05:50:43Z</time>
      </trkpt>
      <trkpt lat="44.686487" lon="6.974983">
        <ele>2620.8</ele>
        <time>2026-08-16T05:50:44Z</time>
      </trkpt>
      <trkpt lat="44.686547" lon="6.974963">
        <ele>2620.0</ele>
        <time>2026-08-16T05:50:49Z</time>
      </trkpt>
      <trkpt lat="44.686611" lon="6.974942">
        <ele>2619.6</ele>
        <time>2026-08-16T05:50:55Z</time>
      </trkpt>
      <trkpt lat="44.686666" lon="6.974924">
        <ele>2619.0</ele>
        <time>2026-08-16T05:51:00Z</time>
      </trkpt>
      <trkpt lat="44.686676" lon="6.974932">
        <ele>2619.0</ele>
        <time>2026-08-16T05:51:03Z</time>
      </trkpt>
      <trkpt lat="44.686698" lon="6.97492">
        <ele>2618.8</ele>
        <time>2026-08-16T05:51:12Z</time>
      </trkpt>
      <trkpt lat="44.686731" lon="6.974909">
        <ele>2618.0</ele>
        <time>2026-08-16T05:51:16Z</time>
      </trkpt>
      <trkpt lat="44.686775" lon="6.974909">
        <ele>2617.0</ele>
        <time>2026-08-16T05:51:21Z</time>
      </trkpt>
      <trkpt lat="44.686786" lon="6.974905">
        <ele>2616.8</ele>
        <time>2026-08-16T05:51:22Z</time>
      </trkpt>
      <trkpt lat="44.686846" lon="6.974883">
        <ele>2615.8</ele>
        <time>2026-08-16T05:51:26Z</time>
      </trkpt>
      <trkpt lat="44.686895" lon="6.974896">
        <ele>2615.0</ele>
        <time>2026-08-16T05:51:30Z</time>
      </trkpt>
      <trkpt lat="44.686902" lon="6.974915">
        <ele>2614.6</ele>
        <time>2026-08-16T05:51:31Z</time>
      </trkpt>
      <trkpt lat="44.686959" lon="6.974942">
        <ele>2613.6</ele>
        <time>2026-08-16T05:51:36Z</time>
      </trkpt>
      <trkpt lat="44.687038" lon="6.974909">
        <ele>2613.4</ele>
        <time>2026-08-16T05:51:41Z</time>
      </trkpt>
      <trkpt lat="44.687059" lon="6.974897">
        <ele>2613.6</ele>
        <time>2026-08-16T05:51:43Z</time>
      </trkpt>
      <trkpt lat="44.687139" lon="6.974778">
        <ele>2614.2</ele>
        <time>2026-08-16T05:51:51Z</time>
      </trkpt>
      <trkpt lat="44.687189" lon="6.974747">
        <ele>2614.2</ele>
        <time>2026-08-16T05:51:55Z</time>
      </trkpt>
      <trkpt lat="44.68724" lon="6.974746">
        <ele>2614.6</ele>
        <time>2026-08-16T05:51:59Z</time>
      </trkpt>
      <trkpt lat="44.687255" lon="6.974747">
        <ele>2614.8</ele>
        <time>2026-08-16T05:52:00Z</time>
      </trkpt>
      <trkpt lat="44.687318" lon="6.974728">
        <ele>2615.0</ele>
        <time>2026-08-16T05:52:05Z</time>
      </trkpt>
      <trkpt lat="44.687364" lon="6.974727">
        <ele>2615.0</ele>
        <time>2026-08-16T05:52:08Z</time>
      </trkpt>
      <trkpt lat="44.687418" lon="6.974732">
        <ele>2615.0</ele>
        <time>2026-08-16T05:52:11Z</time>
      </trkpt>
      <trkpt lat="44.687465" lon="6.974749">
        <ele>2615.0</ele>
        <time>2026-08-16T05:52:15Z</time>
      </trkpt>
      <trkpt lat="44.68761" lon="6.974715">
        <ele>2615.4</ele>
        <time>2026-08-16T05:52:25Z</time>
      </trkpt>
      <trkpt lat="44.687709" lon="6.974679">
        <ele>2615.4</ele>
        <time>2026-08-16T05:52:32Z</time>
      </trkpt>
      <trkpt lat="44.687837" lon="6.974629">
        <ele>2614.6</ele>
        <time>2026-08-16T05:52:41Z</time>
      </trkpt>
      <trkpt lat="44.687944" lon="6.974609">
        <ele>2614.0</ele>
        <time>2026-08-16T05:52:50Z</time>
      </trkpt>
      <trkpt lat="44.688" lon="6.974631">
        <ele>2613.6</ele>
        <time>2026-08-16T05:52:53Z</time>
      </trkpt>
      <trkpt lat="44.68805" lon="6.97463">
        <ele>2613.2</ele>
        <time>2026-08-16T05:52:56Z</time>
      </trkpt>
      <trkpt lat="44.688146" lon="6.974575">
        <ele>2612.4</ele>
        <time>2026-08-16T05:53:03Z</time>
      </trkpt>
      <trkpt lat="44.688163" lon="6.974566">
        <ele>2612.2</ele>
        <time>2026-08-16T05:53:04Z</time>
      </trkpt>
      <trkpt lat="44.688291" lon="6.974472">
        <ele>2611.6</ele>
        <time>2026-08-16T05:53:13Z</time>
      </trkpt>
      <trkpt lat="44.688363" lon="6.974397">
        <ele>2611.4</ele>
        <time>2026-08-16T05:53:19Z</time>
      </trkpt>
      <trkpt lat="44.688371" lon="6.974391">
        <ele>2611.2</ele>
        <time>2026-08-16T05:53:20Z</time>
      </trkpt>
      <trkpt lat="44.688458" lon="6.974312">
        <ele>2610.4</ele>
        <time>2026-08-16T05:53:29Z</time>
      </trkpt>
      <trkpt lat="44.688468" lon="6.974299">
        <ele>2610.4</ele>
        <time>2026-08-16T05:53:31Z</time>
      </trkpt>
      <trkpt lat="44.688536" lon="6.97425">
        <ele>2610.2</ele>
        <time>2026-08-16T05:53:38Z</time>
      </trkpt>
      <trkpt lat="44.688546" lon="6.974243">
        <ele>2610.2</ele>
        <time>2026-08-16T05:53:39Z</time>
      </trkpt>
      <trkpt lat="44.688621" lon="6.974197">
        <ele>2609.2</ele>
        <time>2026-08-16T05:53:45Z</time>
      </trkpt>
      <trkpt lat="44.688637" lon="6.974188">
        <ele>2608.8</ele>
        <time>2026-08-16T05:53:47Z</time>
      </trkpt>
      <trkpt lat="44.688662" lon="6.974184">
        <ele>2608.2</ele>
        <time>2026-08-16T05:53:49Z</time>
      </trkpt>
      <trkpt lat="44.688711" lon="6.974191">
        <ele>2607.2</ele>
        <time>2026-08-16T05:53:53Z</time>
      </trkpt>
      <trkpt lat="44.68873" lon="6.974193">
        <ele>2606.6</ele>
        <time>2026-08-16T05:53:55Z</time>
      </trkpt>
      <trkpt lat="44.688773" lon="6.974201">
        <ele>2605.8</ele>
        <time>2026-08-16T05:53:58Z</time>
      </trkpt>
      <trkpt lat="44.688795" lon="6.974186">
        <ele>2605.4</ele>
        <time>2026-08-16T05:54:00Z</time>
      </trkpt>
      <trkpt lat="44.688802" lon="6.974179">
        <ele>2605.2</ele>
        <time>2026-08-16T05:54:01Z</time>
      </trkpt>
      <trkpt lat="44.688823" lon="6.974161">
        <ele>2604.8</ele>
        <time>2026-08-16T05:54:03Z</time>
      </trkpt>
      <trkpt lat="44.688872" lon="6.974092">
        <ele>2603.6</ele>
        <time>2026-08-16T05:54:09Z</time>
      </trkpt>
      <trkpt lat="44.688876" lon="6.974089">
        <ele>2603.4</ele>
        <time>2026-08-16T05:54:10Z</time>
      </trkpt>
      <trkpt lat="44.68896" lon="6.974091">
        <ele>2602.6</ele>
        <time>2026-08-16T05:54:16Z</time>
      </trkpt>
      <trkpt lat="44.688975" lon="6.97409">
        <ele>2602.4</ele>
        <time>2026-08-16T05:54:17Z</time>
      </trkpt>
      <trkpt lat="44.689051" lon="6.974003">
        <ele>2601.8</ele>
        <time>2026-08-16T05:54:25Z</time>
      </trkpt>
      <trkpt lat="44.689067" lon="6.973977">
        <ele>2601.4</ele>
        <time>2026-08-16T05:54:27Z</time>
      </trkpt>
      <trkpt lat="44.689111" lon="6.973915">
        <ele>2600.2</ele>
        <time>2026-08-16T05:54:31Z</time>
      </trkpt>
      <trkpt lat="44.68916" lon="6.973862">
        <ele>2599.4</ele>
        <time>2026-08-16T05:54:35Z</time>
      </trkpt>
      <trkpt lat="44.689183" lon="6.973833">
        <ele>2599.0</ele>
        <time>2026-08-16T05:54:37Z</time>
      </trkpt>
      <trkpt lat="44.689204" lon="6.973796">
        <ele>2598.4</ele>
        <time>2026-08-16T05:54:40Z</time>
      </trkpt>
      <trkpt lat="44.689212" lon="6.973785">
        <ele>2598.0</ele>
        <time>2026-08-16T05:54:41Z</time>
      </trkpt>
      <trkpt lat="44.689228" lon="6.973761">
        <ele>2597.2</ele>
        <time>2026-08-16T05:54:43Z</time>
      </trkpt>
      <trkpt lat="44.689237" lon="6.973748">
        <ele>2597.0</ele>
        <time>2026-08-16T05:54:44Z</time>
      </trkpt>
      <trkpt lat="44.689278" lon="6.973678">
        <ele>2595.8</ele>
        <time>2026-08-16T05:54:49Z</time>
      </trkpt>
      <trkpt lat="44.68929" lon="6.973648">
        <ele>2595.4</ele>
        <time>2026-08-16T05:54:51Z</time>
      </trkpt>
      <trkpt lat="44.689342" lon="6.973599">
        <ele>2594.6</ele>
        <time>2026-08-16T05:54:56Z</time>
      </trkpt>
      <trkpt lat="44.689351" lon="6.973585">
        <ele>2594.6</ele>
        <time>2026-08-16T05:54:57Z</time>
      </trkpt>
      <trkpt lat="44.689411" lon="6.973522">
        <ele>2593.6</ele>
        <time>2026-08-16T05:55:02Z</time>
      </trkpt>
      <trkpt lat="44.689451" lon="6.973499">
        <ele>2592.8</ele>
        <time>2026-08-16T05:55:05Z</time>
      </trkpt>
      <trkpt lat="44.689483" lon="6.973483">
        <ele>2592.4</ele>
        <time>2026-08-16T05:55:07Z</time>
      </trkpt>
      <trkpt lat="44.689555" lon="6.97344">
        <ele>2591.4</ele>
        <time>2026-08-16T05:55:12Z</time>
      </trkpt>
      <trkpt lat="44.689614" lon="6.973396">
        <ele>2590.2</ele>
        <time>2026-08-16T05:55:18Z</time>
      </trkpt>
      <trkpt lat="44.689652" lon="6.973357">
        <ele>2589.8</ele>
        <time>2026-08-16T05:55:21Z</time>
      </trkpt>
      <trkpt lat="44.689687" lon="6.973337">
        <ele>2589.2</ele>
        <time>2026-08-16T05:55:24Z</time>
      </trkpt>
      <trkpt lat="44.689754" lon="6.973327">
        <ele>2588.6</ele>
        <time>2026-08-16T05:55:29Z</time>
      </trkpt>
      <trkpt lat="44.689779" lon="6.973324">
        <ele>2588.2</ele>
        <time>2026-08-16T05:55:31Z</time>
      </trkpt>
      <trkpt lat="44.689824" lon="6.9733">
        <ele>2587.6</ele>
        <time>2026-08-16T05:55:35Z</time>
      </trkpt>
      <trkpt lat="44.689853" lon="6.973285">
        <ele>2587.0</ele>
        <time>2026-08-16T05:55:38Z</time>
      </trkpt>
      <trkpt lat="44.689905" lon="6.973247">
        <ele>2586.4</ele>
        <time>2026-08-16T05:55:42Z</time>
      </trkpt>
      <trkpt lat="44.689954" lon="6.973202">
        <ele>2585.8</ele>
        <time>2026-08-16T05:55:46Z</time>
      </trkpt>
      <trkpt lat="44.690017" lon="6.973165">
        <ele>2585.0</ele>
        <time>2026-08-16T05:55:52Z</time>
      </trkpt>
      <trkpt lat="44.690027" lon="6.973156">
        <ele>2584.8</ele>
        <time>2026-08-16T05:55:53Z</time>
      </trkpt>
      <trkpt lat="44.690099" lon="6.973161">
        <ele>2583.6</ele>
        <time>2026-08-16T05:55:59Z</time>
      </trkpt>
      <trkpt lat="44.690169" lon="6.973174">
        <ele>2582.6</ele>
        <time>2026-08-16T05:56:04Z</time>
      </trkpt>
      <trkpt lat="44.690211" lon="6.973177">
        <ele>2582.2</ele>
        <time>2026-08-16T05:56:07Z</time>
      </trkpt>
      <trkpt lat="44.690303" lon="6.973121">
        <ele>2581.6</ele>
        <time>2026-08-16T05:56:13Z</time>
      </trkpt>
      <trkpt lat="44.690315" lon="6.973103">
        <ele>2581.6</ele>
        <time>2026-08-16T05:56:14Z</time>
      </trkpt>
      <trkpt lat="44.690402" lon="6.972965">
        <ele>2580.8</ele>
        <time>2026-08-16T05:56:23Z</time>
      </trkpt>
      <trkpt lat="44.690419" lon="6.972905">
        <ele>2580.4</ele>
        <time>2026-08-16T05:56:26Z</time>
      </trkpt>
      <trkpt lat="44.690453" lon="6.972821">
        <ele>2580.0</ele>
        <time>2026-08-16T05:56:31Z</time>
      </trkpt>
      <trkpt lat="44.690487" lon="6.972728">
        <ele>2579.4</ele>
        <time>2026-08-16T05:56:36Z</time>
      </trkpt>
      <trkpt lat="44.690508" lon="6.972681">
        <ele>2579.2</ele>
        <time>2026-08-16T05:56:39Z</time>
      </trkpt>
      <trkpt lat="44.690588" lon="6.972547">
        <ele>2578.8</ele>
        <time>2026-08-16T05:56:49Z</time>
      </trkpt>
      <trkpt lat="44.690697" lon="6.972404">
        <ele>2578.6</ele>
        <time>2026-08-16T05:57:00Z</time>
      </trkpt>
      <trkpt lat="44.690732" lon="6.972359">
        <ele>2578.4</ele>
        <time>2026-08-16T05:57:04Z</time>
      </trkpt>
      <trkpt lat="44.690795" lon="6.972298">
        <ele>2577.2</ele>
        <time>2026-08-16T05:57:10Z</time>
      </trkpt>
      <trkpt lat="44.690856" lon="6.972236">
        <ele>2576.0</ele>
        <time>2026-08-16T05:57:15Z</time>
      </trkpt>
      <trkpt lat="44.690891" lon="6.97221">
        <ele>2575.4</ele>
        <time>2026-08-16T05:57:18Z</time>
      </trkpt>
      <trkpt lat="44.690999" lon="6.972108">
        <ele>2575.6</ele>
        <time>2026-08-16T05:57:28Z</time>
      </trkpt>
      <trkpt lat="44.691017" lon="6.972037">
        <ele>2575.2</ele>
        <time>2026-08-16T05:57:32Z</time>
      </trkpt>
      <trkpt lat="44.691005" lon="6.971997">
        <ele>2575.2</ele>
        <time>2026-08-16T05:57:34Z</time>
      </trkpt>
      <trkpt lat="44.690962" lon="6.97191">
        <ele>2576.2</ele>
        <time>2026-08-16T05:57:41Z</time>
      </trkpt>
      <trkpt lat="44.690907" lon="6.971767">
        <ele>2576.8</ele>
        <time>2026-08-16T05:57:50Z</time>
      </trkpt>
      <trkpt lat="44.690862" lon="6.971691">
        <ele>2576.0</ele>
        <time>2026-08-16T05:57:57Z</time>
      </trkpt>
      <trkpt lat="44.690851" lon="6.971586">
        <ele>2575.4</ele>
        <time>2026-08-16T05:58:05Z</time>
      </trkpt>
      <trkpt lat="44.690884" lon="6.971526">
        <ele>2575.0</ele>
        <time>2026-08-16T05:58:10Z</time>
      </trkpt>
      <trkpt lat="44.690905" lon="6.971488">
        <ele>2574.6</ele>
        <time>2026-08-16T05:58:13Z</time>
      </trkpt>
      <trkpt lat="44.690901" lon="6.971495">
        <ele>2574.6</ele>
        <time>2026-08-16T05:58:16Z</time>
      </trkpt>
      <trkpt lat="44.6909" lon="6.971506">
        <ele>2574.6</ele>
        <time>2026-08-16T05:58:18Z</time>
      </trkpt>
      <trkpt lat="44.690898" lon="6.971511">
        <ele>2574.6</ele>
        <time>2026-08-16T05:58:19Z</time>
      </trkpt>
      <trkpt lat="44.69088" lon="6.971506">
        <ele>2574.6</ele>
        <time>2026-08-16T05:58:23Z</time>
      </trkpt>
      <trkpt lat="44.690862" lon="6.971506">
        <ele>2574.6</ele>
        <time>2026-08-16T05:58:27Z</time>
      </trkpt>
      <trkpt lat="44.690873" lon="6.971505">
        <ele>2574.4</ele>
        <time>2026-08-16T05:58:35Z</time>
      </trkpt>
      <trkpt lat="44.690884" lon="6.971483">
        <ele>2574.6</ele>
        <time>2026-08-16T05:58:46Z</time>
      </trkpt>
      <trkpt lat="44.690874" lon="6.971483">
        <ele>2574.8</ele>
        <time>2026-08-16T05:58:52Z</time>
      </trkpt>
      <trkpt lat="44.690906" lon="6.971501">
        <ele>2575.4</ele>
        <time>2026-08-16T05:59:02Z</time>
      </trkpt>
      <trkpt lat="44.690965" lon="6.971406">
        <ele>2575.4</ele>
        <time>2026-08-16T05:59:11Z</time>
      </trkpt>
      <trkpt lat="44.690953" lon="6.971407">
        <ele>2575.2</ele>
        <time>2026-08-16T05:59:15Z</time>
      </trkpt>
      <trkpt lat="44.690964" lon="6.971401">
        <ele>2575.2</ele>
        <time>2026-08-16T05:59:17Z</time>
      </trkpt>
      <trkpt lat="44.690967" lon="6.971402">
        <ele>2575.2</ele>
        <time>2026-08-16T05:59:18Z</time>
      </trkpt>
      <trkpt lat="44.690949" lon="6.971391">
        <ele>2575.2</ele>
        <time>2026-08-16T05:59:19Z</time>
      </trkpt>
      <trkpt lat="44.690936" lon="6.971414">
        <ele>2574.4</ele>
        <time>2026-08-16T05:59:23Z</time>
      </trkpt>
      <trkpt lat="44.690944" lon="6.971423">
        <ele>2574.4</ele>
        <time>2026-08-16T05:59:24Z</time>
      </trkpt>
      <trkpt lat="44.690949" lon="6.971437">
        <ele>2574.6</ele>
        <time>2026-08-16T05:59:29Z</time>
      </trkpt>
      <trkpt lat="44.690906" lon="6.971469">
        <ele>2574.6</ele>
        <time>2026-08-16T05:59:38Z</time>
      </trkpt>
      <trkpt lat="44.690878" lon="6.971483">
        <ele>2574.6</ele>
        <time>2026-08-16T05:59:46Z</time>
      </trkpt>
      <trkpt lat="44.690891" lon="6.971524">
        <ele>2574.6</ele>
        <time>2026-08-16T05:59:52Z</time>
      </trkpt>
      <trkpt lat="44.690898" lon="6.971529">
        <ele>2574.6</ele>
        <time>2026-08-16T05:59:54Z</time>
      </trkpt>
      <trkpt lat="44.690912" lon="6.971518">
        <ele>2574.4</ele>
        <time>2026-08-16T06:00:01Z</time>
      </trkpt>
      <trkpt lat="44.690885" lon="6.971515">
        <ele>2574.4</ele>
        <time>2026-08-16T06:00:08Z</time>
      </trkpt>
      <trkpt lat="44.690876" lon="6.971505">
        <ele>2574.2</ele>
        <time>2026-08-16T06:00:15Z</time>
      </trkpt>
      <trkpt lat="44.690836" lon="6.97153">
        <ele>2574.4</ele>
        <time>2026-08-16T06:00:22Z</time>
      </trkpt>
      <trkpt lat="44.690824" lon="6.971513">
        <ele>2574.2</ele>
        <time>2026-08-16T06:00:27Z</time>
      </trkpt>
      <trkpt lat="44.690868" lon="6.971494">
        <ele>2574.4</ele>
        <time>2026-08-16T06:00:32Z</time>
      </trkpt>
      <trkpt lat="44.690882" lon="6.971501">
        <ele>2574.6</ele>
        <time>2026-08-16T06:00:35Z</time>
      </trkpt>
      <trkpt lat="44.690865" lon="6.971503">
        <ele>2574.4</ele>
        <time>2026-08-16T06:00:37Z</time>
      </trkpt>
      <trkpt lat="44.69087" lon="6.971478">
        <ele>2574.6</ele>
        <time>2026-08-16T06:00:43Z</time>
      </trkpt>
      <trkpt lat="44.690871" lon="6.971489">
        <ele>2574.6</ele>
        <time>2026-08-16T06:00:48Z</time>
      </trkpt>
      <trkpt lat="44.690881" lon="6.971505">
        <ele>2574.6</ele>
        <time>2026-08-16T06:00:52Z</time>
      </trkpt>
      <trkpt lat="44.690894" lon="6.971508">
        <ele>2574.6</ele>
        <time>2026-08-16T06:01:00Z</time>
      </trkpt>
      <trkpt lat="44.690834" lon="6.971516">
        <ele>2574.8</ele>
        <time>2026-08-16T06:01:05Z</time>
      </trkpt>
      <trkpt lat="44.690823" lon="6.971508">
        <ele>2574.8</ele>
        <time>2026-08-16T06:01:07Z</time>
      </trkpt>
      <trkpt lat="44.690834" lon="6.971519">
        <ele>2574.8</ele>
        <time>2026-08-16T06:01:14Z</time>
      </trkpt>
      <trkpt lat="44.690834" lon="6.971511">
        <ele>2574.8</ele>
        <time>2026-08-16T06:01:21Z</time>
      </trkpt>
      <trkpt lat="44.690856" lon="6.971475">
        <ele>2574.8</ele>
        <time>2026-08-16T06:01:28Z</time>
      </trkpt>
      <trkpt lat="44.690889" lon="6.971432">
        <ele>2575.6</ele>
        <time>2026-08-16T06:01:34Z</time>
      </trkpt>
      <trkpt lat="44.690912" lon="6.971438">
        <ele>2575.4</ele>
        <time>2026-08-16T06:01:44Z</time>
      </trkpt>
    </trkseg>
    <trkseg>
      <trkpt lat="44.691374" lon="6.971123">
        <ele>2574.4</ele>
        <time>2026-08-16T10:32:56Z</time>
      </trkpt>
      <trkpt lat="44.691456" lon="6.971114">
        <ele>2574.8</ele>
        <time>2026-08-16T10:33:04Z</time>
      </trkpt>
      <trkpt lat="44.691516" lon="6.971119">
        <ele>2575.0</ele>
        <time>2026-08-16T10:33:12Z</time>
      </trkpt>
      <trkpt lat="44.691574" lon="6.971149">
        <ele>2575.2</ele>
        <time>2026-08-16T10:33:20Z</time>
      </trkpt>
      <trkpt lat="44.691576" lon="6.971148">
        <ele>2575.0</ele>
        <time>2026-08-16T10:33:21Z</time>
      </trkpt>
      <trkpt lat="44.691563" lon="6.971143">
        <ele>2575.4</ele>
        <time>2026-08-16T10:33:33Z</time>
      </trkpt>
      <trkpt lat="44.691565" lon="6.971147">
        <ele>2575.6</ele>
        <time>2026-08-16T10:33:35Z</time>
      </trkpt>
      <trkpt lat="44.691581" lon="6.971167">
        <ele>2576.2</ele>
        <time>2026-08-16T10:33:46Z</time>
      </trkpt>
      <trkpt lat="44.691594" lon="6.971183">
        <ele>2576.2</ele>
        <time>2026-08-16T10:33:49Z</time>
      </trkpt>
      <trkpt lat="44.69158" lon="6.971157">
        <ele>2575.8</ele>
        <time>2026-08-16T10:33:57Z</time>
      </trkpt>
      <trkpt lat="44.691574" lon="6.971157">
        <ele>2576.4</ele>
        <time>2026-08-16T10:34:07Z</time>
      </trkpt>
      <trkpt lat="44.691579" lon="6.971159">
        <ele>2576.8</ele>
        <time>2026-08-16T10:34:17Z</time>
      </trkpt>
      <trkpt lat="44.691573" lon="6.971168">
        <ele>2577.2</ele>
        <time>2026-08-16T10:34:26Z</time>
      </trkpt>
      <trkpt lat="44.691576" lon="6.971175">
        <ele>2576.6</ele>
        <time>2026-08-16T10:34:37Z</time>
      </trkpt>
      <trkpt lat="44.691566" lon="6.971139">
        <ele>2576.8</ele>
        <time>2026-08-16T10:34:48Z</time>
      </trkpt>
      <trkpt lat="44.691575" lon="6.971147">
        <ele>2576.6</ele>
        <time>2026-08-16T10:34:59Z</time>
      </trkpt>
      <trkpt lat="44.691564" lon="6.971162">
        <ele>2576.8</ele>
        <time>2026-08-16T10:35:09Z</time>
      </trkpt>
      <trkpt lat="44.691567" lon="6.971184">
        <ele>2577.2</ele>
        <time>2026-08-16T10:35:18Z</time>
      </trkpt>
      <trkpt lat="44.691569" lon="6.971159">
        <ele>2577.2</ele>
        <time>2026-08-16T10:35:26Z</time>
      </trkpt>
      <trkpt lat="44.691576" lon="6.971178">
        <ele>2577.2</ele>
        <time>2026-08-16T10:35:28Z</time>
      </trkpt>
      <trkpt lat="44.691596" lon="6.971128">
        <ele>2576.8</ele>
        <time>2026-08-16T10:35:38Z</time>
      </trkpt>
      <trkpt lat="44.691573" lon="6.971098">
        <ele>2576.6</ele>
        <time>2026-08-16T10:35:46Z</time>
      </trkpt>
      <trkpt lat="44.691607" lon="6.971139">
        <ele>2576.6</ele>
        <time>2026-08-16T10:35:58Z</time>
      </trkpt>
      <trkpt lat="44.691601" lon="6.971169">
        <ele>2576.6</ele>
        <time>2026-08-16T10:36:03Z</time>
      </trkpt>
      <trkpt lat="44.691595" lon="6.971184">
        <ele>2576.6</ele>
        <time>2026-08-16T10:36:06Z</time>
      </trkpt>
      <trkpt lat="44.691594" lon="6.971169">
        <ele>2576.6</ele>
        <time>2026-08-16T10:36:15Z</time>
      </trkpt>
      <trkpt lat="44.691581" lon="6.971202">
        <ele>2576.4</ele>
        <time>2026-08-16T10:36:27Z</time>
      </trkpt>
      <trkpt lat="44.691601" lon="6.971195">
        <ele>2576.4</ele>
        <time>2026-08-16T10:36:38Z</time>
      </trkpt>
      <trkpt lat="44.691584" lon="6.971192">
        <ele>2576.4</ele>
        <time>2026-08-16T10:36:50Z</time>
      </trkpt>
      <trkpt lat="44.691575" lon="6.971172">
        <ele>2576.6</ele>
        <time>2026-08-16T10:37:03Z</time>
      </trkpt>
      <trkpt lat="44.69157" lon="6.971148">
        <ele>2576.6</ele>
        <time>2026-08-16T10:37:15Z</time>
      </trkpt>
      <trkpt lat="44.691576" lon="6.971153">
        <ele>2576.8</ele>
        <time>2026-08-16T10:37:27Z</time>
      </trkpt>
      <trkpt lat="44.691586" lon="6.971141">
        <ele>2576.8</ele>
        <time>2026-08-16T10:37:37Z</time>
      </trkpt>
      <trkpt lat="44.69157" lon="6.97113">
        <ele>2577.0</ele>
        <time>2026-08-16T10:37:49Z</time>
      </trkpt>
      <trkpt lat="44.691574" lon="6.97113">
        <ele>2577.0</ele>
        <time>2026-08-16T10:37:51Z</time>
      </trkpt>
      <trkpt lat="44.691574" lon="6.97113">
        <ele>2576.8</ele>
        <time>2026-08-16T10:37:55Z</time>
      </trkpt>
      <trkpt lat="44.691578" lon="6.971136">
        <ele>2576.8</ele>
        <time>2026-08-16T10:38:02Z</time>
      </trkpt>
      <trkpt lat="44.691576" lon="6.97114">
        <ele>2577.0</ele>
        <time>2026-08-16T10:38:13Z</time>
      </trkpt>
      <trkpt lat="44.691585" lon="6.971139">
        <ele>2577.2</ele>
        <time>2026-08-16T10:38:16Z</time>
      </trkpt>
      <trkpt lat="44.691588" lon="6.971149">
        <ele>2577.0</ele>
        <time>2026-08-16T10:38:19Z</time>
      </trkpt>
      <trkpt lat="44.691589" lon="6.971174">
        <ele>2577.0</ele>
        <time>2026-08-16T10:38:25Z</time>
      </trkpt>
      <trkpt lat="44.691613" lon="6.971185">
        <ele>2577.2</ele>
        <time>2026-08-16T10:38:36Z</time>
      </trkpt>
      <trkpt lat="44.691604" lon="6.971161">
        <ele>2577.4</ele>
        <time>2026-08-16T10:38:40Z</time>
      </trkpt>
      <trkpt lat="44.69159" lon="6.971167">
        <ele>2577.6</ele>
        <time>2026-08-16T10:38:46Z</time>
      </trkpt>
      <trkpt lat="44.691559" lon="6.971192">
        <ele>2577.8</ele>
        <time>2026-08-16T10:38:51Z</time>
      </trkpt>
      <trkpt lat="44.691554" lon="6.971183">
        <ele>2577.8</ele>
        <time>2026-08-16T10:38:55Z</time>
      </trkpt>
      <trkpt lat="44.691595" lon="6.971137">
        <ele>2577.6</ele>
        <time>2026-08-16T10:39:02Z</time>
      </trkpt>
      <trkpt lat="44.691587" lon="6.971138">
        <ele>2577.6</ele>
        <time>2026-08-16T10:39:12Z</time>
      </trkpt>
      <trkpt lat="44.691576" lon="6.97114">
        <ele>2577.6</ele>
        <time>2026-08-16T10:39:14Z</time>
      </trkpt>
      <trkpt lat="44.69158" lon="6.971123">
        <ele>2577.4</ele>
        <time>2026-08-16T10:39:25Z</time>
      </trkpt>
      <trkpt lat="44.691562" lon="6.971139">
        <ele>2577.4</ele>
        <time>2026-08-16T10:39:35Z</time>
      </trkpt>
      <trkpt lat="44.691585" lon="6.971127">
        <ele>2577.4</ele>
        <time>2026-08-16T10:39:46Z</time>
      </trkpt>
      <trkpt lat="44.691616" lon="6.971124">
        <ele>2577.4</ele>
        <time>2026-08-16T10:39:56Z</time>
      </trkpt>
      <trkpt lat="44.691603" lon="6.971147">
        <ele>2577.4</ele>
        <time>2026-08-16T10:39:59Z</time>
      </trkpt>
      <trkpt lat="44.691592" lon="6.971159">
        <ele>2577.4</ele>
        <time>2026-08-16T10:40:01Z</time>
      </trkpt>
      <trkpt lat="44.691581" lon="6.971175">
        <ele>2577.6</ele>
        <time>2026-08-16T10:40:04Z</time>
      </trkpt>
      <trkpt lat="44.691578" lon="6.971177">
        <ele>2577.8</ele>
        <time>2026-08-16T10:40:13Z</time>
      </trkpt>
      <trkpt lat="44.691587" lon="6.971154">
        <ele>2577.8</ele>
        <time>2026-08-16T10:40:27Z</time>
      </trkpt>
      <trkpt lat="44.691575" lon="6.971138">
        <ele>2577.8</ele>
        <time>2026-08-16T10:40:33Z</time>
      </trkpt>
      <trkpt lat="44.691573" lon="6.971121">
        <ele>2577.8</ele>
        <time>2026-08-16T10:40:38Z</time>
      </trkpt>
      <trkpt lat="44.691583" lon="6.97115">
        <ele>2577.6</ele>
        <time>2026-08-16T10:40:49Z</time>
      </trkpt>
      <trkpt lat="44.691593" lon="6.971175">
        <ele>2577.4</ele>
        <time>2026-08-16T10:40:59Z</time>
      </trkpt>
      <trkpt lat="44.691581" lon="6.971143">
        <ele>2577.4</ele>
        <time>2026-08-16T10:41:09Z</time>
      </trkpt>
      <trkpt lat="44.691583" lon="6.97114">
        <ele>2577.2</ele>
        <time>2026-08-16T10:41:15Z</time>
      </trkpt>
      <trkpt lat="44.691577" lon="6.971136">
        <ele>2577.2</ele>
        <time>2026-08-16T10:41:18Z</time>
      </trkpt>
      <trkpt lat="44.691573" lon="6.971149">
        <ele>2577.0</ele>
        <time>2026-08-16T10:41:27Z</time>
      </trkpt>
      <trkpt lat="44.691573" lon="6.971148">
        <ele>2577.0</ele>
        <time>2026-08-16T10:41:28Z</time>
      </trkpt>
      <trkpt lat="44.691586" lon="6.97114">
        <ele>2577.2</ele>
        <time>2026-08-16T10:41:39Z</time>
      </trkpt>
      <trkpt lat="44.691586" lon="6.971136">
        <ele>2577.2</ele>
        <time>2026-08-16T10:41:43Z</time>
      </trkpt>
      <trkpt lat="44.691584" lon="6.971147">
        <ele>2577.2</ele>
        <time>2026-08-16T10:41:51Z</time>
      </trkpt>
      <trkpt lat="44.691596" lon="6.971159">
        <ele>2577.2</ele>
        <time>2026-08-16T10:41:56Z</time>
      </trkpt>
      <trkpt lat="44.691595" lon="6.971167">
        <ele>2577.2</ele>
        <time>2026-08-16T10:42:01Z</time>
      </trkpt>
      <trkpt lat="44.691589" lon="6.971194">
        <ele>2577.4</ele>
        <time>2026-08-16T10:42:13Z</time>
      </trkpt>
      <trkpt lat="44.691567" lon="6.971141">
        <ele>2577.2</ele>
        <time>2026-08-16T10:42:23Z</time>
      </trkpt>
      <trkpt lat="44.69157" lon="6.971158">
        <ele>2577.4</ele>
        <time>2026-08-16T10:42:34Z</time>
      </trkpt>
      <trkpt lat="44.691645" lon="6.971177">
        <ele>2576.6</ele>
        <time>2026-08-16T10:42:42Z</time>
      </trkpt>
      <trkpt lat="44.691732" lon="6.97109">
        <ele>2576.0</ele>
        <time>2026-08-16T10:42:50Z</time>
      </trkpt>
      <trkpt lat="44.691768" lon="6.971037">
        <ele>2575.6</ele>
        <time>2026-08-16T10:42:54Z</time>
      </trkpt>
      <trkpt lat="44.691786" lon="6.970986">
        <ele>2575.4</ele>
        <time>2026-08-16T10:42:58Z</time>
      </trkpt>
      <trkpt lat="44.691839" lon="6.97092">
        <ele>2575.0</ele>
        <time>2026-08-16T10:43:06Z</time>
      </trkpt>
      <trkpt lat="44.691922" lon="6.970882">
        <ele>2575.0</ele>
        <time>2026-08-16T10:43:14Z</time>
      </trkpt>
      <trkpt lat="44.692001" lon="6.97085">
        <ele>2574.8</ele>
        <time>2026-08-16T10:43:23Z</time>
      </trkpt>
      <trkpt lat="44.692016" lon="6.970835">
        <ele>2574.6</ele>
        <time>2026-08-16T10:43:25Z</time>
      </trkpt>
      <trkpt lat="44.692066" lon="6.970767">
        <ele>2574.6</ele>
        <time>2026-08-16T10:43:31Z</time>
      </trkpt>
      <trkpt lat="44.692118" lon="6.970705">
        <ele>2575.6</ele>
        <time>2026-08-16T10:43:38Z</time>
      </trkpt>
      <trkpt lat="44.69213" lon="6.970682">
        <ele>2575.8</ele>
        <time>2026-08-16T10:43:40Z</time>
      </trkpt>
      <trkpt lat="44.692124" lon="6.970659">
        <ele>2576.4</ele>
        <time>2026-08-16T10:43:46Z</time>
      </trkpt>
      <trkpt lat="44.692121" lon="6.970675">
        <ele>2576.6</ele>
        <time>2026-08-16T10:43:50Z</time>
      </trkpt>
      <trkpt lat="44.692125" lon="6.970678">
        <ele>2576.8</ele>
        <time>2026-08-16T10:43:54Z</time>
      </trkpt>
      <trkpt lat="44.692122" lon="6.970665">
        <ele>2576.6</ele>
        <time>2026-08-16T10:43:58Z</time>
      </trkpt>
      <trkpt lat="44.692115" lon="6.970616">
        <ele>2576.0</ele>
        <time>2026-08-16T10:44:04Z</time>
      </trkpt>
      <trkpt lat="44.692116" lon="6.97061">
        <ele>2575.8</ele>
        <time>2026-08-16T10:44:05Z</time>
      </trkpt>
      <trkpt lat="44.692124" lon="6.970495">
        <ele>2576.4</ele>
        <time>2026-08-16T10:44:14Z</time>
      </trkpt>
      <trkpt lat="44.692145" lon="6.970402">
        <ele>2577.4</ele>
        <time>2026-08-16T10:44:21Z</time>
      </trkpt>
      <trkpt lat="44.692146" lon="6.970387">
        <ele>2577.6</ele>
        <time>2026-08-16T10:44:22Z</time>
      </trkpt>
      <trkpt lat="44.692141" lon="6.970324">
        <ele>2578.6</ele>
        <time>2026-08-16T10:44:28Z</time>
      </trkpt>
      <trkpt lat="44.69214" lon="6.970325">
        <ele>2578.8</ele>
        <time>2026-08-16T10:44:32Z</time>
      </trkpt>
      <trkpt lat="44.692128" lon="6.970304">
        <ele>2578.2</ele>
        <time>2026-08-16T10:44:37Z</time>
      </trkpt>
      <trkpt lat="44.692118" lon="6.970313">
        <ele>2578.0</ele>
        <time>2026-08-16T10:44:46Z</time>
      </trkpt>
      <trkpt lat="44.692117" lon="6.970312">
        <ele>2578.0</ele>
        <time>2026-08-16T10:44:47Z</time>
      </trkpt>
      <trkpt lat="44.692125" lon="6.970351">
        <ele>2578.4</ele>
        <time>2026-08-16T10:44:55Z</time>
      </trkpt>
      <trkpt lat="44.69218" lon="6.970447">
        <ele>2579.2</ele>
        <time>2026-08-16T10:45:04Z</time>
      </trkpt>
      <trkpt lat="44.692211" lon="6.970506">
        <ele>2579.8</ele>
        <time>2026-08-16T10:45:10Z</time>
      </trkpt>
      <trkpt lat="44.692215" lon="6.970515">
        <ele>2580.0</ele>
        <time>2026-08-16T10:45:12Z</time>
      </trkpt>
      <trkpt lat="44.692228" lon="6.97054">
        <ele>2580.8</ele>
        <time>2026-08-16T10:45:16Z</time>
      </trkpt>
      <trkpt lat="44.692239" lon="6.970576">
        <ele>2581.4</ele>
        <time>2026-08-16T10:45:19Z</time>
      </trkpt>
      <trkpt lat="44.692249" lon="6.970595">
        <ele>2581.8</ele>
        <time>2026-08-16T10:45:21Z</time>
      </trkpt>
      <trkpt lat="44.692269" lon="6.970619">
        <ele>2582.6</ele>
        <time>2026-08-16T10:45:26Z</time>
      </trkpt>
      <trkpt lat="44.692279" lon="6.970617">
        <ele>2582.6</ele>
        <time>2026-08-16T10:45:29Z</time>
      </trkpt>
      <trkpt lat="44.692284" lon="6.970618">
        <ele>2582.8</ele>
        <time>2026-08-16T10:45:31Z</time>
      </trkpt>
      <trkpt lat="44.692309" lon="6.970625">
        <ele>2584.0</ele>
        <time>2026-08-16T10:45:35Z</time>
      </trkpt>
      <trkpt lat="44.692331" lon="6.970628">
        <ele>2584.6</ele>
        <time>2026-08-16T10:45:38Z</time>
      </trkpt>
      <trkpt lat="44.692343" lon="6.970619">
        <ele>2585.0</ele>
        <time>2026-08-16T10:45:41Z</time>
      </trkpt>
      <trkpt lat="44.692363" lon="6.970579">
        <ele>2585.6</ele>
        <time>2026-08-16T10:45:46Z</time>
      </trkpt>
      <trkpt lat="44.692387" lon="6.970521">
        <ele>2586.0</ele>
        <time>2026-08-16T10:45:51Z</time>
      </trkpt>
      <trkpt lat="44.692398" lon="6.970505">
        <ele>2586.4</ele>
        <time>2026-08-16T10:45:54Z</time>
      </trkpt>
      <trkpt lat="44.692424" lon="6.970472">
        <ele>2587.2</ele>
        <time>2026-08-16T10:46:00Z</time>
      </trkpt>
      <trkpt lat="44.692442" lon="6.970449">
        <ele>2587.2</ele>
        <time>2026-08-16T10:46:03Z</time>
      </trkpt>
      <trkpt lat="44.69249" lon="6.970407">
        <ele>2588.2</ele>
        <time>2026-08-16T10:46:09Z</time>
      </trkpt>
      <trkpt lat="44.692499" lon="6.970401">
        <ele>2588.2</ele>
        <time>2026-08-16T10:46:10Z</time>
      </trkpt>
      <trkpt lat="44.692512" lon="6.970426">
        <ele>2589.2</ele>
        <time>2026-08-16T10:46:16Z</time>
      </trkpt>
      <trkpt lat="44.692518" lon="6.970435">
        <ele>2589.4</ele>
        <time>2026-08-16T10:46:17Z</time>
      </trkpt>
      <trkpt lat="44.692538" lon="6.970482">
        <ele>2590.2</ele>
        <time>2026-08-16T10:46:23Z</time>
      </trkpt>
      <trkpt lat="44.692545" lon="6.970507">
        <ele>2590.4</ele>
        <time>2026-08-16T10:46:25Z</time>
      </trkpt>
      <trkpt lat="44.692561" lon="6.970554">
        <ele>2591.4</ele>
        <time>2026-08-16T10:46:30Z</time>
      </trkpt>
      <trkpt lat="44.69259" lon="6.970615">
        <ele>2592.6</ele>
        <time>2026-08-16T10:46:37Z</time>
      </trkpt>
      <trkpt lat="44.692593" lon="6.970628">
        <ele>2592.8</ele>
        <time>2026-08-16T10:46:38Z</time>
      </trkpt>
      <trkpt lat="44.692608" lon="6.970662">
        <ele>2593.6</ele>
        <time>2026-08-16T10:46:43Z</time>
      </trkpt>
      <trkpt lat="44.692615" lon="6.970686">
        <ele>2594.4</ele>
        <time>2026-08-16T10:46:47Z</time>
      </trkpt>
      <trkpt lat="44.692617" lon="6.970694">
        <ele>2594.6</ele>
        <time>2026-08-16T10:46:48Z</time>
      </trkpt>
      <trkpt lat="44.692625" lon="6.970717">
        <ele>2595.8</ele>
        <time>2026-08-16T10:46:54Z</time>
      </trkpt>
      <trkpt lat="44.692629" lon="6.970733">
        <ele>2596.0</ele>
        <time>2026-08-16T10:46:57Z</time>
      </trkpt>
      <trkpt lat="44.692635" lon="6.970763">
        <ele>2596.8</ele>
        <time>2026-08-16T10:47:00Z</time>
      </trkpt>
      <trkpt lat="44.692638" lon="6.970793">
        <ele>2597.6</ele>
        <time>2026-08-16T10:47:03Z</time>
      </trkpt>
      <trkpt lat="44.69264" lon="6.970811">
        <ele>2598.0</ele>
        <time>2026-08-16T10:47:05Z</time>
      </trkpt>
      <trkpt lat="44.692652" lon="6.970854">
        <ele>2598.8</ele>
        <time>2026-08-16T10:47:10Z</time>
      </trkpt>
      <trkpt lat="44.692655" lon="6.970866">
        <ele>2599.0</ele>
        <time>2026-08-16T10:47:11Z</time>
      </trkpt>
      <trkpt lat="44.692675" lon="6.970909">
        <ele>2599.6</ele>
        <time>2026-08-16T10:47:18Z</time>
      </trkpt>
      <trkpt lat="44.692683" lon="6.970932">
        <ele>2600.0</ele>
        <time>2026-08-16T10:47:20Z</time>
      </trkpt>
      <trkpt lat="44.692695" lon="6.970966">
        <ele>2601.0</ele>
        <time>2026-08-16T10:47:27Z</time>
      </trkpt>
      <trkpt lat="44.692698" lon="6.970976">
        <ele>2601.4</ele>
        <time>2026-08-16T10:47:29Z</time>
      </trkpt>
      <trkpt lat="44.692697" lon="6.971026">
        <ele>2602.2</ele>
        <time>2026-08-16T10:47:35Z</time>
      </trkpt>
      <trkpt lat="44.692689" lon="6.971098">
        <ele>2603.2</ele>
        <time>2026-08-16T10:47:42Z</time>
      </trkpt>
      <trkpt lat="44.692687" lon="6.971105">
        <ele>2603.4</ele>
        <time>2026-08-16T10:47:43Z</time>
      </trkpt>
      <trkpt lat="44.69268" lon="6.971143">
        <ele>2604.4</ele>
        <time>2026-08-16T10:47:48Z</time>
      </trkpt>
      <trkpt lat="44.692675" lon="6.971176">
        <ele>2604.8</ele>
        <time>2026-08-16T10:47:51Z</time>
      </trkpt>
      <trkpt lat="44.692654" lon="6.971196">
        <ele>2605.4</ele>
        <time>2026-08-16T10:47:56Z</time>
      </trkpt>
      <trkpt lat="44.692645" lon="6.971213">
        <ele>2606.0</ele>
        <time>2026-08-16T10:47:59Z</time>
      </trkpt>
      <trkpt lat="44.692639" lon="6.971253">
        <ele>2606.6</ele>
        <time>2026-08-16T10:48:02Z</time>
      </trkpt>
      <trkpt lat="44.692649" lon="6.971285">
        <ele>2607.2</ele>
        <time>2026-08-16T10:48:06Z</time>
      </trkpt>
      <trkpt lat="44.692659" lon="6.971311">
        <ele>2607.6</ele>
        <time>2026-08-16T10:48:09Z</time>
      </trkpt>
      <trkpt lat="44.69266" lon="6.971357">
        <ele>2608.6</ele>
        <time>2026-08-16T10:48:14Z</time>
      </trkpt>
      <trkpt lat="44.692656" lon="6.971362">
        <ele>2609.0</ele>
        <time>2026-08-16T10:48:15Z</time>
      </trkpt>
      <trkpt lat="44.692658" lon="6.971417">
        <ele>2609.8</ele>
        <time>2026-08-16T10:48:19Z</time>
      </trkpt>
      <trkpt lat="44.69266" lon="6.971446">
        <ele>2610.0</ele>
        <time>2026-08-16T10:48:21Z</time>
      </trkpt>
      <trkpt lat="44.692667" lon="6.971498">
        <ele>2610.8</ele>
        <time>2026-08-16T10:48:27Z</time>
      </trkpt>
      <trkpt lat="44.692667" lon="6.971522">
        <ele>2611.2</ele>
        <time>2026-08-16T10:48:30Z</time>
      </trkpt>
      <trkpt lat="44.692679" lon="6.971578">
        <ele>2612.0</ele>
        <time>2026-08-16T10:48:35Z</time>
      </trkpt>
      <trkpt lat="44.692684" lon="6.971601">
        <ele>2612.4</ele>
        <time>2026-08-16T10:48:37Z</time>
      </trkpt>
      <trkpt lat="44.692689" lon="6.971626">
        <ele>2613.0</ele>
        <time>2026-08-16T10:48:41Z</time>
      </trkpt>
      <trkpt lat="44.692692" lon="6.971647">
        <ele>2613.4</ele>
        <time>2026-08-16T10:48:43Z</time>
      </trkpt>
      <trkpt lat="44.692685" lon="6.971676">
        <ele>2614.2</ele>
        <time>2026-08-16T10:48:47Z</time>
      </trkpt>
      <trkpt lat="44.692679" lon="6.971707">
        <ele>2614.8</ele>
        <time>2026-08-16T10:48:51Z</time>
      </trkpt>
      <trkpt lat="44.692681" lon="6.971729">
        <ele>2615.2</ele>
        <time>2026-08-16T10:48:54Z</time>
      </trkpt>
      <trkpt lat="44.692689" lon="6.971775">
        <ele>2615.8</ele>
        <time>2026-08-16T10:48:58Z</time>
      </trkpt>
      <trkpt lat="44.692695" lon="6.971826">
        <ele>2616.2</ele>
        <time>2026-08-16T10:49:02Z</time>
      </trkpt>
      <trkpt lat="44.692694" lon="6.97188">
        <ele>2616.4</ele>
        <time>2026-08-16T10:49:06Z</time>
      </trkpt>
      <trkpt lat="44.69269" lon="6.971955">
        <ele>2617.2</ele>
        <time>2026-08-16T10:49:12Z</time>
      </trkpt>
      <trkpt lat="44.692691" lon="6.971969">
        <ele>2617.4</ele>
        <time>2026-08-16T10:49:14Z</time>
      </trkpt>
      <trkpt lat="44.692695" lon="6.972065">
        <ele>2618.0</ele>
        <time>2026-08-16T10:49:21Z</time>
      </trkpt>
      <trkpt lat="44.692697" lon="6.972075">
        <ele>2618.0</ele>
        <time>2026-08-16T10:49:22Z</time>
      </trkpt>
      <trkpt lat="44.692715" lon="6.972163">
        <ele>2618.4</ele>
        <time>2026-08-16T10:49:28Z</time>
      </trkpt>
      <trkpt lat="44.692716" lon="6.972169">
        <ele>2618.6</ele>
        <time>2026-08-16T10:49:29Z</time>
      </trkpt>
      <trkpt lat="44.69272" lon="6.97226">
        <ele>2619.4</ele>
        <time>2026-08-16T10:49:38Z</time>
      </trkpt>
      <trkpt lat="44.69272" lon="6.972378">
        <ele>2620.4</ele>
        <time>2026-08-16T10:49:45Z</time>
      </trkpt>
      <trkpt lat="44.692719" lon="6.972416">
        <ele>2620.6</ele>
        <time>2026-08-16T10:49:49Z</time>
      </trkpt>
      <trkpt lat="44.692729" lon="6.972489">
        <ele>2621.2</ele>
        <time>2026-08-16T10:49:54Z</time>
      </trkpt>
      <trkpt lat="44.692731" lon="6.97254">
        <ele>2621.6</ele>
        <time>2026-08-16T10:49:58Z</time>
      </trkpt>
      <trkpt lat="44.692733" lon="6.972584">
        <ele>2622.2</ele>
        <time>2026-08-16T10:50:02Z</time>
      </trkpt>
      <trkpt lat="44.692726" lon="6.972615">
        <ele>2622.8</ele>
        <time>2026-08-16T10:50:06Z</time>
      </trkpt>
      <trkpt lat="44.69273" lon="6.972657">
        <ele>2623.4</ele>
        <time>2026-08-16T10:50:10Z</time>
      </trkpt>
      <trkpt lat="44.692738" lon="6.972715">
        <ele>2623.8</ele>
        <time>2026-08-16T10:50:15Z</time>
      </trkpt>
      <trkpt lat="44.692747" lon="6.972779">
        <ele>2624.4</ele>
        <time>2026-08-16T10:50:19Z</time>
      </trkpt>
      <trkpt lat="44.69275" lon="6.972835">
        <ele>2625.0</ele>
        <time>2026-08-16T10:50:23Z</time>
      </trkpt>
      <trkpt lat="44.692757" lon="6.972906">
        <ele>2625.2</ele>
        <time>2026-08-16T10:50:27Z</time>
      </trkpt>
      <trkpt lat="44.692764" lon="6.972974">
        <ele>2626.0</ele>
        <time>2026-08-16T10:50:33Z</time>
      </trkpt>
      <trkpt lat="44.692764" lon="6.973008">
        <ele>2626.4</ele>
        <time>2026-08-16T10:50:36Z</time>
      </trkpt>
      <trkpt lat="44.692764" lon="6.973047">
        <ele>2627.2</ele>
        <time>2026-08-16T10:50:41Z</time>
      </trkpt>
      <trkpt lat="44.692754" lon="6.973122">
        <ele>2627.8</ele>
        <time>2026-08-16T10:50:46Z</time>
      </trkpt>
      <trkpt lat="44.692751" lon="6.97319">
        <ele>2628.4</ele>
        <time>2026-08-16T10:50:51Z</time>
      </trkpt>
      <trkpt lat="44.69275" lon="6.973223">
        <ele>2628.8</ele>
        <time>2026-08-16T10:50:54Z</time>
      </trkpt>
      <trkpt lat="44.692745" lon="6.973279">
        <ele>2629.4</ele>
        <time>2026-08-16T10:51:00Z</time>
      </trkpt>
      <trkpt lat="44.692748" lon="6.973333">
        <ele>2629.8</ele>
        <time>2026-08-16T10:51:04Z</time>
      </trkpt>
      <trkpt lat="44.69275" lon="6.973387">
        <ele>2630.4</ele>
        <time>2026-08-16T10:51:08Z</time>
      </trkpt>
      <trkpt lat="44.692734" lon="6.973436">
        <ele>2631.0</ele>
        <time>2026-08-16T10:51:12Z</time>
      </trkpt>
      <trkpt lat="44.692723" lon="6.973488">
        <ele>2631.4</ele>
        <time>2026-08-16T10:51:16Z</time>
      </trkpt>
      <trkpt lat="44.692715" lon="6.973568">
        <ele>2632.0</ele>
        <time>2026-08-16T10:51:22Z</time>
      </trkpt>
      <trkpt lat="44.692722" lon="6.973598">
        <ele>2632.6</ele>
        <time>2026-08-16T10:51:25Z</time>
      </trkpt>
      <trkpt lat="44.692712" lon="6.973664">
        <ele>2633.0</ele>
        <time>2026-08-16T10:51:30Z</time>
      </trkpt>
      <trkpt lat="44.69268" lon="6.973732">
        <ele>2633.8</ele>
        <time>2026-08-16T10:51:36Z</time>
      </trkpt>
      <trkpt lat="44.692673" lon="6.973778">
        <ele>2634.2</ele>
        <time>2026-08-16T10:51:39Z</time>
      </trkpt>
      <trkpt lat="44.692667" lon="6.973847">
        <ele>2634.8</ele>
        <time>2026-08-16T10:51:44Z</time>
      </trkpt>
      <trkpt lat="44.692664" lon="6.973879">
        <ele>2635.0</ele>
        <time>2026-08-16T10:51:46Z</time>
      </trkpt>
      <trkpt lat="44.692673" lon="6.974003">
        <ele>2635.4</ele>
        <time>2026-08-16T10:51:54Z</time>
      </trkpt>
      <trkpt lat="44.692666" lon="6.974105">
        <ele>2635.4</ele>
        <time>2026-08-16T10:52:02Z</time>
      </trkpt>
      <trkpt lat="44.692633" lon="6.974198">
        <ele>2635.4</ele>
        <time>2026-08-16T10:52:09Z</time>
      </trkpt>
      <trkpt lat="44.692601" lon="6.974278">
        <ele>2636.0</ele>
        <time>2026-08-16T10:52:15Z</time>
      </trkpt>
      <trkpt lat="44.692587" lon="6.974321">
        <ele>2636.6</ele>
        <time>2026-08-16T10:52:19Z</time>
      </trkpt>
      <trkpt lat="44.692586" lon="6.97437">
        <ele>2637.0</ele>
        <time>2026-08-16T10:52:22Z</time>
      </trkpt>
      <trkpt lat="44.692596" lon="6.974403">
        <ele>2637.4</ele>
        <time>2026-08-16T10:52:26Z</time>
      </trkpt>
      <trkpt lat="44.692617" lon="6.974517">
        <ele>2638.0</ele>
        <time>2026-08-16T10:52:34Z</time>
      </trkpt>
      <trkpt lat="44.692614" lon="6.974557">
        <ele>2638.0</ele>
        <time>2026-08-16T10:52:37Z</time>
      </trkpt>
      <trkpt lat="44.69262" lon="6.974611">
        <ele>2638.8</ele>
        <time>2026-08-16T10:52:41Z</time>
      </trkpt>
      <trkpt lat="44.692623" lon="6.974639">
        <ele>2639.0</ele>
        <time>2026-08-16T10:52:43Z</time>
      </trkpt>
      <trkpt lat="44.692643" lon="6.974744">
        <ele>2639.2</ele>
        <time>2026-08-16T10:52:50Z</time>
      </trkpt>
      <trkpt lat="44.692663" lon="6.974864">
        <ele>2639.4</ele>
        <time>2026-08-16T10:52:58Z</time>
      </trkpt>
      <trkpt lat="44.69267" lon="6.9749">
        <ele>2640.2</ele>
        <time>2026-08-16T10:53:01Z</time>
      </trkpt>
      <trkpt lat="44.692675" lon="6.974964">
        <ele>2640.6</ele>
        <time>2026-08-16T10:53:07Z</time>
      </trkpt>
      <trkpt lat="44.692672" lon="6.975012">
        <ele>2641.2</ele>
        <time>2026-08-16T10:53:12Z</time>
      </trkpt>
      <trkpt lat="44.692677" lon="6.975049">
        <ele>2641.6</ele>
        <time>2026-08-16T10:53:14Z</time>
      </trkpt>
      <trkpt lat="44.692704" lon="6.975144">
        <ele>2642.2</ele>
        <time>2026-08-16T10:53:20Z</time>
      </trkpt>
      <trkpt lat="44.692714" lon="6.975172">
        <ele>2642.6</ele>
        <time>2026-08-16T10:53:22Z</time>
      </trkpt>
      <trkpt lat="44.692722" lon="6.975185">
        <ele>2642.8</ele>
        <time>2026-08-16T10:53:23Z</time>
      </trkpt>
      <trkpt lat="44.692729" lon="6.975214">
        <ele>2643.2</ele>
        <time>2026-08-16T10:53:25Z</time>
      </trkpt>
      <trkpt lat="44.692731" lon="6.975221">
        <ele>2643.4</ele>
        <time>2026-08-16T10:53:26Z</time>
      </trkpt>
      <trkpt lat="44.692732" lon="6.97527">
        <ele>2644.0</ele>
        <time>2026-08-16T10:53:30Z</time>
      </trkpt>
      <trkpt lat="44.692735" lon="6.975327">
        <ele>2644.6</ele>
        <time>2026-08-16T10:53:35Z</time>
      </trkpt>
      <trkpt lat="44.692741" lon="6.975361">
        <ele>2645.2</ele>
        <time>2026-08-16T10:53:38Z</time>
      </trkpt>
      <trkpt lat="44.692744" lon="6.975378">
        <ele>2645.6</ele>
        <time>2026-08-16T10:53:40Z</time>
      </trkpt>
      <trkpt lat="44.692763" lon="6.975437">
        <ele>2646.6</ele>
        <time>2026-08-16T10:53:45Z</time>
      </trkpt>
      <trkpt lat="44.692773" lon="6.975469">
        <ele>2646.8</ele>
        <time>2026-08-16T10:53:47Z</time>
      </trkpt>
      <trkpt lat="44.692788" lon="6.975553">
        <ele>2647.8</ele>
        <time>2026-08-16T10:53:55Z</time>
      </trkpt>
      <trkpt lat="44.692819" lon="6.9756">
        <ele>2648.8</ele>
        <time>2026-08-16T10:54:03Z</time>
      </trkpt>
      <trkpt lat="44.692822" lon="6.975612">
        <ele>2649.0</ele>
        <time>2026-08-16T10:54:04Z</time>
      </trkpt>
      <trkpt lat="44.692855" lon="6.975697">
        <ele>2649.4</ele>
        <time>2026-08-16T10:54:10Z</time>
      </trkpt>
      <trkpt lat="44.692879" lon="6.975737">
        <ele>2650.0</ele>
        <time>2026-08-16T10:54:14Z</time>
      </trkpt>
      <trkpt lat="44.692897" lon="6.975763">
        <ele>2650.2</ele>
        <time>2026-08-16T10:54:17Z</time>
      </trkpt>
      <trkpt lat="44.692927" lon="6.975858">
        <ele>2651.0</ele>
        <time>2026-08-16T10:54:24Z</time>
      </trkpt>
      <trkpt lat="44.692926" lon="6.975893">
        <ele>2650.8</ele>
        <time>2026-08-16T10:54:31Z</time>
      </trkpt>
      <trkpt lat="44.692942" lon="6.975892">
        <ele>2651.0</ele>
        <time>2026-08-16T10:54:40Z</time>
      </trkpt>
      <trkpt lat="44.692946" lon="6.975926">
        <ele>2651.4</ele>
        <time>2026-08-16T10:54:43Z</time>
      </trkpt>
      <trkpt lat="44.692953" lon="6.975974">
        <ele>2652.2</ele>
        <time>2026-08-16T10:54:46Z</time>
      </trkpt>
      <trkpt lat="44.692971" lon="6.976039">
        <ele>2652.8</ele>
        <time>2026-08-16T10:54:51Z</time>
      </trkpt>
      <trkpt lat="44.692984" lon="6.976135">
        <ele>2653.2</ele>
        <time>2026-08-16T10:54:57Z</time>
      </trkpt>
      <trkpt lat="44.692979" lon="6.976174">
        <ele>2653.2</ele>
        <time>2026-08-16T10:55:00Z</time>
      </trkpt>
      <trkpt lat="44.692971" lon="6.976321">
        <ele>2653.4</ele>
        <time>2026-08-16T10:55:10Z</time>
      </trkpt>
      <trkpt lat="44.692969" lon="6.976338">
        <ele>2653.6</ele>
        <time>2026-08-16T10:55:11Z</time>
      </trkpt>
      <trkpt lat="44.692974" lon="6.976438">
        <ele>2654.2</ele>
        <time>2026-08-16T10:55:17Z</time>
      </trkpt>
      <trkpt lat="44.692978" lon="6.976469">
        <ele>2654.6</ele>
        <time>2026-08-16T10:55:19Z</time>
      </trkpt>
      <trkpt lat="44.692968" lon="6.976566">
        <ele>2654.8</ele>
        <time>2026-08-16T10:55:26Z</time>
      </trkpt>
      <trkpt lat="44.692957" lon="6.976734">
        <ele>2655.0</ele>
        <time>2026-08-16T10:55:35Z</time>
      </trkpt>
      <trkpt lat="44.692946" lon="6.976803">
        <ele>2655.2</ele>
        <time>2026-08-16T10:55:39Z</time>
      </trkpt>
      <trkpt lat="44.692937" lon="6.976858">
        <ele>2655.8</ele>
        <time>2026-08-16T10:55:43Z</time>
      </trkpt>
      <trkpt lat="44.692916" lon="6.976999">
        <ele>2656.4</ele>
        <time>2026-08-16T10:55:52Z</time>
      </trkpt>
      <trkpt lat="44.692916" lon="6.977029">
        <ele>2656.4</ele>
        <time>2026-08-16T10:55:54Z</time>
      </trkpt>
      <trkpt lat="44.692903" lon="6.977107">
        <ele>2656.2</ele>
        <time>2026-08-16T10:56:00Z</time>
      </trkpt>
      <trkpt lat="44.692891" lon="6.977163">
        <ele>2656.8</ele>
        <time>2026-08-16T10:56:04Z</time>
      </trkpt>
      <trkpt lat="44.692869" lon="6.977276">
        <ele>2656.8</ele>
        <time>2026-08-16T10:56:10Z</time>
      </trkpt>
      <trkpt lat="44.69287" lon="6.977303">
        <ele>2657.0</ele>
        <time>2026-08-16T10:56:12Z</time>
      </trkpt>
      <trkpt lat="44.69287" lon="6.977323">
        <ele>2657.4</ele>
        <time>2026-08-16T10:56:14Z</time>
      </trkpt>
      <trkpt lat="44.692865" lon="6.977423">
        <ele>2658.2</ele>
        <time>2026-08-16T10:56:20Z</time>
      </trkpt>
      <trkpt lat="44.692884" lon="6.977553">
        <ele>2658.4</ele>
        <time>2026-08-16T10:56:27Z</time>
      </trkpt>
      <trkpt lat="44.692888" lon="6.977577">
        <ele>2658.6</ele>
        <time>2026-08-16T10:56:28Z</time>
      </trkpt>
      <trkpt lat="44.692892" lon="6.977683">
        <ele>2659.4</ele>
        <time>2026-08-16T10:56:36Z</time>
      </trkpt>
      <trkpt lat="44.692892" lon="6.977696">
        <ele>2659.6</ele>
        <time>2026-08-16T10:56:37Z</time>
      </trkpt>
      <trkpt lat="44.692935" lon="6.977865">
        <ele>2660.2</ele>
        <time>2026-08-16T10:56:48Z</time>
      </trkpt>
      <trkpt lat="44.692931" lon="6.977962">
        <ele>2660.6</ele>
        <time>2026-08-16T10:56:54Z</time>
      </trkpt>
      <trkpt lat="44.692926" lon="6.977976">
        <ele>2660.6</ele>
        <time>2026-08-16T10:56:55Z</time>
      </trkpt>
      <trkpt lat="44.692898" lon="6.978088">
        <ele>2661.4</ele>
        <time>2026-08-16T10:57:03Z</time>
      </trkpt>
      <trkpt lat="44.692897" lon="6.97812">
        <ele>2661.8</ele>
        <time>2026-08-16T10:57:05Z</time>
      </trkpt>
      <trkpt lat="44.692898" lon="6.978274">
        <ele>2662.0</ele>
        <time>2026-08-16T10:57:13Z</time>
      </trkpt>
      <trkpt lat="44.692884" lon="6.978376">
        <ele>2661.4</ele>
        <time>2026-08-16T10:57:19Z</time>
      </trkpt>
      <trkpt lat="44.692869" lon="6.978443">
        <ele>2661.6</ele>
        <time>2026-08-16T10:57:23Z</time>
      </trkpt>
      <trkpt lat="44.692849" lon="6.978515">
        <ele>2662.0</ele>
        <time>2026-08-16T10:57:30Z</time>
      </trkpt>
      <trkpt lat="44.692827" lon="6.978564">
        <ele>2662.8</ele>
        <time>2026-08-16T10:57:34Z</time>
      </trkpt>
      <trkpt lat="44.692792" lon="6.978635">
        <ele>2663.6</ele>
        <time>2026-08-16T10:57:39Z</time>
      </trkpt>
      <trkpt lat="44.692759" lon="6.97874">
        <ele>2663.0</ele>
        <time>2026-08-16T10:57:46Z</time>
      </trkpt>
      <trkpt lat="44.692699" lon="6.978838">
        <ele>2663.6</ele>
        <time>2026-08-16T10:57:55Z</time>
      </trkpt>
      <trkpt lat="44.692694" lon="6.978841">
        <ele>2663.8</ele>
        <time>2026-08-16T10:57:56Z</time>
      </trkpt>
      <trkpt lat="44.692643" lon="6.978895">
        <ele>2664.8</ele>
        <time>2026-08-16T10:58:02Z</time>
      </trkpt>
      <trkpt lat="44.692637" lon="6.978904">
        <ele>2665.0</ele>
        <time>2026-08-16T10:58:03Z</time>
      </trkpt>
      <trkpt lat="44.692585" lon="6.978975">
        <ele>2665.8</ele>
        <time>2026-08-16T10:58:10Z</time>
      </trkpt>
      <trkpt lat="44.69258" lon="6.978982">
        <ele>2666.0</ele>
        <time>2026-08-16T10:58:11Z</time>
      </trkpt>
      <trkpt lat="44.692471" lon="6.979073">
        <ele>2666.8</ele>
        <time>2026-08-16T10:58:19Z</time>
      </trkpt>
      <trkpt lat="44.692448" lon="6.9791">
        <ele>2667.0</ele>
        <time>2026-08-16T10:58:21Z</time>
      </trkpt>
      <trkpt lat="44.692387" lon="6.979168">
        <ele>2667.2</ele>
        <time>2026-08-16T10:58:28Z</time>
      </trkpt>
      <trkpt lat="44.692315" lon="6.979225">
        <ele>2668.2</ele>
        <time>2026-08-16T10:58:36Z</time>
      </trkpt>
      <trkpt lat="44.692306" lon="6.97923">
        <ele>2668.4</ele>
        <time>2026-08-16T10:58:37Z</time>
      </trkpt>
      <trkpt lat="44.69223" lon="6.979271">
        <ele>2669.4</ele>
        <time>2026-08-16T10:58:45Z</time>
      </trkpt>
      <trkpt lat="44.692204" lon="6.979336">
        <ele>2670.4</ele>
        <time>2026-08-16T10:58:50Z</time>
      </trkpt>
      <trkpt lat="44.692197" lon="6.97937">
        <ele>2670.6</ele>
        <time>2026-08-16T10:58:52Z</time>
      </trkpt>
      <trkpt lat="44.69217" lon="6.979423">
        <ele>2671.4</ele>
        <time>2026-08-16T10:58:56Z</time>
      </trkpt>
      <trkpt lat="44.692133" lon="6.979476">
        <ele>2672.2</ele>
        <time>2026-08-16T10:59:00Z</time>
      </trkpt>
      <trkpt lat="44.692116" lon="6.979493">
        <ele>2672.6</ele>
        <time>2026-08-16T10:59:03Z</time>
      </trkpt>
      <trkpt lat="44.692104" lon="6.979512">
        <ele>2673.0</ele>
        <time>2026-08-16T10:59:06Z</time>
      </trkpt>
      <trkpt lat="44.69208" lon="6.97955">
        <ele>2673.6</ele>
        <time>2026-08-16T10:59:09Z</time>
      </trkpt>
      <trkpt lat="44.69205" lon="6.979595">
        <ele>2674.4</ele>
        <time>2026-08-16T10:59:13Z</time>
      </trkpt>
      <trkpt lat="44.692039" lon="6.979608">
        <ele>2674.6</ele>
        <time>2026-08-16T10:59:15Z</time>
      </trkpt>
      <trkpt lat="44.691984" lon="6.979671">
        <ele>2675.6</ele>
        <time>2026-08-16T10:59:21Z</time>
      </trkpt>
      <trkpt lat="44.691976" lon="6.979675">
        <ele>2675.8</ele>
        <time>2026-08-16T10:59:22Z</time>
      </trkpt>
      <trkpt lat="44.691927" lon="6.979698">
        <ele>2676.8</ele>
        <time>2026-08-16T10:59:28Z</time>
      </trkpt>
      <trkpt lat="44.691916" lon="6.9797">
        <ele>2676.8</ele>
        <time>2026-08-16T10:59:29Z</time>
      </trkpt>
      <trkpt lat="44.691871" lon="6.979738">
        <ele>2677.8</ele>
        <time>2026-08-16T10:59:35Z</time>
      </trkpt>
      <trkpt lat="44.69187" lon="6.979758">
        <ele>2678.4</ele>
        <time>2026-08-16T10:59:37Z</time>
      </trkpt>
      <trkpt lat="44.691877" lon="6.979789">
        <ele>2679.0</ele>
        <time>2026-08-16T10:59:41Z</time>
      </trkpt>
      <trkpt lat="44.691883" lon="6.979795">
        <ele>2679.0</ele>
        <time>2026-08-16T10:59:42Z</time>
      </trkpt>
      <trkpt lat="44.691893" lon="6.97982">
        <ele>2679.6</ele>
        <time>2026-08-16T10:59:44Z</time>
      </trkpt>
      <trkpt lat="44.691895" lon="6.979846">
        <ele>2680.2</ele>
        <time>2026-08-16T10:59:46Z</time>
      </trkpt>
      <trkpt lat="44.691875" lon="6.979885">
        <ele>2681.0</ele>
        <time>2026-08-16T10:59:51Z</time>
      </trkpt>
      <trkpt lat="44.691863" lon="6.979891">
        <ele>2681.0</ele>
        <time>2026-08-16T10:59:52Z</time>
      </trkpt>
      <trkpt lat="44.691853" lon="6.979896">
        <ele>2681.2</ele>
        <time>2026-08-16T10:59:53Z</time>
      </trkpt>
      <trkpt lat="44.691825" lon="6.979913">
        <ele>2682.0</ele>
        <time>2026-08-16T10:59:57Z</time>
      </trkpt>
      <trkpt lat="44.691819" lon="6.979915">
        <ele>2682.2</ele>
        <time>2026-08-16T10:59:58Z</time>
      </trkpt>
      <trkpt lat="44.691798" lon="6.979926">
        <ele>2682.8</ele>
        <time>2026-08-16T11:00:01Z</time>
      </trkpt>
      <trkpt lat="44.691774" lon="6.979938">
        <ele>2683.2</ele>
        <time>2026-08-16T11:00:03Z</time>
      </trkpt>
      <trkpt lat="44.691756" lon="6.979948">
        <ele>2683.6</ele>
        <time>2026-08-16T11:00:05Z</time>
      </trkpt>
      <trkpt lat="44.691723" lon="6.97997">
        <ele>2684.4</ele>
        <time>2026-08-16T11:00:10Z</time>
      </trkpt>
      <trkpt lat="44.691703" lon="6.979988">
        <ele>2685.0</ele>
        <time>2026-08-16T11:00:13Z</time>
      </trkpt>
      <trkpt lat="44.691697" lon="6.980002">
        <ele>2685.6</ele>
        <time>2026-08-16T11:00:16Z</time>
      </trkpt>
      <trkpt lat="44.691664" lon="6.980038">
        <ele>2686.4</ele>
        <time>2026-08-16T11:00:21Z</time>
      </trkpt>
      <trkpt lat="44.691664" lon="6.980039">
        <ele>2686.8</ele>
        <time>2026-08-16T11:00:23Z</time>
      </trkpt>
      <trkpt lat="44.691641" lon="6.980074">
        <ele>2687.4</ele>
        <time>2026-08-16T11:00:28Z</time>
      </trkpt>
      <trkpt lat="44.691638" lon="6.980084">
        <ele>2687.8</ele>
        <time>2026-08-16T11:00:29Z</time>
      </trkpt>
      <trkpt lat="44.691629" lon="6.980136">
        <ele>2689.0</ele>
        <time>2026-08-16T11:00:33Z</time>
      </trkpt>
      <trkpt lat="44.691632" lon="6.98015">
        <ele>2689.2</ele>
        <time>2026-08-16T11:00:35Z</time>
      </trkpt>
      <trkpt lat="44.691665" lon="6.98016">
        <ele>2690.0</ele>
        <time>2026-08-16T11:00:40Z</time>
      </trkpt>
      <trkpt lat="44.691684" lon="6.980188">
        <ele>2690.6</ele>
        <time>2026-08-16T11:00:44Z</time>
      </trkpt>
      <trkpt lat="44.691683" lon="6.980213">
        <ele>2691.0</ele>
        <time>2026-08-16T11:00:46Z</time>
      </trkpt>
      <trkpt lat="44.69168" lon="6.980223">
        <ele>2691.0</ele>
        <time>2026-08-16T11:00:47Z</time>
      </trkpt>
      <trkpt lat="44.691676" lon="6.980235">
        <ele>2691.4</ele>
        <time>2026-08-16T11:00:49Z</time>
      </trkpt>
      <trkpt lat="44.691661" lon="6.980243">
        <ele>2692.2</ele>
        <time>2026-08-16T11:00:55Z</time>
      </trkpt>
      <trkpt lat="44.691654" lon="6.980256">
        <ele>2693.0</ele>
        <time>2026-08-16T11:00:57Z</time>
      </trkpt>
      <trkpt lat="44.691643" lon="6.980268">
        <ele>2693.4</ele>
        <time>2026-08-16T11:00:58Z</time>
      </trkpt>
      <trkpt lat="44.691609" lon="6.980304">
        <ele>2694.4</ele>
        <time>2026-08-16T11:01:02Z</time>
      </trkpt>
      <trkpt lat="44.691602" lon="6.980314">
        <ele>2694.4</ele>
        <time>2026-08-16T11:01:03Z</time>
      </trkpt>
      <trkpt lat="44.691558" lon="6.980381">
        <ele>2695.4</ele>
        <time>2026-08-16T11:01:09Z</time>
      </trkpt>
      <trkpt lat="44.691526" lon="6.980465">
        <ele>2696.4</ele>
        <time>2026-08-16T11:01:17Z</time>
      </trkpt>
      <trkpt lat="44.691526" lon="6.980476">
        <ele>2696.6</ele>
        <time>2026-08-16T11:01:18Z</time>
      </trkpt>
      <trkpt lat="44.691544" lon="6.980537">
        <ele>2697.6</ele>
        <time>2026-08-16T11:01:24Z</time>
      </trkpt>
      <trkpt lat="44.691561" lon="6.980537">
        <ele>2698.2</ele>
        <time>2026-08-16T11:01:26Z</time>
      </trkpt>
      <trkpt lat="44.691589" lon="6.980532">
        <ele>2698.8</ele>
        <time>2026-08-16T11:01:29Z</time>
      </trkpt>
      <trkpt lat="44.691635" lon="6.980528">
        <ele>2699.6</ele>
        <time>2026-08-16T11:01:34Z</time>
      </trkpt>
      <trkpt lat="44.691645" lon="6.980528">
        <ele>2699.8</ele>
        <time>2026-08-16T11:01:35Z</time>
      </trkpt>
      <trkpt lat="44.691678" lon="6.980535">
        <ele>2700.8</ele>
        <time>2026-08-16T11:01:40Z</time>
      </trkpt>
      <trkpt lat="44.691692" lon="6.980544">
        <ele>2701.2</ele>
        <time>2026-08-16T11:01:42Z</time>
      </trkpt>
      <trkpt lat="44.691677" lon="6.980579">
        <ele>2701.4</ele>
        <time>2026-08-16T11:01:45Z</time>
      </trkpt>
      <trkpt lat="44.691672" lon="6.980607">
        <ele>2701.8</ele>
        <time>2026-08-16T11:01:47Z</time>
      </trkpt>
      <trkpt lat="44.691673" lon="6.980648">
        <ele>2703.0</ele>
        <time>2026-08-16T11:01:53Z</time>
      </trkpt>
      <trkpt lat="44.691678" lon="6.980645">
        <ele>2703.2</ele>
        <time>2026-08-16T11:01:54Z</time>
      </trkpt>
      <trkpt lat="44.691743" lon="6.980638">
        <ele>2704.0</ele>
        <time>2026-08-16T11:02:01Z</time>
      </trkpt>
      <trkpt lat="44.691809" lon="6.980672">
        <ele>2705.2</ele>
        <time>2026-08-16T11:02:08Z</time>
      </trkpt>
      <trkpt lat="44.691834" lon="6.980684">
        <ele>2706.2</ele>
        <time>2026-08-16T11:02:14Z</time>
      </trkpt>
      <trkpt lat="44.691834" lon="6.980686">
        <ele>2706.4</ele>
        <time>2026-08-16T11:02:15Z</time>
      </trkpt>
      <trkpt lat="44.691866" lon="6.980696">
        <ele>2707.2</ele>
        <time>2026-08-16T11:02:19Z</time>
      </trkpt>
      <trkpt lat="44.691892" lon="6.980698">
        <ele>2707.6</ele>
        <time>2026-08-16T11:02:22Z</time>
      </trkpt>
      <trkpt lat="44.691928" lon="6.980688">
        <ele>2708.4</ele>
        <time>2026-08-16T11:02:28Z</time>
      </trkpt>
      <trkpt lat="44.691938" lon="6.980683">
        <ele>2708.8</ele>
        <time>2026-08-16T11:02:30Z</time>
      </trkpt>
      <trkpt lat="44.69195" lon="6.980676">
        <ele>2709.4</ele>
        <time>2026-08-16T11:02:33Z</time>
      </trkpt>
      <trkpt lat="44.691984" lon="6.980679">
        <ele>2710.4</ele>
        <time>2026-08-16T11:02:38Z</time>
      </trkpt>
      <trkpt lat="44.691991" lon="6.980683">
        <ele>2710.6</ele>
        <time>2026-08-16T11:02:39Z</time>
      </trkpt>
      <trkpt lat="44.692038" lon="6.980698">
        <ele>2711.6</ele>
        <time>2026-08-16T11:02:44Z</time>
      </trkpt>
      <trkpt lat="44.692066" lon="6.980704">
        <ele>2712.0</ele>
        <time>2026-08-16T11:02:46Z</time>
      </trkpt>
      <trkpt lat="44.692107" lon="6.980726">
        <ele>2712.6</ele>
        <time>2026-08-16T11:02:50Z</time>
      </trkpt>
      <trkpt lat="44.692108" lon="6.980729">
        <ele>2712.8</ele>
        <time>2026-08-16T11:02:51Z</time>
      </trkpt>
      <trkpt lat="44.692116" lon="6.980732">
        <ele>2713.0</ele>
        <time>2026-08-16T11:02:53Z</time>
      </trkpt>
      <trkpt lat="44.692153" lon="6.980719">
        <ele>2713.8</ele>
        <time>2026-08-16T11:02:58Z</time>
      </trkpt>
      <trkpt lat="44.692163" lon="6.980717">
        <ele>2714.0</ele>
        <time>2026-08-16T11:02:59Z</time>
      </trkpt>
      <trkpt lat="44.692196" lon="6.980707">
        <ele>2715.0</ele>
        <time>2026-08-16T11:03:05Z</time>
      </trkpt>
      <trkpt lat="44.692229" lon="6.980697">
        <ele>2715.8</ele>
        <time>2026-08-16T11:03:11Z</time>
      </trkpt>
      <trkpt lat="44.692225" lon="6.980704">
        <ele>2716.0</ele>
        <time>2026-08-16T11:03:12Z</time>
      </trkpt>
      <trkpt lat="44.692212" lon="6.980757">
        <ele>2717.2</ele>
        <time>2026-08-16T11:03:17Z</time>
      </trkpt>
      <trkpt lat="44.692199" lon="6.980785">
        <ele>2718.2</ele>
        <time>2026-08-16T11:03:22Z</time>
      </trkpt>
      <trkpt lat="44.692185" lon="6.980819">
        <ele>2719.0</ele>
        <time>2026-08-16T11:03:26Z</time>
      </trkpt>
      <trkpt lat="44.692179" lon="6.980845">
        <ele>2719.4</ele>
        <time>2026-08-16T11:03:28Z</time>
      </trkpt>
      <trkpt lat="44.692187" lon="6.980899">
        <ele>2720.4</ele>
        <time>2026-08-16T11:03:33Z</time>
      </trkpt>
      <trkpt lat="44.692223" lon="6.980953">
        <ele>2721.4</ele>
        <time>2026-08-16T11:03:41Z</time>
      </trkpt>
      <trkpt lat="44.692261" lon="6.981024">
        <ele>2722.4</ele>
        <time>2026-08-16T11:03:47Z</time>
      </trkpt>
      <trkpt lat="44.692265" lon="6.981036">
        <ele>2722.6</ele>
        <time>2026-08-16T11:03:48Z</time>
      </trkpt>
      <trkpt lat="44.692296" lon="6.981079">
        <ele>2723.6</ele>
        <time>2026-08-16T11:03:55Z</time>
      </trkpt>
      <trkpt lat="44.69235" lon="6.981125">
        <ele>2724.6</ele>
        <time>2026-08-16T11:04:01Z</time>
      </trkpt>
      <trkpt lat="44.692366" lon="6.98114">
        <ele>2725.0</ele>
        <time>2026-08-16T11:04:03Z</time>
      </trkpt>
      <trkpt lat="44.692388" lon="6.981166">
        <ele>2725.6</ele>
        <time>2026-08-16T11:04:07Z</time>
      </trkpt>
      <trkpt lat="44.692403" lon="6.981204">
        <ele>2726.0</ele>
        <time>2026-08-16T11:04:10Z</time>
      </trkpt>
      <trkpt lat="44.692435" lon="6.981276">
        <ele>2726.8</ele>
        <time>2026-08-16T11:04:15Z</time>
      </trkpt>
      <trkpt lat="44.69245" lon="6.981293">
        <ele>2727.2</ele>
        <time>2026-08-16T11:04:18Z</time>
      </trkpt>
      <trkpt lat="44.69247" lon="6.981319">
        <ele>2728.0</ele>
        <time>2026-08-16T11:04:21Z</time>
      </trkpt>
      <trkpt lat="44.692492" lon="6.981362">
        <ele>2728.8</ele>
        <time>2026-08-16T11:04:26Z</time>
      </trkpt>
      <trkpt lat="44.692498" lon="6.981378">
        <ele>2729.0</ele>
        <time>2026-08-16T11:04:28Z</time>
      </trkpt>
      <trkpt lat="44.692527" lon="6.981414">
        <ele>2729.6</ele>
        <time>2026-08-16T11:04:33Z</time>
      </trkpt>
      <trkpt lat="44.692551" lon="6.981445">
        <ele>2730.0</ele>
        <time>2026-08-16T11:04:36Z</time>
      </trkpt>
      <trkpt lat="44.692576" lon="6.981502">
        <ele>2730.4</ele>
        <time>2026-08-16T11:04:41Z</time>
      </trkpt>
      <trkpt lat="44.69262" lon="6.981618">
        <ele>2730.4</ele>
        <time>2026-08-16T11:04:49Z</time>
      </trkpt>
      <trkpt lat="44.692643" lon="6.981757">
        <ele>2730.4</ele>
        <time>2026-08-16T11:04:57Z</time>
      </trkpt>
      <trkpt lat="44.692662" lon="6.981916">
        <ele>2730.6</ele>
        <time>2026-08-16T11:05:07Z</time>
      </trkpt>
      <trkpt lat="44.692684" lon="6.982024">
        <ele>2730.8</ele>
        <time>2026-08-16T11:05:12Z</time>
      </trkpt>
      <trkpt lat="44.692713" lon="6.982088">
        <ele>2731.0</ele>
        <time>2026-08-16T11:05:16Z</time>
      </trkpt>
      <trkpt lat="44.692748" lon="6.982111">
        <ele>2731.2</ele>
        <time>2026-08-16T11:05:19Z</time>
      </trkpt>
      <trkpt lat="44.692789" lon="6.982135">
        <ele>2731.6</ele>
        <time>2026-08-16T11:05:23Z</time>
      </trkpt>
      <trkpt lat="44.692832" lon="6.982166">
        <ele>2732.2</ele>
        <time>2026-08-16T11:05:27Z</time>
      </trkpt>
      <trkpt lat="44.692889" lon="6.982215">
        <ele>2732.4</ele>
        <time>2026-08-16T11:05:32Z</time>
      </trkpt>
      <trkpt lat="44.692941" lon="6.982307">
        <ele>2733.2</ele>
        <time>2026-08-16T11:05:40Z</time>
      </trkpt>
      <trkpt lat="44.692944" lon="6.982325">
        <ele>2733.4</ele>
        <time>2026-08-16T11:05:41Z</time>
      </trkpt>
      <trkpt lat="44.692967" lon="6.982407">
        <ele>2734.4</ele>
        <time>2026-08-16T11:05:48Z</time>
      </trkpt>
      <trkpt lat="44.692973" lon="6.982418">
        <ele>2734.4</ele>
        <time>2026-08-16T11:05:49Z</time>
      </trkpt>
      <trkpt lat="44.693007" lon="6.982499">
        <ele>2735.4</ele>
        <time>2026-08-16T11:05:55Z</time>
      </trkpt>
      <trkpt lat="44.693015" lon="6.98252">
        <ele>2735.6</ele>
        <time>2026-08-16T11:05:56Z</time>
      </trkpt>
      <trkpt lat="44.693051" lon="6.982624">
        <ele>2736.4</ele>
        <time>2026-08-16T11:06:02Z</time>
      </trkpt>
      <trkpt lat="44.693084" lon="6.982692">
        <ele>2736.8</ele>
        <time>2026-08-16T11:06:07Z</time>
      </trkpt>
      <trkpt lat="44.693126" lon="6.982724">
        <ele>2736.8</ele>
        <time>2026-08-16T11:06:11Z</time>
      </trkpt>
      <trkpt lat="44.693207" lon="6.982765">
        <ele>2737.6</ele>
        <time>2026-08-16T11:06:19Z</time>
      </trkpt>
      <trkpt lat="44.693208" lon="6.982771">
        <ele>2737.8</ele>
        <time>2026-08-16T11:06:20Z</time>
      </trkpt>
      <trkpt lat="44.693217" lon="6.98279">
        <ele>2738.6</ele>
        <time>2026-08-16T11:06:23Z</time>
      </trkpt>
      <trkpt lat="44.693222" lon="6.982797">
        <ele>2738.8</ele>
        <time>2026-08-16T11:06:24Z</time>
      </trkpt>
      <trkpt lat="44.693228" lon="6.982807">
        <ele>2739.0</ele>
        <time>2026-08-16T11:06:25Z</time>
      </trkpt>
      <trkpt lat="44.693247" lon="6.982838">
        <ele>2739.4</ele>
        <time>2026-08-16T11:06:28Z</time>
      </trkpt>
      <trkpt lat="44.693272" lon="6.982881">
        <ele>2740.0</ele>
        <time>2026-08-16T11:06:31Z</time>
      </trkpt>
      <trkpt lat="44.69328" lon="6.982892">
        <ele>2740.0</ele>
        <time>2026-08-16T11:06:32Z</time>
      </trkpt>
      <trkpt lat="44.69333" lon="6.982997">
        <ele>2741.0</ele>
        <time>2026-08-16T11:06:41Z</time>
      </trkpt>
      <trkpt lat="44.693335" lon="6.983007">
        <ele>2741.2</ele>
        <time>2026-08-16T11:06:42Z</time>
      </trkpt>
      <trkpt lat="44.693369" lon="6.983077">
        <ele>2742.2</ele>
        <time>2026-08-16T11:06:48Z</time>
      </trkpt>
      <trkpt lat="44.693406" lon="6.983136">
        <ele>2743.2</ele>
        <time>2026-08-16T11:06:55Z</time>
      </trkpt>
      <trkpt lat="44.693425" lon="6.98321">
        <ele>2744.2</ele>
        <time>2026-08-16T11:07:02Z</time>
      </trkpt>
      <trkpt lat="44.693478" lon="6.983271">
        <ele>2745.4</ele>
        <time>2026-08-16T11:07:10Z</time>
      </trkpt>
      <trkpt lat="44.693529" lon="6.983324">
        <ele>2746.4</ele>
        <time>2026-08-16T11:07:17Z</time>
      </trkpt>
      <trkpt lat="44.693539" lon="6.983336">
        <ele>2746.6</ele>
        <time>2026-08-16T11:07:19Z</time>
      </trkpt>
      <trkpt lat="44.693566" lon="6.983382">
        <ele>2747.4</ele>
        <time>2026-08-16T11:07:25Z</time>
      </trkpt>
      <trkpt lat="44.693572" lon="6.983392">
        <ele>2747.6</ele>
        <time>2026-08-16T11:07:26Z</time>
      </trkpt>
      <trkpt lat="44.693628" lon="6.983452">
        <ele>2748.6</ele>
        <time>2026-08-16T11:07:33Z</time>
      </trkpt>
      <trkpt lat="44.693632" lon="6.983458">
        <ele>2748.6</ele>
        <time>2026-08-16T11:07:34Z</time>
      </trkpt>
      <trkpt lat="44.693663" lon="6.983496">
        <ele>2749.6</ele>
        <time>2026-08-16T11:07:40Z</time>
      </trkpt>
      <trkpt lat="44.693696" lon="6.983533">
        <ele>2750.6</ele>
        <time>2026-08-16T11:07:46Z</time>
      </trkpt>
      <trkpt lat="44.693735" lon="6.983596">
        <ele>2751.8</ele>
        <time>2026-08-16T11:07:52Z</time>
      </trkpt>
      <trkpt lat="44.693741" lon="6.983605">
        <ele>2752.0</ele>
        <time>2026-08-16T11:07:53Z</time>
      </trkpt>
      <trkpt lat="44.693776" lon="6.983642">
        <ele>2752.8</ele>
        <time>2026-08-16T11:07:58Z</time>
      </trkpt>
      <trkpt lat="44.693799" lon="6.983673">
        <ele>2753.0</ele>
        <time>2026-08-16T11:08:00Z</time>
      </trkpt>
      <trkpt lat="44.69381" lon="6.983689">
        <ele>2753.4</ele>
        <time>2026-08-16T11:08:03Z</time>
      </trkpt>
      <trkpt lat="44.693814" lon="6.983698">
        <ele>2753.6</ele>
        <time>2026-08-16T11:08:05Z</time>
      </trkpt>
      <trkpt lat="44.693818" lon="6.983702">
        <ele>2754.0</ele>
        <time>2026-08-16T11:08:06Z</time>
      </trkpt>
      <trkpt lat="44.693824" lon="6.983711">
        <ele>2754.2</ele>
        <time>2026-08-16T11:08:08Z</time>
      </trkpt>
      <trkpt lat="44.693845" lon="6.983743">
        <ele>2755.0</ele>
        <time>2026-08-16T11:08:12Z</time>
      </trkpt>
      <trkpt lat="44.693858" lon="6.983768">
        <ele>2755.2</ele>
        <time>2026-08-16T11:08:14Z</time>
      </trkpt>
      <trkpt lat="44.693892" lon="6.983841">
        <ele>2756.0</ele>
        <time>2026-08-16T11:08:20Z</time>
      </trkpt>
      <trkpt lat="44.693907" lon="6.983869">
        <ele>2756.2</ele>
        <time>2026-08-16T11:08:23Z</time>
      </trkpt>
      <trkpt lat="44.693938" lon="6.983927">
        <ele>2757.0</ele>
        <time>2026-08-16T11:08:27Z</time>
      </trkpt>
      <trkpt lat="44.693961" lon="6.983969">
        <ele>2757.8</ele>
        <time>2026-08-16T11:08:30Z</time>
      </trkpt>
      <trkpt lat="44.693979" lon="6.984011">
        <ele>2758.2</ele>
        <time>2026-08-16T11:08:34Z</time>
      </trkpt>
      <trkpt lat="44.693993" lon="6.984051">
        <ele>2758.6</ele>
        <time>2026-08-16T11:08:38Z</time>
      </trkpt>
      <trkpt lat="44.693995" lon="6.984069">
        <ele>2759.2</ele>
        <time>2026-08-16T11:08:41Z</time>
      </trkpt>
      <trkpt lat="44.694015" lon="6.984112">
        <ele>2759.6</ele>
        <time>2026-08-16T11:08:44Z</time>
      </trkpt>
      <trkpt lat="44.694046" lon="6.984158">
        <ele>2760.2</ele>
        <time>2026-08-16T11:08:49Z</time>
      </trkpt>
      <trkpt lat="44.694061" lon="6.98418">
        <ele>2760.8</ele>
        <time>2026-08-16T11:08:52Z</time>
      </trkpt>
      <trkpt lat="44.694082" lon="6.984204">
        <ele>2761.4</ele>
        <time>2026-08-16T11:08:55Z</time>
      </trkpt>
      <trkpt lat="44.694119" lon="6.984254">
        <ele>2762.0</ele>
        <time>2026-08-16T11:09:00Z</time>
      </trkpt>
      <trkpt lat="44.694133" lon="6.98428">
        <ele>2762.4</ele>
        <time>2026-08-16T11:09:03Z</time>
      </trkpt>
      <trkpt lat="44.694139" lon="6.984313">
        <ele>2763.6</ele>
        <time>2026-08-16T11:09:07Z</time>
      </trkpt>
      <trkpt lat="44.694142" lon="6.984319">
        <ele>2763.8</ele>
        <time>2026-08-16T11:09:08Z</time>
      </trkpt>
      <trkpt lat="44.694162" lon="6.984358">
        <ele>2764.6</ele>
        <time>2026-08-16T11:09:12Z</time>
      </trkpt>
      <trkpt lat="44.694177" lon="6.984392">
        <ele>2765.0</ele>
        <time>2026-08-16T11:09:15Z</time>
      </trkpt>
      <trkpt lat="44.69421" lon="6.984455">
        <ele>2765.8</ele>
        <time>2026-08-16T11:09:21Z</time>
      </trkpt>
      <trkpt lat="44.694262" lon="6.984528">
        <ele>2766.8</ele>
        <time>2026-08-16T11:09:29Z</time>
      </trkpt>
      <trkpt lat="44.694306" lon="6.984577">
        <ele>2768.0</ele>
        <time>2026-08-16T11:09:34Z</time>
      </trkpt>
      <trkpt lat="44.694346" lon="6.984651">
        <ele>2768.6</ele>
        <time>2026-08-16T11:09:39Z</time>
      </trkpt>
      <trkpt lat="44.694356" lon="6.984681">
        <ele>2769.0</ele>
        <time>2026-08-16T11:09:42Z</time>
      </trkpt>
      <trkpt lat="44.694363" lon="6.98473">
        <ele>2769.6</ele>
        <time>2026-08-16T11:09:46Z</time>
      </trkpt>
      <trkpt lat="44.694368" lon="6.984782">
        <ele>2770.0</ele>
        <time>2026-08-16T11:09:50Z</time>
      </trkpt>
      <trkpt lat="44.694378" lon="6.984847">
        <ele>2770.6</ele>
        <time>2026-08-16T11:09:55Z</time>
      </trkpt>
      <trkpt lat="44.694387" lon="6.984873">
        <ele>2771.2</ele>
        <time>2026-08-16T11:09:58Z</time>
      </trkpt>
      <trkpt lat="44.694404" lon="6.984928">
        <ele>2772.0</ele>
        <time>2026-08-16T11:10:03Z</time>
      </trkpt>
      <trkpt lat="44.694412" lon="6.984958">
        <ele>2772.2</ele>
        <time>2026-08-16T11:10:05Z</time>
      </trkpt>
      <trkpt lat="44.69443" lon="6.985024">
        <ele>2773.2</ele>
        <time>2026-08-16T11:10:11Z</time>
      </trkpt>
      <trkpt lat="44.694434" lon="6.985046">
        <ele>2773.4</ele>
        <time>2026-08-16T11:10:12Z</time>
      </trkpt>
      <trkpt lat="44.694439" lon="6.985084">
        <ele>2773.6</ele>
        <time>2026-08-16T11:10:15Z</time>
      </trkpt>
      <trkpt lat="44.694437" lon="6.985097">
        <ele>2773.8</ele>
        <time>2026-08-16T11:10:16Z</time>
      </trkpt>
      <trkpt lat="44.694439" lon="6.985121">
        <ele>2774.4</ele>
        <time>2026-08-16T11:10:19Z</time>
      </trkpt>
      <trkpt lat="44.694435" lon="6.985171">
        <ele>2775.2</ele>
        <time>2026-08-16T11:10:23Z</time>
      </trkpt>
      <trkpt lat="44.694432" lon="6.98517">
        <ele>2775.4</ele>
        <time>2026-08-16T11:10:24Z</time>
      </trkpt>
      <trkpt lat="44.694424" lon="6.985178">
        <ele>2775.6</ele>
        <time>2026-08-16T11:10:26Z</time>
      </trkpt>
      <trkpt lat="44.694426" lon="6.985196">
        <ele>2776.4</ele>
        <time>2026-08-16T11:10:29Z</time>
      </trkpt>
      <trkpt lat="44.694428" lon="6.985202">
        <ele>2776.6</ele>
        <time>2026-08-16T11:10:30Z</time>
      </trkpt>
      <trkpt lat="44.694439" lon="6.985255">
        <ele>2777.6</ele>
        <time>2026-08-16T11:10:35Z</time>
      </trkpt>
      <trkpt lat="44.694442" lon="6.985267">
        <ele>2778.0</ele>
        <time>2026-08-16T11:10:36Z</time>
      </trkpt>
      <trkpt lat="44.694454" lon="6.985299">
        <ele>2778.8</ele>
        <time>2026-08-16T11:10:40Z</time>
      </trkpt>
      <trkpt lat="44.694455" lon="6.985331">
        <ele>2779.6</ele>
        <time>2026-08-16T11:10:44Z</time>
      </trkpt>
      <trkpt lat="44.694457" lon="6.985341">
        <ele>2780.0</ele>
        <time>2026-08-16T11:10:46Z</time>
      </trkpt>
      <trkpt lat="44.694466" lon="6.985372">
        <ele>2780.8</ele>
        <time>2026-08-16T11:10:50Z</time>
      </trkpt>
      <trkpt lat="44.694465" lon="6.985391">
        <ele>2781.0</ele>
        <time>2026-08-16T11:10:52Z</time>
      </trkpt>
      <trkpt lat="44.694483" lon="6.985427">
        <ele>2782.2</ele>
        <time>2026-08-16T11:10:57Z</time>
      </trkpt>
      <trkpt lat="44.694511" lon="6.985459">
        <ele>2783.0</ele>
        <time>2026-08-16T11:11:02Z</time>
      </trkpt>
      <trkpt lat="44.694519" lon="6.985467">
        <ele>2783.2</ele>
        <time>2026-08-16T11:11:03Z</time>
      </trkpt>
      <trkpt lat="44.69453" lon="6.985483">
        <ele>2783.4</ele>
        <time>2026-08-16T11:11:05Z</time>
      </trkpt>
      <trkpt lat="44.694569" lon="6.985527">
        <ele>2784.2</ele>
        <time>2026-08-16T11:11:10Z</time>
      </trkpt>
      <trkpt lat="44.69459" lon="6.985543">
        <ele>2784.8</ele>
        <time>2026-08-16T11:11:13Z</time>
      </trkpt>
      <trkpt lat="44.694608" lon="6.985566">
        <ele>2785.2</ele>
        <time>2026-08-16T11:11:16Z</time>
      </trkpt>
      <trkpt lat="44.694634" lon="6.985603">
        <ele>2786.2</ele>
        <time>2026-08-16T11:11:20Z</time>
      </trkpt>
      <trkpt lat="44.694641" lon="6.985612">
        <ele>2786.4</ele>
        <time>2026-08-16T11:11:21Z</time>
      </trkpt>
      <trkpt lat="44.694691" lon="6.985628">
        <ele>2787.6</ele>
        <time>2026-08-16T11:11:27Z</time>
      </trkpt>
      <trkpt lat="44.694718" lon="6.985619">
        <ele>2787.6</ele>
        <time>2026-08-16T11:11:29Z</time>
      </trkpt>
      <trkpt lat="44.694796" lon="6.985641">
        <ele>2788.2</ele>
        <time>2026-08-16T11:11:35Z</time>
      </trkpt>
      <trkpt lat="44.694828" lon="6.98566">
        <ele>2788.6</ele>
        <time>2026-08-16T11:11:38Z</time>
      </trkpt>
      <trkpt lat="44.694866" lon="6.985696">
        <ele>2789.4</ele>
        <time>2026-08-16T11:11:45Z</time>
      </trkpt>
      <trkpt lat="44.694895" lon="6.985721">
        <ele>2789.6</ele>
        <time>2026-08-16T11:11:48Z</time>
      </trkpt>
      <trkpt lat="44.694935" lon="6.985743">
        <ele>2790.2</ele>
        <time>2026-08-16T11:11:53Z</time>
      </trkpt>
      <trkpt lat="44.694965" lon="6.985764">
        <ele>2790.8</ele>
        <time>2026-08-16T11:11:56Z</time>
      </trkpt>
      <trkpt lat="44.695003" lon="6.985799">
        <ele>2791.4</ele>
        <time>2026-08-16T11:12:01Z</time>
      </trkpt>
      <trkpt lat="44.695027" lon="6.985817">
        <ele>2791.8</ele>
        <time>2026-08-16T11:12:04Z</time>
      </trkpt>
      <trkpt lat="44.695062" lon="6.985832">
        <ele>2792.4</ele>
        <time>2026-08-16T11:12:08Z</time>
      </trkpt>
      <trkpt lat="44.695118" lon="6.985858">
        <ele>2792.8</ele>
        <time>2026-08-16T11:12:15Z</time>
      </trkpt>
      <trkpt lat="44.695126" lon="6.985862">
        <ele>2793.0</ele>
        <time>2026-08-16T11:12:16Z</time>
      </trkpt>
      <trkpt lat="44.695172" lon="6.985887">
        <ele>2794.0</ele>
        <time>2026-08-16T11:12:21Z</time>
      </trkpt>
      <trkpt lat="44.695227" lon="6.985939">
        <ele>2795.0</ele>
        <time>2026-08-16T11:12:28Z</time>
      </trkpt>
      <trkpt lat="44.695243" lon="6.985963">
        <ele>2795.4</ele>
        <time>2026-08-16T11:12:30Z</time>
      </trkpt>
      <trkpt lat="44.695252" lon="6.986015">
        <ele>2796.2</ele>
        <time>2026-08-16T11:12:34Z</time>
      </trkpt>
      <trkpt lat="44.69526" lon="6.986049">
        <ele>2796.8</ele>
        <time>2026-08-16T11:12:37Z</time>
      </trkpt>
      <trkpt lat="44.695268" lon="6.986074">
        <ele>2797.2</ele>
        <time>2026-08-16T11:12:39Z</time>
      </trkpt>
      <trkpt lat="44.695278" lon="6.986102">
        <ele>2797.6</ele>
        <time>2026-08-16T11:12:41Z</time>
      </trkpt>
      <trkpt lat="44.695285" lon="6.986114">
        <ele>2798.0</ele>
        <time>2026-08-16T11:12:43Z</time>
      </trkpt>
      <trkpt lat="44.695289" lon="6.986122">
        <ele>2798.4</ele>
        <time>2026-08-16T11:12:44Z</time>
      </trkpt>
      <trkpt lat="44.695296" lon="6.986177">
        <ele>2799.4</ele>
        <time>2026-08-16T11:12:48Z</time>
      </trkpt>
      <trkpt lat="44.695294" lon="6.986193">
        <ele>2800.2</ele>
        <time>2026-08-16T11:12:51Z</time>
      </trkpt>
      <trkpt lat="44.695296" lon="6.9862">
        <ele>2800.4</ele>
        <time>2026-08-16T11:12:52Z</time>
      </trkpt>
      <trkpt lat="44.695299" lon="6.986221">
        <ele>2801.0</ele>
        <time>2026-08-16T11:12:55Z</time>
      </trkpt>
      <trkpt lat="44.695305" lon="6.986246">
        <ele>2801.6</ele>
        <time>2026-08-16T11:12:57Z</time>
      </trkpt>
      <trkpt lat="44.695309" lon="6.986253">
        <ele>2801.8</ele>
        <time>2026-08-16T11:12:58Z</time>
      </trkpt>
      <trkpt lat="44.695325" lon="6.986322">
        <ele>2802.8</ele>
        <time>2026-08-16T11:13:02Z</time>
      </trkpt>
      <trkpt lat="44.695334" lon="6.986355">
        <ele>2803.4</ele>
        <time>2026-08-16T11:13:05Z</time>
      </trkpt>
      <trkpt lat="44.695339" lon="6.986369">
        <ele>2803.8</ele>
        <time>2026-08-16T11:13:07Z</time>
      </trkpt>
      <trkpt lat="44.695346" lon="6.98642">
        <ele>2804.8</ele>
        <time>2026-08-16T11:13:12Z</time>
      </trkpt>
      <trkpt lat="44.695349" lon="6.986434">
        <ele>2805.2</ele>
        <time>2026-08-16T11:13:13Z</time>
      </trkpt>
      <trkpt lat="44.695354" lon="6.986458">
        <ele>2806.0</ele>
        <time>2026-08-16T11:13:17Z</time>
      </trkpt>
      <trkpt lat="44.695361" lon="6.986485">
        <ele>2806.4</ele>
        <time>2026-08-16T11:13:21Z</time>
      </trkpt>
      <trkpt lat="44.695375" lon="6.986506">
        <ele>2807.2</ele>
        <time>2026-08-16T11:13:24Z</time>
      </trkpt>
      <trkpt lat="44.695419" lon="6.986545">
        <ele>2808.4</ele>
        <time>2026-08-16T11:13:29Z</time>
      </trkpt>
      <trkpt lat="44.69545" lon="6.986566">
        <ele>2809.6</ele>
        <time>2026-08-16T11:13:34Z</time>
      </trkpt>
      <trkpt lat="44.695472" lon="6.986578">
        <ele>2810.2</ele>
        <time>2026-08-16T11:13:37Z</time>
      </trkpt>
      <trkpt lat="44.695539" lon="6.986597">
        <ele>2810.6</ele>
        <time>2026-08-16T11:13:43Z</time>
      </trkpt>
      <trkpt lat="44.695557" lon="6.986608">
        <ele>2810.8</ele>
        <time>2026-08-16T11:13:45Z</time>
      </trkpt>
      <trkpt lat="44.695582" lon="6.986642">
        <ele>2811.2</ele>
        <time>2026-08-16T11:13:48Z</time>
      </trkpt>
      <trkpt lat="44.695607" lon="6.986652">
        <ele>2811.6</ele>
        <time>2026-08-16T11:13:50Z</time>
      </trkpt>
      <trkpt lat="44.695622" lon="6.98665">
        <ele>2811.8</ele>
        <time>2026-08-16T11:13:52Z</time>
      </trkpt>
      <trkpt lat="44.695659" lon="6.986628">
        <ele>2812.6</ele>
        <time>2026-08-16T11:14:00Z</time>
      </trkpt>
      <trkpt lat="44.695661" lon="6.986626">
        <ele>2812.6</ele>
        <time>2026-08-16T11:14:01Z</time>
      </trkpt>
      <trkpt lat="44.695659" lon="6.986614">
        <ele>2812.8</ele>
        <time>2026-08-16T11:14:10Z</time>
      </trkpt>
      <trkpt lat="44.695651" lon="6.986632">
        <ele>2812.8</ele>
        <time>2026-08-16T11:14:12Z</time>
      </trkpt>
      <trkpt lat="44.695663" lon="6.986671">
        <ele>2813.2</ele>
        <time>2026-08-16T11:14:17Z</time>
      </trkpt>
      <trkpt lat="44.695677" lon="6.986738">
        <ele>2813.6</ele>
        <time>2026-08-16T11:14:23Z</time>
      </trkpt>
      <trkpt lat="44.695674" lon="6.986748">
        <ele>2814.0</ele>
        <time>2026-08-16T11:14:24Z</time>
      </trkpt>
      <trkpt lat="44.695664" lon="6.986777">
        <ele>2814.8</ele>
        <time>2026-08-16T11:14:27Z</time>
      </trkpt>
      <trkpt lat="44.695655" lon="6.986806">
        <ele>2815.4</ele>
        <time>2026-08-16T11:14:30Z</time>
      </trkpt>
      <trkpt lat="44.695647" lon="6.986887">
        <ele>2815.8</ele>
        <time>2026-08-16T11:14:37Z</time>
      </trkpt>
      <trkpt lat="44.695645" lon="6.986894">
        <ele>2816.0</ele>
        <time>2026-08-16T11:14:38Z</time>
      </trkpt>
      <trkpt lat="44.695623" lon="6.986946">
        <ele>2817.0</ele>
        <time>2026-08-16T11:14:42Z</time>
      </trkpt>
      <trkpt lat="44.695612" lon="6.98697">
        <ele>2817.2</ele>
        <time>2026-08-16T11:14:44Z</time>
      </trkpt>
      <trkpt lat="44.695593" lon="6.987031">
        <ele>2817.8</ele>
        <time>2026-08-16T11:14:50Z</time>
      </trkpt>
      <trkpt lat="44.695589" lon="6.987061">
        <ele>2818.2</ele>
        <time>2026-08-16T11:14:52Z</time>
      </trkpt>
      <trkpt lat="44.695577" lon="6.98712">
        <ele>2819.2</ele>
        <time>2026-08-16T11:14:57Z</time>
      </trkpt>
      <trkpt lat="44.695574" lon="6.987129">
        <ele>2819.4</ele>
        <time>2026-08-16T11:14:58Z</time>
      </trkpt>
      <trkpt lat="44.69556" lon="6.987244">
        <ele>2820.6</ele>
        <time>2026-08-16T11:15:06Z</time>
      </trkpt>
      <trkpt lat="44.69556" lon="6.987259">
        <ele>2820.8</ele>
        <time>2026-08-16T11:15:07Z</time>
      </trkpt>
      <trkpt lat="44.695561" lon="6.987366">
        <ele>2821.0</ele>
        <time>2026-08-16T11:15:15Z</time>
      </trkpt>
      <trkpt lat="44.695585" lon="6.987504">
        <ele>2821.2</ele>
        <time>2026-08-16T11:15:23Z</time>
      </trkpt>
      <trkpt lat="44.695598" lon="6.987646">
        <ele>2821.2</ele>
        <time>2026-08-16T11:15:32Z</time>
      </trkpt>
      <trkpt lat="44.695595" lon="6.987706">
        <ele>2821.6</ele>
        <time>2026-08-16T11:15:38Z</time>
      </trkpt>
      <trkpt lat="44.69559" lon="6.987741">
        <ele>2822.2</ele>
        <time>2026-08-16T11:15:41Z</time>
      </trkpt>
      <trkpt lat="44.695587" lon="6.987766">
        <ele>2822.8</ele>
        <time>2026-08-16T11:15:43Z</time>
      </trkpt>
      <trkpt lat="44.695587" lon="6.987871">
        <ele>2823.8</ele>
        <time>2026-08-16T11:15:51Z</time>
      </trkpt>
      <trkpt lat="44.69559" lon="6.987932">
        <ele>2824.8</ele>
        <time>2026-08-16T11:15:56Z</time>
      </trkpt>
      <trkpt lat="44.69559" lon="6.987941">
        <ele>2824.8</ele>
        <time>2026-08-16T11:15:57Z</time>
      </trkpt>
      <trkpt lat="44.695593" lon="6.987986">
        <ele>2825.2</ele>
        <time>2026-08-16T11:16:00Z</time>
      </trkpt>
      <trkpt lat="44.695592" lon="6.988016">
        <ele>2825.4</ele>
        <time>2026-08-16T11:16:02Z</time>
      </trkpt>
      <trkpt lat="44.695598" lon="6.988092">
        <ele>2825.6</ele>
        <time>2026-08-16T11:16:07Z</time>
      </trkpt>
      <trkpt lat="44.695606" lon="6.988133">
        <ele>2825.6</ele>
        <time>2026-08-16T11:16:10Z</time>
      </trkpt>
      <trkpt lat="44.69562" lon="6.988233">
        <ele>2825.2</ele>
        <time>2026-08-16T11:16:19Z</time>
      </trkpt>
      <trkpt lat="44.695591" lon="6.988254">
        <ele>2825.4</ele>
        <time>2026-08-16T11:16:24Z</time>
      </trkpt>
      <trkpt lat="44.695571" lon="6.988265">
        <ele>2825.6</ele>
        <time>2026-08-16T11:16:26Z</time>
      </trkpt>
      <trkpt lat="44.695514" lon="6.988308">
        <ele>2826.2</ele>
        <time>2026-08-16T11:16:31Z</time>
      </trkpt>
      <trkpt lat="44.695506" lon="6.988316">
        <ele>2826.4</ele>
        <time>2026-08-16T11:16:32Z</time>
      </trkpt>
      <trkpt lat="44.695482" lon="6.988355">
        <ele>2827.4</ele>
        <time>2026-08-16T11:16:36Z</time>
      </trkpt>
      <trkpt lat="44.69545" lon="6.98842">
        <ele>2828.0</ele>
        <time>2026-08-16T11:16:41Z</time>
      </trkpt>
      <trkpt lat="44.695445" lon="6.988428">
        <ele>2828.6</ele>
        <time>2026-08-16T11:16:43Z</time>
      </trkpt>
      <trkpt lat="44.695418" lon="6.988467">
        <ele>2829.6</ele>
        <time>2026-08-16T11:16:48Z</time>
      </trkpt>
      <trkpt lat="44.695397" lon="6.988496">
        <ele>2830.6</ele>
        <time>2026-08-16T11:16:53Z</time>
      </trkpt>
      <trkpt lat="44.695392" lon="6.988481">
        <ele>2830.8</ele>
        <time>2026-08-16T11:16:56Z</time>
      </trkpt>
      <trkpt lat="44.695361" lon="6.988535">
        <ele>2831.0</ele>
        <time>2026-08-16T11:17:00Z</time>
      </trkpt>
      <trkpt lat="44.695357" lon="6.988546">
        <ele>2831.0</ele>
        <time>2026-08-16T11:17:01Z</time>
      </trkpt>
      <trkpt lat="44.695361" lon="6.988575">
        <ele>2831.6</ele>
        <time>2026-08-16T11:17:04Z</time>
      </trkpt>
      <trkpt lat="44.695372" lon="6.988649">
        <ele>2832.0</ele>
        <time>2026-08-16T11:17:09Z</time>
      </trkpt>
      <trkpt lat="44.695367" lon="6.988739">
        <ele>2832.8</ele>
        <time>2026-08-16T11:17:15Z</time>
      </trkpt>
      <trkpt lat="44.695364" lon="6.988757">
        <ele>2832.8</ele>
        <time>2026-08-16T11:17:16Z</time>
      </trkpt>
      <trkpt lat="44.695336" lon="6.988906">
        <ele>2833.2</ele>
        <time>2026-08-16T11:17:24Z</time>
      </trkpt>
      <trkpt lat="44.695291" lon="6.98906">
        <ele>2833.6</ele>
        <time>2026-08-16T11:17:33Z</time>
      </trkpt>
      <trkpt lat="44.695296" lon="6.989088">
        <ele>2833.8</ele>
        <time>2026-08-16T11:17:35Z</time>
      </trkpt>
      <trkpt lat="44.695296" lon="6.989173">
        <ele>2834.2</ele>
        <time>2026-08-16T11:17:40Z</time>
      </trkpt>
      <trkpt lat="44.695293" lon="6.98923">
        <ele>2834.8</ele>
        <time>2026-08-16T11:17:43Z</time>
      </trkpt>
      <trkpt lat="44.695285" lon="6.989306">
        <ele>2836.0</ele>
        <time>2026-08-16T11:17:48Z</time>
      </trkpt>
      <trkpt lat="44.695315" lon="6.989403">
        <ele>2836.6</ele>
        <time>2026-08-16T11:17:55Z</time>
      </trkpt>
      <trkpt lat="44.695337" lon="6.989393">
        <ele>2836.8</ele>
        <time>2026-08-16T11:17:58Z</time>
      </trkpt>
      <trkpt lat="44.695342" lon="6.989397">
        <ele>2836.8</ele>
        <time>2026-08-16T11:18:01Z</time>
      </trkpt>
      <trkpt lat="44.695331" lon="6.989407">
        <ele>2836.8</ele>
        <time>2026-08-16T11:18:05Z</time>
      </trkpt>
      <trkpt lat="44.695336" lon="6.989415">
        <ele>2836.6</ele>
        <time>2026-08-16T11:18:09Z</time>
      </trkpt>
      <trkpt lat="44.695367" lon="6.989452">
        <ele>2836.4</ele>
        <time>2026-08-16T11:18:16Z</time>
      </trkpt>
      <trkpt lat="44.695354" lon="6.989455">
        <ele>2836.8</ele>
        <time>2026-08-16T11:18:20Z</time>
      </trkpt>
      <trkpt lat="44.695338" lon="6.989453">
        <ele>2836.6</ele>
        <time>2026-08-16T11:18:23Z</time>
      </trkpt>
      <trkpt lat="44.695341" lon="6.989451">
        <ele>2836.6</ele>
        <time>2026-08-16T11:18:25Z</time>
      </trkpt>
      <trkpt lat="44.695344" lon="6.989445">
        <ele>2837.0</ele>
        <time>2026-08-16T11:18:28Z</time>
      </trkpt>
      <trkpt lat="44.695346" lon="6.989434">
        <ele>2837.0</ele>
        <time>2026-08-16T11:18:30Z</time>
      </trkpt>
      <trkpt lat="44.695341" lon="6.989389">
        <ele>2836.8</ele>
        <time>2026-08-16T11:18:39Z</time>
      </trkpt>
      <trkpt lat="44.695355" lon="6.989398">
        <ele>2836.2</ele>
        <time>2026-08-16T11:18:45Z</time>
      </trkpt>
      <trkpt lat="44.695358" lon="6.989408">
        <ele>2836.4</ele>
        <time>2026-08-16T11:18:48Z</time>
      </trkpt>
      <trkpt lat="44.695333" lon="6.989434">
        <ele>2836.2</ele>
        <time>2026-08-16T11:18:57Z</time>
      </trkpt>
      <trkpt lat="44.69531" lon="6.989439">
        <ele>2836.0</ele>
        <time>2026-08-16T11:19:01Z</time>
      </trkpt>
      <trkpt lat="44.695307" lon="6.989442">
        <ele>2835.8</ele>
        <time>2026-08-16T11:19:05Z</time>
      </trkpt>
      <trkpt lat="44.695309" lon="6.98944">
        <ele>2835.6</ele>
        <time>2026-08-16T11:19:06Z</time>
      </trkpt>
      <trkpt lat="44.695333" lon="6.989437">
        <ele>2835.4</ele>
        <time>2026-08-16T11:19:16Z</time>
      </trkpt>
      <trkpt lat="44.69535" lon="6.989429">
        <ele>2835.6</ele>
        <time>2026-08-16T11:19:23Z</time>
      </trkpt>
      <trkpt lat="44.695337" lon="6.989451">
        <ele>2835.6</ele>
        <time>2026-08-16T11:19:30Z</time>
      </trkpt>
      <trkpt lat="44.695333" lon="6.989441">
        <ele>2835.6</ele>
        <time>2026-08-16T11:19:32Z</time>
      </trkpt>
      <trkpt lat="44.695338" lon="6.989436">
        <ele>2835.6</ele>
        <time>2026-08-16T11:19:33Z</time>
      </trkpt>
      <trkpt lat="44.695341" lon="6.989432">
        <ele>2835.6</ele>
        <time>2026-08-16T11:19:34Z</time>
      </trkpt>
      <trkpt lat="44.695334" lon="6.989431">
        <ele>2835.8</ele>
        <time>2026-08-16T11:19:38Z</time>
      </trkpt>
      <trkpt lat="44.695332" lon="6.989417">
        <ele>2835.6</ele>
        <time>2026-08-16T11:19:47Z</time>
      </trkpt>
      <trkpt lat="44.695329" lon="6.989423">
        <ele>2835.0</ele>
        <time>2026-08-16T11:19:53Z</time>
      </trkpt>
      <trkpt lat="44.695342" lon="6.989434">
        <ele>2835.6</ele>
        <time>2026-08-16T11:19:57Z</time>
      </trkpt>
      <trkpt lat="44.695354" lon="6.98944">
        <ele>2835.2</ele>
        <time>2026-08-16T11:20:04Z</time>
      </trkpt>
      <trkpt lat="44.695347" lon="6.989431">
        <ele>2835.2</ele>
        <time>2026-08-16T11:20:12Z</time>
      </trkpt>
      <trkpt lat="44.695325" lon="6.989448">
        <ele>2835.2</ele>
        <time>2026-08-16T11:20:21Z</time>
      </trkpt>
      <trkpt lat="44.695325" lon="6.989449">
        <ele>2835.0</ele>
        <time>2026-08-16T11:20:23Z</time>
      </trkpt>
      <trkpt lat="44.695332" lon="6.989458">
        <ele>2835.0</ele>
        <time>2026-08-16T11:20:28Z</time>
      </trkpt>
      <trkpt lat="44.695338" lon="6.989431">
        <ele>2835.6</ele>
        <time>2026-08-16T11:20:34Z</time>
      </trkpt>
      <trkpt lat="44.695339" lon="6.989444">
        <ele>2834.8</ele>
        <time>2026-08-16T11:20:42Z</time>
      </trkpt>
      <trkpt lat="44.695364" lon="6.989426">
        <ele>2835.6</ele>
        <time>2026-08-16T11:20:47Z</time>
      </trkpt>
      <trkpt lat="44.695366" lon="6.989441">
        <ele>2835.4</ele>
        <time>2026-08-16T11:20:55Z</time>
      </trkpt>
      <trkpt lat="44.69535" lon="6.989447">
        <ele>2834.8</ele>
        <time>2026-08-16T11:21:04Z</time>
      </trkpt>
      <trkpt lat="44.695356" lon="6.989454">
        <ele>2835.0</ele>
        <time>2026-08-16T11:21:07Z</time>
      </trkpt>
      <trkpt lat="44.695356" lon="6.989454">
        <ele>2835.2</ele>
        <time>2026-08-16T11:21:08Z</time>
      </trkpt>
      <trkpt lat="44.695342" lon="6.989449">
        <ele>2834.4</ele>
        <time>2026-08-16T11:21:14Z</time>
      </trkpt>
      <trkpt lat="44.695343" lon="6.989451">
        <ele>2834.4</ele>
        <time>2026-08-16T11:21:22Z</time>
      </trkpt>
      <trkpt lat="44.695355" lon="6.989451">
        <ele>2834.8</ele>
        <time>2026-08-16T11:21:29Z</time>
      </trkpt>
      <trkpt lat="44.695367" lon="6.989459">
        <ele>2834.8</ele>
        <time>2026-08-16T11:21:32Z</time>
      </trkpt>
      <trkpt lat="44.695373" lon="6.989458">
        <ele>2834.4</ele>
        <time>2026-08-16T11:21:36Z</time>
      </trkpt>
      <trkpt lat="44.695373" lon="6.989458">
        <ele>2834.2</ele>
        <time>2026-08-16T11:21:39Z</time>
      </trkpt>
      <trkpt lat="44.695339" lon="6.989439">
        <ele>2834.2</ele>
        <time>2026-08-16T11:21:48Z</time>
      </trkpt>
      <trkpt lat="44.695339" lon="6.989435">
        <ele>2834.2</ele>
        <time>2026-08-16T11:21:51Z</time>
      </trkpt>
      <trkpt lat="44.69535" lon="6.989445">
        <ele>2834.0</ele>
        <time>2026-08-16T11:21:54Z</time>
      </trkpt>
      <trkpt lat="44.695355" lon="6.989448">
        <ele>2834.0</ele>
        <time>2026-08-16T11:21:58Z</time>
      </trkpt>
      <trkpt lat="44.695352" lon="6.98944">
        <ele>2834.0</ele>
        <time>2026-08-16T11:22:00Z</time>
      </trkpt>
      <trkpt lat="44.69535" lon="6.989428">
        <ele>2834.0</ele>
        <time>2026-08-16T11:22:06Z</time>
      </trkpt>
      <trkpt lat="44.695341" lon="6.989437">
        <ele>2833.8</ele>
        <time>2026-08-16T11:22:15Z</time>
      </trkpt>
      <trkpt lat="44.695348" lon="6.989437">
        <ele>2833.6</ele>
        <time>2026-08-16T11:22:22Z</time>
      </trkpt>
      <trkpt lat="44.695345" lon="6.98946">
        <ele>2833.2</ele>
        <time>2026-08-16T11:22:31Z</time>
      </trkpt>
      <trkpt lat="44.695345" lon="6.98945">
        <ele>2833.0</ele>
        <time>2026-08-16T11:22:34Z</time>
      </trkpt>
      <trkpt lat="44.695352" lon="6.989455">
        <ele>2832.8</ele>
        <time>2026-08-16T11:22:41Z</time>
      </trkpt>
      <trkpt lat="44.695359" lon="6.989447">
        <ele>2832.4</ele>
        <time>2026-08-16T11:22:50Z</time>
      </trkpt>
      <trkpt lat="44.695355" lon="6.989454">
        <ele>2832.4</ele>
        <time>2026-08-16T11:23:01Z</time>
      </trkpt>
      <trkpt lat="44.695353" lon="6.989421">
        <ele>2832.4</ele>
        <time>2026-08-16T11:23:12Z</time>
      </trkpt>
      <trkpt lat="44.695348" lon="6.989444">
        <ele>2832.6</ele>
        <time>2026-08-16T11:23:21Z</time>
      </trkpt>
      <trkpt lat="44.695353" lon="6.989465">
        <ele>2832.6</ele>
        <time>2026-08-16T11:23:31Z</time>
      </trkpt>
      <trkpt lat="44.695348" lon="6.989463">
        <ele>2832.8</ele>
        <time>2026-08-16T11:23:39Z</time>
      </trkpt>
      <trkpt lat="44.695372" lon="6.989457">
        <ele>2833.0</ele>
        <time>2026-08-16T11:23:49Z</time>
      </trkpt>
      <trkpt lat="44.695367" lon="6.989459">
        <ele>2833.4</ele>
        <time>2026-08-16T11:23:58Z</time>
      </trkpt>
      <trkpt lat="44.695361" lon="6.989459">
        <ele>2833.6</ele>
        <time>2026-08-16T11:24:09Z</time>
      </trkpt>
      <trkpt lat="44.695355" lon="6.989455">
        <ele>2833.6</ele>
        <time>2026-08-16T11:24:21Z</time>
      </trkpt>
      <trkpt lat="44.695346" lon="6.989463">
        <ele>2833.6</ele>
        <time>2026-08-16T11:24:31Z</time>
      </trkpt>
      <trkpt lat="44.695352" lon="6.989453">
        <ele>2833.8</ele>
        <time>2026-08-16T11:24:37Z</time>
      </trkpt>
      <trkpt lat="44.695366" lon="6.989446">
        <ele>2833.8</ele>
        <time>2026-08-16T11:24:42Z</time>
      </trkpt>
      <trkpt lat="44.695362" lon="6.98945">
        <ele>2833.8</ele>
        <time>2026-08-16T11:24:53Z</time>
      </trkpt>
      <trkpt lat="44.695348" lon="6.98946">
        <ele>2833.6</ele>
        <time>2026-08-16T11:25:04Z</time>
      </trkpt>
      <trkpt lat="44.695357" lon="6.989435">
        <ele>2833.4</ele>
        <time>2026-08-16T11:25:12Z</time>
      </trkpt>
      <trkpt lat="44.695347" lon="6.98944">
        <ele>2833.2</ele>
        <time>2026-08-16T11:25:25Z</time>
      </trkpt>
      <trkpt lat="44.695327" lon="6.98943">
        <ele>2833.0</ele>
        <time>2026-08-16T11:25:36Z</time>
      </trkpt>
      <trkpt lat="44.69533" lon="6.989421">
        <ele>2833.0</ele>
        <time>2026-08-16T11:25:38Z</time>
      </trkpt>
      <trkpt lat="44.695345" lon="6.989419">
        <ele>2833.0</ele>
        <time>2026-08-16T11:25:47Z</time>
      </trkpt>
      <trkpt lat="44.695353" lon="6.989436">
        <ele>2832.8</ele>
        <time>2026-08-16T11:26:00Z</time>
      </trkpt>
      <trkpt lat="44.695341" lon="6.989435">
        <ele>2832.8</ele>
        <time>2026-08-16T11:26:07Z</time>
      </trkpt>
      <trkpt lat="44.695339" lon="6.989435">
        <ele>2832.8</ele>
        <time>2026-08-16T11:26:13Z</time>
      </trkpt>
      <trkpt lat="44.695352" lon="6.989411">
        <ele>2832.4</ele>
        <time>2026-08-16T11:26:24Z</time>
      </trkpt>
      <trkpt lat="44.695354" lon="6.98941">
        <ele>2832.4</ele>
        <time>2026-08-16T11:26:28Z</time>
      </trkpt>
      <trkpt lat="44.695353" lon="6.989411">
        <ele>2832.2</ele>
        <time>2026-08-16T11:26:31Z</time>
      </trkpt>
      <trkpt lat="44.695358" lon="6.989433">
        <ele>2832.2</ele>
        <time>2026-08-16T11:26:40Z</time>
      </trkpt>
      <trkpt lat="44.695377" lon="6.989453">
        <ele>2832.2</ele>
        <time>2026-08-16T11:26:52Z</time>
      </trkpt>
      <trkpt lat="44.69539" lon="6.989458">
        <ele>2832.2</ele>
        <time>2026-08-16T11:27:03Z</time>
      </trkpt>
      <trkpt lat="44.695365" lon="6.989452">
        <ele>2832.0</ele>
        <time>2026-08-16T11:27:11Z</time>
      </trkpt>
      <trkpt lat="44.69535" lon="6.98945">
        <ele>2832.2</ele>
        <time>2026-08-16T11:27:18Z</time>
      </trkpt>
      <trkpt lat="44.695356" lon="6.989439">
        <ele>2832.6</ele>
        <time>2026-08-16T11:27:25Z</time>
      </trkpt>
      <trkpt lat="44.695367" lon="6.989433">
        <ele>2832.8</ele>
        <time>2026-08-16T11:27:34Z</time>
      </trkpt>
      <trkpt lat="44.695357" lon="6.989432">
        <ele>2832.8</ele>
        <time>2026-08-16T11:27:37Z</time>
      </trkpt>
      <trkpt lat="44.695349" lon="6.989436">
        <ele>2832.8</ele>
        <time>2026-08-16T11:27:39Z</time>
      </trkpt>
      <trkpt lat="44.695336" lon="6.989442">
        <ele>2832.8</ele>
        <time>2026-08-16T11:27:46Z</time>
      </trkpt>
      <trkpt lat="44.69539" lon="6.989459">
        <ele>2833.0</ele>
        <time>2026-08-16T11:27:57Z</time>
      </trkpt>
      <trkpt lat="44.695349" lon="6.98944">
        <ele>2833.0</ele>
        <time>2026-08-16T11:28:05Z</time>
      </trkpt>
      <trkpt lat="44.695349" lon="6.989435">
        <ele>2833.2</ele>
        <time>2026-08-16T11:28:12Z</time>
      </trkpt>
      <trkpt lat="44.695347" lon="6.989428">
        <ele>2833.2</ele>
        <time>2026-08-16T11:28:15Z</time>
      </trkpt>
      <trkpt lat="44.695366" lon="6.989418">
        <ele>2833.2</ele>
        <time>2026-08-16T11:28:25Z</time>
      </trkpt>
      <trkpt lat="44.695351" lon="6.989417">
        <ele>2833.0</ele>
        <time>2026-08-16T11:28:33Z</time>
      </trkpt>
      <trkpt lat="44.695354" lon="6.989423">
        <ele>2833.0</ele>
        <time>2026-08-16T11:28:37Z</time>
      </trkpt>
      <trkpt lat="44.695361" lon="6.98943">
        <ele>2833.0</ele>
        <time>2026-08-16T11:28:43Z</time>
      </trkpt>
      <trkpt lat="44.695364" lon="6.98943">
        <ele>2833.0</ele>
        <time>2026-08-16T11:28:44Z</time>
      </trkpt>
      <trkpt lat="44.695356" lon="6.989412">
        <ele>2833.2</ele>
        <time>2026-08-16T11:28:50Z</time>
      </trkpt>
      <trkpt lat="44.695353" lon="6.989406">
        <ele>2833.0</ele>
        <time>2026-08-16T11:28:51Z</time>
      </trkpt>
      <trkpt lat="44.695327" lon="6.989408">
        <ele>2833.2</ele>
        <time>2026-08-16T11:29:01Z</time>
      </trkpt>
      <trkpt lat="44.695345" lon="6.989424">
        <ele>2833.2</ele>
        <time>2026-08-16T11:29:10Z</time>
      </trkpt>
      <trkpt lat="44.69536" lon="6.989449">
        <ele>2833.2</ele>
        <time>2026-08-16T11:29:20Z</time>
      </trkpt>
      <trkpt lat="44.695377" lon="6.989455">
        <ele>2833.2</ele>
        <time>2026-08-16T11:29:30Z</time>
      </trkpt>
      <trkpt lat="44.695364" lon="6.989439">
        <ele>2833.2</ele>
        <time>2026-08-16T11:29:38Z</time>
      </trkpt>
      <trkpt lat="44.695369" lon="6.989455">
        <ele>2833.4</ele>
        <time>2026-08-16T11:29:46Z</time>
      </trkpt>
      <trkpt lat="44.695372" lon="6.989454">
        <ele>2833.6</ele>
        <time>2026-08-16T11:29:51Z</time>
      </trkpt>
      <trkpt lat="44.695371" lon="6.989444">
        <ele>2833.4</ele>
        <time>2026-08-16T11:29:56Z</time>
      </trkpt>
      <trkpt lat="44.695363" lon="6.989437">
        <ele>2833.8</ele>
        <time>2026-08-16T11:30:06Z</time>
      </trkpt>
      <trkpt lat="44.695346" lon="6.98944">
        <ele>2833.8</ele>
        <time>2026-08-16T11:30:11Z</time>
      </trkpt>
      <trkpt lat="44.695341" lon="6.989442">
        <ele>2834.0</ele>
        <time>2026-08-16T11:30:13Z</time>
      </trkpt>
      <trkpt lat="44.695341" lon="6.989442">
        <ele>2834.0</ele>
        <time>2026-08-16T11:30:14Z</time>
      </trkpt>
      <trkpt lat="44.695344" lon="6.989442">
        <ele>2834.0</ele>
        <time>2026-08-16T11:30:15Z</time>
      </trkpt>
      <trkpt lat="44.695348" lon="6.989444">
        <ele>2834.0</ele>
        <time>2026-08-16T11:30:16Z</time>
      </trkpt>
      <trkpt lat="44.695355" lon="6.989444">
        <ele>2834.0</ele>
        <time>2026-08-16T11:30:18Z</time>
      </trkpt>
      <trkpt lat="44.69538" lon="6.989461">
        <ele>2834.0</ele>
        <time>2026-08-16T11:30:30Z</time>
      </trkpt>
      <trkpt lat="44.695374" lon="6.989477">
        <ele>2834.2</ele>
        <time>2026-08-16T11:30:35Z</time>
      </trkpt>
      <trkpt lat="44.695373" lon="6.989481">
        <ele>2834.2</ele>
        <time>2026-08-16T11:30:37Z</time>
      </trkpt>
      <trkpt lat="44.695388" lon="6.989487">
        <ele>2833.8</ele>
        <time>2026-08-16T11:30:41Z</time>
      </trkpt>
      <trkpt lat="44.695371" lon="6.989473">
        <ele>2833.6</ele>
        <time>2026-08-16T11:30:50Z</time>
      </trkpt>
      <trkpt lat="44.695378" lon="6.989455">
        <ele>2833.6</ele>
        <time>2026-08-16T11:31:01Z</time>
      </trkpt>
      <trkpt lat="44.695386" lon="6.989452">
        <ele>2833.4</ele>
        <time>2026-08-16T11:31:08Z</time>
      </trkpt>
      <trkpt lat="44.695338" lon="6.989407">
        <ele>2833.6</ele>
        <time>2026-08-16T11:31:21Z</time>
      </trkpt>
      <trkpt lat="44.695327" lon="6.989363">
        <ele>2833.6</ele>
        <time>2026-08-16T11:31:30Z</time>
      </trkpt>
      <trkpt lat="44.695347" lon="6.989416">
        <ele>2833.8</ele>
        <time>2026-08-16T11:31:40Z</time>
      </trkpt>
      <trkpt lat="44.695357" lon="6.989449">
        <ele>2833.6</ele>
        <time>2026-08-16T11:31:51Z</time>
      </trkpt>
      <trkpt lat="44.69536" lon="6.989449">
        <ele>2833.4</ele>
        <time>2026-08-16T11:32:09Z</time>
      </trkpt>
      <trkpt lat="44.695363" lon="6.989442">
        <ele>2833.4</ele>
        <time>2026-08-16T11:32:14Z</time>
      </trkpt>
      <trkpt lat="44.695368" lon="6.989456">
        <ele>2833.4</ele>
        <time>2026-08-16T11:32:20Z</time>
      </trkpt>
      <trkpt lat="44.695367" lon="6.989464">
        <ele>2833.4</ele>
        <time>2026-08-16T11:32:23Z</time>
      </trkpt>
      <trkpt lat="44.69536" lon="6.989453">
        <ele>2833.4</ele>
        <time>2026-08-16T11:32:29Z</time>
      </trkpt>
      <trkpt lat="44.695354" lon="6.989446">
        <ele>2833.4</ele>
        <time>2026-08-16T11:32:32Z</time>
      </trkpt>
      <trkpt lat="44.695329" lon="6.989425">
        <ele>2833.2</ele>
        <time>2026-08-16T11:32:44Z</time>
      </trkpt>
      <trkpt lat="44.695343" lon="6.989441">
        <ele>2833.2</ele>
        <time>2026-08-16T11:32:53Z</time>
      </trkpt>
      <trkpt lat="44.695361" lon="6.989474">
        <ele>2833.4</ele>
        <time>2026-08-16T11:33:05Z</time>
      </trkpt>
      <trkpt lat="44.69535" lon="6.98944">
        <ele>2833.4</ele>
        <time>2026-08-16T11:33:14Z</time>
      </trkpt>
      <trkpt lat="44.695338" lon="6.989394">
        <ele>2833.4</ele>
        <time>2026-08-16T11:33:23Z</time>
      </trkpt>
      <trkpt lat="44.695348" lon="6.989411">
        <ele>2833.6</ele>
        <time>2026-08-16T11:33:26Z</time>
      </trkpt>
      <trkpt lat="44.695354" lon="6.989419">
        <ele>2833.6</ele>
        <time>2026-08-16T11:33:27Z</time>
      </trkpt>
      <trkpt lat="44.695375" lon="6.989482">
        <ele>2833.6</ele>
        <time>2026-08-16T11:33:37Z</time>
      </trkpt>
      <trkpt lat="44.695349" lon="6.989438">
        <ele>2833.8</ele>
        <time>2026-08-16T11:33:46Z</time>
      </trkpt>
      <trkpt lat="44.695358" lon="6.989392">
        <ele>2834.0</ele>
        <time>2026-08-16T11:33:57Z</time>
      </trkpt>
      <trkpt lat="44.695362" lon="6.989451">
        <ele>2834.0</ele>
        <time>2026-08-16T11:34:04Z</time>
      </trkpt>
      <trkpt lat="44.695364" lon="6.989459">
        <ele>2834.0</ele>
        <time>2026-08-16T11:34:05Z</time>
      </trkpt>
      <trkpt lat="44.695366" lon="6.989465">
        <ele>2834.0</ele>
        <time>2026-08-16T11:34:06Z</time>
      </trkpt>
      <trkpt lat="44.69537" lon="6.989466">
        <ele>2834.0</ele>
        <time>2026-08-16T11:34:08Z</time>
      </trkpt>
      <trkpt lat="44.695374" lon="6.989466">
        <ele>2834.0</ele>
        <time>2026-08-16T11:34:11Z</time>
      </trkpt>
      <trkpt lat="44.695359" lon="6.989445">
        <ele>2834.0</ele>
        <time>2026-08-16T11:34:18Z</time>
      </trkpt>
      <trkpt lat="44.695355" lon="6.989428">
        <ele>2834.0</ele>
        <time>2026-08-16T11:34:21Z</time>
      </trkpt>
      <trkpt lat="44.695359" lon="6.989402">
        <ele>2833.8</ele>
        <time>2026-08-16T11:34:30Z</time>
      </trkpt>
      <trkpt lat="44.695376" lon="6.989438">
        <ele>2833.8</ele>
        <time>2026-08-16T11:34:38Z</time>
      </trkpt>
      <trkpt lat="44.695396" lon="6.989448">
        <ele>2834.2</ele>
        <time>2026-08-16T11:34:45Z</time>
      </trkpt>
      <trkpt lat="44.695355" lon="6.989459">
        <ele>2834.2</ele>
        <time>2026-08-16T11:34:56Z</time>
      </trkpt>
      <trkpt lat="44.69534" lon="6.989439">
        <ele>2833.6</ele>
        <time>2026-08-16T11:35:04Z</time>
      </trkpt>
      <trkpt lat="44.695363" lon="6.989453">
        <ele>2834.2</ele>
        <time>2026-08-16T11:35:14Z</time>
      </trkpt>
      <trkpt lat="44.695384" lon="6.989471">
        <ele>2834.4</ele>
        <time>2026-08-16T11:35:30Z</time>
      </trkpt>
      <trkpt lat="44.695383" lon="6.989466">
        <ele>2834.4</ele>
        <time>2026-08-16T11:35:38Z</time>
      </trkpt>
      <trkpt lat="44.695369" lon="6.989443">
        <ele>2834.2</ele>
        <time>2026-08-16T11:36:09Z</time>
      </trkpt>
      <trkpt lat="44.695363" lon="6.989461">
        <ele>2834.2</ele>
        <time>2026-08-16T11:36:29Z</time>
      </trkpt>
      <trkpt lat="44.695389" lon="6.989482">
        <ele>2834.0</ele>
        <time>2026-08-16T11:36:37Z</time>
      </trkpt>
      <trkpt lat="44.695358" lon="6.989452">
        <ele>2834.2</ele>
        <time>2026-08-16T11:36:46Z</time>
      </trkpt>
      <trkpt lat="44.695364" lon="6.989443">
        <ele>2834.6</ele>
        <time>2026-08-16T11:36:57Z</time>
      </trkpt>
      <trkpt lat="44.695353" lon="6.989442">
        <ele>2834.2</ele>
        <time>2026-08-16T11:37:02Z</time>
      </trkpt>
      <trkpt lat="44.695354" lon="6.98944">
        <ele>2834.2</ele>
        <time>2026-08-16T11:37:03Z</time>
      </trkpt>
      <trkpt lat="44.695356" lon="6.989439">
        <ele>2834.2</ele>
        <time>2026-08-16T11:37:04Z</time>
      </trkpt>
      <trkpt lat="44.69536" lon="6.98944">
        <ele>2834.2</ele>
        <time>2026-08-16T11:37:05Z</time>
      </trkpt>
      <trkpt lat="44.695363" lon="6.989444">
        <ele>2834.6</ele>
        <time>2026-08-16T11:37:07Z</time>
      </trkpt>
      <trkpt lat="44.695391" lon="6.989479">
        <ele>2834.6</ele>
        <time>2026-08-16T11:37:17Z</time>
      </trkpt>
      <trkpt lat="44.695389" lon="6.989482">
        <ele>2834.8</ele>
        <time>2026-08-16T11:37:18Z</time>
      </trkpt>
      <trkpt lat="44.695386" lon="6.989482">
        <ele>2834.8</ele>
        <time>2026-08-16T11:37:19Z</time>
      </trkpt>
      <trkpt lat="44.69537" lon="6.989466">
        <ele>2834.2</ele>
        <time>2026-08-16T11:37:26Z</time>
      </trkpt>
      <trkpt lat="44.695375" lon="6.989431">
        <ele>2834.6</ele>
        <time>2026-08-16T11:37:37Z</time>
      </trkpt>
      <trkpt lat="44.695398" lon="6.989449">
        <ele>2834.4</ele>
        <time>2026-08-16T11:37:50Z</time>
      </trkpt>
      <trkpt lat="44.695368" lon="6.989438">
        <ele>2834.4</ele>
        <time>2026-08-16T11:37:59Z</time>
      </trkpt>
      <trkpt lat="44.695348" lon="6.989391">
        <ele>2834.6</ele>
        <time>2026-08-16T11:38:08Z</time>
      </trkpt>
      <trkpt lat="44.695372" lon="6.989411">
        <ele>2834.8</ele>
        <time>2026-08-16T11:38:16Z</time>
      </trkpt>
      <trkpt lat="44.695325" lon="6.989398">
        <ele>2834.8</ele>
        <time>2026-08-16T11:38:25Z</time>
      </trkpt>
      <trkpt lat="44.695337" lon="6.989408">
        <ele>2834.6</ele>
        <time>2026-08-16T11:38:34Z</time>
      </trkpt>
      <trkpt lat="44.695358" lon="6.989463">
        <ele>2834.8</ele>
        <time>2026-08-16T11:38:41Z</time>
      </trkpt>
      <trkpt lat="44.69537" lon="6.989462">
        <ele>2834.6</ele>
        <time>2026-08-16T11:38:50Z</time>
      </trkpt>
      <trkpt lat="44.69534" lon="6.989389">
        <ele>2834.8</ele>
        <time>2026-08-16T11:38:58Z</time>
      </trkpt>
      <trkpt lat="44.695345" lon="6.989402">
        <ele>2834.8</ele>
        <time>2026-08-16T11:39:06Z</time>
      </trkpt>
      <trkpt lat="44.695379" lon="6.989423">
        <ele>2834.8</ele>
        <time>2026-08-16T11:39:13Z</time>
      </trkpt>
      <trkpt lat="44.695386" lon="6.989427">
        <ele>2834.8</ele>
        <time>2026-08-16T11:39:17Z</time>
      </trkpt>
      <trkpt lat="44.69538" lon="6.989431">
        <ele>2834.8</ele>
        <time>2026-08-16T11:39:20Z</time>
      </trkpt>
      <trkpt lat="44.6953" lon="6.989457">
        <ele>2837.6</ele>
        <time>2026-08-16T11:56:30Z</time>
      </trkpt>
      <trkpt lat="44.695292" lon="6.989462">
        <ele>2837.6</ele>
        <time>2026-08-16T11:56:31Z</time>
      </trkpt>
      <trkpt lat="44.695284" lon="6.989468">
        <ele>2837.8</ele>
        <time>2026-08-16T11:56:32Z</time>
      </trkpt>
      <trkpt lat="44.695264" lon="6.989495">
        <ele>2838.6</ele>
        <time>2026-08-16T11:56:36Z</time>
      </trkpt>
      <trkpt lat="44.695239" lon="6.989525">
        <ele>2839.6</ele>
        <time>2026-08-16T11:56:39Z</time>
      </trkpt>
      <trkpt lat="44.695231" lon="6.989536">
        <ele>2839.8</ele>
        <time>2026-08-16T11:56:40Z</time>
      </trkpt>
      <trkpt lat="44.695228" lon="6.98958">
        <ele>2840.8</ele>
        <time>2026-08-16T11:56:45Z</time>
      </trkpt>
      <trkpt lat="44.695231" lon="6.989603">
        <ele>2841.2</ele>
        <time>2026-08-16T11:56:47Z</time>
      </trkpt>
      <trkpt lat="44.695235" lon="6.989646">
        <ele>2841.8</ele>
        <time>2026-08-16T11:56:50Z</time>
      </trkpt>
      <trkpt lat="44.695256" lon="6.989726">
        <ele>2842.8</ele>
        <time>2026-08-16T11:56:56Z</time>
      </trkpt>
      <trkpt lat="44.69526" lon="6.989743">
        <ele>2843.0</ele>
        <time>2026-08-16T11:56:57Z</time>
      </trkpt>
      <trkpt lat="44.695275" lon="6.989819">
        <ele>2843.4</ele>
        <time>2026-08-16T11:57:01Z</time>
      </trkpt>
      <trkpt lat="44.695294" lon="6.989902">
        <ele>2843.8</ele>
        <time>2026-08-16T11:57:06Z</time>
      </trkpt>
      <trkpt lat="44.695302" lon="6.989969">
        <ele>2844.0</ele>
        <time>2026-08-16T11:57:10Z</time>
      </trkpt>
      <trkpt lat="44.695305" lon="6.989993">
        <ele>2844.2</ele>
        <time>2026-08-16T11:57:13Z</time>
      </trkpt>
      <trkpt lat="44.695295" lon="6.990093">
        <ele>2845.0</ele>
        <time>2026-08-16T11:57:19Z</time>
      </trkpt>
      <trkpt lat="44.695266" lon="6.990165">
        <ele>2846.0</ele>
        <time>2026-08-16T11:57:24Z</time>
      </trkpt>
      <trkpt lat="44.695262" lon="6.990202">
        <ele>2846.6</ele>
        <time>2026-08-16T11:57:26Z</time>
      </trkpt>
      <trkpt lat="44.695274" lon="6.990337">
        <ele>2846.0</ele>
        <time>2026-08-16T11:57:34Z</time>
      </trkpt>
      <trkpt lat="44.695291" lon="6.990391">
        <ele>2846.2</ele>
        <time>2026-08-16T11:57:37Z</time>
      </trkpt>
      <trkpt lat="44.695297" lon="6.990408">
        <ele>2846.2</ele>
        <time>2026-08-16T11:57:38Z</time>
      </trkpt>
      <trkpt lat="44.695313" lon="6.990453">
        <ele>2846.4</ele>
        <time>2026-08-16T11:57:40Z</time>
      </trkpt>
      <trkpt lat="44.695331" lon="6.99051">
        <ele>2846.2</ele>
        <time>2026-08-16T11:57:43Z</time>
      </trkpt>
      <trkpt lat="44.695312" lon="6.99063">
        <ele>2846.2</ele>
        <time>2026-08-16T11:57:51Z</time>
      </trkpt>
      <trkpt lat="44.695315" lon="6.990785">
        <ele>2846.2</ele>
        <time>2026-08-16T11:58:00Z</time>
      </trkpt>
      <trkpt lat="44.695334" lon="6.990832">
        <ele>2846.2</ele>
        <time>2026-08-16T11:58:03Z</time>
      </trkpt>
      <trkpt lat="44.695338" lon="6.990937">
        <ele>2846.6</ele>
        <time>2026-08-16T11:58:10Z</time>
      </trkpt>
      <trkpt lat="44.69532" lon="6.991004">
        <ele>2847.2</ele>
        <time>2026-08-16T11:58:15Z</time>
      </trkpt>
      <trkpt lat="44.695316" lon="6.991043">
        <ele>2847.6</ele>
        <time>2026-08-16T11:58:17Z</time>
      </trkpt>
      <trkpt lat="44.695276" lon="6.99114">
        <ele>2847.8</ele>
        <time>2026-08-16T11:58:25Z</time>
      </trkpt>
      <trkpt lat="44.695266" lon="6.99115">
        <ele>2848.2</ele>
        <time>2026-08-16T11:58:27Z</time>
      </trkpt>
      <trkpt lat="44.69525" lon="6.991184">
        <ele>2849.4</ele>
        <time>2026-08-16T11:58:31Z</time>
      </trkpt>
      <trkpt lat="44.695242" lon="6.991238">
        <ele>2849.6</ele>
        <time>2026-08-16T11:58:34Z</time>
      </trkpt>
      <trkpt lat="44.695239" lon="6.991323">
        <ele>2848.2</ele>
        <time>2026-08-16T11:58:38Z</time>
      </trkpt>
      <trkpt lat="44.695239" lon="6.991399">
        <ele>2847.0</ele>
        <time>2026-08-16T11:58:42Z</time>
      </trkpt>
      <trkpt lat="44.695235" lon="6.991468">
        <ele>2846.0</ele>
        <time>2026-08-16T11:58:45Z</time>
      </trkpt>
      <trkpt lat="44.69525" lon="6.991611">
        <ele>2845.0</ele>
        <time>2026-08-16T11:58:53Z</time>
      </trkpt>
      <trkpt lat="44.695279" lon="6.991742">
        <ele>2845.0</ele>
        <time>2026-08-16T11:59:01Z</time>
      </trkpt>
      <trkpt lat="44.695267" lon="6.991892">
        <ele>2844.4</ele>
        <time>2026-08-16T11:59:11Z</time>
      </trkpt>
      <trkpt lat="44.695275" lon="6.991916">
        <ele>2844.0</ele>
        <time>2026-08-16T11:59:13Z</time>
      </trkpt>
      <trkpt lat="44.695309" lon="6.992014">
        <ele>2844.2</ele>
        <time>2026-08-16T11:59:19Z</time>
      </trkpt>
      <trkpt lat="44.695328" lon="6.992086">
        <ele>2845.2</ele>
        <time>2026-08-16T11:59:24Z</time>
      </trkpt>
      <trkpt lat="44.695322" lon="6.992115">
        <ele>2846.2</ele>
        <time>2026-08-16T11:59:27Z</time>
      </trkpt>
      <trkpt lat="44.695318" lon="6.992134">
        <ele>2846.4</ele>
        <time>2026-08-16T11:59:28Z</time>
      </trkpt>
      <trkpt lat="44.695289" lon="6.99222">
        <ele>2847.2</ele>
        <time>2026-08-16T11:59:34Z</time>
      </trkpt>
      <trkpt lat="44.695281" lon="6.992255">
        <ele>2847.6</ele>
        <time>2026-08-16T11:59:36Z</time>
      </trkpt>
      <trkpt lat="44.695289" lon="6.992332">
        <ele>2848.2</ele>
        <time>2026-08-16T11:59:42Z</time>
      </trkpt>
      <trkpt lat="44.695294" lon="6.99236">
        <ele>2848.6</ele>
        <time>2026-08-16T11:59:44Z</time>
      </trkpt>
      <trkpt lat="44.695332" lon="6.992436">
        <ele>2850.0</ele>
        <time>2026-08-16T11:59:50Z</time>
      </trkpt>
      <trkpt lat="44.69537" lon="6.992476">
        <ele>2851.0</ele>
        <time>2026-08-16T11:59:55Z</time>
      </trkpt>
      <trkpt lat="44.69541" lon="6.992479">
        <ele>2852.0</ele>
        <time>2026-08-16T11:59:59Z</time>
      </trkpt>
      <trkpt lat="44.69542" lon="6.992482">
        <ele>2852.2</ele>
        <time>2026-08-16T12:00:00Z</time>
      </trkpt>
      <trkpt lat="44.69546" lon="6.992506">
        <ele>2853.0</ele>
        <time>2026-08-16T12:00:04Z</time>
      </trkpt>
      <trkpt lat="44.695469" lon="6.992517">
        <ele>2853.4</ele>
        <time>2026-08-16T12:00:05Z</time>
      </trkpt>
      <trkpt lat="44.695488" lon="6.992542">
        <ele>2854.0</ele>
        <time>2026-08-16T12:00:07Z</time>
      </trkpt>
      <trkpt lat="44.695496" lon="6.992557">
        <ele>2854.4</ele>
        <time>2026-08-16T12:00:09Z</time>
      </trkpt>
      <trkpt lat="44.695513" lon="6.992603">
        <ele>2855.6</ele>
        <time>2026-08-16T12:00:13Z</time>
      </trkpt>
      <trkpt lat="44.695509" lon="6.99262">
        <ele>2856.0</ele>
        <time>2026-08-16T12:00:15Z</time>
      </trkpt>
      <trkpt lat="44.695483" lon="6.992667">
        <ele>2856.6</ele>
        <time>2026-08-16T12:00:19Z</time>
      </trkpt>
      <trkpt lat="44.695468" lon="6.992714">
        <ele>2857.2</ele>
        <time>2026-08-16T12:00:22Z</time>
      </trkpt>
      <trkpt lat="44.695461" lon="6.992786">
        <ele>2857.8</ele>
        <time>2026-08-16T12:00:27Z</time>
      </trkpt>
      <trkpt lat="44.695459" lon="6.992829">
        <ele>2858.4</ele>
        <time>2026-08-16T12:00:30Z</time>
      </trkpt>
      <trkpt lat="44.695487" lon="6.993019">
        <ele>2858.0</ele>
        <time>2026-08-16T12:00:40Z</time>
      </trkpt>
      <trkpt lat="44.695502" lon="6.993142">
        <ele>2858.6</ele>
        <time>2026-08-16T12:00:47Z</time>
      </trkpt>
      <trkpt lat="44.695518" lon="6.99321">
        <ele>2858.8</ele>
        <time>2026-08-16T12:00:52Z</time>
      </trkpt>
      <trkpt lat="44.695529" lon="6.99323">
        <ele>2859.2</ele>
        <time>2026-08-16T12:00:54Z</time>
      </trkpt>
      <trkpt lat="44.695566" lon="6.993266">
        <ele>2860.0</ele>
        <time>2026-08-16T12:00:59Z</time>
      </trkpt>
      <trkpt lat="44.695606" lon="6.993309">
        <ele>2860.0</ele>
        <time>2026-08-16T12:01:02Z</time>
      </trkpt>
      <trkpt lat="44.695682" lon="6.993418">
        <ele>2859.2</ele>
        <time>2026-08-16T12:01:10Z</time>
      </trkpt>
      <trkpt lat="44.695737" lon="6.993475">
        <ele>2860.2</ele>
        <time>2026-08-16T12:01:17Z</time>
      </trkpt>
      <trkpt lat="44.695856" lon="6.99357">
        <ele>2861.0</ele>
        <time>2026-08-16T12:01:26Z</time>
      </trkpt>
      <trkpt lat="44.695869" lon="6.993582">
        <ele>2861.0</ele>
        <time>2026-08-16T12:01:27Z</time>
      </trkpt>
      <trkpt lat="44.695886" lon="6.99361">
        <ele>2861.2</ele>
        <time>2026-08-16T12:01:29Z</time>
      </trkpt>
      <trkpt lat="44.695893" lon="6.993625">
        <ele>2861.0</ele>
        <time>2026-08-16T12:01:30Z</time>
      </trkpt>
      <trkpt lat="44.695902" lon="6.993644">
        <ele>2861.0</ele>
        <time>2026-08-16T12:01:31Z</time>
      </trkpt>
      <trkpt lat="44.69593" lon="6.99373">
        <ele>2860.2</ele>
        <time>2026-08-16T12:01:35Z</time>
      </trkpt>
      <trkpt lat="44.695941" lon="6.993775">
        <ele>2860.0</ele>
        <time>2026-08-16T12:01:37Z</time>
      </trkpt>
      <trkpt lat="44.695946" lon="6.993822">
        <ele>2859.8</ele>
        <time>2026-08-16T12:01:41Z</time>
      </trkpt>
      <trkpt lat="44.695963" lon="6.993951">
        <ele>2860.6</ele>
        <time>2026-08-16T12:01:49Z</time>
      </trkpt>
      <trkpt lat="44.696017" lon="6.994104">
        <ele>2859.8</ele>
        <time>2026-08-16T12:01:58Z</time>
      </trkpt>
      <trkpt lat="44.696043" lon="6.994162">
        <ele>2858.8</ele>
        <time>2026-08-16T12:02:02Z</time>
      </trkpt>
      <trkpt lat="44.69607" lon="6.994202">
        <ele>2858.2</ele>
        <time>2026-08-16T12:02:07Z</time>
      </trkpt>
      <trkpt lat="44.696092" lon="6.994221">
        <ele>2857.8</ele>
        <time>2026-08-16T12:02:12Z</time>
      </trkpt>
      <trkpt lat="44.696085" lon="6.99421">
        <ele>2857.8</ele>
        <time>2026-08-16T12:02:15Z</time>
      </trkpt>
      <trkpt lat="44.696097" lon="6.994198">
        <ele>2857.8</ele>
        <time>2026-08-16T12:02:18Z</time>
      </trkpt>
      <trkpt lat="44.696149" lon="6.994221">
        <ele>2857.6</ele>
        <time>2026-08-16T12:02:22Z</time>
      </trkpt>
      <trkpt lat="44.696222" lon="6.994278">
        <ele>2856.6</ele>
        <time>2026-08-16T12:02:27Z</time>
      </trkpt>
      <trkpt lat="44.696248" lon="6.994297">
        <ele>2855.8</ele>
        <time>2026-08-16T12:02:30Z</time>
      </trkpt>
      <trkpt lat="44.69626" lon="6.994303">
        <ele>2855.4</ele>
        <time>2026-08-16T12:02:31Z</time>
      </trkpt>
      <trkpt lat="44.696311" lon="6.994335">
        <ele>2854.6</ele>
        <time>2026-08-16T12:02:35Z</time>
      </trkpt>
      <trkpt lat="44.696321" lon="6.994338">
        <ele>2854.4</ele>
        <time>2026-08-16T12:02:36Z</time>
      </trkpt>
      <trkpt lat="44.696334" lon="6.994342">
        <ele>2854.2</ele>
        <time>2026-08-16T12:02:37Z</time>
      </trkpt>
      <trkpt lat="44.69635" lon="6.994345">
        <ele>2854.0</ele>
        <time>2026-08-16T12:02:38Z</time>
      </trkpt>
      <trkpt lat="44.696399" lon="6.99436">
        <ele>2853.2</ele>
        <time>2026-08-16T12:02:42Z</time>
      </trkpt>
      <trkpt lat="44.696439" lon="6.994377">
        <ele>2852.8</ele>
        <time>2026-08-16T12:02:45Z</time>
      </trkpt>
      <trkpt lat="44.696479" lon="6.994395">
        <ele>2852.0</ele>
        <time>2026-08-16T12:02:48Z</time>
      </trkpt>
      <trkpt lat="44.69656" lon="6.994459">
        <ele>2851.0</ele>
        <time>2026-08-16T12:02:54Z</time>
      </trkpt>
      <trkpt lat="44.696569" lon="6.994468">
        <ele>2851.0</ele>
        <time>2026-08-16T12:02:55Z</time>
      </trkpt>
      <trkpt lat="44.696586" lon="6.994563">
        <ele>2850.6</ele>
        <time>2026-08-16T12:03:03Z</time>
      </trkpt>
      <trkpt lat="44.696614" lon="6.994651">
        <ele>2851.4</ele>
        <time>2026-08-16T12:03:10Z</time>
      </trkpt>
      <trkpt lat="44.696645" lon="6.994717">
        <ele>2852.2</ele>
        <time>2026-08-16T12:03:14Z</time>
      </trkpt>
      <trkpt lat="44.696665" lon="6.994764">
        <ele>2852.8</ele>
        <time>2026-08-16T12:03:17Z</time>
      </trkpt>
      <trkpt lat="44.696667" lon="6.99479">
        <ele>2853.2</ele>
        <time>2026-08-16T12:03:20Z</time>
      </trkpt>
      <trkpt lat="44.696668" lon="6.994811">
        <ele>2853.6</ele>
        <time>2026-08-16T12:03:23Z</time>
      </trkpt>
      <trkpt lat="44.696678" lon="6.994824">
        <ele>2854.2</ele>
        <time>2026-08-16T12:03:26Z</time>
      </trkpt>
      <trkpt lat="44.69668" lon="6.994864">
        <ele>2854.8</ele>
        <time>2026-08-16T12:03:29Z</time>
      </trkpt>
      <trkpt lat="44.696677" lon="6.994885">
        <ele>2855.2</ele>
        <time>2026-08-16T12:03:31Z</time>
      </trkpt>
      <trkpt lat="44.696664" lon="6.994935">
        <ele>2856.0</ele>
        <time>2026-08-16T12:03:35Z</time>
      </trkpt>
      <trkpt lat="44.696659" lon="6.994946">
        <ele>2856.4</ele>
        <time>2026-08-16T12:03:37Z</time>
      </trkpt>
      <trkpt lat="44.696676" lon="6.994976">
        <ele>2857.4</ele>
        <time>2026-08-16T12:03:42Z</time>
      </trkpt>
      <trkpt lat="44.696705" lon="6.995032">
        <ele>2858.6</ele>
        <time>2026-08-16T12:03:47Z</time>
      </trkpt>
      <trkpt lat="44.696718" lon="6.995059">
        <ele>2858.8</ele>
        <time>2026-08-16T12:03:49Z</time>
      </trkpt>
      <trkpt lat="44.696773" lon="6.995171">
        <ele>2857.6</ele>
        <time>2026-08-16T12:03:58Z</time>
      </trkpt>
      <trkpt lat="44.696855" lon="6.995282">
        <ele>2857.8</ele>
        <time>2026-08-16T12:04:06Z</time>
      </trkpt>
      <trkpt lat="44.696909" lon="6.995336">
        <ele>2858.2</ele>
        <time>2026-08-16T12:04:12Z</time>
      </trkpt>
      <trkpt lat="44.696953" lon="6.995372">
        <ele>2859.6</ele>
        <time>2026-08-16T12:04:17Z</time>
      </trkpt>
      <trkpt lat="44.696967" lon="6.995388">
        <ele>2860.2</ele>
        <time>2026-08-16T12:04:20Z</time>
      </trkpt>
      <trkpt lat="44.696971" lon="6.995483">
        <ele>2860.4</ele>
        <time>2026-08-16T12:04:27Z</time>
      </trkpt>
      <trkpt lat="44.696974" lon="6.995512">
        <ele>2860.8</ele>
        <time>2026-08-16T12:04:29Z</time>
      </trkpt>
      <trkpt lat="44.697012" lon="6.995596">
        <ele>2860.8</ele>
        <time>2026-08-16T12:04:35Z</time>
      </trkpt>
      <trkpt lat="44.697049" lon="6.995639">
        <ele>2861.6</ele>
        <time>2026-08-16T12:04:42Z</time>
      </trkpt>
      <trkpt lat="44.697053" lon="6.995645">
        <ele>2862.0</ele>
        <time>2026-08-16T12:04:43Z</time>
      </trkpt>
      <trkpt lat="44.697049" lon="6.995668">
        <ele>2863.0</ele>
        <time>2026-08-16T12:04:47Z</time>
      </trkpt>
      <trkpt lat="44.697049" lon="6.995696">
        <ele>2863.8</ele>
        <time>2026-08-16T12:04:50Z</time>
      </trkpt>
      <trkpt lat="44.697047" lon="6.995714">
        <ele>2864.2</ele>
        <time>2026-08-16T12:04:52Z</time>
      </trkpt>
      <trkpt lat="44.697073" lon="6.995718">
        <ele>2865.4</ele>
        <time>2026-08-16T12:04:57Z</time>
      </trkpt>
      <trkpt lat="44.697077" lon="6.99579">
        <ele>2866.4</ele>
        <time>2026-08-16T12:05:03Z</time>
      </trkpt>
      <trkpt lat="44.697074" lon="6.995793">
        <ele>2867.0</ele>
        <time>2026-08-16T12:05:06Z</time>
      </trkpt>
      <trkpt lat="44.697074" lon="6.995823">
        <ele>2867.4</ele>
        <time>2026-08-16T12:05:08Z</time>
      </trkpt>
      <trkpt lat="44.697069" lon="6.995885">
        <ele>2868.2</ele>
        <time>2026-08-16T12:05:12Z</time>
      </trkpt>
      <trkpt lat="44.697068" lon="6.995895">
        <ele>2868.6</ele>
        <time>2026-08-16T12:05:13Z</time>
      </trkpt>
      <trkpt lat="44.697083" lon="6.995945">
        <ele>2869.6</ele>
        <time>2026-08-16T12:05:18Z</time>
      </trkpt>
      <trkpt lat="44.697089" lon="6.995963">
        <ele>2869.8</ele>
        <time>2026-08-16T12:05:19Z</time>
      </trkpt>
      <trkpt lat="44.697128" lon="6.996087">
        <ele>2869.0</ele>
        <time>2026-08-16T12:05:27Z</time>
      </trkpt>
      <trkpt lat="44.697135" lon="6.996161">
        <ele>2868.4</ele>
        <time>2026-08-16T12:05:31Z</time>
      </trkpt>
      <trkpt lat="44.697139" lon="6.99623">
        <ele>2868.0</ele>
        <time>2026-08-16T12:05:35Z</time>
      </trkpt>
      <trkpt lat="44.697148" lon="6.996252">
        <ele>2868.0</ele>
        <time>2026-08-16T12:05:38Z</time>
      </trkpt>
      <trkpt lat="44.697154" lon="6.99626">
        <ele>2868.0</ele>
        <time>2026-08-16T12:05:40Z</time>
      </trkpt>
      <trkpt lat="44.697158" lon="6.99626">
        <ele>2868.0</ele>
        <time>2026-08-16T12:05:41Z</time>
      </trkpt>
      <trkpt lat="44.697192" lon="6.996355">
        <ele>2869.6</ele>
        <time>2026-08-16T12:05:49Z</time>
      </trkpt>
      <trkpt lat="44.697185" lon="6.996403">
        <ele>2870.8</ele>
        <time>2026-08-16T12:05:55Z</time>
      </trkpt>
      <trkpt lat="44.697176" lon="6.996433">
        <ele>2871.4</ele>
        <time>2026-08-16T12:05:58Z</time>
      </trkpt>
      <trkpt lat="44.697175" lon="6.996462">
        <ele>2871.8</ele>
        <time>2026-08-16T12:06:01Z</time>
      </trkpt>
      <trkpt lat="44.697175" lon="6.996524">
        <ele>2873.0</ele>
        <time>2026-08-16T12:06:06Z</time>
      </trkpt>
      <trkpt lat="44.697164" lon="6.996529">
        <ele>2874.0</ele>
        <time>2026-08-16T12:06:11Z</time>
      </trkpt>
      <trkpt lat="44.697164" lon="6.996532">
        <ele>2874.4</ele>
        <time>2026-08-16T12:06:13Z</time>
      </trkpt>
      <trkpt lat="44.697156" lon="6.996555">
        <ele>2875.2</ele>
        <time>2026-08-16T12:06:17Z</time>
      </trkpt>
      <trkpt lat="44.697141" lon="6.99657">
        <ele>2876.2</ele>
        <time>2026-08-16T12:06:23Z</time>
      </trkpt>
      <trkpt lat="44.697125" lon="6.996583">
        <ele>2877.0</ele>
        <time>2026-08-16T12:06:28Z</time>
      </trkpt>
      <trkpt lat="44.697127" lon="6.996588">
        <ele>2877.2</ele>
        <time>2026-08-16T12:06:29Z</time>
      </trkpt>
      <trkpt lat="44.697171" lon="6.996634">
        <ele>2878.4</ele>
        <time>2026-08-16T12:06:34Z</time>
      </trkpt>
      <trkpt lat="44.697178" lon="6.996647">
        <ele>2878.8</ele>
        <time>2026-08-16T12:06:35Z</time>
      </trkpt>
      <trkpt lat="44.697189" lon="6.996687">
        <ele>2879.6</ele>
        <time>2026-08-16T12:06:40Z</time>
      </trkpt>
      <trkpt lat="44.697191" lon="6.996717">
        <ele>2880.2</ele>
        <time>2026-08-16T12:06:43Z</time>
      </trkpt>
      <trkpt lat="44.697203" lon="6.996787">
        <ele>2879.8</ele>
        <time>2026-08-16T12:06:49Z</time>
      </trkpt>
      <trkpt lat="44.697259" lon="6.996832">
        <ele>2880.6</ele>
        <time>2026-08-16T12:06:56Z</time>
      </trkpt>
      <trkpt lat="44.697273" lon="6.996865">
        <ele>2880.6</ele>
        <time>2026-08-16T12:07:00Z</time>
      </trkpt>
      <trkpt lat="44.697272" lon="6.99688">
        <ele>2881.4</ele>
        <time>2026-08-16T12:07:04Z</time>
      </trkpt>
      <trkpt lat="44.697275" lon="6.996876">
        <ele>2881.8</ele>
        <time>2026-08-16T12:07:06Z</time>
      </trkpt>
      <trkpt lat="44.697283" lon="6.99689">
        <ele>2882.2</ele>
        <time>2026-08-16T12:07:08Z</time>
      </trkpt>
      <trkpt lat="44.697294" lon="6.99691">
        <ele>2882.8</ele>
        <time>2026-08-16T12:07:11Z</time>
      </trkpt>
      <trkpt lat="44.697314" lon="6.996941">
        <ele>2883.8</ele>
        <time>2026-08-16T12:07:16Z</time>
      </trkpt>
      <trkpt lat="44.697323" lon="6.996974">
        <ele>2884.4</ele>
        <time>2026-08-16T12:07:18Z</time>
      </trkpt>
      <trkpt lat="44.697328" lon="6.997003">
        <ele>2885.0</ele>
        <time>2026-08-16T12:07:20Z</time>
      </trkpt>
      <trkpt lat="44.697334" lon="6.997035">
        <ele>2885.8</ele>
        <time>2026-08-16T12:07:24Z</time>
      </trkpt>
      <trkpt lat="44.697342" lon="6.997055">
        <ele>2886.0</ele>
        <time>2026-08-16T12:07:26Z</time>
      </trkpt>
      <trkpt lat="44.697369" lon="6.997164">
        <ele>2885.2</ele>
        <time>2026-08-16T12:07:32Z</time>
      </trkpt>
      <trkpt lat="44.697368" lon="6.997178">
        <ele>2885.8</ele>
        <time>2026-08-16T12:07:37Z</time>
      </trkpt>
      <trkpt lat="44.697428" lon="6.997205">
        <ele>2887.0</ele>
        <time>2026-08-16T12:07:44Z</time>
      </trkpt>
      <trkpt lat="44.697474" lon="6.997272">
        <ele>2886.4</ele>
        <time>2026-08-16T12:07:50Z</time>
      </trkpt>
      <trkpt lat="44.697499" lon="6.997356">
        <ele>2887.2</ele>
        <time>2026-08-16T12:07:57Z</time>
      </trkpt>
      <trkpt lat="44.697507" lon="6.997366">
        <ele>2887.2</ele>
        <time>2026-08-16T12:07:58Z</time>
      </trkpt>
      <trkpt lat="44.697573" lon="6.997384">
        <ele>2888.4</ele>
        <time>2026-08-16T12:08:06Z</time>
      </trkpt>
      <trkpt lat="44.69758" lon="6.997388">
        <ele>2888.6</ele>
        <time>2026-08-16T12:08:07Z</time>
      </trkpt>
      <trkpt lat="44.697587" lon="6.997408">
        <ele>2889.6</ele>
        <time>2026-08-16T12:08:11Z</time>
      </trkpt>
      <trkpt lat="44.697607" lon="6.997428">
        <ele>2890.4</ele>
        <time>2026-08-16T12:08:14Z</time>
      </trkpt>
      <trkpt lat="44.697616" lon="6.997437">
        <ele>2890.6</ele>
        <time>2026-08-16T12:08:15Z</time>
      </trkpt>
      <trkpt lat="44.697658" lon="6.997485">
        <ele>2891.8</ele>
        <time>2026-08-16T12:08:21Z</time>
      </trkpt>
      <trkpt lat="44.697658" lon="6.997504">
        <ele>2892.4</ele>
        <time>2026-08-16T12:08:24Z</time>
      </trkpt>
      <trkpt lat="44.697636" lon="6.997533">
        <ele>2892.8</ele>
        <time>2026-08-16T12:08:29Z</time>
      </trkpt>
      <trkpt lat="44.697638" lon="6.99753">
        <ele>2893.0</ele>
        <time>2026-08-16T12:08:30Z</time>
      </trkpt>
      <trkpt lat="44.697664" lon="6.997507">
        <ele>2894.0</ele>
        <time>2026-08-16T12:08:36Z</time>
      </trkpt>
      <trkpt lat="44.697665" lon="6.997532">
        <ele>2894.6</ele>
        <time>2026-08-16T12:08:42Z</time>
      </trkpt>
      <trkpt lat="44.697656" lon="6.997551">
        <ele>2895.0</ele>
        <time>2026-08-16T12:08:44Z</time>
      </trkpt>
      <trkpt lat="44.697657" lon="6.997557">
        <ele>2895.8</ele>
        <time>2026-08-16T12:08:49Z</time>
      </trkpt>
      <trkpt lat="44.697676" lon="6.997553">
        <ele>2896.0</ele>
        <time>2026-08-16T12:08:51Z</time>
      </trkpt>
      <trkpt lat="44.69773" lon="6.997553">
        <ele>2897.0</ele>
        <time>2026-08-16T12:08:56Z</time>
      </trkpt>
      <trkpt lat="44.697745" lon="6.997559">
        <ele>2897.2</ele>
        <time>2026-08-16T12:08:57Z</time>
      </trkpt>
      <trkpt lat="44.697778" lon="6.997614">
        <ele>2896.6</ele>
        <time>2026-08-16T12:09:03Z</time>
      </trkpt>
      <trkpt lat="44.697818" lon="6.997685">
        <ele>2898.2</ele>
        <time>2026-08-16T12:09:10Z</time>
      </trkpt>
      <trkpt lat="44.697837" lon="6.99771">
        <ele>2899.4</ele>
        <time>2026-08-16T12:09:15Z</time>
      </trkpt>
      <trkpt lat="44.697853" lon="6.997751">
        <ele>2899.6</ele>
        <time>2026-08-16T12:09:18Z</time>
      </trkpt>
      <trkpt lat="44.697891" lon="6.997805">
        <ele>2900.0</ele>
        <time>2026-08-16T12:09:24Z</time>
      </trkpt>
      <trkpt lat="44.697912" lon="6.997814">
        <ele>2899.8</ele>
        <time>2026-08-16T12:09:26Z</time>
      </trkpt>
      <trkpt lat="44.697938" lon="6.997869">
        <ele>2900.6</ele>
        <time>2026-08-16T12:09:33Z</time>
      </trkpt>
      <trkpt lat="44.697947" lon="6.997895">
        <ele>2901.6</ele>
        <time>2026-08-16T12:09:38Z</time>
      </trkpt>
      <trkpt lat="44.69796" lon="6.997908">
        <ele>2902.4</ele>
        <time>2026-08-16T12:09:41Z</time>
      </trkpt>
      <trkpt lat="44.697965" lon="6.997917">
        <ele>2902.6</ele>
        <time>2026-08-16T12:09:42Z</time>
      </trkpt>
      <trkpt lat="44.697985" lon="6.997946">
        <ele>2903.6</ele>
        <time>2026-08-16T12:09:46Z</time>
      </trkpt>
      <trkpt lat="44.697994" lon="6.997967">
        <ele>2904.2</ele>
        <time>2026-08-16T12:09:48Z</time>
      </trkpt>
      <trkpt lat="44.697999" lon="6.997991">
        <ele>2904.6</ele>
        <time>2026-08-16T12:09:50Z</time>
      </trkpt>
      <trkpt lat="44.697996" lon="6.998004">
        <ele>2905.8</ele>
        <time>2026-08-16T12:09:55Z</time>
      </trkpt>
      <trkpt lat="44.698016" lon="6.998045">
        <ele>2906.8</ele>
        <time>2026-08-16T12:10:01Z</time>
      </trkpt>
      <trkpt lat="44.698021" lon="6.998065">
        <ele>2907.0</ele>
        <time>2026-08-16T12:10:02Z</time>
      </trkpt>
      <trkpt lat="44.698028" lon="6.998099">
        <ele>2908.0</ele>
        <time>2026-08-16T12:10:05Z</time>
      </trkpt>
      <trkpt lat="44.698036" lon="6.998128">
        <ele>2909.0</ele>
        <time>2026-08-16T12:10:10Z</time>
      </trkpt>
      <trkpt lat="44.698038" lon="6.998139">
        <ele>2909.2</ele>
        <time>2026-08-16T12:10:11Z</time>
      </trkpt>
      <trkpt lat="44.69804" lon="6.998184">
        <ele>2910.0</ele>
        <time>2026-08-16T12:10:15Z</time>
      </trkpt>
      <trkpt lat="44.698047" lon="6.998238">
        <ele>2911.0</ele>
        <time>2026-08-16T12:10:20Z</time>
      </trkpt>
      <trkpt lat="44.698049" lon="6.998246">
        <ele>2911.2</ele>
        <time>2026-08-16T12:10:21Z</time>
      </trkpt>
      <trkpt lat="44.698075" lon="6.998303">
        <ele>2911.2</ele>
        <time>2026-08-16T12:10:29Z</time>
      </trkpt>
      <trkpt lat="44.698075" lon="6.998312">
        <ele>2911.0</ele>
        <time>2026-08-16T12:10:30Z</time>
      </trkpt>
      <trkpt lat="44.69808" lon="6.998354">
        <ele>2910.0</ele>
        <time>2026-08-16T12:10:34Z</time>
      </trkpt>
      <trkpt lat="44.69807" lon="6.998344">
        <ele>2909.0</ele>
        <time>2026-08-16T12:10:38Z</time>
      </trkpt>
      <trkpt lat="44.698064" lon="6.998336">
        <ele>2908.8</ele>
        <time>2026-08-16T12:10:40Z</time>
      </trkpt>
      <trkpt lat="44.698052" lon="6.9983">
        <ele>2909.0</ele>
        <time>2026-08-16T12:10:48Z</time>
      </trkpt>
      <trkpt lat="44.698051" lon="6.998248">
        <ele>2910.0</ele>
        <time>2026-08-16T12:10:56Z</time>
      </trkpt>
      <trkpt lat="44.698059" lon="6.998254">
        <ele>2910.4</ele>
        <time>2026-08-16T12:10:58Z</time>
      </trkpt>
      <trkpt lat="44.698061" lon="6.998262">
        <ele>2910.6</ele>
        <time>2026-08-16T12:11:05Z</time>
      </trkpt>
      <trkpt lat="44.698058" lon="6.998267">
        <ele>2910.6</ele>
        <time>2026-08-16T12:11:06Z</time>
      </trkpt>
      <trkpt lat="44.698057" lon="6.998273">
        <ele>2910.4</ele>
        <time>2026-08-16T12:11:07Z</time>
      </trkpt>
      <trkpt lat="44.698056" lon="6.998313">
        <ele>2908.8</ele>
        <time>2026-08-16T12:11:15Z</time>
      </trkpt>
      <trkpt lat="44.698082" lon="6.998302">
        <ele>2908.4</ele>
        <time>2026-08-16T12:11:22Z</time>
      </trkpt>
      <trkpt lat="44.698081" lon="6.998305">
        <ele>2908.2</ele>
        <time>2026-08-16T12:11:28Z</time>
      </trkpt>
      <trkpt lat="44.698062" lon="6.998315">
        <ele>2907.8</ele>
        <time>2026-08-16T12:11:36Z</time>
      </trkpt>
      <trkpt lat="44.698073" lon="6.99831">
        <ele>2907.8</ele>
        <time>2026-08-16T12:11:47Z</time>
      </trkpt>
      <trkpt lat="44.698075" lon="6.998323">
        <ele>2907.2</ele>
        <time>2026-08-16T12:11:55Z</time>
      </trkpt>
      <trkpt lat="44.698073" lon="6.998335">
        <ele>2907.2</ele>
        <time>2026-08-16T12:11:58Z</time>
      </trkpt>
      <trkpt lat="44.69805" lon="6.998339">
        <ele>2906.8</ele>
        <time>2026-08-16T12:12:05Z</time>
      </trkpt>
      <trkpt lat="44.698048" lon="6.998342">
        <ele>2906.8</ele>
        <time>2026-08-16T12:12:06Z</time>
      </trkpt>
      <trkpt lat="44.69804" lon="6.99836">
        <ele>2905.8</ele>
        <time>2026-08-16T12:12:10Z</time>
      </trkpt>
      <trkpt lat="44.69805" lon="6.998355">
        <ele>2905.0</ele>
        <time>2026-08-16T12:12:13Z</time>
      </trkpt>
      <trkpt lat="44.698057" lon="6.998351">
        <ele>2904.8</ele>
        <time>2026-08-16T12:12:14Z</time>
      </trkpt>
      <trkpt lat="44.698072" lon="6.998367">
        <ele>2904.0</ele>
        <time>2026-08-16T12:12:19Z</time>
      </trkpt>
      <trkpt lat="44.698075" lon="6.998372">
        <ele>2903.8</ele>
        <time>2026-08-16T12:12:20Z</time>
      </trkpt>
      <trkpt lat="44.69807" lon="6.998401">
        <ele>2902.6</ele>
        <time>2026-08-16T12:12:27Z</time>
      </trkpt>
      <trkpt lat="44.698069" lon="6.99841">
        <ele>2902.4</ele>
        <time>2026-08-16T12:12:28Z</time>
      </trkpt>
      <trkpt lat="44.698065" lon="6.998439">
        <ele>2901.6</ele>
        <time>2026-08-16T12:12:31Z</time>
      </trkpt>
      <trkpt lat="44.698061" lon="6.99844">
        <ele>2900.4</ele>
        <time>2026-08-16T12:12:35Z</time>
      </trkpt>
      <trkpt lat="44.698061" lon="6.998442">
        <ele>2900.2</ele>
        <time>2026-08-16T12:12:36Z</time>
      </trkpt>
      <trkpt lat="44.698062" lon="6.998444">
        <ele>2899.8</ele>
        <time>2026-08-16T12:12:38Z</time>
      </trkpt>
      <trkpt lat="44.698062" lon="6.998464">
        <ele>2899.2</ele>
        <time>2026-08-16T12:12:41Z</time>
      </trkpt>
      <trkpt lat="44.698071" lon="6.998476">
        <ele>2898.4</ele>
        <time>2026-08-16T12:12:45Z</time>
      </trkpt>
      <trkpt lat="44.698075" lon="6.998475">
        <ele>2898.2</ele>
        <time>2026-08-16T12:12:46Z</time>
      </trkpt>
      <trkpt lat="44.698088" lon="6.998491">
        <ele>2897.2</ele>
        <time>2026-08-16T12:12:50Z</time>
      </trkpt>
      <trkpt lat="44.698094" lon="6.998496">
        <ele>2896.6</ele>
        <time>2026-08-16T12:12:52Z</time>
      </trkpt>
      <trkpt lat="44.698093" lon="6.998485">
        <ele>2896.0</ele>
        <time>2026-08-16T12:12:55Z</time>
      </trkpt>
      <trkpt lat="44.698108" lon="6.998485">
        <ele>2895.4</ele>
        <time>2026-08-16T12:12:59Z</time>
      </trkpt>
      <trkpt lat="44.698118" lon="6.99849">
        <ele>2895.0</ele>
        <time>2026-08-16T12:13:02Z</time>
      </trkpt>
      <trkpt lat="44.698126" lon="6.998488">
        <ele>2894.2</ele>
        <time>2026-08-16T12:13:07Z</time>
      </trkpt>
      <trkpt lat="44.69813" lon="6.998488">
        <ele>2894.0</ele>
        <time>2026-08-16T12:13:08Z</time>
      </trkpt>
      <trkpt lat="44.698137" lon="6.998501">
        <ele>2893.0</ele>
        <time>2026-08-16T12:13:14Z</time>
      </trkpt>
      <trkpt lat="44.698135" lon="6.998504">
        <ele>2893.0</ele>
        <time>2026-08-16T12:13:15Z</time>
      </trkpt>
      <trkpt lat="44.698139" lon="6.99851">
        <ele>2892.8</ele>
        <time>2026-08-16T12:13:17Z</time>
      </trkpt>
      <trkpt lat="44.698136" lon="6.998524">
        <ele>2891.8</ele>
        <time>2026-08-16T12:13:22Z</time>
      </trkpt>
      <trkpt lat="44.69815" lon="6.998533">
        <ele>2890.8</ele>
        <time>2026-08-16T12:13:26Z</time>
      </trkpt>
      <trkpt lat="44.698154" lon="6.998531">
        <ele>2890.6</ele>
        <time>2026-08-16T12:13:27Z</time>
      </trkpt>
      <trkpt lat="44.698159" lon="6.998531">
        <ele>2890.4</ele>
        <time>2026-08-16T12:13:28Z</time>
      </trkpt>
      <trkpt lat="44.698179" lon="6.998542">
        <ele>2889.6</ele>
        <time>2026-08-16T12:13:32Z</time>
      </trkpt>
      <trkpt lat="44.698184" lon="6.998546">
        <ele>2889.2</ele>
        <time>2026-08-16T12:13:33Z</time>
      </trkpt>
      <trkpt lat="44.698193" lon="6.998559">
        <ele>2888.4</ele>
        <time>2026-08-16T12:13:36Z</time>
      </trkpt>
      <trkpt lat="44.698178" lon="6.99859">
        <ele>2887.4</ele>
        <time>2026-08-16T12:13:41Z</time>
      </trkpt>
      <trkpt lat="44.698164" lon="6.99861">
        <ele>2886.8</ele>
        <time>2026-08-16T12:13:45Z</time>
      </trkpt>
      <trkpt lat="44.698165" lon="6.998612">
        <ele>2886.4</ele>
        <time>2026-08-16T12:13:49Z</time>
      </trkpt>
      <trkpt lat="44.698168" lon="6.998615">
        <ele>2886.4</ele>
        <time>2026-08-16T12:13:50Z</time>
      </trkpt>
      <trkpt lat="44.698186" lon="6.99862">
        <ele>2886.0</ele>
        <time>2026-08-16T12:13:53Z</time>
      </trkpt>
      <trkpt lat="44.698191" lon="6.998629">
        <ele>2885.6</ele>
        <time>2026-08-16T12:13:56Z</time>
      </trkpt>
      <trkpt lat="44.69819" lon="6.998635">
        <ele>2885.2</ele>
        <time>2026-08-16T12:13:58Z</time>
      </trkpt>
      <trkpt lat="44.698173" lon="6.998648">
        <ele>2884.6</ele>
        <time>2026-08-16T12:14:03Z</time>
      </trkpt>
      <trkpt lat="44.698173" lon="6.998656">
        <ele>2884.6</ele>
        <time>2026-08-16T12:14:12Z</time>
      </trkpt>
      <trkpt lat="44.698163" lon="6.998686">
        <ele>2884.2</ele>
        <time>2026-08-16T12:14:17Z</time>
      </trkpt>
      <trkpt lat="44.698169" lon="6.998667">
        <ele>2883.4</ele>
        <time>2026-08-16T12:14:20Z</time>
      </trkpt>
      <trkpt lat="44.69817" lon="6.998668">
        <ele>2883.0</ele>
        <time>2026-08-16T12:14:21Z</time>
      </trkpt>
      <trkpt lat="44.698182" lon="6.998674">
        <ele>2881.8</ele>
        <time>2026-08-16T12:14:26Z</time>
      </trkpt>
      <trkpt lat="44.698203" lon="6.998669">
        <ele>2881.2</ele>
        <time>2026-08-16T12:14:29Z</time>
      </trkpt>
      <trkpt lat="44.698222" lon="6.998664">
        <ele>2880.8</ele>
        <time>2026-08-16T12:14:32Z</time>
      </trkpt>
      <trkpt lat="44.698251" lon="6.998669">
        <ele>2879.8</ele>
        <time>2026-08-16T12:14:37Z</time>
      </trkpt>
      <trkpt lat="44.698251" lon="6.998669">
        <ele>2879.6</ele>
        <time>2026-08-16T12:14:38Z</time>
      </trkpt>
      <trkpt lat="44.698258" lon="6.998686">
        <ele>2878.6</ele>
        <time>2026-08-16T12:14:45Z</time>
      </trkpt>
      <trkpt lat="44.698255" lon="6.998692">
        <ele>2878.6</ele>
        <time>2026-08-16T12:14:46Z</time>
      </trkpt>
      <trkpt lat="44.69822" lon="6.998747">
        <ele>2877.8</ele>
        <time>2026-08-16T12:14:53Z</time>
      </trkpt>
      <trkpt lat="44.69822" lon="6.998749">
        <ele>2877.8</ele>
        <time>2026-08-16T12:14:54Z</time>
      </trkpt>
      <trkpt lat="44.698224" lon="6.99875">
        <ele>2877.6</ele>
        <time>2026-08-16T12:14:56Z</time>
      </trkpt>
      <trkpt lat="44.698232" lon="6.998763">
        <ele>2876.4</ele>
        <time>2026-08-16T12:15:02Z</time>
      </trkpt>
      <trkpt lat="44.698284" lon="6.998738">
        <ele>2875.4</ele>
        <time>2026-08-16T12:15:07Z</time>
      </trkpt>
      <trkpt lat="44.698293" lon="6.998736">
        <ele>2875.0</ele>
        <time>2026-08-16T12:15:09Z</time>
      </trkpt>
      <trkpt lat="44.698307" lon="6.998743">
        <ele>2874.2</ele>
        <time>2026-08-16T12:15:12Z</time>
      </trkpt>
      <trkpt lat="44.698317" lon="6.998756">
        <ele>2873.6</ele>
        <time>2026-08-16T12:15:15Z</time>
      </trkpt>
      <trkpt lat="44.698316" lon="6.998759">
        <ele>2873.2</ele>
        <time>2026-08-16T12:15:17Z</time>
      </trkpt>
      <trkpt lat="44.698349" lon="6.99877">
        <ele>2872.2</ele>
        <time>2026-08-16T12:15:23Z</time>
      </trkpt>
      <trkpt lat="44.698356" lon="6.998782">
        <ele>2871.8</ele>
        <time>2026-08-16T12:15:25Z</time>
      </trkpt>
      <trkpt lat="44.698368" lon="6.998804">
        <ele>2871.0</ele>
        <time>2026-08-16T12:15:29Z</time>
      </trkpt>
      <trkpt lat="44.698378" lon="6.998821">
        <ele>2870.4</ele>
        <time>2026-08-16T12:15:33Z</time>
      </trkpt>
      <trkpt lat="44.69838" lon="6.998826">
        <ele>2870.0</ele>
        <time>2026-08-16T12:15:37Z</time>
      </trkpt>
      <trkpt lat="44.698386" lon="6.998861">
        <ele>2869.0</ele>
        <time>2026-08-16T12:15:41Z</time>
      </trkpt>
      <trkpt lat="44.698375" lon="6.998867">
        <ele>2868.0</ele>
        <time>2026-08-16T12:15:46Z</time>
      </trkpt>
      <trkpt lat="44.698368" lon="6.998896">
        <ele>2867.4</ele>
        <time>2026-08-16T12:15:49Z</time>
      </trkpt>
      <trkpt lat="44.698354" lon="6.998901">
        <ele>2866.8</ele>
        <time>2026-08-16T12:15:51Z</time>
      </trkpt>
      <trkpt lat="44.698331" lon="6.998949">
        <ele>2865.6</ele>
        <time>2026-08-16T12:15:56Z</time>
      </trkpt>
      <trkpt lat="44.698307" lon="6.998971">
        <ele>2864.4</ele>
        <time>2026-08-16T12:16:01Z</time>
      </trkpt>
      <trkpt lat="44.698282" lon="6.998974">
        <ele>2864.0</ele>
        <time>2026-08-16T12:16:04Z</time>
      </trkpt>
      <trkpt lat="44.698215" lon="6.998994">
        <ele>2864.4</ele>
        <time>2026-08-16T12:16:11Z</time>
      </trkpt>
      <trkpt lat="44.698158" lon="6.999061">
        <ele>2863.8</ele>
        <time>2026-08-16T12:16:16Z</time>
      </trkpt>
      <trkpt lat="44.698145" lon="6.999072">
        <ele>2863.6</ele>
        <time>2026-08-16T12:16:17Z</time>
      </trkpt>
      <trkpt lat="44.69812" lon="6.99909">
        <ele>2863.4</ele>
        <time>2026-08-16T12:16:19Z</time>
      </trkpt>
      <trkpt lat="44.698069" lon="6.999119">
        <ele>2863.2</ele>
        <time>2026-08-16T12:16:23Z</time>
      </trkpt>
      <trkpt lat="44.697987" lon="6.99917">
        <ele>2863.2</ele>
        <time>2026-08-16T12:16:29Z</time>
      </trkpt>
      <trkpt lat="44.697937" lon="6.999208">
        <ele>2864.0</ele>
        <time>2026-08-16T12:16:34Z</time>
      </trkpt>
      <trkpt lat="44.697924" lon="6.999219">
        <ele>2864.4</ele>
        <time>2026-08-16T12:16:36Z</time>
      </trkpt>
      <trkpt lat="44.697902" lon="6.99922">
        <ele>2864.8</ele>
        <time>2026-08-16T12:16:38Z</time>
      </trkpt>
      <trkpt lat="44.697877" lon="6.999226">
        <ele>2865.4</ele>
        <time>2026-08-16T12:16:40Z</time>
      </trkpt>
      <trkpt lat="44.697824" lon="6.999261">
        <ele>2866.6</ele>
        <time>2026-08-16T12:16:44Z</time>
      </trkpt>
      <trkpt lat="44.697801" lon="6.999318">
        <ele>2867.2</ele>
        <time>2026-08-16T12:16:48Z</time>
      </trkpt>
      <trkpt lat="44.697788" lon="6.999328">
        <ele>2867.2</ele>
        <time>2026-08-16T12:16:49Z</time>
      </trkpt>
      <trkpt lat="44.697756" lon="6.99935">
        <ele>2867.2</ele>
        <time>2026-08-16T12:16:51Z</time>
      </trkpt>
      <trkpt lat="44.697731" lon="6.999378">
        <ele>2867.6</ele>
        <time>2026-08-16T12:16:53Z</time>
      </trkpt>
      <trkpt lat="44.697706" lon="6.999402">
        <ele>2868.0</ele>
        <time>2026-08-16T12:16:55Z</time>
      </trkpt>
      <trkpt lat="44.697708" lon="6.999437">
        <ele>2868.4</ele>
        <time>2026-08-16T12:16:58Z</time>
      </trkpt>
      <trkpt lat="44.697705" lon="6.999445">
        <ele>2868.4</ele>
        <time>2026-08-16T12:16:59Z</time>
      </trkpt>
      <trkpt lat="44.697698" lon="6.999471">
        <ele>2868.6</ele>
        <time>2026-08-16T12:17:02Z</time>
      </trkpt>
      <trkpt lat="44.697665" lon="6.99949">
        <ele>2869.2</ele>
        <time>2026-08-16T12:17:05Z</time>
      </trkpt>
      <trkpt lat="44.697644" lon="6.999489">
        <ele>2869.8</ele>
        <time>2026-08-16T12:17:07Z</time>
      </trkpt>
      <trkpt lat="44.69763" lon="6.999507">
        <ele>2870.6</ele>
        <time>2026-08-16T12:17:10Z</time>
      </trkpt>
      <trkpt lat="44.697607" lon="6.99952">
        <ele>2870.8</ele>
        <time>2026-08-16T12:17:12Z</time>
      </trkpt>
      <trkpt lat="44.697559" lon="6.999537">
        <ele>2870.8</ele>
        <time>2026-08-16T12:17:16Z</time>
      </trkpt>
      <trkpt lat="44.697515" lon="6.99957">
        <ele>2871.2</ele>
        <time>2026-08-16T12:17:21Z</time>
      </trkpt>
      <trkpt lat="44.697478" lon="6.999591">
        <ele>2870.8</ele>
        <time>2026-08-16T12:17:26Z</time>
      </trkpt>
      <trkpt lat="44.697448" lon="6.999612">
        <ele>2870.4</ele>
        <time>2026-08-16T12:17:32Z</time>
      </trkpt>
      <trkpt lat="44.697428" lon="6.999624">
        <ele>2869.8</ele>
        <time>2026-08-16T12:17:35Z</time>
      </trkpt>
      <trkpt lat="44.697402" lon="6.99964">
        <ele>2869.4</ele>
        <time>2026-08-16T12:17:38Z</time>
      </trkpt>
      <trkpt lat="44.697395" lon="6.999646">
        <ele>2869.2</ele>
        <time>2026-08-16T12:17:45Z</time>
      </trkpt>
      <trkpt lat="44.697346" lon="6.999668">
        <ele>2868.6</ele>
        <time>2026-08-16T12:17:52Z</time>
      </trkpt>
      <trkpt lat="44.697288" lon="6.99971">
        <ele>2867.4</ele>
        <time>2026-08-16T12:17:58Z</time>
      </trkpt>
      <trkpt lat="44.69726" lon="6.999729">
        <ele>2866.8</ele>
        <time>2026-08-16T12:18:02Z</time>
      </trkpt>
      <trkpt lat="44.697258" lon="6.999727">
        <ele>2866.2</ele>
        <time>2026-08-16T12:18:05Z</time>
      </trkpt>
      <trkpt lat="44.69722" lon="6.999744">
        <ele>2865.4</ele>
        <time>2026-08-16T12:18:08Z</time>
      </trkpt>
      <trkpt lat="44.697205" lon="6.999753">
        <ele>2865.0</ele>
        <time>2026-08-16T12:18:10Z</time>
      </trkpt>
      <trkpt lat="44.697189" lon="6.999784">
        <ele>2865.0</ele>
        <time>2026-08-16T12:18:14Z</time>
      </trkpt>
      <trkpt lat="44.69715" lon="6.99982">
        <ele>2865.0</ele>
        <time>2026-08-16T12:18:22Z</time>
      </trkpt>
      <trkpt lat="44.697146" lon="6.999843">
        <ele>2865.0</ele>
        <time>2026-08-16T12:18:29Z</time>
      </trkpt>
      <trkpt lat="44.697149" lon="6.999846">
        <ele>2864.6</ele>
        <time>2026-08-16T12:18:31Z</time>
      </trkpt>
      <trkpt lat="44.697125" lon="6.999882">
        <ele>2864.2</ele>
        <time>2026-08-16T12:18:39Z</time>
      </trkpt>
      <trkpt lat="44.697121" lon="6.99989">
        <ele>2864.0</ele>
        <time>2026-08-16T12:18:41Z</time>
      </trkpt>
      <trkpt lat="44.69712" lon="6.999907">
        <ele>2863.4</ele>
        <time>2026-08-16T12:18:49Z</time>
      </trkpt>
      <trkpt lat="44.697128" lon="6.999909">
        <ele>2863.0</ele>
        <time>2026-08-16T12:18:51Z</time>
      </trkpt>
      <trkpt lat="44.697125" lon="6.999947">
        <ele>2861.8</ele>
        <time>2026-08-16T12:18:55Z</time>
      </trkpt>
      <trkpt lat="44.697122" lon="6.999969">
        <ele>2861.6</ele>
        <time>2026-08-16T12:18:57Z</time>
      </trkpt>
      <trkpt lat="44.697099" lon="7.000003">
        <ele>2862.0</ele>
        <time>2026-08-16T12:19:04Z</time>
      </trkpt>
      <trkpt lat="44.69712" lon="6.999984">
        <ele>2863.0</ele>
        <time>2026-08-16T12:19:13Z</time>
      </trkpt>
      <trkpt lat="44.697142" lon="6.999996">
        <ele>2864.2</ele>
        <time>2026-08-16T12:19:17Z</time>
      </trkpt>
      <trkpt lat="44.697131" lon="7.000005">
        <ele>2864.8</ele>
        <time>2026-08-16T12:19:21Z</time>
      </trkpt>
      <trkpt lat="44.697094" lon="7.000027">
        <ele>2865.4</ele>
        <time>2026-08-16T12:19:29Z</time>
      </trkpt>
      <trkpt lat="44.697082" lon="7.000069">
        <ele>2866.6</ele>
        <time>2026-08-16T12:19:34Z</time>
      </trkpt>
      <trkpt lat="44.697082" lon="7.000085">
        <ele>2867.2</ele>
        <time>2026-08-16T12:19:36Z</time>
      </trkpt>
      <trkpt lat="44.697077" lon="7.000103">
        <ele>2868.0</ele>
        <time>2026-08-16T12:19:38Z</time>
      </trkpt>
      <trkpt lat="44.697026" lon="7.000112">
        <ele>2868.8</ele>
        <time>2026-08-16T12:19:43Z</time>
      </trkpt>
      <trkpt lat="44.697018" lon="7.000115">
        <ele>2869.0</ele>
        <time>2026-08-16T12:19:44Z</time>
      </trkpt>
      <trkpt lat="44.696999" lon="7.000135">
        <ele>2870.2</ele>
        <time>2026-08-16T12:19:49Z</time>
      </trkpt>
      <trkpt lat="44.696985" lon="7.000148">
        <ele>2870.6</ele>
        <time>2026-08-16T12:19:51Z</time>
      </trkpt>
      <trkpt lat="44.696968" lon="7.000155">
        <ele>2871.2</ele>
        <time>2026-08-16T12:19:54Z</time>
      </trkpt>
      <trkpt lat="44.69696" lon="7.000158">
        <ele>2872.0</ele>
        <time>2026-08-16T12:19:59Z</time>
      </trkpt>
      <trkpt lat="44.696955" lon="7.000175">
        <ele>2872.4</ele>
        <time>2026-08-16T12:20:07Z</time>
      </trkpt>
      <trkpt lat="44.696939" lon="7.000172">
        <ele>2872.6</ele>
        <time>2026-08-16T12:20:09Z</time>
      </trkpt>
      <trkpt lat="44.696911" lon="7.00018">
        <ele>2873.6</ele>
        <time>2026-08-16T12:20:14Z</time>
      </trkpt>
      <trkpt lat="44.696901" lon="7.000192">
        <ele>2874.0</ele>
        <time>2026-08-16T12:20:17Z</time>
      </trkpt>
      <trkpt lat="44.696885" lon="7.000222">
        <ele>2874.6</ele>
        <time>2026-08-16T12:20:23Z</time>
      </trkpt>
      <trkpt lat="44.69687" lon="7.000249">
        <ele>2875.2</ele>
        <time>2026-08-16T12:20:26Z</time>
      </trkpt>
      <trkpt lat="44.696852" lon="7.000288">
        <ele>2875.8</ele>
        <time>2026-08-16T12:20:29Z</time>
      </trkpt>
      <trkpt lat="44.696838" lon="7.00032">
        <ele>2876.6</ele>
        <time>2026-08-16T12:20:32Z</time>
      </trkpt>
      <trkpt lat="44.696832" lon="7.000326">
        <ele>2877.0</ele>
        <time>2026-08-16T12:20:34Z</time>
      </trkpt>
      <trkpt lat="44.696834" lon="7.000347">
        <ele>2877.8</ele>
        <time>2026-08-16T12:20:39Z</time>
      </trkpt>
      <trkpt lat="44.696836" lon="7.000353">
        <ele>2878.0</ele>
        <time>2026-08-16T12:20:40Z</time>
      </trkpt>
      <trkpt lat="44.696839" lon="7.000362">
        <ele>2878.4</ele>
        <time>2026-08-16T12:20:42Z</time>
      </trkpt>
      <trkpt lat="44.696835" lon="7.00038">
        <ele>2879.0</ele>
        <time>2026-08-16T12:20:46Z</time>
      </trkpt>
      <trkpt lat="44.696831" lon="7.000392">
        <ele>2879.2</ele>
        <time>2026-08-16T12:20:47Z</time>
      </trkpt>
      <trkpt lat="44.6968" lon="7.000463">
        <ele>2880.0</ele>
        <time>2026-08-16T12:20:53Z</time>
      </trkpt>
      <trkpt lat="44.696797" lon="7.00047">
        <ele>2880.2</ele>
        <time>2026-08-16T12:20:54Z</time>
      </trkpt>
      <trkpt lat="44.696781" lon="7.000493">
        <ele>2881.2</ele>
        <time>2026-08-16T12:21:00Z</time>
      </trkpt>
      <trkpt lat="44.696771" lon="7.000493">
        <ele>2881.8</ele>
        <time>2026-08-16T12:21:02Z</time>
      </trkpt>
      <trkpt lat="44.696747" lon="7.000491">
        <ele>2882.4</ele>
        <time>2026-08-16T12:21:06Z</time>
      </trkpt>
      <trkpt lat="44.696731" lon="7.000493">
        <ele>2883.0</ele>
        <time>2026-08-16T12:21:09Z</time>
      </trkpt>
      <trkpt lat="44.696717" lon="7.000493">
        <ele>2883.4</ele>
        <time>2026-08-16T12:21:12Z</time>
      </trkpt>
      <trkpt lat="44.696714" lon="7.000498">
        <ele>2884.2</ele>
        <time>2026-08-16T12:21:17Z</time>
      </trkpt>
      <trkpt lat="44.696702" lon="7.000508">
        <ele>2884.6</ele>
        <time>2026-08-16T12:21:20Z</time>
      </trkpt>
      <trkpt lat="44.696682" lon="7.000544">
        <ele>2885.6</ele>
        <time>2026-08-16T12:21:26Z</time>
      </trkpt>
      <trkpt lat="44.69668" lon="7.000565">
        <ele>2886.8</ele>
        <time>2026-08-16T12:21:31Z</time>
      </trkpt>
      <trkpt lat="44.696683" lon="7.000553">
        <ele>2887.4</ele>
        <time>2026-08-16T12:21:34Z</time>
      </trkpt>
      <trkpt lat="44.696676" lon="7.00056">
        <ele>2887.8</ele>
        <time>2026-08-16T12:21:37Z</time>
      </trkpt>
      <trkpt lat="44.696664" lon="7.000563">
        <ele>2888.8</ele>
        <time>2026-08-16T12:21:43Z</time>
      </trkpt>
      <trkpt lat="44.696659" lon="7.00056">
        <ele>2889.0</ele>
        <time>2026-08-16T12:21:44Z</time>
      </trkpt>
      <trkpt lat="44.696634" lon="7.000575">
        <ele>2890.0</ele>
        <time>2026-08-16T12:21:50Z</time>
      </trkpt>
      <trkpt lat="44.696625" lon="7.00059">
        <ele>2890.8</ele>
        <time>2026-08-16T12:21:53Z</time>
      </trkpt>
      <trkpt lat="44.696618" lon="7.000594">
        <ele>2891.2</ele>
        <time>2026-08-16T12:21:55Z</time>
      </trkpt>
      <trkpt lat="44.696589" lon="7.000612">
        <ele>2892.2</ele>
        <time>2026-08-16T12:22:01Z</time>
      </trkpt>
      <trkpt lat="44.69654" lon="7.000609">
        <ele>2893.4</ele>
        <time>2026-08-16T12:22:08Z</time>
      </trkpt>
      <trkpt lat="44.696521" lon="7.000614">
        <ele>2894.0</ele>
        <time>2026-08-16T12:22:10Z</time>
      </trkpt>
      <trkpt lat="44.696499" lon="7.000632">
        <ele>2894.6</ele>
        <time>2026-08-16T12:22:13Z</time>
      </trkpt>
      <trkpt lat="44.696471" lon="7.000654">
        <ele>2895.4</ele>
        <time>2026-08-16T12:22:18Z</time>
      </trkpt>
      <trkpt lat="44.696458" lon="7.000655">
        <ele>2895.6</ele>
        <time>2026-08-16T12:22:20Z</time>
      </trkpt>
      <trkpt lat="44.696445" lon="7.000659">
        <ele>2896.8</ele>
        <time>2026-08-16T12:22:27Z</time>
      </trkpt>
      <trkpt lat="44.696442" lon="7.000687">
        <ele>2897.8</ele>
        <time>2026-08-16T12:22:33Z</time>
      </trkpt>
      <trkpt lat="44.696423" lon="7.000696">
        <ele>2898.2</ele>
        <time>2026-08-16T12:22:35Z</time>
      </trkpt>
      <trkpt lat="44.696395" lon="7.000702">
        <ele>2899.0</ele>
        <time>2026-08-16T12:22:38Z</time>
      </trkpt>
      <trkpt lat="44.696347" lon="7.000702">
        <ele>2899.8</ele>
        <time>2026-08-16T12:22:43Z</time>
      </trkpt>
      <trkpt lat="44.696344" lon="7.0007">
        <ele>2900.0</ele>
        <time>2026-08-16T12:22:44Z</time>
      </trkpt>
      <trkpt lat="44.696331" lon="7.000704">
        <ele>2900.4</ele>
        <time>2026-08-16T12:22:47Z</time>
      </trkpt>
      <trkpt lat="44.696318" lon="7.000713">
        <ele>2900.8</ele>
        <time>2026-08-16T12:22:49Z</time>
      </trkpt>
      <trkpt lat="44.696301" lon="7.000721">
        <ele>2901.0</ele>
        <time>2026-08-16T12:22:51Z</time>
      </trkpt>
      <trkpt lat="44.696262" lon="7.000745">
        <ele>2902.2</ele>
        <time>2026-08-16T12:22:57Z</time>
      </trkpt>
      <trkpt lat="44.696257" lon="7.000746">
        <ele>2902.4</ele>
        <time>2026-08-16T12:22:58Z</time>
      </trkpt>
      <trkpt lat="44.696249" lon="7.000759">
        <ele>2903.4</ele>
        <time>2026-08-16T12:23:03Z</time>
      </trkpt>
      <trkpt lat="44.696241" lon="7.000774">
        <ele>2904.0</ele>
        <time>2026-08-16T12:23:06Z</time>
      </trkpt>
      <trkpt lat="44.696233" lon="7.000783">
        <ele>2904.4</ele>
        <time>2026-08-16T12:23:08Z</time>
      </trkpt>
      <trkpt lat="44.696186" lon="7.000833">
        <ele>2905.2</ele>
        <time>2026-08-16T12:23:13Z</time>
      </trkpt>
      <trkpt lat="44.69618" lon="7.000838">
        <ele>2905.4</ele>
        <time>2026-08-16T12:23:14Z</time>
      </trkpt>
      <trkpt lat="44.696147" lon="7.000878">
        <ele>2906.6</ele>
        <time>2026-08-16T12:23:20Z</time>
      </trkpt>
      <trkpt lat="44.696131" lon="7.000911">
        <ele>2907.6</ele>
        <time>2026-08-16T12:23:25Z</time>
      </trkpt>
      <trkpt lat="44.696126" lon="7.000918">
        <ele>2907.8</ele>
        <time>2026-08-16T12:23:26Z</time>
      </trkpt>
      <trkpt lat="44.696107" lon="7.00095">
        <ele>2908.6</ele>
        <time>2026-08-16T12:23:29Z</time>
      </trkpt>
      <trkpt lat="44.696094" lon="7.000971">
        <ele>2909.0</ele>
        <time>2026-08-16T12:23:31Z</time>
      </trkpt>
      <trkpt lat="44.696063" lon="7.001013">
        <ele>2909.8</ele>
        <time>2026-08-16T12:23:37Z</time>
      </trkpt>
      <trkpt lat="44.696062" lon="7.001021">
        <ele>2910.0</ele>
        <time>2026-08-16T12:23:38Z</time>
      </trkpt>
      <trkpt lat="44.696068" lon="7.001054">
        <ele>2911.2</ele>
        <time>2026-08-16T12:23:42Z</time>
      </trkpt>
      <trkpt lat="44.696064" lon="7.001073">
        <ele>2912.2</ele>
        <time>2026-08-16T12:23:45Z</time>
      </trkpt>
      <trkpt lat="44.696023" lon="7.001138">
        <ele>2913.2</ele>
        <time>2026-08-16T12:23:52Z</time>
      </trkpt>
      <trkpt lat="44.696013" lon="7.001146">
        <ele>2913.4</ele>
        <time>2026-08-16T12:23:53Z</time>
      </trkpt>
      <trkpt lat="44.695964" lon="7.001195">
        <ele>2914.4</ele>
        <time>2026-08-16T12:23:59Z</time>
      </trkpt>
      <trkpt lat="44.695959" lon="7.001206">
        <ele>2914.6</ele>
        <time>2026-08-16T12:24:00Z</time>
      </trkpt>
      <trkpt lat="44.695945" lon="7.001261">
        <ele>2915.4</ele>
        <time>2026-08-16T12:24:05Z</time>
      </trkpt>
      <trkpt lat="44.695939" lon="7.001288">
        <ele>2915.8</ele>
        <time>2026-08-16T12:24:07Z</time>
      </trkpt>
      <trkpt lat="44.695918" lon="7.001342">
        <ele>2916.4</ele>
        <time>2026-08-16T12:24:11Z</time>
      </trkpt>
      <trkpt lat="44.695887" lon="7.001392">
        <ele>2917.0</ele>
        <time>2026-08-16T12:24:15Z</time>
      </trkpt>
      <trkpt lat="44.695853" lon="7.001515">
        <ele>2916.8</ele>
        <time>2026-08-16T12:24:23Z</time>
      </trkpt>
      <trkpt lat="44.695834" lon="7.001643">
        <ele>2916.8</ele>
        <time>2026-08-16T12:24:31Z</time>
      </trkpt>
      <trkpt lat="44.695825" lon="7.00174">
        <ele>2916.4</ele>
        <time>2026-08-16T12:24:37Z</time>
      </trkpt>
      <trkpt lat="44.695815" lon="7.001779">
        <ele>2916.0</ele>
        <time>2026-08-16T12:24:40Z</time>
      </trkpt>
      <trkpt lat="44.695798" lon="7.001867">
        <ele>2915.4</ele>
        <time>2026-08-16T12:24:46Z</time>
      </trkpt>
      <trkpt lat="44.695791" lon="7.001923">
        <ele>2915.0</ele>
        <time>2026-08-16T12:24:49Z</time>
      </trkpt>
      <trkpt lat="44.695802" lon="7.002032">
        <ele>2914.2</ele>
        <time>2026-08-16T12:24:56Z</time>
      </trkpt>
      <trkpt lat="44.695803" lon="7.002044">
        <ele>2914.2</ele>
        <time>2026-08-16T12:24:57Z</time>
      </trkpt>
      <trkpt lat="44.695798" lon="7.002188">
        <ele>2913.4</ele>
        <time>2026-08-16T12:25:06Z</time>
      </trkpt>
      <trkpt lat="44.695786" lon="7.002239">
        <ele>2914.0</ele>
        <time>2026-08-16T12:25:13Z</time>
      </trkpt>
      <trkpt lat="44.695798" lon="7.002273">
        <ele>2914.2</ele>
        <time>2026-08-16T12:25:17Z</time>
      </trkpt>
      <trkpt lat="44.695803" lon="7.002278">
        <ele>2914.4</ele>
        <time>2026-08-16T12:25:19Z</time>
      </trkpt>
      <trkpt lat="44.695872" lon="7.002311">
        <ele>2914.4</ele>
        <time>2026-08-16T12:25:26Z</time>
      </trkpt>
      <trkpt lat="44.695923" lon="7.002325">
        <ele>2914.2</ele>
        <time>2026-08-16T12:25:30Z</time>
      </trkpt>
      <trkpt lat="44.695973" lon="7.002339">
        <ele>2914.6</ele>
        <time>2026-08-16T12:25:34Z</time>
      </trkpt>
      <trkpt lat="44.696041" lon="7.002372">
        <ele>2915.4</ele>
        <time>2026-08-16T12:25:42Z</time>
      </trkpt>
      <trkpt lat="44.696088" lon="7.002413">
        <ele>2916.6</ele>
        <time>2026-08-16T12:25:47Z</time>
      </trkpt>
      <trkpt lat="44.696106" lon="7.002423">
        <ele>2917.0</ele>
        <time>2026-08-16T12:25:50Z</time>
      </trkpt>
      <trkpt lat="44.696131" lon="7.002444">
        <ele>2917.8</ele>
        <time>2026-08-16T12:25:53Z</time>
      </trkpt>
      <trkpt lat="44.696176" lon="7.002512">
        <ele>2918.6</ele>
        <time>2026-08-16T12:25:58Z</time>
      </trkpt>
      <trkpt lat="44.696171" lon="7.002533">
        <ele>2918.8</ele>
        <time>2026-08-16T12:26:01Z</time>
      </trkpt>
      <trkpt lat="44.696171" lon="7.002569">
        <ele>2919.2</ele>
        <time>2026-08-16T12:26:05Z</time>
      </trkpt>
      <trkpt lat="44.696154" lon="7.002658">
        <ele>2920.0</ele>
        <time>2026-08-16T12:26:12Z</time>
      </trkpt>
      <trkpt lat="44.696146" lon="7.002743">
        <ele>2920.8</ele>
        <time>2026-08-16T12:26:22Z</time>
      </trkpt>
      <trkpt lat="44.696143" lon="7.002759">
        <ele>2921.0</ele>
        <time>2026-08-16T12:26:23Z</time>
      </trkpt>
      <trkpt lat="44.696137" lon="7.002845">
        <ele>2922.2</ele>
        <time>2026-08-16T12:26:28Z</time>
      </trkpt>
      <trkpt lat="44.696137" lon="7.002858">
        <ele>2922.2</ele>
        <time>2026-08-16T12:26:29Z</time>
      </trkpt>
      <trkpt lat="44.696134" lon="7.002893">
        <ele>2923.2</ele>
        <time>2026-08-16T12:26:33Z</time>
      </trkpt>
      <trkpt lat="44.696123" lon="7.002933">
        <ele>2923.6</ele>
        <time>2026-08-16T12:26:37Z</time>
      </trkpt>
      <trkpt lat="44.696068" lon="7.003005">
        <ele>2923.2</ele>
        <time>2026-08-16T12:26:45Z</time>
      </trkpt>
      <trkpt lat="44.696032" lon="7.003138">
        <ele>2922.2</ele>
        <time>2026-08-16T12:26:54Z</time>
      </trkpt>
      <trkpt lat="44.696027" lon="7.00315">
        <ele>2922.2</ele>
        <time>2026-08-16T12:26:55Z</time>
      </trkpt>
      <trkpt lat="44.695975" lon="7.003254">
        <ele>2922.0</ele>
        <time>2026-08-16T12:27:04Z</time>
      </trkpt>
      <trkpt lat="44.695941" lon="7.003287">
        <ele>2921.0</ele>
        <time>2026-08-16T12:27:08Z</time>
      </trkpt>
      <trkpt lat="44.695917" lon="7.003337">
        <ele>2920.2</ele>
        <time>2026-08-16T12:27:12Z</time>
      </trkpt>
      <trkpt lat="44.6959" lon="7.003428">
        <ele>2919.8</ele>
        <time>2026-08-16T12:27:19Z</time>
      </trkpt>
      <trkpt lat="44.695844" lon="7.003491">
        <ele>2918.8</ele>
        <time>2026-08-16T12:27:26Z</time>
      </trkpt>
      <trkpt lat="44.695842" lon="7.003499">
        <ele>2918.4</ele>
        <time>2026-08-16T12:27:27Z</time>
      </trkpt>
      <trkpt lat="44.695827" lon="7.003587">
        <ele>2917.8</ele>
        <time>2026-08-16T12:27:34Z</time>
      </trkpt>
      <trkpt lat="44.695824" lon="7.0036">
        <ele>2917.6</ele>
        <time>2026-08-16T12:27:35Z</time>
      </trkpt>
      <trkpt lat="44.695798" lon="7.003683">
        <ele>2917.2</ele>
        <time>2026-08-16T12:27:42Z</time>
      </trkpt>
      <trkpt lat="44.695791" lon="7.00366">
        <ele>2917.0</ele>
        <time>2026-08-16T12:27:46Z</time>
      </trkpt>
      <trkpt lat="44.695785" lon="7.003653">
        <ele>2916.8</ele>
        <time>2026-08-16T12:27:48Z</time>
      </trkpt>
      <trkpt lat="44.695782" lon="7.00365">
        <ele>2916.6</ele>
        <time>2026-08-16T12:27:49Z</time>
      </trkpt>
      <trkpt lat="44.69576" lon="7.003614">
        <ele>2915.4</ele>
        <time>2026-08-16T12:27:53Z</time>
      </trkpt>
      <trkpt lat="44.695745" lon="7.003579">
        <ele>2914.2</ele>
        <time>2026-08-16T12:27:56Z</time>
      </trkpt>
      <trkpt lat="44.695742" lon="7.003565">
        <ele>2913.8</ele>
        <time>2026-08-16T12:27:57Z</time>
      </trkpt>
      <trkpt lat="44.695732" lon="7.003514">
        <ele>2913.2</ele>
        <time>2026-08-16T12:28:00Z</time>
      </trkpt>
      <trkpt lat="44.695732" lon="7.003483">
        <ele>2912.8</ele>
        <time>2026-08-16T12:28:03Z</time>
      </trkpt>
      <trkpt lat="44.695719" lon="7.003426">
        <ele>2912.2</ele>
        <time>2026-08-16T12:28:08Z</time>
      </trkpt>
      <trkpt lat="44.695716" lon="7.003418">
        <ele>2912.0</ele>
        <time>2026-08-16T12:28:09Z</time>
      </trkpt>
      <trkpt lat="44.695707" lon="7.003391">
        <ele>2911.6</ele>
        <time>2026-08-16T12:28:12Z</time>
      </trkpt>
      <trkpt lat="44.695695" lon="7.00336">
        <ele>2911.4</ele>
        <time>2026-08-16T12:28:19Z</time>
      </trkpt>
      <trkpt lat="44.695696" lon="7.003352">
        <ele>2911.2</ele>
        <time>2026-08-16T12:28:25Z</time>
      </trkpt>
      <trkpt lat="44.695703" lon="7.003365">
        <ele>2911.0</ele>
        <time>2026-08-16T12:28:31Z</time>
      </trkpt>
      <trkpt lat="44.695704" lon="7.003361">
        <ele>2911.0</ele>
        <time>2026-08-16T12:28:34Z</time>
      </trkpt>
      <trkpt lat="44.695698" lon="7.003355">
        <ele>2910.8</ele>
        <time>2026-08-16T12:28:44Z</time>
      </trkpt>
      <trkpt lat="44.695691" lon="7.003446">
        <ele>2911.2</ele>
        <time>2026-08-16T12:28:51Z</time>
      </trkpt>
      <trkpt lat="44.69566" lon="7.003561">
        <ele>2910.0</ele>
        <time>2026-08-16T12:28:57Z</time>
      </trkpt>
      <trkpt lat="44.695647" lon="7.003589">
        <ele>2909.8</ele>
        <time>2026-08-16T12:28:59Z</time>
      </trkpt>
      <trkpt lat="44.695582" lon="7.00363">
        <ele>2909.8</ele>
        <time>2026-08-16T12:29:06Z</time>
      </trkpt>
      <trkpt lat="44.695501" lon="7.003711">
        <ele>2910.6</ele>
        <time>2026-08-16T12:29:15Z</time>
      </trkpt>
      <trkpt lat="44.695487" lon="7.003716">
        <ele>2911.0</ele>
        <time>2026-08-16T12:29:17Z</time>
      </trkpt>
      <trkpt lat="44.695431" lon="7.003728">
        <ele>2912.2</ele>
        <time>2026-08-16T12:29:23Z</time>
      </trkpt>
      <trkpt lat="44.69539" lon="7.003714">
        <ele>2913.4</ele>
        <time>2026-08-16T12:29:28Z</time>
      </trkpt>
      <trkpt lat="44.695384" lon="7.003708">
        <ele>2913.6</ele>
        <time>2026-08-16T12:29:29Z</time>
      </trkpt>
      <trkpt lat="44.695338" lon="7.003683">
        <ele>2914.0</ele>
        <time>2026-08-16T12:29:35Z</time>
      </trkpt>
      <trkpt lat="44.695327" lon="7.00368">
        <ele>2914.0</ele>
        <time>2026-08-16T12:29:37Z</time>
      </trkpt>
      <trkpt lat="44.695269" lon="7.003639">
        <ele>2913.4</ele>
        <time>2026-08-16T12:29:43Z</time>
      </trkpt>
      <trkpt lat="44.695247" lon="7.003617">
        <ele>2913.0</ele>
        <time>2026-08-16T12:29:45Z</time>
      </trkpt>
      <trkpt lat="44.695205" lon="7.003587">
        <ele>2912.2</ele>
        <time>2026-08-16T12:29:49Z</time>
      </trkpt>
      <trkpt lat="44.695174" lon="7.00357">
        <ele>2911.8</ele>
        <time>2026-08-16T12:29:52Z</time>
      </trkpt>
      <trkpt lat="44.695143" lon="7.003536">
        <ele>2911.2</ele>
        <time>2026-08-16T12:29:55Z</time>
      </trkpt>
      <trkpt lat="44.695116" lon="7.003505">
        <ele>2910.6</ele>
        <time>2026-08-16T12:29:59Z</time>
      </trkpt>
      <trkpt lat="44.69511" lon="7.003521">
        <ele>2910.4</ele>
        <time>2026-08-16T12:30:06Z</time>
      </trkpt>
      <trkpt lat="44.695101" lon="7.003517">
        <ele>2910.4</ele>
        <time>2026-08-16T12:30:08Z</time>
      </trkpt>
      <trkpt lat="44.695095" lon="7.003489">
        <ele>2910.6</ele>
        <time>2026-08-16T12:30:17Z</time>
      </trkpt>
      <trkpt lat="44.695086" lon="7.00353">
        <ele>2910.8</ele>
        <time>2026-08-16T12:30:25Z</time>
      </trkpt>
      <trkpt lat="44.695093" lon="7.003517">
        <ele>2910.8</ele>
        <time>2026-08-16T12:30:32Z</time>
      </trkpt>
      <trkpt lat="44.695093" lon="7.003511">
        <ele>2910.8</ele>
        <time>2026-08-16T12:30:41Z</time>
      </trkpt>
      <trkpt lat="44.695128" lon="7.003474">
        <ele>2910.4</ele>
        <time>2026-08-16T12:30:49Z</time>
      </trkpt>
      <trkpt lat="44.695121" lon="7.003496">
        <ele>2910.6</ele>
        <time>2026-08-16T12:30:57Z</time>
      </trkpt>
      <trkpt lat="44.695115" lon="7.003519">
        <ele>2910.6</ele>
        <time>2026-08-16T12:31:06Z</time>
      </trkpt>
      <trkpt lat="44.69513" lon="7.003501">
        <ele>2910.2</ele>
        <time>2026-08-16T12:31:16Z</time>
      </trkpt>
      <trkpt lat="44.695131" lon="7.003495">
        <ele>2910.2</ele>
        <time>2026-08-16T12:31:19Z</time>
      </trkpt>
      <trkpt lat="44.695137" lon="7.003485">
        <ele>2909.8</ele>
        <time>2026-08-16T12:31:24Z</time>
      </trkpt>
      <trkpt lat="44.695127" lon="7.003482">
        <ele>2909.8</ele>
        <time>2026-08-16T12:31:32Z</time>
      </trkpt>
      <trkpt lat="44.695103" lon="7.003533">
        <ele>2910.0</ele>
        <time>2026-08-16T12:31:41Z</time>
      </trkpt>
      <trkpt lat="44.695138" lon="7.003577">
        <ele>2911.0</ele>
        <time>2026-08-16T12:31:50Z</time>
      </trkpt>
      <trkpt lat="44.695142" lon="7.003563">
        <ele>2911.2</ele>
        <time>2026-08-16T12:31:51Z</time>
      </trkpt>
      <trkpt lat="44.695137" lon="7.003493">
        <ele>2910.6</ele>
        <time>2026-08-16T12:31:56Z</time>
      </trkpt>
      <trkpt lat="44.695137" lon="7.003496">
        <ele>2910.6</ele>
        <time>2026-08-16T12:32:06Z</time>
      </trkpt>
      <trkpt lat="44.695163" lon="7.003515">
        <ele>2910.6</ele>
        <time>2026-08-16T12:32:13Z</time>
      </trkpt>
      <trkpt lat="44.695131" lon="7.003531">
        <ele>2910.8</ele>
        <time>2026-08-16T12:32:22Z</time>
      </trkpt>
      <trkpt lat="44.695126" lon="7.003517">
        <ele>2911.4</ele>
        <time>2026-08-16T12:32:28Z</time>
      </trkpt>
      <trkpt lat="44.695119" lon="7.003485">
        <ele>2911.0</ele>
        <time>2026-08-16T12:32:37Z</time>
      </trkpt>
      <trkpt lat="44.695124" lon="7.00353">
        <ele>2911.0</ele>
        <time>2026-08-16T12:32:44Z</time>
      </trkpt>
      <trkpt lat="44.695131" lon="7.003523">
        <ele>2911.2</ele>
        <time>2026-08-16T12:32:53Z</time>
      </trkpt>
      <trkpt lat="44.695115" lon="7.00351">
        <ele>2910.6</ele>
        <time>2026-08-16T12:32:59Z</time>
      </trkpt>
      <trkpt lat="44.695113" lon="7.003541">
        <ele>2911.4</ele>
        <time>2026-08-16T12:33:08Z</time>
      </trkpt>
      <trkpt lat="44.695095" lon="7.003525">
        <ele>2911.8</ele>
        <time>2026-08-16T12:33:11Z</time>
      </trkpt>
      <trkpt lat="44.695084" lon="7.003525">
        <ele>2911.8</ele>
        <time>2026-08-16T12:33:13Z</time>
      </trkpt>
      <trkpt lat="44.695125" lon="7.003498">
        <ele>2911.4</ele>
        <time>2026-08-16T12:33:19Z</time>
      </trkpt>
      <trkpt lat="44.695145" lon="7.003491">
        <ele>2912.2</ele>
        <time>2026-08-16T12:33:29Z</time>
      </trkpt>
      <trkpt lat="44.695114" lon="7.003504">
        <ele>2911.8</ele>
        <time>2026-08-16T12:33:38Z</time>
      </trkpt>
      <trkpt lat="44.69511" lon="7.003513">
        <ele>2911.2</ele>
        <time>2026-08-16T12:33:44Z</time>
      </trkpt>
      <trkpt lat="44.695113" lon="7.003511">
        <ele>2911.2</ele>
        <time>2026-08-16T12:33:45Z</time>
      </trkpt>
      <trkpt lat="44.695125" lon="7.003494">
        <ele>2911.4</ele>
        <time>2026-08-16T12:33:52Z</time>
      </trkpt>
      <trkpt lat="44.695164" lon="7.003454">
        <ele>2911.6</ele>
        <time>2026-08-16T12:34:02Z</time>
      </trkpt>
      <trkpt lat="44.695131" lon="7.003514">
        <ele>2911.6</ele>
        <time>2026-08-16T12:34:10Z</time>
      </trkpt>
      <trkpt lat="44.695096" lon="7.003523">
        <ele>2911.8</ele>
        <time>2026-08-16T12:34:18Z</time>
      </trkpt>
      <trkpt lat="44.695107" lon="7.003501">
        <ele>2912.0</ele>
        <time>2026-08-16T12:34:28Z</time>
      </trkpt>
      <trkpt lat="44.695124" lon="7.003493">
        <ele>2911.8</ele>
        <time>2026-08-16T12:34:38Z</time>
      </trkpt>
      <trkpt lat="44.695124" lon="7.003488">
        <ele>2911.8</ele>
        <time>2026-08-16T12:34:40Z</time>
      </trkpt>
      <trkpt lat="44.695111" lon="7.003516">
        <ele>2912.0</ele>
        <time>2026-08-16T12:34:50Z</time>
      </trkpt>
      <trkpt lat="44.695113" lon="7.003513">
        <ele>2911.6</ele>
        <time>2026-08-16T12:34:55Z</time>
      </trkpt>
      <trkpt lat="44.695116" lon="7.003503">
        <ele>2911.6</ele>
        <time>2026-08-16T12:34:59Z</time>
      </trkpt>
      <trkpt lat="44.695105" lon="7.003484">
        <ele>2911.6</ele>
        <time>2026-08-16T12:35:07Z</time>
      </trkpt>
      <trkpt lat="44.695111" lon="7.003483">
        <ele>2911.6</ele>
        <time>2026-08-16T12:35:16Z</time>
      </trkpt>
      <trkpt lat="44.695108" lon="7.003477">
        <ele>2911.6</ele>
        <time>2026-08-16T12:35:22Z</time>
      </trkpt>
      <trkpt lat="44.69511" lon="7.003476">
        <ele>2911.6</ele>
        <time>2026-08-16T12:35:24Z</time>
      </trkpt>
      <trkpt lat="44.695114" lon="7.003479">
        <ele>2911.6</ele>
        <time>2026-08-16T12:35:26Z</time>
      </trkpt>
      <trkpt lat="44.695116" lon="7.003483">
        <ele>2911.8</ele>
        <time>2026-08-16T12:35:33Z</time>
      </trkpt>
      <trkpt lat="44.695117" lon="7.003484">
        <ele>2912.0</ele>
        <time>2026-08-16T12:35:34Z</time>
      </trkpt>
      <trkpt lat="44.6951" lon="7.003491">
        <ele>2911.2</ele>
        <time>2026-08-16T12:35:42Z</time>
      </trkpt>
      <trkpt lat="44.695137" lon="7.00346">
        <ele>2911.2</ele>
        <time>2026-08-16T12:35:50Z</time>
      </trkpt>
      <trkpt lat="44.695154" lon="7.003458">
        <ele>2911.0</ele>
        <time>2026-08-16T12:35:59Z</time>
      </trkpt>
      <trkpt lat="44.695124" lon="7.003503">
        <ele>2911.6</ele>
        <time>2026-08-16T12:36:07Z</time>
      </trkpt>
      <trkpt lat="44.695102" lon="7.003521">
        <ele>2911.2</ele>
        <time>2026-08-16T12:36:14Z</time>
      </trkpt>
      <trkpt lat="44.69511" lon="7.003512">
        <ele>2911.4</ele>
        <time>2026-08-16T12:36:17Z</time>
      </trkpt>
      <trkpt lat="44.695141" lon="7.003496">
        <ele>2911.6</ele>
        <time>2026-08-16T12:36:24Z</time>
      </trkpt>
      <trkpt lat="44.695137" lon="7.003506">
        <ele>2911.8</ele>
        <time>2026-08-16T12:36:33Z</time>
      </trkpt>
      <trkpt lat="44.695137" lon="7.003488">
        <ele>2912.0</ele>
        <time>2026-08-16T12:36:40Z</time>
      </trkpt>
      <trkpt lat="44.695125" lon="7.003477">
        <ele>2911.0</ele>
        <time>2026-08-16T12:36:49Z</time>
      </trkpt>
      <trkpt lat="44.695118" lon="7.003503">
        <ele>2911.6</ele>
        <time>2026-08-16T12:36:55Z</time>
      </trkpt>
      <trkpt lat="44.695112" lon="7.003507">
        <ele>2911.4</ele>
        <time>2026-08-16T12:36:56Z</time>
      </trkpt>
      <trkpt lat="44.695106" lon="7.003494">
        <ele>2911.0</ele>
        <time>2026-08-16T12:37:07Z</time>
      </trkpt>
      <trkpt lat="44.695092" lon="7.003508">
        <ele>2911.6</ele>
        <time>2026-08-16T12:37:14Z</time>
      </trkpt>
      <trkpt lat="44.695077" lon="7.003518">
        <ele>2912.2</ele>
        <time>2026-08-16T12:37:21Z</time>
      </trkpt>
      <trkpt lat="44.695076" lon="7.003518">
        <ele>2912.4</ele>
        <time>2026-08-16T12:37:22Z</time>
      </trkpt>
      <trkpt lat="44.695094" lon="7.003452">
        <ele>2912.2</ele>
        <time>2026-08-16T12:37:31Z</time>
      </trkpt>
      <trkpt lat="44.695097" lon="7.003476">
        <ele>2912.2</ele>
        <time>2026-08-16T12:37:33Z</time>
      </trkpt>
      <trkpt lat="44.6951" lon="7.003492">
        <ele>2912.2</ele>
        <time>2026-08-16T12:37:34Z</time>
      </trkpt>
      <trkpt lat="44.695108" lon="7.003532">
        <ele>2912.4</ele>
        <time>2026-08-16T12:37:37Z</time>
      </trkpt>
      <trkpt lat="44.69516" lon="7.003547">
        <ele>2913.2</ele>
        <time>2026-08-16T12:37:45Z</time>
      </trkpt>
      <trkpt lat="44.695176" lon="7.003548">
        <ele>2913.2</ele>
        <time>2026-08-16T12:37:46Z</time>
      </trkpt>
      <trkpt lat="44.695204" lon="7.003523">
        <ele>2912.4</ele>
        <time>2026-08-16T12:37:51Z</time>
      </trkpt>
      <trkpt lat="44.695188" lon="7.003502">
        <ele>2912.6</ele>
        <time>2026-08-16T12:37:58Z</time>
      </trkpt>
      <trkpt lat="44.695139" lon="7.003545">
        <ele>2912.4</ele>
        <time>2026-08-16T12:38:06Z</time>
      </trkpt>
      <trkpt lat="44.695164" lon="7.00351">
        <ele>2912.6</ele>
        <time>2026-08-16T12:38:14Z</time>
      </trkpt>
      <trkpt lat="44.695146" lon="7.003531">
        <ele>2913.0</ele>
        <time>2026-08-16T12:38:24Z</time>
      </trkpt>
      <trkpt lat="44.695089" lon="7.00351">
        <ele>2913.0</ele>
        <time>2026-08-16T12:38:30Z</time>
      </trkpt>
      <trkpt lat="44.69509" lon="7.003499">
        <ele>2912.6</ele>
        <time>2026-08-16T12:38:36Z</time>
      </trkpt>
      <trkpt lat="44.695098" lon="7.003509">
        <ele>2912.6</ele>
        <time>2026-08-16T12:38:46Z</time>
      </trkpt>
      <trkpt lat="44.695111" lon="7.003509">
        <ele>2912.0</ele>
        <time>2026-08-16T12:38:51Z</time>
      </trkpt>
      <trkpt lat="44.695112" lon="7.003505">
        <ele>2911.8</ele>
        <time>2026-08-16T12:38:56Z</time>
      </trkpt>
      <trkpt lat="44.695126" lon="7.003504">
        <ele>2911.8</ele>
        <time>2026-08-16T12:39:04Z</time>
      </trkpt>
      <trkpt lat="44.69512" lon="7.00351">
        <ele>2911.8</ele>
        <time>2026-08-16T12:39:07Z</time>
      </trkpt>
      <trkpt lat="44.695124" lon="7.003497">
        <ele>2912.4</ele>
        <time>2026-08-16T12:39:18Z</time>
      </trkpt>
      <trkpt lat="44.695113" lon="7.003497">
        <ele>2911.8</ele>
        <time>2026-08-16T12:39:30Z</time>
      </trkpt>
      <trkpt lat="44.695121" lon="7.003474">
        <ele>2911.4</ele>
        <time>2026-08-16T12:39:38Z</time>
      </trkpt>
      <trkpt lat="44.69513" lon="7.003478">
        <ele>2911.0</ele>
        <time>2026-08-16T12:39:46Z</time>
      </trkpt>
      <trkpt lat="44.695121" lon="7.003479">
        <ele>2911.0</ele>
        <time>2026-08-16T12:39:47Z</time>
      </trkpt>
      <trkpt lat="44.69509" lon="7.003536">
        <ele>2911.4</ele>
        <time>2026-08-16T12:39:56Z</time>
      </trkpt>
      <trkpt lat="44.6951" lon="7.003492">
        <ele>2911.8</ele>
        <time>2026-08-16T12:40:04Z</time>
      </trkpt>
      <trkpt lat="44.695108" lon="7.003482">
        <ele>2911.0</ele>
        <time>2026-08-16T12:40:12Z</time>
      </trkpt>
      <trkpt lat="44.695125" lon="7.003491">
        <ele>2912.0</ele>
        <time>2026-08-16T12:40:23Z</time>
      </trkpt>
      <trkpt lat="44.695118" lon="7.003486">
        <ele>2911.6</ele>
        <time>2026-08-16T12:40:33Z</time>
      </trkpt>
      <trkpt lat="44.695111" lon="7.0035">
        <ele>2912.4</ele>
        <time>2026-08-16T12:40:40Z</time>
      </trkpt>
    </trkseg>
  </trk>
</gpx>