<?xml version="1.0" encoding="UTF-8"?>
<gpx xmlns="http://www.topografix.com/GPX/1/1" xmlns:xsi="http://www.w3.org/2001/XMLSchema-instance" xsi:schemaLocation="http://www.topografix.com/GPX/1/1 http://www.topografix.com/GPX/1/1/gpx.xsd" version="1.1" creator="Alta Linea Continua">
  <metadata>
    <name>Alta Linea Continua – Stage 14: Vallone di Colombart to Colle della Maddalena</name>
  </metadata>
  <trk>
    <name>Alta Linea Continua – Stage 14: Vallone di Colombart to Colle della Maddalena</name>
    <trkseg>
      <trkpt lat="44.356387" lon="6.902248">
        <ele>2467.4</ele>
        <time>2026-08-09T04:01:09Z</time>
      </trkpt>
      <trkpt lat="44.356414" lon="6.902155">
        <ele>2467.4</ele>
        <time>2026-08-09T04:01:15Z</time>
      </trkpt>
      <trkpt lat="44.356424" lon="6.902118">
        <ele>2467.8</ele>
        <time>2026-08-09T04:01:22Z</time>
      </trkpt>
      <trkpt lat="44.356457" lon="6.902089">
        <ele>2468.4</ele>
        <time>2026-08-09T04:01:29Z</time>
      </trkpt>
      <trkpt lat="44.356471" lon="6.902073">
        <ele>2469.0</ele>
        <time>2026-08-09T04:01:31Z</time>
      </trkpt>
      <trkpt lat="44.356488" lon="6.902062">
        <ele>2469.4</ele>
        <time>2026-08-09T04:01:34Z</time>
      </trkpt>
      <trkpt lat="44.356504" lon="6.902072">
        <ele>2469.6</ele>
        <time>2026-08-09T04:01:36Z</time>
      </trkpt>
      <trkpt lat="44.356524" lon="6.902106">
        <ele>2469.8</ele>
        <time>2026-08-09T04:01:39Z</time>
      </trkpt>
      <trkpt lat="44.356549" lon="6.902142">
        <ele>2470.0</ele>
        <time>2026-08-09T04:01:42Z</time>
      </trkpt>
      <trkpt lat="44.356581" lon="6.902173">
        <ele>2470.4</ele>
        <time>2026-08-09T04:01:46Z</time>
      </trkpt>
      <trkpt lat="44.356599" lon="6.902186">
        <ele>2470.2</ele>
        <time>2026-08-09T04:01:48Z</time>
      </trkpt>
      <trkpt lat="44.356688" lon="6.902246">
        <ele>2468.8</ele>
        <time>2026-08-09T04:01:58Z</time>
      </trkpt>
      <trkpt lat="44.356769" lon="6.902316">
        <ele>2469.0</ele>
        <time>2026-08-09T04:02:06Z</time>
      </trkpt>
      <trkpt lat="44.356833" lon="6.902403">
        <ele>2469.8</ele>
        <time>2026-08-09T04:02:16Z</time>
      </trkpt>
      <trkpt lat="44.356902" lon="6.902476">
        <ele>2470.0</ele>
        <time>2026-08-09T04:02:24Z</time>
      </trkpt>
      <trkpt lat="44.356948" lon="6.902571">
        <ele>2469.8</ele>
        <time>2026-08-09T04:02:32Z</time>
      </trkpt>
      <trkpt lat="44.356964" lon="6.902592">
        <ele>2470.4</ele>
        <time>2026-08-09T04:02:35Z</time>
      </trkpt>
      <trkpt lat="44.35699" lon="6.90261">
        <ele>2471.6</ele>
        <time>2026-08-09T04:02:40Z</time>
      </trkpt>
      <trkpt lat="44.356993" lon="6.902613">
        <ele>2471.8</ele>
        <time>2026-08-09T04:02:41Z</time>
      </trkpt>
      <trkpt lat="44.357029" lon="6.902658">
        <ele>2472.8</ele>
        <time>2026-08-09T04:02:48Z</time>
      </trkpt>
      <trkpt lat="44.357034" lon="6.902665">
        <ele>2472.8</ele>
        <time>2026-08-09T04:02:49Z</time>
      </trkpt>
      <trkpt lat="44.357054" lon="6.902695">
        <ele>2474.0</ele>
        <time>2026-08-09T04:02:54Z</time>
      </trkpt>
      <trkpt lat="44.35706" lon="6.902702">
        <ele>2474.4</ele>
        <time>2026-08-09T04:02:57Z</time>
      </trkpt>
      <trkpt lat="44.357062" lon="6.902718">
        <ele>2475.0</ele>
        <time>2026-08-09T04:03:02Z</time>
      </trkpt>
      <trkpt lat="44.357067" lon="6.902745">
        <ele>2476.0</ele>
        <time>2026-08-09T04:03:07Z</time>
      </trkpt>
      <trkpt lat="44.357093" lon="6.902816">
        <ele>2477.0</ele>
        <time>2026-08-09T04:03:15Z</time>
      </trkpt>
      <trkpt lat="44.35711" lon="6.902839">
        <ele>2477.6</ele>
        <time>2026-08-09T04:03:17Z</time>
      </trkpt>
      <trkpt lat="44.357134" lon="6.902875">
        <ele>2478.0</ele>
        <time>2026-08-09T04:03:20Z</time>
      </trkpt>
      <trkpt lat="44.357157" lon="6.902915">
        <ele>2479.0</ele>
        <time>2026-08-09T04:03:25Z</time>
      </trkpt>
      <trkpt lat="44.35716" lon="6.902922">
        <ele>2479.2</ele>
        <time>2026-08-09T04:03:26Z</time>
      </trkpt>
      <trkpt lat="44.357176" lon="6.902954">
        <ele>2480.4</ele>
        <time>2026-08-09T04:03:31Z</time>
      </trkpt>
      <trkpt lat="44.357195" lon="6.902977">
        <ele>2481.2</ele>
        <time>2026-08-09T04:03:35Z</time>
      </trkpt>
      <trkpt lat="44.357202" lon="6.902977">
        <ele>2481.4</ele>
        <time>2026-08-09T04:03:37Z</time>
      </trkpt>
      <trkpt lat="44.3572" lon="6.902961">
        <ele>2481.8</ele>
        <time>2026-08-09T04:03:44Z</time>
      </trkpt>
      <trkpt lat="44.357203" lon="6.902994">
        <ele>2481.8</ele>
        <time>2026-08-09T04:03:50Z</time>
      </trkpt>
      <trkpt lat="44.35721" lon="6.903019">
        <ele>2482.0</ele>
        <time>2026-08-09T04:03:53Z</time>
      </trkpt>
      <trkpt lat="44.357225" lon="6.90304">
        <ele>2482.6</ele>
        <time>2026-08-09T04:03:56Z</time>
      </trkpt>
      <trkpt lat="44.357265" lon="6.90308">
        <ele>2483.8</ele>
        <time>2026-08-09T04:04:01Z</time>
      </trkpt>
      <trkpt lat="44.35727" lon="6.903089">
        <ele>2483.8</ele>
        <time>2026-08-09T04:04:02Z</time>
      </trkpt>
      <trkpt lat="44.357329" lon="6.903086">
        <ele>2485.0</ele>
        <time>2026-08-09T04:04:08Z</time>
      </trkpt>
      <trkpt lat="44.357376" lon="6.903119">
        <ele>2485.8</ele>
        <time>2026-08-09T04:04:15Z</time>
      </trkpt>
      <trkpt lat="44.357396" lon="6.903134">
        <ele>2486.0</ele>
        <time>2026-08-09T04:04:17Z</time>
      </trkpt>
      <trkpt lat="44.357432" lon="6.903185">
        <ele>2486.6</ele>
        <time>2026-08-09T04:04:23Z</time>
      </trkpt>
      <trkpt lat="44.357439" lon="6.903227">
        <ele>2487.0</ele>
        <time>2026-08-09T04:04:27Z</time>
      </trkpt>
      <trkpt lat="44.357447" lon="6.903245">
        <ele>2487.4</ele>
        <time>2026-08-09T04:04:30Z</time>
      </trkpt>
      <trkpt lat="44.357458" lon="6.903267">
        <ele>2488.0</ele>
        <time>2026-08-09T04:04:32Z</time>
      </trkpt>
      <trkpt lat="44.357504" lon="6.903312">
        <ele>2489.0</ele>
        <time>2026-08-09T04:04:38Z</time>
      </trkpt>
      <trkpt lat="44.357507" lon="6.903314">
        <ele>2489.2</ele>
        <time>2026-08-09T04:04:39Z</time>
      </trkpt>
      <trkpt lat="44.357561" lon="6.903362">
        <ele>2490.2</ele>
        <time>2026-08-09T04:04:46Z</time>
      </trkpt>
      <trkpt lat="44.357585" lon="6.903387">
        <ele>2490.8</ele>
        <time>2026-08-09T04:04:49Z</time>
      </trkpt>
      <trkpt lat="44.357622" lon="6.903414">
        <ele>2491.4</ele>
        <time>2026-08-09T04:04:53Z</time>
      </trkpt>
      <trkpt lat="44.357648" lon="6.903415">
        <ele>2491.8</ele>
        <time>2026-08-09T04:04:57Z</time>
      </trkpt>
      <trkpt lat="44.357671" lon="6.903434">
        <ele>2492.6</ele>
        <time>2026-08-09T04:05:01Z</time>
      </trkpt>
      <trkpt lat="44.357693" lon="6.903456">
        <ele>2493.2</ele>
        <time>2026-08-09T04:05:04Z</time>
      </trkpt>
      <trkpt lat="44.357733" lon="6.903492">
        <ele>2493.6</ele>
        <time>2026-08-09T04:05:09Z</time>
      </trkpt>
      <trkpt lat="44.357756" lon="6.903512">
        <ele>2494.2</ele>
        <time>2026-08-09T04:05:13Z</time>
      </trkpt>
      <trkpt lat="44.357769" lon="6.903518">
        <ele>2494.8</ele>
        <time>2026-08-09T04:05:15Z</time>
      </trkpt>
      <trkpt lat="44.357804" lon="6.903534">
        <ele>2495.6</ele>
        <time>2026-08-09T04:05:21Z</time>
      </trkpt>
      <trkpt lat="44.357816" lon="6.903545">
        <ele>2495.8</ele>
        <time>2026-08-09T04:05:23Z</time>
      </trkpt>
      <trkpt lat="44.357853" lon="6.903564">
        <ele>2496.8</ele>
        <time>2026-08-09T04:05:28Z</time>
      </trkpt>
      <trkpt lat="44.357862" lon="6.903571">
        <ele>2497.0</ele>
        <time>2026-08-09T04:05:29Z</time>
      </trkpt>
      <trkpt lat="44.357918" lon="6.903596">
        <ele>2498.0</ele>
        <time>2026-08-09T04:05:36Z</time>
      </trkpt>
      <trkpt lat="44.357929" lon="6.903597">
        <ele>2498.2</ele>
        <time>2026-08-09T04:05:38Z</time>
      </trkpt>
      <trkpt lat="44.357967" lon="6.903594">
        <ele>2499.0</ele>
        <time>2026-08-09T04:05:44Z</time>
      </trkpt>
      <trkpt lat="44.357997" lon="6.903596">
        <ele>2499.4</ele>
        <time>2026-08-09T04:05:47Z</time>
      </trkpt>
      <trkpt lat="44.358054" lon="6.903611">
        <ele>2499.4</ele>
        <time>2026-08-09T04:05:52Z</time>
      </trkpt>
      <trkpt lat="44.358087" lon="6.90361">
        <ele>2500.0</ele>
        <time>2026-08-09T04:05:56Z</time>
      </trkpt>
      <trkpt lat="44.358099" lon="6.903607">
        <ele>2500.2</ele>
        <time>2026-08-09T04:05:57Z</time>
      </trkpt>
      <trkpt lat="44.358165" lon="6.90359">
        <ele>2501.2</ele>
        <time>2026-08-09T04:06:04Z</time>
      </trkpt>
      <trkpt lat="44.358174" lon="6.903586">
        <ele>2501.2</ele>
        <time>2026-08-09T04:06:05Z</time>
      </trkpt>
      <trkpt lat="44.358226" lon="6.903528">
        <ele>2502.4</ele>
        <time>2026-08-09T04:06:13Z</time>
      </trkpt>
      <trkpt lat="44.358236" lon="6.90352">
        <ele>2502.4</ele>
        <time>2026-08-09T04:06:14Z</time>
      </trkpt>
      <trkpt lat="44.3583" lon="6.90347">
        <ele>2503.4</ele>
        <time>2026-08-09T04:06:22Z</time>
      </trkpt>
      <trkpt lat="44.358304" lon="6.903471">
        <ele>2503.4</ele>
        <time>2026-08-09T04:06:23Z</time>
      </trkpt>
      <trkpt lat="44.358291" lon="6.903476">
        <ele>2503.2</ele>
        <time>2026-08-09T04:06:30Z</time>
      </trkpt>
      <trkpt lat="44.358286" lon="6.903479">
        <ele>2503.2</ele>
        <time>2026-08-09T04:06:32Z</time>
      </trkpt>
      <trkpt lat="44.358283" lon="6.90348">
        <ele>2503.2</ele>
        <time>2026-08-09T04:06:34Z</time>
      </trkpt>
      <trkpt lat="44.358278" lon="6.903485">
        <ele>2503.2</ele>
        <time>2026-08-09T04:06:38Z</time>
      </trkpt>
      <trkpt lat="44.35828" lon="6.903488">
        <ele>2503.0</ele>
        <time>2026-08-09T04:06:42Z</time>
      </trkpt>
      <trkpt lat="44.358283" lon="6.903487">
        <ele>2503.2</ele>
        <time>2026-08-09T04:06:43Z</time>
      </trkpt>
      <trkpt lat="44.358308" lon="6.903477">
        <ele>2503.0</ele>
        <time>2026-08-09T04:07:00Z</time>
      </trkpt>
      <trkpt lat="44.358306" lon="6.903478">
        <ele>2503.0</ele>
        <time>2026-08-09T04:07:01Z</time>
      </trkpt>
      <trkpt lat="44.358303" lon="6.90348">
        <ele>2503.0</ele>
        <time>2026-08-09T04:07:03Z</time>
      </trkpt>
      <trkpt lat="44.358299" lon="6.903505">
        <ele>2503.2</ele>
        <time>2026-08-09T04:07:17Z</time>
      </trkpt>
      <trkpt lat="44.358329" lon="6.903506">
        <ele>2503.2</ele>
        <time>2026-08-09T04:07:27Z</time>
      </trkpt>
      <trkpt lat="44.358327" lon="6.903505">
        <ele>2503.2</ele>
        <time>2026-08-09T04:07:30Z</time>
      </trkpt>
      <trkpt lat="44.358324" lon="6.903505">
        <ele>2503.2</ele>
        <time>2026-08-09T04:07:31Z</time>
      </trkpt>
      <trkpt lat="44.358301" lon="6.903496">
        <ele>2503.2</ele>
        <time>2026-08-09T04:07:45Z</time>
      </trkpt>
      <trkpt lat="44.358304" lon="6.903491">
        <ele>2503.2</ele>
        <time>2026-08-09T04:08:10Z</time>
      </trkpt>
      <trkpt lat="44.358295" lon="6.903501">
        <ele>2503.2</ele>
        <time>2026-08-09T04:08:14Z</time>
      </trkpt>
      <trkpt lat="44.358301" lon="6.903496">
        <ele>2503.4</ele>
        <time>2026-08-09T04:08:19Z</time>
      </trkpt>
      <trkpt lat="44.358293" lon="6.903488">
        <ele>2503.6</ele>
        <time>2026-08-09T04:08:28Z</time>
      </trkpt>
      <trkpt lat="44.358293" lon="6.90348">
        <ele>2503.4</ele>
        <time>2026-08-09T04:08:39Z</time>
      </trkpt>
      <trkpt lat="44.358287" lon="6.903471">
        <ele>2503.4</ele>
        <time>2026-08-09T04:08:42Z</time>
      </trkpt>
      <trkpt lat="44.358284" lon="6.903424">
        <ele>2503.6</ele>
        <time>2026-08-09T04:08:49Z</time>
      </trkpt>
      <trkpt lat="44.358258" lon="6.90334">
        <ele>2504.4</ele>
        <time>2026-08-09T04:08:56Z</time>
      </trkpt>
      <trkpt lat="44.35824" lon="6.903293">
        <ele>2505.2</ele>
        <time>2026-08-09T04:09:02Z</time>
      </trkpt>
      <trkpt lat="44.358233" lon="6.903273">
        <ele>2505.4</ele>
        <time>2026-08-09T04:09:04Z</time>
      </trkpt>
      <trkpt lat="44.358226" lon="6.903255">
        <ele>2505.6</ele>
        <time>2026-08-09T04:09:06Z</time>
      </trkpt>
      <trkpt lat="44.358223" lon="6.903234">
        <ele>2506.4</ele>
        <time>2026-08-09T04:09:14Z</time>
      </trkpt>
      <trkpt lat="44.358209" lon="6.90317">
        <ele>2506.6</ele>
        <time>2026-08-09T04:09:22Z</time>
      </trkpt>
      <trkpt lat="44.35816" lon="6.903078">
        <ele>2507.4</ele>
        <time>2026-08-09T04:09:31Z</time>
      </trkpt>
      <trkpt lat="44.358122" lon="6.902989">
        <ele>2507.6</ele>
        <time>2026-08-09T04:09:37Z</time>
      </trkpt>
      <trkpt lat="44.358106" lon="6.902948">
        <ele>2507.6</ele>
        <time>2026-08-09T04:09:40Z</time>
      </trkpt>
      <trkpt lat="44.358096" lon="6.902897">
        <ele>2507.6</ele>
        <time>2026-08-09T04:09:44Z</time>
      </trkpt>
      <trkpt lat="44.358074" lon="6.902799">
        <ele>2507.6</ele>
        <time>2026-08-09T04:09:51Z</time>
      </trkpt>
      <trkpt lat="44.358023" lon="6.902644">
        <ele>2508.6</ele>
        <time>2026-08-09T04:10:02Z</time>
      </trkpt>
      <trkpt lat="44.358013" lon="6.902558">
        <ele>2509.8</ele>
        <time>2026-08-09T04:10:09Z</time>
      </trkpt>
      <trkpt lat="44.358007" lon="6.902521">
        <ele>2510.2</ele>
        <time>2026-08-09T04:10:12Z</time>
      </trkpt>
      <trkpt lat="44.357996" lon="6.902468">
        <ele>2510.8</ele>
        <time>2026-08-09T04:10:16Z</time>
      </trkpt>
      <trkpt lat="44.357987" lon="6.902419">
        <ele>2511.6</ele>
        <time>2026-08-09T04:10:21Z</time>
      </trkpt>
      <trkpt lat="44.357985" lon="6.902393">
        <ele>2512.0</ele>
        <time>2026-08-09T04:10:23Z</time>
      </trkpt>
      <trkpt lat="44.357985" lon="6.902313">
        <ele>2513.0</ele>
        <time>2026-08-09T04:10:29Z</time>
      </trkpt>
      <trkpt lat="44.357986" lon="6.9023">
        <ele>2513.0</ele>
        <time>2026-08-09T04:10:30Z</time>
      </trkpt>
      <trkpt lat="44.357983" lon="6.902203">
        <ele>2514.2</ele>
        <time>2026-08-09T04:10:38Z</time>
      </trkpt>
      <trkpt lat="44.357972" lon="6.902126">
        <ele>2515.2</ele>
        <time>2026-08-09T04:10:46Z</time>
      </trkpt>
      <trkpt lat="44.35794" lon="6.902072">
        <ele>2516.2</ele>
        <time>2026-08-09T04:10:53Z</time>
      </trkpt>
      <trkpt lat="44.357938" lon="6.902057">
        <ele>2516.4</ele>
        <time>2026-08-09T04:10:55Z</time>
      </trkpt>
      <trkpt lat="44.357935" lon="6.902009">
        <ele>2517.4</ele>
        <time>2026-08-09T04:11:01Z</time>
      </trkpt>
      <trkpt lat="44.357955" lon="6.901937">
        <ele>2518.4</ele>
        <time>2026-08-09T04:11:08Z</time>
      </trkpt>
      <trkpt lat="44.357958" lon="6.901937">
        <ele>2518.6</ele>
        <time>2026-08-09T04:11:09Z</time>
      </trkpt>
      <trkpt lat="44.357972" lon="6.901911">
        <ele>2519.4</ele>
        <time>2026-08-09T04:11:13Z</time>
      </trkpt>
      <trkpt lat="44.35799" lon="6.901892">
        <ele>2520.2</ele>
        <time>2026-08-09T04:11:17Z</time>
      </trkpt>
      <trkpt lat="44.35803" lon="6.901839">
        <ele>2520.6</ele>
        <time>2026-08-09T04:11:23Z</time>
      </trkpt>
      <trkpt lat="44.358059" lon="6.901798">
        <ele>2520.8</ele>
        <time>2026-08-09T04:11:27Z</time>
      </trkpt>
      <trkpt lat="44.358075" lon="6.90174">
        <ele>2521.6</ele>
        <time>2026-08-09T04:11:32Z</time>
      </trkpt>
      <trkpt lat="44.358089" lon="6.901672">
        <ele>2521.8</ele>
        <time>2026-08-09T04:11:37Z</time>
      </trkpt>
      <trkpt lat="44.358109" lon="6.901547">
        <ele>2522.0</ele>
        <time>2026-08-09T04:11:45Z</time>
      </trkpt>
      <trkpt lat="44.358126" lon="6.901511">
        <ele>2522.2</ele>
        <time>2026-08-09T04:11:48Z</time>
      </trkpt>
      <trkpt lat="44.358171" lon="6.901451">
        <ele>2520.8</ele>
        <time>2026-08-09T04:11:54Z</time>
      </trkpt>
      <trkpt lat="44.35819" lon="6.901429">
        <ele>2520.6</ele>
        <time>2026-08-09T04:11:56Z</time>
      </trkpt>
      <trkpt lat="44.358258" lon="6.901337">
        <ele>2521.8</ele>
        <time>2026-08-09T04:12:03Z</time>
      </trkpt>
      <trkpt lat="44.35827" lon="6.901315">
        <ele>2522.0</ele>
        <time>2026-08-09T04:12:05Z</time>
      </trkpt>
      <trkpt lat="44.3583" lon="6.901293">
        <ele>2522.0</ele>
        <time>2026-08-09T04:12:10Z</time>
      </trkpt>
      <trkpt lat="44.358321" lon="6.901275">
        <ele>2522.2</ele>
        <time>2026-08-09T04:12:13Z</time>
      </trkpt>
      <trkpt lat="44.358315" lon="6.90127">
        <ele>2522.4</ele>
        <time>2026-08-09T04:12:23Z</time>
      </trkpt>
      <trkpt lat="44.358336" lon="6.901197">
        <ele>2523.0</ele>
        <time>2026-08-09T04:12:32Z</time>
      </trkpt>
      <trkpt lat="44.358404" lon="6.901141">
        <ele>2524.0</ele>
        <time>2026-08-09T04:12:41Z</time>
      </trkpt>
      <trkpt lat="44.358454" lon="6.901116">
        <ele>2525.0</ele>
        <time>2026-08-09T04:12:48Z</time>
      </trkpt>
      <trkpt lat="44.358467" lon="6.901108">
        <ele>2525.6</ele>
        <time>2026-08-09T04:12:50Z</time>
      </trkpt>
      <trkpt lat="44.35847" lon="6.901107">
        <ele>2526.2</ele>
        <time>2026-08-09T04:12:53Z</time>
      </trkpt>
      <trkpt lat="44.3585" lon="6.901082">
        <ele>2527.0</ele>
        <time>2026-08-09T04:12:58Z</time>
      </trkpt>
      <trkpt lat="44.358549" lon="6.900987">
        <ele>2527.2</ele>
        <time>2026-08-09T04:13:05Z</time>
      </trkpt>
      <trkpt lat="44.358566" lon="6.900886">
        <ele>2528.2</ele>
        <time>2026-08-09T04:13:14Z</time>
      </trkpt>
      <trkpt lat="44.358566" lon="6.900874">
        <ele>2528.4</ele>
        <time>2026-08-09T04:13:15Z</time>
      </trkpt>
      <trkpt lat="44.358564" lon="6.900754">
        <ele>2529.4</ele>
        <time>2026-08-09T04:13:23Z</time>
      </trkpt>
      <trkpt lat="44.358561" lon="6.900731">
        <ele>2529.6</ele>
        <time>2026-08-09T04:13:25Z</time>
      </trkpt>
      <trkpt lat="44.358566" lon="6.90056">
        <ele>2530.0</ele>
        <time>2026-08-09T04:13:36Z</time>
      </trkpt>
      <trkpt lat="44.358562" lon="6.900439">
        <ele>2530.2</ele>
        <time>2026-08-09T04:13:44Z</time>
      </trkpt>
      <trkpt lat="44.358552" lon="6.9004">
        <ele>2530.4</ele>
        <time>2026-08-09T04:13:47Z</time>
      </trkpt>
      <trkpt lat="44.35853" lon="6.900333">
        <ele>2530.4</ele>
        <time>2026-08-09T04:13:51Z</time>
      </trkpt>
      <trkpt lat="44.35851" lon="6.900215">
        <ele>2531.2</ele>
        <time>2026-08-09T04:13:59Z</time>
      </trkpt>
      <trkpt lat="44.358469" lon="6.900058">
        <ele>2531.2</ele>
        <time>2026-08-09T04:14:11Z</time>
      </trkpt>
      <trkpt lat="44.358464" lon="6.900047">
        <ele>2531.4</ele>
        <time>2026-08-09T04:14:12Z</time>
      </trkpt>
      <trkpt lat="44.358406" lon="6.899961">
        <ele>2532.4</ele>
        <time>2026-08-09T04:14:20Z</time>
      </trkpt>
      <trkpt lat="44.358376" lon="6.899831">
        <ele>2532.8</ele>
        <time>2026-08-09T04:14:29Z</time>
      </trkpt>
      <trkpt lat="44.358372" lon="6.899695">
        <ele>2532.8</ele>
        <time>2026-08-09T04:14:39Z</time>
      </trkpt>
      <trkpt lat="44.358373" lon="6.89958">
        <ele>2532.6</ele>
        <time>2026-08-09T04:14:47Z</time>
      </trkpt>
      <trkpt lat="44.358391" lon="6.899446">
        <ele>2532.8</ele>
        <time>2026-08-09T04:14:54Z</time>
      </trkpt>
      <trkpt lat="44.358431" lon="6.899393">
        <ele>2533.6</ele>
        <time>2026-08-09T04:14:58Z</time>
      </trkpt>
      <trkpt lat="44.358474" lon="6.89936">
        <ele>2533.8</ele>
        <time>2026-08-09T04:15:02Z</time>
      </trkpt>
      <trkpt lat="44.358511" lon="6.899269">
        <ele>2534.4</ele>
        <time>2026-08-09T04:15:10Z</time>
      </trkpt>
      <trkpt lat="44.358515" lon="6.89915">
        <ele>2534.6</ele>
        <time>2026-08-09T04:15:18Z</time>
      </trkpt>
      <trkpt lat="44.358515" lon="6.899129">
        <ele>2534.6</ele>
        <time>2026-08-09T04:15:19Z</time>
      </trkpt>
      <trkpt lat="44.358527" lon="6.898983">
        <ele>2534.8</ele>
        <time>2026-08-09T04:15:28Z</time>
      </trkpt>
      <trkpt lat="44.358553" lon="6.898909">
        <ele>2535.8</ele>
        <time>2026-08-09T04:15:35Z</time>
      </trkpt>
      <trkpt lat="44.358556" lon="6.898896">
        <ele>2535.8</ele>
        <time>2026-08-09T04:15:36Z</time>
      </trkpt>
      <trkpt lat="44.358556" lon="6.898753">
        <ele>2536.2</ele>
        <time>2026-08-09T04:15:45Z</time>
      </trkpt>
      <trkpt lat="44.358537" lon="6.898538">
        <ele>2536.0</ele>
        <time>2026-08-09T04:15:58Z</time>
      </trkpt>
      <trkpt lat="44.358509" lon="6.898384">
        <ele>2536.2</ele>
        <time>2026-08-09T04:16:08Z</time>
      </trkpt>
      <trkpt lat="44.358498" lon="6.898265">
        <ele>2536.8</ele>
        <time>2026-08-09T04:16:16Z</time>
      </trkpt>
      <trkpt lat="44.358495" lon="6.898209">
        <ele>2537.0</ele>
        <time>2026-08-09T04:16:19Z</time>
      </trkpt>
      <trkpt lat="44.358492" lon="6.897966">
        <ele>2537.6</ele>
        <time>2026-08-09T04:16:32Z</time>
      </trkpt>
      <trkpt lat="44.358507" lon="6.897851">
        <ele>2537.6</ele>
        <time>2026-08-09T04:16:41Z</time>
      </trkpt>
      <trkpt lat="44.358515" lon="6.897798">
        <ele>2537.8</ele>
        <time>2026-08-09T04:16:44Z</time>
      </trkpt>
      <trkpt lat="44.358559" lon="6.897689">
        <ele>2538.4</ele>
        <time>2026-08-09T04:16:51Z</time>
      </trkpt>
      <trkpt lat="44.35859" lon="6.897578">
        <ele>2538.8</ele>
        <time>2026-08-09T04:16:58Z</time>
      </trkpt>
      <trkpt lat="44.358597" lon="6.897545">
        <ele>2538.8</ele>
        <time>2026-08-09T04:17:00Z</time>
      </trkpt>
      <trkpt lat="44.358642" lon="6.897426">
        <ele>2539.0</ele>
        <time>2026-08-09T04:17:10Z</time>
      </trkpt>
      <trkpt lat="44.358657" lon="6.897355">
        <ele>2539.2</ele>
        <time>2026-08-09T04:17:16Z</time>
      </trkpt>
      <trkpt lat="44.358672" lon="6.897258">
        <ele>2540.0</ele>
        <time>2026-08-09T04:17:22Z</time>
      </trkpt>
      <trkpt lat="44.35869" lon="6.8972">
        <ele>2539.4</ele>
        <time>2026-08-09T04:17:26Z</time>
      </trkpt>
      <trkpt lat="44.358715" lon="6.897048">
        <ele>2539.4</ele>
        <time>2026-08-09T04:17:35Z</time>
      </trkpt>
      <trkpt lat="44.358781" lon="6.896945">
        <ele>2539.0</ele>
        <time>2026-08-09T04:17:43Z</time>
      </trkpt>
      <trkpt lat="44.358788" lon="6.896936">
        <ele>2538.8</ele>
        <time>2026-08-09T04:17:44Z</time>
      </trkpt>
      <trkpt lat="44.358814" lon="6.896827">
        <ele>2538.0</ele>
        <time>2026-08-09T04:17:51Z</time>
      </trkpt>
      <trkpt lat="44.358857" lon="6.896671">
        <ele>2538.0</ele>
        <time>2026-08-09T04:18:00Z</time>
      </trkpt>
      <trkpt lat="44.358875" lon="6.89654">
        <ele>2538.8</ele>
        <time>2026-08-09T04:18:08Z</time>
      </trkpt>
      <trkpt lat="44.358863" lon="6.896471">
        <ele>2539.8</ele>
        <time>2026-08-09T04:18:13Z</time>
      </trkpt>
      <trkpt lat="44.358866" lon="6.896391">
        <ele>2540.8</ele>
        <time>2026-08-09T04:18:17Z</time>
      </trkpt>
      <trkpt lat="44.358903" lon="6.896323">
        <ele>2541.4</ele>
        <time>2026-08-09T04:18:22Z</time>
      </trkpt>
      <trkpt lat="44.358972" lon="6.8962">
        <ele>2540.8</ele>
        <time>2026-08-09T04:18:32Z</time>
      </trkpt>
      <trkpt lat="44.359017" lon="6.89607">
        <ele>2540.4</ele>
        <time>2026-08-09T04:18:40Z</time>
      </trkpt>
      <trkpt lat="44.35904" lon="6.895987">
        <ele>2542.0</ele>
        <time>2026-08-09T04:18:45Z</time>
      </trkpt>
      <trkpt lat="44.359054" lon="6.895946">
        <ele>2542.0</ele>
        <time>2026-08-09T04:18:48Z</time>
      </trkpt>
      <trkpt lat="44.359091" lon="6.895813">
        <ele>2542.8</ele>
        <time>2026-08-09T04:18:57Z</time>
      </trkpt>
      <trkpt lat="44.359094" lon="6.895803">
        <ele>2543.0</ele>
        <time>2026-08-09T04:18:58Z</time>
      </trkpt>
      <trkpt lat="44.359126" lon="6.895713">
        <ele>2543.6</ele>
        <time>2026-08-09T04:19:06Z</time>
      </trkpt>
      <trkpt lat="44.359189" lon="6.895609">
        <ele>2543.4</ele>
        <time>2026-08-09T04:19:15Z</time>
      </trkpt>
      <trkpt lat="44.359207" lon="6.895551">
        <ele>2544.0</ele>
        <time>2026-08-09T04:19:20Z</time>
      </trkpt>
      <trkpt lat="44.359222" lon="6.895507">
        <ele>2544.6</ele>
        <time>2026-08-09T04:19:23Z</time>
      </trkpt>
      <trkpt lat="44.359231" lon="6.89546">
        <ele>2545.2</ele>
        <time>2026-08-09T04:19:26Z</time>
      </trkpt>
      <trkpt lat="44.35924" lon="6.895388">
        <ele>2546.0</ele>
        <time>2026-08-09T04:19:31Z</time>
      </trkpt>
      <trkpt lat="44.359253" lon="6.895359">
        <ele>2546.2</ele>
        <time>2026-08-09T04:19:34Z</time>
      </trkpt>
      <trkpt lat="44.35928" lon="6.895297">
        <ele>2547.2</ele>
        <time>2026-08-09T04:19:39Z</time>
      </trkpt>
      <trkpt lat="44.35929" lon="6.895281">
        <ele>2547.4</ele>
        <time>2026-08-09T04:19:40Z</time>
      </trkpt>
      <trkpt lat="44.359332" lon="6.895218">
        <ele>2548.0</ele>
        <time>2026-08-09T04:19:47Z</time>
      </trkpt>
      <trkpt lat="44.359351" lon="6.895189">
        <ele>2548.4</ele>
        <time>2026-08-09T04:19:52Z</time>
      </trkpt>
      <trkpt lat="44.359356" lon="6.895178">
        <ele>2548.6</ele>
        <time>2026-08-09T04:19:54Z</time>
      </trkpt>
      <trkpt lat="44.359358" lon="6.895172">
        <ele>2548.8</ele>
        <time>2026-08-09T04:19:55Z</time>
      </trkpt>
      <trkpt lat="44.359369" lon="6.895126">
        <ele>2549.8</ele>
        <time>2026-08-09T04:20:00Z</time>
      </trkpt>
      <trkpt lat="44.359372" lon="6.895097">
        <ele>2550.2</ele>
        <time>2026-08-09T04:20:03Z</time>
      </trkpt>
      <trkpt lat="44.359379" lon="6.895041">
        <ele>2550.8</ele>
        <time>2026-08-09T04:20:09Z</time>
      </trkpt>
      <trkpt lat="44.359384" lon="6.895031">
        <ele>2551.2</ele>
        <time>2026-08-09T04:20:11Z</time>
      </trkpt>
      <trkpt lat="44.3594" lon="6.895003">
        <ele>2551.8</ele>
        <time>2026-08-09T04:20:16Z</time>
      </trkpt>
      <trkpt lat="44.359409" lon="6.894981">
        <ele>2552.6</ele>
        <time>2026-08-09T04:20:21Z</time>
      </trkpt>
      <trkpt lat="44.359411" lon="6.89497">
        <ele>2552.8</ele>
        <time>2026-08-09T04:20:23Z</time>
      </trkpt>
      <trkpt lat="44.359408" lon="6.894938">
        <ele>2553.6</ele>
        <time>2026-08-09T04:20:31Z</time>
      </trkpt>
      <trkpt lat="44.35941" lon="6.894921">
        <ele>2554.2</ele>
        <time>2026-08-09T04:20:33Z</time>
      </trkpt>
      <trkpt lat="44.359419" lon="6.894895">
        <ele>2555.2</ele>
        <time>2026-08-09T04:20:38Z</time>
      </trkpt>
      <trkpt lat="44.359422" lon="6.894874">
        <ele>2555.4</ele>
        <time>2026-08-09T04:20:40Z</time>
      </trkpt>
      <trkpt lat="44.359433" lon="6.894819">
        <ele>2556.2</ele>
        <time>2026-08-09T04:20:44Z</time>
      </trkpt>
      <trkpt lat="44.35945" lon="6.894784">
        <ele>2557.2</ele>
        <time>2026-08-09T04:20:48Z</time>
      </trkpt>
      <trkpt lat="44.359456" lon="6.894775">
        <ele>2557.2</ele>
        <time>2026-08-09T04:20:51Z</time>
      </trkpt>
      <trkpt lat="44.359479" lon="6.894748">
        <ele>2557.8</ele>
        <time>2026-08-09T04:20:55Z</time>
      </trkpt>
      <trkpt lat="44.359527" lon="6.894693">
        <ele>2558.4</ele>
        <time>2026-08-09T04:21:04Z</time>
      </trkpt>
      <trkpt lat="44.359558" lon="6.89464">
        <ele>2559.0</ele>
        <time>2026-08-09T04:21:11Z</time>
      </trkpt>
      <trkpt lat="44.35958" lon="6.894593">
        <ele>2559.4</ele>
        <time>2026-08-09T04:21:17Z</time>
      </trkpt>
      <trkpt lat="44.3596" lon="6.894557">
        <ele>2560.0</ele>
        <time>2026-08-09T04:21:22Z</time>
      </trkpt>
      <trkpt lat="44.35962" lon="6.894546">
        <ele>2560.6</ele>
        <time>2026-08-09T04:21:26Z</time>
      </trkpt>
      <trkpt lat="44.359631" lon="6.894549">
        <ele>2561.0</ele>
        <time>2026-08-09T04:21:31Z</time>
      </trkpt>
      <trkpt lat="44.359649" lon="6.894538">
        <ele>2561.4</ele>
        <time>2026-08-09T04:21:34Z</time>
      </trkpt>
      <trkpt lat="44.359666" lon="6.894518">
        <ele>2561.6</ele>
        <time>2026-08-09T04:21:37Z</time>
      </trkpt>
      <trkpt lat="44.359671" lon="6.894493">
        <ele>2562.6</ele>
        <time>2026-08-09T04:21:41Z</time>
      </trkpt>
      <trkpt lat="44.359673" lon="6.894491">
        <ele>2562.8</ele>
        <time>2026-08-09T04:21:42Z</time>
      </trkpt>
      <trkpt lat="44.359709" lon="6.894443">
        <ele>2563.6</ele>
        <time>2026-08-09T04:21:50Z</time>
      </trkpt>
      <trkpt lat="44.359719" lon="6.894426">
        <ele>2563.8</ele>
        <time>2026-08-09T04:21:52Z</time>
      </trkpt>
      <trkpt lat="44.359748" lon="6.894423">
        <ele>2565.0</ele>
        <time>2026-08-09T04:21:59Z</time>
      </trkpt>
      <trkpt lat="44.359756" lon="6.894415">
        <ele>2566.2</ele>
        <time>2026-08-09T04:22:05Z</time>
      </trkpt>
      <trkpt lat="44.359766" lon="6.894406">
        <ele>2566.8</ele>
        <time>2026-08-09T04:22:08Z</time>
      </trkpt>
      <trkpt lat="44.35978" lon="6.894377">
        <ele>2567.2</ele>
        <time>2026-08-09T04:22:12Z</time>
      </trkpt>
      <trkpt lat="44.359813" lon="6.894313">
        <ele>2567.6</ele>
        <time>2026-08-09T04:22:17Z</time>
      </trkpt>
      <trkpt lat="44.359863" lon="6.894213">
        <ele>2568.2</ele>
        <time>2026-08-09T04:22:27Z</time>
      </trkpt>
      <trkpt lat="44.359885" lon="6.894183">
        <ele>2569.0</ele>
        <time>2026-08-09T04:22:36Z</time>
      </trkpt>
      <trkpt lat="44.359903" lon="6.89415">
        <ele>2569.0</ele>
        <time>2026-08-09T04:22:41Z</time>
      </trkpt>
      <trkpt lat="44.359901" lon="6.894153">
        <ele>2569.0</ele>
        <time>2026-08-09T04:22:43Z</time>
      </trkpt>
      <trkpt lat="44.359907" lon="6.894128">
        <ele>2569.2</ele>
        <time>2026-08-09T04:22:48Z</time>
      </trkpt>
      <trkpt lat="44.35991" lon="6.894151">
        <ele>2569.4</ele>
        <time>2026-08-09T04:22:50Z</time>
      </trkpt>
      <trkpt lat="44.359894" lon="6.894172">
        <ele>2569.6</ele>
        <time>2026-08-09T04:22:59Z</time>
      </trkpt>
      <trkpt lat="44.359902" lon="6.894162">
        <ele>2569.2</ele>
        <time>2026-08-09T04:23:08Z</time>
      </trkpt>
      <trkpt lat="44.359898" lon="6.894174">
        <ele>2569.4</ele>
        <time>2026-08-09T04:23:13Z</time>
      </trkpt>
      <trkpt lat="44.359893" lon="6.89418">
        <ele>2569.4</ele>
        <time>2026-08-09T04:23:14Z</time>
      </trkpt>
      <trkpt lat="44.359887" lon="6.894184">
        <ele>2569.2</ele>
        <time>2026-08-09T04:23:15Z</time>
      </trkpt>
      <trkpt lat="44.359885" lon="6.894184">
        <ele>2569.0</ele>
        <time>2026-08-09T04:23:18Z</time>
      </trkpt>
      <trkpt lat="44.359888" lon="6.894186">
        <ele>2569.4</ele>
        <time>2026-08-09T04:23:23Z</time>
      </trkpt>
      <trkpt lat="44.359897" lon="6.894172">
        <ele>2569.6</ele>
        <time>2026-08-09T04:23:30Z</time>
      </trkpt>
      <trkpt lat="44.35987" lon="6.894221">
        <ele>2569.4</ele>
        <time>2026-08-09T04:23:38Z</time>
      </trkpt>
      <trkpt lat="44.359878" lon="6.89418">
        <ele>2568.8</ele>
        <time>2026-08-09T04:23:45Z</time>
      </trkpt>
      <trkpt lat="44.359893" lon="6.894165">
        <ele>2569.0</ele>
        <time>2026-08-09T04:23:55Z</time>
      </trkpt>
      <trkpt lat="44.359911" lon="6.894182">
        <ele>2569.6</ele>
        <time>2026-08-09T04:24:05Z</time>
      </trkpt>
      <trkpt lat="44.3599" lon="6.894202">
        <ele>2569.0</ele>
        <time>2026-08-09T04:24:14Z</time>
      </trkpt>
      <trkpt lat="44.359876" lon="6.894181">
        <ele>2569.0</ele>
        <time>2026-08-09T04:24:21Z</time>
      </trkpt>
      <trkpt lat="44.359904" lon="6.894213">
        <ele>2568.6</ele>
        <time>2026-08-09T04:24:30Z</time>
      </trkpt>
      <trkpt lat="44.359893" lon="6.894181">
        <ele>2569.4</ele>
        <time>2026-08-09T04:24:39Z</time>
      </trkpt>
      <trkpt lat="44.359885" lon="6.894176">
        <ele>2568.8</ele>
        <time>2026-08-09T04:24:48Z</time>
      </trkpt>
      <trkpt lat="44.359883" lon="6.894171">
        <ele>2568.4</ele>
        <time>2026-08-09T04:24:59Z</time>
      </trkpt>
      <trkpt lat="44.35989" lon="6.894184">
        <ele>2568.2</ele>
        <time>2026-08-09T04:25:07Z</time>
      </trkpt>
      <trkpt lat="44.359889" lon="6.894184">
        <ele>2568.2</ele>
        <time>2026-08-09T04:25:08Z</time>
      </trkpt>
      <trkpt lat="44.359889" lon="6.894191">
        <ele>2568.0</ele>
        <time>2026-08-09T04:25:19Z</time>
      </trkpt>
      <trkpt lat="44.359902" lon="6.894185">
        <ele>2568.2</ele>
        <time>2026-08-09T04:25:28Z</time>
      </trkpt>
      <trkpt lat="44.359934" lon="6.894178">
        <ele>2568.4</ele>
        <time>2026-08-09T04:25:36Z</time>
      </trkpt>
      <trkpt lat="44.359895" lon="6.89422">
        <ele>2568.4</ele>
        <time>2026-08-09T04:25:44Z</time>
      </trkpt>
      <trkpt lat="44.359915" lon="6.894228">
        <ele>2568.6</ele>
        <time>2026-08-09T04:25:50Z</time>
      </trkpt>
      <trkpt lat="44.359939" lon="6.894125">
        <ele>2568.0</ele>
        <time>2026-08-09T04:25:57Z</time>
      </trkpt>
      <trkpt lat="44.359963" lon="6.894065">
        <ele>2569.2</ele>
        <time>2026-08-09T04:26:06Z</time>
      </trkpt>
      <trkpt lat="44.359966" lon="6.894059">
        <ele>2569.2</ele>
        <time>2026-08-09T04:26:07Z</time>
      </trkpt>
      <trkpt lat="44.360002" lon="6.893972">
        <ele>2570.4</ele>
        <time>2026-08-09T04:26:15Z</time>
      </trkpt>
      <trkpt lat="44.36003" lon="6.893921">
        <ele>2571.4</ele>
        <time>2026-08-09T04:26:21Z</time>
      </trkpt>
      <trkpt lat="44.36003" lon="6.893914">
        <ele>2571.4</ele>
        <time>2026-08-09T04:26:22Z</time>
      </trkpt>
      <trkpt lat="44.360031" lon="6.893911">
        <ele>2571.6</ele>
        <time>2026-08-09T04:26:23Z</time>
      </trkpt>
      <trkpt lat="44.360058" lon="6.89388">
        <ele>2572.6</ele>
        <time>2026-08-09T04:26:30Z</time>
      </trkpt>
      <trkpt lat="44.360073" lon="6.893861">
        <ele>2572.8</ele>
        <time>2026-08-09T04:26:32Z</time>
      </trkpt>
      <trkpt lat="44.360127" lon="6.893796">
        <ele>2573.6</ele>
        <time>2026-08-09T04:26:40Z</time>
      </trkpt>
      <trkpt lat="44.36013" lon="6.893793">
        <ele>2573.8</ele>
        <time>2026-08-09T04:26:41Z</time>
      </trkpt>
      <trkpt lat="44.36016" lon="6.893748">
        <ele>2574.6</ele>
        <time>2026-08-09T04:26:46Z</time>
      </trkpt>
      <trkpt lat="44.360183" lon="6.893703">
        <ele>2575.6</ele>
        <time>2026-08-09T04:26:52Z</time>
      </trkpt>
      <trkpt lat="44.360182" lon="6.893704">
        <ele>2575.6</ele>
        <time>2026-08-09T04:26:53Z</time>
      </trkpt>
      <trkpt lat="44.36022" lon="6.89366">
        <ele>2576.4</ele>
        <time>2026-08-09T04:26:59Z</time>
      </trkpt>
      <trkpt lat="44.360236" lon="6.893644">
        <ele>2576.6</ele>
        <time>2026-08-09T04:27:01Z</time>
      </trkpt>
      <trkpt lat="44.360268" lon="6.893619">
        <ele>2577.4</ele>
        <time>2026-08-09T04:27:08Z</time>
      </trkpt>
      <trkpt lat="44.360267" lon="6.893584">
        <ele>2577.8</ele>
        <time>2026-08-09T04:27:11Z</time>
      </trkpt>
      <trkpt lat="44.360283" lon="6.893527">
        <ele>2578.6</ele>
        <time>2026-08-09T04:27:15Z</time>
      </trkpt>
      <trkpt lat="44.360288" lon="6.893514">
        <ele>2578.8</ele>
        <time>2026-08-09T04:27:16Z</time>
      </trkpt>
      <trkpt lat="44.360318" lon="6.893447">
        <ele>2580.0</ele>
        <time>2026-08-09T04:27:23Z</time>
      </trkpt>
      <trkpt lat="44.360327" lon="6.893424">
        <ele>2580.6</ele>
        <time>2026-08-09T04:27:26Z</time>
      </trkpt>
      <trkpt lat="44.360334" lon="6.893414">
        <ele>2581.0</ele>
        <time>2026-08-09T04:27:28Z</time>
      </trkpt>
      <trkpt lat="44.360343" lon="6.893403">
        <ele>2581.4</ele>
        <time>2026-08-09T04:27:30Z</time>
      </trkpt>
      <trkpt lat="44.360363" lon="6.893378">
        <ele>2582.2</ele>
        <time>2026-08-09T04:27:34Z</time>
      </trkpt>
      <trkpt lat="44.360373" lon="6.893353">
        <ele>2582.6</ele>
        <time>2026-08-09T04:27:36Z</time>
      </trkpt>
      <trkpt lat="44.360375" lon="6.893327">
        <ele>2583.4</ele>
        <time>2026-08-09T04:27:39Z</time>
      </trkpt>
      <trkpt lat="44.360381" lon="6.893292">
        <ele>2584.4</ele>
        <time>2026-08-09T04:27:46Z</time>
      </trkpt>
      <trkpt lat="44.360393" lon="6.893263">
        <ele>2585.6</ele>
        <time>2026-08-09T04:27:52Z</time>
      </trkpt>
      <trkpt lat="44.360402" lon="6.89325">
        <ele>2586.2</ele>
        <time>2026-08-09T04:27:54Z</time>
      </trkpt>
      <trkpt lat="44.360418" lon="6.89322">
        <ele>2586.8</ele>
        <time>2026-08-09T04:27:57Z</time>
      </trkpt>
      <trkpt lat="44.360423" lon="6.893188">
        <ele>2587.6</ele>
        <time>2026-08-09T04:28:02Z</time>
      </trkpt>
      <trkpt lat="44.360416" lon="6.893175">
        <ele>2587.8</ele>
        <time>2026-08-09T04:28:05Z</time>
      </trkpt>
      <trkpt lat="44.360419" lon="6.893139">
        <ele>2588.4</ele>
        <time>2026-08-09T04:28:09Z</time>
      </trkpt>
      <trkpt lat="44.360423" lon="6.893115">
        <ele>2588.6</ele>
        <time>2026-08-09T04:28:11Z</time>
      </trkpt>
      <trkpt lat="44.360435" lon="6.893077">
        <ele>2588.8</ele>
        <time>2026-08-09T04:28:14Z</time>
      </trkpt>
      <trkpt lat="44.360451" lon="6.89303">
        <ele>2589.2</ele>
        <time>2026-08-09T04:28:17Z</time>
      </trkpt>
      <trkpt lat="44.360456" lon="6.893016">
        <ele>2589.4</ele>
        <time>2026-08-09T04:28:18Z</time>
      </trkpt>
      <trkpt lat="44.360465" lon="6.892996">
        <ele>2589.6</ele>
        <time>2026-08-09T04:28:20Z</time>
      </trkpt>
      <trkpt lat="44.360488" lon="6.892969">
        <ele>2589.8</ele>
        <time>2026-08-09T04:28:25Z</time>
      </trkpt>
      <trkpt lat="44.360506" lon="6.89294">
        <ele>2590.2</ele>
        <time>2026-08-09T04:28:28Z</time>
      </trkpt>
      <trkpt lat="44.360532" lon="6.892863">
        <ele>2590.8</ele>
        <time>2026-08-09T04:28:36Z</time>
      </trkpt>
      <trkpt lat="44.36053" lon="6.892859">
        <ele>2591.0</ele>
        <time>2026-08-09T04:28:37Z</time>
      </trkpt>
      <trkpt lat="44.360521" lon="6.89283">
        <ele>2591.0</ele>
        <time>2026-08-09T04:28:42Z</time>
      </trkpt>
      <trkpt lat="44.360521" lon="6.892819">
        <ele>2591.0</ele>
        <time>2026-08-09T04:28:43Z</time>
      </trkpt>
      <trkpt lat="44.360543" lon="6.89273">
        <ele>2591.4</ele>
        <time>2026-08-09T04:28:51Z</time>
      </trkpt>
      <trkpt lat="44.360559" lon="6.892701">
        <ele>2591.4</ele>
        <time>2026-08-09T04:28:54Z</time>
      </trkpt>
      <trkpt lat="44.360588" lon="6.892648">
        <ele>2591.8</ele>
        <time>2026-08-09T04:28:59Z</time>
      </trkpt>
      <trkpt lat="44.360602" lon="6.892595">
        <ele>2592.0</ele>
        <time>2026-08-09T04:29:03Z</time>
      </trkpt>
      <trkpt lat="44.360604" lon="6.892565">
        <ele>2592.4</ele>
        <time>2026-08-09T04:29:07Z</time>
      </trkpt>
      <trkpt lat="44.360596" lon="6.892488">
        <ele>2592.6</ele>
        <time>2026-08-09T04:29:15Z</time>
      </trkpt>
      <trkpt lat="44.360598" lon="6.892434">
        <ele>2592.2</ele>
        <time>2026-08-09T04:29:19Z</time>
      </trkpt>
      <trkpt lat="44.360627" lon="6.892345">
        <ele>2592.0</ele>
        <time>2026-08-09T04:29:26Z</time>
      </trkpt>
      <trkpt lat="44.360614" lon="6.89235">
        <ele>2592.2</ele>
        <time>2026-08-09T04:29:31Z</time>
      </trkpt>
      <trkpt lat="44.360603" lon="6.892367">
        <ele>2592.2</ele>
        <time>2026-08-09T04:29:42Z</time>
      </trkpt>
      <trkpt lat="44.360593" lon="6.892376">
        <ele>2592.2</ele>
        <time>2026-08-09T04:29:52Z</time>
      </trkpt>
      <trkpt lat="44.360606" lon="6.892429">
        <ele>2592.4</ele>
        <time>2026-08-09T04:30:01Z</time>
      </trkpt>
      <trkpt lat="44.360608" lon="6.892427">
        <ele>2592.4</ele>
        <time>2026-08-09T04:30:03Z</time>
      </trkpt>
      <trkpt lat="44.360612" lon="6.892417">
        <ele>2592.4</ele>
        <time>2026-08-09T04:30:11Z</time>
      </trkpt>
      <trkpt lat="44.360628" lon="6.892351">
        <ele>2592.6</ele>
        <time>2026-08-09T04:30:21Z</time>
      </trkpt>
      <trkpt lat="44.360643" lon="6.892338">
        <ele>2593.0</ele>
        <time>2026-08-09T04:30:24Z</time>
      </trkpt>
      <trkpt lat="44.360657" lon="6.892335">
        <ele>2593.2</ele>
        <time>2026-08-09T04:30:28Z</time>
      </trkpt>
      <trkpt lat="44.360632" lon="6.892339">
        <ele>2593.2</ele>
        <time>2026-08-09T04:30:37Z</time>
      </trkpt>
      <trkpt lat="44.360628" lon="6.892337">
        <ele>2593.4</ele>
        <time>2026-08-09T04:30:47Z</time>
      </trkpt>
      <trkpt lat="44.360627" lon="6.89234">
        <ele>2593.2</ele>
        <time>2026-08-09T04:30:51Z</time>
      </trkpt>
      <trkpt lat="44.360624" lon="6.892336">
        <ele>2593.4</ele>
        <time>2026-08-09T04:30:54Z</time>
      </trkpt>
      <trkpt lat="44.360607" lon="6.892333">
        <ele>2593.8</ele>
        <time>2026-08-09T04:31:00Z</time>
      </trkpt>
      <trkpt lat="44.360638" lon="6.892327">
        <ele>2593.8</ele>
        <time>2026-08-09T04:31:10Z</time>
      </trkpt>
      <trkpt lat="44.360686" lon="6.892319">
        <ele>2593.8</ele>
        <time>2026-08-09T04:31:16Z</time>
      </trkpt>
      <trkpt lat="44.360672" lon="6.892319">
        <ele>2594.0</ele>
        <time>2026-08-09T04:31:19Z</time>
      </trkpt>
      <trkpt lat="44.360665" lon="6.892311">
        <ele>2594.0</ele>
        <time>2026-08-09T04:31:22Z</time>
      </trkpt>
      <trkpt lat="44.360675" lon="6.892313">
        <ele>2594.0</ele>
        <time>2026-08-09T04:31:29Z</time>
      </trkpt>
      <trkpt lat="44.360698" lon="6.89232">
        <ele>2594.0</ele>
        <time>2026-08-09T04:31:32Z</time>
      </trkpt>
      <trkpt lat="44.360702" lon="6.892324">
        <ele>2594.0</ele>
        <time>2026-08-09T04:31:33Z</time>
      </trkpt>
      <trkpt lat="44.360626" lon="6.892346">
        <ele>2594.4</ele>
        <time>2026-08-09T04:31:43Z</time>
      </trkpt>
      <trkpt lat="44.360596" lon="6.892348">
        <ele>2594.2</ele>
        <time>2026-08-09T04:31:50Z</time>
      </trkpt>
      <trkpt lat="44.360642" lon="6.89233">
        <ele>2594.2</ele>
        <time>2026-08-09T04:32:02Z</time>
      </trkpt>
      <trkpt lat="44.360659" lon="6.892335">
        <ele>2594.6</ele>
        <time>2026-08-09T04:32:11Z</time>
      </trkpt>
      <trkpt lat="44.360664" lon="6.892352">
        <ele>2594.8</ele>
        <time>2026-08-09T04:32:21Z</time>
      </trkpt>
      <trkpt lat="44.36066" lon="6.892352">
        <ele>2594.8</ele>
        <time>2026-08-09T04:32:23Z</time>
      </trkpt>
      <trkpt lat="44.360653" lon="6.892341">
        <ele>2594.8</ele>
        <time>2026-08-09T04:32:34Z</time>
      </trkpt>
      <trkpt lat="44.360623" lon="6.892348">
        <ele>2594.8</ele>
        <time>2026-08-09T04:32:42Z</time>
      </trkpt>
      <trkpt lat="44.360639" lon="6.892332">
        <ele>2594.8</ele>
        <time>2026-08-09T04:32:52Z</time>
      </trkpt>
      <trkpt lat="44.360661" lon="6.892338">
        <ele>2594.8</ele>
        <time>2026-08-09T04:33:02Z</time>
      </trkpt>
      <trkpt lat="44.360662" lon="6.892335">
        <ele>2594.8</ele>
        <time>2026-08-09T04:33:07Z</time>
      </trkpt>
      <trkpt lat="44.360635" lon="6.892332">
        <ele>2595.0</ele>
        <time>2026-08-09T04:33:13Z</time>
      </trkpt>
      <trkpt lat="44.360619" lon="6.892328">
        <ele>2595.0</ele>
        <time>2026-08-09T04:33:21Z</time>
      </trkpt>
      <trkpt lat="44.360663" lon="6.892257">
        <ele>2595.2</ele>
        <time>2026-08-09T04:33:28Z</time>
      </trkpt>
      <trkpt lat="44.360729" lon="6.892123">
        <ele>2594.8</ele>
        <time>2026-08-09T04:33:39Z</time>
      </trkpt>
      <trkpt lat="44.360786" lon="6.892005">
        <ele>2595.2</ele>
        <time>2026-08-09T04:33:47Z</time>
      </trkpt>
      <trkpt lat="44.360829" lon="6.891957">
        <ele>2596.0</ele>
        <time>2026-08-09T04:33:53Z</time>
      </trkpt>
      <trkpt lat="44.360846" lon="6.891935">
        <ele>2596.8</ele>
        <time>2026-08-09T04:33:57Z</time>
      </trkpt>
      <trkpt lat="44.360862" lon="6.891912">
        <ele>2597.2</ele>
        <time>2026-08-09T04:34:00Z</time>
      </trkpt>
      <trkpt lat="44.360884" lon="6.891884">
        <ele>2597.8</ele>
        <time>2026-08-09T04:34:04Z</time>
      </trkpt>
      <trkpt lat="44.360895" lon="6.891875">
        <ele>2598.2</ele>
        <time>2026-08-09T04:34:06Z</time>
      </trkpt>
      <trkpt lat="44.3609" lon="6.891872">
        <ele>2598.2</ele>
        <time>2026-08-09T04:34:07Z</time>
      </trkpt>
      <trkpt lat="44.360929" lon="6.891857">
        <ele>2599.4</ele>
        <time>2026-08-09T04:34:12Z</time>
      </trkpt>
      <trkpt lat="44.360944" lon="6.89185">
        <ele>2600.2</ele>
        <time>2026-08-09T04:34:15Z</time>
      </trkpt>
      <trkpt lat="44.360958" lon="6.891848">
        <ele>2600.6</ele>
        <time>2026-08-09T04:34:18Z</time>
      </trkpt>
      <trkpt lat="44.360982" lon="6.891832">
        <ele>2601.0</ele>
        <time>2026-08-09T04:34:21Z</time>
      </trkpt>
      <trkpt lat="44.360993" lon="6.891825">
        <ele>2601.4</ele>
        <time>2026-08-09T04:34:23Z</time>
      </trkpt>
      <trkpt lat="44.361007" lon="6.891812">
        <ele>2601.6</ele>
        <time>2026-08-09T04:34:25Z</time>
      </trkpt>
      <trkpt lat="44.361025" lon="6.891808">
        <ele>2602.2</ele>
        <time>2026-08-09T04:34:29Z</time>
      </trkpt>
      <trkpt lat="44.361042" lon="6.891799">
        <ele>2602.8</ele>
        <time>2026-08-09T04:34:38Z</time>
      </trkpt>
      <trkpt lat="44.361047" lon="6.8918">
        <ele>2603.0</ele>
        <time>2026-08-09T04:34:39Z</time>
      </trkpt>
      <trkpt lat="44.361075" lon="6.891804">
        <ele>2603.8</ele>
        <time>2026-08-09T04:34:44Z</time>
      </trkpt>
      <trkpt lat="44.361083" lon="6.891801">
        <ele>2604.2</ele>
        <time>2026-08-09T04:34:46Z</time>
      </trkpt>
      <trkpt lat="44.361124" lon="6.89182">
        <ele>2605.0</ele>
        <time>2026-08-09T04:34:52Z</time>
      </trkpt>
      <trkpt lat="44.361139" lon="6.891831">
        <ele>2605.4</ele>
        <time>2026-08-09T04:34:55Z</time>
      </trkpt>
      <trkpt lat="44.361168" lon="6.891844">
        <ele>2606.0</ele>
        <time>2026-08-09T04:35:03Z</time>
      </trkpt>
      <trkpt lat="44.361173" lon="6.891845">
        <ele>2606.2</ele>
        <time>2026-08-09T04:35:04Z</time>
      </trkpt>
      <trkpt lat="44.361176" lon="6.891833">
        <ele>2607.2</ele>
        <time>2026-08-09T04:35:14Z</time>
      </trkpt>
      <trkpt lat="44.361246" lon="6.891856">
        <ele>2608.4</ele>
        <time>2026-08-09T04:35:21Z</time>
      </trkpt>
      <trkpt lat="44.361281" lon="6.891855">
        <ele>2609.4</ele>
        <time>2026-08-09T04:35:27Z</time>
      </trkpt>
      <trkpt lat="44.361288" lon="6.891851">
        <ele>2609.6</ele>
        <time>2026-08-09T04:35:28Z</time>
      </trkpt>
      <trkpt lat="44.361318" lon="6.891844">
        <ele>2610.6</ele>
        <time>2026-08-09T04:35:33Z</time>
      </trkpt>
      <trkpt lat="44.361342" lon="6.891845">
        <ele>2611.2</ele>
        <time>2026-08-09T04:35:36Z</time>
      </trkpt>
      <trkpt lat="44.361357" lon="6.891845">
        <ele>2611.6</ele>
        <time>2026-08-09T04:35:38Z</time>
      </trkpt>
      <trkpt lat="44.361394" lon="6.891838">
        <ele>2612.6</ele>
        <time>2026-08-09T04:35:43Z</time>
      </trkpt>
      <trkpt lat="44.361405" lon="6.891836">
        <ele>2612.8</ele>
        <time>2026-08-09T04:35:44Z</time>
      </trkpt>
      <trkpt lat="44.361436" lon="6.891841">
        <ele>2613.6</ele>
        <time>2026-08-09T04:35:48Z</time>
      </trkpt>
      <trkpt lat="44.361462" lon="6.891845">
        <ele>2614.2</ele>
        <time>2026-08-09T04:35:51Z</time>
      </trkpt>
      <trkpt lat="44.361485" lon="6.891851">
        <ele>2614.8</ele>
        <time>2026-08-09T04:35:54Z</time>
      </trkpt>
      <trkpt lat="44.361504" lon="6.891863">
        <ele>2615.4</ele>
        <time>2026-08-09T04:35:58Z</time>
      </trkpt>
      <trkpt lat="44.361519" lon="6.891871">
        <ele>2616.0</ele>
        <time>2026-08-09T04:36:01Z</time>
      </trkpt>
      <trkpt lat="44.361545" lon="6.891868">
        <ele>2617.0</ele>
        <time>2026-08-09T04:36:07Z</time>
      </trkpt>
      <trkpt lat="44.361553" lon="6.891868">
        <ele>2617.2</ele>
        <time>2026-08-09T04:36:08Z</time>
      </trkpt>
      <trkpt lat="44.361579" lon="6.891861">
        <ele>2618.0</ele>
        <time>2026-08-09T04:36:12Z</time>
      </trkpt>
      <trkpt lat="44.361607" lon="6.891846">
        <ele>2618.4</ele>
        <time>2026-08-09T04:36:15Z</time>
      </trkpt>
      <trkpt lat="44.361633" lon="6.891838">
        <ele>2619.2</ele>
        <time>2026-08-09T04:36:19Z</time>
      </trkpt>
      <trkpt lat="44.361678" lon="6.891849">
        <ele>2620.0</ele>
        <time>2026-08-09T04:36:24Z</time>
      </trkpt>
      <trkpt lat="44.361693" lon="6.891852">
        <ele>2620.2</ele>
        <time>2026-08-09T04:36:26Z</time>
      </trkpt>
      <trkpt lat="44.361721" lon="6.891844">
        <ele>2621.4</ele>
        <time>2026-08-09T04:36:32Z</time>
      </trkpt>
      <trkpt lat="44.361727" lon="6.891841">
        <ele>2621.6</ele>
        <time>2026-08-09T04:36:33Z</time>
      </trkpt>
      <trkpt lat="44.361763" lon="6.891833">
        <ele>2622.6</ele>
        <time>2026-08-09T04:36:39Z</time>
      </trkpt>
      <trkpt lat="44.361779" lon="6.891836">
        <ele>2622.8</ele>
        <time>2026-08-09T04:36:41Z</time>
      </trkpt>
      <trkpt lat="44.361813" lon="6.891822">
        <ele>2623.6</ele>
        <time>2026-08-09T04:36:48Z</time>
      </trkpt>
      <trkpt lat="44.361822" lon="6.891814">
        <ele>2623.8</ele>
        <time>2026-08-09T04:36:50Z</time>
      </trkpt>
      <trkpt lat="44.361829" lon="6.891801">
        <ele>2624.6</ele>
        <time>2026-08-09T04:36:54Z</time>
      </trkpt>
      <trkpt lat="44.36185" lon="6.89176">
        <ele>2625.6</ele>
        <time>2026-08-09T04:37:00Z</time>
      </trkpt>
      <trkpt lat="44.361852" lon="6.89175">
        <ele>2625.6</ele>
        <time>2026-08-09T04:37:01Z</time>
      </trkpt>
      <trkpt lat="44.361872" lon="6.891678">
        <ele>2626.8</ele>
        <time>2026-08-09T04:37:10Z</time>
      </trkpt>
      <trkpt lat="44.361877" lon="6.891665">
        <ele>2626.8</ele>
        <time>2026-08-09T04:37:11Z</time>
      </trkpt>
      <trkpt lat="44.36189" lon="6.891621">
        <ele>2626.4</ele>
        <time>2026-08-09T04:37:20Z</time>
      </trkpt>
      <trkpt lat="44.361909" lon="6.891533">
        <ele>2627.4</ele>
        <time>2026-08-09T04:37:29Z</time>
      </trkpt>
      <trkpt lat="44.361916" lon="6.891525">
        <ele>2627.4</ele>
        <time>2026-08-09T04:37:36Z</time>
      </trkpt>
      <trkpt lat="44.361921" lon="6.891521">
        <ele>2627.0</ele>
        <time>2026-08-09T04:37:42Z</time>
      </trkpt>
      <trkpt lat="44.361931" lon="6.891503">
        <ele>2627.0</ele>
        <time>2026-08-09T04:37:44Z</time>
      </trkpt>
      <trkpt lat="44.361947" lon="6.891471">
        <ele>2627.6</ele>
        <time>2026-08-09T04:37:52Z</time>
      </trkpt>
      <trkpt lat="44.361945" lon="6.891459">
        <ele>2627.8</ele>
        <time>2026-08-09T04:37:54Z</time>
      </trkpt>
      <trkpt lat="44.361953" lon="6.891438">
        <ele>2628.6</ele>
        <time>2026-08-09T04:38:00Z</time>
      </trkpt>
      <trkpt lat="44.361988" lon="6.891434">
        <ele>2628.6</ele>
        <time>2026-08-09T04:38:06Z</time>
      </trkpt>
      <trkpt lat="44.362003" lon="6.89143">
        <ele>2628.4</ele>
        <time>2026-08-09T04:38:08Z</time>
      </trkpt>
      <trkpt lat="44.362036" lon="6.8914">
        <ele>2628.6</ele>
        <time>2026-08-09T04:38:17Z</time>
      </trkpt>
      <trkpt lat="44.362066" lon="6.891338">
        <ele>2628.6</ele>
        <time>2026-08-09T04:38:26Z</time>
      </trkpt>
      <trkpt lat="44.362059" lon="6.891329">
        <ele>2628.8</ele>
        <time>2026-08-09T04:38:28Z</time>
      </trkpt>
      <trkpt lat="44.362067" lon="6.891281">
        <ele>2629.8</ele>
        <time>2026-08-09T04:38:34Z</time>
      </trkpt>
      <trkpt lat="44.362068" lon="6.891283">
        <ele>2629.8</ele>
        <time>2026-08-09T04:38:35Z</time>
      </trkpt>
      <trkpt lat="44.362082" lon="6.891266">
        <ele>2630.4</ele>
        <time>2026-08-09T04:38:38Z</time>
      </trkpt>
      <trkpt lat="44.362102" lon="6.89124">
        <ele>2630.8</ele>
        <time>2026-08-09T04:38:40Z</time>
      </trkpt>
      <trkpt lat="44.362107" lon="6.891228">
        <ele>2630.8</ele>
        <time>2026-08-09T04:38:42Z</time>
      </trkpt>
      <trkpt lat="44.362111" lon="6.891221">
        <ele>2630.8</ele>
        <time>2026-08-09T04:38:43Z</time>
      </trkpt>
      <trkpt lat="44.362178" lon="6.891188">
        <ele>2630.8</ele>
        <time>2026-08-09T04:38:52Z</time>
      </trkpt>
      <trkpt lat="44.362138" lon="6.891196">
        <ele>2630.8</ele>
        <time>2026-08-09T04:39:03Z</time>
      </trkpt>
      <trkpt lat="44.36208" lon="6.891177">
        <ele>2631.0</ele>
        <time>2026-08-09T04:39:10Z</time>
      </trkpt>
      <trkpt lat="44.362074" lon="6.89112">
        <ele>2631.0</ele>
        <time>2026-08-09T04:39:15Z</time>
      </trkpt>
      <trkpt lat="44.362063" lon="6.891091">
        <ele>2631.0</ele>
        <time>2026-08-09T04:39:18Z</time>
      </trkpt>
      <trkpt lat="44.362058" lon="6.891095">
        <ele>2631.0</ele>
        <time>2026-08-09T04:39:20Z</time>
      </trkpt>
      <trkpt lat="44.362059" lon="6.891116">
        <ele>2630.8</ele>
        <time>2026-08-09T04:39:26Z</time>
      </trkpt>
      <trkpt lat="44.362049" lon="6.891154">
        <ele>2630.8</ele>
        <time>2026-08-09T04:39:33Z</time>
      </trkpt>
      <trkpt lat="44.362046" lon="6.891166">
        <ele>2630.8</ele>
        <time>2026-08-09T04:39:34Z</time>
      </trkpt>
      <trkpt lat="44.362038" lon="6.891194">
        <ele>2631.0</ele>
        <time>2026-08-09T04:39:39Z</time>
      </trkpt>
      <trkpt lat="44.362073" lon="6.891217">
        <ele>2631.0</ele>
        <time>2026-08-09T04:39:44Z</time>
      </trkpt>
      <trkpt lat="44.362084" lon="6.891243">
        <ele>2631.0</ele>
        <time>2026-08-09T04:39:53Z</time>
      </trkpt>
      <trkpt lat="44.362084" lon="6.891212">
        <ele>2631.0</ele>
        <time>2026-08-09T04:40:01Z</time>
      </trkpt>
      <trkpt lat="44.36213" lon="6.891204">
        <ele>2630.8</ele>
        <time>2026-08-09T04:40:10Z</time>
      </trkpt>
      <trkpt lat="44.362142" lon="6.891199">
        <ele>2630.8</ele>
        <time>2026-08-09T04:40:14Z</time>
      </trkpt>
      <trkpt lat="44.36214" lon="6.891204">
        <ele>2630.6</ele>
        <time>2026-08-09T04:40:18Z</time>
      </trkpt>
      <trkpt lat="44.362098" lon="6.891224">
        <ele>2630.6</ele>
        <time>2026-08-09T04:40:26Z</time>
      </trkpt>
      <trkpt lat="44.362088" lon="6.891241">
        <ele>2630.0</ele>
        <time>2026-08-09T04:40:36Z</time>
      </trkpt>
      <trkpt lat="44.362106" lon="6.891265">
        <ele>2630.4</ele>
        <time>2026-08-09T04:40:43Z</time>
      </trkpt>
      <trkpt lat="44.362106" lon="6.891271">
        <ele>2629.8</ele>
        <time>2026-08-09T04:40:46Z</time>
      </trkpt>
      <trkpt lat="44.362103" lon="6.891298">
        <ele>2628.8</ele>
        <time>2026-08-09T04:40:50Z</time>
      </trkpt>
      <trkpt lat="44.36211" lon="6.891318">
        <ele>2628.2</ele>
        <time>2026-08-09T04:40:53Z</time>
      </trkpt>
      <trkpt lat="44.362112" lon="6.891324">
        <ele>2627.6</ele>
        <time>2026-08-09T04:40:58Z</time>
      </trkpt>
      <trkpt lat="44.362109" lon="6.891305">
        <ele>2627.2</ele>
        <time>2026-08-09T04:41:01Z</time>
      </trkpt>
      <trkpt lat="44.362096" lon="6.89139">
        <ele>2627.2</ele>
        <time>2026-08-09T04:41:07Z</time>
      </trkpt>
      <trkpt lat="44.362099" lon="6.891368">
        <ele>2627.2</ele>
        <time>2026-08-09T04:41:13Z</time>
      </trkpt>
      <trkpt lat="44.362105" lon="6.891356">
        <ele>2627.2</ele>
        <time>2026-08-09T04:41:14Z</time>
      </trkpt>
      <trkpt lat="44.362128" lon="6.891306">
        <ele>2627.2</ele>
        <time>2026-08-09T04:41:15Z</time>
      </trkpt>
      <trkpt lat="44.362153" lon="6.891264">
        <ele>2626.8</ele>
        <time>2026-08-09T04:41:19Z</time>
      </trkpt>
      <trkpt lat="44.362141" lon="6.891277">
        <ele>2626.8</ele>
        <time>2026-08-09T04:41:21Z</time>
      </trkpt>
      <trkpt lat="44.362133" lon="6.891303">
        <ele>2626.6</ele>
        <time>2026-08-09T04:41:23Z</time>
      </trkpt>
      <trkpt lat="44.362129" lon="6.891331">
        <ele>2626.6</ele>
        <time>2026-08-09T04:41:27Z</time>
      </trkpt>
      <trkpt lat="44.362142" lon="6.891322">
        <ele>2626.8</ele>
        <time>2026-08-09T04:41:30Z</time>
      </trkpt>
      <trkpt lat="44.362153" lon="6.891294">
        <ele>2627.0</ele>
        <time>2026-08-09T04:41:33Z</time>
      </trkpt>
      <trkpt lat="44.362154" lon="6.891291">
        <ele>2627.0</ele>
        <time>2026-08-09T04:41:34Z</time>
      </trkpt>
      <trkpt lat="44.362143" lon="6.891303">
        <ele>2627.2</ele>
        <time>2026-08-09T04:41:38Z</time>
      </trkpt>
      <trkpt lat="44.362149" lon="6.891316">
        <ele>2627.4</ele>
        <time>2026-08-09T04:41:41Z</time>
      </trkpt>
      <trkpt lat="44.362179" lon="6.891274">
        <ele>2627.6</ele>
        <time>2026-08-09T04:41:50Z</time>
      </trkpt>
      <trkpt lat="44.362146" lon="6.891313">
        <ele>2627.6</ele>
        <time>2026-08-09T04:41:56Z</time>
      </trkpt>
      <trkpt lat="44.362159" lon="6.891274">
        <ele>2627.4</ele>
        <time>2026-08-09T04:42:02Z</time>
      </trkpt>
      <trkpt lat="44.362129" lon="6.891331">
        <ele>2627.6</ele>
        <time>2026-08-09T04:42:10Z</time>
      </trkpt>
      <trkpt lat="44.362106" lon="6.891322">
        <ele>2628.4</ele>
        <time>2026-08-09T04:42:19Z</time>
      </trkpt>
      <trkpt lat="44.362112" lon="6.89133">
        <ele>2628.2</ele>
        <time>2026-08-09T04:42:24Z</time>
      </trkpt>
      <trkpt lat="44.362127" lon="6.891344">
        <ele>2628.2</ele>
        <time>2026-08-09T04:42:26Z</time>
      </trkpt>
      <trkpt lat="44.362133" lon="6.89135">
        <ele>2627.8</ele>
        <time>2026-08-09T04:42:33Z</time>
      </trkpt>
      <trkpt lat="44.362105" lon="6.891359">
        <ele>2627.6</ele>
        <time>2026-08-09T04:42:40Z</time>
      </trkpt>
      <trkpt lat="44.362122" lon="6.891339">
        <ele>2627.4</ele>
        <time>2026-08-09T04:42:47Z</time>
      </trkpt>
      <trkpt lat="44.362115" lon="6.891339">
        <ele>2627.4</ele>
        <time>2026-08-09T04:42:54Z</time>
      </trkpt>
      <trkpt lat="44.362112" lon="6.891338">
        <ele>2627.4</ele>
        <time>2026-08-09T04:42:55Z</time>
      </trkpt>
      <trkpt lat="44.362108" lon="6.891333">
        <ele>2627.6</ele>
        <time>2026-08-09T04:42:56Z</time>
      </trkpt>
      <trkpt lat="44.362097" lon="6.891314">
        <ele>2628.2</ele>
        <time>2026-08-09T04:42:58Z</time>
      </trkpt>
      <trkpt lat="44.362085" lon="6.891296">
        <ele>2628.8</ele>
        <time>2026-08-09T04:43:00Z</time>
      </trkpt>
      <trkpt lat="44.36208" lon="6.891281">
        <ele>2629.8</ele>
        <time>2026-08-09T04:43:03Z</time>
      </trkpt>
      <trkpt lat="44.362089" lon="6.891276">
        <ele>2630.0</ele>
        <time>2026-08-09T04:43:04Z</time>
      </trkpt>
      <trkpt lat="44.362104" lon="6.891241">
        <ele>2630.8</ele>
        <time>2026-08-09T04:43:09Z</time>
      </trkpt>
      <trkpt lat="44.362117" lon="6.891217">
        <ele>2631.0</ele>
        <time>2026-08-09T04:43:16Z</time>
      </trkpt>
      <trkpt lat="44.362115" lon="6.891238">
        <ele>2630.6</ele>
        <time>2026-08-09T04:43:25Z</time>
      </trkpt>
      <trkpt lat="44.362118" lon="6.891225">
        <ele>2631.0</ele>
        <time>2026-08-09T04:43:29Z</time>
      </trkpt>
      <trkpt lat="44.362111" lon="6.89122">
        <ele>2631.2</ele>
        <time>2026-08-09T04:43:34Z</time>
      </trkpt>
      <trkpt lat="44.362112" lon="6.891252">
        <ele>2631.6</ele>
        <time>2026-08-09T04:43:43Z</time>
      </trkpt>
      <trkpt lat="44.362091" lon="6.89124">
        <ele>2631.8</ele>
        <time>2026-08-09T04:43:50Z</time>
      </trkpt>
      <trkpt lat="44.36207" lon="6.891272">
        <ele>2631.8</ele>
        <time>2026-08-09T04:43:59Z</time>
      </trkpt>
      <trkpt lat="44.362095" lon="6.891271">
        <ele>2631.6</ele>
        <time>2026-08-09T04:44:05Z</time>
      </trkpt>
      <trkpt lat="44.362098" lon="6.891266">
        <ele>2631.6</ele>
        <time>2026-08-09T04:44:06Z</time>
      </trkpt>
      <trkpt lat="44.362097" lon="6.891249">
        <ele>2631.8</ele>
        <time>2026-08-09T04:44:08Z</time>
      </trkpt>
      <trkpt lat="44.362086" lon="6.89125">
        <ele>2631.4</ele>
        <time>2026-08-09T04:44:14Z</time>
      </trkpt>
      <trkpt lat="44.362102" lon="6.891256">
        <ele>2631.4</ele>
        <time>2026-08-09T04:44:24Z</time>
      </trkpt>
      <trkpt lat="44.362101" lon="6.891242">
        <ele>2631.6</ele>
        <time>2026-08-09T04:44:32Z</time>
      </trkpt>
      <trkpt lat="44.3621" lon="6.89126">
        <ele>2631.6</ele>
        <time>2026-08-09T04:44:44Z</time>
      </trkpt>
      <trkpt lat="44.362115" lon="6.891254">
        <ele>2631.8</ele>
        <time>2026-08-09T04:44:54Z</time>
      </trkpt>
      <trkpt lat="44.362112" lon="6.891253">
        <ele>2631.8</ele>
        <time>2026-08-09T04:45:02Z</time>
      </trkpt>
      <trkpt lat="44.362112" lon="6.891219">
        <ele>2632.2</ele>
        <time>2026-08-09T04:45:09Z</time>
      </trkpt>
      <trkpt lat="44.362116" lon="6.891215">
        <ele>2632.4</ele>
        <time>2026-08-09T04:45:10Z</time>
      </trkpt>
      <trkpt lat="44.362134" lon="6.89119">
        <ele>2633.2</ele>
        <time>2026-08-09T04:45:13Z</time>
      </trkpt>
      <trkpt lat="44.362138" lon="6.891181">
        <ele>2633.2</ele>
        <time>2026-08-09T04:45:14Z</time>
      </trkpt>
      <trkpt lat="44.362156" lon="6.89116">
        <ele>2633.6</ele>
        <time>2026-08-09T04:45:17Z</time>
      </trkpt>
      <trkpt lat="44.362169" lon="6.89114">
        <ele>2634.0</ele>
        <time>2026-08-09T04:45:19Z</time>
      </trkpt>
      <trkpt lat="44.362177" lon="6.89111">
        <ele>2634.4</ele>
        <time>2026-08-09T04:45:22Z</time>
      </trkpt>
      <trkpt lat="44.362192" lon="6.891056">
        <ele>2634.8</ele>
        <time>2026-08-09T04:45:27Z</time>
      </trkpt>
      <trkpt lat="44.36221" lon="6.891018">
        <ele>2635.4</ele>
        <time>2026-08-09T04:45:31Z</time>
      </trkpt>
      <trkpt lat="44.362234" lon="6.890975">
        <ele>2635.8</ele>
        <time>2026-08-09T04:45:35Z</time>
      </trkpt>
      <trkpt lat="44.362255" lon="6.890963">
        <ele>2636.4</ele>
        <time>2026-08-09T04:45:39Z</time>
      </trkpt>
      <trkpt lat="44.362265" lon="6.890948">
        <ele>2636.6</ele>
        <time>2026-08-09T04:45:41Z</time>
      </trkpt>
      <trkpt lat="44.362284" lon="6.890908">
        <ele>2637.4</ele>
        <time>2026-08-09T04:45:47Z</time>
      </trkpt>
      <trkpt lat="44.362299" lon="6.890886">
        <ele>2638.0</ele>
        <time>2026-08-09T04:45:50Z</time>
      </trkpt>
      <trkpt lat="44.362321" lon="6.890858">
        <ele>2638.6</ele>
        <time>2026-08-09T04:45:54Z</time>
      </trkpt>
      <trkpt lat="44.362335" lon="6.89083">
        <ele>2639.4</ele>
        <time>2026-08-09T04:45:59Z</time>
      </trkpt>
      <trkpt lat="44.362338" lon="6.890824">
        <ele>2639.8</ele>
        <time>2026-08-09T04:46:00Z</time>
      </trkpt>
      <trkpt lat="44.362386" lon="6.890784">
        <ele>2640.8</ele>
        <time>2026-08-09T04:46:07Z</time>
      </trkpt>
      <trkpt lat="44.362421" lon="6.890744">
        <ele>2640.8</ele>
        <time>2026-08-09T04:46:13Z</time>
      </trkpt>
      <trkpt lat="44.36242" lon="6.890736">
        <ele>2641.0</ele>
        <time>2026-08-09T04:46:14Z</time>
      </trkpt>
      <trkpt lat="44.362436" lon="6.890685">
        <ele>2641.8</ele>
        <time>2026-08-09T04:46:19Z</time>
      </trkpt>
      <trkpt lat="44.362455" lon="6.890653">
        <ele>2642.2</ele>
        <time>2026-08-09T04:46:22Z</time>
      </trkpt>
      <trkpt lat="44.362462" lon="6.890646">
        <ele>2642.4</ele>
        <time>2026-08-09T04:46:24Z</time>
      </trkpt>
      <trkpt lat="44.362485" lon="6.89062">
        <ele>2643.0</ele>
        <time>2026-08-09T04:46:28Z</time>
      </trkpt>
      <trkpt lat="44.3625" lon="6.890606">
        <ele>2643.4</ele>
        <time>2026-08-09T04:46:30Z</time>
      </trkpt>
      <trkpt lat="44.362521" lon="6.89058">
        <ele>2644.2</ele>
        <time>2026-08-09T04:46:34Z</time>
      </trkpt>
      <trkpt lat="44.362517" lon="6.890566">
        <ele>2645.0</ele>
        <time>2026-08-09T04:46:39Z</time>
      </trkpt>
      <trkpt lat="44.362518" lon="6.890563">
        <ele>2645.2</ele>
        <time>2026-08-09T04:46:40Z</time>
      </trkpt>
      <trkpt lat="44.36253" lon="6.890522">
        <ele>2646.4</ele>
        <time>2026-08-09T04:46:46Z</time>
      </trkpt>
      <trkpt lat="44.362534" lon="6.890518">
        <ele>2646.4</ele>
        <time>2026-08-09T04:46:47Z</time>
      </trkpt>
      <trkpt lat="44.362562" lon="6.890484">
        <ele>2647.2</ele>
        <time>2026-08-09T04:46:52Z</time>
      </trkpt>
      <trkpt lat="44.362568" lon="6.89048">
        <ele>2647.4</ele>
        <time>2026-08-09T04:46:53Z</time>
      </trkpt>
      <trkpt lat="44.362603" lon="6.890457">
        <ele>2648.0</ele>
        <time>2026-08-09T04:46:57Z</time>
      </trkpt>
      <trkpt lat="44.362665" lon="6.890425">
        <ele>2648.2</ele>
        <time>2026-08-09T04:47:04Z</time>
      </trkpt>
      <trkpt lat="44.36267" lon="6.890417">
        <ele>2648.4</ele>
        <time>2026-08-09T04:47:05Z</time>
      </trkpt>
      <trkpt lat="44.362694" lon="6.89039">
        <ele>2649.6</ele>
        <time>2026-08-09T04:47:11Z</time>
      </trkpt>
      <trkpt lat="44.362698" lon="6.890388">
        <ele>2649.6</ele>
        <time>2026-08-09T04:47:12Z</time>
      </trkpt>
      <trkpt lat="44.362715" lon="6.890367">
        <ele>2650.6</ele>
        <time>2026-08-09T04:47:17Z</time>
      </trkpt>
      <trkpt lat="44.362733" lon="6.890344">
        <ele>2651.4</ele>
        <time>2026-08-09T04:47:22Z</time>
      </trkpt>
      <trkpt lat="44.362737" lon="6.890338">
        <ele>2651.6</ele>
        <time>2026-08-09T04:47:23Z</time>
      </trkpt>
      <trkpt lat="44.362771" lon="6.890297">
        <ele>2652.6</ele>
        <time>2026-08-09T04:47:30Z</time>
      </trkpt>
      <trkpt lat="44.362793" lon="6.890274">
        <ele>2653.4</ele>
        <time>2026-08-09T04:47:34Z</time>
      </trkpt>
      <trkpt lat="44.362805" lon="6.890252">
        <ele>2653.8</ele>
        <time>2026-08-09T04:47:38Z</time>
      </trkpt>
      <trkpt lat="44.362805" lon="6.890238">
        <ele>2654.2</ele>
        <time>2026-08-09T04:47:40Z</time>
      </trkpt>
      <trkpt lat="44.362806" lon="6.890218">
        <ele>2654.8</ele>
        <time>2026-08-09T04:47:44Z</time>
      </trkpt>
      <trkpt lat="44.362811" lon="6.890208">
        <ele>2655.0</ele>
        <time>2026-08-09T04:47:45Z</time>
      </trkpt>
      <trkpt lat="44.362814" lon="6.890205">
        <ele>2655.2</ele>
        <time>2026-08-09T04:47:46Z</time>
      </trkpt>
      <trkpt lat="44.362848" lon="6.890175">
        <ele>2656.0</ele>
        <time>2026-08-09T04:47:51Z</time>
      </trkpt>
      <trkpt lat="44.362866" lon="6.890164">
        <ele>2656.4</ele>
        <time>2026-08-09T04:47:53Z</time>
      </trkpt>
      <trkpt lat="44.36291" lon="6.890117">
        <ele>2657.0</ele>
        <time>2026-08-09T04:47:59Z</time>
      </trkpt>
      <trkpt lat="44.362909" lon="6.89011">
        <ele>2657.2</ele>
        <time>2026-08-09T04:48:00Z</time>
      </trkpt>
      <trkpt lat="44.362921" lon="6.890064">
        <ele>2658.2</ele>
        <time>2026-08-09T04:48:05Z</time>
      </trkpt>
      <trkpt lat="44.362926" lon="6.890055">
        <ele>2658.4</ele>
        <time>2026-08-09T04:48:06Z</time>
      </trkpt>
      <trkpt lat="44.362969" lon="6.889993">
        <ele>2659.4</ele>
        <time>2026-08-09T04:48:13Z</time>
      </trkpt>
      <trkpt lat="44.363011" lon="6.889915">
        <ele>2660.6</ele>
        <time>2026-08-09T04:48:20Z</time>
      </trkpt>
      <trkpt lat="44.363019" lon="6.8899">
        <ele>2660.8</ele>
        <time>2026-08-09T04:48:22Z</time>
      </trkpt>
      <trkpt lat="44.363038" lon="6.889864">
        <ele>2661.6</ele>
        <time>2026-08-09T04:48:26Z</time>
      </trkpt>
      <trkpt lat="44.363064" lon="6.889827">
        <ele>2662.2</ele>
        <time>2026-08-09T04:48:31Z</time>
      </trkpt>
      <trkpt lat="44.363079" lon="6.8898">
        <ele>2662.6</ele>
        <time>2026-08-09T04:48:35Z</time>
      </trkpt>
      <trkpt lat="44.363091" lon="6.889753">
        <ele>2663.6</ele>
        <time>2026-08-09T04:48:41Z</time>
      </trkpt>
      <trkpt lat="44.363093" lon="6.889745">
        <ele>2663.6</ele>
        <time>2026-08-09T04:48:42Z</time>
      </trkpt>
      <trkpt lat="44.363104" lon="6.889683">
        <ele>2664.8</ele>
        <time>2026-08-09T04:48:48Z</time>
      </trkpt>
      <trkpt lat="44.363107" lon="6.889667">
        <ele>2665.2</ele>
        <time>2026-08-09T04:48:50Z</time>
      </trkpt>
      <trkpt lat="44.363126" lon="6.889605">
        <ele>2665.8</ele>
        <time>2026-08-09T04:48:55Z</time>
      </trkpt>
      <trkpt lat="44.363166" lon="6.889577">
        <ele>2666.2</ele>
        <time>2026-08-09T04:48:59Z</time>
      </trkpt>
      <trkpt lat="44.36325" lon="6.889514">
        <ele>2666.0</ele>
        <time>2026-08-09T04:49:07Z</time>
      </trkpt>
      <trkpt lat="44.363283" lon="6.889457">
        <ele>2666.4</ele>
        <time>2026-08-09T04:49:14Z</time>
      </trkpt>
      <trkpt lat="44.363284" lon="6.889443">
        <ele>2667.0</ele>
        <time>2026-08-09T04:49:16Z</time>
      </trkpt>
      <trkpt lat="44.363295" lon="6.889409">
        <ele>2668.2</ele>
        <time>2026-08-09T04:49:21Z</time>
      </trkpt>
      <trkpt lat="44.363306" lon="6.889368">
        <ele>2668.6</ele>
        <time>2026-08-09T04:49:23Z</time>
      </trkpt>
      <trkpt lat="44.363319" lon="6.889331">
        <ele>2669.2</ele>
        <time>2026-08-09T04:49:26Z</time>
      </trkpt>
      <trkpt lat="44.363348" lon="6.889298">
        <ele>2669.8</ele>
        <time>2026-08-09T04:49:31Z</time>
      </trkpt>
      <trkpt lat="44.363372" lon="6.889257">
        <ele>2670.2</ele>
        <time>2026-08-09T04:49:35Z</time>
      </trkpt>
      <trkpt lat="44.3634" lon="6.889197">
        <ele>2671.0</ele>
        <time>2026-08-09T04:49:39Z</time>
      </trkpt>
      <trkpt lat="44.363411" lon="6.889176">
        <ele>2671.4</ele>
        <time>2026-08-09T04:49:41Z</time>
      </trkpt>
      <trkpt lat="44.363458" lon="6.889089">
        <ele>2672.2</ele>
        <time>2026-08-09T04:49:49Z</time>
      </trkpt>
      <trkpt lat="44.36346" lon="6.889083">
        <ele>2672.4</ele>
        <time>2026-08-09T04:49:51Z</time>
      </trkpt>
      <trkpt lat="44.363472" lon="6.889058">
        <ele>2673.4</ele>
        <time>2026-08-09T04:49:57Z</time>
      </trkpt>
      <trkpt lat="44.363478" lon="6.88905">
        <ele>2673.6</ele>
        <time>2026-08-09T04:49:58Z</time>
      </trkpt>
      <trkpt lat="44.363504" lon="6.889027">
        <ele>2674.6</ele>
        <time>2026-08-09T04:50:03Z</time>
      </trkpt>
      <trkpt lat="44.36354" lon="6.888995">
        <ele>2675.0</ele>
        <time>2026-08-09T04:50:07Z</time>
      </trkpt>
      <trkpt lat="44.363563" lon="6.888963">
        <ele>2675.4</ele>
        <time>2026-08-09T04:50:10Z</time>
      </trkpt>
      <trkpt lat="44.363577" lon="6.888944">
        <ele>2675.8</ele>
        <time>2026-08-09T04:50:12Z</time>
      </trkpt>
      <trkpt lat="44.363586" lon="6.888924">
        <ele>2676.0</ele>
        <time>2026-08-09T04:50:15Z</time>
      </trkpt>
      <trkpt lat="44.363617" lon="6.888873">
        <ele>2676.4</ele>
        <time>2026-08-09T04:50:20Z</time>
      </trkpt>
      <trkpt lat="44.36364" lon="6.888835">
        <ele>2676.8</ele>
        <time>2026-08-09T04:50:24Z</time>
      </trkpt>
      <trkpt lat="44.36368" lon="6.888753">
        <ele>2677.8</ele>
        <time>2026-08-09T04:50:33Z</time>
      </trkpt>
      <trkpt lat="44.363682" lon="6.888747">
        <ele>2678.0</ele>
        <time>2026-08-09T04:50:34Z</time>
      </trkpt>
      <trkpt lat="44.363698" lon="6.888703">
        <ele>2679.0</ele>
        <time>2026-08-09T04:50:40Z</time>
      </trkpt>
      <trkpt lat="44.363706" lon="6.888689">
        <ele>2679.4</ele>
        <time>2026-08-09T04:50:42Z</time>
      </trkpt>
      <trkpt lat="44.363724" lon="6.88865">
        <ele>2680.0</ele>
        <time>2026-08-09T04:50:48Z</time>
      </trkpt>
      <trkpt lat="44.363728" lon="6.888647">
        <ele>2680.2</ele>
        <time>2026-08-09T04:50:49Z</time>
      </trkpt>
      <trkpt lat="44.363761" lon="6.888614">
        <ele>2681.2</ele>
        <time>2026-08-09T04:50:55Z</time>
      </trkpt>
      <trkpt lat="44.363765" lon="6.888612">
        <ele>2681.4</ele>
        <time>2026-08-09T04:50:56Z</time>
      </trkpt>
      <trkpt lat="44.36379" lon="6.888595">
        <ele>2682.2</ele>
        <time>2026-08-09T04:51:01Z</time>
      </trkpt>
      <trkpt lat="44.36381" lon="6.888586">
        <ele>2682.8</ele>
        <time>2026-08-09T04:51:05Z</time>
      </trkpt>
      <trkpt lat="44.363834" lon="6.888577">
        <ele>2683.4</ele>
        <time>2026-08-09T04:51:08Z</time>
      </trkpt>
      <trkpt lat="44.363861" lon="6.888562">
        <ele>2684.4</ele>
        <time>2026-08-09T04:51:14Z</time>
      </trkpt>
      <trkpt lat="44.363862" lon="6.888564">
        <ele>2684.6</ele>
        <time>2026-08-09T04:51:15Z</time>
      </trkpt>
      <trkpt lat="44.363897" lon="6.888572">
        <ele>2685.6</ele>
        <time>2026-08-09T04:51:20Z</time>
      </trkpt>
      <trkpt lat="44.363925" lon="6.888578">
        <ele>2686.2</ele>
        <time>2026-08-09T04:51:23Z</time>
      </trkpt>
      <trkpt lat="44.363941" lon="6.888577">
        <ele>2687.0</ele>
        <time>2026-08-09T04:51:27Z</time>
      </trkpt>
      <trkpt lat="44.363964" lon="6.888569">
        <ele>2687.8</ele>
        <time>2026-08-09T04:51:32Z</time>
      </trkpt>
      <trkpt lat="44.363969" lon="6.88857">
        <ele>2688.2</ele>
        <time>2026-08-09T04:51:33Z</time>
      </trkpt>
      <trkpt lat="44.364022" lon="6.888576">
        <ele>2689.2</ele>
        <time>2026-08-09T04:51:40Z</time>
      </trkpt>
      <trkpt lat="44.364066" lon="6.888527">
        <ele>2690.2</ele>
        <time>2026-08-09T04:51:48Z</time>
      </trkpt>
      <trkpt lat="44.364073" lon="6.88853">
        <ele>2690.4</ele>
        <time>2026-08-09T04:51:49Z</time>
      </trkpt>
      <trkpt lat="44.364107" lon="6.888521">
        <ele>2691.2</ele>
        <time>2026-08-09T04:51:55Z</time>
      </trkpt>
      <trkpt lat="44.364118" lon="6.888512">
        <ele>2692.2</ele>
        <time>2026-08-09T04:52:02Z</time>
      </trkpt>
      <trkpt lat="44.364119" lon="6.888515">
        <ele>2692.4</ele>
        <time>2026-08-09T04:52:03Z</time>
      </trkpt>
      <trkpt lat="44.364127" lon="6.88852">
        <ele>2693.4</ele>
        <time>2026-08-09T04:52:08Z</time>
      </trkpt>
      <trkpt lat="44.36416" lon="6.888514">
        <ele>2694.2</ele>
        <time>2026-08-09T04:52:13Z</time>
      </trkpt>
      <trkpt lat="44.364165" lon="6.888519">
        <ele>2694.4</ele>
        <time>2026-08-09T04:52:14Z</time>
      </trkpt>
      <trkpt lat="44.364185" lon="6.888545">
        <ele>2695.2</ele>
        <time>2026-08-09T04:52:20Z</time>
      </trkpt>
      <trkpt lat="44.364183" lon="6.888546">
        <ele>2695.4</ele>
        <time>2026-08-09T04:52:21Z</time>
      </trkpt>
      <trkpt lat="44.36418" lon="6.888547">
        <ele>2695.6</ele>
        <time>2026-08-09T04:52:22Z</time>
      </trkpt>
      <trkpt lat="44.364166" lon="6.888534">
        <ele>2695.4</ele>
        <time>2026-08-09T04:52:27Z</time>
      </trkpt>
      <trkpt lat="44.364165" lon="6.888525">
        <ele>2695.4</ele>
        <time>2026-08-09T04:52:30Z</time>
      </trkpt>
      <trkpt lat="44.364169" lon="6.888516">
        <ele>2695.4</ele>
        <time>2026-08-09T04:52:33Z</time>
      </trkpt>
      <trkpt lat="44.364186" lon="6.888491">
        <ele>2695.6</ele>
        <time>2026-08-09T04:52:39Z</time>
      </trkpt>
      <trkpt lat="44.364181" lon="6.888473">
        <ele>2696.6</ele>
        <time>2026-08-09T04:52:46Z</time>
      </trkpt>
      <trkpt lat="44.364198" lon="6.888482">
        <ele>2697.0</ele>
        <time>2026-08-09T04:52:48Z</time>
      </trkpt>
      <trkpt lat="44.364212" lon="6.888467">
        <ele>2697.6</ele>
        <time>2026-08-09T04:52:53Z</time>
      </trkpt>
      <trkpt lat="44.364222" lon="6.888445">
        <ele>2698.2</ele>
        <time>2026-08-09T04:52:57Z</time>
      </trkpt>
      <trkpt lat="44.364236" lon="6.888445">
        <ele>2698.6</ele>
        <time>2026-08-09T04:53:00Z</time>
      </trkpt>
      <trkpt lat="44.364249" lon="6.888448">
        <ele>2699.4</ele>
        <time>2026-08-09T04:53:05Z</time>
      </trkpt>
      <trkpt lat="44.364253" lon="6.888457">
        <ele>2699.6</ele>
        <time>2026-08-09T04:53:07Z</time>
      </trkpt>
      <trkpt lat="44.364261" lon="6.888488">
        <ele>2700.6</ele>
        <time>2026-08-09T04:53:13Z</time>
      </trkpt>
      <trkpt lat="44.364264" lon="6.88849">
        <ele>2700.8</ele>
        <time>2026-08-09T04:53:14Z</time>
      </trkpt>
      <trkpt lat="44.364283" lon="6.888484">
        <ele>2701.4</ele>
        <time>2026-08-09T04:53:18Z</time>
      </trkpt>
      <trkpt lat="44.364298" lon="6.888487">
        <ele>2701.8</ele>
        <time>2026-08-09T04:53:21Z</time>
      </trkpt>
      <trkpt lat="44.364343" lon="6.888518">
        <ele>2702.8</ele>
        <time>2026-08-09T04:53:27Z</time>
      </trkpt>
      <trkpt lat="44.364358" lon="6.888528">
        <ele>2703.0</ele>
        <time>2026-08-09T04:53:30Z</time>
      </trkpt>
      <trkpt lat="44.364377" lon="6.888545">
        <ele>2704.0</ele>
        <time>2026-08-09T04:53:37Z</time>
      </trkpt>
      <trkpt lat="44.364439" lon="6.888591">
        <ele>2705.0</ele>
        <time>2026-08-09T04:53:44Z</time>
      </trkpt>
      <trkpt lat="44.364445" lon="6.888593">
        <ele>2705.0</ele>
        <time>2026-08-09T04:53:45Z</time>
      </trkpt>
      <trkpt lat="44.364462" lon="6.888598">
        <ele>2706.0</ele>
        <time>2026-08-09T04:53:50Z</time>
      </trkpt>
      <trkpt lat="44.364471" lon="6.888602">
        <ele>2706.8</ele>
        <time>2026-08-09T04:53:53Z</time>
      </trkpt>
      <trkpt lat="44.364484" lon="6.888604">
        <ele>2707.2</ele>
        <time>2026-08-09T04:53:55Z</time>
      </trkpt>
      <trkpt lat="44.364517" lon="6.888626">
        <ele>2708.2</ele>
        <time>2026-08-09T04:54:01Z</time>
      </trkpt>
      <trkpt lat="44.36452" lon="6.888628">
        <ele>2708.4</ele>
        <time>2026-08-09T04:54:02Z</time>
      </trkpt>
      <trkpt lat="44.364536" lon="6.888649">
        <ele>2709.4</ele>
        <time>2026-08-09T04:54:07Z</time>
      </trkpt>
      <trkpt lat="44.364547" lon="6.888678">
        <ele>2710.2</ele>
        <time>2026-08-09T04:54:12Z</time>
      </trkpt>
      <trkpt lat="44.364548" lon="6.888683">
        <ele>2710.4</ele>
        <time>2026-08-09T04:54:13Z</time>
      </trkpt>
      <trkpt lat="44.364565" lon="6.888688">
        <ele>2711.6</ele>
        <time>2026-08-09T04:54:20Z</time>
      </trkpt>
      <trkpt lat="44.36457" lon="6.888689">
        <ele>2711.8</ele>
        <time>2026-08-09T04:54:21Z</time>
      </trkpt>
      <trkpt lat="44.364587" lon="6.888686">
        <ele>2712.4</ele>
        <time>2026-08-09T04:54:26Z</time>
      </trkpt>
      <trkpt lat="44.364594" lon="6.888681">
        <ele>2712.8</ele>
        <time>2026-08-09T04:54:28Z</time>
      </trkpt>
      <trkpt lat="44.364597" lon="6.888679">
        <ele>2712.8</ele>
        <time>2026-08-09T04:54:29Z</time>
      </trkpt>
      <trkpt lat="44.364601" lon="6.888677">
        <ele>2713.0</ele>
        <time>2026-08-09T04:54:30Z</time>
      </trkpt>
      <trkpt lat="44.364602" lon="6.888677">
        <ele>2713.2</ele>
        <time>2026-08-09T04:54:31Z</time>
      </trkpt>
      <trkpt lat="44.364591" lon="6.888692">
        <ele>2713.8</ele>
        <time>2026-08-09T04:54:36Z</time>
      </trkpt>
      <trkpt lat="44.364611" lon="6.888688">
        <ele>2714.4</ele>
        <time>2026-08-09T04:54:39Z</time>
      </trkpt>
      <trkpt lat="44.364621" lon="6.888693">
        <ele>2714.8</ele>
        <time>2026-08-09T04:54:42Z</time>
      </trkpt>
      <trkpt lat="44.36464" lon="6.888715">
        <ele>2715.6</ele>
        <time>2026-08-09T04:54:47Z</time>
      </trkpt>
      <trkpt lat="44.364643" lon="6.888719">
        <ele>2715.8</ele>
        <time>2026-08-09T04:54:48Z</time>
      </trkpt>
      <trkpt lat="44.364659" lon="6.888749">
        <ele>2716.8</ele>
        <time>2026-08-09T04:54:55Z</time>
      </trkpt>
      <trkpt lat="44.364662" lon="6.888754">
        <ele>2717.0</ele>
        <time>2026-08-09T04:54:56Z</time>
      </trkpt>
      <trkpt lat="44.364717" lon="6.888771">
        <ele>2718.0</ele>
        <time>2026-08-09T04:55:04Z</time>
      </trkpt>
      <trkpt lat="44.364724" lon="6.888774">
        <ele>2718.2</ele>
        <time>2026-08-09T04:55:05Z</time>
      </trkpt>
      <trkpt lat="44.36477" lon="6.888794">
        <ele>2719.2</ele>
        <time>2026-08-09T04:55:09Z</time>
      </trkpt>
      <trkpt lat="44.364792" lon="6.888806">
        <ele>2719.8</ele>
        <time>2026-08-09T04:55:12Z</time>
      </trkpt>
      <trkpt lat="44.364784" lon="6.888822">
        <ele>2720.2</ele>
        <time>2026-08-09T04:55:15Z</time>
      </trkpt>
      <trkpt lat="44.36478" lon="6.888825">
        <ele>2720.6</ele>
        <time>2026-08-09T04:55:18Z</time>
      </trkpt>
      <trkpt lat="44.364802" lon="6.888847">
        <ele>2721.2</ele>
        <time>2026-08-09T04:55:21Z</time>
      </trkpt>
      <trkpt lat="44.364808" lon="6.888853">
        <ele>2721.4</ele>
        <time>2026-08-09T04:55:22Z</time>
      </trkpt>
      <trkpt lat="44.364835" lon="6.888878">
        <ele>2722.4</ele>
        <time>2026-08-09T04:55:27Z</time>
      </trkpt>
      <trkpt lat="44.364858" lon="6.888885">
        <ele>2723.4</ele>
        <time>2026-08-09T04:55:33Z</time>
      </trkpt>
      <trkpt lat="44.364876" lon="6.88889">
        <ele>2723.8</ele>
        <time>2026-08-09T04:55:35Z</time>
      </trkpt>
      <trkpt lat="44.364947" lon="6.888917">
        <ele>2724.4</ele>
        <time>2026-08-09T04:55:40Z</time>
      </trkpt>
      <trkpt lat="44.36498" lon="6.888926">
        <ele>2725.0</ele>
        <time>2026-08-09T04:55:43Z</time>
      </trkpt>
      <trkpt lat="44.36499" lon="6.888939">
        <ele>2725.4</ele>
        <time>2026-08-09T04:55:47Z</time>
      </trkpt>
      <trkpt lat="44.364979" lon="6.888959">
        <ele>2726.4</ele>
        <time>2026-08-09T04:55:51Z</time>
      </trkpt>
      <trkpt lat="44.364974" lon="6.88896">
        <ele>2726.6</ele>
        <time>2026-08-09T04:55:52Z</time>
      </trkpt>
      <trkpt lat="44.36496" lon="6.888967">
        <ele>2727.6</ele>
        <time>2026-08-09T04:55:58Z</time>
      </trkpt>
      <trkpt lat="44.364962" lon="6.88897">
        <ele>2727.8</ele>
        <time>2026-08-09T04:55:59Z</time>
      </trkpt>
      <trkpt lat="44.364997" lon="6.888962">
        <ele>2728.6</ele>
        <time>2026-08-09T04:56:05Z</time>
      </trkpt>
      <trkpt lat="44.365005" lon="6.888964">
        <ele>2728.8</ele>
        <time>2026-08-09T04:56:06Z</time>
      </trkpt>
      <trkpt lat="44.365007" lon="6.888979">
        <ele>2729.6</ele>
        <time>2026-08-09T04:56:11Z</time>
      </trkpt>
      <trkpt lat="44.36501" lon="6.888985">
        <ele>2730.0</ele>
        <time>2026-08-09T04:56:15Z</time>
      </trkpt>
      <trkpt lat="44.36503" lon="6.888989">
        <ele>2730.6</ele>
        <time>2026-08-09T04:56:20Z</time>
      </trkpt>
      <trkpt lat="44.365033" lon="6.888991">
        <ele>2730.8</ele>
        <time>2026-08-09T04:56:21Z</time>
      </trkpt>
      <trkpt lat="44.365033" lon="6.888991">
        <ele>2731.2</ele>
        <time>2026-08-09T04:56:23Z</time>
      </trkpt>
      <trkpt lat="44.364996" lon="6.888973">
        <ele>2731.6</ele>
        <time>2026-08-09T04:56:33Z</time>
      </trkpt>
      <trkpt lat="44.365016" lon="6.888963">
        <ele>2731.8</ele>
        <time>2026-08-09T04:56:39Z</time>
      </trkpt>
      <trkpt lat="44.365033" lon="6.888963">
        <ele>2732.4</ele>
        <time>2026-08-09T04:56:42Z</time>
      </trkpt>
      <trkpt lat="44.365054" lon="6.888987">
        <ele>2732.8</ele>
        <time>2026-08-09T04:56:45Z</time>
      </trkpt>
      <trkpt lat="44.36506" lon="6.889028">
        <ele>2733.6</ele>
        <time>2026-08-09T04:56:50Z</time>
      </trkpt>
      <trkpt lat="44.365063" lon="6.889039">
        <ele>2734.0</ele>
        <time>2026-08-09T04:56:52Z</time>
      </trkpt>
      <trkpt lat="44.365069" lon="6.889059">
        <ele>2735.0</ele>
        <time>2026-08-09T04:56:58Z</time>
      </trkpt>
      <trkpt lat="44.365073" lon="6.889066">
        <ele>2735.0</ele>
        <time>2026-08-09T04:56:59Z</time>
      </trkpt>
      <trkpt lat="44.365109" lon="6.889125">
        <ele>2736.0</ele>
        <time>2026-08-09T04:57:06Z</time>
      </trkpt>
      <trkpt lat="44.365109" lon="6.889135">
        <ele>2736.4</ele>
        <time>2026-08-09T04:57:09Z</time>
      </trkpt>
      <trkpt lat="44.365104" lon="6.889133">
        <ele>2737.2</ele>
        <time>2026-08-09T04:57:16Z</time>
      </trkpt>
      <trkpt lat="44.365097" lon="6.889135">
        <ele>2737.4</ele>
        <time>2026-08-09T04:57:18Z</time>
      </trkpt>
      <trkpt lat="44.365115" lon="6.889138">
        <ele>2738.2</ele>
        <time>2026-08-09T04:57:25Z</time>
      </trkpt>
      <trkpt lat="44.365103" lon="6.889161">
        <ele>2738.8</ele>
        <time>2026-08-09T04:57:31Z</time>
      </trkpt>
      <trkpt lat="44.365097" lon="6.889161">
        <ele>2739.2</ele>
        <time>2026-08-09T04:57:34Z</time>
      </trkpt>
      <trkpt lat="44.365069" lon="6.889149">
        <ele>2739.8</ele>
        <time>2026-08-09T04:57:38Z</time>
      </trkpt>
      <trkpt lat="44.365102" lon="6.889154">
        <ele>2740.4</ele>
        <time>2026-08-09T04:57:45Z</time>
      </trkpt>
      <trkpt lat="44.365109" lon="6.889154">
        <ele>2740.4</ele>
        <time>2026-08-09T04:57:46Z</time>
      </trkpt>
      <trkpt lat="44.365143" lon="6.889165">
        <ele>2741.4</ele>
        <time>2026-08-09T04:57:52Z</time>
      </trkpt>
      <trkpt lat="44.365151" lon="6.889172">
        <ele>2741.6</ele>
        <time>2026-08-09T04:57:54Z</time>
      </trkpt>
      <trkpt lat="44.365159" lon="6.889216">
        <ele>2742.4</ele>
        <time>2026-08-09T04:58:00Z</time>
      </trkpt>
      <trkpt lat="44.365161" lon="6.889223">
        <ele>2742.6</ele>
        <time>2026-08-09T04:58:02Z</time>
      </trkpt>
      <trkpt lat="44.365166" lon="6.889229">
        <ele>2743.6</ele>
        <time>2026-08-09T04:58:07Z</time>
      </trkpt>
      <trkpt lat="44.36517" lon="6.889231">
        <ele>2744.0</ele>
        <time>2026-08-09T04:58:10Z</time>
      </trkpt>
      <trkpt lat="44.365162" lon="6.889224">
        <ele>2744.6</ele>
        <time>2026-08-09T04:58:14Z</time>
      </trkpt>
      <trkpt lat="44.365169" lon="6.88924">
        <ele>2745.2</ele>
        <time>2026-08-09T04:58:19Z</time>
      </trkpt>
      <trkpt lat="44.365157" lon="6.889252">
        <ele>2745.6</ele>
        <time>2026-08-09T04:58:22Z</time>
      </trkpt>
      <trkpt lat="44.365168" lon="6.889265">
        <ele>2746.2</ele>
        <time>2026-08-09T04:58:26Z</time>
      </trkpt>
      <trkpt lat="44.365195" lon="6.889271">
        <ele>2746.8</ele>
        <time>2026-08-09T04:58:31Z</time>
      </trkpt>
      <trkpt lat="44.365197" lon="6.889266">
        <ele>2747.4</ele>
        <time>2026-08-09T04:58:35Z</time>
      </trkpt>
      <trkpt lat="44.3652" lon="6.889266">
        <ele>2748.0</ele>
        <time>2026-08-09T04:58:38Z</time>
      </trkpt>
      <trkpt lat="44.365215" lon="6.88927">
        <ele>2748.6</ele>
        <time>2026-08-09T04:58:42Z</time>
      </trkpt>
      <trkpt lat="44.365229" lon="6.889273">
        <ele>2749.0</ele>
        <time>2026-08-09T04:58:44Z</time>
      </trkpt>
      <trkpt lat="44.365232" lon="6.889275">
        <ele>2749.2</ele>
        <time>2026-08-09T04:58:45Z</time>
      </trkpt>
      <trkpt lat="44.365241" lon="6.889298">
        <ele>2750.0</ele>
        <time>2026-08-09T04:58:52Z</time>
      </trkpt>
      <trkpt lat="44.365256" lon="6.889314">
        <ele>2750.4</ele>
        <time>2026-08-09T04:58:54Z</time>
      </trkpt>
      <trkpt lat="44.365269" lon="6.889335">
        <ele>2751.2</ele>
        <time>2026-08-09T04:58:59Z</time>
      </trkpt>
      <trkpt lat="44.365266" lon="6.889339">
        <ele>2752.0</ele>
        <time>2026-08-09T04:59:03Z</time>
      </trkpt>
      <trkpt lat="44.365273" lon="6.889345">
        <ele>2752.4</ele>
        <time>2026-08-09T04:59:06Z</time>
      </trkpt>
      <trkpt lat="44.365284" lon="6.889356">
        <ele>2753.2</ele>
        <time>2026-08-09T04:59:12Z</time>
      </trkpt>
      <trkpt lat="44.365287" lon="6.889357">
        <ele>2753.4</ele>
        <time>2026-08-09T04:59:13Z</time>
      </trkpt>
      <trkpt lat="44.365306" lon="6.889365">
        <ele>2754.4</ele>
        <time>2026-08-09T04:59:20Z</time>
      </trkpt>
      <trkpt lat="44.365309" lon="6.88937">
        <ele>2754.6</ele>
        <time>2026-08-09T04:59:21Z</time>
      </trkpt>
      <trkpt lat="44.365326" lon="6.889401">
        <ele>2755.4</ele>
        <time>2026-08-09T04:59:27Z</time>
      </trkpt>
      <trkpt lat="44.365326" lon="6.889403">
        <ele>2755.6</ele>
        <time>2026-08-09T04:59:28Z</time>
      </trkpt>
      <trkpt lat="44.365333" lon="6.889414">
        <ele>2756.2</ele>
        <time>2026-08-09T04:59:33Z</time>
      </trkpt>
      <trkpt lat="44.365343" lon="6.889441">
        <ele>2756.8</ele>
        <time>2026-08-09T04:59:37Z</time>
      </trkpt>
      <trkpt lat="44.365371" lon="6.88945">
        <ele>2757.8</ele>
        <time>2026-08-09T04:59:44Z</time>
      </trkpt>
      <trkpt lat="44.365371" lon="6.889451">
        <ele>2758.0</ele>
        <time>2026-08-09T04:59:45Z</time>
      </trkpt>
      <trkpt lat="44.365365" lon="6.88945">
        <ele>2758.8</ele>
        <time>2026-08-09T04:59:51Z</time>
      </trkpt>
      <trkpt lat="44.365356" lon="6.88946">
        <ele>2759.6</ele>
        <time>2026-08-09T04:59:55Z</time>
      </trkpt>
      <trkpt lat="44.365329" lon="6.889464">
        <ele>2760.0</ele>
        <time>2026-08-09T04:59:58Z</time>
      </trkpt>
      <trkpt lat="44.365327" lon="6.889451">
        <ele>2760.4</ele>
        <time>2026-08-09T05:00:02Z</time>
      </trkpt>
      <trkpt lat="44.365363" lon="6.889454">
        <ele>2760.6</ele>
        <time>2026-08-09T05:00:04Z</time>
      </trkpt>
      <trkpt lat="44.365396" lon="6.889469">
        <ele>2761.0</ele>
        <time>2026-08-09T05:00:07Z</time>
      </trkpt>
      <trkpt lat="44.365404" lon="6.889473">
        <ele>2761.2</ele>
        <time>2026-08-09T05:00:08Z</time>
      </trkpt>
      <trkpt lat="44.36543" lon="6.889485">
        <ele>2761.6</ele>
        <time>2026-08-09T05:00:12Z</time>
      </trkpt>
      <trkpt lat="44.365434" lon="6.889487">
        <ele>2762.0</ele>
        <time>2026-08-09T05:00:15Z</time>
      </trkpt>
      <trkpt lat="44.365433" lon="6.889488">
        <ele>2762.2</ele>
        <time>2026-08-09T05:00:17Z</time>
      </trkpt>
      <trkpt lat="44.365431" lon="6.889502">
        <ele>2762.2</ele>
        <time>2026-08-09T05:00:21Z</time>
      </trkpt>
      <trkpt lat="44.365432" lon="6.889508">
        <ele>2762.2</ele>
        <time>2026-08-09T05:00:22Z</time>
      </trkpt>
      <trkpt lat="44.365433" lon="6.889516">
        <ele>2762.4</ele>
        <time>2026-08-09T05:00:23Z</time>
      </trkpt>
      <trkpt lat="44.365434" lon="6.889531">
        <ele>2763.2</ele>
        <time>2026-08-09T05:00:27Z</time>
      </trkpt>
      <trkpt lat="44.365433" lon="6.889529">
        <ele>2763.4</ele>
        <time>2026-08-09T05:00:28Z</time>
      </trkpt>
      <trkpt lat="44.365413" lon="6.889552">
        <ele>2764.2</ele>
        <time>2026-08-09T05:00:35Z</time>
      </trkpt>
      <trkpt lat="44.365407" lon="6.889565">
        <ele>2764.6</ele>
        <time>2026-08-09T05:00:37Z</time>
      </trkpt>
      <trkpt lat="44.365387" lon="6.889577">
        <ele>2765.2</ele>
        <time>2026-08-09T05:00:42Z</time>
      </trkpt>
      <trkpt lat="44.365391" lon="6.889575">
        <ele>2765.6</ele>
        <time>2026-08-09T05:00:46Z</time>
      </trkpt>
      <trkpt lat="44.365412" lon="6.889592">
        <ele>2766.4</ele>
        <time>2026-08-09T05:00:50Z</time>
      </trkpt>
      <trkpt lat="44.365438" lon="6.889618">
        <ele>2767.0</ele>
        <time>2026-08-09T05:00:54Z</time>
      </trkpt>
      <trkpt lat="44.365434" lon="6.88962">
        <ele>2767.6</ele>
        <time>2026-08-09T05:00:58Z</time>
      </trkpt>
      <trkpt lat="44.36544" lon="6.889625">
        <ele>2767.6</ele>
        <time>2026-08-09T05:01:00Z</time>
      </trkpt>
      <trkpt lat="44.365491" lon="6.889651">
        <ele>2768.6</ele>
        <time>2026-08-09T05:01:08Z</time>
      </trkpt>
      <trkpt lat="44.365497" lon="6.889645">
        <ele>2769.4</ele>
        <time>2026-08-09T05:01:17Z</time>
      </trkpt>
      <trkpt lat="44.365539" lon="6.889685">
        <ele>2769.2</ele>
        <time>2026-08-09T05:01:22Z</time>
      </trkpt>
      <trkpt lat="44.365543" lon="6.889693">
        <ele>2769.2</ele>
        <time>2026-08-09T05:01:23Z</time>
      </trkpt>
      <trkpt lat="44.365548" lon="6.889702">
        <ele>2769.2</ele>
        <time>2026-08-09T05:01:24Z</time>
      </trkpt>
      <trkpt lat="44.365477" lon="6.889678">
        <ele>2769.2</ele>
        <time>2026-08-09T05:01:31Z</time>
      </trkpt>
      <trkpt lat="44.365431" lon="6.88963">
        <ele>2769.0</ele>
        <time>2026-08-09T05:01:35Z</time>
      </trkpt>
      <trkpt lat="44.365454" lon="6.889636">
        <ele>2769.2</ele>
        <time>2026-08-09T05:01:44Z</time>
      </trkpt>
      <trkpt lat="44.365454" lon="6.889638">
        <ele>2769.0</ele>
        <time>2026-08-09T05:01:45Z</time>
      </trkpt>
      <trkpt lat="44.365469" lon="6.889635">
        <ele>2769.0</ele>
        <time>2026-08-09T05:01:54Z</time>
      </trkpt>
      <trkpt lat="44.365533" lon="6.889619">
        <ele>2769.6</ele>
        <time>2026-08-09T05:02:03Z</time>
      </trkpt>
      <trkpt lat="44.365586" lon="6.889616">
        <ele>2770.6</ele>
        <time>2026-08-09T05:02:10Z</time>
      </trkpt>
      <trkpt lat="44.365588" lon="6.889611">
        <ele>2770.8</ele>
        <time>2026-08-09T05:02:11Z</time>
      </trkpt>
      <trkpt lat="44.365607" lon="6.889597">
        <ele>2770.4</ele>
        <time>2026-08-09T05:02:19Z</time>
      </trkpt>
      <trkpt lat="44.365631" lon="6.889579">
        <ele>2769.6</ele>
        <time>2026-08-09T05:02:24Z</time>
      </trkpt>
      <trkpt lat="44.365648" lon="6.889587">
        <ele>2769.2</ele>
        <time>2026-08-09T05:02:28Z</time>
      </trkpt>
      <trkpt lat="44.365682" lon="6.889607">
        <ele>2770.6</ele>
        <time>2026-08-09T05:02:34Z</time>
      </trkpt>
      <trkpt lat="44.365688" lon="6.889611">
        <ele>2770.8</ele>
        <time>2026-08-09T05:02:35Z</time>
      </trkpt>
      <trkpt lat="44.365709" lon="6.889638">
        <ele>2771.6</ele>
        <time>2026-08-09T05:02:41Z</time>
      </trkpt>
      <trkpt lat="44.365728" lon="6.889654">
        <ele>2772.2</ele>
        <time>2026-08-09T05:02:44Z</time>
      </trkpt>
      <trkpt lat="44.365806" lon="6.889686">
        <ele>2772.6</ele>
        <time>2026-08-09T05:02:54Z</time>
      </trkpt>
      <trkpt lat="44.365759" lon="6.889686">
        <ele>2772.8</ele>
        <time>2026-08-09T05:02:59Z</time>
      </trkpt>
      <trkpt lat="44.36574" lon="6.889685">
        <ele>2772.8</ele>
        <time>2026-08-09T05:03:00Z</time>
      </trkpt>
      <trkpt lat="44.365712" lon="6.889679">
        <ele>2773.2</ele>
        <time>2026-08-09T05:03:08Z</time>
      </trkpt>
      <trkpt lat="44.365692" lon="6.889699">
        <ele>2773.8</ele>
        <time>2026-08-09T05:03:13Z</time>
      </trkpt>
      <trkpt lat="44.36569" lon="6.889703">
        <ele>2774.2</ele>
        <time>2026-08-09T05:03:15Z</time>
      </trkpt>
      <trkpt lat="44.365692" lon="6.889717">
        <ele>2774.8</ele>
        <time>2026-08-09T05:03:19Z</time>
      </trkpt>
      <trkpt lat="44.365702" lon="6.889746">
        <ele>2775.6</ele>
        <time>2026-08-09T05:03:24Z</time>
      </trkpt>
      <trkpt lat="44.365704" lon="6.889773">
        <ele>2776.0</ele>
        <time>2026-08-09T05:03:26Z</time>
      </trkpt>
      <trkpt lat="44.365693" lon="6.889788">
        <ele>2776.8</ele>
        <time>2026-08-09T05:03:31Z</time>
      </trkpt>
      <trkpt lat="44.365692" lon="6.889807">
        <ele>2777.0</ele>
        <time>2026-08-09T05:03:34Z</time>
      </trkpt>
      <trkpt lat="44.365693" lon="6.889844">
        <ele>2777.2</ele>
        <time>2026-08-09T05:03:39Z</time>
      </trkpt>
      <trkpt lat="44.365704" lon="6.889899">
        <ele>2777.6</ele>
        <time>2026-08-09T05:03:48Z</time>
      </trkpt>
      <trkpt lat="44.365716" lon="6.889921">
        <ele>2778.0</ele>
        <time>2026-08-09T05:03:52Z</time>
      </trkpt>
      <trkpt lat="44.365731" lon="6.889925">
        <ele>2778.2</ele>
        <time>2026-08-09T05:03:56Z</time>
      </trkpt>
      <trkpt lat="44.365789" lon="6.889922">
        <ele>2778.8</ele>
        <time>2026-08-09T05:04:03Z</time>
      </trkpt>
      <trkpt lat="44.365807" lon="6.889934">
        <ele>2779.0</ele>
        <time>2026-08-09T05:04:05Z</time>
      </trkpt>
      <trkpt lat="44.36585" lon="6.889965">
        <ele>2779.4</ele>
        <time>2026-08-09T05:04:11Z</time>
      </trkpt>
      <trkpt lat="44.365903" lon="6.88996">
        <ele>2779.8</ele>
        <time>2026-08-09T05:04:18Z</time>
      </trkpt>
      <trkpt lat="44.365937" lon="6.889954">
        <ele>2780.2</ele>
        <time>2026-08-09T05:04:21Z</time>
      </trkpt>
      <trkpt lat="44.365974" lon="6.889924">
        <ele>2780.8</ele>
        <time>2026-08-09T05:04:26Z</time>
      </trkpt>
      <trkpt lat="44.365986" lon="6.889914">
        <ele>2781.2</ele>
        <time>2026-08-09T05:04:29Z</time>
      </trkpt>
      <trkpt lat="44.366004" lon="6.889918">
        <ele>2781.8</ele>
        <time>2026-08-09T05:04:33Z</time>
      </trkpt>
      <trkpt lat="44.366015" lon="6.88993">
        <ele>2782.4</ele>
        <time>2026-08-09T05:04:36Z</time>
      </trkpt>
      <trkpt lat="44.366045" lon="6.88993">
        <ele>2783.2</ele>
        <time>2026-08-09T05:04:41Z</time>
      </trkpt>
      <trkpt lat="44.366051" lon="6.889929">
        <ele>2783.4</ele>
        <time>2026-08-09T05:04:42Z</time>
      </trkpt>
      <trkpt lat="44.366081" lon="6.889956">
        <ele>2784.6</ele>
        <time>2026-08-09T05:04:49Z</time>
      </trkpt>
      <trkpt lat="44.366078" lon="6.889916">
        <ele>2785.6</ele>
        <time>2026-08-09T05:04:58Z</time>
      </trkpt>
      <trkpt lat="44.366084" lon="6.889871">
        <ele>2786.8</ele>
        <time>2026-08-09T05:05:05Z</time>
      </trkpt>
      <trkpt lat="44.366099" lon="6.889863">
        <ele>2787.2</ele>
        <time>2026-08-09T05:05:08Z</time>
      </trkpt>
      <trkpt lat="44.366131" lon="6.889881">
        <ele>2787.8</ele>
        <time>2026-08-09T05:05:14Z</time>
      </trkpt>
      <trkpt lat="44.366142" lon="6.889895">
        <ele>2788.2</ele>
        <time>2026-08-09T05:05:16Z</time>
      </trkpt>
      <trkpt lat="44.366176" lon="6.889936">
        <ele>2788.8</ele>
        <time>2026-08-09T05:05:21Z</time>
      </trkpt>
      <trkpt lat="44.366189" lon="6.889955">
        <ele>2789.2</ele>
        <time>2026-08-09T05:05:24Z</time>
      </trkpt>
      <trkpt lat="44.366199" lon="6.889978">
        <ele>2790.0</ele>
        <time>2026-08-09T05:05:29Z</time>
      </trkpt>
      <trkpt lat="44.366189" lon="6.889996">
        <ele>2790.6</ele>
        <time>2026-08-09T05:05:33Z</time>
      </trkpt>
      <trkpt lat="44.366197" lon="6.890007">
        <ele>2791.0</ele>
        <time>2026-08-09T05:05:36Z</time>
      </trkpt>
      <trkpt lat="44.366218" lon="6.890015">
        <ele>2791.6</ele>
        <time>2026-08-09T05:05:41Z</time>
      </trkpt>
      <trkpt lat="44.366253" lon="6.889964">
        <ele>2791.2</ele>
        <time>2026-08-09T05:05:50Z</time>
      </trkpt>
      <trkpt lat="44.366288" lon="6.889889">
        <ele>2790.2</ele>
        <time>2026-08-09T05:05:59Z</time>
      </trkpt>
      <trkpt lat="44.366304" lon="6.889868">
        <ele>2791.4</ele>
        <time>2026-08-09T05:06:07Z</time>
      </trkpt>
      <trkpt lat="44.366324" lon="6.889863">
        <ele>2792.0</ele>
        <time>2026-08-09T05:06:11Z</time>
      </trkpt>
      <trkpt lat="44.366338" lon="6.889872">
        <ele>2792.8</ele>
        <time>2026-08-09T05:06:14Z</time>
      </trkpt>
      <trkpt lat="44.366345" lon="6.889877">
        <ele>2793.2</ele>
        <time>2026-08-09T05:06:17Z</time>
      </trkpt>
      <trkpt lat="44.366342" lon="6.889858">
        <ele>2794.0</ele>
        <time>2026-08-09T05:06:24Z</time>
      </trkpt>
      <trkpt lat="44.366339" lon="6.889851">
        <ele>2794.2</ele>
        <time>2026-08-09T05:06:26Z</time>
      </trkpt>
      <trkpt lat="44.366368" lon="6.889842">
        <ele>2795.0</ele>
        <time>2026-08-09T05:06:32Z</time>
      </trkpt>
      <trkpt lat="44.36637" lon="6.889848">
        <ele>2795.4</ele>
        <time>2026-08-09T05:06:34Z</time>
      </trkpt>
      <trkpt lat="44.366385" lon="6.889868">
        <ele>2796.0</ele>
        <time>2026-08-09T05:06:39Z</time>
      </trkpt>
      <trkpt lat="44.366389" lon="6.889863">
        <ele>2796.4</ele>
        <time>2026-08-09T05:06:44Z</time>
      </trkpt>
      <trkpt lat="44.366401" lon="6.889852">
        <ele>2797.0</ele>
        <time>2026-08-09T05:06:48Z</time>
      </trkpt>
      <trkpt lat="44.366411" lon="6.889828">
        <ele>2797.6</ele>
        <time>2026-08-09T05:06:53Z</time>
      </trkpt>
      <trkpt lat="44.366419" lon="6.88981">
        <ele>2798.2</ele>
        <time>2026-08-09T05:06:57Z</time>
      </trkpt>
      <trkpt lat="44.36643" lon="6.889816">
        <ele>2798.6</ele>
        <time>2026-08-09T05:07:00Z</time>
      </trkpt>
      <trkpt lat="44.36644" lon="6.889819">
        <ele>2799.2</ele>
        <time>2026-08-09T05:07:04Z</time>
      </trkpt>
      <trkpt lat="44.366452" lon="6.889808">
        <ele>2799.6</ele>
        <time>2026-08-09T05:07:09Z</time>
      </trkpt>
      <trkpt lat="44.366454" lon="6.889807">
        <ele>2800.0</ele>
        <time>2026-08-09T05:07:11Z</time>
      </trkpt>
      <trkpt lat="44.366459" lon="6.889801">
        <ele>2800.8</ele>
        <time>2026-08-09T05:07:15Z</time>
      </trkpt>
      <trkpt lat="44.366457" lon="6.889793">
        <ele>2801.0</ele>
        <time>2026-08-09T05:07:17Z</time>
      </trkpt>
      <trkpt lat="44.366472" lon="6.889775">
        <ele>2801.8</ele>
        <time>2026-08-09T05:07:23Z</time>
      </trkpt>
      <trkpt lat="44.366476" lon="6.889773">
        <ele>2801.8</ele>
        <time>2026-08-09T05:07:24Z</time>
      </trkpt>
      <trkpt lat="44.366497" lon="6.889775">
        <ele>2802.8</ele>
        <time>2026-08-09T05:07:30Z</time>
      </trkpt>
      <trkpt lat="44.366499" lon="6.889774">
        <ele>2803.0</ele>
        <time>2026-08-09T05:07:31Z</time>
      </trkpt>
      <trkpt lat="44.366488" lon="6.889756">
        <ele>2803.8</ele>
        <time>2026-08-09T05:07:38Z</time>
      </trkpt>
      <trkpt lat="44.366496" lon="6.889754">
        <ele>2804.2</ele>
        <time>2026-08-09T05:07:40Z</time>
      </trkpt>
      <trkpt lat="44.36651" lon="6.889753">
        <ele>2805.0</ele>
        <time>2026-08-09T05:07:44Z</time>
      </trkpt>
      <trkpt lat="44.366521" lon="6.889753">
        <ele>2805.2</ele>
        <time>2026-08-09T05:07:48Z</time>
      </trkpt>
      <trkpt lat="44.36653" lon="6.889747">
        <ele>2806.0</ele>
        <time>2026-08-09T05:07:56Z</time>
      </trkpt>
      <trkpt lat="44.366533" lon="6.889741">
        <ele>2806.2</ele>
        <time>2026-08-09T05:07:57Z</time>
      </trkpt>
      <trkpt lat="44.36655" lon="6.889712">
        <ele>2807.0</ele>
        <time>2026-08-09T05:08:03Z</time>
      </trkpt>
      <trkpt lat="44.366558" lon="6.889702">
        <ele>2807.4</ele>
        <time>2026-08-09T05:08:05Z</time>
      </trkpt>
      <trkpt lat="44.366563" lon="6.889719">
        <ele>2808.2</ele>
        <time>2026-08-09T05:08:09Z</time>
      </trkpt>
      <trkpt lat="44.366565" lon="6.889703">
        <ele>2808.6</ele>
        <time>2026-08-09T05:08:13Z</time>
      </trkpt>
      <trkpt lat="44.366566" lon="6.889693">
        <ele>2809.2</ele>
        <time>2026-08-09T05:08:18Z</time>
      </trkpt>
      <trkpt lat="44.366565" lon="6.889677">
        <ele>2809.6</ele>
        <time>2026-08-09T05:08:21Z</time>
      </trkpt>
      <trkpt lat="44.366567" lon="6.889658">
        <ele>2810.2</ele>
        <time>2026-08-09T05:08:25Z</time>
      </trkpt>
      <trkpt lat="44.366577" lon="6.889652">
        <ele>2810.8</ele>
        <time>2026-08-09T05:08:29Z</time>
      </trkpt>
      <trkpt lat="44.366579" lon="6.889651">
        <ele>2811.0</ele>
        <time>2026-08-09T05:08:30Z</time>
      </trkpt>
      <trkpt lat="44.366583" lon="6.889652">
        <ele>2811.2</ele>
        <time>2026-08-09T05:08:32Z</time>
      </trkpt>
      <trkpt lat="44.366585" lon="6.889647">
        <ele>2811.4</ele>
        <time>2026-08-09T05:08:33Z</time>
      </trkpt>
      <trkpt lat="44.36659" lon="6.889628">
        <ele>2812.2</ele>
        <time>2026-08-09T05:08:38Z</time>
      </trkpt>
      <trkpt lat="44.366592" lon="6.889629">
        <ele>2812.4</ele>
        <time>2026-08-09T05:08:39Z</time>
      </trkpt>
      <trkpt lat="44.3666" lon="6.889629">
        <ele>2813.6</ele>
        <time>2026-08-09T05:08:46Z</time>
      </trkpt>
      <trkpt lat="44.366604" lon="6.889626">
        <ele>2813.8</ele>
        <time>2026-08-09T05:08:47Z</time>
      </trkpt>
      <trkpt lat="44.366611" lon="6.889617">
        <ele>2814.2</ele>
        <time>2026-08-09T05:08:50Z</time>
      </trkpt>
      <trkpt lat="44.366617" lon="6.889616">
        <ele>2814.6</ele>
        <time>2026-08-09T05:08:53Z</time>
      </trkpt>
      <trkpt lat="44.366634" lon="6.889622">
        <ele>2815.0</ele>
        <time>2026-08-09T05:08:57Z</time>
      </trkpt>
      <trkpt lat="44.366662" lon="6.889633">
        <ele>2815.6</ele>
        <time>2026-08-09T05:09:02Z</time>
      </trkpt>
      <trkpt lat="44.366674" lon="6.889639">
        <ele>2816.4</ele>
        <time>2026-08-09T05:09:06Z</time>
      </trkpt>
      <trkpt lat="44.366672" lon="6.889632">
        <ele>2816.8</ele>
        <time>2026-08-09T05:09:09Z</time>
      </trkpt>
      <trkpt lat="44.366689" lon="6.889627">
        <ele>2817.8</ele>
        <time>2026-08-09T05:09:14Z</time>
      </trkpt>
      <trkpt lat="44.366692" lon="6.889627">
        <ele>2818.0</ele>
        <time>2026-08-09T05:09:15Z</time>
      </trkpt>
      <trkpt lat="44.366705" lon="6.889626">
        <ele>2819.0</ele>
        <time>2026-08-09T05:09:22Z</time>
      </trkpt>
      <trkpt lat="44.366705" lon="6.889629">
        <ele>2819.2</ele>
        <time>2026-08-09T05:09:23Z</time>
      </trkpt>
      <trkpt lat="44.366725" lon="6.88963">
        <ele>2819.8</ele>
        <time>2026-08-09T05:09:27Z</time>
      </trkpt>
      <trkpt lat="44.366731" lon="6.889632">
        <ele>2820.2</ele>
        <time>2026-08-09T05:09:29Z</time>
      </trkpt>
      <trkpt lat="44.366741" lon="6.889633">
        <ele>2820.6</ele>
        <time>2026-08-09T05:09:31Z</time>
      </trkpt>
      <trkpt lat="44.366757" lon="6.889634">
        <ele>2821.4</ele>
        <time>2026-08-09T05:09:35Z</time>
      </trkpt>
      <trkpt lat="44.366756" lon="6.88964">
        <ele>2821.8</ele>
        <time>2026-08-09T05:09:40Z</time>
      </trkpt>
      <trkpt lat="44.366764" lon="6.889645">
        <ele>2822.4</ele>
        <time>2026-08-09T05:09:43Z</time>
      </trkpt>
      <trkpt lat="44.366781" lon="6.889635">
        <ele>2823.2</ele>
        <time>2026-08-09T05:09:50Z</time>
      </trkpt>
      <trkpt lat="44.366781" lon="6.889633">
        <ele>2823.4</ele>
        <time>2026-08-09T05:09:51Z</time>
      </trkpt>
      <trkpt lat="44.366795" lon="6.889618">
        <ele>2824.6</ele>
        <time>2026-08-09T05:09:58Z</time>
      </trkpt>
      <trkpt lat="44.366796" lon="6.889621">
        <ele>2824.8</ele>
        <time>2026-08-09T05:10:00Z</time>
      </trkpt>
      <trkpt lat="44.366815" lon="6.889618">
        <ele>2825.6</ele>
        <time>2026-08-09T05:10:04Z</time>
      </trkpt>
      <trkpt lat="44.366824" lon="6.889602">
        <ele>2826.2</ele>
        <time>2026-08-09T05:10:09Z</time>
      </trkpt>
      <trkpt lat="44.366828" lon="6.889591">
        <ele>2826.6</ele>
        <time>2026-08-09T05:10:11Z</time>
      </trkpt>
      <trkpt lat="44.366844" lon="6.889588">
        <ele>2827.6</ele>
        <time>2026-08-09T05:10:16Z</time>
      </trkpt>
      <trkpt lat="44.366846" lon="6.889591">
        <ele>2827.8</ele>
        <time>2026-08-09T05:10:17Z</time>
      </trkpt>
      <trkpt lat="44.366867" lon="6.889587">
        <ele>2829.0</ele>
        <time>2026-08-09T05:10:24Z</time>
      </trkpt>
      <trkpt lat="44.366888" lon="6.889582">
        <ele>2830.2</ele>
        <time>2026-08-09T05:10:32Z</time>
      </trkpt>
      <trkpt lat="44.366936" lon="6.889599">
        <ele>2831.2</ele>
        <time>2026-08-09T05:10:39Z</time>
      </trkpt>
      <trkpt lat="44.366946" lon="6.889599">
        <ele>2831.6</ele>
        <time>2026-08-09T05:10:41Z</time>
      </trkpt>
      <trkpt lat="44.366983" lon="6.889623">
        <ele>2832.4</ele>
        <time>2026-08-09T05:10:47Z</time>
      </trkpt>
      <trkpt lat="44.366995" lon="6.889629">
        <ele>2832.6</ele>
        <time>2026-08-09T05:10:49Z</time>
      </trkpt>
      <trkpt lat="44.366988" lon="6.889632">
        <ele>2832.8</ele>
        <time>2026-08-09T05:10:56Z</time>
      </trkpt>
      <trkpt lat="44.366989" lon="6.889638">
        <ele>2833.0</ele>
        <time>2026-08-09T05:10:58Z</time>
      </trkpt>
      <trkpt lat="44.366973" lon="6.889632">
        <ele>2833.4</ele>
        <time>2026-08-09T05:11:04Z</time>
      </trkpt>
      <trkpt lat="44.366979" lon="6.889633">
        <ele>2833.8</ele>
        <time>2026-08-09T05:11:06Z</time>
      </trkpt>
      <trkpt lat="44.367001" lon="6.889642">
        <ele>2834.4</ele>
        <time>2026-08-09T05:11:10Z</time>
      </trkpt>
      <trkpt lat="44.367001" lon="6.889637">
        <ele>2834.8</ele>
        <time>2026-08-09T05:11:13Z</time>
      </trkpt>
      <trkpt lat="44.367018" lon="6.889635">
        <ele>2835.4</ele>
        <time>2026-08-09T05:11:16Z</time>
      </trkpt>
      <trkpt lat="44.367024" lon="6.889633">
        <ele>2836.0</ele>
        <time>2026-08-09T05:11:19Z</time>
      </trkpt>
      <trkpt lat="44.367029" lon="6.889632">
        <ele>2836.6</ele>
        <time>2026-08-09T05:11:22Z</time>
      </trkpt>
      <trkpt lat="44.367035" lon="6.889633">
        <ele>2836.8</ele>
        <time>2026-08-09T05:11:24Z</time>
      </trkpt>
      <trkpt lat="44.367059" lon="6.889626">
        <ele>2837.4</ele>
        <time>2026-08-09T05:11:32Z</time>
      </trkpt>
      <trkpt lat="44.367062" lon="6.889629">
        <ele>2837.6</ele>
        <time>2026-08-09T05:11:34Z</time>
      </trkpt>
      <trkpt lat="44.367065" lon="6.889649">
        <ele>2838.8</ele>
        <time>2026-08-09T05:11:40Z</time>
      </trkpt>
      <trkpt lat="44.367069" lon="6.889649">
        <ele>2839.0</ele>
        <time>2026-08-09T05:11:42Z</time>
      </trkpt>
      <trkpt lat="44.367096" lon="6.889643">
        <ele>2839.8</ele>
        <time>2026-08-09T05:11:46Z</time>
      </trkpt>
      <trkpt lat="44.367115" lon="6.889661">
        <ele>2840.6</ele>
        <time>2026-08-09T05:11:50Z</time>
      </trkpt>
      <trkpt lat="44.367117" lon="6.889667">
        <ele>2840.8</ele>
        <time>2026-08-09T05:11:51Z</time>
      </trkpt>
      <trkpt lat="44.36712" lon="6.889668">
        <ele>2841.0</ele>
        <time>2026-08-09T05:11:52Z</time>
      </trkpt>
      <trkpt lat="44.367123" lon="6.889676">
        <ele>2841.6</ele>
        <time>2026-08-09T05:11:55Z</time>
      </trkpt>
      <trkpt lat="44.36712" lon="6.889672">
        <ele>2842.0</ele>
        <time>2026-08-09T05:11:58Z</time>
      </trkpt>
      <trkpt lat="44.367121" lon="6.889672">
        <ele>2842.2</ele>
        <time>2026-08-09T05:11:59Z</time>
      </trkpt>
      <trkpt lat="44.367144" lon="6.889664">
        <ele>2843.2</ele>
        <time>2026-08-09T05:12:05Z</time>
      </trkpt>
      <trkpt lat="44.367152" lon="6.889666">
        <ele>2843.6</ele>
        <time>2026-08-09T05:12:07Z</time>
      </trkpt>
      <trkpt lat="44.367151" lon="6.889661">
        <ele>2844.2</ele>
        <time>2026-08-09T05:12:12Z</time>
      </trkpt>
      <trkpt lat="44.367165" lon="6.889659">
        <ele>2844.4</ele>
        <time>2026-08-09T05:12:16Z</time>
      </trkpt>
      <trkpt lat="44.367167" lon="6.889656">
        <ele>2845.2</ele>
        <time>2026-08-09T05:12:22Z</time>
      </trkpt>
      <trkpt lat="44.367152" lon="6.889669">
        <ele>2845.4</ele>
        <time>2026-08-09T05:12:25Z</time>
      </trkpt>
      <trkpt lat="44.367148" lon="6.889669">
        <ele>2846.2</ele>
        <time>2026-08-09T05:12:35Z</time>
      </trkpt>
      <trkpt lat="44.367151" lon="6.889667">
        <ele>2846.4</ele>
        <time>2026-08-09T05:12:36Z</time>
      </trkpt>
      <trkpt lat="44.367194" lon="6.889671">
        <ele>2847.4</ele>
        <time>2026-08-09T05:12:42Z</time>
      </trkpt>
      <trkpt lat="44.3672" lon="6.889665">
        <ele>2847.8</ele>
        <time>2026-08-09T05:12:45Z</time>
      </trkpt>
      <trkpt lat="44.367208" lon="6.889658">
        <ele>2848.4</ele>
        <time>2026-08-09T05:12:50Z</time>
      </trkpt>
      <trkpt lat="44.367214" lon="6.889658">
        <ele>2848.6</ele>
        <time>2026-08-09T05:12:52Z</time>
      </trkpt>
      <trkpt lat="44.367243" lon="6.889665">
        <ele>2849.6</ele>
        <time>2026-08-09T05:12:58Z</time>
      </trkpt>
      <trkpt lat="44.367261" lon="6.889703">
        <ele>2850.4</ele>
        <time>2026-08-09T05:13:02Z</time>
      </trkpt>
      <trkpt lat="44.367263" lon="6.889711">
        <ele>2850.6</ele>
        <time>2026-08-09T05:13:04Z</time>
      </trkpt>
      <trkpt lat="44.36726" lon="6.889714">
        <ele>2851.6</ele>
        <time>2026-08-09T05:13:10Z</time>
      </trkpt>
      <trkpt lat="44.367277" lon="6.889752">
        <ele>2852.8</ele>
        <time>2026-08-09T05:13:18Z</time>
      </trkpt>
      <trkpt lat="44.367283" lon="6.889754">
        <ele>2853.2</ele>
        <time>2026-08-09T05:13:19Z</time>
      </trkpt>
      <trkpt lat="44.367312" lon="6.889769">
        <ele>2854.0</ele>
        <time>2026-08-09T05:13:24Z</time>
      </trkpt>
      <trkpt lat="44.367329" lon="6.889782">
        <ele>2854.8</ele>
        <time>2026-08-09T05:13:28Z</time>
      </trkpt>
      <trkpt lat="44.367327" lon="6.889787">
        <ele>2855.0</ele>
        <time>2026-08-09T05:13:29Z</time>
      </trkpt>
      <trkpt lat="44.367338" lon="6.889812">
        <ele>2856.0</ele>
        <time>2026-08-09T05:13:35Z</time>
      </trkpt>
      <trkpt lat="44.367342" lon="6.889817">
        <ele>2856.2</ele>
        <time>2026-08-09T05:13:36Z</time>
      </trkpt>
      <trkpt lat="44.36735" lon="6.889826">
        <ele>2857.0</ele>
        <time>2026-08-09T05:13:42Z</time>
      </trkpt>
      <trkpt lat="44.367354" lon="6.889835">
        <ele>2857.2</ele>
        <time>2026-08-09T05:13:44Z</time>
      </trkpt>
      <trkpt lat="44.367369" lon="6.889857">
        <ele>2858.2</ele>
        <time>2026-08-09T05:13:50Z</time>
      </trkpt>
      <trkpt lat="44.367366" lon="6.889855">
        <ele>2858.4</ele>
        <time>2026-08-09T05:13:51Z</time>
      </trkpt>
      <trkpt lat="44.367369" lon="6.889848">
        <ele>2859.2</ele>
        <time>2026-08-09T05:13:55Z</time>
      </trkpt>
      <trkpt lat="44.36738" lon="6.889847">
        <ele>2859.8</ele>
        <time>2026-08-09T05:13:59Z</time>
      </trkpt>
      <trkpt lat="44.367381" lon="6.889846">
        <ele>2859.8</ele>
        <time>2026-08-09T05:14:00Z</time>
      </trkpt>
      <trkpt lat="44.367383" lon="6.889849">
        <ele>2860.2</ele>
        <time>2026-08-09T05:14:03Z</time>
      </trkpt>
      <trkpt lat="44.367387" lon="6.88984">
        <ele>2861.2</ele>
        <time>2026-08-09T05:14:10Z</time>
      </trkpt>
      <trkpt lat="44.367388" lon="6.889834">
        <ele>2861.4</ele>
        <time>2026-08-09T05:14:11Z</time>
      </trkpt>
      <trkpt lat="44.36741" lon="6.889856">
        <ele>2862.4</ele>
        <time>2026-08-09T05:14:18Z</time>
      </trkpt>
      <trkpt lat="44.367416" lon="6.889866">
        <ele>2862.6</ele>
        <time>2026-08-09T05:14:19Z</time>
      </trkpt>
      <trkpt lat="44.367428" lon="6.889878">
        <ele>2863.6</ele>
        <time>2026-08-09T05:14:25Z</time>
      </trkpt>
      <trkpt lat="44.36743" lon="6.889882">
        <ele>2863.8</ele>
        <time>2026-08-09T05:14:26Z</time>
      </trkpt>
      <trkpt lat="44.367439" lon="6.889949">
        <ele>2864.6</ele>
        <time>2026-08-09T05:14:35Z</time>
      </trkpt>
      <trkpt lat="44.367442" lon="6.889954">
        <ele>2864.8</ele>
        <time>2026-08-09T05:14:36Z</time>
      </trkpt>
      <trkpt lat="44.367476" lon="6.889989">
        <ele>2865.8</ele>
        <time>2026-08-09T05:14:42Z</time>
      </trkpt>
      <trkpt lat="44.367488" lon="6.890003">
        <ele>2866.0</ele>
        <time>2026-08-09T05:14:44Z</time>
      </trkpt>
      <trkpt lat="44.367486" lon="6.89">
        <ele>2867.0</ele>
        <time>2026-08-09T05:14:51Z</time>
      </trkpt>
      <trkpt lat="44.367486" lon="6.890003">
        <ele>2867.2</ele>
        <time>2026-08-09T05:14:52Z</time>
      </trkpt>
      <trkpt lat="44.367495" lon="6.890021">
        <ele>2868.2</ele>
        <time>2026-08-09T05:14:57Z</time>
      </trkpt>
      <trkpt lat="44.367506" lon="6.890056">
        <ele>2868.8</ele>
        <time>2026-08-09T05:15:01Z</time>
      </trkpt>
      <trkpt lat="44.367505" lon="6.890054">
        <ele>2869.2</ele>
        <time>2026-08-09T05:15:05Z</time>
      </trkpt>
      <trkpt lat="44.367504" lon="6.890022">
        <ele>2869.2</ele>
        <time>2026-08-09T05:15:10Z</time>
      </trkpt>
      <trkpt lat="44.36751" lon="6.890039">
        <ele>2868.8</ele>
        <time>2026-08-09T05:15:14Z</time>
      </trkpt>
      <trkpt lat="44.367512" lon="6.890047">
        <ele>2868.8</ele>
        <time>2026-08-09T05:15:15Z</time>
      </trkpt>
      <trkpt lat="44.367513" lon="6.890049">
        <ele>2868.8</ele>
        <time>2026-08-09T05:15:16Z</time>
      </trkpt>
      <trkpt lat="44.367513" lon="6.890049">
        <ele>2868.8</ele>
        <time>2026-08-09T05:15:17Z</time>
      </trkpt>
      <trkpt lat="44.367515" lon="6.890051">
        <ele>2868.8</ele>
        <time>2026-08-09T05:15:18Z</time>
      </trkpt>
      <trkpt lat="44.367509" lon="6.890061">
        <ele>2868.4</ele>
        <time>2026-08-09T05:15:27Z</time>
      </trkpt>
      <trkpt lat="44.367496" lon="6.890059">
        <ele>2868.4</ele>
        <time>2026-08-09T05:15:36Z</time>
      </trkpt>
      <trkpt lat="44.367482" lon="6.890066">
        <ele>2868.6</ele>
        <time>2026-08-09T05:15:43Z</time>
      </trkpt>
      <trkpt lat="44.367486" lon="6.890052">
        <ele>2868.6</ele>
        <time>2026-08-09T05:15:45Z</time>
      </trkpt>
      <trkpt lat="44.367489" lon="6.890048">
        <ele>2868.6</ele>
        <time>2026-08-09T05:15:46Z</time>
      </trkpt>
      <trkpt lat="44.367493" lon="6.890042">
        <ele>2868.8</ele>
        <time>2026-08-09T05:15:47Z</time>
      </trkpt>
      <trkpt lat="44.367512" lon="6.890044">
        <ele>2868.8</ele>
        <time>2026-08-09T05:15:50Z</time>
      </trkpt>
      <trkpt lat="44.367523" lon="6.890076">
        <ele>2868.6</ele>
        <time>2026-08-09T05:15:55Z</time>
      </trkpt>
      <trkpt lat="44.367499" lon="6.89004">
        <ele>2868.6</ele>
        <time>2026-08-09T05:16:04Z</time>
      </trkpt>
      <trkpt lat="44.367502" lon="6.890031">
        <ele>2868.4</ele>
        <time>2026-08-09T05:16:06Z</time>
      </trkpt>
      <trkpt lat="44.367506" lon="6.890053">
        <ele>2868.2</ele>
        <time>2026-08-09T05:16:12Z</time>
      </trkpt>
      <trkpt lat="44.367504" lon="6.890051">
        <ele>2868.0</ele>
        <time>2026-08-09T05:16:15Z</time>
      </trkpt>
      <trkpt lat="44.367491" lon="6.890053">
        <ele>2867.6</ele>
        <time>2026-08-09T05:16:24Z</time>
      </trkpt>
      <trkpt lat="44.367505" lon="6.890024">
        <ele>2867.2</ele>
        <time>2026-08-09T05:16:37Z</time>
      </trkpt>
      <trkpt lat="44.367504" lon="6.890019">
        <ele>2867.2</ele>
        <time>2026-08-09T05:16:38Z</time>
      </trkpt>
      <trkpt lat="44.367483" lon="6.889988">
        <ele>2867.0</ele>
        <time>2026-08-09T05:16:47Z</time>
      </trkpt>
      <trkpt lat="44.367477" lon="6.88998">
        <ele>2866.8</ele>
        <time>2026-08-09T05:16:49Z</time>
      </trkpt>
      <trkpt lat="44.367472" lon="6.889981">
        <ele>2866.8</ele>
        <time>2026-08-09T05:16:51Z</time>
      </trkpt>
      <trkpt lat="44.367469" lon="6.889984">
        <ele>2866.8</ele>
        <time>2026-08-09T05:16:53Z</time>
      </trkpt>
      <trkpt lat="44.367469" lon="6.889983">
        <ele>2866.8</ele>
        <time>2026-08-09T05:16:54Z</time>
      </trkpt>
      <trkpt lat="44.367468" lon="6.889981">
        <ele>2866.8</ele>
        <time>2026-08-09T05:16:55Z</time>
      </trkpt>
      <trkpt lat="44.367465" lon="6.88998">
        <ele>2866.8</ele>
        <time>2026-08-09T05:16:58Z</time>
      </trkpt>
      <trkpt lat="44.367454" lon="6.890043">
        <ele>2866.8</ele>
        <time>2026-08-09T05:17:07Z</time>
      </trkpt>
      <trkpt lat="44.367456" lon="6.890043">
        <ele>2866.6</ele>
        <time>2026-08-09T05:17:10Z</time>
      </trkpt>
      <trkpt lat="44.367466" lon="6.890002">
        <ele>2866.8</ele>
        <time>2026-08-09T05:17:16Z</time>
      </trkpt>
      <trkpt lat="44.367449" lon="6.889946">
        <ele>2866.6</ele>
        <time>2026-08-09T05:17:23Z</time>
      </trkpt>
      <trkpt lat="44.367432" lon="6.889959">
        <ele>2866.4</ele>
        <time>2026-08-09T05:17:33Z</time>
      </trkpt>
      <trkpt lat="44.367492" lon="6.889952">
        <ele>2866.4</ele>
        <time>2026-08-09T05:17:45Z</time>
      </trkpt>
      <trkpt lat="44.367511" lon="6.889986">
        <ele>2866.2</ele>
        <time>2026-08-09T05:17:54Z</time>
      </trkpt>
      <trkpt lat="44.367528" lon="6.890023">
        <ele>2866.2</ele>
        <time>2026-08-09T05:17:59Z</time>
      </trkpt>
      <trkpt lat="44.367537" lon="6.890059">
        <ele>2866.2</ele>
        <time>2026-08-09T05:18:05Z</time>
      </trkpt>
      <trkpt lat="44.367523" lon="6.890032">
        <ele>2866.2</ele>
        <time>2026-08-09T05:18:13Z</time>
      </trkpt>
      <trkpt lat="44.367524" lon="6.890032">
        <ele>2866.2</ele>
        <time>2026-08-09T05:18:14Z</time>
      </trkpt>
      <trkpt lat="44.367524" lon="6.890042">
        <ele>2866.2</ele>
        <time>2026-08-09T05:18:18Z</time>
      </trkpt>
      <trkpt lat="44.367524" lon="6.890032">
        <ele>2866.8</ele>
        <time>2026-08-09T05:18:23Z</time>
      </trkpt>
      <trkpt lat="44.367537" lon="6.890028">
        <ele>2867.2</ele>
        <time>2026-08-09T05:18:25Z</time>
      </trkpt>
      <trkpt lat="44.367564" lon="6.890017">
        <ele>2868.0</ele>
        <time>2026-08-09T05:18:33Z</time>
      </trkpt>
      <trkpt lat="44.36755" lon="6.890032">
        <ele>2868.0</ele>
        <time>2026-08-09T05:18:41Z</time>
      </trkpt>
      <trkpt lat="44.367549" lon="6.890032">
        <ele>2868.0</ele>
        <time>2026-08-09T05:18:42Z</time>
      </trkpt>
      <trkpt lat="44.367542" lon="6.890008">
        <ele>2868.2</ele>
        <time>2026-08-09T05:18:47Z</time>
      </trkpt>
      <trkpt lat="44.367536" lon="6.89">
        <ele>2868.4</ele>
        <time>2026-08-09T05:18:50Z</time>
      </trkpt>
      <trkpt lat="44.367525" lon="6.889985">
        <ele>2868.4</ele>
        <time>2026-08-09T05:18:58Z</time>
      </trkpt>
      <trkpt lat="44.367528" lon="6.889969">
        <ele>2868.4</ele>
        <time>2026-08-09T05:19:03Z</time>
      </trkpt>
      <trkpt lat="44.367551" lon="6.889994">
        <ele>2868.2</ele>
        <time>2026-08-09T05:19:12Z</time>
      </trkpt>
      <trkpt lat="44.367573" lon="6.890038">
        <ele>2868.4</ele>
        <time>2026-08-09T05:19:22Z</time>
      </trkpt>
      <trkpt lat="44.367572" lon="6.890042">
        <ele>2868.2</ele>
        <time>2026-08-09T05:19:28Z</time>
      </trkpt>
      <trkpt lat="44.367572" lon="6.890042">
        <ele>2868.2</ele>
        <time>2026-08-09T05:19:36Z</time>
      </trkpt>
      <trkpt lat="44.367572" lon="6.890042">
        <ele>2868.4</ele>
        <time>2026-08-09T05:20:09Z</time>
      </trkpt>
      <trkpt lat="44.367572" lon="6.890042">
        <ele>2868.4</ele>
        <time>2026-08-09T05:20:34Z</time>
      </trkpt>
      <trkpt lat="44.367572" lon="6.890042">
        <ele>2868.2</ele>
        <time>2026-08-09T05:20:56Z</time>
      </trkpt>
      <trkpt lat="44.367572" lon="6.890042">
        <ele>2868.2</ele>
        <time>2026-08-09T05:21:14Z</time>
      </trkpt>
      <trkpt lat="44.367572" lon="6.890042">
        <ele>2868.0</ele>
        <time>2026-08-09T05:21:20Z</time>
      </trkpt>
      <trkpt lat="44.367524" lon="6.890046">
        <ele>2868.0</ele>
        <time>2026-08-09T05:21:48Z</time>
      </trkpt>
      <trkpt lat="44.367473" lon="6.890035">
        <ele>2867.8</ele>
        <time>2026-08-09T05:21:58Z</time>
      </trkpt>
      <trkpt lat="44.367527" lon="6.890015">
        <ele>2868.0</ele>
        <time>2026-08-09T05:22:05Z</time>
      </trkpt>
      <trkpt lat="44.367525" lon="6.890019">
        <ele>2867.8</ele>
        <time>2026-08-09T05:22:14Z</time>
      </trkpt>
      <trkpt lat="44.367514" lon="6.890019">
        <ele>2867.6</ele>
        <time>2026-08-09T05:22:24Z</time>
      </trkpt>
      <trkpt lat="44.367558" lon="6.889968">
        <ele>2868.4</ele>
        <time>2026-08-09T05:22:30Z</time>
      </trkpt>
      <trkpt lat="44.367581" lon="6.889921">
        <ele>2869.4</ele>
        <time>2026-08-09T05:22:35Z</time>
      </trkpt>
      <trkpt lat="44.367585" lon="6.889908">
        <ele>2869.8</ele>
        <time>2026-08-09T05:22:37Z</time>
      </trkpt>
      <trkpt lat="44.367597" lon="6.88989">
        <ele>2870.4</ele>
        <time>2026-08-09T05:22:40Z</time>
      </trkpt>
      <trkpt lat="44.367602" lon="6.88987">
        <ele>2871.6</ele>
        <time>2026-08-09T05:22:45Z</time>
      </trkpt>
      <trkpt lat="44.367606" lon="6.889858">
        <ele>2872.6</ele>
        <time>2026-08-09T05:22:50Z</time>
      </trkpt>
      <trkpt lat="44.367615" lon="6.889847">
        <ele>2873.2</ele>
        <time>2026-08-09T05:22:53Z</time>
      </trkpt>
      <trkpt lat="44.367627" lon="6.889838">
        <ele>2873.8</ele>
        <time>2026-08-09T05:22:57Z</time>
      </trkpt>
      <trkpt lat="44.367639" lon="6.889824">
        <ele>2874.4</ele>
        <time>2026-08-09T05:23:01Z</time>
      </trkpt>
      <trkpt lat="44.367649" lon="6.889824">
        <ele>2874.8</ele>
        <time>2026-08-09T05:23:04Z</time>
      </trkpt>
      <trkpt lat="44.367671" lon="6.889816">
        <ele>2875.4</ele>
        <time>2026-08-09T05:23:08Z</time>
      </trkpt>
      <trkpt lat="44.367676" lon="6.889813">
        <ele>2875.6</ele>
        <time>2026-08-09T05:23:09Z</time>
      </trkpt>
      <trkpt lat="44.367684" lon="6.889802">
        <ele>2876.0</ele>
        <time>2026-08-09T05:23:11Z</time>
      </trkpt>
      <trkpt lat="44.367687" lon="6.889797">
        <ele>2877.2</ele>
        <time>2026-08-09T05:23:16Z</time>
      </trkpt>
      <trkpt lat="44.36769" lon="6.889797">
        <ele>2877.4</ele>
        <time>2026-08-09T05:23:17Z</time>
      </trkpt>
      <trkpt lat="44.367707" lon="6.8898">
        <ele>2877.8</ele>
        <time>2026-08-09T05:23:20Z</time>
      </trkpt>
      <trkpt lat="44.367726" lon="6.889802">
        <ele>2878.2</ele>
        <time>2026-08-09T05:23:24Z</time>
      </trkpt>
      <trkpt lat="44.367729" lon="6.8898">
        <ele>2878.4</ele>
        <time>2026-08-09T05:23:25Z</time>
      </trkpt>
      <trkpt lat="44.367747" lon="6.889791">
        <ele>2879.4</ele>
        <time>2026-08-09T05:23:31Z</time>
      </trkpt>
      <trkpt lat="44.367752" lon="6.889782">
        <ele>2879.6</ele>
        <time>2026-08-09T05:23:33Z</time>
      </trkpt>
      <trkpt lat="44.367761" lon="6.889759">
        <ele>2880.4</ele>
        <time>2026-08-09T05:23:37Z</time>
      </trkpt>
      <trkpt lat="44.367765" lon="6.889746">
        <ele>2881.2</ele>
        <time>2026-08-09T05:23:42Z</time>
      </trkpt>
      <trkpt lat="44.367768" lon="6.889746">
        <ele>2881.4</ele>
        <time>2026-08-09T05:23:43Z</time>
      </trkpt>
      <trkpt lat="44.367781" lon="6.889731">
        <ele>2882.0</ele>
        <time>2026-08-09T05:23:48Z</time>
      </trkpt>
      <trkpt lat="44.367788" lon="6.889727">
        <ele>2882.6</ele>
        <time>2026-08-09T05:23:51Z</time>
      </trkpt>
      <trkpt lat="44.367801" lon="6.889721">
        <ele>2883.6</ele>
        <time>2026-08-09T05:23:55Z</time>
      </trkpt>
      <trkpt lat="44.367804" lon="6.889721">
        <ele>2883.8</ele>
        <time>2026-08-09T05:23:56Z</time>
      </trkpt>
      <trkpt lat="44.367824" lon="6.88973">
        <ele>2884.6</ele>
        <time>2026-08-09T05:24:04Z</time>
      </trkpt>
      <trkpt lat="44.367828" lon="6.889726">
        <ele>2884.6</ele>
        <time>2026-08-09T05:24:05Z</time>
      </trkpt>
      <trkpt lat="44.367827" lon="6.889707">
        <ele>2885.8</ele>
        <time>2026-08-09T05:24:11Z</time>
      </trkpt>
      <trkpt lat="44.367823" lon="6.889703">
        <ele>2886.2</ele>
        <time>2026-08-09T05:24:13Z</time>
      </trkpt>
      <trkpt lat="44.367819" lon="6.889677">
        <ele>2886.8</ele>
        <time>2026-08-09T05:24:17Z</time>
      </trkpt>
      <trkpt lat="44.367823" lon="6.889662">
        <ele>2887.4</ele>
        <time>2026-08-09T05:24:21Z</time>
      </trkpt>
      <trkpt lat="44.367824" lon="6.889664">
        <ele>2887.8</ele>
        <time>2026-08-09T05:24:23Z</time>
      </trkpt>
      <trkpt lat="44.367825" lon="6.889635">
        <ele>2888.4</ele>
        <time>2026-08-09T05:24:27Z</time>
      </trkpt>
      <trkpt lat="44.367823" lon="6.889629">
        <ele>2888.6</ele>
        <time>2026-08-09T05:24:29Z</time>
      </trkpt>
      <trkpt lat="44.367816" lon="6.889622">
        <ele>2889.0</ele>
        <time>2026-08-09T05:24:31Z</time>
      </trkpt>
      <trkpt lat="44.367815" lon="6.889628">
        <ele>2889.4</ele>
        <time>2026-08-09T05:24:36Z</time>
      </trkpt>
      <trkpt lat="44.367816" lon="6.889629">
        <ele>2889.6</ele>
        <time>2026-08-09T05:24:37Z</time>
      </trkpt>
      <trkpt lat="44.367815" lon="6.889624">
        <ele>2890.0</ele>
        <time>2026-08-09T05:24:39Z</time>
      </trkpt>
      <trkpt lat="44.367837" lon="6.889625">
        <ele>2891.0</ele>
        <time>2026-08-09T05:24:45Z</time>
      </trkpt>
      <trkpt lat="44.36784" lon="6.889621">
        <ele>2891.2</ele>
        <time>2026-08-09T05:24:46Z</time>
      </trkpt>
      <trkpt lat="44.367842" lon="6.889618">
        <ele>2892.0</ele>
        <time>2026-08-09T05:24:53Z</time>
      </trkpt>
      <trkpt lat="44.367846" lon="6.889608">
        <ele>2892.4</ele>
        <time>2026-08-09T05:24:58Z</time>
      </trkpt>
      <trkpt lat="44.367853" lon="6.889605">
        <ele>2892.8</ele>
        <time>2026-08-09T05:25:02Z</time>
      </trkpt>
      <trkpt lat="44.367854" lon="6.889601">
        <ele>2893.4</ele>
        <time>2026-08-09T05:25:10Z</time>
      </trkpt>
      <trkpt lat="44.367855" lon="6.889605">
        <ele>2893.8</ele>
        <time>2026-08-09T05:25:12Z</time>
      </trkpt>
      <trkpt lat="44.367862" lon="6.889598">
        <ele>2894.6</ele>
        <time>2026-08-09T05:25:17Z</time>
      </trkpt>
      <trkpt lat="44.367877" lon="6.889577">
        <ele>2895.4</ele>
        <time>2026-08-09T05:25:21Z</time>
      </trkpt>
      <trkpt lat="44.367878" lon="6.889573">
        <ele>2895.6</ele>
        <time>2026-08-09T05:25:22Z</time>
      </trkpt>
      <trkpt lat="44.367876" lon="6.889553">
        <ele>2896.6</ele>
        <time>2026-08-09T05:25:30Z</time>
      </trkpt>
      <trkpt lat="44.367891" lon="6.889542">
        <ele>2897.6</ele>
        <time>2026-08-09T05:25:36Z</time>
      </trkpt>
      <trkpt lat="44.367898" lon="6.889536">
        <ele>2898.2</ele>
        <time>2026-08-09T05:25:38Z</time>
      </trkpt>
      <trkpt lat="44.367908" lon="6.889521">
        <ele>2898.6</ele>
        <time>2026-08-09T05:25:41Z</time>
      </trkpt>
      <trkpt lat="44.367911" lon="6.889493">
        <ele>2899.0</ele>
        <time>2026-08-09T05:25:45Z</time>
      </trkpt>
      <trkpt lat="44.367917" lon="6.889489">
        <ele>2899.4</ele>
        <time>2026-08-09T05:25:48Z</time>
      </trkpt>
      <trkpt lat="44.367913" lon="6.889502">
        <ele>2899.4</ele>
        <time>2026-08-09T05:25:54Z</time>
      </trkpt>
      <trkpt lat="44.367917" lon="6.88949">
        <ele>2899.2</ele>
        <time>2026-08-09T05:26:02Z</time>
      </trkpt>
      <trkpt lat="44.367916" lon="6.889473">
        <ele>2899.2</ele>
        <time>2026-08-09T05:26:04Z</time>
      </trkpt>
      <trkpt lat="44.367921" lon="6.889491">
        <ele>2899.2</ele>
        <time>2026-08-09T05:26:13Z</time>
      </trkpt>
      <trkpt lat="44.367952" lon="6.88952">
        <ele>2899.2</ele>
        <time>2026-08-09T05:26:22Z</time>
      </trkpt>
      <trkpt lat="44.367946" lon="6.889499">
        <ele>2899.4</ele>
        <time>2026-08-09T05:26:24Z</time>
      </trkpt>
      <trkpt lat="44.367945" lon="6.889495">
        <ele>2899.6</ele>
        <time>2026-08-09T05:26:25Z</time>
      </trkpt>
      <trkpt lat="44.367944" lon="6.889491">
        <ele>2899.8</ele>
        <time>2026-08-09T05:26:26Z</time>
      </trkpt>
      <trkpt lat="44.367943" lon="6.889491">
        <ele>2900.0</ele>
        <time>2026-08-09T05:26:27Z</time>
      </trkpt>
      <trkpt lat="44.367943" lon="6.889486">
        <ele>2900.2</ele>
        <time>2026-08-09T05:26:29Z</time>
      </trkpt>
      <trkpt lat="44.367918" lon="6.889475">
        <ele>2900.6</ele>
        <time>2026-08-09T05:26:38Z</time>
      </trkpt>
      <trkpt lat="44.367934" lon="6.889501">
        <ele>2900.2</ele>
        <time>2026-08-09T05:26:47Z</time>
      </trkpt>
      <trkpt lat="44.36791" lon="6.889478">
        <ele>2900.8</ele>
        <time>2026-08-09T05:26:54Z</time>
      </trkpt>
      <trkpt lat="44.367898" lon="6.889464">
        <ele>2901.2</ele>
        <time>2026-08-09T05:26:56Z</time>
      </trkpt>
      <trkpt lat="44.367872" lon="6.889436">
        <ele>2901.0</ele>
        <time>2026-08-09T05:27:06Z</time>
      </trkpt>
      <trkpt lat="44.367882" lon="6.889424">
        <ele>2901.2</ele>
        <time>2026-08-09T05:27:12Z</time>
      </trkpt>
      <trkpt lat="44.367878" lon="6.889393">
        <ele>2901.6</ele>
        <time>2026-08-09T05:27:16Z</time>
      </trkpt>
      <trkpt lat="44.367874" lon="6.889384">
        <ele>2902.0</ele>
        <time>2026-08-09T05:27:18Z</time>
      </trkpt>
      <trkpt lat="44.367855" lon="6.889356">
        <ele>2903.0</ele>
        <time>2026-08-09T05:27:24Z</time>
      </trkpt>
      <trkpt lat="44.367847" lon="6.889357">
        <ele>2903.6</ele>
        <time>2026-08-09T05:27:30Z</time>
      </trkpt>
      <trkpt lat="44.367845" lon="6.889359">
        <ele>2904.0</ele>
        <time>2026-08-09T05:27:32Z</time>
      </trkpt>
      <trkpt lat="44.367843" lon="6.889358">
        <ele>2904.2</ele>
        <time>2026-08-09T05:27:33Z</time>
      </trkpt>
      <trkpt lat="44.367824" lon="6.889364">
        <ele>2905.2</ele>
        <time>2026-08-09T05:27:38Z</time>
      </trkpt>
      <trkpt lat="44.367804" lon="6.889364">
        <ele>2906.0</ele>
        <time>2026-08-09T05:27:41Z</time>
      </trkpt>
      <trkpt lat="44.367799" lon="6.889357">
        <ele>2906.2</ele>
        <time>2026-08-09T05:27:42Z</time>
      </trkpt>
      <trkpt lat="44.367767" lon="6.889295">
        <ele>2907.2</ele>
        <time>2026-08-09T05:27:48Z</time>
      </trkpt>
      <trkpt lat="44.367769" lon="6.889283">
        <ele>2907.6</ele>
        <time>2026-08-09T05:27:57Z</time>
      </trkpt>
      <trkpt lat="44.367765" lon="6.889231">
        <ele>2907.6</ele>
        <time>2026-08-09T05:28:04Z</time>
      </trkpt>
      <trkpt lat="44.367758" lon="6.889193">
        <ele>2907.8</ele>
        <time>2026-08-09T05:28:11Z</time>
      </trkpt>
      <trkpt lat="44.367741" lon="6.889161">
        <ele>2908.4</ele>
        <time>2026-08-09T05:28:15Z</time>
      </trkpt>
      <trkpt lat="44.367723" lon="6.889104">
        <ele>2909.4</ele>
        <time>2026-08-09T05:28:21Z</time>
      </trkpt>
      <trkpt lat="44.367719" lon="6.889094">
        <ele>2909.4</ele>
        <time>2026-08-09T05:28:22Z</time>
      </trkpt>
      <trkpt lat="44.367701" lon="6.889036">
        <ele>2909.8</ele>
        <time>2026-08-09T05:28:27Z</time>
      </trkpt>
      <trkpt lat="44.3677" lon="6.888954">
        <ele>2910.0</ele>
        <time>2026-08-09T05:28:35Z</time>
      </trkpt>
      <trkpt lat="44.3677" lon="6.888914">
        <ele>2910.4</ele>
        <time>2026-08-09T05:28:40Z</time>
      </trkpt>
      <trkpt lat="44.367696" lon="6.8889">
        <ele>2910.8</ele>
        <time>2026-08-09T05:28:42Z</time>
      </trkpt>
      <trkpt lat="44.367691" lon="6.888893">
        <ele>2910.8</ele>
        <time>2026-08-09T05:28:43Z</time>
      </trkpt>
      <trkpt lat="44.367657" lon="6.888877">
        <ele>2911.0</ele>
        <time>2026-08-09T05:28:48Z</time>
      </trkpt>
      <trkpt lat="44.367649" lon="6.888875">
        <ele>2911.2</ele>
        <time>2026-08-09T05:28:49Z</time>
      </trkpt>
      <trkpt lat="44.367634" lon="6.888874">
        <ele>2911.6</ele>
        <time>2026-08-09T05:28:51Z</time>
      </trkpt>
      <trkpt lat="44.367602" lon="6.88886">
        <ele>2912.4</ele>
        <time>2026-08-09T05:28:57Z</time>
      </trkpt>
      <trkpt lat="44.367602" lon="6.888864">
        <ele>2912.4</ele>
        <time>2026-08-09T05:29:00Z</time>
      </trkpt>
      <trkpt lat="44.367598" lon="6.888871">
        <ele>2911.6</ele>
        <time>2026-08-09T05:29:04Z</time>
      </trkpt>
      <trkpt lat="44.367566" lon="6.888862">
        <ele>2910.6</ele>
        <time>2026-08-09T05:29:09Z</time>
      </trkpt>
      <trkpt lat="44.36755" lon="6.888834">
        <ele>2910.2</ele>
        <time>2026-08-09T05:29:12Z</time>
      </trkpt>
      <trkpt lat="44.367515" lon="6.888787">
        <ele>2910.2</ele>
        <time>2026-08-09T05:29:17Z</time>
      </trkpt>
      <trkpt lat="44.367499" lon="6.888764">
        <ele>2911.6</ele>
        <time>2026-08-09T05:29:23Z</time>
      </trkpt>
      <trkpt lat="44.36749" lon="6.888742">
        <ele>2912.2</ele>
        <time>2026-08-09T05:29:27Z</time>
      </trkpt>
      <trkpt lat="44.367485" lon="6.888724">
        <ele>2912.6</ele>
        <time>2026-08-09T05:29:30Z</time>
      </trkpt>
      <trkpt lat="44.367481" lon="6.8887">
        <ele>2913.2</ele>
        <time>2026-08-09T05:29:32Z</time>
      </trkpt>
      <trkpt lat="44.367479" lon="6.888685">
        <ele>2913.6</ele>
        <time>2026-08-09T05:29:34Z</time>
      </trkpt>
      <trkpt lat="44.36748" lon="6.888688">
        <ele>2914.0</ele>
        <time>2026-08-09T05:29:35Z</time>
      </trkpt>
      <trkpt lat="44.367476" lon="6.888673">
        <ele>2914.4</ele>
        <time>2026-08-09T05:29:37Z</time>
      </trkpt>
      <trkpt lat="44.367474" lon="6.888663">
        <ele>2915.0</ele>
        <time>2026-08-09T05:29:39Z</time>
      </trkpt>
      <trkpt lat="44.367459" lon="6.888638">
        <ele>2916.2</ele>
        <time>2026-08-09T05:29:44Z</time>
      </trkpt>
      <trkpt lat="44.36745" lon="6.888622">
        <ele>2916.6</ele>
        <time>2026-08-09T05:29:46Z</time>
      </trkpt>
      <trkpt lat="44.367445" lon="6.888607">
        <ele>2917.4</ele>
        <time>2026-08-09T05:29:49Z</time>
      </trkpt>
      <trkpt lat="44.367444" lon="6.888602">
        <ele>2918.2</ele>
        <time>2026-08-09T05:29:54Z</time>
      </trkpt>
      <trkpt lat="44.367439" lon="6.888593">
        <ele>2918.4</ele>
        <time>2026-08-09T05:29:55Z</time>
      </trkpt>
      <trkpt lat="44.367438" lon="6.888577">
        <ele>2919.0</ele>
        <time>2026-08-09T05:29:57Z</time>
      </trkpt>
      <trkpt lat="44.367436" lon="6.888565">
        <ele>2919.4</ele>
        <time>2026-08-09T05:29:59Z</time>
      </trkpt>
      <trkpt lat="44.367433" lon="6.888551">
        <ele>2920.0</ele>
        <time>2026-08-09T05:30:01Z</time>
      </trkpt>
      <trkpt lat="44.367434" lon="6.888536">
        <ele>2920.6</ele>
        <time>2026-08-09T05:30:04Z</time>
      </trkpt>
      <trkpt lat="44.367422" lon="6.888519">
        <ele>2921.8</ele>
        <time>2026-08-09T05:30:08Z</time>
      </trkpt>
      <trkpt lat="44.367412" lon="6.888511">
        <ele>2922.4</ele>
        <time>2026-08-09T05:30:10Z</time>
      </trkpt>
      <trkpt lat="44.367404" lon="6.88851">
        <ele>2923.0</ele>
        <time>2026-08-09T05:30:12Z</time>
      </trkpt>
      <trkpt lat="44.367378" lon="6.888489">
        <ele>2924.0</ele>
        <time>2026-08-09T05:30:17Z</time>
      </trkpt>
      <trkpt lat="44.367373" lon="6.88846">
        <ele>2925.2</ele>
        <time>2026-08-09T05:30:22Z</time>
      </trkpt>
      <trkpt lat="44.367377" lon="6.888463">
        <ele>2925.8</ele>
        <time>2026-08-09T05:30:25Z</time>
      </trkpt>
      <trkpt lat="44.367375" lon="6.888452">
        <ele>2926.2</ele>
        <time>2026-08-09T05:30:27Z</time>
      </trkpt>
      <trkpt lat="44.367371" lon="6.888431">
        <ele>2927.4</ele>
        <time>2026-08-09T05:30:33Z</time>
      </trkpt>
      <trkpt lat="44.36735" lon="6.88839">
        <ele>2928.6</ele>
        <time>2026-08-09T05:30:39Z</time>
      </trkpt>
      <trkpt lat="44.367342" lon="6.888363">
        <ele>2929.0</ele>
        <time>2026-08-09T05:30:41Z</time>
      </trkpt>
      <trkpt lat="44.367342" lon="6.888347">
        <ele>2929.4</ele>
        <time>2026-08-09T05:30:43Z</time>
      </trkpt>
      <trkpt lat="44.367342" lon="6.888352">
        <ele>2929.6</ele>
        <time>2026-08-09T05:30:45Z</time>
      </trkpt>
      <trkpt lat="44.367324" lon="6.888327">
        <ele>2930.4</ele>
        <time>2026-08-09T05:30:49Z</time>
      </trkpt>
      <trkpt lat="44.367315" lon="6.888305">
        <ele>2930.8</ele>
        <time>2026-08-09T05:30:51Z</time>
      </trkpt>
      <trkpt lat="44.36732" lon="6.88828">
        <ele>2931.8</ele>
        <time>2026-08-09T05:30:56Z</time>
      </trkpt>
      <trkpt lat="44.367316" lon="6.888232">
        <ele>2933.0</ele>
        <time>2026-08-09T05:31:02Z</time>
      </trkpt>
      <trkpt lat="44.367315" lon="6.888221">
        <ele>2933.4</ele>
        <time>2026-08-09T05:31:04Z</time>
      </trkpt>
      <trkpt lat="44.367312" lon="6.888207">
        <ele>2934.0</ele>
        <time>2026-08-09T05:31:08Z</time>
      </trkpt>
      <trkpt lat="44.367307" lon="6.888187">
        <ele>2934.4</ele>
        <time>2026-08-09T05:31:11Z</time>
      </trkpt>
      <trkpt lat="44.367304" lon="6.88818">
        <ele>2934.6</ele>
        <time>2026-08-09T05:31:12Z</time>
      </trkpt>
      <trkpt lat="44.367297" lon="6.888173">
        <ele>2935.0</ele>
        <time>2026-08-09T05:31:14Z</time>
      </trkpt>
      <trkpt lat="44.36727" lon="6.888171">
        <ele>2936.2</ele>
        <time>2026-08-09T05:31:19Z</time>
      </trkpt>
      <trkpt lat="44.367261" lon="6.888159">
        <ele>2936.6</ele>
        <time>2026-08-09T05:31:20Z</time>
      </trkpt>
      <trkpt lat="44.367238" lon="6.888115">
        <ele>2937.4</ele>
        <time>2026-08-09T05:31:24Z</time>
      </trkpt>
      <trkpt lat="44.367242" lon="6.888088">
        <ele>2938.2</ele>
        <time>2026-08-09T05:31:28Z</time>
      </trkpt>
      <trkpt lat="44.367241" lon="6.888073">
        <ele>2938.6</ele>
        <time>2026-08-09T05:31:30Z</time>
      </trkpt>
      <trkpt lat="44.367241" lon="6.888061">
        <ele>2939.4</ele>
        <time>2026-08-09T05:31:34Z</time>
      </trkpt>
      <trkpt lat="44.36724" lon="6.888058">
        <ele>2939.6</ele>
        <time>2026-08-09T05:31:35Z</time>
      </trkpt>
      <trkpt lat="44.367216" lon="6.888039">
        <ele>2940.8</ele>
        <time>2026-08-09T05:31:41Z</time>
      </trkpt>
      <trkpt lat="44.367207" lon="6.888029">
        <ele>2941.4</ele>
        <time>2026-08-09T05:31:43Z</time>
      </trkpt>
      <trkpt lat="44.367196" lon="6.888012">
        <ele>2942.0</ele>
        <time>2026-08-09T05:31:46Z</time>
      </trkpt>
      <trkpt lat="44.367204" lon="6.887992">
        <ele>2942.8</ele>
        <time>2026-08-09T05:31:50Z</time>
      </trkpt>
      <trkpt lat="44.367208" lon="6.887964">
        <ele>2943.2</ele>
        <time>2026-08-09T05:31:53Z</time>
      </trkpt>
      <trkpt lat="44.367205" lon="6.887948">
        <ele>2943.8</ele>
        <time>2026-08-09T05:31:57Z</time>
      </trkpt>
      <trkpt lat="44.367198" lon="6.887938">
        <ele>2944.2</ele>
        <time>2026-08-09T05:31:59Z</time>
      </trkpt>
      <trkpt lat="44.367161" lon="6.887911">
        <ele>2945.4</ele>
        <time>2026-08-09T05:32:04Z</time>
      </trkpt>
      <trkpt lat="44.367149" lon="6.887912">
        <ele>2945.8</ele>
        <time>2026-08-09T05:32:06Z</time>
      </trkpt>
      <trkpt lat="44.367116" lon="6.887905">
        <ele>2946.6</ele>
        <time>2026-08-09T05:32:10Z</time>
      </trkpt>
      <trkpt lat="44.367098" lon="6.887891">
        <ele>2947.2</ele>
        <time>2026-08-09T05:32:12Z</time>
      </trkpt>
      <trkpt lat="44.367108" lon="6.887879">
        <ele>2947.6</ele>
        <time>2026-08-09T05:32:20Z</time>
      </trkpt>
      <trkpt lat="44.367108" lon="6.887883">
        <ele>2947.8</ele>
        <time>2026-08-09T05:32:21Z</time>
      </trkpt>
      <trkpt lat="44.367116" lon="6.88788">
        <ele>2947.8</ele>
        <time>2026-08-09T05:32:28Z</time>
      </trkpt>
      <trkpt lat="44.367116" lon="6.887881">
        <ele>2947.8</ele>
        <time>2026-08-09T05:32:29Z</time>
      </trkpt>
      <trkpt lat="44.367116" lon="6.887879">
        <ele>2947.8</ele>
        <time>2026-08-09T05:32:30Z</time>
      </trkpt>
      <trkpt lat="44.367116" lon="6.887879">
        <ele>2947.6</ele>
        <time>2026-08-09T05:32:37Z</time>
      </trkpt>
      <trkpt lat="44.367098" lon="6.887881">
        <ele>2947.6</ele>
        <time>2026-08-09T05:32:42Z</time>
      </trkpt>
      <trkpt lat="44.367087" lon="6.887884">
        <ele>2947.6</ele>
        <time>2026-08-09T05:32:44Z</time>
      </trkpt>
      <trkpt lat="44.367079" lon="6.887886">
        <ele>2947.6</ele>
        <time>2026-08-09T05:32:46Z</time>
      </trkpt>
      <trkpt lat="44.367074" lon="6.887887">
        <ele>2947.6</ele>
        <time>2026-08-09T05:32:48Z</time>
      </trkpt>
      <trkpt lat="44.367071" lon="6.887888">
        <ele>2947.6</ele>
        <time>2026-08-09T05:32:50Z</time>
      </trkpt>
      <trkpt lat="44.367077" lon="6.887886">
        <ele>2947.4</ele>
        <time>2026-08-09T05:32:53Z</time>
      </trkpt>
      <trkpt lat="44.367075" lon="6.887884">
        <ele>2947.4</ele>
        <time>2026-08-09T05:33:01Z</time>
      </trkpt>
      <trkpt lat="44.367099" lon="6.887882">
        <ele>2947.6</ele>
        <time>2026-08-09T05:33:08Z</time>
      </trkpt>
      <trkpt lat="44.367118" lon="6.887881">
        <ele>2947.6</ele>
        <time>2026-08-09T05:33:13Z</time>
      </trkpt>
      <trkpt lat="44.367121" lon="6.887892">
        <ele>2948.2</ele>
        <time>2026-08-09T05:33:26Z</time>
      </trkpt>
      <trkpt lat="44.367084" lon="6.887845">
        <ele>2948.0</ele>
        <time>2026-08-09T05:33:34Z</time>
      </trkpt>
      <trkpt lat="44.367094" lon="6.887846">
        <ele>2948.0</ele>
        <time>2026-08-09T05:33:43Z</time>
      </trkpt>
      <trkpt lat="44.367166" lon="6.887863">
        <ele>2946.8</ele>
        <time>2026-08-09T05:33:48Z</time>
      </trkpt>
      <trkpt lat="44.367176" lon="6.887861">
        <ele>2946.6</ele>
        <time>2026-08-09T05:33:49Z</time>
      </trkpt>
      <trkpt lat="44.367217" lon="6.887883">
        <ele>2945.4</ele>
        <time>2026-08-09T05:33:54Z</time>
      </trkpt>
      <trkpt lat="44.367214" lon="6.887889">
        <ele>2945.2</ele>
        <time>2026-08-09T05:33:55Z</time>
      </trkpt>
      <trkpt lat="44.367221" lon="6.887915">
        <ele>2944.4</ele>
        <time>2026-08-09T05:33:58Z</time>
      </trkpt>
      <trkpt lat="44.367224" lon="6.887948">
        <ele>2943.2</ele>
        <time>2026-08-09T05:34:01Z</time>
      </trkpt>
      <trkpt lat="44.367228" lon="6.887968">
        <ele>2942.4</ele>
        <time>2026-08-09T05:34:03Z</time>
      </trkpt>
      <trkpt lat="44.36723" lon="6.887979">
        <ele>2942.2</ele>
        <time>2026-08-09T05:34:04Z</time>
      </trkpt>
      <trkpt lat="44.367237" lon="6.887994">
        <ele>2941.2</ele>
        <time>2026-08-09T05:34:08Z</time>
      </trkpt>
      <trkpt lat="44.367243" lon="6.887996">
        <ele>2941.0</ele>
        <time>2026-08-09T05:34:09Z</time>
      </trkpt>
      <trkpt lat="44.367253" lon="6.888008">
        <ele>2940.6</ele>
        <time>2026-08-09T05:34:11Z</time>
      </trkpt>
      <trkpt lat="44.367256" lon="6.888027">
        <ele>2940.0</ele>
        <time>2026-08-09T05:34:13Z</time>
      </trkpt>
      <trkpt lat="44.367266" lon="6.888056">
        <ele>2938.8</ele>
        <time>2026-08-09T05:34:17Z</time>
      </trkpt>
      <trkpt lat="44.36727" lon="6.88808">
        <ele>2938.2</ele>
        <time>2026-08-09T05:34:19Z</time>
      </trkpt>
      <trkpt lat="44.367273" lon="6.888096">
        <ele>2937.4</ele>
        <time>2026-08-09T05:34:21Z</time>
      </trkpt>
      <trkpt lat="44.367281" lon="6.888128">
        <ele>2936.4</ele>
        <time>2026-08-09T05:34:24Z</time>
      </trkpt>
      <trkpt lat="44.367292" lon="6.888139">
        <ele>2935.8</ele>
        <time>2026-08-09T05:34:26Z</time>
      </trkpt>
      <trkpt lat="44.367296" lon="6.888147">
        <ele>2935.4</ele>
        <time>2026-08-09T05:34:27Z</time>
      </trkpt>
      <trkpt lat="44.367319" lon="6.888178">
        <ele>2934.0</ele>
        <time>2026-08-09T05:34:31Z</time>
      </trkpt>
      <trkpt lat="44.367336" lon="6.888223">
        <ele>2932.8</ele>
        <time>2026-08-09T05:34:35Z</time>
      </trkpt>
      <trkpt lat="44.36733" lon="6.888254">
        <ele>2931.8</ele>
        <time>2026-08-09T05:34:39Z</time>
      </trkpt>
      <trkpt lat="44.36733" lon="6.888288">
        <ele>2930.8</ele>
        <time>2026-08-09T05:34:42Z</time>
      </trkpt>
      <trkpt lat="44.36733" lon="6.888288">
        <ele>2930.4</ele>
        <time>2026-08-09T05:34:43Z</time>
      </trkpt>
      <trkpt lat="44.367338" lon="6.888322">
        <ele>2929.2</ele>
        <time>2026-08-09T05:34:47Z</time>
      </trkpt>
      <trkpt lat="44.367338" lon="6.888339">
        <ele>2928.4</ele>
        <time>2026-08-09T05:34:50Z</time>
      </trkpt>
      <trkpt lat="44.367342" lon="6.888342">
        <ele>2928.0</ele>
        <time>2026-08-09T05:34:51Z</time>
      </trkpt>
      <trkpt lat="44.367336" lon="6.888374">
        <ele>2927.0</ele>
        <time>2026-08-09T05:34:56Z</time>
      </trkpt>
      <trkpt lat="44.367332" lon="6.888377">
        <ele>2926.8</ele>
        <time>2026-08-09T05:34:57Z</time>
      </trkpt>
      <trkpt lat="44.367331" lon="6.888384">
        <ele>2926.4</ele>
        <time>2026-08-09T05:34:59Z</time>
      </trkpt>
      <trkpt lat="44.367347" lon="6.888379">
        <ele>2926.0</ele>
        <time>2026-08-09T05:35:02Z</time>
      </trkpt>
      <trkpt lat="44.367352" lon="6.888378">
        <ele>2925.8</ele>
        <time>2026-08-09T05:35:03Z</time>
      </trkpt>
      <trkpt lat="44.367365" lon="6.888402">
        <ele>2925.4</ele>
        <time>2026-08-09T05:35:05Z</time>
      </trkpt>
      <trkpt lat="44.367375" lon="6.888418">
        <ele>2924.4</ele>
        <time>2026-08-09T05:35:08Z</time>
      </trkpt>
      <trkpt lat="44.367399" lon="6.888452">
        <ele>2923.4</ele>
        <time>2026-08-09T05:35:12Z</time>
      </trkpt>
      <trkpt lat="44.367407" lon="6.888466">
        <ele>2923.0</ele>
        <time>2026-08-09T05:35:13Z</time>
      </trkpt>
      <trkpt lat="44.367415" lon="6.888483">
        <ele>2922.2</ele>
        <time>2026-08-09T05:35:15Z</time>
      </trkpt>
      <trkpt lat="44.367425" lon="6.888502">
        <ele>2921.2</ele>
        <time>2026-08-09T05:35:20Z</time>
      </trkpt>
      <trkpt lat="44.367427" lon="6.888516">
        <ele>2920.8</ele>
        <time>2026-08-09T05:35:21Z</time>
      </trkpt>
      <trkpt lat="44.367434" lon="6.888545">
        <ele>2920.0</ele>
        <time>2026-08-09T05:35:24Z</time>
      </trkpt>
      <trkpt lat="44.36743" lon="6.888588">
        <ele>2918.8</ele>
        <time>2026-08-09T05:35:29Z</time>
      </trkpt>
      <trkpt lat="44.36743" lon="6.888594">
        <ele>2918.6</ele>
        <time>2026-08-09T05:35:30Z</time>
      </trkpt>
      <trkpt lat="44.367433" lon="6.888587">
        <ele>2917.6</ele>
        <time>2026-08-09T05:35:33Z</time>
      </trkpt>
      <trkpt lat="44.367444" lon="6.888598">
        <ele>2916.6</ele>
        <time>2026-08-09T05:35:38Z</time>
      </trkpt>
      <trkpt lat="44.367444" lon="6.888616">
        <ele>2915.6</ele>
        <time>2026-08-09T05:35:42Z</time>
      </trkpt>
      <trkpt lat="44.367446" lon="6.888626">
        <ele>2915.4</ele>
        <time>2026-08-09T05:35:43Z</time>
      </trkpt>
      <trkpt lat="44.367455" lon="6.888648">
        <ele>2914.4</ele>
        <time>2026-08-09T05:35:49Z</time>
      </trkpt>
      <trkpt lat="44.367468" lon="6.888661">
        <ele>2913.4</ele>
        <time>2026-08-09T05:35:53Z</time>
      </trkpt>
      <trkpt lat="44.367497" lon="6.888691">
        <ele>2912.2</ele>
        <time>2026-08-09T05:35:58Z</time>
      </trkpt>
      <trkpt lat="44.367514" lon="6.888715">
        <ele>2911.2</ele>
        <time>2026-08-09T05:36:02Z</time>
      </trkpt>
      <trkpt lat="44.367522" lon="6.888744">
        <ele>2910.0</ele>
        <time>2026-08-09T05:36:06Z</time>
      </trkpt>
      <trkpt lat="44.367529" lon="6.888778">
        <ele>2909.6</ele>
        <time>2026-08-09T05:36:08Z</time>
      </trkpt>
      <trkpt lat="44.367528" lon="6.888781">
        <ele>2908.8</ele>
        <time>2026-08-09T05:36:11Z</time>
      </trkpt>
      <trkpt lat="44.367542" lon="6.888801">
        <ele>2908.0</ele>
        <time>2026-08-09T05:36:18Z</time>
      </trkpt>
      <trkpt lat="44.367544" lon="6.88881">
        <ele>2907.6</ele>
        <time>2026-08-09T05:36:19Z</time>
      </trkpt>
      <trkpt lat="44.367541" lon="6.888834">
        <ele>2906.6</ele>
        <time>2026-08-09T05:36:23Z</time>
      </trkpt>
      <trkpt lat="44.36757" lon="6.888883">
        <ele>2906.6</ele>
        <time>2026-08-09T05:36:28Z</time>
      </trkpt>
      <trkpt lat="44.367613" lon="6.888872">
        <ele>2907.6</ele>
        <time>2026-08-09T05:36:35Z</time>
      </trkpt>
      <trkpt lat="44.36765" lon="6.888905">
        <ele>2907.0</ele>
        <time>2026-08-09T05:36:43Z</time>
      </trkpt>
      <trkpt lat="44.367683" lon="6.888942">
        <ele>2906.6</ele>
        <time>2026-08-09T05:36:47Z</time>
      </trkpt>
      <trkpt lat="44.367699" lon="6.888967">
        <ele>2906.2</ele>
        <time>2026-08-09T05:36:51Z</time>
      </trkpt>
      <trkpt lat="44.367714" lon="6.888982">
        <ele>2905.4</ele>
        <time>2026-08-09T05:36:56Z</time>
      </trkpt>
      <trkpt lat="44.367727" lon="6.889028">
        <ele>2904.8</ele>
        <time>2026-08-09T05:37:02Z</time>
      </trkpt>
      <trkpt lat="44.367757" lon="6.889107">
        <ele>2904.4</ele>
        <time>2026-08-09T05:37:10Z</time>
      </trkpt>
      <trkpt lat="44.367763" lon="6.889146">
        <ele>2903.8</ele>
        <time>2026-08-09T05:37:16Z</time>
      </trkpt>
      <trkpt lat="44.36777" lon="6.889171">
        <ele>2903.2</ele>
        <time>2026-08-09T05:37:20Z</time>
      </trkpt>
      <trkpt lat="44.367779" lon="6.889219">
        <ele>2902.4</ele>
        <time>2026-08-09T05:37:28Z</time>
      </trkpt>
      <trkpt lat="44.367784" lon="6.889225">
        <ele>2902.2</ele>
        <time>2026-08-09T05:37:30Z</time>
      </trkpt>
      <trkpt lat="44.3678" lon="6.889276">
        <ele>2901.4</ele>
        <time>2026-08-09T05:37:36Z</time>
      </trkpt>
      <trkpt lat="44.367805" lon="6.889293">
        <ele>2901.2</ele>
        <time>2026-08-09T05:37:39Z</time>
      </trkpt>
      <trkpt lat="44.367812" lon="6.889317">
        <ele>2900.6</ele>
        <time>2026-08-09T05:37:43Z</time>
      </trkpt>
      <trkpt lat="44.367815" lon="6.889327">
        <ele>2900.0</ele>
        <time>2026-08-09T05:37:46Z</time>
      </trkpt>
      <trkpt lat="44.367815" lon="6.889335">
        <ele>2899.6</ele>
        <time>2026-08-09T05:37:51Z</time>
      </trkpt>
      <trkpt lat="44.367828" lon="6.889342">
        <ele>2899.0</ele>
        <time>2026-08-09T05:38:03Z</time>
      </trkpt>
      <trkpt lat="44.367838" lon="6.889338">
        <ele>2899.0</ele>
        <time>2026-08-09T05:38:15Z</time>
      </trkpt>
      <trkpt lat="44.367827" lon="6.889337">
        <ele>2899.0</ele>
        <time>2026-08-09T05:38:20Z</time>
      </trkpt>
      <trkpt lat="44.367817" lon="6.889339">
        <ele>2899.0</ele>
        <time>2026-08-09T05:38:23Z</time>
      </trkpt>
      <trkpt lat="44.367813" lon="6.889353">
        <ele>2899.0</ele>
        <time>2026-08-09T05:38:29Z</time>
      </trkpt>
      <trkpt lat="44.367806" lon="6.889334">
        <ele>2898.4</ele>
        <time>2026-08-09T05:38:38Z</time>
      </trkpt>
      <trkpt lat="44.367834" lon="6.889355">
        <ele>2897.8</ele>
        <time>2026-08-09T05:38:44Z</time>
      </trkpt>
      <trkpt lat="44.367845" lon="6.889363">
        <ele>2897.2</ele>
        <time>2026-08-09T05:38:47Z</time>
      </trkpt>
      <trkpt lat="44.36785" lon="6.88937">
        <ele>2896.8</ele>
        <time>2026-08-09T05:38:49Z</time>
      </trkpt>
      <trkpt lat="44.367851" lon="6.889388">
        <ele>2896.0</ele>
        <time>2026-08-09T05:38:53Z</time>
      </trkpt>
      <trkpt lat="44.367852" lon="6.889389">
        <ele>2895.6</ele>
        <time>2026-08-09T05:38:55Z</time>
      </trkpt>
      <trkpt lat="44.367874" lon="6.88941">
        <ele>2894.4</ele>
        <time>2026-08-09T05:39:01Z</time>
      </trkpt>
      <trkpt lat="44.367889" lon="6.889413">
        <ele>2893.8</ele>
        <time>2026-08-09T05:39:03Z</time>
      </trkpt>
      <trkpt lat="44.367899" lon="6.889421">
        <ele>2893.4</ele>
        <time>2026-08-09T05:39:04Z</time>
      </trkpt>
      <trkpt lat="44.367929" lon="6.889442">
        <ele>2892.4</ele>
        <time>2026-08-09T05:39:09Z</time>
      </trkpt>
      <trkpt lat="44.367936" lon="6.889449">
        <ele>2892.2</ele>
        <time>2026-08-09T05:39:11Z</time>
      </trkpt>
      <trkpt lat="44.367952" lon="6.88947">
        <ele>2891.4</ele>
        <time>2026-08-09T05:39:16Z</time>
      </trkpt>
      <trkpt lat="44.367953" lon="6.889471">
        <ele>2891.2</ele>
        <time>2026-08-09T05:39:17Z</time>
      </trkpt>
      <trkpt lat="44.367947" lon="6.889483">
        <ele>2890.6</ele>
        <time>2026-08-09T05:39:24Z</time>
      </trkpt>
      <trkpt lat="44.367943" lon="6.889485">
        <ele>2890.4</ele>
        <time>2026-08-09T05:39:26Z</time>
      </trkpt>
      <trkpt lat="44.367928" lon="6.889508">
        <ele>2889.8</ele>
        <time>2026-08-09T05:39:35Z</time>
      </trkpt>
      <trkpt lat="44.367929" lon="6.889499">
        <ele>2889.8</ele>
        <time>2026-08-09T05:39:47Z</time>
      </trkpt>
      <trkpt lat="44.367929" lon="6.8895">
        <ele>2889.8</ele>
        <time>2026-08-09T05:39:48Z</time>
      </trkpt>
      <trkpt lat="44.36792" lon="6.889488">
        <ele>2889.8</ele>
        <time>2026-08-09T05:40:01Z</time>
      </trkpt>
      <trkpt lat="44.367909" lon="6.889492">
        <ele>2889.4</ele>
        <time>2026-08-09T05:40:08Z</time>
      </trkpt>
      <trkpt lat="44.367916" lon="6.889497">
        <ele>2889.4</ele>
        <time>2026-08-09T05:40:12Z</time>
      </trkpt>
      <trkpt lat="44.367939" lon="6.889517">
        <ele>2889.6</ele>
        <time>2026-08-09T05:40:22Z</time>
      </trkpt>
      <trkpt lat="44.367944" lon="6.889491">
        <ele>2889.6</ele>
        <time>2026-08-09T05:40:32Z</time>
      </trkpt>
      <trkpt lat="44.367958" lon="6.889484">
        <ele>2889.8</ele>
        <time>2026-08-09T05:40:43Z</time>
      </trkpt>
      <trkpt lat="44.367961" lon="6.889491">
        <ele>2890.2</ele>
        <time>2026-08-09T05:40:46Z</time>
      </trkpt>
      <trkpt lat="44.367968" lon="6.889501">
        <ele>2889.8</ele>
        <time>2026-08-09T05:40:53Z</time>
      </trkpt>
      <trkpt lat="44.367962" lon="6.8895">
        <ele>2889.2</ele>
        <time>2026-08-09T05:40:58Z</time>
      </trkpt>
      <trkpt lat="44.36795" lon="6.889498">
        <ele>2889.4</ele>
        <time>2026-08-09T05:41:02Z</time>
      </trkpt>
      <trkpt lat="44.367996" lon="6.889537">
        <ele>2889.0</ele>
        <time>2026-08-09T05:41:10Z</time>
      </trkpt>
      <trkpt lat="44.368004" lon="6.889556">
        <ele>2889.6</ele>
        <time>2026-08-09T05:41:19Z</time>
      </trkpt>
      <trkpt lat="44.368021" lon="6.889551">
        <ele>2888.6</ele>
        <time>2026-08-09T05:41:28Z</time>
      </trkpt>
      <trkpt lat="44.368021" lon="6.889551">
        <ele>2888.6</ele>
        <time>2026-08-09T05:41:29Z</time>
      </trkpt>
      <trkpt lat="44.368022" lon="6.889568">
        <ele>2888.6</ele>
        <time>2026-08-09T05:41:35Z</time>
      </trkpt>
      <trkpt lat="44.368024" lon="6.889583">
        <ele>2888.4</ele>
        <time>2026-08-09T05:41:38Z</time>
      </trkpt>
      <trkpt lat="44.368021" lon="6.889588">
        <ele>2888.2</ele>
        <time>2026-08-09T05:41:40Z</time>
      </trkpt>
      <trkpt lat="44.368012" lon="6.889597">
        <ele>2888.0</ele>
        <time>2026-08-09T05:41:49Z</time>
      </trkpt>
      <trkpt lat="44.368011" lon="6.889599">
        <ele>2887.8</ele>
        <time>2026-08-09T05:41:50Z</time>
      </trkpt>
      <trkpt lat="44.368042" lon="6.889568">
        <ele>2887.6</ele>
        <time>2026-08-09T05:42:00Z</time>
      </trkpt>
      <trkpt lat="44.36802" lon="6.889554">
        <ele>2887.4</ele>
        <time>2026-08-09T05:42:03Z</time>
      </trkpt>
      <trkpt lat="44.367965" lon="6.889545">
        <ele>2887.4</ele>
        <time>2026-08-09T05:42:07Z</time>
      </trkpt>
      <trkpt lat="44.367916" lon="6.889548">
        <ele>2887.4</ele>
        <time>2026-08-09T05:42:10Z</time>
      </trkpt>
      <trkpt lat="44.367885" lon="6.889555">
        <ele>2887.2</ele>
        <time>2026-08-09T05:42:16Z</time>
      </trkpt>
      <trkpt lat="44.36788" lon="6.889554">
        <ele>2887.2</ele>
        <time>2026-08-09T05:42:18Z</time>
      </trkpt>
      <trkpt lat="44.36788" lon="6.889554">
        <ele>2887.2</ele>
        <time>2026-08-09T05:42:19Z</time>
      </trkpt>
      <trkpt lat="44.367951" lon="6.889595">
        <ele>2887.2</ele>
        <time>2026-08-09T05:42:20Z</time>
      </trkpt>
      <trkpt lat="44.367933" lon="6.889603">
        <ele>2887.0</ele>
        <time>2026-08-09T05:42:29Z</time>
      </trkpt>
      <trkpt lat="44.367905" lon="6.88958">
        <ele>2887.2</ele>
        <time>2026-08-09T05:42:37Z</time>
      </trkpt>
      <trkpt lat="44.36795" lon="6.889603">
        <ele>2887.2</ele>
        <time>2026-08-09T05:42:46Z</time>
      </trkpt>
      <trkpt lat="44.36798" lon="6.889584">
        <ele>2887.0</ele>
        <time>2026-08-09T05:42:55Z</time>
      </trkpt>
      <trkpt lat="44.367995" lon="6.889546">
        <ele>2887.2</ele>
        <time>2026-08-09T05:43:05Z</time>
      </trkpt>
      <trkpt lat="44.367982" lon="6.88955">
        <ele>2887.2</ele>
        <time>2026-08-09T05:43:14Z</time>
      </trkpt>
      <trkpt lat="44.367986" lon="6.889542">
        <ele>2887.2</ele>
        <time>2026-08-09T05:43:22Z</time>
      </trkpt>
      <trkpt lat="44.367998" lon="6.889544">
        <ele>2887.6</ele>
        <time>2026-08-09T05:43:26Z</time>
      </trkpt>
      <trkpt lat="44.368008" lon="6.889559">
        <ele>2887.4</ele>
        <time>2026-08-09T05:43:37Z</time>
      </trkpt>
      <trkpt lat="44.367995" lon="6.889558">
        <ele>2887.2</ele>
        <time>2026-08-09T05:43:44Z</time>
      </trkpt>
      <trkpt lat="44.367993" lon="6.889565">
        <ele>2887.2</ele>
        <time>2026-08-09T05:43:49Z</time>
      </trkpt>
      <trkpt lat="44.367977" lon="6.88957">
        <ele>2887.0</ele>
        <time>2026-08-09T05:43:51Z</time>
      </trkpt>
      <trkpt lat="44.368019" lon="6.889569">
        <ele>2886.8</ele>
        <time>2026-08-09T05:44:02Z</time>
      </trkpt>
      <trkpt lat="44.368051" lon="6.889544">
        <ele>2886.8</ele>
        <time>2026-08-09T05:44:15Z</time>
      </trkpt>
      <trkpt lat="44.367998" lon="6.889575">
        <ele>2886.8</ele>
        <time>2026-08-09T05:44:26Z</time>
      </trkpt>
      <trkpt lat="44.367991" lon="6.889571">
        <ele>2886.8</ele>
        <time>2026-08-09T05:44:32Z</time>
      </trkpt>
      <trkpt lat="44.367997" lon="6.889568">
        <ele>2886.8</ele>
        <time>2026-08-09T05:44:36Z</time>
      </trkpt>
      <trkpt lat="44.367954" lon="6.889566">
        <ele>2886.8</ele>
        <time>2026-08-09T05:44:48Z</time>
      </trkpt>
      <trkpt lat="44.367944" lon="6.88954">
        <ele>2886.6</ele>
        <time>2026-08-09T05:44:59Z</time>
      </trkpt>
      <trkpt lat="44.367961" lon="6.88958">
        <ele>2887.0</ele>
        <time>2026-08-09T05:45:11Z</time>
      </trkpt>
      <trkpt lat="44.367983" lon="6.889599">
        <ele>2887.4</ele>
        <time>2026-08-09T05:45:21Z</time>
      </trkpt>
      <trkpt lat="44.367933" lon="6.889594">
        <ele>2887.4</ele>
        <time>2026-08-09T05:45:30Z</time>
      </trkpt>
      <trkpt lat="44.36788" lon="6.889585">
        <ele>2887.4</ele>
        <time>2026-08-09T05:45:34Z</time>
      </trkpt>
      <trkpt lat="44.367863" lon="6.889584">
        <ele>2887.4</ele>
        <time>2026-08-09T05:45:42Z</time>
      </trkpt>
      <trkpt lat="44.367889" lon="6.889581">
        <ele>2887.4</ele>
        <time>2026-08-09T05:45:51Z</time>
      </trkpt>
      <trkpt lat="44.367908" lon="6.889576">
        <ele>2887.2</ele>
        <time>2026-08-09T05:45:56Z</time>
      </trkpt>
      <trkpt lat="44.367933" lon="6.889569">
        <ele>2887.2</ele>
        <time>2026-08-09T05:46:00Z</time>
      </trkpt>
      <trkpt lat="44.367942" lon="6.889563">
        <ele>2887.2</ele>
        <time>2026-08-09T05:46:04Z</time>
      </trkpt>
      <trkpt lat="44.368012" lon="6.889568">
        <ele>2887.0</ele>
        <time>2026-08-09T05:46:12Z</time>
      </trkpt>
      <trkpt lat="44.36804" lon="6.889567">
        <ele>2887.2</ele>
        <time>2026-08-09T05:46:19Z</time>
      </trkpt>
      <trkpt lat="44.368039" lon="6.889564">
        <ele>2887.2</ele>
        <time>2026-08-09T05:46:22Z</time>
      </trkpt>
      <trkpt lat="44.368019" lon="6.889572">
        <ele>2887.4</ele>
        <time>2026-08-09T05:46:25Z</time>
      </trkpt>
      <trkpt lat="44.367985" lon="6.889587">
        <ele>2887.2</ele>
        <time>2026-08-09T05:46:31Z</time>
      </trkpt>
      <trkpt lat="44.367957" lon="6.889606">
        <ele>2887.4</ele>
        <time>2026-08-09T05:46:34Z</time>
      </trkpt>
      <trkpt lat="44.367964" lon="6.8896">
        <ele>2887.4</ele>
        <time>2026-08-09T05:46:38Z</time>
      </trkpt>
      <trkpt lat="44.367989" lon="6.889586">
        <ele>2887.4</ele>
        <time>2026-08-09T05:46:41Z</time>
      </trkpt>
      <trkpt lat="44.368042" lon="6.889558">
        <ele>2887.6</ele>
        <time>2026-08-09T05:46:51Z</time>
      </trkpt>
      <trkpt lat="44.368021" lon="6.889585">
        <ele>2887.4</ele>
        <time>2026-08-09T05:46:58Z</time>
      </trkpt>
      <trkpt lat="44.368018" lon="6.889569">
        <ele>2887.2</ele>
        <time>2026-08-09T05:47:00Z</time>
      </trkpt>
      <trkpt lat="44.368018" lon="6.889569">
        <ele>2887.2</ele>
        <time>2026-08-09T05:47:01Z</time>
      </trkpt>
      <trkpt lat="44.368015" lon="6.889528">
        <ele>2887.2</ele>
        <time>2026-08-09T05:47:03Z</time>
      </trkpt>
      <trkpt lat="44.367972" lon="6.88952">
        <ele>2886.6</ele>
        <time>2026-08-09T05:47:11Z</time>
      </trkpt>
      <trkpt lat="44.367972" lon="6.889526">
        <ele>2886.4</ele>
        <time>2026-08-09T05:47:16Z</time>
      </trkpt>
      <trkpt lat="44.367973" lon="6.88953">
        <ele>2886.2</ele>
        <time>2026-08-09T05:47:17Z</time>
      </trkpt>
      <trkpt lat="44.367973" lon="6.88953">
        <ele>2886.2</ele>
        <time>2026-08-09T05:47:18Z</time>
      </trkpt>
      <trkpt lat="44.367969" lon="6.889569">
        <ele>2886.0</ele>
        <time>2026-08-09T05:47:20Z</time>
      </trkpt>
      <trkpt lat="44.367981" lon="6.889577">
        <ele>2885.8</ele>
        <time>2026-08-09T05:47:29Z</time>
      </trkpt>
      <trkpt lat="44.368004" lon="6.889552">
        <ele>2885.6</ele>
        <time>2026-08-09T05:47:40Z</time>
      </trkpt>
      <trkpt lat="44.367967" lon="6.889565">
        <ele>2885.8</ele>
        <time>2026-08-09T05:47:50Z</time>
      </trkpt>
      <trkpt lat="44.367999" lon="6.889559">
        <ele>2886.0</ele>
        <time>2026-08-09T05:48:00Z</time>
      </trkpt>
      <trkpt lat="44.36799" lon="6.889554">
        <ele>2886.4</ele>
        <time>2026-08-09T05:48:09Z</time>
      </trkpt>
      <trkpt lat="44.367997" lon="6.889554">
        <ele>2886.4</ele>
        <time>2026-08-09T05:48:10Z</time>
      </trkpt>
      <trkpt lat="44.368022" lon="6.889542">
        <ele>2886.8</ele>
        <time>2026-08-09T05:48:19Z</time>
      </trkpt>
      <trkpt lat="44.368012" lon="6.889568">
        <ele>2887.2</ele>
        <time>2026-08-09T05:48:31Z</time>
      </trkpt>
      <trkpt lat="44.368007" lon="6.889575">
        <ele>2887.2</ele>
        <time>2026-08-09T05:48:33Z</time>
      </trkpt>
      <trkpt lat="44.368026" lon="6.8896">
        <ele>2887.4</ele>
        <time>2026-08-09T05:48:45Z</time>
      </trkpt>
      <trkpt lat="44.368031" lon="6.889588">
        <ele>2887.4</ele>
        <time>2026-08-09T05:48:49Z</time>
      </trkpt>
      <trkpt lat="44.368031" lon="6.889579">
        <ele>2887.6</ele>
        <time>2026-08-09T05:48:51Z</time>
      </trkpt>
      <trkpt lat="44.368032" lon="6.88956">
        <ele>2887.6</ele>
        <time>2026-08-09T05:48:55Z</time>
      </trkpt>
      <trkpt lat="44.368015" lon="6.889571">
        <ele>2887.8</ele>
        <time>2026-08-09T05:49:07Z</time>
      </trkpt>
      <trkpt lat="44.368008" lon="6.889575">
        <ele>2887.8</ele>
        <time>2026-08-09T05:49:18Z</time>
      </trkpt>
      <trkpt lat="44.368012" lon="6.889603">
        <ele>2887.2</ele>
        <time>2026-08-09T05:49:26Z</time>
      </trkpt>
      <trkpt lat="44.368013" lon="6.889582">
        <ele>2887.0</ele>
        <time>2026-08-09T05:49:28Z</time>
      </trkpt>
      <trkpt lat="44.368009" lon="6.889571">
        <ele>2886.8</ele>
        <time>2026-08-09T05:49:30Z</time>
      </trkpt>
      <trkpt lat="44.367988" lon="6.889544">
        <ele>2886.2</ele>
        <time>2026-08-09T05:49:38Z</time>
      </trkpt>
      <trkpt lat="44.367985" lon="6.889543">
        <ele>2886.0</ele>
        <time>2026-08-09T05:49:40Z</time>
      </trkpt>
      <trkpt lat="44.367992" lon="6.88953">
        <ele>2886.0</ele>
        <time>2026-08-09T05:49:44Z</time>
      </trkpt>
      <trkpt lat="44.367992" lon="6.889538">
        <ele>2885.8</ele>
        <time>2026-08-09T05:49:49Z</time>
      </trkpt>
      <trkpt lat="44.367998" lon="6.889548">
        <ele>2885.6</ele>
        <time>2026-08-09T05:49:56Z</time>
      </trkpt>
      <trkpt lat="44.368008" lon="6.88955">
        <ele>2885.6</ele>
        <time>2026-08-09T05:49:59Z</time>
      </trkpt>
      <trkpt lat="44.368018" lon="6.88955">
        <ele>2885.4</ele>
        <time>2026-08-09T05:50:04Z</time>
      </trkpt>
      <trkpt lat="44.367996" lon="6.889561">
        <ele>2885.4</ele>
        <time>2026-08-09T05:50:18Z</time>
      </trkpt>
      <trkpt lat="44.367995" lon="6.88957">
        <ele>2885.2</ele>
        <time>2026-08-09T05:50:30Z</time>
      </trkpt>
      <trkpt lat="44.367994" lon="6.88955">
        <ele>2885.2</ele>
        <time>2026-08-09T05:50:39Z</time>
      </trkpt>
      <trkpt lat="44.367996" lon="6.889546">
        <ele>2885.2</ele>
        <time>2026-08-09T05:50:43Z</time>
      </trkpt>
      <trkpt lat="44.367998" lon="6.889557">
        <ele>2886.0</ele>
        <time>2026-08-09T05:50:54Z</time>
      </trkpt>
      <trkpt lat="44.367983" lon="6.88957">
        <ele>2885.8</ele>
        <time>2026-08-09T05:50:56Z</time>
      </trkpt>
      <trkpt lat="44.367978" lon="6.889556">
        <ele>2886.2</ele>
        <time>2026-08-09T05:51:02Z</time>
      </trkpt>
      <trkpt lat="44.367947" lon="6.889514">
        <ele>2885.8</ele>
        <time>2026-08-09T05:51:12Z</time>
      </trkpt>
      <trkpt lat="44.367946" lon="6.889505">
        <ele>2886.0</ele>
        <time>2026-08-09T05:51:14Z</time>
      </trkpt>
      <trkpt lat="44.367954" lon="6.889499">
        <ele>2886.2</ele>
        <time>2026-08-09T05:51:20Z</time>
      </trkpt>
      <trkpt lat="44.367956" lon="6.889501">
        <ele>2886.0</ele>
        <time>2026-08-09T05:51:29Z</time>
      </trkpt>
      <trkpt lat="44.367959" lon="6.889515">
        <ele>2886.4</ele>
        <time>2026-08-09T05:51:41Z</time>
      </trkpt>
      <trkpt lat="44.367968" lon="6.889498">
        <ele>2886.6</ele>
        <time>2026-08-09T05:51:50Z</time>
      </trkpt>
      <trkpt lat="44.367956" lon="6.889504">
        <ele>2886.4</ele>
        <time>2026-08-09T05:52:00Z</time>
      </trkpt>
      <trkpt lat="44.367956" lon="6.889503">
        <ele>2886.4</ele>
        <time>2026-08-09T05:52:02Z</time>
      </trkpt>
      <trkpt lat="44.367956" lon="6.889503">
        <ele>2886.4</ele>
        <time>2026-08-09T05:52:03Z</time>
      </trkpt>
      <trkpt lat="44.36796" lon="6.8895">
        <ele>2886.4</ele>
        <time>2026-08-09T05:52:04Z</time>
      </trkpt>
      <trkpt lat="44.36796" lon="6.889494">
        <ele>2886.4</ele>
        <time>2026-08-09T05:52:05Z</time>
      </trkpt>
      <trkpt lat="44.367966" lon="6.889511">
        <ele>2886.2</ele>
        <time>2026-08-09T05:52:12Z</time>
      </trkpt>
      <trkpt lat="44.367959" lon="6.889524">
        <ele>2886.4</ele>
        <time>2026-08-09T05:52:24Z</time>
      </trkpt>
      <trkpt lat="44.367955" lon="6.889502">
        <ele>2886.4</ele>
        <time>2026-08-09T05:52:35Z</time>
      </trkpt>
      <trkpt lat="44.367953" lon="6.889504">
        <ele>2886.2</ele>
        <time>2026-08-09T05:52:38Z</time>
      </trkpt>
      <trkpt lat="44.367961" lon="6.889494">
        <ele>2886.0</ele>
        <time>2026-08-09T05:52:47Z</time>
      </trkpt>
      <trkpt lat="44.367958" lon="6.889483">
        <ele>2886.0</ele>
        <time>2026-08-09T05:52:59Z</time>
      </trkpt>
      <trkpt lat="44.367976" lon="6.889474">
        <ele>2885.8</ele>
        <time>2026-08-09T05:53:03Z</time>
      </trkpt>
      <trkpt lat="44.367985" lon="6.889468">
        <ele>2885.8</ele>
        <time>2026-08-09T05:53:05Z</time>
      </trkpt>
      <trkpt lat="44.36799" lon="6.889467">
        <ele>2885.8</ele>
        <time>2026-08-09T05:53:09Z</time>
      </trkpt>
      <trkpt lat="44.36797" lon="6.889512">
        <ele>2885.8</ele>
        <time>2026-08-09T05:53:20Z</time>
      </trkpt>
      <trkpt lat="44.367963" lon="6.889514">
        <ele>2885.6</ele>
        <time>2026-08-09T05:53:32Z</time>
      </trkpt>
      <trkpt lat="44.367946" lon="6.889503">
        <ele>2885.6</ele>
        <time>2026-08-09T05:53:41Z</time>
      </trkpt>
      <trkpt lat="44.367951" lon="6.8895">
        <ele>2885.6</ele>
        <time>2026-08-09T05:53:42Z</time>
      </trkpt>
      <trkpt lat="44.367934" lon="6.8895">
        <ele>2886.0</ele>
        <time>2026-08-09T05:53:52Z</time>
      </trkpt>
      <trkpt lat="44.367949" lon="6.889505">
        <ele>2886.2</ele>
        <time>2026-08-09T05:54:02Z</time>
      </trkpt>
      <trkpt lat="44.367959" lon="6.889492">
        <ele>2886.4</ele>
        <time>2026-08-09T05:54:12Z</time>
      </trkpt>
      <trkpt lat="44.367963" lon="6.889504">
        <ele>2886.4</ele>
        <time>2026-08-09T05:54:24Z</time>
      </trkpt>
      <trkpt lat="44.367967" lon="6.889503">
        <ele>2886.6</ele>
        <time>2026-08-09T05:54:35Z</time>
      </trkpt>
      <trkpt lat="44.367939" lon="6.88951">
        <ele>2886.4</ele>
        <time>2026-08-09T05:54:43Z</time>
      </trkpt>
      <trkpt lat="44.367921" lon="6.889508">
        <ele>2886.6</ele>
        <time>2026-08-09T05:54:47Z</time>
      </trkpt>
      <trkpt lat="44.367928" lon="6.8895">
        <ele>2886.4</ele>
        <time>2026-08-09T05:54:52Z</time>
      </trkpt>
      <trkpt lat="44.367938" lon="6.889505">
        <ele>2886.4</ele>
        <time>2026-08-09T05:55:03Z</time>
      </trkpt>
      <trkpt lat="44.367939" lon="6.889493">
        <ele>2886.4</ele>
        <time>2026-08-09T05:55:14Z</time>
      </trkpt>
      <trkpt lat="44.367957" lon="6.889503">
        <ele>2886.4</ele>
        <time>2026-08-09T05:55:19Z</time>
      </trkpt>
      <trkpt lat="44.367957" lon="6.889506">
        <ele>2886.4</ele>
        <time>2026-08-09T05:55:25Z</time>
      </trkpt>
      <trkpt lat="44.367954" lon="6.889498">
        <ele>2886.2</ele>
        <time>2026-08-09T05:55:35Z</time>
      </trkpt>
      <trkpt lat="44.367933" lon="6.889479">
        <ele>2886.2</ele>
        <time>2026-08-09T05:55:42Z</time>
      </trkpt>
      <trkpt lat="44.36793" lon="6.889476">
        <ele>2886.2</ele>
        <time>2026-08-09T05:55:44Z</time>
      </trkpt>
      <trkpt lat="44.367912" lon="6.889489">
        <ele>2886.0</ele>
        <time>2026-08-09T05:55:52Z</time>
      </trkpt>
      <trkpt lat="44.367909" lon="6.889495">
        <ele>2886.2</ele>
        <time>2026-08-09T05:55:56Z</time>
      </trkpt>
      <trkpt lat="44.367915" lon="6.889496">
        <ele>2886.2</ele>
        <time>2026-08-09T05:55:58Z</time>
      </trkpt>
      <trkpt lat="44.367929" lon="6.889481">
        <ele>2886.0</ele>
        <time>2026-08-09T05:56:08Z</time>
      </trkpt>
      <trkpt lat="44.367933" lon="6.889478">
        <ele>2886.0</ele>
        <time>2026-08-09T05:56:09Z</time>
      </trkpt>
      <trkpt lat="44.367945" lon="6.889495">
        <ele>2885.6</ele>
        <time>2026-08-09T05:56:21Z</time>
      </trkpt>
      <trkpt lat="44.367954" lon="6.889482">
        <ele>2887.0</ele>
        <time>2026-08-09T05:56:30Z</time>
      </trkpt>
      <trkpt lat="44.367951" lon="6.889484">
        <ele>2887.2</ele>
        <time>2026-08-09T05:56:32Z</time>
      </trkpt>
      <trkpt lat="44.367935" lon="6.889487">
        <ele>2886.4</ele>
        <time>2026-08-09T05:56:39Z</time>
      </trkpt>
      <trkpt lat="44.367964" lon="6.889494">
        <ele>2886.2</ele>
        <time>2026-08-09T05:56:48Z</time>
      </trkpt>
      <trkpt lat="44.367948" lon="6.889488">
        <ele>2886.2</ele>
        <time>2026-08-09T05:56:57Z</time>
      </trkpt>
      <trkpt lat="44.367935" lon="6.889489">
        <ele>2886.0</ele>
        <time>2026-08-09T05:57:00Z</time>
      </trkpt>
      <trkpt lat="44.367995" lon="6.889492">
        <ele>2886.0</ele>
        <time>2026-08-09T05:57:10Z</time>
      </trkpt>
      <trkpt lat="44.36793" lon="6.889508">
        <ele>2886.0</ele>
        <time>2026-08-09T05:57:21Z</time>
      </trkpt>
      <trkpt lat="44.367946" lon="6.889504">
        <ele>2886.0</ele>
        <time>2026-08-09T05:57:30Z</time>
      </trkpt>
      <trkpt lat="44.367978" lon="6.889502">
        <ele>2886.2</ele>
        <time>2026-08-09T05:57:38Z</time>
      </trkpt>
      <trkpt lat="44.367979" lon="6.889508">
        <ele>2886.4</ele>
        <time>2026-08-09T05:57:41Z</time>
      </trkpt>
      <trkpt lat="44.36798" lon="6.88951">
        <ele>2886.4</ele>
        <time>2026-08-09T05:57:42Z</time>
      </trkpt>
      <trkpt lat="44.367977" lon="6.889515">
        <ele>2886.4</ele>
        <time>2026-08-09T05:57:46Z</time>
      </trkpt>
      <trkpt lat="44.36797" lon="6.889508">
        <ele>2886.4</ele>
        <time>2026-08-09T05:57:54Z</time>
      </trkpt>
      <trkpt lat="44.36797" lon="6.889508">
        <ele>2886.6</ele>
        <time>2026-08-09T05:57:55Z</time>
      </trkpt>
      <trkpt lat="44.367936" lon="6.889494">
        <ele>2886.6</ele>
        <time>2026-08-09T05:58:05Z</time>
      </trkpt>
      <trkpt lat="44.367972" lon="6.889486">
        <ele>2886.6</ele>
        <time>2026-08-09T05:58:16Z</time>
      </trkpt>
      <trkpt lat="44.367917" lon="6.889477">
        <ele>2886.8</ele>
        <time>2026-08-09T05:58:30Z</time>
      </trkpt>
      <trkpt lat="44.367939" lon="6.889506">
        <ele>2887.0</ele>
        <time>2026-08-09T05:58:42Z</time>
      </trkpt>
      <trkpt lat="44.367977" lon="6.889514">
        <ele>2887.0</ele>
        <time>2026-08-09T05:58:53Z</time>
      </trkpt>
      <trkpt lat="44.368" lon="6.889527">
        <ele>2886.8</ele>
        <time>2026-08-09T05:59:02Z</time>
      </trkpt>
      <trkpt lat="44.367989" lon="6.88948">
        <ele>2886.4</ele>
        <time>2026-08-09T05:59:15Z</time>
      </trkpt>
      <trkpt lat="44.367951" lon="6.889438">
        <ele>2886.4</ele>
        <time>2026-08-09T05:59:22Z</time>
      </trkpt>
      <trkpt lat="44.367939" lon="6.889438">
        <ele>2886.4</ele>
        <time>2026-08-09T05:59:26Z</time>
      </trkpt>
      <trkpt lat="44.367936" lon="6.889487">
        <ele>2886.4</ele>
        <time>2026-08-09T05:59:38Z</time>
      </trkpt>
      <trkpt lat="44.367939" lon="6.889488">
        <ele>2886.4</ele>
        <time>2026-08-09T05:59:40Z</time>
      </trkpt>
      <trkpt lat="44.367945" lon="6.889492">
        <ele>2886.4</ele>
        <time>2026-08-09T05:59:42Z</time>
      </trkpt>
      <trkpt lat="44.367973" lon="6.889496">
        <ele>2886.2</ele>
        <time>2026-08-09T05:59:49Z</time>
      </trkpt>
      <trkpt lat="44.368004" lon="6.889494">
        <ele>2886.0</ele>
        <time>2026-08-09T05:59:58Z</time>
      </trkpt>
      <trkpt lat="44.367963" lon="6.889493">
        <ele>2886.0</ele>
        <time>2026-08-09T06:00:06Z</time>
      </trkpt>
      <trkpt lat="44.367914" lon="6.88949">
        <ele>2885.6</ele>
        <time>2026-08-09T06:00:16Z</time>
      </trkpt>
      <trkpt lat="44.36794" lon="6.889487">
        <ele>2885.4</ele>
        <time>2026-08-09T06:00:26Z</time>
      </trkpt>
      <trkpt lat="44.367954" lon="6.889494">
        <ele>2885.2</ele>
        <time>2026-08-09T06:00:39Z</time>
      </trkpt>
      <trkpt lat="44.367954" lon="6.889495">
        <ele>2885.2</ele>
        <time>2026-08-09T06:00:40Z</time>
      </trkpt>
      <trkpt lat="44.367949" lon="6.889501">
        <ele>2885.0</ele>
        <time>2026-08-09T06:00:44Z</time>
      </trkpt>
      <trkpt lat="44.367919" lon="6.889495">
        <ele>2885.0</ele>
        <time>2026-08-09T06:00:52Z</time>
      </trkpt>
      <trkpt lat="44.367911" lon="6.889484">
        <ele>2884.8</ele>
        <time>2026-08-09T06:00:58Z</time>
      </trkpt>
      <trkpt lat="44.367911" lon="6.889485">
        <ele>2884.8</ele>
        <time>2026-08-09T06:00:59Z</time>
      </trkpt>
      <trkpt lat="44.367912" lon="6.889488">
        <ele>2884.8</ele>
        <time>2026-08-09T06:01:00Z</time>
      </trkpt>
      <trkpt lat="44.367912" lon="6.889493">
        <ele>2884.8</ele>
        <time>2026-08-09T06:01:02Z</time>
      </trkpt>
      <trkpt lat="44.367912" lon="6.889495">
        <ele>2884.8</ele>
        <time>2026-08-09T06:01:03Z</time>
      </trkpt>
      <trkpt lat="44.367938" lon="6.889507">
        <ele>2884.8</ele>
        <time>2026-08-09T06:01:14Z</time>
      </trkpt>
      <trkpt lat="44.367926" lon="6.889479">
        <ele>2884.6</ele>
        <time>2026-08-09T06:01:25Z</time>
      </trkpt>
      <trkpt lat="44.367949" lon="6.889482">
        <ele>2884.8</ele>
        <time>2026-08-09T06:01:34Z</time>
      </trkpt>
      <trkpt lat="44.367946" lon="6.889497">
        <ele>2884.0</ele>
        <time>2026-08-09T06:01:38Z</time>
      </trkpt>
      <trkpt lat="44.367953" lon="6.889486">
        <ele>2883.8</ele>
        <time>2026-08-09T06:01:41Z</time>
      </trkpt>
      <trkpt lat="44.367946" lon="6.889488">
        <ele>2883.6</ele>
        <time>2026-08-09T06:01:51Z</time>
      </trkpt>
      <trkpt lat="44.367956" lon="6.889507">
        <ele>2883.8</ele>
        <time>2026-08-09T06:02:00Z</time>
      </trkpt>
      <trkpt lat="44.367953" lon="6.889513">
        <ele>2883.8</ele>
        <time>2026-08-09T06:02:03Z</time>
      </trkpt>
      <trkpt lat="44.367963" lon="6.889514">
        <ele>2883.6</ele>
        <time>2026-08-09T06:02:07Z</time>
      </trkpt>
      <trkpt lat="44.367951" lon="6.889525">
        <ele>2884.0</ele>
        <time>2026-08-09T06:02:15Z</time>
      </trkpt>
      <trkpt lat="44.36795" lon="6.889515">
        <ele>2883.8</ele>
        <time>2026-08-09T06:02:23Z</time>
      </trkpt>
      <trkpt lat="44.367943" lon="6.889509">
        <ele>2884.0</ele>
        <time>2026-08-09T06:02:32Z</time>
      </trkpt>
      <trkpt lat="44.367943" lon="6.889504">
        <ele>2884.0</ele>
        <time>2026-08-09T06:02:44Z</time>
      </trkpt>
      <trkpt lat="44.367948" lon="6.889499">
        <ele>2884.0</ele>
        <time>2026-08-09T06:02:47Z</time>
      </trkpt>
      <trkpt lat="44.367947" lon="6.8895">
        <ele>2884.0</ele>
        <time>2026-08-09T06:02:50Z</time>
      </trkpt>
      <trkpt lat="44.367951" lon="6.889501">
        <ele>2884.0</ele>
        <time>2026-08-09T06:02:53Z</time>
      </trkpt>
      <trkpt lat="44.36795" lon="6.889501">
        <ele>2884.0</ele>
        <time>2026-08-09T06:02:54Z</time>
      </trkpt>
      <trkpt lat="44.36793" lon="6.889505">
        <ele>2883.8</ele>
        <time>2026-08-09T06:03:06Z</time>
      </trkpt>
      <trkpt lat="44.367946" lon="6.889506">
        <ele>2883.8</ele>
        <time>2026-08-09T06:03:16Z</time>
      </trkpt>
      <trkpt lat="44.367947" lon="6.88951">
        <ele>2883.8</ele>
        <time>2026-08-09T06:03:21Z</time>
      </trkpt>
      <trkpt lat="44.367946" lon="6.889507">
        <ele>2883.6</ele>
        <time>2026-08-09T06:03:27Z</time>
      </trkpt>
      <trkpt lat="44.367948" lon="6.889503">
        <ele>2883.6</ele>
        <time>2026-08-09T06:03:34Z</time>
      </trkpt>
      <trkpt lat="44.367949" lon="6.889502">
        <ele>2883.8</ele>
        <time>2026-08-09T06:03:37Z</time>
      </trkpt>
      <trkpt lat="44.367947" lon="6.889511">
        <ele>2883.8</ele>
        <time>2026-08-09T06:03:45Z</time>
      </trkpt>
      <trkpt lat="44.367944" lon="6.889507">
        <ele>2883.6</ele>
        <time>2026-08-09T06:03:54Z</time>
      </trkpt>
      <trkpt lat="44.367955" lon="6.889497">
        <ele>2883.6</ele>
        <time>2026-08-09T06:04:05Z</time>
      </trkpt>
      <trkpt lat="44.367944" lon="6.889495">
        <ele>2883.4</ele>
        <time>2026-08-09T06:04:12Z</time>
      </trkpt>
      <trkpt lat="44.367946" lon="6.889495">
        <ele>2883.6</ele>
        <time>2026-08-09T06:04:14Z</time>
      </trkpt>
      <trkpt lat="44.367952" lon="6.889497">
        <ele>2883.6</ele>
        <time>2026-08-09T06:04:17Z</time>
      </trkpt>
      <trkpt lat="44.367947" lon="6.889512">
        <ele>2883.6</ele>
        <time>2026-08-09T06:04:27Z</time>
      </trkpt>
      <trkpt lat="44.367942" lon="6.889509">
        <ele>2883.6</ele>
        <time>2026-08-09T06:04:30Z</time>
      </trkpt>
      <trkpt lat="44.367939" lon="6.889501">
        <ele>2883.6</ele>
        <time>2026-08-09T06:04:38Z</time>
      </trkpt>
      <trkpt lat="44.367945" lon="6.889505">
        <ele>2884.0</ele>
        <time>2026-08-09T06:04:48Z</time>
      </trkpt>
      <trkpt lat="44.367932" lon="6.8895">
        <ele>2884.0</ele>
        <time>2026-08-09T06:04:58Z</time>
      </trkpt>
      <trkpt lat="44.367933" lon="6.8895">
        <ele>2884.0</ele>
        <time>2026-08-09T06:04:59Z</time>
      </trkpt>
      <trkpt lat="44.367946" lon="6.889502">
        <ele>2883.8</ele>
        <time>2026-08-09T06:05:04Z</time>
      </trkpt>
      <trkpt lat="44.367945" lon="6.889494">
        <ele>2884.0</ele>
        <time>2026-08-09T06:05:08Z</time>
      </trkpt>
      <trkpt lat="44.367939" lon="6.889492">
        <ele>2884.0</ele>
        <time>2026-08-09T06:05:16Z</time>
      </trkpt>
      <trkpt lat="44.367947" lon="6.889491">
        <ele>2884.0</ele>
        <time>2026-08-09T06:05:20Z</time>
      </trkpt>
      <trkpt lat="44.367943" lon="6.889484">
        <ele>2884.8</ele>
        <time>2026-08-09T06:05:30Z</time>
      </trkpt>
      <trkpt lat="44.367944" lon="6.889481">
        <ele>2885.0</ele>
        <time>2026-08-09T06:05:31Z</time>
      </trkpt>
      <trkpt lat="44.367937" lon="6.889454">
        <ele>2886.0</ele>
        <time>2026-08-09T06:05:38Z</time>
      </trkpt>
      <trkpt lat="44.367927" lon="6.889456">
        <ele>2886.2</ele>
        <time>2026-08-09T06:05:40Z</time>
      </trkpt>
      <trkpt lat="44.367896" lon="6.889433">
        <ele>2887.0</ele>
        <time>2026-08-09T06:05:46Z</time>
      </trkpt>
      <trkpt lat="44.367893" lon="6.889429">
        <ele>2887.2</ele>
        <time>2026-08-09T06:05:47Z</time>
      </trkpt>
      <trkpt lat="44.367887" lon="6.889416">
        <ele>2887.8</ele>
        <time>2026-08-09T06:05:50Z</time>
      </trkpt>
      <trkpt lat="44.367883" lon="6.889407">
        <ele>2888.2</ele>
        <time>2026-08-09T06:05:54Z</time>
      </trkpt>
      <trkpt lat="44.367883" lon="6.889407">
        <ele>2888.4</ele>
        <time>2026-08-09T06:05:56Z</time>
      </trkpt>
      <trkpt lat="44.367881" lon="6.889405">
        <ele>2888.4</ele>
        <time>2026-08-09T06:05:57Z</time>
      </trkpt>
      <trkpt lat="44.367854" lon="6.889383">
        <ele>2889.4</ele>
        <time>2026-08-09T06:06:06Z</time>
      </trkpt>
      <trkpt lat="44.367837" lon="6.889385">
        <ele>2890.4</ele>
        <time>2026-08-09T06:06:12Z</time>
      </trkpt>
      <trkpt lat="44.367838" lon="6.88938">
        <ele>2890.4</ele>
        <time>2026-08-09T06:06:13Z</time>
      </trkpt>
      <trkpt lat="44.367835" lon="6.889354">
        <ele>2890.8</ele>
        <time>2026-08-09T06:06:18Z</time>
      </trkpt>
      <trkpt lat="44.367829" lon="6.889347">
        <ele>2891.4</ele>
        <time>2026-08-09T06:06:21Z</time>
      </trkpt>
      <trkpt lat="44.367829" lon="6.889353">
        <ele>2891.6</ele>
        <time>2026-08-09T06:06:22Z</time>
      </trkpt>
      <trkpt lat="44.367815" lon="6.889351">
        <ele>2892.4</ele>
        <time>2026-08-09T06:06:27Z</time>
      </trkpt>
      <trkpt lat="44.367813" lon="6.889338">
        <ele>2892.8</ele>
        <time>2026-08-09T06:06:32Z</time>
      </trkpt>
      <trkpt lat="44.367814" lon="6.889331">
        <ele>2892.8</ele>
        <time>2026-08-09T06:06:35Z</time>
      </trkpt>
      <trkpt lat="44.3678" lon="6.889312">
        <ele>2893.6</ele>
        <time>2026-08-09T06:06:42Z</time>
      </trkpt>
      <trkpt lat="44.367797" lon="6.88931">
        <ele>2893.8</ele>
        <time>2026-08-09T06:06:43Z</time>
      </trkpt>
      <trkpt lat="44.367784" lon="6.889292">
        <ele>2893.6</ele>
        <time>2026-08-09T06:06:53Z</time>
      </trkpt>
      <trkpt lat="44.367782" lon="6.889255">
        <ele>2894.2</ele>
        <time>2026-08-09T06:07:00Z</time>
      </trkpt>
      <trkpt lat="44.367792" lon="6.889255">
        <ele>2893.8</ele>
        <time>2026-08-09T06:07:11Z</time>
      </trkpt>
      <trkpt lat="44.367788" lon="6.88926">
        <ele>2894.0</ele>
        <time>2026-08-09T06:07:21Z</time>
      </trkpt>
      <trkpt lat="44.367787" lon="6.889267">
        <ele>2894.2</ele>
        <time>2026-08-09T06:07:23Z</time>
      </trkpt>
      <trkpt lat="44.367787" lon="6.88927">
        <ele>2894.2</ele>
        <time>2026-08-09T06:07:25Z</time>
      </trkpt>
      <trkpt lat="44.367787" lon="6.889269">
        <ele>2894.2</ele>
        <time>2026-08-09T06:07:26Z</time>
      </trkpt>
      <trkpt lat="44.367787" lon="6.889267">
        <ele>2894.4</ele>
        <time>2026-08-09T06:07:31Z</time>
      </trkpt>
      <trkpt lat="44.367796" lon="6.889284">
        <ele>2894.4</ele>
        <time>2026-08-09T06:07:35Z</time>
      </trkpt>
      <trkpt lat="44.367798" lon="6.889279">
        <ele>2894.6</ele>
        <time>2026-08-09T06:07:39Z</time>
      </trkpt>
      <trkpt lat="44.367773" lon="6.889262">
        <ele>2895.2</ele>
        <time>2026-08-09T06:07:59Z</time>
      </trkpt>
      <trkpt lat="44.367775" lon="6.889255">
        <ele>2895.2</ele>
        <time>2026-08-09T06:08:00Z</time>
      </trkpt>
      <trkpt lat="44.367769" lon="6.889193">
        <ele>2895.6</ele>
        <time>2026-08-09T06:08:08Z</time>
      </trkpt>
      <trkpt lat="44.367763" lon="6.889175">
        <ele>2895.8</ele>
        <time>2026-08-09T06:08:10Z</time>
      </trkpt>
      <trkpt lat="44.367759" lon="6.889156">
        <ele>2896.6</ele>
        <time>2026-08-09T06:08:15Z</time>
      </trkpt>
      <trkpt lat="44.367742" lon="6.889113">
        <ele>2896.8</ele>
        <time>2026-08-09T06:08:20Z</time>
      </trkpt>
      <trkpt lat="44.36774" lon="6.889095">
        <ele>2897.2</ele>
        <time>2026-08-09T06:08:22Z</time>
      </trkpt>
      <trkpt lat="44.367734" lon="6.889083">
        <ele>2897.0</ele>
        <time>2026-08-09T06:08:29Z</time>
      </trkpt>
      <trkpt lat="44.367722" lon="6.889046">
        <ele>2897.4</ele>
        <time>2026-08-09T06:08:34Z</time>
      </trkpt>
      <trkpt lat="44.367717" lon="6.888994">
        <ele>2897.2</ele>
        <time>2026-08-09T06:08:41Z</time>
      </trkpt>
      <trkpt lat="44.367709" lon="6.888951">
        <ele>2897.4</ele>
        <time>2026-08-09T06:08:49Z</time>
      </trkpt>
      <trkpt lat="44.367706" lon="6.888904">
        <ele>2898.0</ele>
        <time>2026-08-09T06:08:53Z</time>
      </trkpt>
      <trkpt lat="44.367709" lon="6.888872">
        <ele>2898.0</ele>
        <time>2026-08-09T06:09:00Z</time>
      </trkpt>
      <trkpt lat="44.367705" lon="6.888865">
        <ele>2898.0</ele>
        <time>2026-08-09T06:09:04Z</time>
      </trkpt>
      <trkpt lat="44.367705" lon="6.88887">
        <ele>2898.0</ele>
        <time>2026-08-09T06:09:05Z</time>
      </trkpt>
      <trkpt lat="44.3677" lon="6.888888">
        <ele>2898.0</ele>
        <time>2026-08-09T06:09:10Z</time>
      </trkpt>
      <trkpt lat="44.367701" lon="6.888881">
        <ele>2897.6</ele>
        <time>2026-08-09T06:09:18Z</time>
      </trkpt>
      <trkpt lat="44.367722" lon="6.888868">
        <ele>2897.0</ele>
        <time>2026-08-09T06:09:24Z</time>
      </trkpt>
      <trkpt lat="44.367723" lon="6.88886">
        <ele>2896.8</ele>
        <time>2026-08-09T06:09:25Z</time>
      </trkpt>
      <trkpt lat="44.367731" lon="6.888847">
        <ele>2896.6</ele>
        <time>2026-08-09T06:09:27Z</time>
      </trkpt>
      <trkpt lat="44.367727" lon="6.888831">
        <ele>2896.4</ele>
        <time>2026-08-09T06:09:30Z</time>
      </trkpt>
      <trkpt lat="44.367728" lon="6.888828">
        <ele>2896.0</ele>
        <time>2026-08-09T06:09:35Z</time>
      </trkpt>
      <trkpt lat="44.367731" lon="6.88883">
        <ele>2895.8</ele>
        <time>2026-08-09T06:09:37Z</time>
      </trkpt>
      <trkpt lat="44.367765" lon="6.888828">
        <ele>2894.8</ele>
        <time>2026-08-09T06:09:45Z</time>
      </trkpt>
      <trkpt lat="44.367762" lon="6.888798">
        <ele>2894.0</ele>
        <time>2026-08-09T06:09:55Z</time>
      </trkpt>
      <trkpt lat="44.367759" lon="6.888785">
        <ele>2893.8</ele>
        <time>2026-08-09T06:10:02Z</time>
      </trkpt>
      <trkpt lat="44.367753" lon="6.888789">
        <ele>2893.6</ele>
        <time>2026-08-09T06:10:05Z</time>
      </trkpt>
      <trkpt lat="44.367766" lon="6.888766">
        <ele>2893.6</ele>
        <time>2026-08-09T06:10:14Z</time>
      </trkpt>
      <trkpt lat="44.367785" lon="6.888743">
        <ele>2892.6</ele>
        <time>2026-08-09T06:10:20Z</time>
      </trkpt>
      <trkpt lat="44.367788" lon="6.888743">
        <ele>2892.4</ele>
        <time>2026-08-09T06:10:22Z</time>
      </trkpt>
      <trkpt lat="44.367778" lon="6.8887">
        <ele>2892.0</ele>
        <time>2026-08-09T06:10:30Z</time>
      </trkpt>
      <trkpt lat="44.367772" lon="6.888653">
        <ele>2891.8</ele>
        <time>2026-08-09T06:10:37Z</time>
      </trkpt>
      <trkpt lat="44.367786" lon="6.888647">
        <ele>2891.6</ele>
        <time>2026-08-09T06:10:40Z</time>
      </trkpt>
      <trkpt lat="44.367816" lon="6.888672">
        <ele>2890.8</ele>
        <time>2026-08-09T06:10:44Z</time>
      </trkpt>
      <trkpt lat="44.367827" lon="6.888679">
        <ele>2890.4</ele>
        <time>2026-08-09T06:10:46Z</time>
      </trkpt>
      <trkpt lat="44.367839" lon="6.888677">
        <ele>2890.2</ele>
        <time>2026-08-09T06:10:52Z</time>
      </trkpt>
      <trkpt lat="44.367838" lon="6.888678">
        <ele>2889.8</ele>
        <time>2026-08-09T06:10:54Z</time>
      </trkpt>
      <trkpt lat="44.367834" lon="6.888678">
        <ele>2889.4</ele>
        <time>2026-08-09T06:10:56Z</time>
      </trkpt>
      <trkpt lat="44.367825" lon="6.88868">
        <ele>2889.0</ele>
        <time>2026-08-09T06:11:05Z</time>
      </trkpt>
      <trkpt lat="44.367849" lon="6.888678">
        <ele>2888.8</ele>
        <time>2026-08-09T06:11:11Z</time>
      </trkpt>
      <trkpt lat="44.367864" lon="6.888686">
        <ele>2888.6</ele>
        <time>2026-08-09T06:11:19Z</time>
      </trkpt>
      <trkpt lat="44.367864" lon="6.888685">
        <ele>2888.4</ele>
        <time>2026-08-09T06:11:24Z</time>
      </trkpt>
      <trkpt lat="44.367873" lon="6.888695">
        <ele>2888.0</ele>
        <time>2026-08-09T06:11:27Z</time>
      </trkpt>
      <trkpt lat="44.367873" lon="6.8887">
        <ele>2887.4</ele>
        <time>2026-08-09T06:11:33Z</time>
      </trkpt>
      <trkpt lat="44.367879" lon="6.888686">
        <ele>2887.0</ele>
        <time>2026-08-09T06:11:35Z</time>
      </trkpt>
      <trkpt lat="44.367889" lon="6.888708">
        <ele>2886.2</ele>
        <time>2026-08-09T06:11:43Z</time>
      </trkpt>
      <trkpt lat="44.367895" lon="6.888726">
        <ele>2885.8</ele>
        <time>2026-08-09T06:11:53Z</time>
      </trkpt>
      <trkpt lat="44.367895" lon="6.888738">
        <ele>2885.2</ele>
        <time>2026-08-09T06:12:01Z</time>
      </trkpt>
      <trkpt lat="44.367897" lon="6.888737">
        <ele>2885.0</ele>
        <time>2026-08-09T06:12:02Z</time>
      </trkpt>
      <trkpt lat="44.367906" lon="6.888754">
        <ele>2884.0</ele>
        <time>2026-08-09T06:12:08Z</time>
      </trkpt>
      <trkpt lat="44.367907" lon="6.888755">
        <ele>2883.8</ele>
        <time>2026-08-09T06:12:09Z</time>
      </trkpt>
      <trkpt lat="44.367924" lon="6.888743">
        <ele>2883.0</ele>
        <time>2026-08-09T06:12:17Z</time>
      </trkpt>
      <trkpt lat="44.367925" lon="6.888748">
        <ele>2883.0</ele>
        <time>2026-08-09T06:12:20Z</time>
      </trkpt>
      <trkpt lat="44.367947" lon="6.888739">
        <ele>2882.2</ele>
        <time>2026-08-09T06:12:28Z</time>
      </trkpt>
      <trkpt lat="44.367947" lon="6.888741">
        <ele>2881.6</ele>
        <time>2026-08-09T06:12:30Z</time>
      </trkpt>
      <trkpt lat="44.367949" lon="6.888741">
        <ele>2881.2</ele>
        <time>2026-08-09T06:12:37Z</time>
      </trkpt>
      <trkpt lat="44.367961" lon="6.888756">
        <ele>2880.8</ele>
        <time>2026-08-09T06:12:44Z</time>
      </trkpt>
      <trkpt lat="44.367982" lon="6.888762">
        <ele>2880.6</ele>
        <time>2026-08-09T06:12:47Z</time>
      </trkpt>
      <trkpt lat="44.367982" lon="6.888763">
        <ele>2880.6</ele>
        <time>2026-08-09T06:12:48Z</time>
      </trkpt>
      <trkpt lat="44.367971" lon="6.888729">
        <ele>2880.4</ele>
        <time>2026-08-09T06:12:56Z</time>
      </trkpt>
      <trkpt lat="44.367978" lon="6.888714">
        <ele>2879.6</ele>
        <time>2026-08-09T06:13:02Z</time>
      </trkpt>
      <trkpt lat="44.367992" lon="6.888733">
        <ele>2879.0</ele>
        <time>2026-08-09T06:13:06Z</time>
      </trkpt>
      <trkpt lat="44.368002" lon="6.888739">
        <ele>2878.8</ele>
        <time>2026-08-09T06:13:14Z</time>
      </trkpt>
      <trkpt lat="44.368003" lon="6.888737">
        <ele>2879.0</ele>
        <time>2026-08-09T06:13:15Z</time>
      </trkpt>
      <trkpt lat="44.368" lon="6.888729">
        <ele>2879.0</ele>
        <time>2026-08-09T06:13:17Z</time>
      </trkpt>
      <trkpt lat="44.368003" lon="6.888709">
        <ele>2878.4</ele>
        <time>2026-08-09T06:13:21Z</time>
      </trkpt>
      <trkpt lat="44.368021" lon="6.888697">
        <ele>2877.4</ele>
        <time>2026-08-09T06:13:26Z</time>
      </trkpt>
      <trkpt lat="44.368024" lon="6.888653">
        <ele>2876.8</ele>
        <time>2026-08-09T06:13:35Z</time>
      </trkpt>
      <trkpt lat="44.368029" lon="6.888638">
        <ele>2876.4</ele>
        <time>2026-08-09T06:13:37Z</time>
      </trkpt>
      <trkpt lat="44.368032" lon="6.888643">
        <ele>2875.2</ele>
        <time>2026-08-09T06:13:43Z</time>
      </trkpt>
      <trkpt lat="44.368033" lon="6.888637">
        <ele>2874.6</ele>
        <time>2026-08-09T06:13:48Z</time>
      </trkpt>
      <trkpt lat="44.368039" lon="6.888616">
        <ele>2874.4</ele>
        <time>2026-08-09T06:13:51Z</time>
      </trkpt>
      <trkpt lat="44.368045" lon="6.888614">
        <ele>2874.0</ele>
        <time>2026-08-09T06:13:55Z</time>
      </trkpt>
      <trkpt lat="44.368052" lon="6.888612">
        <ele>2873.6</ele>
        <time>2026-08-09T06:13:59Z</time>
      </trkpt>
      <trkpt lat="44.368062" lon="6.888614">
        <ele>2872.8</ele>
        <time>2026-08-09T06:14:03Z</time>
      </trkpt>
      <trkpt lat="44.36807" lon="6.888624">
        <ele>2872.2</ele>
        <time>2026-08-09T06:14:07Z</time>
      </trkpt>
      <trkpt lat="44.368084" lon="6.888636">
        <ele>2871.8</ele>
        <time>2026-08-09T06:14:13Z</time>
      </trkpt>
      <trkpt lat="44.368095" lon="6.888639">
        <ele>2871.4</ele>
        <time>2026-08-09T06:14:16Z</time>
      </trkpt>
      <trkpt lat="44.368113" lon="6.88864">
        <ele>2871.0</ele>
        <time>2026-08-09T06:14:27Z</time>
      </trkpt>
      <trkpt lat="44.368117" lon="6.888658">
        <ele>2870.6</ele>
        <time>2026-08-09T06:14:30Z</time>
      </trkpt>
      <trkpt lat="44.368107" lon="6.888663">
        <ele>2870.2</ele>
        <time>2026-08-09T06:14:36Z</time>
      </trkpt>
      <trkpt lat="44.368125" lon="6.888672">
        <ele>2870.0</ele>
        <time>2026-08-09T06:14:45Z</time>
      </trkpt>
      <trkpt lat="44.368135" lon="6.888675">
        <ele>2869.6</ele>
        <time>2026-08-09T06:14:50Z</time>
      </trkpt>
      <trkpt lat="44.368144" lon="6.88869">
        <ele>2868.8</ele>
        <time>2026-08-09T06:14:55Z</time>
      </trkpt>
      <trkpt lat="44.368142" lon="6.8887">
        <ele>2868.4</ele>
        <time>2026-08-09T06:14:59Z</time>
      </trkpt>
      <trkpt lat="44.368152" lon="6.888681">
        <ele>2867.4</ele>
        <time>2026-08-09T06:15:06Z</time>
      </trkpt>
      <trkpt lat="44.368158" lon="6.888668">
        <ele>2866.6</ele>
        <time>2026-08-09T06:15:15Z</time>
      </trkpt>
      <trkpt lat="44.368156" lon="6.888656">
        <ele>2866.4</ele>
        <time>2026-08-09T06:15:17Z</time>
      </trkpt>
      <trkpt lat="44.368158" lon="6.888653">
        <ele>2866.2</ele>
        <time>2026-08-09T06:15:19Z</time>
      </trkpt>
      <trkpt lat="44.36816" lon="6.888651">
        <ele>2866.2</ele>
        <time>2026-08-09T06:15:20Z</time>
      </trkpt>
      <trkpt lat="44.368162" lon="6.888631">
        <ele>2866.0</ele>
        <time>2026-08-09T06:15:23Z</time>
      </trkpt>
      <trkpt lat="44.368159" lon="6.888631">
        <ele>2865.8</ele>
        <time>2026-08-09T06:15:25Z</time>
      </trkpt>
      <trkpt lat="44.36814" lon="6.888595">
        <ele>2865.2</ele>
        <time>2026-08-09T06:15:33Z</time>
      </trkpt>
      <trkpt lat="44.368143" lon="6.888591">
        <ele>2865.0</ele>
        <time>2026-08-09T06:15:34Z</time>
      </trkpt>
      <trkpt lat="44.368178" lon="6.888591">
        <ele>2864.6</ele>
        <time>2026-08-09T06:15:41Z</time>
      </trkpt>
      <trkpt lat="44.368181" lon="6.888579">
        <ele>2864.2</ele>
        <time>2026-08-09T06:15:45Z</time>
      </trkpt>
      <trkpt lat="44.368185" lon="6.888573">
        <ele>2863.6</ele>
        <time>2026-08-09T06:15:49Z</time>
      </trkpt>
      <trkpt lat="44.368211" lon="6.888555">
        <ele>2863.2</ele>
        <time>2026-08-09T06:15:54Z</time>
      </trkpt>
      <trkpt lat="44.368218" lon="6.888549">
        <ele>2862.8</ele>
        <time>2026-08-09T06:15:57Z</time>
      </trkpt>
      <trkpt lat="44.368234" lon="6.888547">
        <ele>2862.0</ele>
        <time>2026-08-09T06:16:02Z</time>
      </trkpt>
      <trkpt lat="44.368243" lon="6.888552">
        <ele>2861.4</ele>
        <time>2026-08-09T06:16:05Z</time>
      </trkpt>
      <trkpt lat="44.368241" lon="6.888557">
        <ele>2861.4</ele>
        <time>2026-08-09T06:16:13Z</time>
      </trkpt>
      <trkpt lat="44.368242" lon="6.888553">
        <ele>2861.2</ele>
        <time>2026-08-09T06:16:14Z</time>
      </trkpt>
      <trkpt lat="44.368243" lon="6.888536">
        <ele>2861.0</ele>
        <time>2026-08-09T06:16:17Z</time>
      </trkpt>
      <trkpt lat="44.368251" lon="6.888518">
        <ele>2860.2</ele>
        <time>2026-08-09T06:16:22Z</time>
      </trkpt>
      <trkpt lat="44.368254" lon="6.88851">
        <ele>2859.8</ele>
        <time>2026-08-09T06:16:24Z</time>
      </trkpt>
      <trkpt lat="44.368257" lon="6.88853">
        <ele>2858.8</ele>
        <time>2026-08-09T06:16:29Z</time>
      </trkpt>
      <trkpt lat="44.368262" lon="6.888526">
        <ele>2857.6</ele>
        <time>2026-08-09T06:16:38Z</time>
      </trkpt>
      <trkpt lat="44.368297" lon="6.888531">
        <ele>2856.6</ele>
        <time>2026-08-09T06:16:46Z</time>
      </trkpt>
      <trkpt lat="44.368301" lon="6.888528">
        <ele>2856.6</ele>
        <time>2026-08-09T06:16:47Z</time>
      </trkpt>
      <trkpt lat="44.368314" lon="6.8885">
        <ele>2855.6</ele>
        <time>2026-08-09T06:16:54Z</time>
      </trkpt>
      <trkpt lat="44.368315" lon="6.888495">
        <ele>2855.4</ele>
        <time>2026-08-09T06:16:55Z</time>
      </trkpt>
      <trkpt lat="44.368335" lon="6.888485">
        <ele>2854.2</ele>
        <time>2026-08-09T06:17:03Z</time>
      </trkpt>
      <trkpt lat="44.368346" lon="6.888472">
        <ele>2853.4</ele>
        <time>2026-08-09T06:17:11Z</time>
      </trkpt>
      <trkpt lat="44.36835" lon="6.888471">
        <ele>2853.2</ele>
        <time>2026-08-09T06:17:12Z</time>
      </trkpt>
      <trkpt lat="44.368374" lon="6.888442">
        <ele>2852.2</ele>
        <time>2026-08-09T06:17:19Z</time>
      </trkpt>
      <trkpt lat="44.36838" lon="6.888437">
        <ele>2851.6</ele>
        <time>2026-08-09T06:17:22Z</time>
      </trkpt>
      <trkpt lat="44.368378" lon="6.888456">
        <ele>2851.0</ele>
        <time>2026-08-09T06:17:26Z</time>
      </trkpt>
      <trkpt lat="44.368373" lon="6.888473">
        <ele>2850.6</ele>
        <time>2026-08-09T06:17:30Z</time>
      </trkpt>
      <trkpt lat="44.368393" lon="6.888516">
        <ele>2850.0</ele>
        <time>2026-08-09T06:17:39Z</time>
      </trkpt>
      <trkpt lat="44.368396" lon="6.888515">
        <ele>2850.0</ele>
        <time>2026-08-09T06:17:40Z</time>
      </trkpt>
      <trkpt lat="44.368401" lon="6.888501">
        <ele>2850.0</ele>
        <time>2026-08-09T06:17:45Z</time>
      </trkpt>
      <trkpt lat="44.368407" lon="6.88851">
        <ele>2850.2</ele>
        <time>2026-08-09T06:17:51Z</time>
      </trkpt>
      <trkpt lat="44.368403" lon="6.888512">
        <ele>2850.2</ele>
        <time>2026-08-09T06:17:52Z</time>
      </trkpt>
      <trkpt lat="44.368418" lon="6.888482">
        <ele>2850.0</ele>
        <time>2026-08-09T06:18:03Z</time>
      </trkpt>
      <trkpt lat="44.368424" lon="6.888478">
        <ele>2849.0</ele>
        <time>2026-08-09T06:18:11Z</time>
      </trkpt>
      <trkpt lat="44.368425" lon="6.888481">
        <ele>2849.0</ele>
        <time>2026-08-09T06:18:12Z</time>
      </trkpt>
      <trkpt lat="44.368429" lon="6.888494">
        <ele>2848.2</ele>
        <time>2026-08-09T06:18:21Z</time>
      </trkpt>
      <trkpt lat="44.368427" lon="6.888492">
        <ele>2847.8</ele>
        <time>2026-08-09T06:18:23Z</time>
      </trkpt>
      <trkpt lat="44.368432" lon="6.888476">
        <ele>2847.4</ele>
        <time>2026-08-09T06:18:29Z</time>
      </trkpt>
      <trkpt lat="44.368449" lon="6.888465">
        <ele>2846.8</ele>
        <time>2026-08-09T06:18:34Z</time>
      </trkpt>
      <trkpt lat="44.368455" lon="6.888462">
        <ele>2846.4</ele>
        <time>2026-08-09T06:18:36Z</time>
      </trkpt>
      <trkpt lat="44.368487" lon="6.888431">
        <ele>2845.8</ele>
        <time>2026-08-09T06:18:43Z</time>
      </trkpt>
      <trkpt lat="44.368489" lon="6.888421">
        <ele>2845.6</ele>
        <time>2026-08-09T06:18:45Z</time>
      </trkpt>
      <trkpt lat="44.368493" lon="6.888401">
        <ele>2844.8</ele>
        <time>2026-08-09T06:18:51Z</time>
      </trkpt>
      <trkpt lat="44.368501" lon="6.888391">
        <ele>2844.4</ele>
        <time>2026-08-09T06:18:55Z</time>
      </trkpt>
      <trkpt lat="44.368523" lon="6.888351">
        <ele>2843.6</ele>
        <time>2026-08-09T06:19:02Z</time>
      </trkpt>
      <trkpt lat="44.36853" lon="6.888332">
        <ele>2843.4</ele>
        <time>2026-08-09T06:19:06Z</time>
      </trkpt>
      <trkpt lat="44.368556" lon="6.888297">
        <ele>2842.6</ele>
        <time>2026-08-09T06:19:14Z</time>
      </trkpt>
      <trkpt lat="44.368568" lon="6.888278">
        <ele>2842.4</ele>
        <time>2026-08-09T06:19:16Z</time>
      </trkpt>
      <trkpt lat="44.368582" lon="6.888253">
        <ele>2841.6</ele>
        <time>2026-08-09T06:19:23Z</time>
      </trkpt>
      <trkpt lat="44.368592" lon="6.888198">
        <ele>2840.6</ele>
        <time>2026-08-09T06:19:32Z</time>
      </trkpt>
      <trkpt lat="44.368588" lon="6.888183">
        <ele>2840.4</ele>
        <time>2026-08-09T06:19:34Z</time>
      </trkpt>
      <trkpt lat="44.368583" lon="6.888144">
        <ele>2839.8</ele>
        <time>2026-08-09T06:19:42Z</time>
      </trkpt>
      <trkpt lat="44.368605" lon="6.888138">
        <ele>2839.6</ele>
        <time>2026-08-09T06:19:48Z</time>
      </trkpt>
      <trkpt lat="44.368611" lon="6.888136">
        <ele>2839.4</ele>
        <time>2026-08-09T06:19:49Z</time>
      </trkpt>
      <trkpt lat="44.368636" lon="6.888131">
        <ele>2838.6</ele>
        <time>2026-08-09T06:19:58Z</time>
      </trkpt>
      <trkpt lat="44.36864" lon="6.88813">
        <ele>2838.4</ele>
        <time>2026-08-09T06:19:59Z</time>
      </trkpt>
      <trkpt lat="44.368655" lon="6.888129">
        <ele>2838.0</ele>
        <time>2026-08-09T06:20:06Z</time>
      </trkpt>
      <trkpt lat="44.368668" lon="6.888112">
        <ele>2837.2</ele>
        <time>2026-08-09T06:20:10Z</time>
      </trkpt>
      <trkpt lat="44.36866" lon="6.888094">
        <ele>2836.4</ele>
        <time>2026-08-09T06:20:17Z</time>
      </trkpt>
      <trkpt lat="44.368665" lon="6.888077">
        <ele>2836.2</ele>
        <time>2026-08-09T06:20:20Z</time>
      </trkpt>
      <trkpt lat="44.368674" lon="6.88808">
        <ele>2835.8</ele>
        <time>2026-08-09T06:20:24Z</time>
      </trkpt>
      <trkpt lat="44.3687" lon="6.888062">
        <ele>2835.2</ele>
        <time>2026-08-09T06:20:30Z</time>
      </trkpt>
      <trkpt lat="44.368708" lon="6.888054">
        <ele>2834.8</ele>
        <time>2026-08-09T06:20:33Z</time>
      </trkpt>
      <trkpt lat="44.368732" lon="6.888037">
        <ele>2834.2</ele>
        <time>2026-08-09T06:20:40Z</time>
      </trkpt>
      <trkpt lat="44.368729" lon="6.888027">
        <ele>2833.8</ele>
        <time>2026-08-09T06:20:43Z</time>
      </trkpt>
      <trkpt lat="44.36873" lon="6.888031">
        <ele>2833.0</ele>
        <time>2026-08-09T06:20:50Z</time>
      </trkpt>
      <trkpt lat="44.368743" lon="6.88804">
        <ele>2832.6</ele>
        <time>2026-08-09T06:20:53Z</time>
      </trkpt>
      <trkpt lat="44.368747" lon="6.888031">
        <ele>2832.0</ele>
        <time>2026-08-09T06:21:00Z</time>
      </trkpt>
      <trkpt lat="44.368745" lon="6.888031">
        <ele>2831.8</ele>
        <time>2026-08-09T06:21:01Z</time>
      </trkpt>
      <trkpt lat="44.368755" lon="6.888034">
        <ele>2831.0</ele>
        <time>2026-08-09T06:21:09Z</time>
      </trkpt>
      <trkpt lat="44.368767" lon="6.888078">
        <ele>2830.0</ele>
        <time>2026-08-09T06:21:16Z</time>
      </trkpt>
      <trkpt lat="44.368773" lon="6.88808">
        <ele>2829.8</ele>
        <time>2026-08-09T06:21:17Z</time>
      </trkpt>
      <trkpt lat="44.368804" lon="6.888071">
        <ele>2828.8</ele>
        <time>2026-08-09T06:21:25Z</time>
      </trkpt>
      <trkpt lat="44.368807" lon="6.888073">
        <ele>2828.6</ele>
        <time>2026-08-09T06:21:26Z</time>
      </trkpt>
      <trkpt lat="44.368817" lon="6.88807">
        <ele>2827.6</ele>
        <time>2026-08-09T06:21:31Z</time>
      </trkpt>
      <trkpt lat="44.36883" lon="6.888063">
        <ele>2827.0</ele>
        <time>2026-08-09T06:21:34Z</time>
      </trkpt>
      <trkpt lat="44.368825" lon="6.888048">
        <ele>2826.6</ele>
        <time>2026-08-09T06:21:37Z</time>
      </trkpt>
      <trkpt lat="44.368825" lon="6.88804">
        <ele>2826.2</ele>
        <time>2026-08-09T06:21:42Z</time>
      </trkpt>
      <trkpt lat="44.368828" lon="6.888001">
        <ele>2825.6</ele>
        <time>2026-08-09T06:21:46Z</time>
      </trkpt>
      <trkpt lat="44.368848" lon="6.888005">
        <ele>2825.0</ele>
        <time>2026-08-09T06:21:50Z</time>
      </trkpt>
      <trkpt lat="44.368866" lon="6.887987">
        <ele>2824.6</ele>
        <time>2026-08-09T06:21:56Z</time>
      </trkpt>
      <trkpt lat="44.368855" lon="6.887985">
        <ele>2824.2</ele>
        <time>2026-08-09T06:21:59Z</time>
      </trkpt>
      <trkpt lat="44.368879" lon="6.887975">
        <ele>2823.4</ele>
        <time>2026-08-09T06:22:04Z</time>
      </trkpt>
      <trkpt lat="44.368905" lon="6.887955">
        <ele>2822.8</ele>
        <time>2026-08-09T06:22:07Z</time>
      </trkpt>
      <trkpt lat="44.368919" lon="6.887936">
        <ele>2822.4</ele>
        <time>2026-08-09T06:22:12Z</time>
      </trkpt>
      <trkpt lat="44.368913" lon="6.887928">
        <ele>2822.0</ele>
        <time>2026-08-09T06:22:15Z</time>
      </trkpt>
      <trkpt lat="44.368916" lon="6.887903">
        <ele>2821.4</ele>
        <time>2026-08-09T06:22:19Z</time>
      </trkpt>
      <trkpt lat="44.368906" lon="6.887883">
        <ele>2820.6</ele>
        <time>2026-08-09T06:22:24Z</time>
      </trkpt>
      <trkpt lat="44.368922" lon="6.887888">
        <ele>2820.8</ele>
        <time>2026-08-09T06:22:32Z</time>
      </trkpt>
      <trkpt lat="44.368909" lon="6.887907">
        <ele>2820.8</ele>
        <time>2026-08-09T06:22:41Z</time>
      </trkpt>
      <trkpt lat="44.368933" lon="6.887937">
        <ele>2820.8</ele>
        <time>2026-08-09T06:22:49Z</time>
      </trkpt>
      <trkpt lat="44.368929" lon="6.887936">
        <ele>2820.8</ele>
        <time>2026-08-09T06:22:51Z</time>
      </trkpt>
      <trkpt lat="44.368924" lon="6.887931">
        <ele>2821.0</ele>
        <time>2026-08-09T06:22:53Z</time>
      </trkpt>
      <trkpt lat="44.368918" lon="6.887906">
        <ele>2821.2</ele>
        <time>2026-08-09T06:22:57Z</time>
      </trkpt>
      <trkpt lat="44.368921" lon="6.887873">
        <ele>2821.4</ele>
        <time>2026-08-09T06:23:00Z</time>
      </trkpt>
      <trkpt lat="44.36892" lon="6.887858">
        <ele>2821.2</ele>
        <time>2026-08-09T06:23:02Z</time>
      </trkpt>
      <trkpt lat="44.36892" lon="6.887845">
        <ele>2821.2</ele>
        <time>2026-08-09T06:23:06Z</time>
      </trkpt>
      <trkpt lat="44.368901" lon="6.887886">
        <ele>2821.4</ele>
        <time>2026-08-09T06:23:16Z</time>
      </trkpt>
      <trkpt lat="44.368904" lon="6.887894">
        <ele>2821.6</ele>
        <time>2026-08-09T06:23:22Z</time>
      </trkpt>
      <trkpt lat="44.368903" lon="6.887923">
        <ele>2821.8</ele>
        <time>2026-08-09T06:23:26Z</time>
      </trkpt>
      <trkpt lat="44.368919" lon="6.887916">
        <ele>2822.2</ele>
        <time>2026-08-09T06:23:35Z</time>
      </trkpt>
      <trkpt lat="44.368907" lon="6.887915">
        <ele>2822.4</ele>
        <time>2026-08-09T06:23:39Z</time>
      </trkpt>
      <trkpt lat="44.368911" lon="6.887887">
        <ele>2822.6</ele>
        <time>2026-08-09T06:23:42Z</time>
      </trkpt>
      <trkpt lat="44.368917" lon="6.887893">
        <ele>2822.8</ele>
        <time>2026-08-09T06:23:51Z</time>
      </trkpt>
      <trkpt lat="44.368911" lon="6.887889">
        <ele>2822.8</ele>
        <time>2026-08-09T06:23:59Z</time>
      </trkpt>
      <trkpt lat="44.368925" lon="6.887904">
        <ele>2821.6</ele>
        <time>2026-08-09T06:24:07Z</time>
      </trkpt>
      <trkpt lat="44.368919" lon="6.887908">
        <ele>2821.4</ele>
        <time>2026-08-09T06:24:09Z</time>
      </trkpt>
      <trkpt lat="44.36892" lon="6.887897">
        <ele>2820.8</ele>
        <time>2026-08-09T06:24:16Z</time>
      </trkpt>
      <trkpt lat="44.368914" lon="6.887905">
        <ele>2821.2</ele>
        <time>2026-08-09T06:24:25Z</time>
      </trkpt>
      <trkpt lat="44.368953" lon="6.88788">
        <ele>2820.4</ele>
        <time>2026-08-09T06:24:32Z</time>
      </trkpt>
      <trkpt lat="44.368958" lon="6.887879">
        <ele>2820.2</ele>
        <time>2026-08-09T06:24:33Z</time>
      </trkpt>
      <trkpt lat="44.368982" lon="6.887864">
        <ele>2819.0</ele>
        <time>2026-08-09T06:24:40Z</time>
      </trkpt>
      <trkpt lat="44.368985" lon="6.88786">
        <ele>2819.0</ele>
        <time>2026-08-09T06:24:41Z</time>
      </trkpt>
      <trkpt lat="44.368974" lon="6.887834">
        <ele>2818.2</ele>
        <time>2026-08-09T06:24:48Z</time>
      </trkpt>
      <trkpt lat="44.368975" lon="6.88784">
        <ele>2818.0</ele>
        <time>2026-08-09T06:24:50Z</time>
      </trkpt>
      <trkpt lat="44.369003" lon="6.887849">
        <ele>2817.4</ele>
        <time>2026-08-09T06:24:57Z</time>
      </trkpt>
      <trkpt lat="44.36901" lon="6.887849">
        <ele>2816.8</ele>
        <time>2026-08-09T06:24:59Z</time>
      </trkpt>
      <trkpt lat="44.36903" lon="6.887851">
        <ele>2815.6</ele>
        <time>2026-08-09T06:25:05Z</time>
      </trkpt>
      <trkpt lat="44.369049" lon="6.887855">
        <ele>2814.6</ele>
        <time>2026-08-09T06:25:11Z</time>
      </trkpt>
      <trkpt lat="44.369058" lon="6.887861">
        <ele>2814.2</ele>
        <time>2026-08-09T06:25:14Z</time>
      </trkpt>
      <trkpt lat="44.369072" lon="6.887871">
        <ele>2813.6</ele>
        <time>2026-08-09T06:25:18Z</time>
      </trkpt>
      <trkpt lat="44.369111" lon="6.887887">
        <ele>2812.4</ele>
        <time>2026-08-09T06:25:24Z</time>
      </trkpt>
      <trkpt lat="44.369139" lon="6.887883">
        <ele>2811.2</ele>
        <time>2026-08-09T06:25:30Z</time>
      </trkpt>
      <trkpt lat="44.369154" lon="6.887862">
        <ele>2810.6</ele>
        <time>2026-08-09T06:25:34Z</time>
      </trkpt>
      <trkpt lat="44.369157" lon="6.887852">
        <ele>2810.2</ele>
        <time>2026-08-09T06:25:36Z</time>
      </trkpt>
      <trkpt lat="44.369159" lon="6.887828">
        <ele>2809.2</ele>
        <time>2026-08-09T06:25:41Z</time>
      </trkpt>
      <trkpt lat="44.369157" lon="6.887824">
        <ele>2809.0</ele>
        <time>2026-08-09T06:25:42Z</time>
      </trkpt>
      <trkpt lat="44.36917" lon="6.887823">
        <ele>2808.2</ele>
        <time>2026-08-09T06:25:46Z</time>
      </trkpt>
      <trkpt lat="44.369208" lon="6.887774">
        <ele>2807.0</ele>
        <time>2026-08-09T06:25:51Z</time>
      </trkpt>
      <trkpt lat="44.369226" lon="6.887742">
        <ele>2806.0</ele>
        <time>2026-08-09T06:25:56Z</time>
      </trkpt>
      <trkpt lat="44.369234" lon="6.887733">
        <ele>2805.2</ele>
        <time>2026-08-09T06:26:00Z</time>
      </trkpt>
      <trkpt lat="44.369241" lon="6.887734">
        <ele>2804.8</ele>
        <time>2026-08-09T06:26:02Z</time>
      </trkpt>
      <trkpt lat="44.369268" lon="6.887758">
        <ele>2804.0</ele>
        <time>2026-08-09T06:26:08Z</time>
      </trkpt>
      <trkpt lat="44.369271" lon="6.887754">
        <ele>2803.8</ele>
        <time>2026-08-09T06:26:09Z</time>
      </trkpt>
      <trkpt lat="44.369289" lon="6.887746">
        <ele>2802.8</ele>
        <time>2026-08-09T06:26:15Z</time>
      </trkpt>
      <trkpt lat="44.369282" lon="6.887748">
        <ele>2802.6</ele>
        <time>2026-08-09T06:26:16Z</time>
      </trkpt>
      <trkpt lat="44.369271" lon="6.887743">
        <ele>2801.8</ele>
        <time>2026-08-09T06:26:21Z</time>
      </trkpt>
      <trkpt lat="44.369285" lon="6.887731">
        <ele>2801.0</ele>
        <time>2026-08-09T06:26:27Z</time>
      </trkpt>
      <trkpt lat="44.369293" lon="6.887733">
        <ele>2800.6</ele>
        <time>2026-08-09T06:26:30Z</time>
      </trkpt>
      <trkpt lat="44.369295" lon="6.887732">
        <ele>2799.8</ele>
        <time>2026-08-09T06:26:35Z</time>
      </trkpt>
      <trkpt lat="44.369303" lon="6.887739">
        <ele>2799.6</ele>
        <time>2026-08-09T06:26:37Z</time>
      </trkpt>
      <trkpt lat="44.369347" lon="6.887723">
        <ele>2798.4</ele>
        <time>2026-08-09T06:26:43Z</time>
      </trkpt>
      <trkpt lat="44.369348" lon="6.887714">
        <ele>2798.4</ele>
        <time>2026-08-09T06:26:44Z</time>
      </trkpt>
      <trkpt lat="44.369367" lon="6.887666">
        <ele>2797.4</ele>
        <time>2026-08-09T06:26:49Z</time>
      </trkpt>
      <trkpt lat="44.369374" lon="6.88765">
        <ele>2796.8</ele>
        <time>2026-08-09T06:26:52Z</time>
      </trkpt>
      <trkpt lat="44.369382" lon="6.88762">
        <ele>2796.2</ele>
        <time>2026-08-09T06:26:56Z</time>
      </trkpt>
      <trkpt lat="44.369403" lon="6.88757">
        <ele>2795.0</ele>
        <time>2026-08-09T06:27:01Z</time>
      </trkpt>
      <trkpt lat="44.369431" lon="6.887548">
        <ele>2794.0</ele>
        <time>2026-08-09T06:27:06Z</time>
      </trkpt>
      <trkpt lat="44.369437" lon="6.887547">
        <ele>2793.4</ele>
        <time>2026-08-09T06:27:08Z</time>
      </trkpt>
      <trkpt lat="44.369454" lon="6.887548">
        <ele>2792.8</ele>
        <time>2026-08-09T06:27:11Z</time>
      </trkpt>
      <trkpt lat="44.369461" lon="6.887532">
        <ele>2792.4</ele>
        <time>2026-08-09T06:27:15Z</time>
      </trkpt>
      <trkpt lat="44.369461" lon="6.887527">
        <ele>2792.2</ele>
        <time>2026-08-09T06:27:16Z</time>
      </trkpt>
      <trkpt lat="44.369458" lon="6.88751">
        <ele>2791.8</ele>
        <time>2026-08-09T06:27:18Z</time>
      </trkpt>
      <trkpt lat="44.369483" lon="6.887482">
        <ele>2790.8</ele>
        <time>2026-08-09T06:27:22Z</time>
      </trkpt>
      <trkpt lat="44.369509" lon="6.887467">
        <ele>2789.6</ele>
        <time>2026-08-09T06:27:26Z</time>
      </trkpt>
      <trkpt lat="44.369509" lon="6.887463">
        <ele>2788.8</ele>
        <time>2026-08-09T06:27:30Z</time>
      </trkpt>
      <trkpt lat="44.369517" lon="6.887464">
        <ele>2788.4</ele>
        <time>2026-08-09T06:27:32Z</time>
      </trkpt>
      <trkpt lat="44.369553" lon="6.887445">
        <ele>2787.6</ele>
        <time>2026-08-09T06:27:37Z</time>
      </trkpt>
      <trkpt lat="44.36956" lon="6.887438">
        <ele>2787.4</ele>
        <time>2026-08-09T06:27:38Z</time>
      </trkpt>
      <trkpt lat="44.369552" lon="6.887427">
        <ele>2786.4</ele>
        <time>2026-08-09T06:27:44Z</time>
      </trkpt>
      <trkpt lat="44.369554" lon="6.887421">
        <ele>2786.4</ele>
        <time>2026-08-09T06:27:45Z</time>
      </trkpt>
      <trkpt lat="44.369556" lon="6.887387">
        <ele>2785.6</ele>
        <time>2026-08-09T06:27:52Z</time>
      </trkpt>
      <trkpt lat="44.369556" lon="6.887361">
        <ele>2785.4</ele>
        <time>2026-08-09T06:27:56Z</time>
      </trkpt>
      <trkpt lat="44.369561" lon="6.887355">
        <ele>2784.8</ele>
        <time>2026-08-09T06:28:00Z</time>
      </trkpt>
      <trkpt lat="44.369558" lon="6.887364">
        <ele>2784.4</ele>
        <time>2026-08-09T06:28:03Z</time>
      </trkpt>
      <trkpt lat="44.369578" lon="6.887339">
        <ele>2784.2</ele>
        <time>2026-08-09T06:28:09Z</time>
      </trkpt>
      <trkpt lat="44.369605" lon="6.887363">
        <ele>2784.0</ele>
        <time>2026-08-09T06:28:19Z</time>
      </trkpt>
      <trkpt lat="44.369579" lon="6.887344">
        <ele>2783.2</ele>
        <time>2026-08-09T06:28:28Z</time>
      </trkpt>
      <trkpt lat="44.369573" lon="6.887319">
        <ele>2782.4</ele>
        <time>2026-08-09T06:28:39Z</time>
      </trkpt>
      <trkpt lat="44.369569" lon="6.887311">
        <ele>2782.2</ele>
        <time>2026-08-09T06:28:41Z</time>
      </trkpt>
      <trkpt lat="44.369579" lon="6.887313">
        <ele>2781.8</ele>
        <time>2026-08-09T06:28:45Z</time>
      </trkpt>
      <trkpt lat="44.369585" lon="6.887277">
        <ele>2781.2</ele>
        <time>2026-08-09T06:28:53Z</time>
      </trkpt>
      <trkpt lat="44.369588" lon="6.88727">
        <ele>2781.0</ele>
        <time>2026-08-09T06:28:55Z</time>
      </trkpt>
      <trkpt lat="44.369601" lon="6.887247">
        <ele>2780.4</ele>
        <time>2026-08-09T06:29:03Z</time>
      </trkpt>
      <trkpt lat="44.369616" lon="6.887242">
        <ele>2780.6</ele>
        <time>2026-08-09T06:29:10Z</time>
      </trkpt>
      <trkpt lat="44.36962" lon="6.887239">
        <ele>2780.4</ele>
        <time>2026-08-09T06:29:11Z</time>
      </trkpt>
      <trkpt lat="44.369631" lon="6.887234">
        <ele>2780.4</ele>
        <time>2026-08-09T06:29:13Z</time>
      </trkpt>
      <trkpt lat="44.369632" lon="6.887235">
        <ele>2780.2</ele>
        <time>2026-08-09T06:29:15Z</time>
      </trkpt>
      <trkpt lat="44.369606" lon="6.887252">
        <ele>2780.2</ele>
        <time>2026-08-09T06:29:22Z</time>
      </trkpt>
      <trkpt lat="44.369619" lon="6.887311">
        <ele>2781.0</ele>
        <time>2026-08-09T06:29:31Z</time>
      </trkpt>
      <trkpt lat="44.369659" lon="6.887307">
        <ele>2780.6</ele>
        <time>2026-08-09T06:29:39Z</time>
      </trkpt>
      <trkpt lat="44.369691" lon="6.887301">
        <ele>2779.8</ele>
        <time>2026-08-09T06:29:46Z</time>
      </trkpt>
      <trkpt lat="44.369717" lon="6.887274">
        <ele>2779.4</ele>
        <time>2026-08-09T06:29:54Z</time>
      </trkpt>
      <trkpt lat="44.36972" lon="6.887278">
        <ele>2779.0</ele>
        <time>2026-08-09T06:29:56Z</time>
      </trkpt>
      <trkpt lat="44.369731" lon="6.88728">
        <ele>2778.4</ele>
        <time>2026-08-09T06:30:00Z</time>
      </trkpt>
      <trkpt lat="44.369735" lon="6.887278">
        <ele>2778.2</ele>
        <time>2026-08-09T06:30:02Z</time>
      </trkpt>
      <trkpt lat="44.369733" lon="6.887278">
        <ele>2778.0</ele>
        <time>2026-08-09T06:30:04Z</time>
      </trkpt>
      <trkpt lat="44.369743" lon="6.887268">
        <ele>2777.0</ele>
        <time>2026-08-09T06:30:11Z</time>
      </trkpt>
      <trkpt lat="44.369754" lon="6.887261">
        <ele>2776.8</ele>
        <time>2026-08-09T06:30:12Z</time>
      </trkpt>
      <trkpt lat="44.369769" lon="6.887227">
        <ele>2776.4</ele>
        <time>2026-08-09T06:30:17Z</time>
      </trkpt>
      <trkpt lat="44.369755" lon="6.887219">
        <ele>2776.6</ele>
        <time>2026-08-09T06:30:20Z</time>
      </trkpt>
      <trkpt lat="44.369744" lon="6.887213">
        <ele>2776.6</ele>
        <time>2026-08-09T06:30:24Z</time>
      </trkpt>
      <trkpt lat="44.369746" lon="6.88721">
        <ele>2776.6</ele>
        <time>2026-08-09T06:30:25Z</time>
      </trkpt>
      <trkpt lat="44.369749" lon="6.887205">
        <ele>2776.6</ele>
        <time>2026-08-09T06:30:27Z</time>
      </trkpt>
      <trkpt lat="44.369748" lon="6.887201">
        <ele>2776.6</ele>
        <time>2026-08-09T06:30:28Z</time>
      </trkpt>
      <trkpt lat="44.369734" lon="6.887204">
        <ele>2776.4</ele>
        <time>2026-08-09T06:30:33Z</time>
      </trkpt>
      <trkpt lat="44.369749" lon="6.887177">
        <ele>2776.2</ele>
        <time>2026-08-09T06:30:41Z</time>
      </trkpt>
      <trkpt lat="44.369744" lon="6.887165">
        <ele>2775.8</ele>
        <time>2026-08-09T06:30:47Z</time>
      </trkpt>
      <trkpt lat="44.369746" lon="6.887161">
        <ele>2775.6</ele>
        <time>2026-08-09T06:30:48Z</time>
      </trkpt>
      <trkpt lat="44.369773" lon="6.887158">
        <ele>2775.6</ele>
        <time>2026-08-09T06:30:57Z</time>
      </trkpt>
      <trkpt lat="44.369798" lon="6.887138">
        <ele>2774.8</ele>
        <time>2026-08-09T06:31:06Z</time>
      </trkpt>
      <trkpt lat="44.369803" lon="6.887129">
        <ele>2774.6</ele>
        <time>2026-08-09T06:31:07Z</time>
      </trkpt>
      <trkpt lat="44.369797" lon="6.887116">
        <ele>2773.8</ele>
        <time>2026-08-09T06:31:14Z</time>
      </trkpt>
      <trkpt lat="44.369795" lon="6.887115">
        <ele>2773.6</ele>
        <time>2026-08-09T06:31:17Z</time>
      </trkpt>
      <trkpt lat="44.369816" lon="6.887092">
        <ele>2773.4</ele>
        <time>2026-08-09T06:31:20Z</time>
      </trkpt>
      <trkpt lat="44.369846" lon="6.887073">
        <ele>2772.8</ele>
        <time>2026-08-09T06:31:27Z</time>
      </trkpt>
      <trkpt lat="44.369846" lon="6.88706">
        <ele>2772.6</ele>
        <time>2026-08-09T06:31:29Z</time>
      </trkpt>
      <trkpt lat="44.369857" lon="6.887036">
        <ele>2772.0</ele>
        <time>2026-08-09T06:31:35Z</time>
      </trkpt>
      <trkpt lat="44.36986" lon="6.887028">
        <ele>2771.4</ele>
        <time>2026-08-09T06:31:38Z</time>
      </trkpt>
      <trkpt lat="44.369858" lon="6.887005">
        <ele>2771.0</ele>
        <time>2026-08-09T06:31:43Z</time>
      </trkpt>
      <trkpt lat="44.369859" lon="6.88698">
        <ele>2770.4</ele>
        <time>2026-08-09T06:31:50Z</time>
      </trkpt>
      <trkpt lat="44.369866" lon="6.886972">
        <ele>2770.4</ele>
        <time>2026-08-09T06:31:52Z</time>
      </trkpt>
      <trkpt lat="44.369896" lon="6.88701">
        <ele>2770.4</ele>
        <time>2026-08-09T06:32:00Z</time>
      </trkpt>
      <trkpt lat="44.3699" lon="6.887021">
        <ele>2770.4</ele>
        <time>2026-08-09T06:32:02Z</time>
      </trkpt>
      <trkpt lat="44.369908" lon="6.886984">
        <ele>2770.4</ele>
        <time>2026-08-09T06:32:07Z</time>
      </trkpt>
      <trkpt lat="44.369901" lon="6.886966">
        <ele>2769.8</ele>
        <time>2026-08-09T06:32:15Z</time>
      </trkpt>
      <trkpt lat="44.369908" lon="6.886931">
        <ele>2769.8</ele>
        <time>2026-08-09T06:32:23Z</time>
      </trkpt>
      <trkpt lat="44.369911" lon="6.886922">
        <ele>2770.0</ele>
        <time>2026-08-09T06:32:29Z</time>
      </trkpt>
      <trkpt lat="44.369903" lon="6.886894">
        <ele>2770.0</ele>
        <time>2026-08-09T06:32:33Z</time>
      </trkpt>
      <trkpt lat="44.369881" lon="6.886865">
        <ele>2769.8</ele>
        <time>2026-08-09T06:32:42Z</time>
      </trkpt>
      <trkpt lat="44.369865" lon="6.88684">
        <ele>2769.4</ele>
        <time>2026-08-09T06:32:47Z</time>
      </trkpt>
      <trkpt lat="44.369863" lon="6.88682">
        <ele>2769.2</ele>
        <time>2026-08-09T06:32:51Z</time>
      </trkpt>
      <trkpt lat="44.369853" lon="6.88678">
        <ele>2769.4</ele>
        <time>2026-08-09T06:33:01Z</time>
      </trkpt>
      <trkpt lat="44.369875" lon="6.886784">
        <ele>2769.2</ele>
        <time>2026-08-09T06:33:09Z</time>
      </trkpt>
      <trkpt lat="44.36989" lon="6.886759">
        <ele>2768.2</ele>
        <time>2026-08-09T06:33:15Z</time>
      </trkpt>
      <trkpt lat="44.369883" lon="6.886761">
        <ele>2767.8</ele>
        <time>2026-08-09T06:33:17Z</time>
      </trkpt>
      <trkpt lat="44.369884" lon="6.886735">
        <ele>2767.2</ele>
        <time>2026-08-09T06:33:25Z</time>
      </trkpt>
      <trkpt lat="44.369884" lon="6.886737">
        <ele>2767.2</ele>
        <time>2026-08-09T06:33:26Z</time>
      </trkpt>
      <trkpt lat="44.369899" lon="6.886683">
        <ele>2767.0</ele>
        <time>2026-08-09T06:33:33Z</time>
      </trkpt>
      <trkpt lat="44.369885" lon="6.886655">
        <ele>2766.4</ele>
        <time>2026-08-09T06:33:43Z</time>
      </trkpt>
      <trkpt lat="44.369898" lon="6.886642">
        <ele>2766.2</ele>
        <time>2026-08-09T06:33:48Z</time>
      </trkpt>
      <trkpt lat="44.369902" lon="6.886629">
        <ele>2765.8</ele>
        <time>2026-08-09T06:33:50Z</time>
      </trkpt>
      <trkpt lat="44.369904" lon="6.886612">
        <ele>2765.6</ele>
        <time>2026-08-09T06:33:57Z</time>
      </trkpt>
      <trkpt lat="44.369894" lon="6.886608">
        <ele>2765.0</ele>
        <time>2026-08-09T06:34:07Z</time>
      </trkpt>
      <trkpt lat="44.369894" lon="6.886606">
        <ele>2765.0</ele>
        <time>2026-08-09T06:34:08Z</time>
      </trkpt>
      <trkpt lat="44.369918" lon="6.88657">
        <ele>2764.6</ele>
        <time>2026-08-09T06:34:18Z</time>
      </trkpt>
      <trkpt lat="44.369925" lon="6.886601">
        <ele>2764.2</ele>
        <time>2026-08-09T06:34:28Z</time>
      </trkpt>
      <trkpt lat="44.36993" lon="6.8866">
        <ele>2764.0</ele>
        <time>2026-08-09T06:34:29Z</time>
      </trkpt>
      <trkpt lat="44.369917" lon="6.886597">
        <ele>2763.4</ele>
        <time>2026-08-09T06:34:35Z</time>
      </trkpt>
      <trkpt lat="44.369926" lon="6.886567">
        <ele>2763.2</ele>
        <time>2026-08-09T06:34:44Z</time>
      </trkpt>
      <trkpt lat="44.369923" lon="6.886554">
        <ele>2763.0</ele>
        <time>2026-08-09T06:34:46Z</time>
      </trkpt>
      <trkpt lat="44.369916" lon="6.886541">
        <ele>2762.8</ele>
        <time>2026-08-09T06:34:52Z</time>
      </trkpt>
      <trkpt lat="44.369939" lon="6.886547">
        <ele>2762.4</ele>
        <time>2026-08-09T06:35:00Z</time>
      </trkpt>
      <trkpt lat="44.369955" lon="6.886513">
        <ele>2762.0</ele>
        <time>2026-08-09T06:35:10Z</time>
      </trkpt>
      <trkpt lat="44.369954" lon="6.88651">
        <ele>2761.8</ele>
        <time>2026-08-09T06:35:11Z</time>
      </trkpt>
      <trkpt lat="44.369959" lon="6.88648">
        <ele>2761.2</ele>
        <time>2026-08-09T06:35:18Z</time>
      </trkpt>
      <trkpt lat="44.369973" lon="6.886462">
        <ele>2762.0</ele>
        <time>2026-08-09T06:35:24Z</time>
      </trkpt>
      <trkpt lat="44.36997" lon="6.886459">
        <ele>2762.0</ele>
        <time>2026-08-09T06:35:25Z</time>
      </trkpt>
      <trkpt lat="44.369987" lon="6.886435">
        <ele>2762.2</ele>
        <time>2026-08-09T06:35:31Z</time>
      </trkpt>
      <trkpt lat="44.369999" lon="6.886415">
        <ele>2761.2</ele>
        <time>2026-08-09T06:35:39Z</time>
      </trkpt>
      <trkpt lat="44.370003" lon="6.886401">
        <ele>2760.8</ele>
        <time>2026-08-09T06:35:42Z</time>
      </trkpt>
      <trkpt lat="44.370006" lon="6.886392">
        <ele>2760.8</ele>
        <time>2026-08-09T06:35:46Z</time>
      </trkpt>
      <trkpt lat="44.370005" lon="6.886372">
        <ele>2760.4</ele>
        <time>2026-08-09T06:35:52Z</time>
      </trkpt>
      <trkpt lat="44.370018" lon="6.886365">
        <ele>2759.8</ele>
        <time>2026-08-09T06:35:56Z</time>
      </trkpt>
      <trkpt lat="44.370025" lon="6.886362">
        <ele>2759.4</ele>
        <time>2026-08-09T06:35:58Z</time>
      </trkpt>
      <trkpt lat="44.370057" lon="6.886331">
        <ele>2759.6</ele>
        <time>2026-08-09T06:36:04Z</time>
      </trkpt>
      <trkpt lat="44.370058" lon="6.886324">
        <ele>2759.6</ele>
        <time>2026-08-09T06:36:06Z</time>
      </trkpt>
      <trkpt lat="44.370055" lon="6.886288">
        <ele>2760.0</ele>
        <time>2026-08-09T06:36:14Z</time>
      </trkpt>
      <trkpt lat="44.370077" lon="6.886251">
        <ele>2759.4</ele>
        <time>2026-08-09T06:36:23Z</time>
      </trkpt>
      <trkpt lat="44.370065" lon="6.886203">
        <ele>2760.0</ele>
        <time>2026-08-09T06:36:32Z</time>
      </trkpt>
      <trkpt lat="44.37007" lon="6.886197">
        <ele>2759.8</ele>
        <time>2026-08-09T06:36:40Z</time>
      </trkpt>
      <trkpt lat="44.370084" lon="6.886214">
        <ele>2759.2</ele>
        <time>2026-08-09T06:36:48Z</time>
      </trkpt>
      <trkpt lat="44.370091" lon="6.886162">
        <ele>2758.8</ele>
        <time>2026-08-09T06:36:59Z</time>
      </trkpt>
      <trkpt lat="44.370052" lon="6.886126">
        <ele>2759.2</ele>
        <time>2026-08-09T06:37:05Z</time>
      </trkpt>
      <trkpt lat="44.370038" lon="6.886082">
        <ele>2759.8</ele>
        <time>2026-08-09T06:37:14Z</time>
      </trkpt>
      <trkpt lat="44.37003" lon="6.886075">
        <ele>2760.0</ele>
        <time>2026-08-09T06:37:18Z</time>
      </trkpt>
      <trkpt lat="44.370021" lon="6.886042">
        <ele>2759.8</ele>
        <time>2026-08-09T06:37:22Z</time>
      </trkpt>
      <trkpt lat="44.370046" lon="6.885997">
        <ele>2759.6</ele>
        <time>2026-08-09T06:37:30Z</time>
      </trkpt>
      <trkpt lat="44.370041" lon="6.88596">
        <ele>2759.4</ele>
        <time>2026-08-09T06:37:37Z</time>
      </trkpt>
      <trkpt lat="44.37006" lon="6.885905">
        <ele>2760.0</ele>
        <time>2026-08-09T06:37:47Z</time>
      </trkpt>
      <trkpt lat="44.370101" lon="6.885864">
        <ele>2760.4</ele>
        <time>2026-08-09T06:37:56Z</time>
      </trkpt>
      <trkpt lat="44.370104" lon="6.885861">
        <ele>2760.8</ele>
        <time>2026-08-09T06:37:58Z</time>
      </trkpt>
      <trkpt lat="44.37009" lon="6.88583">
        <ele>2761.2</ele>
        <time>2026-08-09T06:38:04Z</time>
      </trkpt>
      <trkpt lat="44.370102" lon="6.885765">
        <ele>2760.8</ele>
        <time>2026-08-09T06:38:13Z</time>
      </trkpt>
      <trkpt lat="44.37008" lon="6.885715">
        <ele>2761.6</ele>
        <time>2026-08-09T06:38:22Z</time>
      </trkpt>
      <trkpt lat="44.370079" lon="6.885712">
        <ele>2761.8</ele>
        <time>2026-08-09T06:38:24Z</time>
      </trkpt>
      <trkpt lat="44.370077" lon="6.885705">
        <ele>2762.8</ele>
        <time>2026-08-09T06:38:30Z</time>
      </trkpt>
      <trkpt lat="44.370066" lon="6.885684">
        <ele>2763.0</ele>
        <time>2026-08-09T06:38:32Z</time>
      </trkpt>
      <trkpt lat="44.370053" lon="6.885646">
        <ele>2763.8</ele>
        <time>2026-08-09T06:38:38Z</time>
      </trkpt>
      <trkpt lat="44.370059" lon="6.885633">
        <ele>2764.0</ele>
        <time>2026-08-09T06:38:41Z</time>
      </trkpt>
      <trkpt lat="44.370056" lon="6.885617">
        <ele>2764.2</ele>
        <time>2026-08-09T06:38:46Z</time>
      </trkpt>
      <trkpt lat="44.370051" lon="6.885559">
        <ele>2764.4</ele>
        <time>2026-08-09T06:38:54Z</time>
      </trkpt>
      <trkpt lat="44.370063" lon="6.885478">
        <ele>2764.2</ele>
        <time>2026-08-09T06:39:03Z</time>
      </trkpt>
      <trkpt lat="44.370066" lon="6.885423">
        <ele>2764.4</ele>
        <time>2026-08-09T06:39:10Z</time>
      </trkpt>
      <trkpt lat="44.370065" lon="6.885415">
        <ele>2764.6</ele>
        <time>2026-08-09T06:39:11Z</time>
      </trkpt>
      <trkpt lat="44.370059" lon="6.885388">
        <ele>2765.2</ele>
        <time>2026-08-09T06:39:14Z</time>
      </trkpt>
      <trkpt lat="44.370044" lon="6.885377">
        <ele>2766.2</ele>
        <time>2026-08-09T06:39:19Z</time>
      </trkpt>
      <trkpt lat="44.370043" lon="6.885374">
        <ele>2766.4</ele>
        <time>2026-08-09T06:39:20Z</time>
      </trkpt>
      <trkpt lat="44.370058" lon="6.885312">
        <ele>2767.4</ele>
        <time>2026-08-09T06:39:27Z</time>
      </trkpt>
      <trkpt lat="44.370061" lon="6.88526">
        <ele>2767.8</ele>
        <time>2026-08-09T06:39:35Z</time>
      </trkpt>
      <trkpt lat="44.37006" lon="6.885258">
        <ele>2767.8</ele>
        <time>2026-08-09T06:39:36Z</time>
      </trkpt>
      <trkpt lat="44.37006" lon="6.885257">
        <ele>2767.6</ele>
        <time>2026-08-09T06:39:43Z</time>
      </trkpt>
      <trkpt lat="44.37006" lon="6.885257">
        <ele>2767.6</ele>
        <time>2026-08-09T06:39:44Z</time>
      </trkpt>
      <trkpt lat="44.37006" lon="6.885257">
        <ele>2768.0</ele>
        <time>2026-08-09T06:39:54Z</time>
      </trkpt>
      <trkpt lat="44.370058" lon="6.885257">
        <ele>2767.8</ele>
        <time>2026-08-09T06:40:04Z</time>
      </trkpt>
      <trkpt lat="44.370054" lon="6.885236">
        <ele>2767.0</ele>
        <time>2026-08-09T06:40:11Z</time>
      </trkpt>
      <trkpt lat="44.370058" lon="6.88525">
        <ele>2766.6</ele>
        <time>2026-08-09T06:40:13Z</time>
      </trkpt>
      <trkpt lat="44.370065" lon="6.885251">
        <ele>2766.4</ele>
        <time>2026-08-09T06:40:18Z</time>
      </trkpt>
      <trkpt lat="44.370079" lon="6.885259">
        <ele>2766.0</ele>
        <time>2026-08-09T06:40:25Z</time>
      </trkpt>
      <trkpt lat="44.370077" lon="6.885247">
        <ele>2765.2</ele>
        <time>2026-08-09T06:40:31Z</time>
      </trkpt>
      <trkpt lat="44.370082" lon="6.88523">
        <ele>2764.6</ele>
        <time>2026-08-09T06:40:34Z</time>
      </trkpt>
      <trkpt lat="44.37008" lon="6.88522">
        <ele>2764.2</ele>
        <time>2026-08-09T06:40:36Z</time>
      </trkpt>
      <trkpt lat="44.370076" lon="6.885204">
        <ele>2763.0</ele>
        <time>2026-08-09T06:40:40Z</time>
      </trkpt>
      <trkpt lat="44.370074" lon="6.88519">
        <ele>2762.0</ele>
        <time>2026-08-09T06:40:44Z</time>
      </trkpt>
      <trkpt lat="44.37007" lon="6.88517">
        <ele>2761.2</ele>
        <time>2026-08-09T06:40:48Z</time>
      </trkpt>
      <trkpt lat="44.370071" lon="6.885164">
        <ele>2761.0</ele>
        <time>2026-08-09T06:40:49Z</time>
      </trkpt>
      <trkpt lat="44.370066" lon="6.885158">
        <ele>2760.0</ele>
        <time>2026-08-09T06:40:57Z</time>
      </trkpt>
      <trkpt lat="44.370064" lon="6.885154">
        <ele>2759.8</ele>
        <time>2026-08-09T06:40:58Z</time>
      </trkpt>
      <trkpt lat="44.370058" lon="6.885122">
        <ele>2758.8</ele>
        <time>2026-08-09T06:41:03Z</time>
      </trkpt>
      <trkpt lat="44.370059" lon="6.88512">
        <ele>2758.2</ele>
        <time>2026-08-09T06:41:05Z</time>
      </trkpt>
      <trkpt lat="44.370096" lon="6.885143">
        <ele>2757.6</ele>
        <time>2026-08-09T06:41:14Z</time>
      </trkpt>
      <trkpt lat="44.370097" lon="6.885126">
        <ele>2756.6</ele>
        <time>2026-08-09T06:41:19Z</time>
      </trkpt>
      <trkpt lat="44.370096" lon="6.885124">
        <ele>2756.4</ele>
        <time>2026-08-09T06:41:20Z</time>
      </trkpt>
      <trkpt lat="44.370094" lon="6.885117">
        <ele>2755.8</ele>
        <time>2026-08-09T06:41:22Z</time>
      </trkpt>
      <trkpt lat="44.3701" lon="6.885097">
        <ele>2755.4</ele>
        <time>2026-08-09T06:41:25Z</time>
      </trkpt>
      <trkpt lat="44.370105" lon="6.885067">
        <ele>2755.0</ele>
        <time>2026-08-09T06:41:30Z</time>
      </trkpt>
      <trkpt lat="44.370078" lon="6.88506">
        <ele>2754.2</ele>
        <time>2026-08-09T06:41:37Z</time>
      </trkpt>
      <trkpt lat="44.370048" lon="6.885064">
        <ele>2753.8</ele>
        <time>2026-08-09T06:41:40Z</time>
      </trkpt>
      <trkpt lat="44.370053" lon="6.885054">
        <ele>2753.2</ele>
        <time>2026-08-09T06:41:43Z</time>
      </trkpt>
      <trkpt lat="44.370058" lon="6.885041">
        <ele>2752.4</ele>
        <time>2026-08-09T06:41:47Z</time>
      </trkpt>
      <trkpt lat="44.370051" lon="6.885038">
        <ele>2752.0</ele>
        <time>2026-08-09T06:41:49Z</time>
      </trkpt>
      <trkpt lat="44.370028" lon="6.885044">
        <ele>2751.0</ele>
        <time>2026-08-09T06:41:56Z</time>
      </trkpt>
      <trkpt lat="44.370015" lon="6.885038">
        <ele>2750.0</ele>
        <time>2026-08-09T06:42:01Z</time>
      </trkpt>
      <trkpt lat="44.370014" lon="6.885028">
        <ele>2749.4</ele>
        <time>2026-08-09T06:42:04Z</time>
      </trkpt>
      <trkpt lat="44.370014" lon="6.885019">
        <ele>2749.0</ele>
        <time>2026-08-09T06:42:05Z</time>
      </trkpt>
      <trkpt lat="44.370013" lon="6.885011">
        <ele>2748.8</ele>
        <time>2026-08-09T06:42:06Z</time>
      </trkpt>
      <trkpt lat="44.370005" lon="6.885008">
        <ele>2747.6</ele>
        <time>2026-08-09T06:42:14Z</time>
      </trkpt>
      <trkpt lat="44.370005" lon="6.885004">
        <ele>2747.4</ele>
        <time>2026-08-09T06:42:15Z</time>
      </trkpt>
      <trkpt lat="44.37001" lon="6.885006">
        <ele>2747.0</ele>
        <time>2026-08-09T06:42:17Z</time>
      </trkpt>
      <trkpt lat="44.370021" lon="6.885008">
        <ele>2746.6</ele>
        <time>2026-08-09T06:42:20Z</time>
      </trkpt>
      <trkpt lat="44.370025" lon="6.884977">
        <ele>2746.2</ele>
        <time>2026-08-09T06:42:24Z</time>
      </trkpt>
      <trkpt lat="44.370024" lon="6.884954">
        <ele>2745.4</ele>
        <time>2026-08-09T06:42:29Z</time>
      </trkpt>
      <trkpt lat="44.370018" lon="6.884942">
        <ele>2744.6</ele>
        <time>2026-08-09T06:42:32Z</time>
      </trkpt>
      <trkpt lat="44.370016" lon="6.884936">
        <ele>2744.4</ele>
        <time>2026-08-09T06:42:33Z</time>
      </trkpt>
      <trkpt lat="44.369992" lon="6.884898">
        <ele>2743.6</ele>
        <time>2026-08-09T06:42:40Z</time>
      </trkpt>
      <trkpt lat="44.36999" lon="6.884899">
        <ele>2743.2</ele>
        <time>2026-08-09T06:42:42Z</time>
      </trkpt>
      <trkpt lat="44.369989" lon="6.884913">
        <ele>2742.0</ele>
        <time>2026-08-09T06:42:48Z</time>
      </trkpt>
      <trkpt lat="44.369997" lon="6.884927">
        <ele>2741.6</ele>
        <time>2026-08-09T06:42:50Z</time>
      </trkpt>
      <trkpt lat="44.369996" lon="6.884898">
        <ele>2741.2</ele>
        <time>2026-08-09T06:42:58Z</time>
      </trkpt>
      <trkpt lat="44.369999" lon="6.884886">
        <ele>2741.0</ele>
        <time>2026-08-09T06:43:00Z</time>
      </trkpt>
      <trkpt lat="44.370008" lon="6.884874">
        <ele>2740.2</ele>
        <time>2026-08-09T06:43:06Z</time>
      </trkpt>
      <trkpt lat="44.370011" lon="6.884852">
        <ele>2739.8</ele>
        <time>2026-08-09T06:43:08Z</time>
      </trkpt>
      <trkpt lat="44.370012" lon="6.884834">
        <ele>2739.6</ele>
        <time>2026-08-09T06:43:09Z</time>
      </trkpt>
      <trkpt lat="44.370013" lon="6.884825">
        <ele>2739.4</ele>
        <time>2026-08-09T06:43:10Z</time>
      </trkpt>
      <trkpt lat="44.369997" lon="6.884789">
        <ele>2738.8</ele>
        <time>2026-08-09T06:43:14Z</time>
      </trkpt>
      <trkpt lat="44.369976" lon="6.884802">
        <ele>2737.8</ele>
        <time>2026-08-09T06:43:21Z</time>
      </trkpt>
      <trkpt lat="44.36998" lon="6.884801">
        <ele>2737.6</ele>
        <time>2026-08-09T06:43:22Z</time>
      </trkpt>
      <trkpt lat="44.369979" lon="6.884774">
        <ele>2737.0</ele>
        <time>2026-08-09T06:43:27Z</time>
      </trkpt>
      <trkpt lat="44.369971" lon="6.884815">
        <ele>2737.0</ele>
        <time>2026-08-09T06:43:33Z</time>
      </trkpt>
      <trkpt lat="44.369958" lon="6.884814">
        <ele>2736.6</ele>
        <time>2026-08-09T06:43:37Z</time>
      </trkpt>
      <trkpt lat="44.369936" lon="6.884811">
        <ele>2735.8</ele>
        <time>2026-08-09T06:43:42Z</time>
      </trkpt>
      <trkpt lat="44.369928" lon="6.884811">
        <ele>2735.4</ele>
        <time>2026-08-09T06:43:44Z</time>
      </trkpt>
      <trkpt lat="44.369911" lon="6.884803">
        <ele>2734.2</ele>
        <time>2026-08-09T06:43:49Z</time>
      </trkpt>
      <trkpt lat="44.369909" lon="6.8848">
        <ele>2734.0</ele>
        <time>2026-08-09T06:43:50Z</time>
      </trkpt>
      <trkpt lat="44.369917" lon="6.884772">
        <ele>2733.2</ele>
        <time>2026-08-09T06:43:57Z</time>
      </trkpt>
      <trkpt lat="44.36992" lon="6.884774">
        <ele>2732.8</ele>
        <time>2026-08-09T06:43:59Z</time>
      </trkpt>
      <trkpt lat="44.369924" lon="6.884782">
        <ele>2732.6</ele>
        <time>2026-08-09T06:44:02Z</time>
      </trkpt>
      <trkpt lat="44.369929" lon="6.884757">
        <ele>2732.2</ele>
        <time>2026-08-09T06:44:06Z</time>
      </trkpt>
      <trkpt lat="44.369914" lon="6.884725">
        <ele>2731.0</ele>
        <time>2026-08-09T06:44:14Z</time>
      </trkpt>
      <trkpt lat="44.369904" lon="6.884742">
        <ele>2730.2</ele>
        <time>2026-08-09T06:44:21Z</time>
      </trkpt>
      <trkpt lat="44.3699" lon="6.884746">
        <ele>2730.0</ele>
        <time>2026-08-09T06:44:23Z</time>
      </trkpt>
      <trkpt lat="44.3699" lon="6.884727">
        <ele>2729.0</ele>
        <time>2026-08-09T06:44:27Z</time>
      </trkpt>
      <trkpt lat="44.369897" lon="6.884721">
        <ele>2728.8</ele>
        <time>2026-08-09T06:44:28Z</time>
      </trkpt>
      <trkpt lat="44.369875" lon="6.884668">
        <ele>2728.4</ele>
        <time>2026-08-09T06:44:35Z</time>
      </trkpt>
      <trkpt lat="44.369882" lon="6.884691">
        <ele>2728.6</ele>
        <time>2026-08-09T06:44:42Z</time>
      </trkpt>
      <trkpt lat="44.369846" lon="6.884672">
        <ele>2729.0</ele>
        <time>2026-08-09T06:44:52Z</time>
      </trkpt>
      <trkpt lat="44.369884" lon="6.884706">
        <ele>2728.8</ele>
        <time>2026-08-09T06:44:59Z</time>
      </trkpt>
      <trkpt lat="44.369887" lon="6.884669">
        <ele>2727.8</ele>
        <time>2026-08-09T06:45:06Z</time>
      </trkpt>
      <trkpt lat="44.369887" lon="6.884659">
        <ele>2727.8</ele>
        <time>2026-08-09T06:45:07Z</time>
      </trkpt>
      <trkpt lat="44.369886" lon="6.884649">
        <ele>2726.6</ele>
        <time>2026-08-09T06:45:11Z</time>
      </trkpt>
      <trkpt lat="44.36989" lon="6.884646">
        <ele>2726.0</ele>
        <time>2026-08-09T06:45:14Z</time>
      </trkpt>
      <trkpt lat="44.369885" lon="6.884633">
        <ele>2725.6</ele>
        <time>2026-08-09T06:45:17Z</time>
      </trkpt>
      <trkpt lat="44.36987" lon="6.884612">
        <ele>2724.6</ele>
        <time>2026-08-09T06:45:22Z</time>
      </trkpt>
      <trkpt lat="44.369867" lon="6.884604">
        <ele>2724.2</ele>
        <time>2026-08-09T06:45:23Z</time>
      </trkpt>
      <trkpt lat="44.369855" lon="6.884601">
        <ele>2723.6</ele>
        <time>2026-08-09T06:45:27Z</time>
      </trkpt>
      <trkpt lat="44.369856" lon="6.884615">
        <ele>2723.4</ele>
        <time>2026-08-09T06:45:31Z</time>
      </trkpt>
      <trkpt lat="44.369859" lon="6.884632">
        <ele>2723.4</ele>
        <time>2026-08-09T06:45:35Z</time>
      </trkpt>
      <trkpt lat="44.369835" lon="6.884621">
        <ele>2723.8</ele>
        <time>2026-08-09T06:45:43Z</time>
      </trkpt>
      <trkpt lat="44.369805" lon="6.884632">
        <ele>2722.4</ele>
        <time>2026-08-09T06:45:50Z</time>
      </trkpt>
      <trkpt lat="44.369804" lon="6.884634">
        <ele>2722.0</ele>
        <time>2026-08-09T06:45:51Z</time>
      </trkpt>
      <trkpt lat="44.369823" lon="6.884627">
        <ele>2721.2</ele>
        <time>2026-08-09T06:45:55Z</time>
      </trkpt>
      <trkpt lat="44.36983" lon="6.884617">
        <ele>2721.0</ele>
        <time>2026-08-09T06:45:57Z</time>
      </trkpt>
      <trkpt lat="44.369832" lon="6.884587">
        <ele>2720.2</ele>
        <time>2026-08-09T06:46:01Z</time>
      </trkpt>
      <trkpt lat="44.369817" lon="6.88455">
        <ele>2719.6</ele>
        <time>2026-08-09T06:46:04Z</time>
      </trkpt>
      <trkpt lat="44.369811" lon="6.884532">
        <ele>2719.2</ele>
        <time>2026-08-09T06:46:06Z</time>
      </trkpt>
      <trkpt lat="44.36982" lon="6.884549">
        <ele>2719.2</ele>
        <time>2026-08-09T06:46:11Z</time>
      </trkpt>
      <trkpt lat="44.369778" lon="6.884552">
        <ele>2718.2</ele>
        <time>2026-08-09T06:46:18Z</time>
      </trkpt>
      <trkpt lat="44.369773" lon="6.884551">
        <ele>2718.0</ele>
        <time>2026-08-09T06:46:19Z</time>
      </trkpt>
      <trkpt lat="44.369764" lon="6.884537">
        <ele>2716.8</ele>
        <time>2026-08-09T06:46:24Z</time>
      </trkpt>
      <trkpt lat="44.369759" lon="6.884528">
        <ele>2716.6</ele>
        <time>2026-08-09T06:46:25Z</time>
      </trkpt>
      <trkpt lat="44.369754" lon="6.884518">
        <ele>2715.8</ele>
        <time>2026-08-09T06:46:29Z</time>
      </trkpt>
      <trkpt lat="44.369745" lon="6.884543">
        <ele>2715.0</ele>
        <time>2026-08-09T06:46:34Z</time>
      </trkpt>
      <trkpt lat="44.36974" lon="6.884557">
        <ele>2714.6</ele>
        <time>2026-08-09T06:46:36Z</time>
      </trkpt>
      <trkpt lat="44.369716" lon="6.88456">
        <ele>2713.8</ele>
        <time>2026-08-09T06:46:41Z</time>
      </trkpt>
      <trkpt lat="44.369712" lon="6.884559">
        <ele>2713.8</ele>
        <time>2026-08-09T06:46:42Z</time>
      </trkpt>
      <trkpt lat="44.369713" lon="6.884557">
        <ele>2713.6</ele>
        <time>2026-08-09T06:46:43Z</time>
      </trkpt>
      <trkpt lat="44.369703" lon="6.884539">
        <ele>2712.4</ele>
        <time>2026-08-09T06:46:52Z</time>
      </trkpt>
      <trkpt lat="44.3697" lon="6.88454">
        <ele>2712.4</ele>
        <time>2026-08-09T06:46:53Z</time>
      </trkpt>
      <trkpt lat="44.36968" lon="6.884542">
        <ele>2711.2</ele>
        <time>2026-08-09T06:46:59Z</time>
      </trkpt>
      <trkpt lat="44.369669" lon="6.884539">
        <ele>2710.8</ele>
        <time>2026-08-09T06:47:01Z</time>
      </trkpt>
      <trkpt lat="44.369662" lon="6.884523">
        <ele>2710.2</ele>
        <time>2026-08-09T06:47:05Z</time>
      </trkpt>
      <trkpt lat="44.369662" lon="6.884508">
        <ele>2709.8</ele>
        <time>2026-08-09T06:47:09Z</time>
      </trkpt>
      <trkpt lat="44.369687" lon="6.884486">
        <ele>2709.4</ele>
        <time>2026-08-09T06:47:15Z</time>
      </trkpt>
      <trkpt lat="44.369687" lon="6.884498">
        <ele>2709.2</ele>
        <time>2026-08-09T06:47:17Z</time>
      </trkpt>
      <trkpt lat="44.369677" lon="6.884514">
        <ele>2709.2</ele>
        <time>2026-08-09T06:47:20Z</time>
      </trkpt>
      <trkpt lat="44.369656" lon="6.88453">
        <ele>2708.2</ele>
        <time>2026-08-09T06:47:25Z</time>
      </trkpt>
      <trkpt lat="44.369655" lon="6.884501">
        <ele>2707.0</ele>
        <time>2026-08-09T06:47:32Z</time>
      </trkpt>
      <trkpt lat="44.36966" lon="6.884488">
        <ele>2706.4</ele>
        <time>2026-08-09T06:47:39Z</time>
      </trkpt>
      <trkpt lat="44.369659" lon="6.884477">
        <ele>2706.0</ele>
        <time>2026-08-09T06:47:42Z</time>
      </trkpt>
      <trkpt lat="44.369658" lon="6.88447">
        <ele>2705.0</ele>
        <time>2026-08-09T06:47:49Z</time>
      </trkpt>
      <trkpt lat="44.369659" lon="6.884464">
        <ele>2705.0</ele>
        <time>2026-08-09T06:47:51Z</time>
      </trkpt>
      <trkpt lat="44.369652" lon="6.884416">
        <ele>2703.8</ele>
        <time>2026-08-09T06:47:58Z</time>
      </trkpt>
      <trkpt lat="44.369634" lon="6.8844">
        <ele>2702.8</ele>
        <time>2026-08-09T06:48:07Z</time>
      </trkpt>
      <trkpt lat="44.369631" lon="6.88441">
        <ele>2702.8</ele>
        <time>2026-08-09T06:48:08Z</time>
      </trkpt>
      <trkpt lat="44.369616" lon="6.884435">
        <ele>2701.8</ele>
        <time>2026-08-09T06:48:15Z</time>
      </trkpt>
      <trkpt lat="44.369613" lon="6.88444">
        <ele>2701.6</ele>
        <time>2026-08-09T06:48:16Z</time>
      </trkpt>
      <trkpt lat="44.369598" lon="6.88443">
        <ele>2701.0</ele>
        <time>2026-08-09T06:48:22Z</time>
      </trkpt>
      <trkpt lat="44.369593" lon="6.884429">
        <ele>2700.4</ele>
        <time>2026-08-09T06:48:24Z</time>
      </trkpt>
      <trkpt lat="44.369591" lon="6.884425">
        <ele>2699.8</ele>
        <time>2026-08-09T06:48:30Z</time>
      </trkpt>
      <trkpt lat="44.369608" lon="6.88442">
        <ele>2700.0</ele>
        <time>2026-08-09T06:48:37Z</time>
      </trkpt>
      <trkpt lat="44.369594" lon="6.884401">
        <ele>2699.4</ele>
        <time>2026-08-09T06:48:41Z</time>
      </trkpt>
      <trkpt lat="44.369581" lon="6.884384">
        <ele>2698.8</ele>
        <time>2026-08-09T06:48:44Z</time>
      </trkpt>
      <trkpt lat="44.369569" lon="6.884366">
        <ele>2698.2</ele>
        <time>2026-08-09T06:48:46Z</time>
      </trkpt>
      <trkpt lat="44.369551" lon="6.884352">
        <ele>2697.2</ele>
        <time>2026-08-09T06:48:50Z</time>
      </trkpt>
      <trkpt lat="44.369544" lon="6.884349">
        <ele>2697.0</ele>
        <time>2026-08-09T06:48:51Z</time>
      </trkpt>
      <trkpt lat="44.369539" lon="6.884333">
        <ele>2696.0</ele>
        <time>2026-08-09T06:48:56Z</time>
      </trkpt>
      <trkpt lat="44.369542" lon="6.884312">
        <ele>2695.4</ele>
        <time>2026-08-09T06:48:59Z</time>
      </trkpt>
      <trkpt lat="44.369551" lon="6.884299">
        <ele>2694.6</ele>
        <time>2026-08-09T06:49:02Z</time>
      </trkpt>
      <trkpt lat="44.369566" lon="6.884286">
        <ele>2693.8</ele>
        <time>2026-08-09T06:49:06Z</time>
      </trkpt>
      <trkpt lat="44.369566" lon="6.884287">
        <ele>2693.6</ele>
        <time>2026-08-09T06:49:07Z</time>
      </trkpt>
      <trkpt lat="44.369562" lon="6.884269">
        <ele>2692.4</ele>
        <time>2026-08-09T06:49:12Z</time>
      </trkpt>
      <trkpt lat="44.369562" lon="6.88425">
        <ele>2691.8</ele>
        <time>2026-08-09T06:49:15Z</time>
      </trkpt>
      <trkpt lat="44.369553" lon="6.884224">
        <ele>2691.2</ele>
        <time>2026-08-09T06:49:19Z</time>
      </trkpt>
      <trkpt lat="44.36955" lon="6.884206">
        <ele>2690.6</ele>
        <time>2026-08-09T06:49:22Z</time>
      </trkpt>
      <trkpt lat="44.369542" lon="6.884214">
        <ele>2690.0</ele>
        <time>2026-08-09T06:49:25Z</time>
      </trkpt>
      <trkpt lat="44.369499" lon="6.884216">
        <ele>2689.2</ele>
        <time>2026-08-09T06:49:30Z</time>
      </trkpt>
      <trkpt lat="44.369481" lon="6.884217">
        <ele>2688.8</ele>
        <time>2026-08-09T06:49:32Z</time>
      </trkpt>
      <trkpt lat="44.369456" lon="6.884209">
        <ele>2687.6</ele>
        <time>2026-08-09T06:49:37Z</time>
      </trkpt>
      <trkpt lat="44.369458" lon="6.884207">
        <ele>2687.6</ele>
        <time>2026-08-09T06:49:38Z</time>
      </trkpt>
      <trkpt lat="44.369453" lon="6.884192">
        <ele>2686.8</ele>
        <time>2026-08-09T06:49:45Z</time>
      </trkpt>
      <trkpt lat="44.369454" lon="6.884191">
        <ele>2686.6</ele>
        <time>2026-08-09T06:49:46Z</time>
      </trkpt>
      <trkpt lat="44.369458" lon="6.884168">
        <ele>2685.6</ele>
        <time>2026-08-09T06:49:51Z</time>
      </trkpt>
      <trkpt lat="44.369453" lon="6.884158">
        <ele>2685.2</ele>
        <time>2026-08-09T06:49:53Z</time>
      </trkpt>
      <trkpt lat="44.369451" lon="6.884137">
        <ele>2684.4</ele>
        <time>2026-08-09T06:49:56Z</time>
      </trkpt>
      <trkpt lat="44.369451" lon="6.884127">
        <ele>2683.8</ele>
        <time>2026-08-09T06:49:59Z</time>
      </trkpt>
      <trkpt lat="44.369453" lon="6.884138">
        <ele>2683.2</ele>
        <time>2026-08-09T06:50:01Z</time>
      </trkpt>
      <trkpt lat="44.369451" lon="6.884169">
        <ele>2682.2</ele>
        <time>2026-08-09T06:50:06Z</time>
      </trkpt>
      <trkpt lat="44.369444" lon="6.884164">
        <ele>2681.6</ele>
        <time>2026-08-09T06:50:08Z</time>
      </trkpt>
      <trkpt lat="44.369435" lon="6.88413">
        <ele>2681.0</ele>
        <time>2026-08-09T06:50:12Z</time>
      </trkpt>
      <trkpt lat="44.369432" lon="6.884086">
        <ele>2680.6</ele>
        <time>2026-08-09T06:50:15Z</time>
      </trkpt>
      <trkpt lat="44.369424" lon="6.884074">
        <ele>2680.0</ele>
        <time>2026-08-09T06:50:18Z</time>
      </trkpt>
      <trkpt lat="44.369389" lon="6.88409">
        <ele>2678.8</ele>
        <time>2026-08-09T06:50:23Z</time>
      </trkpt>
      <trkpt lat="44.369375" lon="6.884097">
        <ele>2678.6</ele>
        <time>2026-08-09T06:50:24Z</time>
      </trkpt>
      <trkpt lat="44.369359" lon="6.884084">
        <ele>2678.2</ele>
        <time>2026-08-09T06:50:28Z</time>
      </trkpt>
      <trkpt lat="44.369376" lon="6.884062">
        <ele>2678.2</ele>
        <time>2026-08-09T06:50:31Z</time>
      </trkpt>
      <trkpt lat="44.369375" lon="6.884071">
        <ele>2678.2</ele>
        <time>2026-08-09T06:50:36Z</time>
      </trkpt>
      <trkpt lat="44.369364" lon="6.884088">
        <ele>2678.0</ele>
        <time>2026-08-09T06:50:38Z</time>
      </trkpt>
      <trkpt lat="44.369369" lon="6.884081">
        <ele>2677.8</ele>
        <time>2026-08-09T06:50:40Z</time>
      </trkpt>
      <trkpt lat="44.369374" lon="6.884068">
        <ele>2677.2</ele>
        <time>2026-08-09T06:50:46Z</time>
      </trkpt>
      <trkpt lat="44.369365" lon="6.884073">
        <ele>2676.8</ele>
        <time>2026-08-09T06:50:48Z</time>
      </trkpt>
      <trkpt lat="44.369359" lon="6.884051">
        <ele>2675.8</ele>
        <time>2026-08-09T06:50:53Z</time>
      </trkpt>
      <trkpt lat="44.369365" lon="6.884045">
        <ele>2675.4</ele>
        <time>2026-08-09T06:50:54Z</time>
      </trkpt>
      <trkpt lat="44.369372" lon="6.884015">
        <ele>2674.6</ele>
        <time>2026-08-09T06:50:58Z</time>
      </trkpt>
      <trkpt lat="44.369353" lon="6.883988">
        <ele>2674.2</ele>
        <time>2026-08-09T06:51:02Z</time>
      </trkpt>
      <trkpt lat="44.369313" lon="6.884007">
        <ele>2674.2</ele>
        <time>2026-08-09T06:51:11Z</time>
      </trkpt>
      <trkpt lat="44.36933" lon="6.884037">
        <ele>2674.4</ele>
        <time>2026-08-09T06:51:16Z</time>
      </trkpt>
      <trkpt lat="44.369335" lon="6.884017">
        <ele>2674.6</ele>
        <time>2026-08-09T06:51:20Z</time>
      </trkpt>
      <trkpt lat="44.369356" lon="6.883999">
        <ele>2674.8</ele>
        <time>2026-08-09T06:51:30Z</time>
      </trkpt>
      <trkpt lat="44.369394" lon="6.884018">
        <ele>2675.2</ele>
        <time>2026-08-09T06:51:37Z</time>
      </trkpt>
      <trkpt lat="44.369349" lon="6.883983">
        <ele>2675.2</ele>
        <time>2026-08-09T06:51:44Z</time>
      </trkpt>
      <trkpt lat="44.369319" lon="6.883962">
        <ele>2675.0</ele>
        <time>2026-08-09T06:51:46Z</time>
      </trkpt>
      <trkpt lat="44.369311" lon="6.883968">
        <ele>2674.8</ele>
        <time>2026-08-09T06:51:48Z</time>
      </trkpt>
      <trkpt lat="44.369303" lon="6.883988">
        <ele>2674.6</ele>
        <time>2026-08-09T06:51:51Z</time>
      </trkpt>
      <trkpt lat="44.369298" lon="6.883989">
        <ele>2674.6</ele>
        <time>2026-08-09T06:51:52Z</time>
      </trkpt>
      <trkpt lat="44.369287" lon="6.88399">
        <ele>2674.4</ele>
        <time>2026-08-09T06:51:53Z</time>
      </trkpt>
      <trkpt lat="44.369285" lon="6.883989">
        <ele>2673.6</ele>
        <time>2026-08-09T06:52:00Z</time>
      </trkpt>
      <trkpt lat="44.36929" lon="6.883991">
        <ele>2672.4</ele>
        <time>2026-08-09T06:52:05Z</time>
      </trkpt>
      <trkpt lat="44.369284" lon="6.883987">
        <ele>2671.8</ele>
        <time>2026-08-09T06:52:08Z</time>
      </trkpt>
      <trkpt lat="44.369283" lon="6.883977">
        <ele>2671.4</ele>
        <time>2026-08-09T06:52:10Z</time>
      </trkpt>
      <trkpt lat="44.369301" lon="6.883944">
        <ele>2670.4</ele>
        <time>2026-08-09T06:52:15Z</time>
      </trkpt>
      <trkpt lat="44.369302" lon="6.883939">
        <ele>2670.2</ele>
        <time>2026-08-09T06:52:16Z</time>
      </trkpt>
      <trkpt lat="44.369296" lon="6.883927">
        <ele>2669.4</ele>
        <time>2026-08-09T06:52:19Z</time>
      </trkpt>
      <trkpt lat="44.369287" lon="6.883894">
        <ele>2668.4</ele>
        <time>2026-08-09T06:52:24Z</time>
      </trkpt>
      <trkpt lat="44.369287" lon="6.883879">
        <ele>2668.2</ele>
        <time>2026-08-09T06:52:25Z</time>
      </trkpt>
      <trkpt lat="44.369289" lon="6.883858">
        <ele>2667.4</ele>
        <time>2026-08-09T06:52:28Z</time>
      </trkpt>
      <trkpt lat="44.369289" lon="6.883859">
        <ele>2667.2</ele>
        <time>2026-08-09T06:52:29Z</time>
      </trkpt>
      <trkpt lat="44.369276" lon="6.883863">
        <ele>2666.6</ele>
        <time>2026-08-09T06:52:33Z</time>
      </trkpt>
      <trkpt lat="44.369268" lon="6.883852">
        <ele>2666.2</ele>
        <time>2026-08-09T06:52:35Z</time>
      </trkpt>
      <trkpt lat="44.369253" lon="6.883827">
        <ele>2665.0</ele>
        <time>2026-08-09T06:52:40Z</time>
      </trkpt>
      <trkpt lat="44.369261" lon="6.883817">
        <ele>2664.6</ele>
        <time>2026-08-09T06:52:42Z</time>
      </trkpt>
      <trkpt lat="44.36927" lon="6.883795">
        <ele>2664.0</ele>
        <time>2026-08-09T06:52:46Z</time>
      </trkpt>
      <trkpt lat="44.369263" lon="6.883793">
        <ele>2663.4</ele>
        <time>2026-08-09T06:52:52Z</time>
      </trkpt>
      <trkpt lat="44.369247" lon="6.883799">
        <ele>2662.8</ele>
        <time>2026-08-09T06:52:55Z</time>
      </trkpt>
      <trkpt lat="44.369208" lon="6.883802">
        <ele>2661.6</ele>
        <time>2026-08-09T06:53:00Z</time>
      </trkpt>
      <trkpt lat="44.369204" lon="6.883797">
        <ele>2661.6</ele>
        <time>2026-08-09T06:53:01Z</time>
      </trkpt>
      <trkpt lat="44.369229" lon="6.883772">
        <ele>2660.4</ele>
        <time>2026-08-09T06:53:05Z</time>
      </trkpt>
      <trkpt lat="44.369248" lon="6.883758">
        <ele>2659.4</ele>
        <time>2026-08-09T06:53:10Z</time>
      </trkpt>
      <trkpt lat="44.369242" lon="6.88377">
        <ele>2659.2</ele>
        <time>2026-08-09T06:53:11Z</time>
      </trkpt>
      <trkpt lat="44.369229" lon="6.883771">
        <ele>2658.2</ele>
        <time>2026-08-09T06:53:16Z</time>
      </trkpt>
      <trkpt lat="44.369223" lon="6.883767">
        <ele>2657.8</ele>
        <time>2026-08-09T06:53:17Z</time>
      </trkpt>
      <trkpt lat="44.369198" lon="6.883742">
        <ele>2657.0</ele>
        <time>2026-08-09T06:53:21Z</time>
      </trkpt>
      <trkpt lat="44.369185" lon="6.883736">
        <ele>2655.8</ele>
        <time>2026-08-09T06:53:26Z</time>
      </trkpt>
      <trkpt lat="44.369186" lon="6.883724">
        <ele>2655.4</ele>
        <time>2026-08-09T06:53:28Z</time>
      </trkpt>
      <trkpt lat="44.369195" lon="6.883693">
        <ele>2654.8</ele>
        <time>2026-08-09T06:53:32Z</time>
      </trkpt>
      <trkpt lat="44.369199" lon="6.88368">
        <ele>2654.4</ele>
        <time>2026-08-09T06:53:34Z</time>
      </trkpt>
      <trkpt lat="44.369172" lon="6.883695">
        <ele>2653.6</ele>
        <time>2026-08-09T06:53:43Z</time>
      </trkpt>
      <trkpt lat="44.369153" lon="6.88369">
        <ele>2652.4</ele>
        <time>2026-08-09T06:53:47Z</time>
      </trkpt>
      <trkpt lat="44.369116" lon="6.883681">
        <ele>2651.6</ele>
        <time>2026-08-09T06:53:51Z</time>
      </trkpt>
      <trkpt lat="44.36911" lon="6.883676">
        <ele>2651.2</ele>
        <time>2026-08-09T06:53:52Z</time>
      </trkpt>
      <trkpt lat="44.369094" lon="6.883636">
        <ele>2650.2</ele>
        <time>2026-08-09T06:53:56Z</time>
      </trkpt>
      <trkpt lat="44.369101" lon="6.883615">
        <ele>2649.6</ele>
        <time>2026-08-09T06:53:58Z</time>
      </trkpt>
      <trkpt lat="44.36911" lon="6.883597">
        <ele>2649.2</ele>
        <time>2026-08-09T06:54:01Z</time>
      </trkpt>
      <trkpt lat="44.369122" lon="6.883584">
        <ele>2649.0</ele>
        <time>2026-08-09T06:54:07Z</time>
      </trkpt>
      <trkpt lat="44.369083" lon="6.883646">
        <ele>2648.2</ele>
        <time>2026-08-09T06:54:14Z</time>
      </trkpt>
      <trkpt lat="44.36907" lon="6.883629">
        <ele>2647.2</ele>
        <time>2026-08-09T06:54:21Z</time>
      </trkpt>
      <trkpt lat="44.369068" lon="6.883622">
        <ele>2647.0</ele>
        <time>2026-08-09T06:54:22Z</time>
      </trkpt>
      <trkpt lat="44.36906" lon="6.883601">
        <ele>2646.0</ele>
        <time>2026-08-09T06:54:26Z</time>
      </trkpt>
      <trkpt lat="44.369058" lon="6.883579">
        <ele>2645.2</ele>
        <time>2026-08-09T06:54:28Z</time>
      </trkpt>
      <trkpt lat="44.369055" lon="6.883572">
        <ele>2644.8</ele>
        <time>2026-08-09T06:54:30Z</time>
      </trkpt>
      <trkpt lat="44.369048" lon="6.883554">
        <ele>2643.6</ele>
        <time>2026-08-09T06:54:35Z</time>
      </trkpt>
      <trkpt lat="44.369044" lon="6.883547">
        <ele>2643.4</ele>
        <time>2026-08-09T06:54:36Z</time>
      </trkpt>
      <trkpt lat="44.36904" lon="6.883543">
        <ele>2642.6</ele>
        <time>2026-08-09T06:54:39Z</time>
      </trkpt>
      <trkpt lat="44.369047" lon="6.883544">
        <ele>2641.4</ele>
        <time>2026-08-09T06:54:44Z</time>
      </trkpt>
      <trkpt lat="44.369038" lon="6.883505">
        <ele>2640.4</ele>
        <time>2026-08-09T06:54:50Z</time>
      </trkpt>
      <trkpt lat="44.369037" lon="6.883496">
        <ele>2640.2</ele>
        <time>2026-08-09T06:54:51Z</time>
      </trkpt>
      <trkpt lat="44.369038" lon="6.883493">
        <ele>2639.2</ele>
        <time>2026-08-09T06:54:56Z</time>
      </trkpt>
      <trkpt lat="44.369026" lon="6.883491">
        <ele>2639.0</ele>
        <time>2026-08-09T06:54:59Z</time>
      </trkpt>
      <trkpt lat="44.369022" lon="6.883485">
        <ele>2639.0</ele>
        <time>2026-08-09T06:55:00Z</time>
      </trkpt>
      <trkpt lat="44.369012" lon="6.883437">
        <ele>2638.0</ele>
        <time>2026-08-09T06:55:06Z</time>
      </trkpt>
      <trkpt lat="44.369007" lon="6.883428">
        <ele>2637.6</ele>
        <time>2026-08-09T06:55:08Z</time>
      </trkpt>
      <trkpt lat="44.369001" lon="6.883425">
        <ele>2637.0</ele>
        <time>2026-08-09T06:55:10Z</time>
      </trkpt>
      <trkpt lat="44.36897" lon="6.883414">
        <ele>2636.0</ele>
        <time>2026-08-09T06:55:16Z</time>
      </trkpt>
      <trkpt lat="44.368966" lon="6.88341">
        <ele>2635.8</ele>
        <time>2026-08-09T06:55:17Z</time>
      </trkpt>
      <trkpt lat="44.368978" lon="6.883376">
        <ele>2634.8</ele>
        <time>2026-08-09T06:55:23Z</time>
      </trkpt>
      <trkpt lat="44.368975" lon="6.88338">
        <ele>2634.4</ele>
        <time>2026-08-09T06:55:25Z</time>
      </trkpt>
      <trkpt lat="44.368952" lon="6.88338">
        <ele>2633.6</ele>
        <time>2026-08-09T06:55:28Z</time>
      </trkpt>
      <trkpt lat="44.368934" lon="6.883384">
        <ele>2633.0</ele>
        <time>2026-08-09T06:55:31Z</time>
      </trkpt>
      <trkpt lat="44.368942" lon="6.883371">
        <ele>2632.4</ele>
        <time>2026-08-09T06:55:33Z</time>
      </trkpt>
      <trkpt lat="44.368943" lon="6.883352">
        <ele>2631.8</ele>
        <time>2026-08-09T06:55:37Z</time>
      </trkpt>
      <trkpt lat="44.368936" lon="6.883349">
        <ele>2631.4</ele>
        <time>2026-08-09T06:55:39Z</time>
      </trkpt>
      <trkpt lat="44.368944" lon="6.883281">
        <ele>2631.0</ele>
        <time>2026-08-09T06:55:44Z</time>
      </trkpt>
      <trkpt lat="44.368926" lon="6.883261">
        <ele>2630.2</ele>
        <time>2026-08-09T06:55:48Z</time>
      </trkpt>
      <trkpt lat="44.368906" lon="6.883251">
        <ele>2629.4</ele>
        <time>2026-08-09T06:55:52Z</time>
      </trkpt>
      <trkpt lat="44.368903" lon="6.883246">
        <ele>2629.2</ele>
        <time>2026-08-09T06:55:53Z</time>
      </trkpt>
      <trkpt lat="44.368891" lon="6.883197">
        <ele>2628.2</ele>
        <time>2026-08-09T06:55:59Z</time>
      </trkpt>
      <trkpt lat="44.368884" lon="6.88319">
        <ele>2627.4</ele>
        <time>2026-08-09T06:56:02Z</time>
      </trkpt>
      <trkpt lat="44.368886" lon="6.883195">
        <ele>2627.0</ele>
        <time>2026-08-09T06:56:04Z</time>
      </trkpt>
      <trkpt lat="44.368885" lon="6.883151">
        <ele>2626.0</ele>
        <time>2026-08-09T06:56:10Z</time>
      </trkpt>
      <trkpt lat="44.36888" lon="6.883126">
        <ele>2625.2</ele>
        <time>2026-08-09T06:56:14Z</time>
      </trkpt>
      <trkpt lat="44.368879" lon="6.883114">
        <ele>2625.0</ele>
        <time>2026-08-09T06:56:16Z</time>
      </trkpt>
      <trkpt lat="44.368873" lon="6.883094">
        <ele>2624.6</ele>
        <time>2026-08-09T06:56:18Z</time>
      </trkpt>
      <trkpt lat="44.368867" lon="6.883092">
        <ele>2624.0</ele>
        <time>2026-08-09T06:56:21Z</time>
      </trkpt>
      <trkpt lat="44.368862" lon="6.883092">
        <ele>2623.8</ele>
        <time>2026-08-09T06:56:22Z</time>
      </trkpt>
      <trkpt lat="44.368853" lon="6.88309">
        <ele>2623.2</ele>
        <time>2026-08-09T06:56:26Z</time>
      </trkpt>
      <trkpt lat="44.368847" lon="6.883046">
        <ele>2622.6</ele>
        <time>2026-08-09T06:56:31Z</time>
      </trkpt>
      <trkpt lat="44.368837" lon="6.883042">
        <ele>2622.0</ele>
        <time>2026-08-09T06:56:34Z</time>
      </trkpt>
      <trkpt lat="44.368828" lon="6.883036">
        <ele>2621.4</ele>
        <time>2026-08-09T06:56:36Z</time>
      </trkpt>
      <trkpt lat="44.368805" lon="6.883033">
        <ele>2620.4</ele>
        <time>2026-08-09T06:56:43Z</time>
      </trkpt>
      <trkpt lat="44.368795" lon="6.882989">
        <ele>2619.2</ele>
        <time>2026-08-09T06:56:50Z</time>
      </trkpt>
      <trkpt lat="44.368778" lon="6.883006">
        <ele>2618.8</ele>
        <time>2026-08-09T06:56:52Z</time>
      </trkpt>
      <trkpt lat="44.368773" lon="6.883009">
        <ele>2618.2</ele>
        <time>2026-08-09T06:56:55Z</time>
      </trkpt>
      <trkpt lat="44.368798" lon="6.883026">
        <ele>2617.6</ele>
        <time>2026-08-09T06:57:00Z</time>
      </trkpt>
      <trkpt lat="44.368755" lon="6.882951">
        <ele>2617.6</ele>
        <time>2026-08-09T06:57:06Z</time>
      </trkpt>
      <trkpt lat="44.368754" lon="6.882942">
        <ele>2617.2</ele>
        <time>2026-08-09T06:57:08Z</time>
      </trkpt>
      <trkpt lat="44.368755" lon="6.882938">
        <ele>2617.0</ele>
        <time>2026-08-09T06:57:09Z</time>
      </trkpt>
      <trkpt lat="44.36876" lon="6.882933">
        <ele>2616.8</ele>
        <time>2026-08-09T06:57:11Z</time>
      </trkpt>
      <trkpt lat="44.368762" lon="6.882925">
        <ele>2616.4</ele>
        <time>2026-08-09T06:57:13Z</time>
      </trkpt>
      <trkpt lat="44.368757" lon="6.882913">
        <ele>2616.0</ele>
        <time>2026-08-09T06:57:15Z</time>
      </trkpt>
      <trkpt lat="44.368748" lon="6.882884">
        <ele>2615.0</ele>
        <time>2026-08-09T06:57:21Z</time>
      </trkpt>
      <trkpt lat="44.368738" lon="6.882842">
        <ele>2614.0</ele>
        <time>2026-08-09T06:57:27Z</time>
      </trkpt>
      <trkpt lat="44.368743" lon="6.882816">
        <ele>2613.2</ele>
        <time>2026-08-09T06:57:31Z</time>
      </trkpt>
      <trkpt lat="44.368729" lon="6.882809">
        <ele>2613.0</ele>
        <time>2026-08-09T06:57:34Z</time>
      </trkpt>
      <trkpt lat="44.36871" lon="6.882792">
        <ele>2612.2</ele>
        <time>2026-08-09T06:57:38Z</time>
      </trkpt>
      <trkpt lat="44.368706" lon="6.88277">
        <ele>2611.8</ele>
        <time>2026-08-09T06:57:40Z</time>
      </trkpt>
      <trkpt lat="44.368661" lon="6.882768">
        <ele>2610.6</ele>
        <time>2026-08-09T06:57:47Z</time>
      </trkpt>
      <trkpt lat="44.368657" lon="6.882722">
        <ele>2610.4</ele>
        <time>2026-08-09T06:57:56Z</time>
      </trkpt>
      <trkpt lat="44.368636" lon="6.882694">
        <ele>2609.6</ele>
        <time>2026-08-09T06:58:00Z</time>
      </trkpt>
      <trkpt lat="44.36861" lon="6.882697">
        <ele>2608.8</ele>
        <time>2026-08-09T06:58:04Z</time>
      </trkpt>
      <trkpt lat="44.368611" lon="6.882695">
        <ele>2608.6</ele>
        <time>2026-08-09T06:58:06Z</time>
      </trkpt>
      <trkpt lat="44.368587" lon="6.882689">
        <ele>2608.0</ele>
        <time>2026-08-09T06:58:12Z</time>
      </trkpt>
      <trkpt lat="44.368593" lon="6.882664">
        <ele>2607.6</ele>
        <time>2026-08-09T06:58:21Z</time>
      </trkpt>
      <trkpt lat="44.368594" lon="6.882663">
        <ele>2606.8</ele>
        <time>2026-08-09T06:58:28Z</time>
      </trkpt>
      <trkpt lat="44.368589" lon="6.882611">
        <ele>2606.8</ele>
        <time>2026-08-09T06:58:32Z</time>
      </trkpt>
      <trkpt lat="44.36858" lon="6.88259">
        <ele>2606.4</ele>
        <time>2026-08-09T06:58:34Z</time>
      </trkpt>
      <trkpt lat="44.368578" lon="6.88258">
        <ele>2606.2</ele>
        <time>2026-08-09T06:58:35Z</time>
      </trkpt>
      <trkpt lat="44.368584" lon="6.882534">
        <ele>2605.2</ele>
        <time>2026-08-09T06:58:40Z</time>
      </trkpt>
      <trkpt lat="44.368592" lon="6.882507">
        <ele>2604.8</ele>
        <time>2026-08-09T06:58:42Z</time>
      </trkpt>
      <trkpt lat="44.368604" lon="6.882433">
        <ele>2604.0</ele>
        <time>2026-08-09T06:58:46Z</time>
      </trkpt>
      <trkpt lat="44.368603" lon="6.882414">
        <ele>2603.4</ele>
        <time>2026-08-09T06:58:49Z</time>
      </trkpt>
      <trkpt lat="44.368598" lon="6.882384">
        <ele>2603.0</ele>
        <time>2026-08-09T06:58:52Z</time>
      </trkpt>
      <trkpt lat="44.368587" lon="6.882341">
        <ele>2601.8</ele>
        <time>2026-08-09T06:58:58Z</time>
      </trkpt>
      <trkpt lat="44.368555" lon="6.882311">
        <ele>2600.8</ele>
        <time>2026-08-09T06:59:04Z</time>
      </trkpt>
      <trkpt lat="44.368555" lon="6.882316">
        <ele>2600.6</ele>
        <time>2026-08-09T06:59:06Z</time>
      </trkpt>
      <trkpt lat="44.368548" lon="6.88229">
        <ele>2600.0</ele>
        <time>2026-08-09T06:59:09Z</time>
      </trkpt>
      <trkpt lat="44.368547" lon="6.882279">
        <ele>2599.6</ele>
        <time>2026-08-09T06:59:12Z</time>
      </trkpt>
      <trkpt lat="44.368546" lon="6.882272">
        <ele>2599.4</ele>
        <time>2026-08-09T06:59:14Z</time>
      </trkpt>
      <trkpt lat="44.368552" lon="6.882259">
        <ele>2598.6</ele>
        <time>2026-08-09T06:59:18Z</time>
      </trkpt>
      <trkpt lat="44.368558" lon="6.882245">
        <ele>2598.0</ele>
        <time>2026-08-09T06:59:21Z</time>
      </trkpt>
      <trkpt lat="44.368551" lon="6.882192">
        <ele>2597.6</ele>
        <time>2026-08-09T06:59:25Z</time>
      </trkpt>
      <trkpt lat="44.368531" lon="6.882213">
        <ele>2597.2</ele>
        <time>2026-08-09T06:59:28Z</time>
      </trkpt>
      <trkpt lat="44.368517" lon="6.882161">
        <ele>2596.6</ele>
        <time>2026-08-09T06:59:33Z</time>
      </trkpt>
      <trkpt lat="44.368509" lon="6.88216">
        <ele>2596.4</ele>
        <time>2026-08-09T06:59:35Z</time>
      </trkpt>
      <trkpt lat="44.368486" lon="6.882125">
        <ele>2595.4</ele>
        <time>2026-08-09T06:59:42Z</time>
      </trkpt>
      <trkpt lat="44.368473" lon="6.882085">
        <ele>2594.4</ele>
        <time>2026-08-09T06:59:48Z</time>
      </trkpt>
      <trkpt lat="44.368469" lon="6.882079">
        <ele>2594.0</ele>
        <time>2026-08-09T06:59:50Z</time>
      </trkpt>
      <trkpt lat="44.368468" lon="6.882072">
        <ele>2594.2</ele>
        <time>2026-08-09T07:00:00Z</time>
      </trkpt>
      <trkpt lat="44.368468" lon="6.882061">
        <ele>2593.8</ele>
        <time>2026-08-09T07:00:13Z</time>
      </trkpt>
      <trkpt lat="44.368477" lon="6.882049">
        <ele>2593.2</ele>
        <time>2026-08-09T07:00:16Z</time>
      </trkpt>
      <trkpt lat="44.368477" lon="6.882049">
        <ele>2593.2</ele>
        <time>2026-08-09T07:00:22Z</time>
      </trkpt>
      <trkpt lat="44.368492" lon="6.882043">
        <ele>2593.2</ele>
        <time>2026-08-09T07:00:29Z</time>
      </trkpt>
      <trkpt lat="44.368496" lon="6.882067">
        <ele>2593.4</ele>
        <time>2026-08-09T07:00:33Z</time>
      </trkpt>
      <trkpt lat="44.3685" lon="6.882077">
        <ele>2593.4</ele>
        <time>2026-08-09T07:00:34Z</time>
      </trkpt>
      <trkpt lat="44.368469" lon="6.882047">
        <ele>2593.2</ele>
        <time>2026-08-09T07:00:41Z</time>
      </trkpt>
      <trkpt lat="44.368468" lon="6.882024">
        <ele>2593.0</ele>
        <time>2026-08-09T07:00:49Z</time>
      </trkpt>
      <trkpt lat="44.36847" lon="6.882015">
        <ele>2593.0</ele>
        <time>2026-08-09T07:00:54Z</time>
      </trkpt>
      <trkpt lat="44.36847" lon="6.882015">
        <ele>2593.0</ele>
        <time>2026-08-09T07:00:56Z</time>
      </trkpt>
      <trkpt lat="44.36849" lon="6.882018">
        <ele>2593.2</ele>
        <time>2026-08-09T07:01:03Z</time>
      </trkpt>
      <trkpt lat="44.368495" lon="6.88199">
        <ele>2593.2</ele>
        <time>2026-08-09T07:01:11Z</time>
      </trkpt>
      <trkpt lat="44.36848" lon="6.88197">
        <ele>2592.2</ele>
        <time>2026-08-09T07:01:17Z</time>
      </trkpt>
      <trkpt lat="44.368471" lon="6.881949">
        <ele>2591.4</ele>
        <time>2026-08-09T07:01:20Z</time>
      </trkpt>
      <trkpt lat="44.368468" lon="6.881941">
        <ele>2591.0</ele>
        <time>2026-08-09T07:01:22Z</time>
      </trkpt>
      <trkpt lat="44.368464" lon="6.881932">
        <ele>2589.8</ele>
        <time>2026-08-09T07:01:28Z</time>
      </trkpt>
      <trkpt lat="44.368465" lon="6.881924">
        <ele>2589.8</ele>
        <time>2026-08-09T07:01:29Z</time>
      </trkpt>
      <trkpt lat="44.368471" lon="6.881887">
        <ele>2588.8</ele>
        <time>2026-08-09T07:01:33Z</time>
      </trkpt>
      <trkpt lat="44.36847" lon="6.881839">
        <ele>2587.8</ele>
        <time>2026-08-09T07:01:37Z</time>
      </trkpt>
      <trkpt lat="44.368464" lon="6.881842">
        <ele>2587.6</ele>
        <time>2026-08-09T07:01:38Z</time>
      </trkpt>
      <trkpt lat="44.368464" lon="6.88183">
        <ele>2586.6</ele>
        <time>2026-08-09T07:01:44Z</time>
      </trkpt>
      <trkpt lat="44.368463" lon="6.881827">
        <ele>2586.4</ele>
        <time>2026-08-09T07:01:45Z</time>
      </trkpt>
      <trkpt lat="44.368445" lon="6.881784">
        <ele>2585.4</ele>
        <time>2026-08-09T07:01:51Z</time>
      </trkpt>
      <trkpt lat="44.368442" lon="6.88178">
        <ele>2585.4</ele>
        <time>2026-08-09T07:01:52Z</time>
      </trkpt>
      <trkpt lat="44.368438" lon="6.881761">
        <ele>2585.0</ele>
        <time>2026-08-09T07:01:56Z</time>
      </trkpt>
      <trkpt lat="44.368424" lon="6.881706">
        <ele>2584.4</ele>
        <time>2026-08-09T07:02:00Z</time>
      </trkpt>
      <trkpt lat="44.368411" lon="6.881664">
        <ele>2584.4</ele>
        <time>2026-08-09T07:02:06Z</time>
      </trkpt>
      <trkpt lat="44.368407" lon="6.881611">
        <ele>2584.4</ele>
        <time>2026-08-09T07:02:15Z</time>
      </trkpt>
      <trkpt lat="44.368371" lon="6.881552">
        <ele>2583.6</ele>
        <time>2026-08-09T07:02:23Z</time>
      </trkpt>
      <trkpt lat="44.368335" lon="6.881536">
        <ele>2583.4</ele>
        <time>2026-08-09T07:02:29Z</time>
      </trkpt>
      <trkpt lat="44.36832" lon="6.88153">
        <ele>2583.2</ele>
        <time>2026-08-09T07:02:33Z</time>
      </trkpt>
      <trkpt lat="44.368292" lon="6.881471">
        <ele>2582.2</ele>
        <time>2026-08-09T07:02:41Z</time>
      </trkpt>
      <trkpt lat="44.36826" lon="6.881419">
        <ele>2581.2</ele>
        <time>2026-08-09T07:02:45Z</time>
      </trkpt>
      <trkpt lat="44.368249" lon="6.881418">
        <ele>2580.6</ele>
        <time>2026-08-09T07:02:48Z</time>
      </trkpt>
      <trkpt lat="44.368248" lon="6.881441">
        <ele>2580.0</ele>
        <time>2026-08-09T07:02:53Z</time>
      </trkpt>
      <trkpt lat="44.36825" lon="6.881423">
        <ele>2579.6</ele>
        <time>2026-08-09T07:02:57Z</time>
      </trkpt>
      <trkpt lat="44.36824" lon="6.881402">
        <ele>2578.8</ele>
        <time>2026-08-09T07:03:00Z</time>
      </trkpt>
      <trkpt lat="44.368213" lon="6.881391">
        <ele>2578.0</ele>
        <time>2026-08-09T07:03:05Z</time>
      </trkpt>
      <trkpt lat="44.368191" lon="6.881383">
        <ele>2577.6</ele>
        <time>2026-08-09T07:03:08Z</time>
      </trkpt>
      <trkpt lat="44.368176" lon="6.881378">
        <ele>2577.4</ele>
        <time>2026-08-09T07:03:13Z</time>
      </trkpt>
      <trkpt lat="44.368171" lon="6.881381">
        <ele>2577.2</ele>
        <time>2026-08-09T07:03:17Z</time>
      </trkpt>
      <trkpt lat="44.368156" lon="6.881382">
        <ele>2576.4</ele>
        <time>2026-08-09T07:03:20Z</time>
      </trkpt>
      <trkpt lat="44.368144" lon="6.881382">
        <ele>2576.2</ele>
        <time>2026-08-09T07:03:21Z</time>
      </trkpt>
      <trkpt lat="44.368127" lon="6.881383">
        <ele>2575.4</ele>
        <time>2026-08-09T07:03:25Z</time>
      </trkpt>
      <trkpt lat="44.368122" lon="6.881357">
        <ele>2574.6</ele>
        <time>2026-08-09T07:03:29Z</time>
      </trkpt>
      <trkpt lat="44.368123" lon="6.881352">
        <ele>2574.4</ele>
        <time>2026-08-09T07:03:30Z</time>
      </trkpt>
      <trkpt lat="44.368104" lon="6.881304">
        <ele>2573.6</ele>
        <time>2026-08-09T07:03:37Z</time>
      </trkpt>
      <trkpt lat="44.368098" lon="6.881301">
        <ele>2573.4</ele>
        <time>2026-08-09T07:03:38Z</time>
      </trkpt>
      <trkpt lat="44.368092" lon="6.881304">
        <ele>2572.2</ele>
        <time>2026-08-09T07:03:42Z</time>
      </trkpt>
      <trkpt lat="44.368087" lon="6.881305">
        <ele>2571.6</ele>
        <time>2026-08-09T07:03:45Z</time>
      </trkpt>
      <trkpt lat="44.368086" lon="6.881306">
        <ele>2571.2</ele>
        <time>2026-08-09T07:03:47Z</time>
      </trkpt>
      <trkpt lat="44.368073" lon="6.881304">
        <ele>2570.8</ele>
        <time>2026-08-09T07:03:53Z</time>
      </trkpt>
      <trkpt lat="44.368055" lon="6.881285">
        <ele>2570.2</ele>
        <time>2026-08-09T07:03:58Z</time>
      </trkpt>
      <trkpt lat="44.368048" lon="6.881266">
        <ele>2569.4</ele>
        <time>2026-08-09T07:04:01Z</time>
      </trkpt>
      <trkpt lat="44.368046" lon="6.881255">
        <ele>2569.0</ele>
        <time>2026-08-09T07:04:03Z</time>
      </trkpt>
      <trkpt lat="44.368039" lon="6.88124">
        <ele>2568.0</ele>
        <time>2026-08-09T07:04:07Z</time>
      </trkpt>
      <trkpt lat="44.368039" lon="6.881236">
        <ele>2567.6</ele>
        <time>2026-08-09T07:04:08Z</time>
      </trkpt>
      <trkpt lat="44.368036" lon="6.881233">
        <ele>2566.8</ele>
        <time>2026-08-09T07:04:11Z</time>
      </trkpt>
      <trkpt lat="44.368038" lon="6.881218">
        <ele>2566.4</ele>
        <time>2026-08-09T07:04:14Z</time>
      </trkpt>
      <trkpt lat="44.368043" lon="6.881227">
        <ele>2565.8</ele>
        <time>2026-08-09T07:04:18Z</time>
      </trkpt>
      <trkpt lat="44.368047" lon="6.881213">
        <ele>2565.4</ele>
        <time>2026-08-09T07:04:21Z</time>
      </trkpt>
      <trkpt lat="44.368048" lon="6.881189">
        <ele>2564.6</ele>
        <time>2026-08-09T07:04:24Z</time>
      </trkpt>
      <trkpt lat="44.368047" lon="6.881169">
        <ele>2564.0</ele>
        <time>2026-08-09T07:04:26Z</time>
      </trkpt>
      <trkpt lat="44.368044" lon="6.881153">
        <ele>2563.4</ele>
        <time>2026-08-09T07:04:28Z</time>
      </trkpt>
      <trkpt lat="44.368041" lon="6.881138">
        <ele>2562.4</ele>
        <time>2026-08-09T07:04:32Z</time>
      </trkpt>
      <trkpt lat="44.368039" lon="6.881124">
        <ele>2561.8</ele>
        <time>2026-08-09T07:04:35Z</time>
      </trkpt>
      <trkpt lat="44.368033" lon="6.881101">
        <ele>2561.2</ele>
        <time>2026-08-09T07:04:38Z</time>
      </trkpt>
      <trkpt lat="44.36805" lon="6.881083">
        <ele>2560.2</ele>
        <time>2026-08-09T07:04:44Z</time>
      </trkpt>
      <trkpt lat="44.368054" lon="6.881084">
        <ele>2560.0</ele>
        <time>2026-08-09T07:04:45Z</time>
      </trkpt>
      <trkpt lat="44.368074" lon="6.881046">
        <ele>2558.8</ele>
        <time>2026-08-09T07:04:49Z</time>
      </trkpt>
      <trkpt lat="44.368073" lon="6.881033">
        <ele>2558.2</ele>
        <time>2026-08-09T07:04:51Z</time>
      </trkpt>
      <trkpt lat="44.368066" lon="6.880997">
        <ele>2557.8</ele>
        <time>2026-08-09T07:04:55Z</time>
      </trkpt>
      <trkpt lat="44.368051" lon="6.880994">
        <ele>2557.0</ele>
        <time>2026-08-09T07:05:00Z</time>
      </trkpt>
      <trkpt lat="44.36802" lon="6.881004">
        <ele>2556.8</ele>
        <time>2026-08-09T07:05:07Z</time>
      </trkpt>
      <trkpt lat="44.368015" lon="6.880993">
        <ele>2556.8</ele>
        <time>2026-08-09T07:05:08Z</time>
      </trkpt>
      <trkpt lat="44.368022" lon="6.880894">
        <ele>2555.8</ele>
        <time>2026-08-09T07:05:14Z</time>
      </trkpt>
      <trkpt lat="44.368025" lon="6.880866">
        <ele>2555.6</ele>
        <time>2026-08-09T07:05:15Z</time>
      </trkpt>
      <trkpt lat="44.367998" lon="6.880773">
        <ele>2555.6</ele>
        <time>2026-08-09T07:05:21Z</time>
      </trkpt>
      <trkpt lat="44.36795" lon="6.880675">
        <ele>2555.4</ele>
        <time>2026-08-09T07:05:29Z</time>
      </trkpt>
      <trkpt lat="44.367919" lon="6.880554">
        <ele>2555.6</ele>
        <time>2026-08-09T07:05:38Z</time>
      </trkpt>
      <trkpt lat="44.36789" lon="6.880465">
        <ele>2555.8</ele>
        <time>2026-08-09T07:05:44Z</time>
      </trkpt>
      <trkpt lat="44.367882" lon="6.880384">
        <ele>2556.0</ele>
        <time>2026-08-09T07:05:48Z</time>
      </trkpt>
      <trkpt lat="44.367877" lon="6.880352">
        <ele>2556.0</ele>
        <time>2026-08-09T07:05:50Z</time>
      </trkpt>
      <trkpt lat="44.367862" lon="6.880303">
        <ele>2556.0</ele>
        <time>2026-08-09T07:05:53Z</time>
      </trkpt>
      <trkpt lat="44.367838" lon="6.88026">
        <ele>2555.8</ele>
        <time>2026-08-09T07:05:58Z</time>
      </trkpt>
      <trkpt lat="44.367834" lon="6.880206">
        <ele>2554.6</ele>
        <time>2026-08-09T07:06:03Z</time>
      </trkpt>
      <trkpt lat="44.367812" lon="6.880196">
        <ele>2553.8</ele>
        <time>2026-08-09T07:06:07Z</time>
      </trkpt>
      <trkpt lat="44.367795" lon="6.880198">
        <ele>2553.4</ele>
        <time>2026-08-09T07:06:09Z</time>
      </trkpt>
      <trkpt lat="44.367742" lon="6.880194">
        <ele>2552.4</ele>
        <time>2026-08-09T07:06:16Z</time>
      </trkpt>
      <trkpt lat="44.367746" lon="6.88016">
        <ele>2551.4</ele>
        <time>2026-08-09T07:06:21Z</time>
      </trkpt>
      <trkpt lat="44.367749" lon="6.880151">
        <ele>2551.2</ele>
        <time>2026-08-09T07:06:22Z</time>
      </trkpt>
      <trkpt lat="44.367744" lon="6.880128">
        <ele>2550.8</ele>
        <time>2026-08-09T07:06:24Z</time>
      </trkpt>
      <trkpt lat="44.367741" lon="6.880115">
        <ele>2550.2</ele>
        <time>2026-08-09T07:06:27Z</time>
      </trkpt>
      <trkpt lat="44.367729" lon="6.880068">
        <ele>2549.2</ele>
        <time>2026-08-09T07:06:32Z</time>
      </trkpt>
      <trkpt lat="44.367727" lon="6.880051">
        <ele>2548.8</ele>
        <time>2026-08-09T07:06:34Z</time>
      </trkpt>
      <trkpt lat="44.367718" lon="6.880027">
        <ele>2548.6</ele>
        <time>2026-08-09T07:06:37Z</time>
      </trkpt>
      <trkpt lat="44.367703" lon="6.880013">
        <ele>2548.0</ele>
        <time>2026-08-09T07:06:40Z</time>
      </trkpt>
      <trkpt lat="44.3677" lon="6.880008">
        <ele>2547.6</ele>
        <time>2026-08-09T07:06:41Z</time>
      </trkpt>
      <trkpt lat="44.367684" lon="6.879983">
        <ele>2546.8</ele>
        <time>2026-08-09T07:06:44Z</time>
      </trkpt>
      <trkpt lat="44.367684" lon="6.87997">
        <ele>2546.4</ele>
        <time>2026-08-09T07:06:45Z</time>
      </trkpt>
      <trkpt lat="44.367685" lon="6.879916">
        <ele>2545.8</ele>
        <time>2026-08-09T07:06:49Z</time>
      </trkpt>
      <trkpt lat="44.367682" lon="6.87989">
        <ele>2545.8</ele>
        <time>2026-08-09T07:06:51Z</time>
      </trkpt>
      <trkpt lat="44.367667" lon="6.87981">
        <ele>2545.2</ele>
        <time>2026-08-09T07:06:58Z</time>
      </trkpt>
      <trkpt lat="44.367669" lon="6.879805">
        <ele>2545.0</ele>
        <time>2026-08-09T07:07:06Z</time>
      </trkpt>
      <trkpt lat="44.367666" lon="6.879752">
        <ele>2544.6</ele>
        <time>2026-08-09T07:07:16Z</time>
      </trkpt>
      <trkpt lat="44.367638" lon="6.879645">
        <ele>2543.6</ele>
        <time>2026-08-09T07:07:22Z</time>
      </trkpt>
      <trkpt lat="44.367636" lon="6.879634">
        <ele>2543.4</ele>
        <time>2026-08-09T07:07:23Z</time>
      </trkpt>
      <trkpt lat="44.367619" lon="6.87958">
        <ele>2542.8</ele>
        <time>2026-08-09T07:07:28Z</time>
      </trkpt>
      <trkpt lat="44.367565" lon="6.879532">
        <ele>2542.4</ele>
        <time>2026-08-09T07:07:36Z</time>
      </trkpt>
      <trkpt lat="44.367558" lon="6.879527">
        <ele>2542.2</ele>
        <time>2026-08-09T07:07:37Z</time>
      </trkpt>
      <trkpt lat="44.367539" lon="6.879533">
        <ele>2541.2</ele>
        <time>2026-08-09T07:07:42Z</time>
      </trkpt>
      <trkpt lat="44.367533" lon="6.879526">
        <ele>2541.0</ele>
        <time>2026-08-09T07:07:44Z</time>
      </trkpt>
      <trkpt lat="44.367531" lon="6.879495">
        <ele>2540.2</ele>
        <time>2026-08-09T07:07:47Z</time>
      </trkpt>
      <trkpt lat="44.36752" lon="6.87946">
        <ele>2539.0</ele>
        <time>2026-08-09T07:07:51Z</time>
      </trkpt>
      <trkpt lat="44.367513" lon="6.879448">
        <ele>2538.0</ele>
        <time>2026-08-09T07:07:57Z</time>
      </trkpt>
      <trkpt lat="44.367505" lon="6.879453">
        <ele>2538.0</ele>
        <time>2026-08-09T07:07:59Z</time>
      </trkpt>
      <trkpt lat="44.367508" lon="6.879466">
        <ele>2537.4</ele>
        <time>2026-08-09T07:08:08Z</time>
      </trkpt>
      <trkpt lat="44.367495" lon="6.879466">
        <ele>2537.4</ele>
        <time>2026-08-09T07:08:16Z</time>
      </trkpt>
      <trkpt lat="44.367484" lon="6.879509">
        <ele>2538.2</ele>
        <time>2026-08-09T07:08:24Z</time>
      </trkpt>
      <trkpt lat="44.367497" lon="6.879495">
        <ele>2538.6</ele>
        <time>2026-08-09T07:08:32Z</time>
      </trkpt>
      <trkpt lat="44.367479" lon="6.879524">
        <ele>2539.2</ele>
        <time>2026-08-09T07:08:37Z</time>
      </trkpt>
      <trkpt lat="44.367456" lon="6.879553">
        <ele>2539.8</ele>
        <time>2026-08-09T07:08:41Z</time>
      </trkpt>
      <trkpt lat="44.367447" lon="6.87956">
        <ele>2539.8</ele>
        <time>2026-08-09T07:08:43Z</time>
      </trkpt>
      <trkpt lat="44.367443" lon="6.879575">
        <ele>2540.2</ele>
        <time>2026-08-09T07:08:47Z</time>
      </trkpt>
      <trkpt lat="44.367438" lon="6.879581">
        <ele>2540.4</ele>
        <time>2026-08-09T07:08:48Z</time>
      </trkpt>
      <trkpt lat="44.367426" lon="6.879592">
        <ele>2540.8</ele>
        <time>2026-08-09T07:08:50Z</time>
      </trkpt>
      <trkpt lat="44.367404" lon="6.879605">
        <ele>2541.2</ele>
        <time>2026-08-09T07:08:54Z</time>
      </trkpt>
      <trkpt lat="44.367399" lon="6.879607">
        <ele>2541.4</ele>
        <time>2026-08-09T07:08:56Z</time>
      </trkpt>
      <trkpt lat="44.36739" lon="6.879611">
        <ele>2541.6</ele>
        <time>2026-08-09T07:08:57Z</time>
      </trkpt>
      <trkpt lat="44.367335" lon="6.879635">
        <ele>2542.2</ele>
        <time>2026-08-09T07:09:05Z</time>
      </trkpt>
      <trkpt lat="44.36733" lon="6.879643">
        <ele>2542.4</ele>
        <time>2026-08-09T07:09:07Z</time>
      </trkpt>
      <trkpt lat="44.367324" lon="6.879649">
        <ele>2542.6</ele>
        <time>2026-08-09T07:09:08Z</time>
      </trkpt>
      <trkpt lat="44.367318" lon="6.879665">
        <ele>2543.0</ele>
        <time>2026-08-09T07:09:11Z</time>
      </trkpt>
      <trkpt lat="44.367318" lon="6.879666">
        <ele>2543.2</ele>
        <time>2026-08-09T07:09:12Z</time>
      </trkpt>
      <trkpt lat="44.367307" lon="6.879675">
        <ele>2543.4</ele>
        <time>2026-08-09T07:09:15Z</time>
      </trkpt>
      <trkpt lat="44.367296" lon="6.879673">
        <ele>2543.6</ele>
        <time>2026-08-09T07:09:18Z</time>
      </trkpt>
      <trkpt lat="44.367291" lon="6.879671">
        <ele>2543.6</ele>
        <time>2026-08-09T07:09:19Z</time>
      </trkpt>
      <trkpt lat="44.367276" lon="6.879663">
        <ele>2543.8</ele>
        <time>2026-08-09T07:09:27Z</time>
      </trkpt>
      <trkpt lat="44.367255" lon="6.879652">
        <ele>2544.0</ele>
        <time>2026-08-09T07:09:39Z</time>
      </trkpt>
      <trkpt lat="44.36726" lon="6.879656">
        <ele>2544.0</ele>
        <time>2026-08-09T07:09:45Z</time>
      </trkpt>
      <trkpt lat="44.367263" lon="6.879659">
        <ele>2544.6</ele>
        <time>2026-08-09T07:09:49Z</time>
      </trkpt>
      <trkpt lat="44.367255" lon="6.879664">
        <ele>2544.6</ele>
        <time>2026-08-09T07:09:50Z</time>
      </trkpt>
      <trkpt lat="44.367195" lon="6.879692">
        <ele>2544.8</ele>
        <time>2026-08-09T07:09:58Z</time>
      </trkpt>
      <trkpt lat="44.367175" lon="6.879704">
        <ele>2545.0</ele>
        <time>2026-08-09T07:10:03Z</time>
      </trkpt>
      <trkpt lat="44.367154" lon="6.879713">
        <ele>2544.8</ele>
        <time>2026-08-09T07:10:06Z</time>
      </trkpt>
      <trkpt lat="44.367082" lon="6.879739">
        <ele>2544.4</ele>
        <time>2026-08-09T07:10:13Z</time>
      </trkpt>
      <trkpt lat="44.367069" lon="6.879747">
        <ele>2543.6</ele>
        <time>2026-08-09T07:10:19Z</time>
      </trkpt>
      <trkpt lat="44.367066" lon="6.879754">
        <ele>2543.4</ele>
        <time>2026-08-09T07:10:21Z</time>
      </trkpt>
      <trkpt lat="44.366989" lon="6.879776">
        <ele>2542.4</ele>
        <time>2026-08-09T07:10:26Z</time>
      </trkpt>
      <trkpt lat="44.366974" lon="6.879779">
        <ele>2542.4</ele>
        <time>2026-08-09T07:10:28Z</time>
      </trkpt>
      <trkpt lat="44.36696" lon="6.879808">
        <ele>2542.2</ele>
        <time>2026-08-09T07:10:33Z</time>
      </trkpt>
      <trkpt lat="44.36696" lon="6.879827">
        <ele>2542.0</ele>
        <time>2026-08-09T07:10:35Z</time>
      </trkpt>
      <trkpt lat="44.366932" lon="6.879829">
        <ele>2541.8</ele>
        <time>2026-08-09T07:10:41Z</time>
      </trkpt>
      <trkpt lat="44.366873" lon="6.87984">
        <ele>2541.4</ele>
        <time>2026-08-09T07:10:45Z</time>
      </trkpt>
      <trkpt lat="44.366864" lon="6.879843">
        <ele>2541.2</ele>
        <time>2026-08-09T07:10:46Z</time>
      </trkpt>
      <trkpt lat="44.366855" lon="6.879859">
        <ele>2540.4</ele>
        <time>2026-08-09T07:10:50Z</time>
      </trkpt>
      <trkpt lat="44.366847" lon="6.879878">
        <ele>2539.8</ele>
        <time>2026-08-09T07:10:53Z</time>
      </trkpt>
      <trkpt lat="44.366826" lon="6.879896">
        <ele>2539.2</ele>
        <time>2026-08-09T07:10:56Z</time>
      </trkpt>
      <trkpt lat="44.366799" lon="6.879907">
        <ele>2538.8</ele>
        <time>2026-08-09T07:11:00Z</time>
      </trkpt>
      <trkpt lat="44.366773" lon="6.879921">
        <ele>2538.4</ele>
        <time>2026-08-09T07:11:03Z</time>
      </trkpt>
      <trkpt lat="44.36677" lon="6.87992">
        <ele>2538.2</ele>
        <time>2026-08-09T07:11:04Z</time>
      </trkpt>
      <trkpt lat="44.366768" lon="6.879919">
        <ele>2538.0</ele>
        <time>2026-08-09T07:11:05Z</time>
      </trkpt>
      <trkpt lat="44.36676" lon="6.879926">
        <ele>2537.4</ele>
        <time>2026-08-09T07:11:07Z</time>
      </trkpt>
      <trkpt lat="44.366751" lon="6.879932">
        <ele>2537.2</ele>
        <time>2026-08-09T07:11:09Z</time>
      </trkpt>
      <trkpt lat="44.366742" lon="6.879938">
        <ele>2537.2</ele>
        <time>2026-08-09T07:11:11Z</time>
      </trkpt>
      <trkpt lat="44.366716" lon="6.879964">
        <ele>2537.6</ele>
        <time>2026-08-09T07:11:16Z</time>
      </trkpt>
      <trkpt lat="44.366698" lon="6.879962">
        <ele>2538.2</ele>
        <time>2026-08-09T07:11:26Z</time>
      </trkpt>
      <trkpt lat="44.366647" lon="6.879979">
        <ele>2537.6</ele>
        <time>2026-08-09T07:11:31Z</time>
      </trkpt>
      <trkpt lat="44.36663" lon="6.879985">
        <ele>2537.0</ele>
        <time>2026-08-09T07:11:37Z</time>
      </trkpt>
      <trkpt lat="44.366614" lon="6.879998">
        <ele>2536.4</ele>
        <time>2026-08-09T07:11:41Z</time>
      </trkpt>
      <trkpt lat="44.366611" lon="6.879997">
        <ele>2536.0</ele>
        <time>2026-08-09T07:11:43Z</time>
      </trkpt>
      <trkpt lat="44.366578" lon="6.880015">
        <ele>2535.8</ele>
        <time>2026-08-09T07:11:49Z</time>
      </trkpt>
      <trkpt lat="44.366562" lon="6.880019">
        <ele>2535.0</ele>
        <time>2026-08-09T07:11:55Z</time>
      </trkpt>
      <trkpt lat="44.366543" lon="6.88003">
        <ele>2534.4</ele>
        <time>2026-08-09T07:11:57Z</time>
      </trkpt>
      <trkpt lat="44.366479" lon="6.880058">
        <ele>2534.2</ele>
        <time>2026-08-09T07:12:05Z</time>
      </trkpt>
      <trkpt lat="44.366475" lon="6.880056">
        <ele>2533.8</ele>
        <time>2026-08-09T07:12:09Z</time>
      </trkpt>
      <trkpt lat="44.366459" lon="6.880061">
        <ele>2533.4</ele>
        <time>2026-08-09T07:12:13Z</time>
      </trkpt>
      <trkpt lat="44.366452" lon="6.880068">
        <ele>2533.2</ele>
        <time>2026-08-09T07:12:15Z</time>
      </trkpt>
      <trkpt lat="44.366469" lon="6.880062">
        <ele>2533.0</ele>
        <time>2026-08-09T07:12:22Z</time>
      </trkpt>
      <trkpt lat="44.36645" lon="6.880075">
        <ele>2533.0</ele>
        <time>2026-08-09T07:12:25Z</time>
      </trkpt>
      <trkpt lat="44.366408" lon="6.880069">
        <ele>2533.4</ele>
        <time>2026-08-09T07:12:31Z</time>
      </trkpt>
      <trkpt lat="44.366394" lon="6.880055">
        <ele>2533.0</ele>
        <time>2026-08-09T07:12:39Z</time>
      </trkpt>
      <trkpt lat="44.366402" lon="6.880052">
        <ele>2532.8</ele>
        <time>2026-08-09T07:12:41Z</time>
      </trkpt>
      <trkpt lat="44.366402" lon="6.880057">
        <ele>2532.0</ele>
        <time>2026-08-09T07:12:45Z</time>
      </trkpt>
      <trkpt lat="44.366402" lon="6.880057">
        <ele>2531.6</ele>
        <time>2026-08-09T07:12:47Z</time>
      </trkpt>
      <trkpt lat="44.366422" lon="6.88003">
        <ele>2530.6</ele>
        <time>2026-08-09T07:12:54Z</time>
      </trkpt>
      <trkpt lat="44.366415" lon="6.880028">
        <ele>2530.0</ele>
        <time>2026-08-09T07:12:56Z</time>
      </trkpt>
      <trkpt lat="44.3664" lon="6.880028">
        <ele>2529.4</ele>
        <time>2026-08-09T07:13:00Z</time>
      </trkpt>
      <trkpt lat="44.366374" lon="6.880026">
        <ele>2529.0</ele>
        <time>2026-08-09T07:13:04Z</time>
      </trkpt>
      <trkpt lat="44.36636" lon="6.880034">
        <ele>2528.4</ele>
        <time>2026-08-09T07:13:09Z</time>
      </trkpt>
      <trkpt lat="44.366359" lon="6.880031">
        <ele>2528.2</ele>
        <time>2026-08-09T07:13:13Z</time>
      </trkpt>
      <trkpt lat="44.366398" lon="6.880025">
        <ele>2527.4</ele>
        <time>2026-08-09T07:13:20Z</time>
      </trkpt>
      <trkpt lat="44.366396" lon="6.880029">
        <ele>2527.4</ele>
        <time>2026-08-09T07:13:22Z</time>
      </trkpt>
      <trkpt lat="44.366339" lon="6.880047">
        <ele>2527.2</ele>
        <time>2026-08-09T07:13:29Z</time>
      </trkpt>
      <trkpt lat="44.366316" lon="6.880061">
        <ele>2526.4</ele>
        <time>2026-08-09T07:13:34Z</time>
      </trkpt>
      <trkpt lat="44.366312" lon="6.88006">
        <ele>2526.2</ele>
        <time>2026-08-09T07:13:35Z</time>
      </trkpt>
      <trkpt lat="44.366312" lon="6.880032">
        <ele>2525.2</ele>
        <time>2026-08-09T07:13:42Z</time>
      </trkpt>
      <trkpt lat="44.366317" lon="6.880025">
        <ele>2525.0</ele>
        <time>2026-08-09T07:13:43Z</time>
      </trkpt>
      <trkpt lat="44.366322" lon="6.88002">
        <ele>2524.2</ele>
        <time>2026-08-09T07:13:46Z</time>
      </trkpt>
      <trkpt lat="44.366347" lon="6.879998">
        <ele>2523.4</ele>
        <time>2026-08-09T07:13:50Z</time>
      </trkpt>
      <trkpt lat="44.366356" lon="6.879986">
        <ele>2523.0</ele>
        <time>2026-08-09T07:13:52Z</time>
      </trkpt>
      <trkpt lat="44.366367" lon="6.879975">
        <ele>2522.0</ele>
        <time>2026-08-09T07:13:56Z</time>
      </trkpt>
      <trkpt lat="44.366371" lon="6.879968">
        <ele>2521.8</ele>
        <time>2026-08-09T07:13:57Z</time>
      </trkpt>
      <trkpt lat="44.366379" lon="6.879956">
        <ele>2521.0</ele>
        <time>2026-08-09T07:14:00Z</time>
      </trkpt>
      <trkpt lat="44.366383" lon="6.87996">
        <ele>2520.6</ele>
        <time>2026-08-09T07:14:02Z</time>
      </trkpt>
      <trkpt lat="44.366388" lon="6.879953">
        <ele>2519.8</ele>
        <time>2026-08-09T07:14:05Z</time>
      </trkpt>
      <trkpt lat="44.366393" lon="6.879944">
        <ele>2519.2</ele>
        <time>2026-08-09T07:14:08Z</time>
      </trkpt>
      <trkpt lat="44.366392" lon="6.879933">
        <ele>2518.8</ele>
        <time>2026-08-09T07:14:10Z</time>
      </trkpt>
      <trkpt lat="44.366402" lon="6.879939">
        <ele>2518.2</ele>
        <time>2026-08-09T07:14:16Z</time>
      </trkpt>
      <trkpt lat="44.366413" lon="6.87993">
        <ele>2517.6</ele>
        <time>2026-08-09T07:14:19Z</time>
      </trkpt>
      <trkpt lat="44.366412" lon="6.879934">
        <ele>2516.8</ele>
        <time>2026-08-09T07:14:23Z</time>
      </trkpt>
      <trkpt lat="44.366426" lon="6.879924">
        <ele>2516.6</ele>
        <time>2026-08-09T07:14:25Z</time>
      </trkpt>
      <trkpt lat="44.366443" lon="6.879912">
        <ele>2516.0</ele>
        <time>2026-08-09T07:14:28Z</time>
      </trkpt>
      <trkpt lat="44.366451" lon="6.879903">
        <ele>2515.6</ele>
        <time>2026-08-09T07:14:30Z</time>
      </trkpt>
      <trkpt lat="44.366464" lon="6.879889">
        <ele>2514.4</ele>
        <time>2026-08-09T07:14:34Z</time>
      </trkpt>
      <trkpt lat="44.366476" lon="6.879876">
        <ele>2514.0</ele>
        <time>2026-08-09T07:14:36Z</time>
      </trkpt>
      <trkpt lat="44.366501" lon="6.879856">
        <ele>2513.4</ele>
        <time>2026-08-09T07:14:39Z</time>
      </trkpt>
      <trkpt lat="44.366506" lon="6.879857">
        <ele>2512.6</ele>
        <time>2026-08-09T07:14:42Z</time>
      </trkpt>
      <trkpt lat="44.36651" lon="6.879856">
        <ele>2512.2</ele>
        <time>2026-08-09T07:14:44Z</time>
      </trkpt>
      <trkpt lat="44.366515" lon="6.879853">
        <ele>2511.6</ele>
        <time>2026-08-09T07:14:48Z</time>
      </trkpt>
      <trkpt lat="44.366518" lon="6.879849">
        <ele>2511.2</ele>
        <time>2026-08-09T07:14:50Z</time>
      </trkpt>
      <trkpt lat="44.3665" lon="6.879823">
        <ele>2510.2</ele>
        <time>2026-08-09T07:14:54Z</time>
      </trkpt>
      <trkpt lat="44.366496" lon="6.879821">
        <ele>2510.0</ele>
        <time>2026-08-09T07:14:55Z</time>
      </trkpt>
      <trkpt lat="44.36649" lon="6.879789">
        <ele>2509.4</ele>
        <time>2026-08-09T07:15:02Z</time>
      </trkpt>
      <trkpt lat="44.366485" lon="6.879792">
        <ele>2509.4</ele>
        <time>2026-08-09T07:15:04Z</time>
      </trkpt>
      <trkpt lat="44.366444" lon="6.879808">
        <ele>2509.0</ele>
        <time>2026-08-09T07:15:10Z</time>
      </trkpt>
      <trkpt lat="44.36645" lon="6.879807">
        <ele>2508.8</ele>
        <time>2026-08-09T07:15:12Z</time>
      </trkpt>
      <trkpt lat="44.366452" lon="6.879797">
        <ele>2508.8</ele>
        <time>2026-08-09T07:15:15Z</time>
      </trkpt>
      <trkpt lat="44.366462" lon="6.879724">
        <ele>2508.2</ele>
        <time>2026-08-09T07:15:21Z</time>
      </trkpt>
      <trkpt lat="44.366464" lon="6.879715">
        <ele>2508.2</ele>
        <time>2026-08-09T07:15:22Z</time>
      </trkpt>
      <trkpt lat="44.366471" lon="6.879725">
        <ele>2508.0</ele>
        <time>2026-08-09T07:15:25Z</time>
      </trkpt>
      <trkpt lat="44.366476" lon="6.879743">
        <ele>2507.6</ele>
        <time>2026-08-09T07:15:28Z</time>
      </trkpt>
      <trkpt lat="44.366481" lon="6.879743">
        <ele>2506.8</ele>
        <time>2026-08-09T07:15:32Z</time>
      </trkpt>
      <trkpt lat="44.366473" lon="6.879737">
        <ele>2506.2</ele>
        <time>2026-08-09T07:15:35Z</time>
      </trkpt>
      <trkpt lat="44.366464" lon="6.879726">
        <ele>2505.8</ele>
        <time>2026-08-09T07:15:37Z</time>
      </trkpt>
      <trkpt lat="44.366462" lon="6.87973">
        <ele>2504.8</ele>
        <time>2026-08-09T07:15:43Z</time>
      </trkpt>
      <trkpt lat="44.366463" lon="6.879732">
        <ele>2504.4</ele>
        <time>2026-08-09T07:15:44Z</time>
      </trkpt>
      <trkpt lat="44.366467" lon="6.879714">
        <ele>2503.6</ele>
        <time>2026-08-09T07:15:48Z</time>
      </trkpt>
      <trkpt lat="44.366434" lon="6.879656">
        <ele>2502.6</ele>
        <time>2026-08-09T07:15:52Z</time>
      </trkpt>
      <trkpt lat="44.366429" lon="6.879652">
        <ele>2502.4</ele>
        <time>2026-08-09T07:15:53Z</time>
      </trkpt>
      <trkpt lat="44.36643" lon="6.879621">
        <ele>2501.8</ele>
        <time>2026-08-09T07:15:59Z</time>
      </trkpt>
      <trkpt lat="44.366439" lon="6.879612">
        <ele>2501.4</ele>
        <time>2026-08-09T07:16:01Z</time>
      </trkpt>
      <trkpt lat="44.366422" lon="6.879601">
        <ele>2501.0</ele>
        <time>2026-08-09T07:16:07Z</time>
      </trkpt>
      <trkpt lat="44.366387" lon="6.879596">
        <ele>2500.4</ele>
        <time>2026-08-09T07:16:11Z</time>
      </trkpt>
      <trkpt lat="44.366379" lon="6.879588">
        <ele>2500.0</ele>
        <time>2026-08-09T07:16:16Z</time>
      </trkpt>
      <trkpt lat="44.366392" lon="6.879575">
        <ele>2499.4</ele>
        <time>2026-08-09T07:16:22Z</time>
      </trkpt>
      <trkpt lat="44.366389" lon="6.879566">
        <ele>2499.0</ele>
        <time>2026-08-09T07:16:24Z</time>
      </trkpt>
      <trkpt lat="44.366384" lon="6.879556">
        <ele>2498.2</ele>
        <time>2026-08-09T07:16:27Z</time>
      </trkpt>
      <trkpt lat="44.366372" lon="6.87952">
        <ele>2497.4</ele>
        <time>2026-08-09T07:16:32Z</time>
      </trkpt>
      <trkpt lat="44.366366" lon="6.879509">
        <ele>2497.2</ele>
        <time>2026-08-09T07:16:34Z</time>
      </trkpt>
      <trkpt lat="44.366343" lon="6.879492">
        <ele>2496.2</ele>
        <time>2026-08-09T07:16:39Z</time>
      </trkpt>
      <trkpt lat="44.366339" lon="6.879492">
        <ele>2496.0</ele>
        <time>2026-08-09T07:16:40Z</time>
      </trkpt>
      <trkpt lat="44.366311" lon="6.879462">
        <ele>2494.8</ele>
        <time>2026-08-09T07:16:47Z</time>
      </trkpt>
      <trkpt lat="44.366323" lon="6.879439">
        <ele>2493.6</ele>
        <time>2026-08-09T07:16:52Z</time>
      </trkpt>
      <trkpt lat="44.366323" lon="6.879433">
        <ele>2493.0</ele>
        <time>2026-08-09T07:16:54Z</time>
      </trkpt>
      <trkpt lat="44.366311" lon="6.879411">
        <ele>2492.6</ele>
        <time>2026-08-09T07:16:56Z</time>
      </trkpt>
      <trkpt lat="44.366301" lon="6.879412">
        <ele>2491.4</ele>
        <time>2026-08-09T07:17:00Z</time>
      </trkpt>
      <trkpt lat="44.366302" lon="6.879408">
        <ele>2491.2</ele>
        <time>2026-08-09T07:17:01Z</time>
      </trkpt>
      <trkpt lat="44.36632" lon="6.879402">
        <ele>2490.4</ele>
        <time>2026-08-09T07:17:07Z</time>
      </trkpt>
      <trkpt lat="44.366321" lon="6.8794">
        <ele>2490.2</ele>
        <time>2026-08-09T07:17:08Z</time>
      </trkpt>
      <trkpt lat="44.36632" lon="6.879374">
        <ele>2489.4</ele>
        <time>2026-08-09T07:17:11Z</time>
      </trkpt>
      <trkpt lat="44.366315" lon="6.879366">
        <ele>2488.4</ele>
        <time>2026-08-09T07:17:14Z</time>
      </trkpt>
      <trkpt lat="44.366317" lon="6.879357">
        <ele>2488.2</ele>
        <time>2026-08-09T07:17:15Z</time>
      </trkpt>
      <trkpt lat="44.366334" lon="6.879344">
        <ele>2487.2</ele>
        <time>2026-08-09T07:17:20Z</time>
      </trkpt>
      <trkpt lat="44.366336" lon="6.879338">
        <ele>2486.8</ele>
        <time>2026-08-09T07:17:21Z</time>
      </trkpt>
      <trkpt lat="44.366333" lon="6.879323">
        <ele>2486.0</ele>
        <time>2026-08-09T07:17:25Z</time>
      </trkpt>
      <trkpt lat="44.366336" lon="6.879287">
        <ele>2485.8</ele>
        <time>2026-08-09T07:17:27Z</time>
      </trkpt>
      <trkpt lat="44.366335" lon="6.879285">
        <ele>2485.6</ele>
        <time>2026-08-09T07:17:28Z</time>
      </trkpt>
      <trkpt lat="44.366335" lon="6.879266">
        <ele>2485.0</ele>
        <time>2026-08-09T07:17:30Z</time>
      </trkpt>
      <trkpt lat="44.366337" lon="6.879268">
        <ele>2484.0</ele>
        <time>2026-08-09T07:17:35Z</time>
      </trkpt>
      <trkpt lat="44.366335" lon="6.879265">
        <ele>2484.0</ele>
        <time>2026-08-09T07:17:36Z</time>
      </trkpt>
      <trkpt lat="44.366325" lon="6.879257">
        <ele>2482.8</ele>
        <time>2026-08-09T07:17:41Z</time>
      </trkpt>
      <trkpt lat="44.366324" lon="6.879262">
        <ele>2482.6</ele>
        <time>2026-08-09T07:17:42Z</time>
      </trkpt>
      <trkpt lat="44.366325" lon="6.879244">
        <ele>2481.4</ele>
        <time>2026-08-09T07:17:45Z</time>
      </trkpt>
      <trkpt lat="44.366345" lon="6.879212">
        <ele>2480.2</ele>
        <time>2026-08-09T07:17:49Z</time>
      </trkpt>
      <trkpt lat="44.366357" lon="6.879202">
        <ele>2479.0</ele>
        <time>2026-08-09T07:17:53Z</time>
      </trkpt>
      <trkpt lat="44.366351" lon="6.879214">
        <ele>2478.8</ele>
        <time>2026-08-09T07:17:55Z</time>
      </trkpt>
      <trkpt lat="44.366342" lon="6.879217">
        <ele>2478.0</ele>
        <time>2026-08-09T07:18:00Z</time>
      </trkpt>
      <trkpt lat="44.366347" lon="6.879206">
        <ele>2477.6</ele>
        <time>2026-08-09T07:18:02Z</time>
      </trkpt>
      <trkpt lat="44.36636" lon="6.879174">
        <ele>2477.0</ele>
        <time>2026-08-09T07:18:07Z</time>
      </trkpt>
      <trkpt lat="44.366358" lon="6.879149">
        <ele>2476.6</ele>
        <time>2026-08-09T07:18:10Z</time>
      </trkpt>
      <trkpt lat="44.366339" lon="6.879093">
        <ele>2476.0</ele>
        <time>2026-08-09T07:18:16Z</time>
      </trkpt>
      <trkpt lat="44.366338" lon="6.879087">
        <ele>2475.8</ele>
        <time>2026-08-09T07:18:17Z</time>
      </trkpt>
      <trkpt lat="44.366314" lon="6.879082">
        <ele>2474.6</ele>
        <time>2026-08-09T07:18:22Z</time>
      </trkpt>
      <trkpt lat="44.366305" lon="6.879084">
        <ele>2474.4</ele>
        <time>2026-08-09T07:18:23Z</time>
      </trkpt>
      <trkpt lat="44.366273" lon="6.879082">
        <ele>2473.8</ele>
        <time>2026-08-09T07:18:31Z</time>
      </trkpt>
      <trkpt lat="44.366255" lon="6.879074">
        <ele>2473.6</ele>
        <time>2026-08-09T07:18:34Z</time>
      </trkpt>
      <trkpt lat="44.366232" lon="6.879063">
        <ele>2472.8</ele>
        <time>2026-08-09T07:18:38Z</time>
      </trkpt>
      <trkpt lat="44.36623" lon="6.879061">
        <ele>2472.6</ele>
        <time>2026-08-09T07:18:39Z</time>
      </trkpt>
      <trkpt lat="44.366202" lon="6.879042">
        <ele>2471.6</ele>
        <time>2026-08-09T07:18:44Z</time>
      </trkpt>
      <trkpt lat="44.366194" lon="6.879032">
        <ele>2471.2</ele>
        <time>2026-08-09T07:18:45Z</time>
      </trkpt>
      <trkpt lat="44.366172" lon="6.878995">
        <ele>2470.4</ele>
        <time>2026-08-09T07:18:48Z</time>
      </trkpt>
      <trkpt lat="44.366158" lon="6.87897">
        <ele>2469.4</ele>
        <time>2026-08-09T07:18:52Z</time>
      </trkpt>
      <trkpt lat="44.366154" lon="6.878961">
        <ele>2468.2</ele>
        <time>2026-08-09T07:18:59Z</time>
      </trkpt>
      <trkpt lat="44.366155" lon="6.878949">
        <ele>2467.0</ele>
        <time>2026-08-09T07:19:04Z</time>
      </trkpt>
      <trkpt lat="44.366158" lon="6.878947">
        <ele>2466.8</ele>
        <time>2026-08-09T07:19:05Z</time>
      </trkpt>
      <trkpt lat="44.366163" lon="6.878909">
        <ele>2465.8</ele>
        <time>2026-08-09T07:19:08Z</time>
      </trkpt>
      <trkpt lat="44.366148" lon="6.878874">
        <ele>2464.8</ele>
        <time>2026-08-09T07:19:13Z</time>
      </trkpt>
      <trkpt lat="44.366142" lon="6.87887">
        <ele>2464.6</ele>
        <time>2026-08-09T07:19:14Z</time>
      </trkpt>
      <trkpt lat="44.366124" lon="6.878871">
        <ele>2463.4</ele>
        <time>2026-08-09T07:19:19Z</time>
      </trkpt>
      <trkpt lat="44.366117" lon="6.878865">
        <ele>2462.6</ele>
        <time>2026-08-09T07:19:22Z</time>
      </trkpt>
      <trkpt lat="44.366112" lon="6.87886">
        <ele>2462.2</ele>
        <time>2026-08-09T07:19:23Z</time>
      </trkpt>
      <trkpt lat="44.366083" lon="6.878829">
        <ele>2461.2</ele>
        <time>2026-08-09T07:19:27Z</time>
      </trkpt>
      <trkpt lat="44.366046" lon="6.878813">
        <ele>2460.2</ele>
        <time>2026-08-09T07:19:30Z</time>
      </trkpt>
      <trkpt lat="44.366038" lon="6.878812">
        <ele>2459.8</ele>
        <time>2026-08-09T07:19:31Z</time>
      </trkpt>
      <trkpt lat="44.366018" lon="6.878783">
        <ele>2458.8</ele>
        <time>2026-08-09T07:19:36Z</time>
      </trkpt>
      <trkpt lat="44.366015" lon="6.878774">
        <ele>2458.6</ele>
        <time>2026-08-09T07:19:37Z</time>
      </trkpt>
      <trkpt lat="44.365999" lon="6.878693">
        <ele>2457.8</ele>
        <time>2026-08-09T07:19:42Z</time>
      </trkpt>
      <trkpt lat="44.365993" lon="6.878687">
        <ele>2457.6</ele>
        <time>2026-08-09T07:19:43Z</time>
      </trkpt>
      <trkpt lat="44.365987" lon="6.878631">
        <ele>2457.2</ele>
        <time>2026-08-09T07:19:49Z</time>
      </trkpt>
      <trkpt lat="44.365985" lon="6.878627">
        <ele>2457.2</ele>
        <time>2026-08-09T07:19:50Z</time>
      </trkpt>
      <trkpt lat="44.365946" lon="6.87868">
        <ele>2457.4</ele>
        <time>2026-08-09T07:19:54Z</time>
      </trkpt>
      <trkpt lat="44.36592" lon="6.878703">
        <ele>2457.6</ele>
        <time>2026-08-09T07:19:57Z</time>
      </trkpt>
      <trkpt lat="44.365926" lon="6.878708">
        <ele>2457.8</ele>
        <time>2026-08-09T07:20:01Z</time>
      </trkpt>
      <trkpt lat="44.365931" lon="6.878722">
        <ele>2458.0</ele>
        <time>2026-08-09T07:20:04Z</time>
      </trkpt>
      <trkpt lat="44.365888" lon="6.878703">
        <ele>2457.4</ele>
        <time>2026-08-09T07:20:12Z</time>
      </trkpt>
      <trkpt lat="44.365908" lon="6.878729">
        <ele>2458.0</ele>
        <time>2026-08-09T07:20:20Z</time>
      </trkpt>
      <trkpt lat="44.365941" lon="6.878732">
        <ele>2458.2</ele>
        <time>2026-08-09T07:20:28Z</time>
      </trkpt>
      <trkpt lat="44.365949" lon="6.878726">
        <ele>2458.4</ele>
        <time>2026-08-09T07:20:30Z</time>
      </trkpt>
      <trkpt lat="44.365938" lon="6.878728">
        <ele>2458.2</ele>
        <time>2026-08-09T07:20:33Z</time>
      </trkpt>
      <trkpt lat="44.365917" lon="6.878727">
        <ele>2458.4</ele>
        <time>2026-08-09T07:20:36Z</time>
      </trkpt>
      <trkpt lat="44.365915" lon="6.878728">
        <ele>2458.2</ele>
        <time>2026-08-09T07:20:40Z</time>
      </trkpt>
      <trkpt lat="44.365913" lon="6.878728">
        <ele>2458.2</ele>
        <time>2026-08-09T07:20:41Z</time>
      </trkpt>
      <trkpt lat="44.365939" lon="6.878708">
        <ele>2458.8</ele>
        <time>2026-08-09T07:20:49Z</time>
      </trkpt>
      <trkpt lat="44.365916" lon="6.878697">
        <ele>2459.2</ele>
        <time>2026-08-09T07:20:58Z</time>
      </trkpt>
      <trkpt lat="44.365941" lon="6.878717">
        <ele>2459.2</ele>
        <time>2026-08-09T07:21:04Z</time>
      </trkpt>
      <trkpt lat="44.365904" lon="6.878723">
        <ele>2459.4</ele>
        <time>2026-08-09T07:21:10Z</time>
      </trkpt>
      <trkpt lat="44.365955" lon="6.878708">
        <ele>2459.4</ele>
        <time>2026-08-09T07:21:14Z</time>
      </trkpt>
      <trkpt lat="44.365968" lon="6.878703">
        <ele>2459.6</ele>
        <time>2026-08-09T07:21:16Z</time>
      </trkpt>
      <trkpt lat="44.365983" lon="6.878685">
        <ele>2459.8</ele>
        <time>2026-08-09T07:21:22Z</time>
      </trkpt>
      <trkpt lat="44.365984" lon="6.878682">
        <ele>2459.8</ele>
        <time>2026-08-09T07:21:23Z</time>
      </trkpt>
      <trkpt lat="44.365987" lon="6.878676">
        <ele>2460.2</ele>
        <time>2026-08-09T07:21:31Z</time>
      </trkpt>
      <trkpt lat="44.365978" lon="6.878686">
        <ele>2460.2</ele>
        <time>2026-08-09T07:21:33Z</time>
      </trkpt>
      <trkpt lat="44.365977" lon="6.878686">
        <ele>2460.2</ele>
        <time>2026-08-09T07:21:35Z</time>
      </trkpt>
      <trkpt lat="44.365966" lon="6.878711">
        <ele>2460.2</ele>
        <time>2026-08-09T07:21:38Z</time>
      </trkpt>
      <trkpt lat="44.365953" lon="6.878724">
        <ele>2460.2</ele>
        <time>2026-08-09T07:21:40Z</time>
      </trkpt>
      <trkpt lat="44.365952" lon="6.878716">
        <ele>2461.0</ele>
        <time>2026-08-09T07:21:47Z</time>
      </trkpt>
      <trkpt lat="44.365967" lon="6.878695">
        <ele>2460.8</ele>
        <time>2026-08-09T07:21:54Z</time>
      </trkpt>
      <trkpt lat="44.365954" lon="6.878687">
        <ele>2460.8</ele>
        <time>2026-08-09T07:21:58Z</time>
      </trkpt>
      <trkpt lat="44.365936" lon="6.878704">
        <ele>2460.2</ele>
        <time>2026-08-09T07:22:02Z</time>
      </trkpt>
      <trkpt lat="44.365925" lon="6.878743">
        <ele>2460.6</ele>
        <time>2026-08-09T07:22:10Z</time>
      </trkpt>
      <trkpt lat="44.365937" lon="6.878688">
        <ele>2461.0</ele>
        <time>2026-08-09T07:22:18Z</time>
      </trkpt>
      <trkpt lat="44.365937" lon="6.878691">
        <ele>2460.8</ele>
        <time>2026-08-09T07:22:25Z</time>
      </trkpt>
      <trkpt lat="44.36594" lon="6.878705">
        <ele>2460.8</ele>
        <time>2026-08-09T07:22:29Z</time>
      </trkpt>
      <trkpt lat="44.365995" lon="6.878703">
        <ele>2461.0</ele>
        <time>2026-08-09T07:22:32Z</time>
      </trkpt>
      <trkpt lat="44.36594" lon="6.878707">
        <ele>2460.8</ele>
        <time>2026-08-09T07:22:39Z</time>
      </trkpt>
      <trkpt lat="44.365891" lon="6.878719">
        <ele>2460.4</ele>
        <time>2026-08-09T07:22:45Z</time>
      </trkpt>
      <trkpt lat="44.365897" lon="6.878711">
        <ele>2460.4</ele>
        <time>2026-08-09T07:22:50Z</time>
      </trkpt>
      <trkpt lat="44.365907" lon="6.87871">
        <ele>2460.4</ele>
        <time>2026-08-09T07:22:52Z</time>
      </trkpt>
      <trkpt lat="44.365947" lon="6.878718">
        <ele>2460.2</ele>
        <time>2026-08-09T07:22:59Z</time>
      </trkpt>
      <trkpt lat="44.365904" lon="6.878717">
        <ele>2460.2</ele>
        <time>2026-08-09T07:23:08Z</time>
      </trkpt>
      <trkpt lat="44.365905" lon="6.87871">
        <ele>2460.2</ele>
        <time>2026-08-09T07:23:10Z</time>
      </trkpt>
      <trkpt lat="44.365951" lon="6.8787">
        <ele>2460.8</ele>
        <time>2026-08-09T07:23:18Z</time>
      </trkpt>
      <trkpt lat="44.365961" lon="6.878703">
        <ele>2460.8</ele>
        <time>2026-08-09T07:23:19Z</time>
      </trkpt>
      <trkpt lat="44.365989" lon="6.878686">
        <ele>2461.0</ele>
        <time>2026-08-09T07:23:25Z</time>
      </trkpt>
      <trkpt lat="44.36596" lon="6.878664">
        <ele>2461.2</ele>
        <time>2026-08-09T07:23:30Z</time>
      </trkpt>
      <trkpt lat="44.365952" lon="6.878663">
        <ele>2461.2</ele>
        <time>2026-08-09T07:23:31Z</time>
      </trkpt>
      <trkpt lat="44.365929" lon="6.878675">
        <ele>2461.2</ele>
        <time>2026-08-09T07:23:34Z</time>
      </trkpt>
      <trkpt lat="44.365896" lon="6.87869">
        <ele>2461.4</ele>
        <time>2026-08-09T07:23:40Z</time>
      </trkpt>
      <trkpt lat="44.365899" lon="6.878689">
        <ele>2461.4</ele>
        <time>2026-08-09T07:23:42Z</time>
      </trkpt>
      <trkpt lat="44.36592" lon="6.878696">
        <ele>2461.6</ele>
        <time>2026-08-09T07:23:50Z</time>
      </trkpt>
      <trkpt lat="44.365947" lon="6.878695">
        <ele>2461.4</ele>
        <time>2026-08-09T07:24:01Z</time>
      </trkpt>
      <trkpt lat="44.36594" lon="6.878695">
        <ele>2461.4</ele>
        <time>2026-08-09T07:24:08Z</time>
      </trkpt>
      <trkpt lat="44.365963" lon="6.878679">
        <ele>2461.2</ele>
        <time>2026-08-09T07:24:18Z</time>
      </trkpt>
      <trkpt lat="44.365953" lon="6.878668">
        <ele>2461.2</ele>
        <time>2026-08-09T07:24:26Z</time>
      </trkpt>
      <trkpt lat="44.365959" lon="6.878666">
        <ele>2461.2</ele>
        <time>2026-08-09T07:24:30Z</time>
      </trkpt>
      <trkpt lat="44.365963" lon="6.878673">
        <ele>2461.2</ele>
        <time>2026-08-09T07:24:33Z</time>
      </trkpt>
      <trkpt lat="44.365966" lon="6.878677">
        <ele>2461.2</ele>
        <time>2026-08-09T07:24:36Z</time>
      </trkpt>
      <trkpt lat="44.365959" lon="6.878675">
        <ele>2461.0</ele>
        <time>2026-08-09T07:24:45Z</time>
      </trkpt>
      <trkpt lat="44.365929" lon="6.878667">
        <ele>2461.0</ele>
        <time>2026-08-09T07:24:53Z</time>
      </trkpt>
      <trkpt lat="44.365943" lon="6.878676">
        <ele>2461.0</ele>
        <time>2026-08-09T07:24:56Z</time>
      </trkpt>
      <trkpt lat="44.365987" lon="6.878694">
        <ele>2461.0</ele>
        <time>2026-08-09T07:25:00Z</time>
      </trkpt>
      <trkpt lat="44.365888" lon="6.878705">
        <ele>2461.6</ele>
        <time>2026-08-09T07:25:06Z</time>
      </trkpt>
      <trkpt lat="44.365913" lon="6.878701">
        <ele>2461.6</ele>
        <time>2026-08-09T07:25:13Z</time>
      </trkpt>
      <trkpt lat="44.365942" lon="6.878704">
        <ele>2461.6</ele>
        <time>2026-08-09T07:25:15Z</time>
      </trkpt>
      <trkpt lat="44.365901" lon="6.878701">
        <ele>2461.4</ele>
        <time>2026-08-09T07:25:24Z</time>
      </trkpt>
      <trkpt lat="44.365926" lon="6.878697">
        <ele>2461.4</ele>
        <time>2026-08-09T07:25:32Z</time>
      </trkpt>
      <trkpt lat="44.365909" lon="6.878694">
        <ele>2461.4</ele>
        <time>2026-08-09T07:25:40Z</time>
      </trkpt>
      <trkpt lat="44.365907" lon="6.878689">
        <ele>2461.4</ele>
        <time>2026-08-09T07:25:41Z</time>
      </trkpt>
      <trkpt lat="44.365907" lon="6.878706">
        <ele>2461.4</ele>
        <time>2026-08-09T07:25:51Z</time>
      </trkpt>
      <trkpt lat="44.365953" lon="6.878736">
        <ele>2461.4</ele>
        <time>2026-08-09T07:25:58Z</time>
      </trkpt>
      <trkpt lat="44.365939" lon="6.878743">
        <ele>2461.4</ele>
        <time>2026-08-09T07:26:01Z</time>
      </trkpt>
      <trkpt lat="44.365924" lon="6.878735">
        <ele>2461.4</ele>
        <time>2026-08-09T07:26:06Z</time>
      </trkpt>
      <trkpt lat="44.365921" lon="6.878714">
        <ele>2461.4</ele>
        <time>2026-08-09T07:26:12Z</time>
      </trkpt>
      <trkpt lat="44.365942" lon="6.878701">
        <ele>2461.6</ele>
        <time>2026-08-09T07:26:19Z</time>
      </trkpt>
      <trkpt lat="44.365956" lon="6.878696">
        <ele>2462.0</ele>
        <time>2026-08-09T07:26:25Z</time>
      </trkpt>
      <trkpt lat="44.365957" lon="6.878687">
        <ele>2462.2</ele>
        <time>2026-08-09T07:26:27Z</time>
      </trkpt>
      <trkpt lat="44.365956" lon="6.878666">
        <ele>2462.0</ele>
        <time>2026-08-09T07:26:35Z</time>
      </trkpt>
      <trkpt lat="44.365937" lon="6.878679">
        <ele>2462.0</ele>
        <time>2026-08-09T07:26:44Z</time>
      </trkpt>
      <trkpt lat="44.365926" lon="6.87868">
        <ele>2462.8</ele>
        <time>2026-08-09T07:26:52Z</time>
      </trkpt>
      <trkpt lat="44.365961" lon="6.878721">
        <ele>2462.6</ele>
        <time>2026-08-09T07:26:59Z</time>
      </trkpt>
      <trkpt lat="44.365928" lon="6.878713">
        <ele>2462.8</ele>
        <time>2026-08-09T07:27:05Z</time>
      </trkpt>
      <trkpt lat="44.365947" lon="6.878724">
        <ele>2463.0</ele>
        <time>2026-08-09T07:27:08Z</time>
      </trkpt>
      <trkpt lat="44.365941" lon="6.878738">
        <ele>2463.4</ele>
        <time>2026-08-09T07:27:12Z</time>
      </trkpt>
      <trkpt lat="44.365955" lon="6.878695">
        <ele>2463.2</ele>
        <time>2026-08-09T07:27:19Z</time>
      </trkpt>
      <trkpt lat="44.365963" lon="6.878685">
        <ele>2463.0</ele>
        <time>2026-08-09T07:27:25Z</time>
      </trkpt>
      <trkpt lat="44.365948" lon="6.878703">
        <ele>2463.0</ele>
        <time>2026-08-09T07:27:31Z</time>
      </trkpt>
      <trkpt lat="44.365945" lon="6.878685">
        <ele>2462.8</ele>
        <time>2026-08-09T07:27:36Z</time>
      </trkpt>
      <trkpt lat="44.365903" lon="6.878696">
        <ele>2462.0</ele>
        <time>2026-08-09T07:27:41Z</time>
      </trkpt>
      <trkpt lat="44.365879" lon="6.87873">
        <ele>2461.8</ele>
        <time>2026-08-09T07:27:44Z</time>
      </trkpt>
      <trkpt lat="44.365883" lon="6.878756">
        <ele>2461.8</ele>
        <time>2026-08-09T07:27:47Z</time>
      </trkpt>
      <trkpt lat="44.365907" lon="6.878779">
        <ele>2461.6</ele>
        <time>2026-08-09T07:27:50Z</time>
      </trkpt>
      <trkpt lat="44.365876" lon="6.878822">
        <ele>2461.6</ele>
        <time>2026-08-09T07:27:58Z</time>
      </trkpt>
      <trkpt lat="44.36586" lon="6.878762">
        <ele>2461.2</ele>
        <time>2026-08-09T07:28:09Z</time>
      </trkpt>
      <trkpt lat="44.36588" lon="6.87874">
        <ele>2461.2</ele>
        <time>2026-08-09T07:28:11Z</time>
      </trkpt>
      <trkpt lat="44.365898" lon="6.878728">
        <ele>2461.2</ele>
        <time>2026-08-09T07:28:13Z</time>
      </trkpt>
      <trkpt lat="44.365919" lon="6.878718">
        <ele>2461.2</ele>
        <time>2026-08-09T07:28:14Z</time>
      </trkpt>
      <trkpt lat="44.365937" lon="6.878715">
        <ele>2461.2</ele>
        <time>2026-08-09T07:28:16Z</time>
      </trkpt>
      <trkpt lat="44.365922" lon="6.878724">
        <ele>2461.2</ele>
        <time>2026-08-09T07:28:24Z</time>
      </trkpt>
      <trkpt lat="44.365921" lon="6.878716">
        <ele>2461.0</ele>
        <time>2026-08-09T07:28:27Z</time>
      </trkpt>
      <trkpt lat="44.365937" lon="6.878693">
        <ele>2461.2</ele>
        <time>2026-08-09T07:28:30Z</time>
      </trkpt>
      <trkpt lat="44.365918" lon="6.878691">
        <ele>2461.2</ele>
        <time>2026-08-09T07:28:36Z</time>
      </trkpt>
      <trkpt lat="44.365907" lon="6.878679">
        <ele>2461.2</ele>
        <time>2026-08-09T07:28:42Z</time>
      </trkpt>
      <trkpt lat="44.365932" lon="6.878694">
        <ele>2461.4</ele>
        <time>2026-08-09T07:28:51Z</time>
      </trkpt>
      <trkpt lat="44.365914" lon="6.878691">
        <ele>2461.6</ele>
        <time>2026-08-09T07:28:59Z</time>
      </trkpt>
      <trkpt lat="44.365939" lon="6.878694">
        <ele>2461.4</ele>
        <time>2026-08-09T07:29:07Z</time>
      </trkpt>
      <trkpt lat="44.365964" lon="6.878699">
        <ele>2461.6</ele>
        <time>2026-08-09T07:29:14Z</time>
      </trkpt>
      <trkpt lat="44.365962" lon="6.878709">
        <ele>2461.6</ele>
        <time>2026-08-09T07:29:22Z</time>
      </trkpt>
      <trkpt lat="44.365958" lon="6.878684">
        <ele>2461.4</ele>
        <time>2026-08-09T07:29:28Z</time>
      </trkpt>
      <trkpt lat="44.365958" lon="6.878675">
        <ele>2461.4</ele>
        <time>2026-08-09T07:29:31Z</time>
      </trkpt>
      <trkpt lat="44.36595" lon="6.878663">
        <ele>2461.4</ele>
        <time>2026-08-09T07:29:36Z</time>
      </trkpt>
      <trkpt lat="44.365953" lon="6.878646">
        <ele>2461.4</ele>
        <time>2026-08-09T07:29:39Z</time>
      </trkpt>
      <trkpt lat="44.365965" lon="6.878638">
        <ele>2461.4</ele>
        <time>2026-08-09T07:29:43Z</time>
      </trkpt>
      <trkpt lat="44.365968" lon="6.878636">
        <ele>2461.4</ele>
        <time>2026-08-09T07:29:44Z</time>
      </trkpt>
      <trkpt lat="44.365972" lon="6.878645">
        <ele>2461.4</ele>
        <time>2026-08-09T07:29:46Z</time>
      </trkpt>
      <trkpt lat="44.365969" lon="6.878652">
        <ele>2461.2</ele>
        <time>2026-08-09T07:29:47Z</time>
      </trkpt>
      <trkpt lat="44.365957" lon="6.878679">
        <ele>2461.2</ele>
        <time>2026-08-09T07:29:54Z</time>
      </trkpt>
      <trkpt lat="44.365976" lon="6.878667">
        <ele>2461.0</ele>
        <time>2026-08-09T07:30:02Z</time>
      </trkpt>
      <trkpt lat="44.365974" lon="6.878685">
        <ele>2461.0</ele>
        <time>2026-08-09T07:30:08Z</time>
      </trkpt>
      <trkpt lat="44.365964" lon="6.878691">
        <ele>2460.8</ele>
        <time>2026-08-09T07:30:13Z</time>
      </trkpt>
      <trkpt lat="44.365961" lon="6.87869">
        <ele>2460.6</ele>
        <time>2026-08-09T07:30:15Z</time>
      </trkpt>
      <trkpt lat="44.365933" lon="6.878708">
        <ele>2460.8</ele>
        <time>2026-08-09T07:30:23Z</time>
      </trkpt>
      <trkpt lat="44.365981" lon="6.878727">
        <ele>2461.2</ele>
        <time>2026-08-09T07:30:32Z</time>
      </trkpt>
      <trkpt lat="44.36599" lon="6.878728">
        <ele>2461.2</ele>
        <time>2026-08-09T07:30:34Z</time>
      </trkpt>
      <trkpt lat="44.365986" lon="6.878728">
        <ele>2461.2</ele>
        <time>2026-08-09T07:30:36Z</time>
      </trkpt>
      <trkpt lat="44.365953" lon="6.878724">
        <ele>2461.4</ele>
        <time>2026-08-09T07:30:40Z</time>
      </trkpt>
      <trkpt lat="44.365951" lon="6.878686">
        <ele>2461.0</ele>
        <time>2026-08-09T07:30:47Z</time>
      </trkpt>
      <trkpt lat="44.365952" lon="6.878704">
        <ele>2461.4</ele>
        <time>2026-08-09T07:30:55Z</time>
      </trkpt>
      <trkpt lat="44.365963" lon="6.878669">
        <ele>2460.6</ele>
        <time>2026-08-09T07:31:02Z</time>
      </trkpt>
      <trkpt lat="44.365963" lon="6.878637">
        <ele>2459.8</ele>
        <time>2026-08-09T07:31:05Z</time>
      </trkpt>
      <trkpt lat="44.365964" lon="6.8786">
        <ele>2458.8</ele>
        <time>2026-08-09T07:31:09Z</time>
      </trkpt>
      <trkpt lat="44.365967" lon="6.878584">
        <ele>2458.6</ele>
        <time>2026-08-09T07:31:10Z</time>
      </trkpt>
      <trkpt lat="44.365989" lon="6.87853">
        <ele>2457.6</ele>
        <time>2026-08-09T07:31:14Z</time>
      </trkpt>
      <trkpt lat="44.365992" lon="6.878518">
        <ele>2457.6</ele>
        <time>2026-08-09T07:31:15Z</time>
      </trkpt>
      <trkpt lat="44.365987" lon="6.878447">
        <ele>2456.6</ele>
        <time>2026-08-09T07:31:21Z</time>
      </trkpt>
      <trkpt lat="44.365971" lon="6.87843">
        <ele>2455.4</ele>
        <time>2026-08-09T07:31:24Z</time>
      </trkpt>
      <trkpt lat="44.365961" lon="6.878372">
        <ele>2454.4</ele>
        <time>2026-08-09T07:31:28Z</time>
      </trkpt>
      <trkpt lat="44.365964" lon="6.878322">
        <ele>2453.4</ele>
        <time>2026-08-09T07:31:32Z</time>
      </trkpt>
      <trkpt lat="44.36596" lon="6.878302">
        <ele>2453.2</ele>
        <time>2026-08-09T07:31:33Z</time>
      </trkpt>
      <trkpt lat="44.36595" lon="6.878213">
        <ele>2452.6</ele>
        <time>2026-08-09T07:31:41Z</time>
      </trkpt>
      <trkpt lat="44.365952" lon="6.878169">
        <ele>2452.0</ele>
        <time>2026-08-09T07:31:45Z</time>
      </trkpt>
      <trkpt lat="44.365956" lon="6.878177">
        <ele>2451.8</ele>
        <time>2026-08-09T07:31:48Z</time>
      </trkpt>
      <trkpt lat="44.365944" lon="6.878164">
        <ele>2452.4</ele>
        <time>2026-08-09T07:31:56Z</time>
      </trkpt>
      <trkpt lat="44.365955" lon="6.878155">
        <ele>2452.2</ele>
        <time>2026-08-09T07:32:02Z</time>
      </trkpt>
      <trkpt lat="44.365955" lon="6.878155">
        <ele>2452.0</ele>
        <time>2026-08-09T07:32:03Z</time>
      </trkpt>
      <trkpt lat="44.365958" lon="6.878155">
        <ele>2452.0</ele>
        <time>2026-08-09T07:32:08Z</time>
      </trkpt>
      <trkpt lat="44.36596" lon="6.878142">
        <ele>2451.6</ele>
        <time>2026-08-09T07:32:13Z</time>
      </trkpt>
      <trkpt lat="44.365944" lon="6.878077">
        <ele>2451.0</ele>
        <time>2026-08-09T07:32:21Z</time>
      </trkpt>
      <trkpt lat="44.36594" lon="6.878059">
        <ele>2451.0</ele>
        <time>2026-08-09T07:32:22Z</time>
      </trkpt>
      <trkpt lat="44.365914" lon="6.878081">
        <ele>2450.8</ele>
        <time>2026-08-09T07:32:29Z</time>
      </trkpt>
      <trkpt lat="44.365923" lon="6.878021">
        <ele>2450.2</ele>
        <time>2026-08-09T07:32:36Z</time>
      </trkpt>
      <trkpt lat="44.365912" lon="6.877981">
        <ele>2450.0</ele>
        <time>2026-08-09T07:32:39Z</time>
      </trkpt>
      <trkpt lat="44.365906" lon="6.87797">
        <ele>2449.8</ele>
        <time>2026-08-09T07:32:40Z</time>
      </trkpt>
      <trkpt lat="44.365901" lon="6.877934">
        <ele>2449.6</ele>
        <time>2026-08-09T07:32:43Z</time>
      </trkpt>
      <trkpt lat="44.36591" lon="6.877887">
        <ele>2449.0</ele>
        <time>2026-08-09T07:32:48Z</time>
      </trkpt>
      <trkpt lat="44.365895" lon="6.877858">
        <ele>2448.0</ele>
        <time>2026-08-09T07:32:51Z</time>
      </trkpt>
      <trkpt lat="44.36589" lon="6.877848">
        <ele>2447.8</ele>
        <time>2026-08-09T07:32:52Z</time>
      </trkpt>
      <trkpt lat="44.365867" lon="6.877774">
        <ele>2446.6</ele>
        <time>2026-08-09T07:32:58Z</time>
      </trkpt>
      <trkpt lat="44.365868" lon="6.877737">
        <ele>2446.2</ele>
        <time>2026-08-09T07:33:00Z</time>
      </trkpt>
      <trkpt lat="44.365866" lon="6.877676">
        <ele>2445.6</ele>
        <time>2026-08-09T07:33:03Z</time>
      </trkpt>
      <trkpt lat="44.365853" lon="6.877624">
        <ele>2445.4</ele>
        <time>2026-08-09T07:33:07Z</time>
      </trkpt>
      <trkpt lat="44.365822" lon="6.877561">
        <ele>2444.6</ele>
        <time>2026-08-09T07:33:13Z</time>
      </trkpt>
      <trkpt lat="44.365825" lon="6.877544">
        <ele>2444.4</ele>
        <time>2026-08-09T07:33:15Z</time>
      </trkpt>
      <trkpt lat="44.365823" lon="6.877499">
        <ele>2443.2</ele>
        <time>2026-08-09T07:33:19Z</time>
      </trkpt>
      <trkpt lat="44.365812" lon="6.877479">
        <ele>2441.8</ele>
        <time>2026-08-09T07:33:22Z</time>
      </trkpt>
      <trkpt lat="44.3658" lon="6.877451">
        <ele>2441.0</ele>
        <time>2026-08-09T07:33:24Z</time>
      </trkpt>
      <trkpt lat="44.365786" lon="6.877425">
        <ele>2440.4</ele>
        <time>2026-08-09T07:33:26Z</time>
      </trkpt>
      <trkpt lat="44.365753" lon="6.87738">
        <ele>2439.4</ele>
        <time>2026-08-09T07:33:30Z</time>
      </trkpt>
      <trkpt lat="44.365736" lon="6.877346">
        <ele>2438.2</ele>
        <time>2026-08-09T07:33:34Z</time>
      </trkpt>
      <trkpt lat="44.365736" lon="6.877297">
        <ele>2437.0</ele>
        <time>2026-08-09T07:33:38Z</time>
      </trkpt>
      <trkpt lat="44.365721" lon="6.877219">
        <ele>2436.2</ele>
        <time>2026-08-09T07:33:42Z</time>
      </trkpt>
      <trkpt lat="44.365711" lon="6.877111">
        <ele>2437.0</ele>
        <time>2026-08-09T07:33:50Z</time>
      </trkpt>
      <trkpt lat="44.365674" lon="6.876942">
        <ele>2438.0</ele>
        <time>2026-08-09T07:33:58Z</time>
      </trkpt>
      <trkpt lat="44.365674" lon="6.876909">
        <ele>2438.2</ele>
        <time>2026-08-09T07:34:00Z</time>
      </trkpt>
      <trkpt lat="44.365688" lon="6.876837">
        <ele>2438.2</ele>
        <time>2026-08-09T07:34:05Z</time>
      </trkpt>
      <trkpt lat="44.365723" lon="6.876731">
        <ele>2438.4</ele>
        <time>2026-08-09T07:34:11Z</time>
      </trkpt>
      <trkpt lat="44.365746" lon="6.8767">
        <ele>2438.8</ele>
        <time>2026-08-09T07:34:15Z</time>
      </trkpt>
      <trkpt lat="44.365773" lon="6.876645">
        <ele>2439.2</ele>
        <time>2026-08-09T07:34:19Z</time>
      </trkpt>
      <trkpt lat="44.365769" lon="6.876627">
        <ele>2439.4</ele>
        <time>2026-08-09T07:34:21Z</time>
      </trkpt>
      <trkpt lat="44.365797" lon="6.876527">
        <ele>2440.2</ele>
        <time>2026-08-09T07:34:28Z</time>
      </trkpt>
      <trkpt lat="44.365804" lon="6.876515">
        <ele>2440.2</ele>
        <time>2026-08-09T07:34:29Z</time>
      </trkpt>
      <trkpt lat="44.365846" lon="6.876469">
        <ele>2440.8</ele>
        <time>2026-08-09T07:34:34Z</time>
      </trkpt>
      <trkpt lat="44.365856" lon="6.876389">
        <ele>2441.2</ele>
        <time>2026-08-09T07:34:41Z</time>
      </trkpt>
      <trkpt lat="44.36589" lon="6.876331">
        <ele>2441.2</ele>
        <time>2026-08-09T07:34:44Z</time>
      </trkpt>
      <trkpt lat="44.36594" lon="6.876239">
        <ele>2441.4</ele>
        <time>2026-08-09T07:34:48Z</time>
      </trkpt>
      <trkpt lat="44.365972" lon="6.876124">
        <ele>2441.6</ele>
        <time>2026-08-09T07:34:56Z</time>
      </trkpt>
      <trkpt lat="44.366052" lon="6.875986">
        <ele>2441.8</ele>
        <time>2026-08-09T07:35:04Z</time>
      </trkpt>
      <trkpt lat="44.366084" lon="6.875919">
        <ele>2442.2</ele>
        <time>2026-08-09T07:35:08Z</time>
      </trkpt>
      <trkpt lat="44.366116" lon="6.875826">
        <ele>2442.4</ele>
        <time>2026-08-09T07:35:13Z</time>
      </trkpt>
      <trkpt lat="44.366116" lon="6.875692">
        <ele>2442.8</ele>
        <time>2026-08-09T07:35:20Z</time>
      </trkpt>
      <trkpt lat="44.366111" lon="6.875642">
        <ele>2443.4</ele>
        <time>2026-08-09T07:35:23Z</time>
      </trkpt>
      <trkpt lat="44.366142" lon="6.875523">
        <ele>2444.0</ele>
        <time>2026-08-09T07:35:29Z</time>
      </trkpt>
      <trkpt lat="44.366184" lon="6.875442">
        <ele>2444.4</ele>
        <time>2026-08-09T07:35:34Z</time>
      </trkpt>
      <trkpt lat="44.366187" lon="6.875426">
        <ele>2444.4</ele>
        <time>2026-08-09T07:35:35Z</time>
      </trkpt>
      <trkpt lat="44.366187" lon="6.875286">
        <ele>2445.0</ele>
        <time>2026-08-09T07:35:43Z</time>
      </trkpt>
      <trkpt lat="44.36624" lon="6.875167">
        <ele>2445.4</ele>
        <time>2026-08-09T07:35:50Z</time>
      </trkpt>
      <trkpt lat="44.366256" lon="6.875108">
        <ele>2445.4</ele>
        <time>2026-08-09T07:35:57Z</time>
      </trkpt>
      <trkpt lat="44.366265" lon="6.875085">
        <ele>2445.6</ele>
        <time>2026-08-09T07:35:59Z</time>
      </trkpt>
      <trkpt lat="44.36628" lon="6.874991">
        <ele>2446.0</ele>
        <time>2026-08-09T07:36:05Z</time>
      </trkpt>
      <trkpt lat="44.366287" lon="6.875022">
        <ele>2446.0</ele>
        <time>2026-08-09T07:36:11Z</time>
      </trkpt>
      <trkpt lat="44.366328" lon="6.874986">
        <ele>2445.6</ele>
        <time>2026-08-09T07:36:18Z</time>
      </trkpt>
      <trkpt lat="44.366347" lon="6.874998">
        <ele>2445.6</ele>
        <time>2026-08-09T07:36:25Z</time>
      </trkpt>
      <trkpt lat="44.366344" lon="6.87497">
        <ele>2445.8</ele>
        <time>2026-08-09T07:36:30Z</time>
      </trkpt>
      <trkpt lat="44.36635" lon="6.874945">
        <ele>2445.8</ele>
        <time>2026-08-09T07:36:32Z</time>
      </trkpt>
      <trkpt lat="44.36639" lon="6.87485">
        <ele>2445.8</ele>
        <time>2026-08-09T07:36:38Z</time>
      </trkpt>
      <trkpt lat="44.366473" lon="6.874744">
        <ele>2445.8</ele>
        <time>2026-08-09T07:36:44Z</time>
      </trkpt>
      <trkpt lat="44.366501" lon="6.87469">
        <ele>2445.4</ele>
        <time>2026-08-09T07:36:52Z</time>
      </trkpt>
      <trkpt lat="44.366557" lon="6.874604">
        <ele>2444.6</ele>
        <time>2026-08-09T07:37:00Z</time>
      </trkpt>
      <trkpt lat="44.366574" lon="6.874541">
        <ele>2444.4</ele>
        <time>2026-08-09T07:37:09Z</time>
      </trkpt>
      <trkpt lat="44.36654" lon="6.874557">
        <ele>2444.6</ele>
        <time>2026-08-09T07:37:15Z</time>
      </trkpt>
      <trkpt lat="44.366541" lon="6.874553">
        <ele>2444.6</ele>
        <time>2026-08-09T07:37:16Z</time>
      </trkpt>
      <trkpt lat="44.366573" lon="6.874538">
        <ele>2444.6</ele>
        <time>2026-08-09T07:37:19Z</time>
      </trkpt>
      <trkpt lat="44.366617" lon="6.874523">
        <ele>2444.8</ele>
        <time>2026-08-09T07:37:22Z</time>
      </trkpt>
      <trkpt lat="44.366698" lon="6.874508">
        <ele>2444.8</ele>
        <time>2026-08-09T07:37:30Z</time>
      </trkpt>
      <trkpt lat="44.366725" lon="6.874409">
        <ele>2444.6</ele>
        <time>2026-08-09T07:37:37Z</time>
      </trkpt>
      <trkpt lat="44.366728" lon="6.8744">
        <ele>2444.6</ele>
        <time>2026-08-09T07:37:38Z</time>
      </trkpt>
      <trkpt lat="44.366735" lon="6.874366">
        <ele>2444.6</ele>
        <time>2026-08-09T07:37:42Z</time>
      </trkpt>
      <trkpt lat="44.366757" lon="6.87431">
        <ele>2444.4</ele>
        <time>2026-08-09T07:37:46Z</time>
      </trkpt>
      <trkpt lat="44.366771" lon="6.874286">
        <ele>2444.2</ele>
        <time>2026-08-09T07:37:49Z</time>
      </trkpt>
      <trkpt lat="44.366787" lon="6.874267">
        <ele>2444.2</ele>
        <time>2026-08-09T07:37:58Z</time>
      </trkpt>
      <trkpt lat="44.366759" lon="6.874293">
        <ele>2444.0</ele>
        <time>2026-08-09T07:38:05Z</time>
      </trkpt>
      <trkpt lat="44.366803" lon="6.874248">
        <ele>2443.4</ele>
        <time>2026-08-09T07:38:11Z</time>
      </trkpt>
      <trkpt lat="44.366799" lon="6.874239">
        <ele>2443.2</ele>
        <time>2026-08-09T07:38:13Z</time>
      </trkpt>
      <trkpt lat="44.366813" lon="6.8742">
        <ele>2443.2</ele>
        <time>2026-08-09T07:38:18Z</time>
      </trkpt>
      <trkpt lat="44.366824" lon="6.874201">
        <ele>2443.0</ele>
        <time>2026-08-09T07:38:24Z</time>
      </trkpt>
      <trkpt lat="44.366875" lon="6.87417">
        <ele>2443.0</ele>
        <time>2026-08-09T07:38:32Z</time>
      </trkpt>
      <trkpt lat="44.366929" lon="6.874083">
        <ele>2443.0</ele>
        <time>2026-08-09T07:38:39Z</time>
      </trkpt>
      <trkpt lat="44.366983" lon="6.874021">
        <ele>2443.0</ele>
        <time>2026-08-09T07:38:47Z</time>
      </trkpt>
      <trkpt lat="44.367033" lon="6.873986">
        <ele>2443.2</ele>
        <time>2026-08-09T07:38:53Z</time>
      </trkpt>
      <trkpt lat="44.367049" lon="6.873952">
        <ele>2443.0</ele>
        <time>2026-08-09T07:39:00Z</time>
      </trkpt>
      <trkpt lat="44.367046" lon="6.873947">
        <ele>2442.2</ele>
        <time>2026-08-09T07:39:05Z</time>
      </trkpt>
      <trkpt lat="44.367061" lon="6.873904">
        <ele>2441.2</ele>
        <time>2026-08-09T07:39:10Z</time>
      </trkpt>
      <trkpt lat="44.367161" lon="6.87381">
        <ele>2440.8</ele>
        <time>2026-08-09T07:39:18Z</time>
      </trkpt>
      <trkpt lat="44.367182" lon="6.87379">
        <ele>2440.8</ele>
        <time>2026-08-09T07:39:20Z</time>
      </trkpt>
      <trkpt lat="44.367214" lon="6.873682">
        <ele>2440.8</ele>
        <time>2026-08-09T07:39:27Z</time>
      </trkpt>
      <trkpt lat="44.367223" lon="6.873585">
        <ele>2441.0</ele>
        <time>2026-08-09T07:39:34Z</time>
      </trkpt>
      <trkpt lat="44.367322" lon="6.873469">
        <ele>2441.0</ele>
        <time>2026-08-09T07:39:41Z</time>
      </trkpt>
      <trkpt lat="44.36737" lon="6.873373">
        <ele>2440.6</ele>
        <time>2026-08-09T07:39:48Z</time>
      </trkpt>
      <trkpt lat="44.367388" lon="6.873308">
        <ele>2440.0</ele>
        <time>2026-08-09T07:39:52Z</time>
      </trkpt>
      <trkpt lat="44.367392" lon="6.873261">
        <ele>2439.4</ele>
        <time>2026-08-09T07:39:56Z</time>
      </trkpt>
      <trkpt lat="44.367401" lon="6.873198">
        <ele>2439.0</ele>
        <time>2026-08-09T07:40:00Z</time>
      </trkpt>
      <trkpt lat="44.367427" lon="6.873106">
        <ele>2438.6</ele>
        <time>2026-08-09T07:40:05Z</time>
      </trkpt>
      <trkpt lat="44.367458" lon="6.873058">
        <ele>2438.0</ele>
        <time>2026-08-09T07:40:12Z</time>
      </trkpt>
      <trkpt lat="44.367536" lon="6.872998">
        <ele>2437.8</ele>
        <time>2026-08-09T07:40:16Z</time>
      </trkpt>
      <trkpt lat="44.367564" lon="6.872976">
        <ele>2437.8</ele>
        <time>2026-08-09T07:40:18Z</time>
      </trkpt>
      <trkpt lat="44.367584" lon="6.872938">
        <ele>2437.2</ele>
        <time>2026-08-09T07:40:23Z</time>
      </trkpt>
      <trkpt lat="44.367599" lon="6.872908">
        <ele>2436.8</ele>
        <time>2026-08-09T07:40:25Z</time>
      </trkpt>
      <trkpt lat="44.367653" lon="6.872836">
        <ele>2436.0</ele>
        <time>2026-08-09T07:40:30Z</time>
      </trkpt>
      <trkpt lat="44.367662" lon="6.872836">
        <ele>2435.6</ele>
        <time>2026-08-09T07:40:32Z</time>
      </trkpt>
      <trkpt lat="44.367701" lon="6.872839">
        <ele>2435.6</ele>
        <time>2026-08-09T07:40:36Z</time>
      </trkpt>
      <trkpt lat="44.367818" lon="6.872816">
        <ele>2435.2</ele>
        <time>2026-08-09T07:40:42Z</time>
      </trkpt>
      <trkpt lat="44.367834" lon="6.872811">
        <ele>2435.2</ele>
        <time>2026-08-09T07:40:43Z</time>
      </trkpt>
      <trkpt lat="44.367937" lon="6.87276">
        <ele>2435.0</ele>
        <time>2026-08-09T07:40:50Z</time>
      </trkpt>
      <trkpt lat="44.367968" lon="6.872772">
        <ele>2434.6</ele>
        <time>2026-08-09T07:40:54Z</time>
      </trkpt>
      <trkpt lat="44.367995" lon="6.872776">
        <ele>2434.4</ele>
        <time>2026-08-09T07:40:56Z</time>
      </trkpt>
      <trkpt lat="44.368067" lon="6.872775">
        <ele>2433.6</ele>
        <time>2026-08-09T07:41:01Z</time>
      </trkpt>
      <trkpt lat="44.368147" lon="6.872747">
        <ele>2433.0</ele>
        <time>2026-08-09T07:41:07Z</time>
      </trkpt>
      <trkpt lat="44.368159" lon="6.872767">
        <ele>2432.6</ele>
        <time>2026-08-09T07:41:10Z</time>
      </trkpt>
      <trkpt lat="44.368186" lon="6.87279">
        <ele>2432.4</ele>
        <time>2026-08-09T07:41:14Z</time>
      </trkpt>
      <trkpt lat="44.368335" lon="6.872768">
        <ele>2432.6</ele>
        <time>2026-08-09T07:41:23Z</time>
      </trkpt>
      <trkpt lat="44.368388" lon="6.872737">
        <ele>2433.2</ele>
        <time>2026-08-09T07:41:30Z</time>
      </trkpt>
      <trkpt lat="44.368433" lon="6.872662">
        <ele>2432.6</ele>
        <time>2026-08-09T07:41:38Z</time>
      </trkpt>
      <trkpt lat="44.36848" lon="6.872615">
        <ele>2432.4</ele>
        <time>2026-08-09T07:41:44Z</time>
      </trkpt>
      <trkpt lat="44.368497" lon="6.872593">
        <ele>2432.6</ele>
        <time>2026-08-09T07:41:47Z</time>
      </trkpt>
      <trkpt lat="44.368553" lon="6.872578">
        <ele>2433.0</ele>
        <time>2026-08-09T07:41:54Z</time>
      </trkpt>
      <trkpt lat="44.368573" lon="6.872569">
        <ele>2433.6</ele>
        <time>2026-08-09T07:41:58Z</time>
      </trkpt>
      <trkpt lat="44.368629" lon="6.872537">
        <ele>2433.2</ele>
        <time>2026-08-09T07:42:02Z</time>
      </trkpt>
      <trkpt lat="44.368668" lon="6.87251">
        <ele>2433.6</ele>
        <time>2026-08-09T07:42:06Z</time>
      </trkpt>
      <trkpt lat="44.368687" lon="6.872493">
        <ele>2433.8</ele>
        <time>2026-08-09T07:42:09Z</time>
      </trkpt>
      <trkpt lat="44.368789" lon="6.872469">
        <ele>2434.2</ele>
        <time>2026-08-09T07:42:18Z</time>
      </trkpt>
      <trkpt lat="44.368817" lon="6.872457">
        <ele>2433.0</ele>
        <time>2026-08-09T07:42:26Z</time>
      </trkpt>
      <trkpt lat="44.36882" lon="6.872448">
        <ele>2432.4</ele>
        <time>2026-08-09T07:42:28Z</time>
      </trkpt>
      <trkpt lat="44.368857" lon="6.872428">
        <ele>2431.4</ele>
        <time>2026-08-09T07:42:33Z</time>
      </trkpt>
      <trkpt lat="44.368895" lon="6.872415">
        <ele>2430.2</ele>
        <time>2026-08-09T07:42:38Z</time>
      </trkpt>
      <trkpt lat="44.368925" lon="6.872404">
        <ele>2429.6</ele>
        <time>2026-08-09T07:42:40Z</time>
      </trkpt>
      <trkpt lat="44.368943" lon="6.872393">
        <ele>2429.2</ele>
        <time>2026-08-09T07:42:42Z</time>
      </trkpt>
      <trkpt lat="44.368944" lon="6.872363">
        <ele>2428.8</ele>
        <time>2026-08-09T07:42:46Z</time>
      </trkpt>
      <trkpt lat="44.369028" lon="6.872289">
        <ele>2429.0</ele>
        <time>2026-08-09T07:42:53Z</time>
      </trkpt>
      <trkpt lat="44.369124" lon="6.872246">
        <ele>2428.8</ele>
        <time>2026-08-09T07:43:01Z</time>
      </trkpt>
      <trkpt lat="44.369165" lon="6.872228">
        <ele>2428.0</ele>
        <time>2026-08-09T07:43:06Z</time>
      </trkpt>
      <trkpt lat="44.369173" lon="6.872224">
        <ele>2427.8</ele>
        <time>2026-08-09T07:43:09Z</time>
      </trkpt>
      <trkpt lat="44.369194" lon="6.872213">
        <ele>2427.0</ele>
        <time>2026-08-09T07:43:13Z</time>
      </trkpt>
      <trkpt lat="44.369199" lon="6.872201">
        <ele>2426.6</ele>
        <time>2026-08-09T07:43:15Z</time>
      </trkpt>
      <trkpt lat="44.369217" lon="6.872181">
        <ele>2425.8</ele>
        <time>2026-08-09T07:43:19Z</time>
      </trkpt>
      <trkpt lat="44.369232" lon="6.87219">
        <ele>2425.2</ele>
        <time>2026-08-09T07:43:21Z</time>
      </trkpt>
      <trkpt lat="44.369245" lon="6.872185">
        <ele>2424.8</ele>
        <time>2026-08-09T07:43:23Z</time>
      </trkpt>
      <trkpt lat="44.369253" lon="6.872182">
        <ele>2424.8</ele>
        <time>2026-08-09T07:43:24Z</time>
      </trkpt>
      <trkpt lat="44.369271" lon="6.872164">
        <ele>2424.2</ele>
        <time>2026-08-09T07:43:27Z</time>
      </trkpt>
      <trkpt lat="44.369283" lon="6.872125">
        <ele>2423.6</ele>
        <time>2026-08-09T07:43:30Z</time>
      </trkpt>
      <trkpt lat="44.369307" lon="6.872088">
        <ele>2422.8</ele>
        <time>2026-08-09T07:43:33Z</time>
      </trkpt>
      <trkpt lat="44.369317" lon="6.872075">
        <ele>2422.4</ele>
        <time>2026-08-09T07:43:35Z</time>
      </trkpt>
      <trkpt lat="44.369351" lon="6.872034">
        <ele>2421.2</ele>
        <time>2026-08-09T07:43:41Z</time>
      </trkpt>
      <trkpt lat="44.369353" lon="6.872032">
        <ele>2421.0</ele>
        <time>2026-08-09T07:43:42Z</time>
      </trkpt>
      <trkpt lat="44.369396" lon="6.872005">
        <ele>2420.2</ele>
        <time>2026-08-09T07:43:47Z</time>
      </trkpt>
      <trkpt lat="44.369404" lon="6.871999">
        <ele>2419.8</ele>
        <time>2026-08-09T07:43:49Z</time>
      </trkpt>
      <trkpt lat="44.369429" lon="6.871988">
        <ele>2419.0</ele>
        <time>2026-08-09T07:43:53Z</time>
      </trkpt>
      <trkpt lat="44.369456" lon="6.871969">
        <ele>2418.2</ele>
        <time>2026-08-09T07:43:57Z</time>
      </trkpt>
      <trkpt lat="44.369466" lon="6.871961">
        <ele>2418.0</ele>
        <time>2026-08-09T07:43:59Z</time>
      </trkpt>
      <trkpt lat="44.369487" lon="6.871915">
        <ele>2417.0</ele>
        <time>2026-08-09T07:44:04Z</time>
      </trkpt>
      <trkpt lat="44.369486" lon="6.871905">
        <ele>2416.8</ele>
        <time>2026-08-09T07:44:05Z</time>
      </trkpt>
      <trkpt lat="44.369512" lon="6.871772">
        <ele>2416.6</ele>
        <time>2026-08-09T07:44:14Z</time>
      </trkpt>
      <trkpt lat="44.369503" lon="6.871768">
        <ele>2416.8</ele>
        <time>2026-08-09T07:44:21Z</time>
      </trkpt>
      <trkpt lat="44.369503" lon="6.871782">
        <ele>2416.8</ele>
        <time>2026-08-09T07:44:24Z</time>
      </trkpt>
      <trkpt lat="44.369529" lon="6.871766">
        <ele>2417.0</ele>
        <time>2026-08-09T07:44:28Z</time>
      </trkpt>
      <trkpt lat="44.369589" lon="6.871723">
        <ele>2417.2</ele>
        <time>2026-08-09T07:44:37Z</time>
      </trkpt>
      <trkpt lat="44.369654" lon="6.87172">
        <ele>2417.6</ele>
        <time>2026-08-09T07:44:43Z</time>
      </trkpt>
      <trkpt lat="44.369664" lon="6.871705">
        <ele>2418.0</ele>
        <time>2026-08-09T07:44:46Z</time>
      </trkpt>
      <trkpt lat="44.369664" lon="6.871681">
        <ele>2419.0</ele>
        <time>2026-08-09T07:44:50Z</time>
      </trkpt>
      <trkpt lat="44.369671" lon="6.87167">
        <ele>2419.2</ele>
        <time>2026-08-09T07:44:51Z</time>
      </trkpt>
      <trkpt lat="44.369727" lon="6.871595">
        <ele>2420.0</ele>
        <time>2026-08-09T07:44:57Z</time>
      </trkpt>
      <trkpt lat="44.369756" lon="6.871578">
        <ele>2420.2</ele>
        <time>2026-08-09T07:45:00Z</time>
      </trkpt>
      <trkpt lat="44.36979" lon="6.871568">
        <ele>2420.8</ele>
        <time>2026-08-09T07:45:05Z</time>
      </trkpt>
      <trkpt lat="44.369823" lon="6.871532">
        <ele>2421.2</ele>
        <time>2026-08-09T07:45:09Z</time>
      </trkpt>
      <trkpt lat="44.369833" lon="6.871522">
        <ele>2421.4</ele>
        <time>2026-08-09T07:45:10Z</time>
      </trkpt>
      <trkpt lat="44.369863" lon="6.87149">
        <ele>2421.6</ele>
        <time>2026-08-09T07:45:13Z</time>
      </trkpt>
      <trkpt lat="44.369894" lon="6.871462">
        <ele>2422.4</ele>
        <time>2026-08-09T07:45:19Z</time>
      </trkpt>
      <trkpt lat="44.369907" lon="6.871448">
        <ele>2422.8</ele>
        <time>2026-08-09T07:45:21Z</time>
      </trkpt>
      <trkpt lat="44.369956" lon="6.871419">
        <ele>2423.4</ele>
        <time>2026-08-09T07:45:26Z</time>
      </trkpt>
      <trkpt lat="44.369995" lon="6.871396">
        <ele>2424.2</ele>
        <time>2026-08-09T07:45:30Z</time>
      </trkpt>
      <trkpt lat="44.370037" lon="6.871377">
        <ele>2424.6</ele>
        <time>2026-08-09T07:45:34Z</time>
      </trkpt>
      <trkpt lat="44.370057" lon="6.871359">
        <ele>2425.0</ele>
        <time>2026-08-09T07:45:37Z</time>
      </trkpt>
      <trkpt lat="44.370074" lon="6.871349">
        <ele>2425.4</ele>
        <time>2026-08-09T07:45:39Z</time>
      </trkpt>
      <trkpt lat="44.370084" lon="6.871345">
        <ele>2425.6</ele>
        <time>2026-08-09T07:45:40Z</time>
      </trkpt>
      <trkpt lat="44.370098" lon="6.871345">
        <ele>2426.0</ele>
        <time>2026-08-09T07:45:42Z</time>
      </trkpt>
      <trkpt lat="44.37012" lon="6.871338">
        <ele>2426.4</ele>
        <time>2026-08-09T07:45:44Z</time>
      </trkpt>
      <trkpt lat="44.370128" lon="6.871336">
        <ele>2426.6</ele>
        <time>2026-08-09T07:45:45Z</time>
      </trkpt>
      <trkpt lat="44.370143" lon="6.871333">
        <ele>2426.6</ele>
        <time>2026-08-09T07:45:46Z</time>
      </trkpt>
      <trkpt lat="44.370209" lon="6.871302">
        <ele>2427.6</ele>
        <time>2026-08-09T07:45:53Z</time>
      </trkpt>
      <trkpt lat="44.370219" lon="6.871298">
        <ele>2427.6</ele>
        <time>2026-08-09T07:45:54Z</time>
      </trkpt>
      <trkpt lat="44.370293" lon="6.871232">
        <ele>2428.8</ele>
        <time>2026-08-09T07:46:01Z</time>
      </trkpt>
      <trkpt lat="44.37035" lon="6.871226">
        <ele>2429.6</ele>
        <time>2026-08-09T07:46:07Z</time>
      </trkpt>
      <trkpt lat="44.370378" lon="6.871231">
        <ele>2429.8</ele>
        <time>2026-08-09T07:46:09Z</time>
      </trkpt>
      <trkpt lat="44.370456" lon="6.871244">
        <ele>2430.2</ele>
        <time>2026-08-09T07:46:15Z</time>
      </trkpt>
      <trkpt lat="44.370513" lon="6.871221">
        <ele>2429.8</ele>
        <time>2026-08-09T07:46:24Z</time>
      </trkpt>
      <trkpt lat="44.370517" lon="6.871249">
        <ele>2429.4</ele>
        <time>2026-08-09T07:46:32Z</time>
      </trkpt>
      <trkpt lat="44.370567" lon="6.871218">
        <ele>2429.0</ele>
        <time>2026-08-09T07:46:39Z</time>
      </trkpt>
      <trkpt lat="44.370583" lon="6.871196">
        <ele>2428.8</ele>
        <time>2026-08-09T07:46:41Z</time>
      </trkpt>
      <trkpt lat="44.370605" lon="6.871156">
        <ele>2428.0</ele>
        <time>2026-08-09T07:46:46Z</time>
      </trkpt>
      <trkpt lat="44.370611" lon="6.871145">
        <ele>2427.6</ele>
        <time>2026-08-09T07:46:48Z</time>
      </trkpt>
      <trkpt lat="44.370645" lon="6.871111">
        <ele>2426.6</ele>
        <time>2026-08-09T07:46:54Z</time>
      </trkpt>
      <trkpt lat="44.370675" lon="6.871081">
        <ele>2425.4</ele>
        <time>2026-08-09T07:46:59Z</time>
      </trkpt>
      <trkpt lat="44.370699" lon="6.871081">
        <ele>2424.6</ele>
        <time>2026-08-09T07:47:02Z</time>
      </trkpt>
      <trkpt lat="44.370707" lon="6.871082">
        <ele>2424.4</ele>
        <time>2026-08-09T07:47:03Z</time>
      </trkpt>
      <trkpt lat="44.370752" lon="6.871058">
        <ele>2423.2</ele>
        <time>2026-08-09T07:47:08Z</time>
      </trkpt>
      <trkpt lat="44.370763" lon="6.871051">
        <ele>2423.0</ele>
        <time>2026-08-09T07:47:09Z</time>
      </trkpt>
      <trkpt lat="44.370815" lon="6.871039">
        <ele>2422.0</ele>
        <time>2026-08-09T07:47:13Z</time>
      </trkpt>
      <trkpt lat="44.370842" lon="6.871026">
        <ele>2421.4</ele>
        <time>2026-08-09T07:47:16Z</time>
      </trkpt>
      <trkpt lat="44.370861" lon="6.871025">
        <ele>2420.8</ele>
        <time>2026-08-09T07:47:18Z</time>
      </trkpt>
      <trkpt lat="44.37088" lon="6.871028">
        <ele>2419.8</ele>
        <time>2026-08-09T07:47:21Z</time>
      </trkpt>
      <trkpt lat="44.370895" lon="6.871022">
        <ele>2419.2</ele>
        <time>2026-08-09T07:47:23Z</time>
      </trkpt>
      <trkpt lat="44.370912" lon="6.871013">
        <ele>2418.8</ele>
        <time>2026-08-09T07:47:25Z</time>
      </trkpt>
      <trkpt lat="44.370946" lon="6.870978">
        <ele>2417.6</ele>
        <time>2026-08-09T07:47:30Z</time>
      </trkpt>
      <trkpt lat="44.370964" lon="6.870963">
        <ele>2417.2</ele>
        <time>2026-08-09T07:47:32Z</time>
      </trkpt>
      <trkpt lat="44.371005" lon="6.870939">
        <ele>2416.4</ele>
        <time>2026-08-09T07:47:36Z</time>
      </trkpt>
      <trkpt lat="44.371047" lon="6.870911">
        <ele>2416.0</ele>
        <time>2026-08-09T07:47:39Z</time>
      </trkpt>
      <trkpt lat="44.371093" lon="6.870879">
        <ele>2415.4</ele>
        <time>2026-08-09T07:47:42Z</time>
      </trkpt>
      <trkpt lat="44.371153" lon="6.870821">
        <ele>2414.6</ele>
        <time>2026-08-09T07:47:48Z</time>
      </trkpt>
      <trkpt lat="44.371171" lon="6.8708">
        <ele>2414.2</ele>
        <time>2026-08-09T07:47:50Z</time>
      </trkpt>
      <trkpt lat="44.371228" lon="6.870732">
        <ele>2413.8</ele>
        <time>2026-08-09T07:47:57Z</time>
      </trkpt>
      <trkpt lat="44.371237" lon="6.870674">
        <ele>2413.2</ele>
        <time>2026-08-09T07:48:01Z</time>
      </trkpt>
      <trkpt lat="44.371238" lon="6.870613">
        <ele>2412.4</ele>
        <time>2026-08-09T07:48:05Z</time>
      </trkpt>
      <trkpt lat="44.371236" lon="6.870593">
        <ele>2412.0</ele>
        <time>2026-08-09T07:48:07Z</time>
      </trkpt>
      <trkpt lat="44.371229" lon="6.870527">
        <ele>2411.2</ele>
        <time>2026-08-09T07:48:13Z</time>
      </trkpt>
      <trkpt lat="44.371219" lon="6.870481">
        <ele>2411.0</ele>
        <time>2026-08-09T07:48:17Z</time>
      </trkpt>
      <trkpt lat="44.371202" lon="6.870412">
        <ele>2410.0</ele>
        <time>2026-08-09T07:48:21Z</time>
      </trkpt>
      <trkpt lat="44.371194" lon="6.870397">
        <ele>2409.8</ele>
        <time>2026-08-09T07:48:22Z</time>
      </trkpt>
      <trkpt lat="44.371155" lon="6.870386">
        <ele>2408.8</ele>
        <time>2026-08-09T07:48:28Z</time>
      </trkpt>
      <trkpt lat="44.371151" lon="6.870389">
        <ele>2408.8</ele>
        <time>2026-08-09T07:48:29Z</time>
      </trkpt>
      <trkpt lat="44.371121" lon="6.870373">
        <ele>2407.6</ele>
        <time>2026-08-09T07:48:34Z</time>
      </trkpt>
      <trkpt lat="44.371128" lon="6.870367">
        <ele>2407.0</ele>
        <time>2026-08-09T07:48:36Z</time>
      </trkpt>
      <trkpt lat="44.371138" lon="6.870378">
        <ele>2406.6</ele>
        <time>2026-08-09T07:48:39Z</time>
      </trkpt>
      <trkpt lat="44.371184" lon="6.870389">
        <ele>2405.4</ele>
        <time>2026-08-09T07:48:44Z</time>
      </trkpt>
      <trkpt lat="44.371228" lon="6.87038">
        <ele>2404.4</ele>
        <time>2026-08-09T07:48:48Z</time>
      </trkpt>
      <trkpt lat="44.371246" lon="6.870367">
        <ele>2403.6</ele>
        <time>2026-08-09T07:48:51Z</time>
      </trkpt>
      <trkpt lat="44.371254" lon="6.870356">
        <ele>2403.2</ele>
        <time>2026-08-09T07:48:53Z</time>
      </trkpt>
      <trkpt lat="44.371289" lon="6.870328">
        <ele>2402.2</ele>
        <time>2026-08-09T07:48:57Z</time>
      </trkpt>
      <trkpt lat="44.371318" lon="6.870309">
        <ele>2401.0</ele>
        <time>2026-08-09T07:49:01Z</time>
      </trkpt>
      <trkpt lat="44.371336" lon="6.870303">
        <ele>2400.2</ele>
        <time>2026-08-09T07:49:04Z</time>
      </trkpt>
      <trkpt lat="44.371341" lon="6.870306">
        <ele>2400.0</ele>
        <time>2026-08-09T07:49:05Z</time>
      </trkpt>
      <trkpt lat="44.371347" lon="6.870304">
        <ele>2399.8</ele>
        <time>2026-08-09T07:49:06Z</time>
      </trkpt>
      <trkpt lat="44.371371" lon="6.870287">
        <ele>2398.8</ele>
        <time>2026-08-09T07:49:10Z</time>
      </trkpt>
      <trkpt lat="44.371377" lon="6.870283">
        <ele>2398.4</ele>
        <time>2026-08-09T07:49:11Z</time>
      </trkpt>
      <trkpt lat="44.37141" lon="6.870269">
        <ele>2397.4</ele>
        <time>2026-08-09T07:49:15Z</time>
      </trkpt>
      <trkpt lat="44.371418" lon="6.870263">
        <ele>2397.2</ele>
        <time>2026-08-09T07:49:16Z</time>
      </trkpt>
      <trkpt lat="44.371452" lon="6.870246">
        <ele>2396.2</ele>
        <time>2026-08-09T07:49:19Z</time>
      </trkpt>
      <trkpt lat="44.371484" lon="6.870204">
        <ele>2395.0</ele>
        <time>2026-08-09T07:49:23Z</time>
      </trkpt>
      <trkpt lat="44.371489" lon="6.870182">
        <ele>2394.6</ele>
        <time>2026-08-09T07:49:25Z</time>
      </trkpt>
      <trkpt lat="44.371488" lon="6.870157">
        <ele>2394.0</ele>
        <time>2026-08-09T07:49:27Z</time>
      </trkpt>
      <trkpt lat="44.371502" lon="6.870119">
        <ele>2392.8</ele>
        <time>2026-08-09T07:49:31Z</time>
      </trkpt>
      <trkpt lat="44.371514" lon="6.870111">
        <ele>2392.4</ele>
        <time>2026-08-09T07:49:33Z</time>
      </trkpt>
      <trkpt lat="44.371532" lon="6.870109">
        <ele>2391.8</ele>
        <time>2026-08-09T07:49:36Z</time>
      </trkpt>
      <trkpt lat="44.371538" lon="6.870111">
        <ele>2391.6</ele>
        <time>2026-08-09T07:49:37Z</time>
      </trkpt>
      <trkpt lat="44.371548" lon="6.870109">
        <ele>2391.2</ele>
        <time>2026-08-09T07:49:38Z</time>
      </trkpt>
      <trkpt lat="44.371558" lon="6.870106">
        <ele>2391.0</ele>
        <time>2026-08-09T07:49:39Z</time>
      </trkpt>
      <trkpt lat="44.371566" lon="6.870103">
        <ele>2390.6</ele>
        <time>2026-08-09T07:49:40Z</time>
      </trkpt>
      <trkpt lat="44.371572" lon="6.870101">
        <ele>2390.4</ele>
        <time>2026-08-09T07:49:41Z</time>
      </trkpt>
      <trkpt lat="44.371627" lon="6.870137">
        <ele>2389.6</ele>
        <time>2026-08-09T07:49:46Z</time>
      </trkpt>
      <trkpt lat="44.37166" lon="6.87015">
        <ele>2389.2</ele>
        <time>2026-08-09T07:49:48Z</time>
      </trkpt>
      <trkpt lat="44.371659" lon="6.87014">
        <ele>2388.6</ele>
        <time>2026-08-09T07:49:52Z</time>
      </trkpt>
      <trkpt lat="44.371663" lon="6.870129">
        <ele>2388.2</ele>
        <time>2026-08-09T07:49:54Z</time>
      </trkpt>
      <trkpt lat="44.371706" lon="6.870113">
        <ele>2387.4</ele>
        <time>2026-08-09T07:49:57Z</time>
      </trkpt>
      <trkpt lat="44.371743" lon="6.870092">
        <ele>2386.4</ele>
        <time>2026-08-09T07:50:00Z</time>
      </trkpt>
      <trkpt lat="44.371749" lon="6.870088">
        <ele>2386.2</ele>
        <time>2026-08-09T07:50:01Z</time>
      </trkpt>
      <trkpt lat="44.371794" lon="6.870076">
        <ele>2385.2</ele>
        <time>2026-08-09T07:50:05Z</time>
      </trkpt>
      <trkpt lat="44.371803" lon="6.870076">
        <ele>2385.0</ele>
        <time>2026-08-09T07:50:06Z</time>
      </trkpt>
      <trkpt lat="44.371835" lon="6.870073">
        <ele>2384.0</ele>
        <time>2026-08-09T07:50:11Z</time>
      </trkpt>
      <trkpt lat="44.371853" lon="6.870071">
        <ele>2383.4</ele>
        <time>2026-08-09T07:50:14Z</time>
      </trkpt>
      <trkpt lat="44.371884" lon="6.870071">
        <ele>2382.8</ele>
        <time>2026-08-09T07:50:17Z</time>
      </trkpt>
      <trkpt lat="44.371907" lon="6.870059">
        <ele>2381.6</ele>
        <time>2026-08-09T07:50:22Z</time>
      </trkpt>
      <trkpt lat="44.371943" lon="6.870013">
        <ele>2380.6</ele>
        <time>2026-08-09T07:50:27Z</time>
      </trkpt>
      <trkpt lat="44.371958" lon="6.870001">
        <ele>2380.0</ele>
        <time>2026-08-09T07:50:29Z</time>
      </trkpt>
      <trkpt lat="44.371974" lon="6.869989">
        <ele>2379.4</ele>
        <time>2026-08-09T07:50:31Z</time>
      </trkpt>
      <trkpt lat="44.372012" lon="6.869981">
        <ele>2378.4</ele>
        <time>2026-08-09T07:50:36Z</time>
      </trkpt>
      <trkpt lat="44.372022" lon="6.869948">
        <ele>2377.2</ele>
        <time>2026-08-09T07:50:41Z</time>
      </trkpt>
      <trkpt lat="44.372016" lon="6.869947">
        <ele>2377.0</ele>
        <time>2026-08-09T07:50:42Z</time>
      </trkpt>
      <trkpt lat="44.372027" lon="6.869898">
        <ele>2376.0</ele>
        <time>2026-08-09T07:50:47Z</time>
      </trkpt>
      <trkpt lat="44.372035" lon="6.869896">
        <ele>2375.8</ele>
        <time>2026-08-09T07:50:48Z</time>
      </trkpt>
      <trkpt lat="44.372043" lon="6.869904">
        <ele>2375.8</ele>
        <time>2026-08-09T07:50:49Z</time>
      </trkpt>
      <trkpt lat="44.372066" lon="6.869876">
        <ele>2375.0</ele>
        <time>2026-08-09T07:50:54Z</time>
      </trkpt>
      <trkpt lat="44.372072" lon="6.869867">
        <ele>2374.6</ele>
        <time>2026-08-09T07:50:55Z</time>
      </trkpt>
      <trkpt lat="44.372098" lon="6.869838">
        <ele>2373.8</ele>
        <time>2026-08-09T07:50:58Z</time>
      </trkpt>
      <trkpt lat="44.372123" lon="6.869812">
        <ele>2372.6</ele>
        <time>2026-08-09T07:51:02Z</time>
      </trkpt>
      <trkpt lat="44.372146" lon="6.869785">
        <ele>2371.4</ele>
        <time>2026-08-09T07:51:08Z</time>
      </trkpt>
      <trkpt lat="44.37215" lon="6.869785">
        <ele>2371.2</ele>
        <time>2026-08-09T07:51:09Z</time>
      </trkpt>
      <trkpt lat="44.372153" lon="6.869788">
        <ele>2370.4</ele>
        <time>2026-08-09T07:51:12Z</time>
      </trkpt>
      <trkpt lat="44.372184" lon="6.869797">
        <ele>2369.4</ele>
        <time>2026-08-09T07:51:17Z</time>
      </trkpt>
      <trkpt lat="44.372213" lon="6.86977">
        <ele>2368.2</ele>
        <time>2026-08-09T07:51:23Z</time>
      </trkpt>
      <trkpt lat="44.37222" lon="6.869761">
        <ele>2368.0</ele>
        <time>2026-08-09T07:51:24Z</time>
      </trkpt>
      <trkpt lat="44.372265" lon="6.869755">
        <ele>2367.0</ele>
        <time>2026-08-09T07:51:28Z</time>
      </trkpt>
      <trkpt lat="44.372276" lon="6.869761">
        <ele>2366.6</ele>
        <time>2026-08-09T07:51:29Z</time>
      </trkpt>
      <trkpt lat="44.372303" lon="6.869774">
        <ele>2366.0</ele>
        <time>2026-08-09T07:51:32Z</time>
      </trkpt>
      <trkpt lat="44.372332" lon="6.86978">
        <ele>2365.0</ele>
        <time>2026-08-09T07:51:36Z</time>
      </trkpt>
      <trkpt lat="44.372342" lon="6.869781">
        <ele>2364.8</ele>
        <time>2026-08-09T07:51:37Z</time>
      </trkpt>
      <trkpt lat="44.372387" lon="6.869772">
        <ele>2363.6</ele>
        <time>2026-08-09T07:51:42Z</time>
      </trkpt>
      <trkpt lat="44.372393" lon="6.869771">
        <ele>2363.4</ele>
        <time>2026-08-09T07:51:43Z</time>
      </trkpt>
      <trkpt lat="44.372424" lon="6.869769">
        <ele>2362.4</ele>
        <time>2026-08-09T07:51:47Z</time>
      </trkpt>
      <trkpt lat="44.372453" lon="6.869762">
        <ele>2361.4</ele>
        <time>2026-08-09T07:51:52Z</time>
      </trkpt>
      <trkpt lat="44.372483" lon="6.869782">
        <ele>2360.4</ele>
        <time>2026-08-09T07:51:57Z</time>
      </trkpt>
      <trkpt lat="44.372521" lon="6.869795">
        <ele>2360.2</ele>
        <time>2026-08-09T07:51:59Z</time>
      </trkpt>
      <trkpt lat="44.372551" lon="6.869809">
        <ele>2359.4</ele>
        <time>2026-08-09T07:52:03Z</time>
      </trkpt>
      <trkpt lat="44.372586" lon="6.869815">
        <ele>2358.6</ele>
        <time>2026-08-09T07:52:06Z</time>
      </trkpt>
      <trkpt lat="44.372611" lon="6.869814">
        <ele>2358.2</ele>
        <time>2026-08-09T07:52:08Z</time>
      </trkpt>
      <trkpt lat="44.372669" lon="6.869813">
        <ele>2357.2</ele>
        <time>2026-08-09T07:52:13Z</time>
      </trkpt>
      <trkpt lat="44.372721" lon="6.869811">
        <ele>2356.0</ele>
        <time>2026-08-09T07:52:20Z</time>
      </trkpt>
      <trkpt lat="44.372782" lon="6.869799">
        <ele>2354.8</ele>
        <time>2026-08-09T07:52:25Z</time>
      </trkpt>
      <trkpt lat="44.37282" lon="6.869796">
        <ele>2354.4</ele>
        <time>2026-08-09T07:52:29Z</time>
      </trkpt>
      <trkpt lat="44.372877" lon="6.869786">
        <ele>2353.8</ele>
        <time>2026-08-09T07:52:34Z</time>
      </trkpt>
      <trkpt lat="44.372905" lon="6.869782">
        <ele>2353.2</ele>
        <time>2026-08-09T07:52:36Z</time>
      </trkpt>
      <trkpt lat="44.372914" lon="6.869777">
        <ele>2352.6</ele>
        <time>2026-08-09T07:52:38Z</time>
      </trkpt>
      <trkpt lat="44.372952" lon="6.869766">
        <ele>2351.6</ele>
        <time>2026-08-09T07:52:42Z</time>
      </trkpt>
      <trkpt lat="44.372983" lon="6.86976">
        <ele>2350.4</ele>
        <time>2026-08-09T07:52:47Z</time>
      </trkpt>
      <trkpt lat="44.372994" lon="6.869752">
        <ele>2349.8</ele>
        <time>2026-08-09T07:52:49Z</time>
      </trkpt>
      <trkpt lat="44.373033" lon="6.869751">
        <ele>2349.4</ele>
        <time>2026-08-09T07:52:52Z</time>
      </trkpt>
      <trkpt lat="44.373094" lon="6.869734">
        <ele>2349.0</ele>
        <time>2026-08-09T07:52:57Z</time>
      </trkpt>
      <trkpt lat="44.373123" lon="6.869705">
        <ele>2348.2</ele>
        <time>2026-08-09T07:53:01Z</time>
      </trkpt>
      <trkpt lat="44.373158" lon="6.869677">
        <ele>2347.8</ele>
        <time>2026-08-09T07:53:04Z</time>
      </trkpt>
      <trkpt lat="44.373168" lon="6.86967">
        <ele>2347.6</ele>
        <time>2026-08-09T07:53:05Z</time>
      </trkpt>
      <trkpt lat="44.373199" lon="6.869633">
        <ele>2347.4</ele>
        <time>2026-08-09T07:53:09Z</time>
      </trkpt>
      <trkpt lat="44.373207" lon="6.869619">
        <ele>2347.2</ele>
        <time>2026-08-09T07:53:11Z</time>
      </trkpt>
      <trkpt lat="44.373256" lon="6.869589">
        <ele>2347.2</ele>
        <time>2026-08-09T07:53:17Z</time>
      </trkpt>
      <trkpt lat="44.373343" lon="6.86962">
        <ele>2347.6</ele>
        <time>2026-08-09T07:53:24Z</time>
      </trkpt>
      <trkpt lat="44.373382" lon="6.869637">
        <ele>2348.6</ele>
        <time>2026-08-09T07:53:31Z</time>
      </trkpt>
      <trkpt lat="44.373408" lon="6.86966">
        <ele>2349.2</ele>
        <time>2026-08-09T07:53:34Z</time>
      </trkpt>
      <trkpt lat="44.37347" lon="6.869702">
        <ele>2349.8</ele>
        <time>2026-08-09T07:53:39Z</time>
      </trkpt>
      <trkpt lat="44.373569" lon="6.869742">
        <ele>2350.4</ele>
        <time>2026-08-09T07:53:45Z</time>
      </trkpt>
      <trkpt lat="44.373598" lon="6.869746">
        <ele>2350.6</ele>
        <time>2026-08-09T07:53:47Z</time>
      </trkpt>
      <trkpt lat="44.373676" lon="6.869766">
        <ele>2351.4</ele>
        <time>2026-08-09T07:53:55Z</time>
      </trkpt>
      <trkpt lat="44.373687" lon="6.86977">
        <ele>2351.4</ele>
        <time>2026-08-09T07:53:56Z</time>
      </trkpt>
      <trkpt lat="44.373753" lon="6.86979">
        <ele>2352.4</ele>
        <time>2026-08-09T07:54:02Z</time>
      </trkpt>
      <trkpt lat="44.373768" lon="6.869795">
        <ele>2352.4</ele>
        <time>2026-08-09T07:54:03Z</time>
      </trkpt>
      <trkpt lat="44.37381" lon="6.869817">
        <ele>2353.0</ele>
        <time>2026-08-09T07:54:08Z</time>
      </trkpt>
      <trkpt lat="44.373847" lon="6.869847">
        <ele>2353.6</ele>
        <time>2026-08-09T07:54:11Z</time>
      </trkpt>
      <trkpt lat="44.373875" lon="6.869874">
        <ele>2353.6</ele>
        <time>2026-08-09T07:54:15Z</time>
      </trkpt>
      <trkpt lat="44.37395" lon="6.869923">
        <ele>2352.4</ele>
        <time>2026-08-09T07:54:22Z</time>
      </trkpt>
      <trkpt lat="44.373972" lon="6.869925">
        <ele>2351.8</ele>
        <time>2026-08-09T07:54:24Z</time>
      </trkpt>
      <trkpt lat="44.373988" lon="6.869928">
        <ele>2351.4</ele>
        <time>2026-08-09T07:54:25Z</time>
      </trkpt>
      <trkpt lat="44.374079" lon="6.869959">
        <ele>2350.6</ele>
        <time>2026-08-09T07:54:32Z</time>
      </trkpt>
      <trkpt lat="44.374089" lon="6.869961">
        <ele>2350.4</ele>
        <time>2026-08-09T07:54:33Z</time>
      </trkpt>
      <trkpt lat="44.37414" lon="6.869978">
        <ele>2349.4</ele>
        <time>2026-08-09T07:54:39Z</time>
      </trkpt>
      <trkpt lat="44.374151" lon="6.869982">
        <ele>2349.2</ele>
        <time>2026-08-09T07:54:40Z</time>
      </trkpt>
      <trkpt lat="44.374193" lon="6.869988">
        <ele>2348.2</ele>
        <time>2026-08-09T07:54:43Z</time>
      </trkpt>
      <trkpt lat="44.374238" lon="6.87">
        <ele>2347.2</ele>
        <time>2026-08-09T07:54:47Z</time>
      </trkpt>
      <trkpt lat="44.374247" lon="6.870002">
        <ele>2347.0</ele>
        <time>2026-08-09T07:54:48Z</time>
      </trkpt>
      <trkpt lat="44.374317" lon="6.870015">
        <ele>2346.2</ele>
        <time>2026-08-09T07:54:54Z</time>
      </trkpt>
      <trkpt lat="44.374357" lon="6.870018">
        <ele>2346.0</ele>
        <time>2026-08-09T07:54:57Z</time>
      </trkpt>
      <trkpt lat="44.374491" lon="6.870027">
        <ele>2345.2</ele>
        <time>2026-08-09T07:55:06Z</time>
      </trkpt>
      <trkpt lat="44.374503" lon="6.870033">
        <ele>2345.2</ele>
        <time>2026-08-09T07:55:07Z</time>
      </trkpt>
      <trkpt lat="44.374553" lon="6.870059">
        <ele>2344.6</ele>
        <time>2026-08-09T07:55:13Z</time>
      </trkpt>
      <trkpt lat="44.374559" lon="6.870061">
        <ele>2344.6</ele>
        <time>2026-08-09T07:55:14Z</time>
      </trkpt>
      <trkpt lat="44.374589" lon="6.870072">
        <ele>2344.0</ele>
        <time>2026-08-09T07:55:17Z</time>
      </trkpt>
      <trkpt lat="44.37465" lon="6.870089">
        <ele>2343.4</ele>
        <time>2026-08-09T07:55:22Z</time>
      </trkpt>
      <trkpt lat="44.374743" lon="6.870143">
        <ele>2343.0</ele>
        <time>2026-08-09T07:55:29Z</time>
      </trkpt>
      <trkpt lat="44.374757" lon="6.870151">
        <ele>2343.0</ele>
        <time>2026-08-09T07:55:30Z</time>
      </trkpt>
      <trkpt lat="44.374904" lon="6.870258">
        <ele>2342.4</ele>
        <time>2026-08-09T07:55:41Z</time>
      </trkpt>
      <trkpt lat="44.374928" lon="6.870295">
        <ele>2342.0</ele>
        <time>2026-08-09T07:55:43Z</time>
      </trkpt>
      <trkpt lat="44.374956" lon="6.870338">
        <ele>2341.4</ele>
        <time>2026-08-09T07:55:48Z</time>
      </trkpt>
      <trkpt lat="44.37499" lon="6.870364">
        <ele>2341.0</ele>
        <time>2026-08-09T07:55:51Z</time>
      </trkpt>
      <trkpt lat="44.375088" lon="6.870407">
        <ele>2340.0</ele>
        <time>2026-08-09T07:55:57Z</time>
      </trkpt>
      <trkpt lat="44.3751" lon="6.870407">
        <ele>2339.8</ele>
        <time>2026-08-09T07:55:58Z</time>
      </trkpt>
      <trkpt lat="44.375138" lon="6.870408">
        <ele>2339.0</ele>
        <time>2026-08-09T07:56:04Z</time>
      </trkpt>
      <trkpt lat="44.375163" lon="6.87041">
        <ele>2338.8</ele>
        <time>2026-08-09T07:56:06Z</time>
      </trkpt>
      <trkpt lat="44.37522" lon="6.870419">
        <ele>2338.2</ele>
        <time>2026-08-09T07:56:10Z</time>
      </trkpt>
      <trkpt lat="44.375251" lon="6.87042">
        <ele>2337.6</ele>
        <time>2026-08-09T07:56:12Z</time>
      </trkpt>
      <trkpt lat="44.375295" lon="6.870422">
        <ele>2337.2</ele>
        <time>2026-08-09T07:56:15Z</time>
      </trkpt>
      <trkpt lat="44.375305" lon="6.870423">
        <ele>2337.0</ele>
        <time>2026-08-09T07:56:16Z</time>
      </trkpt>
      <trkpt lat="44.375312" lon="6.870428">
        <ele>2337.0</ele>
        <time>2026-08-09T07:56:17Z</time>
      </trkpt>
      <trkpt lat="44.375335" lon="6.870433">
        <ele>2336.6</ele>
        <time>2026-08-09T07:56:19Z</time>
      </trkpt>
      <trkpt lat="44.375425" lon="6.870456">
        <ele>2335.4</ele>
        <time>2026-08-09T07:56:25Z</time>
      </trkpt>
      <trkpt lat="44.375448" lon="6.870454">
        <ele>2335.2</ele>
        <time>2026-08-09T07:56:28Z</time>
      </trkpt>
      <trkpt lat="44.375515" lon="6.870465">
        <ele>2334.4</ele>
        <time>2026-08-09T07:56:33Z</time>
      </trkpt>
      <trkpt lat="44.375569" lon="6.870468">
        <ele>2334.0</ele>
        <time>2026-08-09T07:56:36Z</time>
      </trkpt>
      <trkpt lat="44.375608" lon="6.870451">
        <ele>2333.2</ele>
        <time>2026-08-09T07:56:43Z</time>
      </trkpt>
      <trkpt lat="44.37569" lon="6.870428">
        <ele>2332.2</ele>
        <time>2026-08-09T07:56:49Z</time>
      </trkpt>
      <trkpt lat="44.375707" lon="6.870422">
        <ele>2332.0</ele>
        <time>2026-08-09T07:56:50Z</time>
      </trkpt>
      <trkpt lat="44.375797" lon="6.87041">
        <ele>2331.0</ele>
        <time>2026-08-09T07:56:57Z</time>
      </trkpt>
      <trkpt lat="44.375829" lon="6.870414">
        <ele>2330.6</ele>
        <time>2026-08-09T07:57:00Z</time>
      </trkpt>
      <trkpt lat="44.375876" lon="6.870412">
        <ele>2330.0</ele>
        <time>2026-08-09T07:57:03Z</time>
      </trkpt>
      <trkpt lat="44.375937" lon="6.870415">
        <ele>2329.0</ele>
        <time>2026-08-09T07:57:08Z</time>
      </trkpt>
      <trkpt lat="44.375988" lon="6.870404">
        <ele>2327.8</ele>
        <time>2026-08-09T07:57:14Z</time>
      </trkpt>
      <trkpt lat="44.375998" lon="6.870402">
        <ele>2327.6</ele>
        <time>2026-08-09T07:57:15Z</time>
      </trkpt>
      <trkpt lat="44.376046" lon="6.8704">
        <ele>2326.8</ele>
        <time>2026-08-09T07:57:20Z</time>
      </trkpt>
      <trkpt lat="44.376121" lon="6.870408">
        <ele>2326.0</ele>
        <time>2026-08-09T07:57:25Z</time>
      </trkpt>
      <trkpt lat="44.376146" lon="6.870408">
        <ele>2325.8</ele>
        <time>2026-08-09T07:57:27Z</time>
      </trkpt>
      <trkpt lat="44.376168" lon="6.870408">
        <ele>2325.4</ele>
        <time>2026-08-09T07:57:29Z</time>
      </trkpt>
      <trkpt lat="44.376179" lon="6.87041">
        <ele>2325.4</ele>
        <time>2026-08-09T07:57:30Z</time>
      </trkpt>
      <trkpt lat="44.376242" lon="6.870414">
        <ele>2324.8</ele>
        <time>2026-08-09T07:57:34Z</time>
      </trkpt>
      <trkpt lat="44.376262" lon="6.870412">
        <ele>2324.6</ele>
        <time>2026-08-09T07:57:35Z</time>
      </trkpt>
      <trkpt lat="44.376336" lon="6.870404">
        <ele>2324.0</ele>
        <time>2026-08-09T07:57:40Z</time>
      </trkpt>
      <trkpt lat="44.376346" lon="6.870401">
        <ele>2323.6</ele>
        <time>2026-08-09T07:57:42Z</time>
      </trkpt>
      <trkpt lat="44.376357" lon="6.870403">
        <ele>2323.2</ele>
        <time>2026-08-09T07:57:44Z</time>
      </trkpt>
      <trkpt lat="44.376382" lon="6.870398">
        <ele>2323.0</ele>
        <time>2026-08-09T07:57:46Z</time>
      </trkpt>
      <trkpt lat="44.376412" lon="6.870405">
        <ele>2322.4</ele>
        <time>2026-08-09T07:57:51Z</time>
      </trkpt>
      <trkpt lat="44.376432" lon="6.870423">
        <ele>2321.8</ele>
        <time>2026-08-09T07:57:54Z</time>
      </trkpt>
      <trkpt lat="44.376452" lon="6.870439">
        <ele>2321.4</ele>
        <time>2026-08-09T07:57:56Z</time>
      </trkpt>
      <trkpt lat="44.376479" lon="6.870463">
        <ele>2320.8</ele>
        <time>2026-08-09T07:58:00Z</time>
      </trkpt>
      <trkpt lat="44.376504" lon="6.870458">
        <ele>2320.4</ele>
        <time>2026-08-09T07:58:03Z</time>
      </trkpt>
      <trkpt lat="44.37651" lon="6.870458">
        <ele>2320.2</ele>
        <time>2026-08-09T07:58:04Z</time>
      </trkpt>
      <trkpt lat="44.376561" lon="6.870458">
        <ele>2319.2</ele>
        <time>2026-08-09T07:58:09Z</time>
      </trkpt>
      <trkpt lat="44.376617" lon="6.870418">
        <ele>2318.4</ele>
        <time>2026-08-09T07:58:15Z</time>
      </trkpt>
      <trkpt lat="44.376652" lon="6.8704">
        <ele>2318.2</ele>
        <time>2026-08-09T07:58:18Z</time>
      </trkpt>
      <trkpt lat="44.376688" lon="6.870371">
        <ele>2318.2</ele>
        <time>2026-08-09T07:58:22Z</time>
      </trkpt>
      <trkpt lat="44.376745" lon="6.870323">
        <ele>2317.6</ele>
        <time>2026-08-09T07:58:27Z</time>
      </trkpt>
      <trkpt lat="44.376791" lon="6.870293">
        <ele>2317.2</ele>
        <time>2026-08-09T07:58:30Z</time>
      </trkpt>
      <trkpt lat="44.376803" lon="6.870285">
        <ele>2317.2</ele>
        <time>2026-08-09T07:58:31Z</time>
      </trkpt>
      <trkpt lat="44.37687" lon="6.870275">
        <ele>2316.8</ele>
        <time>2026-08-09T07:58:38Z</time>
      </trkpt>
      <trkpt lat="44.376946" lon="6.870281">
        <ele>2316.4</ele>
        <time>2026-08-09T07:58:44Z</time>
      </trkpt>
      <trkpt lat="44.376985" lon="6.870261">
        <ele>2316.2</ele>
        <time>2026-08-09T07:58:47Z</time>
      </trkpt>
      <trkpt lat="44.377026" lon="6.870235">
        <ele>2316.0</ele>
        <time>2026-08-09T07:58:50Z</time>
      </trkpt>
      <trkpt lat="44.377081" lon="6.870222">
        <ele>2315.8</ele>
        <time>2026-08-09T07:58:55Z</time>
      </trkpt>
      <trkpt lat="44.377193" lon="6.870204">
        <ele>2315.0</ele>
        <time>2026-08-09T07:59:02Z</time>
      </trkpt>
      <trkpt lat="44.377204" lon="6.870204">
        <ele>2315.0</ele>
        <time>2026-08-09T07:59:03Z</time>
      </trkpt>
      <trkpt lat="44.377217" lon="6.870236">
        <ele>2315.0</ele>
        <time>2026-08-09T07:59:08Z</time>
      </trkpt>
      <trkpt lat="44.377225" lon="6.870241">
        <ele>2315.0</ele>
        <time>2026-08-09T07:59:09Z</time>
      </trkpt>
      <trkpt lat="44.377314" lon="6.870261">
        <ele>2315.0</ele>
        <time>2026-08-09T07:59:15Z</time>
      </trkpt>
      <trkpt lat="44.377371" lon="6.870258">
        <ele>2314.0</ele>
        <time>2026-08-09T07:59:22Z</time>
      </trkpt>
      <trkpt lat="44.377375" lon="6.870261">
        <ele>2313.8</ele>
        <time>2026-08-09T07:59:23Z</time>
      </trkpt>
      <trkpt lat="44.377424" lon="6.870284">
        <ele>2312.6</ele>
        <time>2026-08-09T07:59:28Z</time>
      </trkpt>
      <trkpt lat="44.377444" lon="6.870288">
        <ele>2312.2</ele>
        <time>2026-08-09T07:59:30Z</time>
      </trkpt>
      <trkpt lat="44.377488" lon="6.87029">
        <ele>2311.4</ele>
        <time>2026-08-09T07:59:33Z</time>
      </trkpt>
      <trkpt lat="44.377538" lon="6.870283">
        <ele>2310.4</ele>
        <time>2026-08-09T07:59:37Z</time>
      </trkpt>
      <trkpt lat="44.377555" lon="6.870279">
        <ele>2310.0</ele>
        <time>2026-08-09T07:59:38Z</time>
      </trkpt>
      <trkpt lat="44.377609" lon="6.870261">
        <ele>2309.0</ele>
        <time>2026-08-09T07:59:42Z</time>
      </trkpt>
      <trkpt lat="44.377635" lon="6.870259">
        <ele>2308.6</ele>
        <time>2026-08-09T07:59:44Z</time>
      </trkpt>
      <trkpt lat="44.377656" lon="6.870255">
        <ele>2308.0</ele>
        <time>2026-08-09T07:59:46Z</time>
      </trkpt>
      <trkpt lat="44.377681" lon="6.870243">
        <ele>2306.8</ele>
        <time>2026-08-09T07:59:50Z</time>
      </trkpt>
      <trkpt lat="44.37768" lon="6.870243">
        <ele>2306.6</ele>
        <time>2026-08-09T07:59:51Z</time>
      </trkpt>
      <trkpt lat="44.37769" lon="6.870255">
        <ele>2305.8</ele>
        <time>2026-08-09T07:59:54Z</time>
      </trkpt>
      <trkpt lat="44.377706" lon="6.870254">
        <ele>2305.4</ele>
        <time>2026-08-09T07:59:55Z</time>
      </trkpt>
      <trkpt lat="44.377737" lon="6.870252">
        <ele>2304.8</ele>
        <time>2026-08-09T07:59:57Z</time>
      </trkpt>
      <trkpt lat="44.377744" lon="6.870252">
        <ele>2304.6</ele>
        <time>2026-08-09T07:59:58Z</time>
      </trkpt>
      <trkpt lat="44.377744" lon="6.870249">
        <ele>2303.6</ele>
        <time>2026-08-09T08:00:02Z</time>
      </trkpt>
      <trkpt lat="44.377751" lon="6.87025">
        <ele>2303.4</ele>
        <time>2026-08-09T08:00:03Z</time>
      </trkpt>
      <trkpt lat="44.377793" lon="6.870237">
        <ele>2302.4</ele>
        <time>2026-08-09T08:00:07Z</time>
      </trkpt>
      <trkpt lat="44.377834" lon="6.870214">
        <ele>2301.6</ele>
        <time>2026-08-09T08:00:11Z</time>
      </trkpt>
      <trkpt lat="44.377841" lon="6.870212">
        <ele>2301.4</ele>
        <time>2026-08-09T08:00:12Z</time>
      </trkpt>
      <trkpt lat="44.377878" lon="6.870208">
        <ele>2300.4</ele>
        <time>2026-08-09T08:00:18Z</time>
      </trkpt>
      <trkpt lat="44.377987" lon="6.870221">
        <ele>2299.4</ele>
        <time>2026-08-09T08:00:25Z</time>
      </trkpt>
      <trkpt lat="44.378002" lon="6.870221">
        <ele>2299.4</ele>
        <time>2026-08-09T08:00:26Z</time>
      </trkpt>
      <trkpt lat="44.378029" lon="6.870231">
        <ele>2299.0</ele>
        <time>2026-08-09T08:00:31Z</time>
      </trkpt>
      <trkpt lat="44.378034" lon="6.870236">
        <ele>2298.8</ele>
        <time>2026-08-09T08:00:32Z</time>
      </trkpt>
      <trkpt lat="44.378139" lon="6.870264">
        <ele>2298.4</ele>
        <time>2026-08-09T08:00:41Z</time>
      </trkpt>
      <trkpt lat="44.378158" lon="6.870274">
        <ele>2298.2</ele>
        <time>2026-08-09T08:00:43Z</time>
      </trkpt>
      <trkpt lat="44.378219" lon="6.870319">
        <ele>2298.0</ele>
        <time>2026-08-09T08:00:48Z</time>
      </trkpt>
      <trkpt lat="44.378316" lon="6.87036">
        <ele>2297.2</ele>
        <time>2026-08-09T08:00:56Z</time>
      </trkpt>
      <trkpt lat="44.378325" lon="6.870365">
        <ele>2297.2</ele>
        <time>2026-08-09T08:00:57Z</time>
      </trkpt>
      <trkpt lat="44.378404" lon="6.870416">
        <ele>2297.0</ele>
        <time>2026-08-09T08:01:05Z</time>
      </trkpt>
      <trkpt lat="44.378458" lon="6.870462">
        <ele>2296.2</ele>
        <time>2026-08-09T08:01:11Z</time>
      </trkpt>
      <trkpt lat="44.378469" lon="6.870468">
        <ele>2296.0</ele>
        <time>2026-08-09T08:01:12Z</time>
      </trkpt>
      <trkpt lat="44.378538" lon="6.870514">
        <ele>2295.6</ele>
        <time>2026-08-09T08:01:19Z</time>
      </trkpt>
      <trkpt lat="44.378574" lon="6.870537">
        <ele>2295.0</ele>
        <time>2026-08-09T08:01:22Z</time>
      </trkpt>
      <trkpt lat="44.378625" lon="6.870577">
        <ele>2294.2</ele>
        <time>2026-08-09T08:01:27Z</time>
      </trkpt>
      <trkpt lat="44.378666" lon="6.870616">
        <ele>2294.0</ele>
        <time>2026-08-09T08:01:30Z</time>
      </trkpt>
      <trkpt lat="44.378707" lon="6.870651">
        <ele>2293.4</ele>
        <time>2026-08-09T08:01:36Z</time>
      </trkpt>
      <trkpt lat="44.378754" lon="6.870682">
        <ele>2293.0</ele>
        <time>2026-08-09T08:01:40Z</time>
      </trkpt>
      <trkpt lat="44.378799" lon="6.870718">
        <ele>2292.4</ele>
        <time>2026-08-09T08:01:44Z</time>
      </trkpt>
      <trkpt lat="44.378875" lon="6.870786">
        <ele>2291.8</ele>
        <time>2026-08-09T08:01:49Z</time>
      </trkpt>
      <trkpt lat="44.37891" lon="6.870809">
        <ele>2291.4</ele>
        <time>2026-08-09T08:01:53Z</time>
      </trkpt>
      <trkpt lat="44.378966" lon="6.870852">
        <ele>2290.8</ele>
        <time>2026-08-09T08:02:00Z</time>
      </trkpt>
      <trkpt lat="44.378973" lon="6.87086">
        <ele>2290.8</ele>
        <time>2026-08-09T08:02:01Z</time>
      </trkpt>
      <trkpt lat="44.379037" lon="6.870899">
        <ele>2289.6</ele>
        <time>2026-08-09T08:02:08Z</time>
      </trkpt>
      <trkpt lat="44.379114" lon="6.870934">
        <ele>2288.6</ele>
        <time>2026-08-09T08:02:14Z</time>
      </trkpt>
      <trkpt lat="44.379237" lon="6.870969">
        <ele>2287.4</ele>
        <time>2026-08-09T08:02:23Z</time>
      </trkpt>
      <trkpt lat="44.379251" lon="6.870975">
        <ele>2287.4</ele>
        <time>2026-08-09T08:02:24Z</time>
      </trkpt>
      <trkpt lat="44.379354" lon="6.871026">
        <ele>2286.6</ele>
        <time>2026-08-09T08:02:32Z</time>
      </trkpt>
      <trkpt lat="44.37938" lon="6.871038">
        <ele>2286.4</ele>
        <time>2026-08-09T08:02:34Z</time>
      </trkpt>
      <trkpt lat="44.379434" lon="6.87109">
        <ele>2286.0</ele>
        <time>2026-08-09T08:02:40Z</time>
      </trkpt>
      <trkpt lat="44.379487" lon="6.871209">
        <ele>2285.6</ele>
        <time>2026-08-09T08:02:48Z</time>
      </trkpt>
      <trkpt lat="44.379493" lon="6.871222">
        <ele>2285.4</ele>
        <time>2026-08-09T08:02:49Z</time>
      </trkpt>
      <trkpt lat="44.379535" lon="6.871321">
        <ele>2285.2</ele>
        <time>2026-08-09T08:02:56Z</time>
      </trkpt>
      <trkpt lat="44.37958" lon="6.871437">
        <ele>2285.8</ele>
        <time>2026-08-09T08:03:04Z</time>
      </trkpt>
      <trkpt lat="44.379589" lon="6.871508">
        <ele>2286.6</ele>
        <time>2026-08-09T08:03:08Z</time>
      </trkpt>
      <trkpt lat="44.3796" lon="6.871552">
        <ele>2287.2</ele>
        <time>2026-08-09T08:03:11Z</time>
      </trkpt>
      <trkpt lat="44.379609" lon="6.871584">
        <ele>2287.6</ele>
        <time>2026-08-09T08:03:13Z</time>
      </trkpt>
      <trkpt lat="44.379624" lon="6.871636">
        <ele>2287.8</ele>
        <time>2026-08-09T08:03:17Z</time>
      </trkpt>
      <trkpt lat="44.379641" lon="6.871663">
        <ele>2287.6</ele>
        <time>2026-08-09T08:03:19Z</time>
      </trkpt>
      <trkpt lat="44.379676" lon="6.871713">
        <ele>2287.0</ele>
        <time>2026-08-09T08:03:23Z</time>
      </trkpt>
      <trkpt lat="44.3797" lon="6.871754">
        <ele>2287.2</ele>
        <time>2026-08-09T08:03:27Z</time>
      </trkpt>
      <trkpt lat="44.379703" lon="6.871799">
        <ele>2286.8</ele>
        <time>2026-08-09T08:03:31Z</time>
      </trkpt>
      <trkpt lat="44.379704" lon="6.871812">
        <ele>2286.6</ele>
        <time>2026-08-09T08:03:32Z</time>
      </trkpt>
      <trkpt lat="44.37971" lon="6.871828">
        <ele>2286.4</ele>
        <time>2026-08-09T08:03:33Z</time>
      </trkpt>
      <trkpt lat="44.379715" lon="6.871845">
        <ele>2286.4</ele>
        <time>2026-08-09T08:03:34Z</time>
      </trkpt>
      <trkpt lat="44.379775" lon="6.87193">
        <ele>2285.4</ele>
        <time>2026-08-09T08:03:40Z</time>
      </trkpt>
      <trkpt lat="44.379807" lon="6.871973">
        <ele>2285.0</ele>
        <time>2026-08-09T08:03:43Z</time>
      </trkpt>
      <trkpt lat="44.379829" lon="6.871999">
        <ele>2284.6</ele>
        <time>2026-08-09T08:03:48Z</time>
      </trkpt>
      <trkpt lat="44.37983" lon="6.871988">
        <ele>2284.6</ele>
        <time>2026-08-09T08:03:50Z</time>
      </trkpt>
      <trkpt lat="44.379824" lon="6.871982">
        <ele>2284.6</ele>
        <time>2026-08-09T08:03:53Z</time>
      </trkpt>
      <trkpt lat="44.379818" lon="6.872004">
        <ele>2284.6</ele>
        <time>2026-08-09T08:03:56Z</time>
      </trkpt>
      <trkpt lat="44.379822" lon="6.872001">
        <ele>2284.6</ele>
        <time>2026-08-09T08:03:57Z</time>
      </trkpt>
      <trkpt lat="44.379834" lon="6.871999">
        <ele>2284.6</ele>
        <time>2026-08-09T08:03:58Z</time>
      </trkpt>
      <trkpt lat="44.379812" lon="6.872004">
        <ele>2284.6</ele>
        <time>2026-08-09T08:04:03Z</time>
      </trkpt>
      <trkpt lat="44.379811" lon="6.872004">
        <ele>2284.6</ele>
        <time>2026-08-09T08:04:04Z</time>
      </trkpt>
      <trkpt lat="44.379815" lon="6.872">
        <ele>2284.8</ele>
        <time>2026-08-09T08:04:10Z</time>
      </trkpt>
      <trkpt lat="44.379839" lon="6.87195">
        <ele>2285.2</ele>
        <time>2026-08-09T08:04:16Z</time>
      </trkpt>
      <trkpt lat="44.379765" lon="6.871947">
        <ele>2285.8</ele>
        <time>2026-08-09T08:04:23Z</time>
      </trkpt>
      <trkpt lat="44.379787" lon="6.871958">
        <ele>2286.2</ele>
        <time>2026-08-09T08:04:30Z</time>
      </trkpt>
      <trkpt lat="44.379789" lon="6.871957">
        <ele>2286.2</ele>
        <time>2026-08-09T08:04:31Z</time>
      </trkpt>
      <trkpt lat="44.379793" lon="6.871969">
        <ele>2286.2</ele>
        <time>2026-08-09T08:04:38Z</time>
      </trkpt>
      <trkpt lat="44.379768" lon="6.871996">
        <ele>2286.2</ele>
        <time>2026-08-09T08:04:44Z</time>
      </trkpt>
      <trkpt lat="44.379765" lon="6.871993">
        <ele>2286.2</ele>
        <time>2026-08-09T08:04:45Z</time>
      </trkpt>
      <trkpt lat="44.379749" lon="6.87195">
        <ele>2286.4</ele>
        <time>2026-08-09T08:04:49Z</time>
      </trkpt>
      <trkpt lat="44.379745" lon="6.871933">
        <ele>2286.4</ele>
        <time>2026-08-09T08:04:51Z</time>
      </trkpt>
      <trkpt lat="44.379754" lon="6.87195">
        <ele>2286.4</ele>
        <time>2026-08-09T08:04:53Z</time>
      </trkpt>
      <trkpt lat="44.379752" lon="6.871984">
        <ele>2286.6</ele>
        <time>2026-08-09T08:04:56Z</time>
      </trkpt>
      <trkpt lat="44.379757" lon="6.871986">
        <ele>2286.4</ele>
        <time>2026-08-09T08:04:57Z</time>
      </trkpt>
      <trkpt lat="44.379776" lon="6.871968">
        <ele>2286.4</ele>
        <time>2026-08-09T08:05:00Z</time>
      </trkpt>
      <trkpt lat="44.379777" lon="6.871958">
        <ele>2286.4</ele>
        <time>2026-08-09T08:05:03Z</time>
      </trkpt>
      <trkpt lat="44.379753" lon="6.872011">
        <ele>2286.6</ele>
        <time>2026-08-09T08:05:13Z</time>
      </trkpt>
      <trkpt lat="44.379751" lon="6.872014">
        <ele>2286.4</ele>
        <time>2026-08-09T08:05:15Z</time>
      </trkpt>
      <trkpt lat="44.379743" lon="6.872005">
        <ele>2286.4</ele>
        <time>2026-08-09T08:05:17Z</time>
      </trkpt>
      <trkpt lat="44.379754" lon="6.871997">
        <ele>2286.4</ele>
        <time>2026-08-09T08:05:19Z</time>
      </trkpt>
      <trkpt lat="44.379793" lon="6.871978">
        <ele>2285.8</ele>
        <time>2026-08-09T08:05:24Z</time>
      </trkpt>
      <trkpt lat="44.379793" lon="6.871968">
        <ele>2285.4</ele>
        <time>2026-08-09T08:05:32Z</time>
      </trkpt>
      <trkpt lat="44.379767" lon="6.871961">
        <ele>2285.4</ele>
        <time>2026-08-09T08:05:40Z</time>
      </trkpt>
      <trkpt lat="44.379764" lon="6.871969">
        <ele>2285.4</ele>
        <time>2026-08-09T08:05:42Z</time>
      </trkpt>
      <trkpt lat="44.379768" lon="6.871989">
        <ele>2285.4</ele>
        <time>2026-08-09T08:05:48Z</time>
      </trkpt>
      <trkpt lat="44.379775" lon="6.872004">
        <ele>2285.4</ele>
        <time>2026-08-09T08:05:52Z</time>
      </trkpt>
      <trkpt lat="44.379775" lon="6.872001">
        <ele>2285.6</ele>
        <time>2026-08-09T08:05:54Z</time>
      </trkpt>
      <trkpt lat="44.379796" lon="6.871984">
        <ele>2285.6</ele>
        <time>2026-08-09T08:05:59Z</time>
      </trkpt>
      <trkpt lat="44.389892" lon="6.875143">
        <ele>2085.6</ele>
        <time>2026-08-09T09:15:45Z</time>
      </trkpt>
      <trkpt lat="44.389901" lon="6.875136">
        <ele>2085.2</ele>
        <time>2026-08-09T09:15:46Z</time>
      </trkpt>
      <trkpt lat="44.389908" lon="6.87513">
        <ele>2085.0</ele>
        <time>2026-08-09T09:15:47Z</time>
      </trkpt>
      <trkpt lat="44.389933" lon="6.875103">
        <ele>2084.2</ele>
        <time>2026-08-09T09:15:50Z</time>
      </trkpt>
      <trkpt lat="44.389976" lon="6.875048">
        <ele>2083.0</ele>
        <time>2026-08-09T09:15:55Z</time>
      </trkpt>
      <trkpt lat="44.389983" lon="6.87504">
        <ele>2082.8</ele>
        <time>2026-08-09T09:15:56Z</time>
      </trkpt>
      <trkpt lat="44.390012" lon="6.87501">
        <ele>2082.0</ele>
        <time>2026-08-09T09:16:00Z</time>
      </trkpt>
      <trkpt lat="44.39004" lon="6.874976">
        <ele>2081.6</ele>
        <time>2026-08-09T09:16:04Z</time>
      </trkpt>
      <trkpt lat="44.390047" lon="6.87496">
        <ele>2081.4</ele>
        <time>2026-08-09T09:16:05Z</time>
      </trkpt>
      <trkpt lat="44.390083" lon="6.874906">
        <ele>2081.0</ele>
        <time>2026-08-09T09:16:10Z</time>
      </trkpt>
      <trkpt lat="44.390148" lon="6.874866">
        <ele>2080.6</ele>
        <time>2026-08-09T09:16:15Z</time>
      </trkpt>
      <trkpt lat="44.390179" lon="6.874854">
        <ele>2079.8</ele>
        <time>2026-08-09T09:16:18Z</time>
      </trkpt>
      <trkpt lat="44.390224" lon="6.874852">
        <ele>2078.8</ele>
        <time>2026-08-09T09:16:23Z</time>
      </trkpt>
      <trkpt lat="44.390238" lon="6.874854">
        <ele>2078.6</ele>
        <time>2026-08-09T09:16:24Z</time>
      </trkpt>
      <trkpt lat="44.390289" lon="6.874864">
        <ele>2077.6</ele>
        <time>2026-08-09T09:16:30Z</time>
      </trkpt>
      <trkpt lat="44.390335" lon="6.874834">
        <ele>2076.4</ele>
        <time>2026-08-09T09:16:35Z</time>
      </trkpt>
      <trkpt lat="44.390379" lon="6.874799">
        <ele>2075.2</ele>
        <time>2026-08-09T09:16:40Z</time>
      </trkpt>
      <trkpt lat="44.390426" lon="6.874779">
        <ele>2074.4</ele>
        <time>2026-08-09T09:16:45Z</time>
      </trkpt>
      <trkpt lat="44.390448" lon="6.874768">
        <ele>2074.2</ele>
        <time>2026-08-09T09:16:47Z</time>
      </trkpt>
      <trkpt lat="44.390501" lon="6.874744">
        <ele>2073.6</ele>
        <time>2026-08-09T09:16:52Z</time>
      </trkpt>
      <trkpt lat="44.390551" lon="6.874794">
        <ele>2073.4</ele>
        <time>2026-08-09T09:16:58Z</time>
      </trkpt>
      <trkpt lat="44.390554" lon="6.874834">
        <ele>2073.2</ele>
        <time>2026-08-09T09:17:00Z</time>
      </trkpt>
      <trkpt lat="44.390555" lon="6.874861">
        <ele>2073.2</ele>
        <time>2026-08-09T09:17:01Z</time>
      </trkpt>
      <trkpt lat="44.390559" lon="6.874953">
        <ele>2072.2</ele>
        <time>2026-08-09T09:17:06Z</time>
      </trkpt>
      <trkpt lat="44.390562" lon="6.87497">
        <ele>2072.0</ele>
        <time>2026-08-09T09:17:07Z</time>
      </trkpt>
      <trkpt lat="44.390613" lon="6.875063">
        <ele>2071.6</ele>
        <time>2026-08-09T09:17:14Z</time>
      </trkpt>
      <trkpt lat="44.390633" lon="6.875116">
        <ele>2070.8</ele>
        <time>2026-08-09T09:17:18Z</time>
      </trkpt>
      <trkpt lat="44.390649" lon="6.875178">
        <ele>2070.4</ele>
        <time>2026-08-09T09:17:22Z</time>
      </trkpt>
      <trkpt lat="44.390667" lon="6.875246">
        <ele>2069.8</ele>
        <time>2026-08-09T09:17:26Z</time>
      </trkpt>
      <trkpt lat="44.390705" lon="6.875308">
        <ele>2069.4</ele>
        <time>2026-08-09T09:17:31Z</time>
      </trkpt>
      <trkpt lat="44.390731" lon="6.875343">
        <ele>2068.8</ele>
        <time>2026-08-09T09:17:34Z</time>
      </trkpt>
      <trkpt lat="44.390759" lon="6.875383">
        <ele>2067.8</ele>
        <time>2026-08-09T09:17:37Z</time>
      </trkpt>
      <trkpt lat="44.390773" lon="6.875407">
        <ele>2067.2</ele>
        <time>2026-08-09T09:17:39Z</time>
      </trkpt>
      <trkpt lat="44.390784" lon="6.875427">
        <ele>2066.8</ele>
        <time>2026-08-09T09:17:41Z</time>
      </trkpt>
      <trkpt lat="44.390814" lon="6.875497">
        <ele>2065.4</ele>
        <time>2026-08-09T09:17:46Z</time>
      </trkpt>
      <trkpt lat="44.390829" lon="6.875519">
        <ele>2065.0</ele>
        <time>2026-08-09T09:17:48Z</time>
      </trkpt>
      <trkpt lat="44.390854" lon="6.875562">
        <ele>2064.2</ele>
        <time>2026-08-09T09:17:51Z</time>
      </trkpt>
      <trkpt lat="44.390858" lon="6.875622">
        <ele>2063.2</ele>
        <time>2026-08-09T09:17:55Z</time>
      </trkpt>
      <trkpt lat="44.390852" lon="6.875634">
        <ele>2062.8</ele>
        <time>2026-08-09T09:17:56Z</time>
      </trkpt>
      <trkpt lat="44.390821" lon="6.875663">
        <ele>2061.8</ele>
        <time>2026-08-09T09:17:59Z</time>
      </trkpt>
      <trkpt lat="44.390786" lon="6.875698">
        <ele>2060.8</ele>
        <time>2026-08-09T09:18:02Z</time>
      </trkpt>
      <trkpt lat="44.390777" lon="6.875712">
        <ele>2060.6</ele>
        <time>2026-08-09T09:18:03Z</time>
      </trkpt>
      <trkpt lat="44.390748" lon="6.875765">
        <ele>2059.6</ele>
        <time>2026-08-09T09:18:06Z</time>
      </trkpt>
      <trkpt lat="44.390748" lon="6.875813">
        <ele>2058.6</ele>
        <time>2026-08-09T09:18:09Z</time>
      </trkpt>
      <trkpt lat="44.390757" lon="6.87582">
        <ele>2058.2</ele>
        <time>2026-08-09T09:18:10Z</time>
      </trkpt>
      <trkpt lat="44.390797" lon="6.875832">
        <ele>2057.6</ele>
        <time>2026-08-09T09:18:13Z</time>
      </trkpt>
      <trkpt lat="44.39086" lon="6.875869">
        <ele>2056.6</ele>
        <time>2026-08-09T09:18:17Z</time>
      </trkpt>
      <trkpt lat="44.390874" lon="6.875878">
        <ele>2056.4</ele>
        <time>2026-08-09T09:18:18Z</time>
      </trkpt>
      <trkpt lat="44.39094" lon="6.875918">
        <ele>2055.4</ele>
        <time>2026-08-09T09:18:23Z</time>
      </trkpt>
      <trkpt lat="44.390971" lon="6.87593">
        <ele>2055.0</ele>
        <time>2026-08-09T09:18:26Z</time>
      </trkpt>
      <trkpt lat="44.391013" lon="6.875947">
        <ele>2054.4</ele>
        <time>2026-08-09T09:18:29Z</time>
      </trkpt>
      <trkpt lat="44.391065" lon="6.875957">
        <ele>2053.2</ele>
        <time>2026-08-09T09:18:33Z</time>
      </trkpt>
      <trkpt lat="44.391082" lon="6.875955">
        <ele>2052.6</ele>
        <time>2026-08-09T09:18:35Z</time>
      </trkpt>
      <trkpt lat="44.391113" lon="6.875941">
        <ele>2052.0</ele>
        <time>2026-08-09T09:18:38Z</time>
      </trkpt>
      <trkpt lat="44.391154" lon="6.875953">
        <ele>2051.0</ele>
        <time>2026-08-09T09:18:44Z</time>
      </trkpt>
      <trkpt lat="44.39118" lon="6.875998">
        <ele>2050.0</ele>
        <time>2026-08-09T09:18:48Z</time>
      </trkpt>
      <trkpt lat="44.391211" lon="6.876046">
        <ele>2050.2</ele>
        <time>2026-08-09T09:18:52Z</time>
      </trkpt>
      <trkpt lat="44.391275" lon="6.876072">
        <ele>2049.0</ele>
        <time>2026-08-09T09:18:56Z</time>
      </trkpt>
      <trkpt lat="44.391326" lon="6.876069">
        <ele>2048.0</ele>
        <time>2026-08-09T09:18:59Z</time>
      </trkpt>
      <trkpt lat="44.391338" lon="6.876063">
        <ele>2047.8</ele>
        <time>2026-08-09T09:19:00Z</time>
      </trkpt>
      <trkpt lat="44.391366" lon="6.876036">
        <ele>2046.8</ele>
        <time>2026-08-09T09:19:03Z</time>
      </trkpt>
      <trkpt lat="44.391398" lon="6.876008">
        <ele>2046.0</ele>
        <time>2026-08-09T09:19:06Z</time>
      </trkpt>
      <trkpt lat="44.391406" lon="6.876004">
        <ele>2045.6</ele>
        <time>2026-08-09T09:19:07Z</time>
      </trkpt>
      <trkpt lat="44.391443" lon="6.875995">
        <ele>2044.4</ele>
        <time>2026-08-09T09:19:11Z</time>
      </trkpt>
      <trkpt lat="44.391465" lon="6.875989">
        <ele>2044.0</ele>
        <time>2026-08-09T09:19:13Z</time>
      </trkpt>
      <trkpt lat="44.391507" lon="6.875981">
        <ele>2043.4</ele>
        <time>2026-08-09T09:19:17Z</time>
      </trkpt>
      <trkpt lat="44.391595" lon="6.876003">
        <ele>2043.4</ele>
        <time>2026-08-09T09:19:23Z</time>
      </trkpt>
      <trkpt lat="44.391627" lon="6.876045">
        <ele>2043.2</ele>
        <time>2026-08-09T09:19:27Z</time>
      </trkpt>
      <trkpt lat="44.391645" lon="6.876075">
        <ele>2042.2</ele>
        <time>2026-08-09T09:19:30Z</time>
      </trkpt>
      <trkpt lat="44.391663" lon="6.876115">
        <ele>2041.2</ele>
        <time>2026-08-09T09:19:37Z</time>
      </trkpt>
      <trkpt lat="44.391674" lon="6.876133">
        <ele>2040.8</ele>
        <time>2026-08-09T09:19:39Z</time>
      </trkpt>
      <trkpt lat="44.391707" lon="6.876172">
        <ele>2040.0</ele>
        <time>2026-08-09T09:19:43Z</time>
      </trkpt>
      <trkpt lat="44.391726" lon="6.876193">
        <ele>2038.8</ele>
        <time>2026-08-09T09:19:46Z</time>
      </trkpt>
      <trkpt lat="44.391731" lon="6.876202">
        <ele>2038.6</ele>
        <time>2026-08-09T09:19:47Z</time>
      </trkpt>
      <trkpt lat="44.391753" lon="6.876242">
        <ele>2037.8</ele>
        <time>2026-08-09T09:19:51Z</time>
      </trkpt>
      <trkpt lat="44.391771" lon="6.876283">
        <ele>2036.8</ele>
        <time>2026-08-09T09:19:56Z</time>
      </trkpt>
      <trkpt lat="44.391783" lon="6.876301">
        <ele>2036.6</ele>
        <time>2026-08-09T09:19:58Z</time>
      </trkpt>
      <trkpt lat="44.39182" lon="6.876343">
        <ele>2035.4</ele>
        <time>2026-08-09T09:20:03Z</time>
      </trkpt>
      <trkpt lat="44.391854" lon="6.876378">
        <ele>2034.2</ele>
        <time>2026-08-09T09:20:07Z</time>
      </trkpt>
      <trkpt lat="44.391892" lon="6.876421">
        <ele>2033.2</ele>
        <time>2026-08-09T09:20:11Z</time>
      </trkpt>
      <trkpt lat="44.391943" lon="6.876473">
        <ele>2032.2</ele>
        <time>2026-08-09T09:20:15Z</time>
      </trkpt>
      <trkpt lat="44.391952" lon="6.876484">
        <ele>2031.8</ele>
        <time>2026-08-09T09:20:16Z</time>
      </trkpt>
      <trkpt lat="44.391979" lon="6.876507">
        <ele>2031.0</ele>
        <time>2026-08-09T09:20:19Z</time>
      </trkpt>
      <trkpt lat="44.392009" lon="6.87653">
        <ele>2029.8</ele>
        <time>2026-08-09T09:20:23Z</time>
      </trkpt>
      <trkpt lat="44.392045" lon="6.876552">
        <ele>2029.0</ele>
        <time>2026-08-09T09:20:26Z</time>
      </trkpt>
      <trkpt lat="44.392054" lon="6.876557">
        <ele>2028.6</ele>
        <time>2026-08-09T09:20:27Z</time>
      </trkpt>
      <trkpt lat="44.392086" lon="6.87658">
        <ele>2027.4</ele>
        <time>2026-08-09T09:20:31Z</time>
      </trkpt>
      <trkpt lat="44.392132" lon="6.876646">
        <ele>2026.4</ele>
        <time>2026-08-09T09:20:36Z</time>
      </trkpt>
      <trkpt lat="44.392158" lon="6.876714">
        <ele>2025.4</ele>
        <time>2026-08-09T09:20:40Z</time>
      </trkpt>
      <trkpt lat="44.392169" lon="6.876769">
        <ele>2024.4</ele>
        <time>2026-08-09T09:20:44Z</time>
      </trkpt>
      <trkpt lat="44.392172" lon="6.876784">
        <ele>2024.2</ele>
        <time>2026-08-09T09:20:45Z</time>
      </trkpt>
      <trkpt lat="44.392178" lon="6.876826">
        <ele>2023.4</ele>
        <time>2026-08-09T09:20:48Z</time>
      </trkpt>
      <trkpt lat="44.392181" lon="6.876886">
        <ele>2022.2</ele>
        <time>2026-08-09T09:20:52Z</time>
      </trkpt>
      <trkpt lat="44.392183" lon="6.876924">
        <ele>2021.6</ele>
        <time>2026-08-09T09:20:54Z</time>
      </trkpt>
      <trkpt lat="44.392189" lon="6.876946">
        <ele>2021.0</ele>
        <time>2026-08-09T09:20:56Z</time>
      </trkpt>
      <trkpt lat="44.392238" lon="6.877042">
        <ele>2020.2</ele>
        <time>2026-08-09T09:21:04Z</time>
      </trkpt>
      <trkpt lat="44.392266" lon="6.877084">
        <ele>2020.0</ele>
        <time>2026-08-09T09:21:07Z</time>
      </trkpt>
      <trkpt lat="44.392303" lon="6.877114">
        <ele>2019.0</ele>
        <time>2026-08-09T09:21:10Z</time>
      </trkpt>
      <trkpt lat="44.392351" lon="6.877133">
        <ele>2017.6</ele>
        <time>2026-08-09T09:21:14Z</time>
      </trkpt>
      <trkpt lat="44.392411" lon="6.877124">
        <ele>2016.6</ele>
        <time>2026-08-09T09:21:19Z</time>
      </trkpt>
      <trkpt lat="44.392464" lon="6.877109">
        <ele>2015.4</ele>
        <time>2026-08-09T09:21:24Z</time>
      </trkpt>
      <trkpt lat="44.392472" lon="6.877118">
        <ele>2014.4</ele>
        <time>2026-08-09T09:21:29Z</time>
      </trkpt>
      <trkpt lat="44.392471" lon="6.877123">
        <ele>2014.2</ele>
        <time>2026-08-09T09:21:30Z</time>
      </trkpt>
      <trkpt lat="44.392498" lon="6.877166">
        <ele>2013.4</ele>
        <time>2026-08-09T09:21:39Z</time>
      </trkpt>
      <trkpt lat="44.392507" lon="6.87717">
        <ele>2013.2</ele>
        <time>2026-08-09T09:21:40Z</time>
      </trkpt>
      <trkpt lat="44.392573" lon="6.877183">
        <ele>2012.6</ele>
        <time>2026-08-09T09:21:46Z</time>
      </trkpt>
      <trkpt lat="44.392602" lon="6.877189">
        <ele>2012.0</ele>
        <time>2026-08-09T09:21:48Z</time>
      </trkpt>
      <trkpt lat="44.392703" lon="6.877209">
        <ele>2011.0</ele>
        <time>2026-08-09T09:21:54Z</time>
      </trkpt>
      <trkpt lat="44.392718" lon="6.877209">
        <ele>2010.8</ele>
        <time>2026-08-09T09:21:55Z</time>
      </trkpt>
      <trkpt lat="44.392741" lon="6.877205">
        <ele>2010.6</ele>
        <time>2026-08-09T09:21:57Z</time>
      </trkpt>
      <trkpt lat="44.392772" lon="6.877198">
        <ele>2009.8</ele>
        <time>2026-08-09T09:22:00Z</time>
      </trkpt>
      <trkpt lat="44.39283" lon="6.87721">
        <ele>2009.0</ele>
        <time>2026-08-09T09:22:05Z</time>
      </trkpt>
      <trkpt lat="44.392857" lon="6.877221">
        <ele>2008.8</ele>
        <time>2026-08-09T09:22:07Z</time>
      </trkpt>
      <trkpt lat="44.392944" lon="6.877262">
        <ele>2007.8</ele>
        <time>2026-08-09T09:22:14Z</time>
      </trkpt>
      <trkpt lat="44.393001" lon="6.87728">
        <ele>2006.6</ele>
        <time>2026-08-09T09:22:20Z</time>
      </trkpt>
      <trkpt lat="44.39303" lon="6.877299">
        <ele>2006.2</ele>
        <time>2026-08-09T09:22:22Z</time>
      </trkpt>
      <trkpt lat="44.393076" lon="6.877342">
        <ele>2005.6</ele>
        <time>2026-08-09T09:22:26Z</time>
      </trkpt>
      <trkpt lat="44.393111" lon="6.877384">
        <ele>2005.0</ele>
        <time>2026-08-09T09:22:30Z</time>
      </trkpt>
      <trkpt lat="44.39319" lon="6.877444">
        <ele>2004.6</ele>
        <time>2026-08-09T09:22:37Z</time>
      </trkpt>
      <trkpt lat="44.393232" lon="6.877462">
        <ele>2004.2</ele>
        <time>2026-08-09T09:22:40Z</time>
      </trkpt>
      <trkpt lat="44.393331" lon="6.877508">
        <ele>2003.6</ele>
        <time>2026-08-09T09:22:48Z</time>
      </trkpt>
      <trkpt lat="44.393345" lon="6.877515">
        <ele>2003.4</ele>
        <time>2026-08-09T09:22:49Z</time>
      </trkpt>
      <trkpt lat="44.393426" lon="6.877547">
        <ele>2002.4</ele>
        <time>2026-08-09T09:22:55Z</time>
      </trkpt>
      <trkpt lat="44.393452" lon="6.877554">
        <ele>2002.0</ele>
        <time>2026-08-09T09:22:57Z</time>
      </trkpt>
      <trkpt lat="44.393493" lon="6.87757">
        <ele>2001.4</ele>
        <time>2026-08-09T09:23:00Z</time>
      </trkpt>
      <trkpt lat="44.393544" lon="6.877593">
        <ele>2000.2</ele>
        <time>2026-08-09T09:23:05Z</time>
      </trkpt>
      <trkpt lat="44.393556" lon="6.877597">
        <ele>2000.0</ele>
        <time>2026-08-09T09:23:06Z</time>
      </trkpt>
      <trkpt lat="44.393656" lon="6.877613">
        <ele>1999.0</ele>
        <time>2026-08-09T09:23:13Z</time>
      </trkpt>
      <trkpt lat="44.39369" lon="6.877613">
        <ele>1998.4</ele>
        <time>2026-08-09T09:23:16Z</time>
      </trkpt>
      <trkpt lat="44.393738" lon="6.877615">
        <ele>1997.8</ele>
        <time>2026-08-09T09:23:20Z</time>
      </trkpt>
      <trkpt lat="44.393803" lon="6.87762">
        <ele>1997.2</ele>
        <time>2026-08-09T09:23:24Z</time>
      </trkpt>
      <trkpt lat="44.39385" lon="6.87762">
        <ele>1996.8</ele>
        <time>2026-08-09T09:23:27Z</time>
      </trkpt>
      <trkpt lat="44.393939" lon="6.87762">
        <ele>1996.2</ele>
        <time>2026-08-09T09:23:33Z</time>
      </trkpt>
      <trkpt lat="44.394032" lon="6.877637">
        <ele>1995.8</ele>
        <time>2026-08-09T09:23:40Z</time>
      </trkpt>
      <trkpt lat="44.394083" lon="6.877645">
        <ele>1995.4</ele>
        <time>2026-08-09T09:23:44Z</time>
      </trkpt>
      <trkpt lat="44.394204" lon="6.877664">
        <ele>1995.0</ele>
        <time>2026-08-09T09:23:53Z</time>
      </trkpt>
      <trkpt lat="44.394267" lon="6.877709">
        <ele>1994.6</ele>
        <time>2026-08-09T09:24:00Z</time>
      </trkpt>
      <trkpt lat="44.394283" lon="6.877726">
        <ele>1994.4</ele>
        <time>2026-08-09T09:24:02Z</time>
      </trkpt>
      <trkpt lat="44.394324" lon="6.877765">
        <ele>1993.6</ele>
        <time>2026-08-09T09:24:05Z</time>
      </trkpt>
      <trkpt lat="44.394377" lon="6.877804">
        <ele>1992.6</ele>
        <time>2026-08-09T09:24:09Z</time>
      </trkpt>
      <trkpt lat="44.394387" lon="6.877814">
        <ele>1992.4</ele>
        <time>2026-08-09T09:24:10Z</time>
      </trkpt>
      <trkpt lat="44.394436" lon="6.877833">
        <ele>1991.6</ele>
        <time>2026-08-09T09:24:15Z</time>
      </trkpt>
      <trkpt lat="44.394466" lon="6.877825">
        <ele>1990.8</ele>
        <time>2026-08-09T09:24:18Z</time>
      </trkpt>
      <trkpt lat="44.394481" lon="6.877813">
        <ele>1990.2</ele>
        <time>2026-08-09T09:24:20Z</time>
      </trkpt>
      <trkpt lat="44.394526" lon="6.877793">
        <ele>1989.2</ele>
        <time>2026-08-09T09:24:24Z</time>
      </trkpt>
      <trkpt lat="44.394565" lon="6.877784">
        <ele>1988.6</ele>
        <time>2026-08-09T09:24:27Z</time>
      </trkpt>
      <trkpt lat="44.39461" lon="6.877789">
        <ele>1988.2</ele>
        <time>2026-08-09T09:24:30Z</time>
      </trkpt>
      <trkpt lat="44.394676" lon="6.877789">
        <ele>1987.4</ele>
        <time>2026-08-09T09:24:36Z</time>
      </trkpt>
      <trkpt lat="44.394716" lon="6.877792">
        <ele>1987.0</ele>
        <time>2026-08-09T09:24:39Z</time>
      </trkpt>
      <trkpt lat="44.394796" lon="6.877779">
        <ele>1986.6</ele>
        <time>2026-08-09T09:24:45Z</time>
      </trkpt>
      <trkpt lat="44.394855" lon="6.877775">
        <ele>1985.8</ele>
        <time>2026-08-09T09:24:50Z</time>
      </trkpt>
      <trkpt lat="44.394892" lon="6.877779">
        <ele>1985.4</ele>
        <time>2026-08-09T09:24:54Z</time>
      </trkpt>
      <trkpt lat="44.394933" lon="6.877787">
        <ele>1984.8</ele>
        <time>2026-08-09T09:24:57Z</time>
      </trkpt>
      <trkpt lat="44.394991" lon="6.877794">
        <ele>1983.8</ele>
        <time>2026-08-09T09:25:01Z</time>
      </trkpt>
      <trkpt lat="44.395039" lon="6.877775">
        <ele>1982.6</ele>
        <time>2026-08-09T09:25:05Z</time>
      </trkpt>
      <trkpt lat="44.3951" lon="6.877749">
        <ele>1981.4</ele>
        <time>2026-08-09T09:25:11Z</time>
      </trkpt>
      <trkpt lat="44.395161" lon="6.877725">
        <ele>1980.8</ele>
        <time>2026-08-09T09:25:15Z</time>
      </trkpt>
      <trkpt lat="44.395193" lon="6.877707">
        <ele>1980.4</ele>
        <time>2026-08-09T09:25:17Z</time>
      </trkpt>
      <trkpt lat="44.395291" lon="6.87764">
        <ele>1979.4</ele>
        <time>2026-08-09T09:25:24Z</time>
      </trkpt>
      <trkpt lat="44.395301" lon="6.87763">
        <ele>1979.4</ele>
        <time>2026-08-09T09:25:25Z</time>
      </trkpt>
      <trkpt lat="44.395378" lon="6.877576">
        <ele>1978.6</ele>
        <time>2026-08-09T09:25:32Z</time>
      </trkpt>
      <trkpt lat="44.395461" lon="6.877544">
        <ele>1978.4</ele>
        <time>2026-08-09T09:25:39Z</time>
      </trkpt>
      <trkpt lat="44.395484" lon="6.877534">
        <ele>1978.2</ele>
        <time>2026-08-09T09:25:41Z</time>
      </trkpt>
      <trkpt lat="44.39561" lon="6.877447">
        <ele>1978.0</ele>
        <time>2026-08-09T09:25:50Z</time>
      </trkpt>
      <trkpt lat="44.395685" lon="6.877391">
        <ele>1977.8</ele>
        <time>2026-08-09T09:25:58Z</time>
      </trkpt>
      <trkpt lat="44.395814" lon="6.877377">
        <ele>1977.8</ele>
        <time>2026-08-09T09:26:07Z</time>
      </trkpt>
      <trkpt lat="44.395922" lon="6.877392">
        <ele>1977.8</ele>
        <time>2026-08-09T09:26:15Z</time>
      </trkpt>
      <trkpt lat="44.395986" lon="6.877405">
        <ele>1978.2</ele>
        <time>2026-08-09T09:26:20Z</time>
      </trkpt>
      <trkpt lat="44.396048" lon="6.877389">
        <ele>1978.0</ele>
        <time>2026-08-09T09:26:25Z</time>
      </trkpt>
      <trkpt lat="44.396105" lon="6.877369">
        <ele>1978.0</ele>
        <time>2026-08-09T09:26:29Z</time>
      </trkpt>
      <trkpt lat="44.396118" lon="6.877362">
        <ele>1978.0</ele>
        <time>2026-08-09T09:26:30Z</time>
      </trkpt>
      <trkpt lat="44.396144" lon="6.877345">
        <ele>1978.0</ele>
        <time>2026-08-09T09:26:32Z</time>
      </trkpt>
      <trkpt lat="44.396203" lon="6.8773">
        <ele>1978.0</ele>
        <time>2026-08-09T09:26:36Z</time>
      </trkpt>
      <trkpt lat="44.396288" lon="6.877258">
        <ele>1978.6</ele>
        <time>2026-08-09T09:26:45Z</time>
      </trkpt>
      <trkpt lat="44.396376" lon="6.877288">
        <ele>1979.2</ele>
        <time>2026-08-09T09:26:54Z</time>
      </trkpt>
      <trkpt lat="44.396389" lon="6.877293">
        <ele>1979.2</ele>
        <time>2026-08-09T09:26:55Z</time>
      </trkpt>
      <trkpt lat="44.396411" lon="6.877298">
        <ele>1979.4</ele>
        <time>2026-08-09T09:26:57Z</time>
      </trkpt>
      <trkpt lat="44.396509" lon="6.877245">
        <ele>1979.2</ele>
        <time>2026-08-09T09:27:03Z</time>
      </trkpt>
      <trkpt lat="44.396582" lon="6.877231">
        <ele>1980.4</ele>
        <time>2026-08-09T09:27:10Z</time>
      </trkpt>
      <trkpt lat="44.396592" lon="6.877231">
        <ele>1980.4</ele>
        <time>2026-08-09T09:27:11Z</time>
      </trkpt>
      <trkpt lat="44.396665" lon="6.877232">
        <ele>1981.6</ele>
        <time>2026-08-09T09:27:17Z</time>
      </trkpt>
      <trkpt lat="44.396695" lon="6.877229">
        <ele>1982.0</ele>
        <time>2026-08-09T09:27:20Z</time>
      </trkpt>
      <trkpt lat="44.396764" lon="6.877198">
        <ele>1981.6</ele>
        <time>2026-08-09T09:27:28Z</time>
      </trkpt>
      <trkpt lat="44.396856" lon="6.877226">
        <ele>1980.8</ele>
        <time>2026-08-09T09:27:36Z</time>
      </trkpt>
      <trkpt lat="44.39687" lon="6.877227">
        <ele>1980.4</ele>
        <time>2026-08-09T09:27:37Z</time>
      </trkpt>
      <trkpt lat="44.396954" lon="6.877225">
        <ele>1979.4</ele>
        <time>2026-08-09T09:27:42Z</time>
      </trkpt>
      <trkpt lat="44.396997" lon="6.877215">
        <ele>1978.8</ele>
        <time>2026-08-09T09:27:45Z</time>
      </trkpt>
      <trkpt lat="44.397035" lon="6.8772">
        <ele>1978.4</ele>
        <time>2026-08-09T09:27:48Z</time>
      </trkpt>
      <trkpt lat="44.397108" lon="6.877174">
        <ele>1977.6</ele>
        <time>2026-08-09T09:27:53Z</time>
      </trkpt>
      <trkpt lat="44.397129" lon="6.877154">
        <ele>1977.2</ele>
        <time>2026-08-09T09:27:55Z</time>
      </trkpt>
      <trkpt lat="44.397203" lon="6.877099">
        <ele>1976.2</ele>
        <time>2026-08-09T09:28:01Z</time>
      </trkpt>
      <trkpt lat="44.397231" lon="6.877084">
        <ele>1976.0</ele>
        <time>2026-08-09T09:28:03Z</time>
      </trkpt>
      <trkpt lat="44.39737" lon="6.87702">
        <ele>1976.0</ele>
        <time>2026-08-09T09:28:13Z</time>
      </trkpt>
      <trkpt lat="44.39746" lon="6.877022">
        <ele>1975.8</ele>
        <time>2026-08-09T09:28:20Z</time>
      </trkpt>
      <trkpt lat="44.397591" lon="6.876973">
        <ele>1975.2</ele>
        <time>2026-08-09T09:28:29Z</time>
      </trkpt>
      <trkpt lat="44.397604" lon="6.876969">
        <ele>1975.2</ele>
        <time>2026-08-09T09:28:30Z</time>
      </trkpt>
      <trkpt lat="44.397712" lon="6.876997">
        <ele>1974.6</ele>
        <time>2026-08-09T09:28:38Z</time>
      </trkpt>
      <trkpt lat="44.397791" lon="6.876988">
        <ele>1974.0</ele>
        <time>2026-08-09T09:28:44Z</time>
      </trkpt>
      <trkpt lat="44.397832" lon="6.876987">
        <ele>1973.8</ele>
        <time>2026-08-09T09:28:47Z</time>
      </trkpt>
      <trkpt lat="44.397976" lon="6.87698">
        <ele>1973.0</ele>
        <time>2026-08-09T09:28:55Z</time>
      </trkpt>
      <trkpt lat="44.397996" lon="6.876972">
        <ele>1973.0</ele>
        <time>2026-08-09T09:28:57Z</time>
      </trkpt>
      <trkpt lat="44.398122" lon="6.876978">
        <ele>1972.8</ele>
        <time>2026-08-09T09:29:07Z</time>
      </trkpt>
      <trkpt lat="44.398217" lon="6.877028">
        <ele>1973.0</ele>
        <time>2026-08-09T09:29:15Z</time>
      </trkpt>
      <trkpt lat="44.398251" lon="6.877059">
        <ele>1972.6</ele>
        <time>2026-08-09T09:29:24Z</time>
      </trkpt>
      <trkpt lat="44.398264" lon="6.877078">
        <ele>1972.8</ele>
        <time>2026-08-09T09:29:29Z</time>
      </trkpt>
      <trkpt lat="44.398251" lon="6.877056">
        <ele>1972.8</ele>
        <time>2026-08-09T09:29:35Z</time>
      </trkpt>
      <trkpt lat="44.398215" lon="6.877008">
        <ele>1972.6</ele>
        <time>2026-08-09T09:29:43Z</time>
      </trkpt>
      <trkpt lat="44.398283" lon="6.87699">
        <ele>1972.8</ele>
        <time>2026-08-09T09:29:49Z</time>
      </trkpt>
      <trkpt lat="44.398361" lon="6.87703">
        <ele>1972.8</ele>
        <time>2026-08-09T09:29:55Z</time>
      </trkpt>
      <trkpt lat="44.398378" lon="6.877038">
        <ele>1972.8</ele>
        <time>2026-08-09T09:29:56Z</time>
      </trkpt>
      <trkpt lat="44.398446" lon="6.877057">
        <ele>1972.8</ele>
        <time>2026-08-09T09:30:03Z</time>
      </trkpt>
      <trkpt lat="44.398517" lon="6.87705">
        <ele>1973.4</ele>
        <time>2026-08-09T09:30:09Z</time>
      </trkpt>
      <trkpt lat="44.398595" lon="6.877002">
        <ele>1973.6</ele>
        <time>2026-08-09T09:30:17Z</time>
      </trkpt>
      <trkpt lat="44.398713" lon="6.876957">
        <ele>1973.6</ele>
        <time>2026-08-09T09:30:26Z</time>
      </trkpt>
      <trkpt lat="44.398773" lon="6.876951">
        <ele>1974.2</ele>
        <time>2026-08-09T09:30:30Z</time>
      </trkpt>
      <trkpt lat="44.398802" lon="6.876945">
        <ele>1974.2</ele>
        <time>2026-08-09T09:30:32Z</time>
      </trkpt>
      <trkpt lat="44.398854" lon="6.876939">
        <ele>1974.6</ele>
        <time>2026-08-09T09:30:36Z</time>
      </trkpt>
      <trkpt lat="44.398938" lon="6.876973">
        <ele>1975.0</ele>
        <time>2026-08-09T09:30:44Z</time>
      </trkpt>
      <trkpt lat="44.398965" lon="6.876985">
        <ele>1975.2</ele>
        <time>2026-08-09T09:30:46Z</time>
      </trkpt>
      <trkpt lat="44.399038" lon="6.87701">
        <ele>1974.8</ele>
        <time>2026-08-09T09:30:53Z</time>
      </trkpt>
      <trkpt lat="44.39911" lon="6.877021">
        <ele>1974.0</ele>
        <time>2026-08-09T09:30:59Z</time>
      </trkpt>
      <trkpt lat="44.399206" lon="6.877034">
        <ele>1973.2</ele>
        <time>2026-08-09T09:31:04Z</time>
      </trkpt>
      <trkpt lat="44.399317" lon="6.877072">
        <ele>1973.4</ele>
        <time>2026-08-09T09:31:12Z</time>
      </trkpt>
      <trkpt lat="44.399403" lon="6.87714">
        <ele>1974.6</ele>
        <time>2026-08-09T09:31:20Z</time>
      </trkpt>
      <trkpt lat="44.399419" lon="6.877173">
        <ele>1975.0</ele>
        <time>2026-08-09T09:31:23Z</time>
      </trkpt>
      <trkpt lat="44.399489" lon="6.877246">
        <ele>1975.4</ele>
        <time>2026-08-09T09:31:29Z</time>
      </trkpt>
      <trkpt lat="44.399581" lon="6.87729">
        <ele>1975.6</ele>
        <time>2026-08-09T09:31:36Z</time>
      </trkpt>
      <trkpt lat="44.399608" lon="6.877296">
        <ele>1975.8</ele>
        <time>2026-08-09T09:31:38Z</time>
      </trkpt>
      <trkpt lat="44.399747" lon="6.877279">
        <ele>1975.2</ele>
        <time>2026-08-09T09:31:48Z</time>
      </trkpt>
      <trkpt lat="44.399912" lon="6.877283">
        <ele>1974.8</ele>
        <time>2026-08-09T09:31:58Z</time>
      </trkpt>
      <trkpt lat="44.400005" lon="6.877275">
        <ele>1974.8</ele>
        <time>2026-08-09T09:32:05Z</time>
      </trkpt>
      <trkpt lat="44.400081" lon="6.877284">
        <ele>1976.0</ele>
        <time>2026-08-09T09:32:13Z</time>
      </trkpt>
      <trkpt lat="44.400093" lon="6.877288">
        <ele>1976.2</ele>
        <time>2026-08-09T09:32:14Z</time>
      </trkpt>
      <trkpt lat="44.400206" lon="6.877322">
        <ele>1977.0</ele>
        <time>2026-08-09T09:32:22Z</time>
      </trkpt>
      <trkpt lat="44.400224" lon="6.877326">
        <ele>1977.2</ele>
        <time>2026-08-09T09:32:24Z</time>
      </trkpt>
      <trkpt lat="44.400259" lon="6.877325">
        <ele>1977.2</ele>
        <time>2026-08-09T09:32:29Z</time>
      </trkpt>
      <trkpt lat="44.400284" lon="6.877317">
        <ele>1977.0</ele>
        <time>2026-08-09T09:32:31Z</time>
      </trkpt>
      <trkpt lat="44.400403" lon="6.877346">
        <ele>1976.2</ele>
        <time>2026-08-09T09:32:40Z</time>
      </trkpt>
      <trkpt lat="44.40043" lon="6.877387">
        <ele>1975.0</ele>
        <time>2026-08-09T09:32:44Z</time>
      </trkpt>
      <trkpt lat="44.400472" lon="6.877414">
        <ele>1974.0</ele>
        <time>2026-08-09T09:32:48Z</time>
      </trkpt>
      <trkpt lat="44.400611" lon="6.877466">
        <ele>1973.4</ele>
        <time>2026-08-09T09:32:58Z</time>
      </trkpt>
      <trkpt lat="44.400704" lon="6.877447">
        <ele>1972.8</ele>
        <time>2026-08-09T09:33:05Z</time>
      </trkpt>
      <trkpt lat="44.400818" lon="6.877406">
        <ele>1972.2</ele>
        <time>2026-08-09T09:33:14Z</time>
      </trkpt>
      <trkpt lat="44.400918" lon="6.87743">
        <ele>1972.4</ele>
        <time>2026-08-09T09:33:22Z</time>
      </trkpt>
      <trkpt lat="44.401016" lon="6.877483">
        <ele>1972.4</ele>
        <time>2026-08-09T09:33:30Z</time>
      </trkpt>
      <trkpt lat="44.401062" lon="6.877531">
        <ele>1971.8</ele>
        <time>2026-08-09T09:33:35Z</time>
      </trkpt>
      <trkpt lat="44.401105" lon="6.877574">
        <ele>1971.2</ele>
        <time>2026-08-09T09:33:39Z</time>
      </trkpt>
      <trkpt lat="44.40113" lon="6.877597">
        <ele>1970.8</ele>
        <time>2026-08-09T09:33:41Z</time>
      </trkpt>
      <trkpt lat="44.401213" lon="6.877671">
        <ele>1969.6</ele>
        <time>2026-08-09T09:33:47Z</time>
      </trkpt>
      <trkpt lat="44.401283" lon="6.877732">
        <ele>1969.0</ele>
        <time>2026-08-09T09:33:54Z</time>
      </trkpt>
      <trkpt lat="44.401386" lon="6.877766">
        <ele>1969.0</ele>
        <time>2026-08-09T09:34:02Z</time>
      </trkpt>
      <trkpt lat="44.401426" lon="6.877768">
        <ele>1968.6</ele>
        <time>2026-08-09T09:34:05Z</time>
      </trkpt>
      <trkpt lat="44.401536" lon="6.877817">
        <ele>1967.6</ele>
        <time>2026-08-09T09:34:13Z</time>
      </trkpt>
      <trkpt lat="44.40156" lon="6.877843">
        <ele>1967.6</ele>
        <time>2026-08-09T09:34:15Z</time>
      </trkpt>
      <trkpt lat="44.40162" lon="6.877865">
        <ele>1967.2</ele>
        <time>2026-08-09T09:34:20Z</time>
      </trkpt>
      <trkpt lat="44.401683" lon="6.877835">
        <ele>1967.6</ele>
        <time>2026-08-09T09:34:26Z</time>
      </trkpt>
      <trkpt lat="44.40174" lon="6.877861">
        <ele>1966.8</ele>
        <time>2026-08-09T09:34:32Z</time>
      </trkpt>
      <trkpt lat="44.401761" lon="6.877867">
        <ele>1966.4</ele>
        <time>2026-08-09T09:34:34Z</time>
      </trkpt>
      <trkpt lat="44.401832" lon="6.877879">
        <ele>1966.4</ele>
        <time>2026-08-09T09:34:39Z</time>
      </trkpt>
      <trkpt lat="44.401896" lon="6.877892">
        <ele>1966.6</ele>
        <time>2026-08-09T09:34:45Z</time>
      </trkpt>
      <trkpt lat="44.401941" lon="6.87789">
        <ele>1966.6</ele>
        <time>2026-08-09T09:34:48Z</time>
      </trkpt>
      <trkpt lat="44.402054" lon="6.877923">
        <ele>1967.0</ele>
        <time>2026-08-09T09:34:56Z</time>
      </trkpt>
      <trkpt lat="44.402101" lon="6.877976">
        <ele>1967.6</ele>
        <time>2026-08-09T09:35:01Z</time>
      </trkpt>
      <trkpt lat="44.402135" lon="6.878007">
        <ele>1967.8</ele>
        <time>2026-08-09T09:35:04Z</time>
      </trkpt>
      <trkpt lat="44.402235" lon="6.878074">
        <ele>1968.0</ele>
        <time>2026-08-09T09:35:12Z</time>
      </trkpt>
      <trkpt lat="44.402245" lon="6.878084">
        <ele>1968.0</ele>
        <time>2026-08-09T09:35:13Z</time>
      </trkpt>
      <trkpt lat="44.402306" lon="6.878106">
        <ele>1968.6</ele>
        <time>2026-08-09T09:35:18Z</time>
      </trkpt>
      <trkpt lat="44.402334" lon="6.878108">
        <ele>1968.8</ele>
        <time>2026-08-09T09:35:20Z</time>
      </trkpt>
      <trkpt lat="44.402384" lon="6.878118">
        <ele>1969.6</ele>
        <time>2026-08-09T09:35:25Z</time>
      </trkpt>
      <trkpt lat="44.402429" lon="6.878126">
        <ele>1970.2</ele>
        <time>2026-08-09T09:35:29Z</time>
      </trkpt>
      <trkpt lat="44.402493" lon="6.878099">
        <ele>1970.8</ele>
        <time>2026-08-09T09:35:34Z</time>
      </trkpt>
      <trkpt lat="44.402503" lon="6.878096">
        <ele>1970.8</ele>
        <time>2026-08-09T09:35:35Z</time>
      </trkpt>
      <trkpt lat="44.402523" lon="6.878081">
        <ele>1970.8</ele>
        <time>2026-08-09T09:35:37Z</time>
      </trkpt>
      <trkpt lat="44.402551" lon="6.878076">
        <ele>1970.6</ele>
        <time>2026-08-09T09:35:39Z</time>
      </trkpt>
      <trkpt lat="44.40258" lon="6.878089">
        <ele>1970.6</ele>
        <time>2026-08-09T09:35:41Z</time>
      </trkpt>
      <trkpt lat="44.402677" lon="6.878161">
        <ele>1971.2</ele>
        <time>2026-08-09T09:35:49Z</time>
      </trkpt>
      <trkpt lat="44.40274" lon="6.878237">
        <ele>1971.6</ele>
        <time>2026-08-09T09:35:56Z</time>
      </trkpt>
      <trkpt lat="44.402758" lon="6.878262">
        <ele>1971.8</ele>
        <time>2026-08-09T09:35:58Z</time>
      </trkpt>
      <trkpt lat="44.402818" lon="6.878297">
        <ele>1971.6</ele>
        <time>2026-08-09T09:36:04Z</time>
      </trkpt>
      <trkpt lat="44.402956" lon="6.878338">
        <ele>1971.4</ele>
        <time>2026-08-09T09:36:13Z</time>
      </trkpt>
      <trkpt lat="44.403072" lon="6.878372">
        <ele>1971.2</ele>
        <time>2026-08-09T09:36:23Z</time>
      </trkpt>
      <trkpt lat="44.40313" lon="6.878356">
        <ele>1970.6</ele>
        <time>2026-08-09T09:36:27Z</time>
      </trkpt>
      <trkpt lat="44.403173" lon="6.878325">
        <ele>1970.0</ele>
        <time>2026-08-09T09:36:31Z</time>
      </trkpt>
      <trkpt lat="44.40325" lon="6.878318">
        <ele>1969.6</ele>
        <time>2026-08-09T09:36:37Z</time>
      </trkpt>
      <trkpt lat="44.40327" lon="6.878335">
        <ele>1969.4</ele>
        <time>2026-08-09T09:36:39Z</time>
      </trkpt>
      <trkpt lat="44.403337" lon="6.878425">
        <ele>1969.2</ele>
        <time>2026-08-09T09:36:47Z</time>
      </trkpt>
      <trkpt lat="44.403463" lon="6.878505">
        <ele>1969.2</ele>
        <time>2026-08-09T09:36:57Z</time>
      </trkpt>
      <trkpt lat="44.403535" lon="6.878569">
        <ele>1969.2</ele>
        <time>2026-08-09T09:37:05Z</time>
      </trkpt>
      <trkpt lat="44.40357" lon="6.878593">
        <ele>1968.6</ele>
        <time>2026-08-09T09:37:08Z</time>
      </trkpt>
      <trkpt lat="44.403644" lon="6.878637">
        <ele>1968.0</ele>
        <time>2026-08-09T09:37:13Z</time>
      </trkpt>
      <trkpt lat="44.403672" lon="6.87866">
        <ele>1967.6</ele>
        <time>2026-08-09T09:37:15Z</time>
      </trkpt>
      <trkpt lat="44.403685" lon="6.878677">
        <ele>1967.4</ele>
        <time>2026-08-09T09:37:16Z</time>
      </trkpt>
      <trkpt lat="44.403729" lon="6.878736">
        <ele>1967.0</ele>
        <time>2026-08-09T09:37:21Z</time>
      </trkpt>
      <trkpt lat="44.403769" lon="6.878798">
        <ele>1966.2</ele>
        <time>2026-08-09T09:37:26Z</time>
      </trkpt>
      <trkpt lat="44.403799" lon="6.878849">
        <ele>1965.4</ele>
        <time>2026-08-09T09:37:29Z</time>
      </trkpt>
      <trkpt lat="44.403808" lon="6.878864">
        <ele>1965.0</ele>
        <time>2026-08-09T09:37:30Z</time>
      </trkpt>
      <trkpt lat="44.403868" lon="6.878978">
        <ele>1964.0</ele>
        <time>2026-08-09T09:37:36Z</time>
      </trkpt>
      <trkpt lat="44.403906" lon="6.879029">
        <ele>1962.8</ele>
        <time>2026-08-09T09:37:40Z</time>
      </trkpt>
      <trkpt lat="44.403912" lon="6.87904">
        <ele>1962.6</ele>
        <time>2026-08-09T09:37:41Z</time>
      </trkpt>
      <trkpt lat="44.40398" lon="6.879077">
        <ele>1961.8</ele>
        <time>2026-08-09T09:37:47Z</time>
      </trkpt>
      <trkpt lat="44.404019" lon="6.879085">
        <ele>1961.2</ele>
        <time>2026-08-09T09:37:50Z</time>
      </trkpt>
      <trkpt lat="44.404044" lon="6.879084">
        <ele>1960.6</ele>
        <time>2026-08-09T09:37:52Z</time>
      </trkpt>
      <trkpt lat="44.40411" lon="6.879077">
        <ele>1959.8</ele>
        <time>2026-08-09T09:37:58Z</time>
      </trkpt>
      <trkpt lat="44.404127" lon="6.879081">
        <ele>1959.6</ele>
        <time>2026-08-09T09:37:59Z</time>
      </trkpt>
      <trkpt lat="44.404209" lon="6.879123">
        <ele>1958.4</ele>
        <time>2026-08-09T09:38:04Z</time>
      </trkpt>
      <trkpt lat="44.404246" lon="6.879161">
        <ele>1957.6</ele>
        <time>2026-08-09T09:38:07Z</time>
      </trkpt>
      <trkpt lat="44.404253" lon="6.879171">
        <ele>1957.4</ele>
        <time>2026-08-09T09:38:08Z</time>
      </trkpt>
      <trkpt lat="44.404289" lon="6.8792">
        <ele>1956.2</ele>
        <time>2026-08-09T09:38:13Z</time>
      </trkpt>
      <trkpt lat="44.404309" lon="6.879207">
        <ele>1955.8</ele>
        <time>2026-08-09T09:38:15Z</time>
      </trkpt>
      <trkpt lat="44.404395" lon="6.879236">
        <ele>1955.0</ele>
        <time>2026-08-09T09:38:22Z</time>
      </trkpt>
      <trkpt lat="44.404407" lon="6.879248">
        <ele>1954.4</ele>
        <time>2026-08-09T09:38:25Z</time>
      </trkpt>
      <trkpt lat="44.404416" lon="6.879256">
        <ele>1954.0</ele>
        <time>2026-08-09T09:38:26Z</time>
      </trkpt>
      <trkpt lat="44.404461" lon="6.879305">
        <ele>1953.0</ele>
        <time>2026-08-09T09:38:30Z</time>
      </trkpt>
      <trkpt lat="44.404488" lon="6.879323">
        <ele>1952.2</ele>
        <time>2026-08-09T09:38:32Z</time>
      </trkpt>
      <trkpt lat="44.404507" lon="6.879326">
        <ele>1951.6</ele>
        <time>2026-08-09T09:38:34Z</time>
      </trkpt>
      <trkpt lat="44.404578" lon="6.879333">
        <ele>1950.6</ele>
        <time>2026-08-09T09:38:40Z</time>
      </trkpt>
      <trkpt lat="44.404649" lon="6.879371">
        <ele>1949.2</ele>
        <time>2026-08-09T09:38:46Z</time>
      </trkpt>
      <trkpt lat="44.404674" lon="6.879387">
        <ele>1948.6</ele>
        <time>2026-08-09T09:38:48Z</time>
      </trkpt>
      <trkpt lat="44.404699" lon="6.879406">
        <ele>1948.2</ele>
        <time>2026-08-09T09:38:50Z</time>
      </trkpt>
      <trkpt lat="44.404763" lon="6.879431">
        <ele>1947.0</ele>
        <time>2026-08-09T09:38:55Z</time>
      </trkpt>
      <trkpt lat="44.404776" lon="6.879437">
        <ele>1946.8</ele>
        <time>2026-08-09T09:38:56Z</time>
      </trkpt>
      <trkpt lat="44.404826" lon="6.879461">
        <ele>1946.0</ele>
        <time>2026-08-09T09:39:00Z</time>
      </trkpt>
      <trkpt lat="44.404889" lon="6.879488">
        <ele>1944.8</ele>
        <time>2026-08-09T09:39:06Z</time>
      </trkpt>
      <trkpt lat="44.404896" lon="6.879494">
        <ele>1944.6</ele>
        <time>2026-08-09T09:39:07Z</time>
      </trkpt>
      <trkpt lat="44.404925" lon="6.879532">
        <ele>1943.8</ele>
        <time>2026-08-09T09:39:12Z</time>
      </trkpt>
      <trkpt lat="44.404927" lon="6.879529">
        <ele>1943.0</ele>
        <time>2026-08-09T09:39:15Z</time>
      </trkpt>
      <trkpt lat="44.404928" lon="6.879521">
        <ele>1942.8</ele>
        <time>2026-08-09T09:39:20Z</time>
      </trkpt>
      <trkpt lat="44.404919" lon="6.879509">
        <ele>1942.8</ele>
        <time>2026-08-09T09:39:22Z</time>
      </trkpt>
      <trkpt lat="44.40493" lon="6.879506">
        <ele>1943.0</ele>
        <time>2026-08-09T09:39:24Z</time>
      </trkpt>
      <trkpt lat="44.404946" lon="6.879487">
        <ele>1943.0</ele>
        <time>2026-08-09T09:39:25Z</time>
      </trkpt>
      <trkpt lat="44.405033" lon="6.879514">
        <ele>1941.8</ele>
        <time>2026-08-09T09:39:32Z</time>
      </trkpt>
      <trkpt lat="44.405062" lon="6.879533">
        <ele>1941.4</ele>
        <time>2026-08-09T09:39:34Z</time>
      </trkpt>
      <trkpt lat="44.405117" lon="6.879585">
        <ele>1940.8</ele>
        <time>2026-08-09T09:39:38Z</time>
      </trkpt>
      <trkpt lat="44.405153" lon="6.879602">
        <ele>1940.4</ele>
        <time>2026-08-09T09:39:41Z</time>
      </trkpt>
      <trkpt lat="44.405206" lon="6.87962">
        <ele>1939.8</ele>
        <time>2026-08-09T09:39:46Z</time>
      </trkpt>
      <trkpt lat="44.405234" lon="6.879646">
        <ele>1939.6</ele>
        <time>2026-08-09T09:39:48Z</time>
      </trkpt>
      <trkpt lat="44.405257" lon="6.879665">
        <ele>1939.4</ele>
        <time>2026-08-09T09:39:50Z</time>
      </trkpt>
      <trkpt lat="44.405319" lon="6.879702">
        <ele>1938.6</ele>
        <time>2026-08-09T09:39:55Z</time>
      </trkpt>
      <trkpt lat="44.405354" lon="6.879723">
        <ele>1938.2</ele>
        <time>2026-08-09T09:39:58Z</time>
      </trkpt>
      <trkpt lat="44.405474" lon="6.879764">
        <ele>1937.8</ele>
        <time>2026-08-09T09:40:07Z</time>
      </trkpt>
      <trkpt lat="44.405601" lon="6.879787">
        <ele>1938.0</ele>
        <time>2026-08-09T09:40:16Z</time>
      </trkpt>
      <trkpt lat="44.405709" lon="6.879818">
        <ele>1939.0</ele>
        <time>2026-08-09T09:40:24Z</time>
      </trkpt>
      <trkpt lat="44.405811" lon="6.879899">
        <ele>1939.4</ele>
        <time>2026-08-09T09:40:33Z</time>
      </trkpt>
      <trkpt lat="44.405827" lon="6.879912">
        <ele>1939.4</ele>
        <time>2026-08-09T09:40:34Z</time>
      </trkpt>
      <trkpt lat="44.405945" lon="6.879993">
        <ele>1939.2</ele>
        <time>2026-08-09T09:40:43Z</time>
      </trkpt>
      <trkpt lat="44.406029" lon="6.880073">
        <ele>1939.0</ele>
        <time>2026-08-09T09:40:51Z</time>
      </trkpt>
      <trkpt lat="44.406153" lon="6.880152">
        <ele>1938.2</ele>
        <time>2026-08-09T09:41:02Z</time>
      </trkpt>
      <trkpt lat="44.406238" lon="6.880252">
        <ele>1938.2</ele>
        <time>2026-08-09T09:41:10Z</time>
      </trkpt>
      <trkpt lat="44.406317" lon="6.880358">
        <ele>1937.8</ele>
        <time>2026-08-09T09:41:19Z</time>
      </trkpt>
      <trkpt lat="44.406419" lon="6.880448">
        <ele>1937.6</ele>
        <time>2026-08-09T09:41:29Z</time>
      </trkpt>
      <trkpt lat="44.406533" lon="6.88052">
        <ele>1937.2</ele>
        <time>2026-08-09T09:41:38Z</time>
      </trkpt>
      <trkpt lat="44.406635" lon="6.880564">
        <ele>1937.0</ele>
        <time>2026-08-09T09:41:46Z</time>
      </trkpt>
      <trkpt lat="44.406683" lon="6.880583">
        <ele>1937.0</ele>
        <time>2026-08-09T09:41:50Z</time>
      </trkpt>
      <trkpt lat="44.406776" lon="6.880621">
        <ele>1936.6</ele>
        <time>2026-08-09T09:41:56Z</time>
      </trkpt>
      <trkpt lat="44.406819" lon="6.880646">
        <ele>1936.4</ele>
        <time>2026-08-09T09:41:59Z</time>
      </trkpt>
      <trkpt lat="44.406902" lon="6.880727">
        <ele>1936.0</ele>
        <time>2026-08-09T09:42:07Z</time>
      </trkpt>
      <trkpt lat="44.407" lon="6.880869">
        <ele>1935.8</ele>
        <time>2026-08-09T09:42:18Z</time>
      </trkpt>
      <trkpt lat="44.407061" lon="6.880975">
        <ele>1935.8</ele>
        <time>2026-08-09T09:42:26Z</time>
      </trkpt>
      <trkpt lat="44.407147" lon="6.881086">
        <ele>1936.2</ele>
        <time>2026-08-09T09:42:34Z</time>
      </trkpt>
      <trkpt lat="44.407255" lon="6.881165">
        <ele>1937.2</ele>
        <time>2026-08-09T09:42:43Z</time>
      </trkpt>
      <trkpt lat="44.40727" lon="6.881174">
        <ele>1937.4</ele>
        <time>2026-08-09T09:42:44Z</time>
      </trkpt>
      <trkpt lat="44.4073" lon="6.881192">
        <ele>1937.6</ele>
        <time>2026-08-09T09:42:46Z</time>
      </trkpt>
      <trkpt lat="44.407355" lon="6.881226">
        <ele>1937.6</ele>
        <time>2026-08-09T09:42:51Z</time>
      </trkpt>
      <trkpt lat="44.40742" lon="6.881265">
        <ele>1937.4</ele>
        <time>2026-08-09T09:42:56Z</time>
      </trkpt>
      <trkpt lat="44.407537" lon="6.881348">
        <ele>1937.2</ele>
        <time>2026-08-09T09:43:05Z</time>
      </trkpt>
      <trkpt lat="44.407577" lon="6.881369">
        <ele>1936.6</ele>
        <time>2026-08-09T09:43:10Z</time>
      </trkpt>
      <trkpt lat="44.40763" lon="6.88138">
        <ele>1936.4</ele>
        <time>2026-08-09T09:43:14Z</time>
      </trkpt>
      <trkpt lat="44.407756" lon="6.881425">
        <ele>1936.2</ele>
        <time>2026-08-09T09:43:22Z</time>
      </trkpt>
      <trkpt lat="44.407885" lon="6.881498">
        <ele>1937.0</ele>
        <time>2026-08-09T09:43:32Z</time>
      </trkpt>
      <trkpt lat="44.407991" lon="6.88155">
        <ele>1937.2</ele>
        <time>2026-08-09T09:43:41Z</time>
      </trkpt>
      <trkpt lat="44.408137" lon="6.881622">
        <ele>1936.8</ele>
        <time>2026-08-09T09:43:51Z</time>
      </trkpt>
      <trkpt lat="44.408259" lon="6.881663">
        <ele>1936.4</ele>
        <time>2026-08-09T09:44:00Z</time>
      </trkpt>
      <trkpt lat="44.408396" lon="6.881698">
        <ele>1936.0</ele>
        <time>2026-08-09T09:44:10Z</time>
      </trkpt>
      <trkpt lat="44.408523" lon="6.88171">
        <ele>1936.6</ele>
        <time>2026-08-09T09:44:20Z</time>
      </trkpt>
      <trkpt lat="44.408654" lon="6.881719">
        <ele>1936.4</ele>
        <time>2026-08-09T09:44:31Z</time>
      </trkpt>
      <trkpt lat="44.408781" lon="6.881708">
        <ele>1935.6</ele>
        <time>2026-08-09T09:44:41Z</time>
      </trkpt>
      <trkpt lat="44.408889" lon="6.881669">
        <ele>1934.4</ele>
        <time>2026-08-09T09:44:48Z</time>
      </trkpt>
      <trkpt lat="44.40894" lon="6.881662">
        <ele>1934.2</ele>
        <time>2026-08-09T09:44:51Z</time>
      </trkpt>
      <trkpt lat="44.409074" lon="6.881663">
        <ele>1933.6</ele>
        <time>2026-08-09T09:45:01Z</time>
      </trkpt>
      <trkpt lat="44.409113" lon="6.881659">
        <ele>1933.4</ele>
        <time>2026-08-09T09:45:04Z</time>
      </trkpt>
      <trkpt lat="44.409215" lon="6.88166">
        <ele>1933.0</ele>
        <time>2026-08-09T09:45:11Z</time>
      </trkpt>
      <trkpt lat="44.40925" lon="6.88167">
        <ele>1932.4</ele>
        <time>2026-08-09T09:45:15Z</time>
      </trkpt>
      <trkpt lat="44.409347" lon="6.881698">
        <ele>1931.8</ele>
        <time>2026-08-09T09:45:22Z</time>
      </trkpt>
      <trkpt lat="44.40949" lon="6.881739">
        <ele>1931.4</ele>
        <time>2026-08-09T09:45:31Z</time>
      </trkpt>
      <trkpt lat="44.409508" lon="6.881744">
        <ele>1931.4</ele>
        <time>2026-08-09T09:45:32Z</time>
      </trkpt>
      <trkpt lat="44.409578" lon="6.881769">
        <ele>1931.2</ele>
        <time>2026-08-09T09:45:36Z</time>
      </trkpt>
      <trkpt lat="44.409655" lon="6.881799">
        <ele>1930.8</ele>
        <time>2026-08-09T09:45:42Z</time>
      </trkpt>
      <trkpt lat="44.409751" lon="6.881833">
        <ele>1931.4</ele>
        <time>2026-08-09T09:45:51Z</time>
      </trkpt>
      <trkpt lat="44.409834" lon="6.881911">
        <ele>1932.4</ele>
        <time>2026-08-09T09:45:58Z</time>
      </trkpt>
      <trkpt lat="44.409848" lon="6.881922">
        <ele>1932.4</ele>
        <time>2026-08-09T09:45:59Z</time>
      </trkpt>
      <trkpt lat="44.409911" lon="6.881982">
        <ele>1932.4</ele>
        <time>2026-08-09T09:46:05Z</time>
      </trkpt>
      <trkpt lat="44.409947" lon="6.882006">
        <ele>1932.4</ele>
        <time>2026-08-09T09:46:08Z</time>
      </trkpt>
      <trkpt lat="44.410057" lon="6.882089">
        <ele>1932.8</ele>
        <time>2026-08-09T09:46:17Z</time>
      </trkpt>
      <trkpt lat="44.410201" lon="6.882224">
        <ele>1932.6</ele>
        <time>2026-08-09T09:46:29Z</time>
      </trkpt>
      <trkpt lat="44.410276" lon="6.882355">
        <ele>1932.8</ele>
        <time>2026-08-09T09:46:37Z</time>
      </trkpt>
      <trkpt lat="44.410299" lon="6.882409">
        <ele>1933.4</ele>
        <time>2026-08-09T09:46:41Z</time>
      </trkpt>
      <trkpt lat="44.41035" lon="6.882479">
        <ele>1933.6</ele>
        <time>2026-08-09T09:46:47Z</time>
      </trkpt>
      <trkpt lat="44.410438" lon="6.882612">
        <ele>1933.8</ele>
        <time>2026-08-09T09:46:55Z</time>
      </trkpt>
      <trkpt lat="44.410454" lon="6.88264">
        <ele>1934.4</ele>
        <time>2026-08-09T09:46:58Z</time>
      </trkpt>
      <trkpt lat="44.410539" lon="6.882751">
        <ele>1935.4</ele>
        <time>2026-08-09T09:47:06Z</time>
      </trkpt>
      <trkpt lat="44.410666" lon="6.882889">
        <ele>1935.4</ele>
        <time>2026-08-09T09:47:18Z</time>
      </trkpt>
      <trkpt lat="44.410673" lon="6.882902">
        <ele>1935.6</ele>
        <time>2026-08-09T09:47:19Z</time>
      </trkpt>
      <trkpt lat="44.410793" lon="6.883035">
        <ele>1935.4</ele>
        <time>2026-08-09T09:47:29Z</time>
      </trkpt>
      <trkpt lat="44.410927" lon="6.883121">
        <ele>1936.0</ele>
        <time>2026-08-09T09:47:39Z</time>
      </trkpt>
      <trkpt lat="44.411053" lon="6.883203">
        <ele>1936.0</ele>
        <time>2026-08-09T09:47:49Z</time>
      </trkpt>
      <trkpt lat="44.4112" lon="6.883275">
        <ele>1934.8</ele>
        <time>2026-08-09T09:48:00Z</time>
      </trkpt>
      <trkpt lat="44.411216" lon="6.88328">
        <ele>1934.6</ele>
        <time>2026-08-09T09:48:01Z</time>
      </trkpt>
      <trkpt lat="44.411338" lon="6.883302">
        <ele>1933.8</ele>
        <time>2026-08-09T09:48:09Z</time>
      </trkpt>
      <trkpt lat="44.411367" lon="6.883305">
        <ele>1933.4</ele>
        <time>2026-08-09T09:48:11Z</time>
      </trkpt>
      <trkpt lat="44.411412" lon="6.88331">
        <ele>1933.4</ele>
        <time>2026-08-09T09:48:14Z</time>
      </trkpt>
      <trkpt lat="44.411453" lon="6.883318">
        <ele>1933.4</ele>
        <time>2026-08-09T09:48:17Z</time>
      </trkpt>
      <trkpt lat="44.411487" lon="6.883328">
        <ele>1933.4</ele>
        <time>2026-08-09T09:48:20Z</time>
      </trkpt>
      <trkpt lat="44.411618" lon="6.883344">
        <ele>1933.4</ele>
        <time>2026-08-09T09:48:30Z</time>
      </trkpt>
      <trkpt lat="44.411694" lon="6.883336">
        <ele>1932.4</ele>
        <time>2026-08-09T09:48:37Z</time>
      </trkpt>
      <trkpt lat="44.411718" lon="6.88333">
        <ele>1932.2</ele>
        <time>2026-08-09T09:48:39Z</time>
      </trkpt>
      <trkpt lat="44.41177" lon="6.883325">
        <ele>1932.2</ele>
        <time>2026-08-09T09:48:42Z</time>
      </trkpt>
      <trkpt lat="44.411868" lon="6.883345">
        <ele>1932.2</ele>
        <time>2026-08-09T09:48:48Z</time>
      </trkpt>
      <trkpt lat="44.412004" lon="6.883397">
        <ele>1933.2</ele>
        <time>2026-08-09T09:48:58Z</time>
      </trkpt>
      <trkpt lat="44.412153" lon="6.883472">
        <ele>1932.6</ele>
        <time>2026-08-09T09:49:10Z</time>
      </trkpt>
      <trkpt lat="44.412266" lon="6.883549">
        <ele>1933.2</ele>
        <time>2026-08-09T09:49:20Z</time>
      </trkpt>
      <trkpt lat="44.412397" lon="6.88366">
        <ele>1932.6</ele>
        <time>2026-08-09T09:49:30Z</time>
      </trkpt>
      <trkpt lat="44.412509" lon="6.883759">
        <ele>1933.4</ele>
        <time>2026-08-09T09:49:40Z</time>
      </trkpt>
      <trkpt lat="44.412517" lon="6.883771">
        <ele>1933.8</ele>
        <time>2026-08-09T09:49:41Z</time>
      </trkpt>
      <trkpt lat="44.412622" lon="6.883873">
        <ele>1933.6</ele>
        <time>2026-08-09T09:49:51Z</time>
      </trkpt>
      <trkpt lat="44.412727" lon="6.883989">
        <ele>1932.8</ele>
        <time>2026-08-09T09:50:01Z</time>
      </trkpt>
      <trkpt lat="44.412768" lon="6.884038">
        <ele>1933.0</ele>
        <time>2026-08-09T09:50:05Z</time>
      </trkpt>
      <trkpt lat="44.412779" lon="6.884049">
        <ele>1933.0</ele>
        <time>2026-08-09T09:50:06Z</time>
      </trkpt>
      <trkpt lat="44.412821" lon="6.884093">
        <ele>1933.2</ele>
        <time>2026-08-09T09:50:09Z</time>
      </trkpt>
      <trkpt lat="44.412884" lon="6.884168">
        <ele>1932.2</ele>
        <time>2026-08-09T09:50:15Z</time>
      </trkpt>
      <trkpt lat="44.412904" lon="6.884187">
        <ele>1931.6</ele>
        <time>2026-08-09T09:50:17Z</time>
      </trkpt>
      <trkpt lat="44.412925" lon="6.884205">
        <ele>1931.0</ele>
        <time>2026-08-09T09:50:19Z</time>
      </trkpt>
      <trkpt lat="44.412997" lon="6.884235">
        <ele>1930.0</ele>
        <time>2026-08-09T09:50:25Z</time>
      </trkpt>
      <trkpt lat="44.413031" lon="6.884235">
        <ele>1929.8</ele>
        <time>2026-08-09T09:50:27Z</time>
      </trkpt>
      <trkpt lat="44.413117" lon="6.884243">
        <ele>1928.8</ele>
        <time>2026-08-09T09:50:33Z</time>
      </trkpt>
      <trkpt lat="44.413164" lon="6.884256">
        <ele>1928.8</ele>
        <time>2026-08-09T09:50:36Z</time>
      </trkpt>
      <trkpt lat="44.41329" lon="6.884328">
        <ele>1928.6</ele>
        <time>2026-08-09T09:50:45Z</time>
      </trkpt>
      <trkpt lat="44.413443" lon="6.88444">
        <ele>1927.8</ele>
        <time>2026-08-09T09:50:56Z</time>
      </trkpt>
      <trkpt lat="44.413457" lon="6.884452">
        <ele>1927.6</ele>
        <time>2026-08-09T09:50:57Z</time>
      </trkpt>
      <trkpt lat="44.413557" lon="6.884524">
        <ele>1926.8</ele>
        <time>2026-08-09T09:51:06Z</time>
      </trkpt>
      <trkpt lat="44.413572" lon="6.884536">
        <ele>1926.6</ele>
        <time>2026-08-09T09:51:07Z</time>
      </trkpt>
      <trkpt lat="44.413746" lon="6.88464">
        <ele>1926.0</ele>
        <time>2026-08-09T09:51:19Z</time>
      </trkpt>
      <trkpt lat="44.413819" lon="6.884681">
        <ele>1925.8</ele>
        <time>2026-08-09T09:51:25Z</time>
      </trkpt>
      <trkpt lat="44.413854" lon="6.884701">
        <ele>1925.2</ele>
        <time>2026-08-09T09:51:28Z</time>
      </trkpt>
      <trkpt lat="44.413896" lon="6.884724">
        <ele>1924.6</ele>
        <time>2026-08-09T09:51:31Z</time>
      </trkpt>
      <trkpt lat="44.413974" lon="6.884746">
        <ele>1923.4</ele>
        <time>2026-08-09T09:51:36Z</time>
      </trkpt>
      <trkpt lat="44.414006" lon="6.884757">
        <ele>1923.0</ele>
        <time>2026-08-09T09:51:38Z</time>
      </trkpt>
      <trkpt lat="44.414044" lon="6.884775">
        <ele>1922.4</ele>
        <time>2026-08-09T09:51:41Z</time>
      </trkpt>
      <trkpt lat="44.414124" lon="6.884802">
        <ele>1921.8</ele>
        <time>2026-08-09T09:51:47Z</time>
      </trkpt>
      <trkpt lat="44.414166" lon="6.884815">
        <ele>1921.2</ele>
        <time>2026-08-09T09:51:50Z</time>
      </trkpt>
      <trkpt lat="44.414265" lon="6.884823">
        <ele>1921.2</ele>
        <time>2026-08-09T09:51:57Z</time>
      </trkpt>
      <trkpt lat="44.414318" lon="6.884823">
        <ele>1921.0</ele>
        <time>2026-08-09T09:52:01Z</time>
      </trkpt>
      <trkpt lat="44.414419" lon="6.884824">
        <ele>1920.6</ele>
        <time>2026-08-09T09:52:08Z</time>
      </trkpt>
      <trkpt lat="44.414483" lon="6.884832">
        <ele>1920.2</ele>
        <time>2026-08-09T09:52:12Z</time>
      </trkpt>
      <trkpt lat="44.41462" lon="6.884847">
        <ele>1920.0</ele>
        <time>2026-08-09T09:52:21Z</time>
      </trkpt>
      <trkpt lat="44.414699" lon="6.884851">
        <ele>1919.8</ele>
        <time>2026-08-09T09:52:27Z</time>
      </trkpt>
      <trkpt lat="44.414778" lon="6.884853">
        <ele>1919.6</ele>
        <time>2026-08-09T09:52:33Z</time>
      </trkpt>
      <trkpt lat="44.41486" lon="6.884845">
        <ele>1919.2</ele>
        <time>2026-08-09T09:52:38Z</time>
      </trkpt>
      <trkpt lat="44.414924" lon="6.884846">
        <ele>1918.8</ele>
        <time>2026-08-09T09:52:43Z</time>
      </trkpt>
      <trkpt lat="44.415033" lon="6.884832">
        <ele>1918.2</ele>
        <time>2026-08-09T09:52:51Z</time>
      </trkpt>
      <trkpt lat="44.41509" lon="6.884837">
        <ele>1918.0</ele>
        <time>2026-08-09T09:52:55Z</time>
      </trkpt>
      <trkpt lat="44.415268" lon="6.884884">
        <ele>1917.0</ele>
        <time>2026-08-09T09:53:07Z</time>
      </trkpt>
      <trkpt lat="44.415283" lon="6.884888">
        <ele>1917.0</ele>
        <time>2026-08-09T09:53:08Z</time>
      </trkpt>
      <trkpt lat="44.415408" lon="6.884908">
        <ele>1916.6</ele>
        <time>2026-08-09T09:53:17Z</time>
      </trkpt>
      <trkpt lat="44.415559" lon="6.884962">
        <ele>1916.6</ele>
        <time>2026-08-09T09:53:28Z</time>
      </trkpt>
      <trkpt lat="44.415695" lon="6.884984">
        <ele>1916.0</ele>
        <time>2026-08-09T09:53:38Z</time>
      </trkpt>
      <trkpt lat="44.415718" lon="6.884986">
        <ele>1916.0</ele>
        <time>2026-08-09T09:53:40Z</time>
      </trkpt>
      <trkpt lat="44.415798" lon="6.88501">
        <ele>1915.6</ele>
        <time>2026-08-09T09:53:46Z</time>
      </trkpt>
      <trkpt lat="44.415946" lon="6.885021">
        <ele>1915.6</ele>
        <time>2026-08-09T09:53:56Z</time>
      </trkpt>
      <trkpt lat="44.416051" lon="6.885042">
        <ele>1915.0</ele>
        <time>2026-08-09T09:54:03Z</time>
      </trkpt>
      <trkpt lat="44.416091" lon="6.885069">
        <ele>1914.8</ele>
        <time>2026-08-09T09:54:06Z</time>
      </trkpt>
      <trkpt lat="44.416226" lon="6.885104">
        <ele>1914.0</ele>
        <time>2026-08-09T09:54:15Z</time>
      </trkpt>
      <trkpt lat="44.416239" lon="6.885108">
        <ele>1914.0</ele>
        <time>2026-08-09T09:54:16Z</time>
      </trkpt>
      <trkpt lat="44.416353" lon="6.885156">
        <ele>1913.2</ele>
        <time>2026-08-09T09:54:25Z</time>
      </trkpt>
      <trkpt lat="44.416383" lon="6.885161">
        <ele>1913.0</ele>
        <time>2026-08-09T09:54:27Z</time>
      </trkpt>
      <trkpt lat="44.416502" lon="6.88519">
        <ele>1912.2</ele>
        <time>2026-08-09T09:54:35Z</time>
      </trkpt>
      <trkpt lat="44.416577" lon="6.885195">
        <ele>1912.0</ele>
        <time>2026-08-09T09:54:40Z</time>
      </trkpt>
      <trkpt lat="44.41664" lon="6.885207">
        <ele>1911.8</ele>
        <time>2026-08-09T09:54:44Z</time>
      </trkpt>
      <trkpt lat="44.416773" lon="6.885266">
        <ele>1911.2</ele>
        <time>2026-08-09T09:54:54Z</time>
      </trkpt>
      <trkpt lat="44.416815" lon="6.885305">
        <ele>1911.0</ele>
        <time>2026-08-09T09:54:58Z</time>
      </trkpt>
      <trkpt lat="44.416908" lon="6.885376">
        <ele>1910.4</ele>
        <time>2026-08-09T09:55:06Z</time>
      </trkpt>
      <trkpt lat="44.417016" lon="6.885443">
        <ele>1909.8</ele>
        <time>2026-08-09T09:55:14Z</time>
      </trkpt>
      <trkpt lat="44.417038" lon="6.885462">
        <ele>1909.8</ele>
        <time>2026-08-09T09:55:16Z</time>
      </trkpt>
      <trkpt lat="44.417189" lon="6.885577">
        <ele>1909.0</ele>
        <time>2026-08-09T09:55:29Z</time>
      </trkpt>
      <trkpt lat="44.417202" lon="6.885581">
        <ele>1908.8</ele>
        <time>2026-08-09T09:55:30Z</time>
      </trkpt>
      <trkpt lat="44.417372" lon="6.885612">
        <ele>1908.0</ele>
        <time>2026-08-09T09:55:41Z</time>
      </trkpt>
      <trkpt lat="44.417402" lon="6.885616">
        <ele>1907.8</ele>
        <time>2026-08-09T09:55:43Z</time>
      </trkpt>
      <trkpt lat="44.417501" lon="6.885654">
        <ele>1907.2</ele>
        <time>2026-08-09T09:55:52Z</time>
      </trkpt>
      <trkpt lat="44.417532" lon="6.885765">
        <ele>1908.0</ele>
        <time>2026-08-09T09:55:58Z</time>
      </trkpt>
      <trkpt lat="44.417558" lon="6.885931">
        <ele>1907.6</ele>
        <time>2026-08-09T09:56:07Z</time>
      </trkpt>
      <trkpt lat="44.417584" lon="6.886044">
        <ele>1908.2</ele>
        <time>2026-08-09T09:56:14Z</time>
      </trkpt>
      <trkpt lat="44.417588" lon="6.886065">
        <ele>1908.2</ele>
        <time>2026-08-09T09:56:15Z</time>
      </trkpt>
      <trkpt lat="44.417627" lon="6.886238">
        <ele>1907.6</ele>
        <time>2026-08-09T09:56:25Z</time>
      </trkpt>
      <trkpt lat="44.417639" lon="6.886339">
        <ele>1906.8</ele>
        <time>2026-08-09T09:56:30Z</time>
      </trkpt>
      <trkpt lat="44.417652" lon="6.886414">
        <ele>1906.4</ele>
        <time>2026-08-09T09:56:34Z</time>
      </trkpt>
      <trkpt lat="44.417673" lon="6.886572">
        <ele>1906.6</ele>
        <time>2026-08-09T09:56:43Z</time>
      </trkpt>
      <trkpt lat="44.417678" lon="6.886611">
        <ele>1906.8</ele>
        <time>2026-08-09T09:56:49Z</time>
      </trkpt>
      <trkpt lat="44.417757" lon="6.886733">
        <ele>1907.0</ele>
        <time>2026-08-09T09:56:58Z</time>
      </trkpt>
      <trkpt lat="44.417798" lon="6.886782">
        <ele>1907.2</ele>
        <time>2026-08-09T09:57:05Z</time>
      </trkpt>
      <trkpt lat="44.417806" lon="6.886765">
        <ele>1906.8</ele>
        <time>2026-08-09T09:57:15Z</time>
      </trkpt>
      <trkpt lat="44.417805" lon="6.886761">
        <ele>1906.8</ele>
        <time>2026-08-09T09:57:17Z</time>
      </trkpt>
      <trkpt lat="44.417805" lon="6.886757">
        <ele>1906.8</ele>
        <time>2026-08-09T09:57:19Z</time>
      </trkpt>
      <trkpt lat="44.41781" lon="6.886753">
        <ele>1906.6</ele>
        <time>2026-08-09T09:57:24Z</time>
      </trkpt>
      <trkpt lat="44.417807" lon="6.886765">
        <ele>1906.6</ele>
        <time>2026-08-09T09:57:27Z</time>
      </trkpt>
      <trkpt lat="44.417795" lon="6.886772">
        <ele>1906.6</ele>
        <time>2026-08-09T09:57:29Z</time>
      </trkpt>
      <trkpt lat="44.417777" lon="6.886778">
        <ele>1906.6</ele>
        <time>2026-08-09T09:57:35Z</time>
      </trkpt>
      <trkpt lat="44.417813" lon="6.886794">
        <ele>1906.4</ele>
        <time>2026-08-09T09:57:43Z</time>
      </trkpt>
      <trkpt lat="44.417882" lon="6.886763">
        <ele>1907.2</ele>
        <time>2026-08-09T09:57:50Z</time>
      </trkpt>
      <trkpt lat="44.417913" lon="6.886751">
        <ele>1907.6</ele>
        <time>2026-08-09T09:57:53Z</time>
      </trkpt>
      <trkpt lat="44.417925" lon="6.886748">
        <ele>1907.8</ele>
        <time>2026-08-09T09:57:54Z</time>
      </trkpt>
      <trkpt lat="44.417986" lon="6.886756">
        <ele>1908.6</ele>
        <time>2026-08-09T09:57:59Z</time>
      </trkpt>
      <trkpt lat="44.418009" lon="6.886763">
        <ele>1908.8</ele>
        <time>2026-08-09T09:58:01Z</time>
      </trkpt>
      <trkpt lat="44.418087" lon="6.886775">
        <ele>1909.4</ele>
        <time>2026-08-09T09:58:08Z</time>
      </trkpt>
      <trkpt lat="44.418125" lon="6.88678">
        <ele>1909.8</ele>
        <time>2026-08-09T09:58:11Z</time>
      </trkpt>
      <trkpt lat="44.418141" lon="6.886782">
        <ele>1910.0</ele>
        <time>2026-08-09T09:58:12Z</time>
      </trkpt>
      <trkpt lat="44.418175" lon="6.886785">
        <ele>1910.2</ele>
        <time>2026-08-09T09:58:15Z</time>
      </trkpt>
      <trkpt lat="44.4182" lon="6.886786">
        <ele>1910.4</ele>
        <time>2026-08-09T09:58:17Z</time>
      </trkpt>
      <trkpt lat="44.418253" lon="6.886773">
        <ele>1910.6</ele>
        <time>2026-08-09T09:58:22Z</time>
      </trkpt>
      <trkpt lat="44.41829" lon="6.886769">
        <ele>1911.0</ele>
        <time>2026-08-09T09:58:25Z</time>
      </trkpt>
      <trkpt lat="44.418387" lon="6.886761">
        <ele>1912.2</ele>
        <time>2026-08-09T09:58:32Z</time>
      </trkpt>
      <trkpt lat="44.418447" lon="6.886757">
        <ele>1912.8</ele>
        <time>2026-08-09T09:58:36Z</time>
      </trkpt>
      <trkpt lat="44.418483" lon="6.886743">
        <ele>1913.0</ele>
        <time>2026-08-09T09:58:39Z</time>
      </trkpt>
      <trkpt lat="44.418492" lon="6.88674">
        <ele>1913.2</ele>
        <time>2026-08-09T09:58:40Z</time>
      </trkpt>
      <trkpt lat="44.418542" lon="6.88671">
        <ele>1913.2</ele>
        <time>2026-08-09T09:58:45Z</time>
      </trkpt>
      <trkpt lat="44.418663" lon="6.886644">
        <ele>1913.2</ele>
        <time>2026-08-09T09:58:54Z</time>
      </trkpt>
      <trkpt lat="44.418755" lon="6.886605">
        <ele>1913.4</ele>
        <time>2026-08-09T09:59:01Z</time>
      </trkpt>
      <trkpt lat="44.418841" lon="6.886573">
        <ele>1914.2</ele>
        <time>2026-08-09T09:59:09Z</time>
      </trkpt>
      <trkpt lat="44.418942" lon="6.886548">
        <ele>1915.0</ele>
        <time>2026-08-09T09:59:17Z</time>
      </trkpt>
      <trkpt lat="44.418954" lon="6.886547">
        <ele>1915.2</ele>
        <time>2026-08-09T09:59:18Z</time>
      </trkpt>
      <trkpt lat="44.419045" lon="6.88653">
        <ele>1916.0</ele>
        <time>2026-08-09T09:59:26Z</time>
      </trkpt>
      <trkpt lat="44.419058" lon="6.88653">
        <ele>1916.2</ele>
        <time>2026-08-09T09:59:27Z</time>
      </trkpt>
      <trkpt lat="44.419156" lon="6.886572">
        <ele>1916.8</ele>
        <time>2026-08-09T09:59:34Z</time>
      </trkpt>
      <trkpt lat="44.419195" lon="6.886613">
        <ele>1917.4</ele>
        <time>2026-08-09T09:59:38Z</time>
      </trkpt>
      <trkpt lat="44.419227" lon="6.886636">
        <ele>1917.8</ele>
        <time>2026-08-09T09:59:41Z</time>
      </trkpt>
      <trkpt lat="44.419288" lon="6.886673">
        <ele>1918.4</ele>
        <time>2026-08-09T09:59:47Z</time>
      </trkpt>
      <trkpt lat="44.419326" lon="6.886683">
        <ele>1918.4</ele>
        <time>2026-08-09T09:59:50Z</time>
      </trkpt>
      <trkpt lat="44.41935" lon="6.886694">
        <ele>1918.4</ele>
        <time>2026-08-09T09:59:52Z</time>
      </trkpt>
      <trkpt lat="44.419423" lon="6.886716">
        <ele>1918.4</ele>
        <time>2026-08-09T09:59:57Z</time>
      </trkpt>
      <trkpt lat="44.419547" lon="6.886763">
        <ele>1918.4</ele>
        <time>2026-08-09T10:00:06Z</time>
      </trkpt>
      <trkpt lat="44.419645" lon="6.8868">
        <ele>1918.8</ele>
        <time>2026-08-09T10:00:14Z</time>
      </trkpt>
      <trkpt lat="44.419668" lon="6.886809">
        <ele>1919.0</ele>
        <time>2026-08-09T10:00:16Z</time>
      </trkpt>
      <trkpt lat="44.419773" lon="6.886833">
        <ele>1919.4</ele>
        <time>2026-08-09T10:00:24Z</time>
      </trkpt>
      <trkpt lat="44.419787" lon="6.886834">
        <ele>1919.4</ele>
        <time>2026-08-09T10:00:25Z</time>
      </trkpt>
      <trkpt lat="44.419941" lon="6.886862">
        <ele>1919.4</ele>
        <time>2026-08-09T10:00:36Z</time>
      </trkpt>
      <trkpt lat="44.420034" lon="6.886882">
        <ele>1918.8</ele>
        <time>2026-08-09T10:00:45Z</time>
      </trkpt>
      <trkpt lat="44.4201" lon="6.886899">
        <ele>1918.6</ele>
        <time>2026-08-09T10:00:55Z</time>
      </trkpt>
      <trkpt lat="44.420095" lon="6.886904">
        <ele>1918.4</ele>
        <time>2026-08-09T10:01:06Z</time>
      </trkpt>
      <trkpt lat="44.420092" lon="6.8869">
        <ele>1918.4</ele>
        <time>2026-08-09T10:01:07Z</time>
      </trkpt>
      <trkpt lat="44.420108" lon="6.886891">
        <ele>1918.0</ele>
        <time>2026-08-09T10:01:19Z</time>
      </trkpt>
      <trkpt lat="44.420169" lon="6.886904">
        <ele>1918.4</ele>
        <time>2026-08-09T10:01:25Z</time>
      </trkpt>
      <trkpt lat="44.420269" lon="6.886932">
        <ele>1918.2</ele>
        <time>2026-08-09T10:01:34Z</time>
      </trkpt>
      <trkpt lat="44.420305" lon="6.886942">
        <ele>1918.2</ele>
        <time>2026-08-09T10:01:37Z</time>
      </trkpt>
      <trkpt lat="44.420412" lon="6.886957">
        <ele>1918.2</ele>
        <time>2026-08-09T10:01:45Z</time>
      </trkpt>
      <trkpt lat="44.420532" lon="6.886964">
        <ele>1917.6</ele>
        <time>2026-08-09T10:01:54Z</time>
      </trkpt>
      <trkpt lat="44.420555" lon="6.886975">
        <ele>1917.4</ele>
        <time>2026-08-09T10:01:56Z</time>
      </trkpt>
      <trkpt lat="44.420625" lon="6.887057">
        <ele>1917.6</ele>
        <time>2026-08-09T10:02:03Z</time>
      </trkpt>
      <trkpt lat="44.420681" lon="6.887236">
        <ele>1917.6</ele>
        <time>2026-08-09T10:02:12Z</time>
      </trkpt>
      <trkpt lat="44.420681" lon="6.887394">
        <ele>1918.4</ele>
        <time>2026-08-09T10:02:20Z</time>
      </trkpt>
      <trkpt lat="44.420662" lon="6.887553">
        <ele>1918.4</ele>
        <time>2026-08-09T10:02:29Z</time>
      </trkpt>
      <trkpt lat="44.420665" lon="6.887673">
        <ele>1918.6</ele>
        <time>2026-08-09T10:02:36Z</time>
      </trkpt>
      <trkpt lat="44.42065" lon="6.88783">
        <ele>1919.0</ele>
        <time>2026-08-09T10:02:44Z</time>
      </trkpt>
      <trkpt lat="44.420701" lon="6.887907">
        <ele>1919.2</ele>
        <time>2026-08-09T10:02:51Z</time>
      </trkpt>
      <trkpt lat="44.420812" lon="6.88796">
        <ele>1919.2</ele>
        <time>2026-08-09T10:02:59Z</time>
      </trkpt>
      <trkpt lat="44.420885" lon="6.887978">
        <ele>1919.2</ele>
        <time>2026-08-09T10:03:05Z</time>
      </trkpt>
      <trkpt lat="44.420928" lon="6.888002">
        <ele>1919.4</ele>
        <time>2026-08-09T10:03:08Z</time>
      </trkpt>
      <trkpt lat="44.420955" lon="6.888014">
        <ele>1919.6</ele>
        <time>2026-08-09T10:03:10Z</time>
      </trkpt>
      <trkpt lat="44.421055" lon="6.888074">
        <ele>1919.6</ele>
        <time>2026-08-09T10:03:18Z</time>
      </trkpt>
      <trkpt lat="44.421182" lon="6.888149">
        <ele>1918.8</ele>
        <time>2026-08-09T10:03:28Z</time>
      </trkpt>
      <trkpt lat="44.421287" lon="6.888207">
        <ele>1918.6</ele>
        <time>2026-08-09T10:03:36Z</time>
      </trkpt>
      <trkpt lat="44.421372" lon="6.888198">
        <ele>1919.0</ele>
        <time>2026-08-09T10:03:43Z</time>
      </trkpt>
      <trkpt lat="44.421419" lon="6.888194">
        <ele>1919.6</ele>
        <time>2026-08-09T10:03:46Z</time>
      </trkpt>
      <trkpt lat="44.421456" lon="6.888199">
        <ele>1920.0</ele>
        <time>2026-08-09T10:03:49Z</time>
      </trkpt>
      <trkpt lat="44.421491" lon="6.8882">
        <ele>1920.4</ele>
        <time>2026-08-09T10:03:52Z</time>
      </trkpt>
      <trkpt lat="44.421569" lon="6.888233">
        <ele>1919.6</ele>
        <time>2026-08-09T10:04:00Z</time>
      </trkpt>
      <trkpt lat="44.421668" lon="6.888261">
        <ele>1918.4</ele>
        <time>2026-08-09T10:04:08Z</time>
      </trkpt>
      <trkpt lat="44.421678" lon="6.888256">
        <ele>1918.2</ele>
        <time>2026-08-09T10:04:09Z</time>
      </trkpt>
      <trkpt lat="44.421782" lon="6.888254">
        <ele>1917.4</ele>
        <time>2026-08-09T10:04:17Z</time>
      </trkpt>
      <trkpt lat="44.421862" lon="6.88825">
        <ele>1917.4</ele>
        <time>2026-08-09T10:04:24Z</time>
      </trkpt>
      <trkpt lat="44.422011" lon="6.888266">
        <ele>1916.4</ele>
        <time>2026-08-09T10:04:34Z</time>
      </trkpt>
      <trkpt lat="44.422027" lon="6.888266">
        <ele>1916.2</ele>
        <time>2026-08-09T10:04:35Z</time>
      </trkpt>
      <trkpt lat="44.422159" lon="6.888309">
        <ele>1915.8</ele>
        <time>2026-08-09T10:04:44Z</time>
      </trkpt>
      <trkpt lat="44.422313" lon="6.888364">
        <ele>1915.8</ele>
        <time>2026-08-09T10:04:56Z</time>
      </trkpt>
      <trkpt lat="44.42236" lon="6.888393">
        <ele>1916.2</ele>
        <time>2026-08-09T10:05:00Z</time>
      </trkpt>
      <trkpt lat="44.422444" lon="6.888453">
        <ele>1916.2</ele>
        <time>2026-08-09T10:05:06Z</time>
      </trkpt>
      <trkpt lat="44.422575" lon="6.888512">
        <ele>1917.2</ele>
        <time>2026-08-09T10:05:17Z</time>
      </trkpt>
      <trkpt lat="44.422688" lon="6.88858">
        <ele>1917.2</ele>
        <time>2026-08-09T10:05:26Z</time>
      </trkpt>
      <trkpt lat="44.422698" lon="6.888588">
        <ele>1917.2</ele>
        <time>2026-08-09T10:05:27Z</time>
      </trkpt>
      <trkpt lat="44.422782" lon="6.888643">
        <ele>1917.8</ele>
        <time>2026-08-09T10:05:35Z</time>
      </trkpt>
      <trkpt lat="44.422859" lon="6.888703">
        <ele>1918.0</ele>
        <time>2026-08-09T10:05:41Z</time>
      </trkpt>
      <trkpt lat="44.422884" lon="6.888722">
        <ele>1918.2</ele>
        <time>2026-08-09T10:05:43Z</time>
      </trkpt>
      <trkpt lat="44.422913" lon="6.888749">
        <ele>1918.4</ele>
        <time>2026-08-09T10:05:46Z</time>
      </trkpt>
      <trkpt lat="44.422975" lon="6.88879">
        <ele>1918.8</ele>
        <time>2026-08-09T10:05:52Z</time>
      </trkpt>
      <trkpt lat="44.423015" lon="6.888817">
        <ele>1918.8</ele>
        <time>2026-08-09T10:05:55Z</time>
      </trkpt>
      <trkpt lat="44.423061" lon="6.888847">
        <ele>1919.2</ele>
        <time>2026-08-09T10:06:00Z</time>
      </trkpt>
      <trkpt lat="44.423069" lon="6.888861">
        <ele>1919.2</ele>
        <time>2026-08-09T10:06:02Z</time>
      </trkpt>
      <trkpt lat="44.423159" lon="6.888927">
        <ele>1919.4</ele>
        <time>2026-08-09T10:06:10Z</time>
      </trkpt>
      <trkpt lat="44.423224" lon="6.888967">
        <ele>1920.4</ele>
        <time>2026-08-09T10:06:17Z</time>
      </trkpt>
      <trkpt lat="44.42328" lon="6.889009">
        <ele>1921.6</ele>
        <time>2026-08-09T10:06:22Z</time>
      </trkpt>
      <trkpt lat="44.423308" lon="6.889047">
        <ele>1922.4</ele>
        <time>2026-08-09T10:06:27Z</time>
      </trkpt>
      <trkpt lat="44.423328" lon="6.889054">
        <ele>1922.6</ele>
        <time>2026-08-09T10:06:29Z</time>
      </trkpt>
      <trkpt lat="44.423411" lon="6.889061">
        <ele>1923.4</ele>
        <time>2026-08-09T10:06:35Z</time>
      </trkpt>
      <trkpt lat="44.423435" lon="6.889061">
        <ele>1923.6</ele>
        <time>2026-08-09T10:06:37Z</time>
      </trkpt>
      <trkpt lat="44.423522" lon="6.889071">
        <ele>1924.0</ele>
        <time>2026-08-09T10:06:43Z</time>
      </trkpt>
      <trkpt lat="44.423561" lon="6.889084">
        <ele>1924.4</ele>
        <time>2026-08-09T10:06:46Z</time>
      </trkpt>
      <trkpt lat="44.423587" lon="6.889097">
        <ele>1924.6</ele>
        <time>2026-08-09T10:06:48Z</time>
      </trkpt>
      <trkpt lat="44.423703" lon="6.889149">
        <ele>1925.4</ele>
        <time>2026-08-09T10:06:58Z</time>
      </trkpt>
      <trkpt lat="44.423768" lon="6.889173">
        <ele>1925.6</ele>
        <time>2026-08-09T10:07:03Z</time>
      </trkpt>
      <trkpt lat="44.423776" lon="6.889177">
        <ele>1925.8</ele>
        <time>2026-08-09T10:07:04Z</time>
      </trkpt>
      <trkpt lat="44.423809" lon="6.889186">
        <ele>1926.0</ele>
        <time>2026-08-09T10:07:08Z</time>
      </trkpt>
      <trkpt lat="44.42393" lon="6.889207">
        <ele>1926.6</ele>
        <time>2026-08-09T10:07:17Z</time>
      </trkpt>
      <trkpt lat="44.423956" lon="6.889215">
        <ele>1926.8</ele>
        <time>2026-08-09T10:07:19Z</time>
      </trkpt>
      <trkpt lat="44.424028" lon="6.889221">
        <ele>1926.8</ele>
        <time>2026-08-09T10:07:25Z</time>
      </trkpt>
      <trkpt lat="44.424079" lon="6.889232">
        <ele>1927.4</ele>
        <time>2026-08-09T10:07:30Z</time>
      </trkpt>
      <trkpt lat="44.424114" lon="6.88924">
        <ele>1927.8</ele>
        <time>2026-08-09T10:07:33Z</time>
      </trkpt>
      <trkpt lat="44.424246" lon="6.889271">
        <ele>1928.6</ele>
        <time>2026-08-09T10:07:43Z</time>
      </trkpt>
      <trkpt lat="44.424312" lon="6.889288">
        <ele>1928.8</ele>
        <time>2026-08-09T10:07:48Z</time>
      </trkpt>
      <trkpt lat="44.424397" lon="6.889321">
        <ele>1929.0</ele>
        <time>2026-08-09T10:07:55Z</time>
      </trkpt>
      <trkpt lat="44.424485" lon="6.889341">
        <ele>1929.4</ele>
        <time>2026-08-09T10:08:03Z</time>
      </trkpt>
      <trkpt lat="44.424549" lon="6.889333">
        <ele>1930.0</ele>
        <time>2026-08-09T10:08:08Z</time>
      </trkpt>
      <trkpt lat="44.424598" lon="6.889332">
        <ele>1930.6</ele>
        <time>2026-08-09T10:08:11Z</time>
      </trkpt>
      <trkpt lat="44.424637" lon="6.889327">
        <ele>1931.2</ele>
        <time>2026-08-09T10:08:14Z</time>
      </trkpt>
      <trkpt lat="44.424739" lon="6.889314">
        <ele>1931.8</ele>
        <time>2026-08-09T10:08:23Z</time>
      </trkpt>
      <trkpt lat="44.424778" lon="6.889311">
        <ele>1932.4</ele>
        <time>2026-08-09T10:08:27Z</time>
      </trkpt>
      <trkpt lat="44.424833" lon="6.889299">
        <ele>1933.4</ele>
        <time>2026-08-09T10:08:32Z</time>
      </trkpt>
      <trkpt lat="44.424846" lon="6.889297">
        <ele>1933.6</ele>
        <time>2026-08-09T10:08:33Z</time>
      </trkpt>
      <trkpt lat="44.424905" lon="6.889298">
        <ele>1934.8</ele>
        <time>2026-08-09T10:08:38Z</time>
      </trkpt>
      <trkpt lat="44.424938" lon="6.889294">
        <ele>1935.8</ele>
        <time>2026-08-09T10:08:41Z</time>
      </trkpt>
      <trkpt lat="44.424958" lon="6.889293">
        <ele>1936.4</ele>
        <time>2026-08-09T10:08:43Z</time>
      </trkpt>
      <trkpt lat="44.424978" lon="6.889294">
        <ele>1937.0</ele>
        <time>2026-08-09T10:08:45Z</time>
      </trkpt>
      <trkpt lat="44.425068" lon="6.889277">
        <ele>1937.4</ele>
        <time>2026-08-09T10:08:52Z</time>
      </trkpt>
      <trkpt lat="44.42508" lon="6.889274">
        <ele>1937.4</ele>
        <time>2026-08-09T10:08:53Z</time>
      </trkpt>
      <trkpt lat="44.425123" lon="6.889269">
        <ele>1938.0</ele>
        <time>2026-08-09T10:08:57Z</time>
      </trkpt>
      <trkpt lat="44.425205" lon="6.889252">
        <ele>1938.4</ele>
        <time>2026-08-09T10:09:04Z</time>
      </trkpt>
      <trkpt lat="44.425262" lon="6.88925">
        <ele>1939.2</ele>
        <time>2026-08-09T10:09:10Z</time>
      </trkpt>
      <trkpt lat="44.425309" lon="6.88925">
        <ele>1940.0</ele>
        <time>2026-08-09T10:09:14Z</time>
      </trkpt>
      <trkpt lat="44.425321" lon="6.889249">
        <ele>1940.2</ele>
        <time>2026-08-09T10:09:15Z</time>
      </trkpt>
      <trkpt lat="44.42539" lon="6.889243">
        <ele>1941.0</ele>
        <time>2026-08-09T10:09:21Z</time>
      </trkpt>
      <trkpt lat="44.42541" lon="6.889238">
        <ele>1941.4</ele>
        <time>2026-08-09T10:09:23Z</time>
      </trkpt>
      <trkpt lat="44.425474" lon="6.889216">
        <ele>1942.6</ele>
        <time>2026-08-09T10:09:29Z</time>
      </trkpt>
      <trkpt lat="44.425534" lon="6.889218">
        <ele>1943.6</ele>
        <time>2026-08-09T10:09:37Z</time>
      </trkpt>
      <trkpt lat="44.425551" lon="6.889221">
        <ele>1943.8</ele>
        <time>2026-08-09T10:09:39Z</time>
      </trkpt>
      <trkpt lat="44.425596" lon="6.88923">
        <ele>1944.8</ele>
        <time>2026-08-09T10:09:45Z</time>
      </trkpt>
      <trkpt lat="44.425635" lon="6.889236">
        <ele>1945.2</ele>
        <time>2026-08-09T10:09:49Z</time>
      </trkpt>
      <trkpt lat="44.425666" lon="6.889242">
        <ele>1945.8</ele>
        <time>2026-08-09T10:09:53Z</time>
      </trkpt>
      <trkpt lat="44.425689" lon="6.889248">
        <ele>1946.4</ele>
        <time>2026-08-09T10:09:58Z</time>
      </trkpt>
      <trkpt lat="44.425737" lon="6.889273">
        <ele>1946.2</ele>
        <time>2026-08-09T10:10:05Z</time>
      </trkpt>
      <trkpt lat="44.425745" lon="6.889291">
        <ele>1947.0</ele>
        <time>2026-08-09T10:10:08Z</time>
      </trkpt>
      <trkpt lat="44.425755" lon="6.889356">
        <ele>1947.6</ele>
        <time>2026-08-09T10:10:14Z</time>
      </trkpt>
      <trkpt lat="44.425762" lon="6.889417">
        <ele>1948.0</ele>
        <time>2026-08-09T10:10:20Z</time>
      </trkpt>
      <trkpt lat="44.425757" lon="6.889438">
        <ele>1948.0</ele>
        <time>2026-08-09T10:10:22Z</time>
      </trkpt>
      <trkpt lat="44.425727" lon="6.889517">
        <ele>1949.0</ele>
        <time>2026-08-09T10:10:28Z</time>
      </trkpt>
      <trkpt lat="44.425711" lon="6.889537">
        <ele>1949.4</ele>
        <time>2026-08-09T10:10:30Z</time>
      </trkpt>
      <trkpt lat="44.425618" lon="6.889624">
        <ele>1949.0</ele>
        <time>2026-08-09T10:10:40Z</time>
      </trkpt>
      <trkpt lat="44.425553" lon="6.889666">
        <ele>1949.6</ele>
        <time>2026-08-09T10:10:46Z</time>
      </trkpt>
      <trkpt lat="44.425512" lon="6.889719">
        <ele>1950.0</ele>
        <time>2026-08-09T10:10:52Z</time>
      </trkpt>
      <trkpt lat="44.425497" lon="6.889735">
        <ele>1950.0</ele>
        <time>2026-08-09T10:10:54Z</time>
      </trkpt>
      <trkpt lat="44.425472" lon="6.889758">
        <ele>1950.0</ele>
        <time>2026-08-09T10:10:57Z</time>
      </trkpt>
      <trkpt lat="44.425413" lon="6.88982">
        <ele>1950.8</ele>
        <time>2026-08-09T10:11:03Z</time>
      </trkpt>
      <trkpt lat="44.425406" lon="6.88983">
        <ele>1951.0</ele>
        <time>2026-08-09T10:11:04Z</time>
      </trkpt>
      <trkpt lat="44.425373" lon="6.889893">
        <ele>1951.6</ele>
        <time>2026-08-09T10:11:12Z</time>
      </trkpt>
      <trkpt lat="44.425354" lon="6.889957">
        <ele>1952.2</ele>
        <time>2026-08-09T10:11:17Z</time>
      </trkpt>
      <trkpt lat="44.425341" lon="6.890014">
        <ele>1952.8</ele>
        <time>2026-08-09T10:11:21Z</time>
      </trkpt>
      <trkpt lat="44.425308" lon="6.890122">
        <ele>1953.0</ele>
        <time>2026-08-09T10:11:29Z</time>
      </trkpt>
      <trkpt lat="44.425293" lon="6.890196">
        <ele>1953.2</ele>
        <time>2026-08-09T10:11:34Z</time>
      </trkpt>
      <trkpt lat="44.425283" lon="6.890237">
        <ele>1953.6</ele>
        <time>2026-08-09T10:11:37Z</time>
      </trkpt>
      <trkpt lat="44.425253" lon="6.890307">
        <ele>1954.2</ele>
        <time>2026-08-09T10:11:43Z</time>
      </trkpt>
      <trkpt lat="44.425244" lon="6.890324">
        <ele>1954.6</ele>
        <time>2026-08-09T10:11:45Z</time>
      </trkpt>
      <trkpt lat="44.425228" lon="6.890369">
        <ele>1955.4</ele>
        <time>2026-08-09T10:11:49Z</time>
      </trkpt>
      <trkpt lat="44.425214" lon="6.890413">
        <ele>1956.2</ele>
        <time>2026-08-09T10:11:53Z</time>
      </trkpt>
      <trkpt lat="44.425166" lon="6.890523">
        <ele>1956.0</ele>
        <time>2026-08-09T10:12:01Z</time>
      </trkpt>
      <trkpt lat="44.425122" lon="6.890614">
        <ele>1956.2</ele>
        <time>2026-08-09T10:12:09Z</time>
      </trkpt>
      <trkpt lat="44.42511" lon="6.890639">
        <ele>1956.4</ele>
        <time>2026-08-09T10:12:11Z</time>
      </trkpt>
      <trkpt lat="44.425082" lon="6.890702">
        <ele>1957.2</ele>
        <time>2026-08-09T10:12:17Z</time>
      </trkpt>
      <trkpt lat="44.425061" lon="6.890752">
        <ele>1957.6</ele>
        <time>2026-08-09T10:12:22Z</time>
      </trkpt>
      <trkpt lat="44.425055" lon="6.890766">
        <ele>1957.6</ele>
        <time>2026-08-09T10:12:23Z</time>
      </trkpt>
      <trkpt lat="44.425034" lon="6.89086">
        <ele>1958.4</ele>
        <time>2026-08-09T10:12:29Z</time>
      </trkpt>
      <trkpt lat="44.425032" lon="6.890875">
        <ele>1958.6</ele>
        <time>2026-08-09T10:12:30Z</time>
      </trkpt>
      <trkpt lat="44.425025" lon="6.890912">
        <ele>1959.0</ele>
        <time>2026-08-09T10:12:32Z</time>
      </trkpt>
      <trkpt lat="44.425021" lon="6.890933">
        <ele>1959.8</ele>
        <time>2026-08-09T10:12:34Z</time>
      </trkpt>
      <trkpt lat="44.425014" lon="6.890966">
        <ele>1960.8</ele>
        <time>2026-08-09T10:12:37Z</time>
      </trkpt>
      <trkpt lat="44.425001" lon="6.891051">
        <ele>1961.6</ele>
        <time>2026-08-09T10:12:44Z</time>
      </trkpt>
      <trkpt lat="44.425" lon="6.891064">
        <ele>1961.8</ele>
        <time>2026-08-09T10:12:45Z</time>
      </trkpt>
      <trkpt lat="44.424999" lon="6.891132">
        <ele>1962.8</ele>
        <time>2026-08-09T10:12:51Z</time>
      </trkpt>
      <trkpt lat="44.424999" lon="6.891159">
        <ele>1963.2</ele>
        <time>2026-08-09T10:12:54Z</time>
      </trkpt>
      <trkpt lat="44.424993" lon="6.891236">
        <ele>1964.0</ele>
        <time>2026-08-09T10:12:59Z</time>
      </trkpt>
      <trkpt lat="44.424991" lon="6.891255">
        <ele>1964.4</ele>
        <time>2026-08-09T10:13:01Z</time>
      </trkpt>
      <trkpt lat="44.42498" lon="6.891307">
        <ele>1965.0</ele>
        <time>2026-08-09T10:13:05Z</time>
      </trkpt>
      <trkpt lat="44.42498" lon="6.891326">
        <ele>1965.4</ele>
        <time>2026-08-09T10:13:07Z</time>
      </trkpt>
      <trkpt lat="44.424979" lon="6.891376">
        <ele>1965.8</ele>
        <time>2026-08-09T10:13:11Z</time>
      </trkpt>
      <trkpt lat="44.424974" lon="6.8914">
        <ele>1966.2</ele>
        <time>2026-08-09T10:13:13Z</time>
      </trkpt>
      <trkpt lat="44.424955" lon="6.8915">
        <ele>1967.0</ele>
        <time>2026-08-09T10:13:20Z</time>
      </trkpt>
      <trkpt lat="44.424951" lon="6.89153">
        <ele>1967.4</ele>
        <time>2026-08-09T10:13:22Z</time>
      </trkpt>
      <trkpt lat="44.424935" lon="6.891629">
        <ele>1968.2</ele>
        <time>2026-08-09T10:13:28Z</time>
      </trkpt>
      <trkpt lat="44.424924" lon="6.891683">
        <ele>1968.4</ele>
        <time>2026-08-09T10:13:31Z</time>
      </trkpt>
      <trkpt lat="44.424913" lon="6.891744">
        <ele>1969.0</ele>
        <time>2026-08-09T10:13:35Z</time>
      </trkpt>
      <trkpt lat="44.424912" lon="6.891758">
        <ele>1969.2</ele>
        <time>2026-08-09T10:13:36Z</time>
      </trkpt>
      <trkpt lat="44.424913" lon="6.891765">
        <ele>1969.6</ele>
        <time>2026-08-09T10:13:37Z</time>
      </trkpt>
      <trkpt lat="44.424927" lon="6.891803">
        <ele>1970.2</ele>
        <time>2026-08-09T10:13:42Z</time>
      </trkpt>
      <trkpt lat="44.424927" lon="6.891814">
        <ele>1970.4</ele>
        <time>2026-08-09T10:13:43Z</time>
      </trkpt>
      <trkpt lat="44.424926" lon="6.891836">
        <ele>1970.6</ele>
        <time>2026-08-09T10:13:45Z</time>
      </trkpt>
      <trkpt lat="44.424921" lon="6.891867">
        <ele>1971.6</ele>
        <time>2026-08-09T10:13:48Z</time>
      </trkpt>
      <trkpt lat="44.424909" lon="6.891914">
        <ele>1972.8</ele>
        <time>2026-08-09T10:13:51Z</time>
      </trkpt>
      <trkpt lat="44.424903" lon="6.891947">
        <ele>1973.2</ele>
        <time>2026-08-09T10:13:53Z</time>
      </trkpt>
      <trkpt lat="44.424895" lon="6.891978">
        <ele>1973.8</ele>
        <time>2026-08-09T10:13:56Z</time>
      </trkpt>
      <trkpt lat="44.424894" lon="6.891998">
        <ele>1975.0</ele>
        <time>2026-08-09T10:14:00Z</time>
      </trkpt>
      <trkpt lat="44.424892" lon="6.892017">
        <ele>1975.4</ele>
        <time>2026-08-09T10:14:02Z</time>
      </trkpt>
      <trkpt lat="44.424889" lon="6.892044">
        <ele>1976.0</ele>
        <time>2026-08-09T10:14:05Z</time>
      </trkpt>
      <trkpt lat="44.424886" lon="6.892086">
        <ele>1977.0</ele>
        <time>2026-08-09T10:14:10Z</time>
      </trkpt>
      <trkpt lat="44.424883" lon="6.892103">
        <ele>1977.2</ele>
        <time>2026-08-09T10:14:12Z</time>
      </trkpt>
      <trkpt lat="44.424882" lon="6.892105">
        <ele>1977.2</ele>
        <time>2026-08-09T10:14:13Z</time>
      </trkpt>
      <trkpt lat="44.424866" lon="6.892153">
        <ele>1978.2</ele>
        <time>2026-08-09T10:14:19Z</time>
      </trkpt>
      <trkpt lat="44.424848" lon="6.892207">
        <ele>1979.0</ele>
        <time>2026-08-09T10:14:23Z</time>
      </trkpt>
      <trkpt lat="44.424843" lon="6.89222">
        <ele>1979.2</ele>
        <time>2026-08-09T10:14:24Z</time>
      </trkpt>
      <trkpt lat="44.424817" lon="6.892293">
        <ele>1979.8</ele>
        <time>2026-08-09T10:14:30Z</time>
      </trkpt>
      <trkpt lat="44.424805" lon="6.892316">
        <ele>1980.0</ele>
        <time>2026-08-09T10:14:32Z</time>
      </trkpt>
      <trkpt lat="44.424791" lon="6.892334">
        <ele>1980.4</ele>
        <time>2026-08-09T10:14:34Z</time>
      </trkpt>
      <trkpt lat="44.424754" lon="6.892415">
        <ele>1981.0</ele>
        <time>2026-08-09T10:14:42Z</time>
      </trkpt>
      <trkpt lat="44.424744" lon="6.89245">
        <ele>1981.4</ele>
        <time>2026-08-09T10:14:45Z</time>
      </trkpt>
      <trkpt lat="44.424743" lon="6.892503">
        <ele>1981.6</ele>
        <time>2026-08-09T10:14:49Z</time>
      </trkpt>
      <trkpt lat="44.424734" lon="6.892577">
        <ele>1982.2</ele>
        <time>2026-08-09T10:14:57Z</time>
      </trkpt>
      <trkpt lat="44.424732" lon="6.892585">
        <ele>1982.4</ele>
        <time>2026-08-09T10:14:58Z</time>
      </trkpt>
      <trkpt lat="44.424717" lon="6.892674">
        <ele>1983.6</ele>
        <time>2026-08-09T10:15:05Z</time>
      </trkpt>
      <trkpt lat="44.424713" lon="6.892686">
        <ele>1983.8</ele>
        <time>2026-08-09T10:15:06Z</time>
      </trkpt>
      <trkpt lat="44.424684" lon="6.892784">
        <ele>1984.6</ele>
        <time>2026-08-09T10:15:13Z</time>
      </trkpt>
      <trkpt lat="44.424676" lon="6.89281">
        <ele>1985.0</ele>
        <time>2026-08-09T10:15:15Z</time>
      </trkpt>
      <trkpt lat="44.424653" lon="6.892912">
        <ele>1985.8</ele>
        <time>2026-08-09T10:15:22Z</time>
      </trkpt>
      <trkpt lat="44.42465" lon="6.892924">
        <ele>1986.0</ele>
        <time>2026-08-09T10:15:23Z</time>
      </trkpt>
      <trkpt lat="44.424643" lon="6.892945">
        <ele>1986.8</ele>
        <time>2026-08-09T10:15:25Z</time>
      </trkpt>
      <trkpt lat="44.424631" lon="6.89303">
        <ele>1987.8</ele>
        <time>2026-08-09T10:15:32Z</time>
      </trkpt>
      <trkpt lat="44.424626" lon="6.893056">
        <ele>1988.4</ele>
        <time>2026-08-09T10:15:34Z</time>
      </trkpt>
      <trkpt lat="44.424622" lon="6.893119">
        <ele>1989.0</ele>
        <time>2026-08-09T10:15:38Z</time>
      </trkpt>
      <trkpt lat="44.424631" lon="6.893222">
        <ele>1989.8</ele>
        <time>2026-08-09T10:15:44Z</time>
      </trkpt>
      <trkpt lat="44.424621" lon="6.893321">
        <ele>1990.0</ele>
        <time>2026-08-09T10:15:51Z</time>
      </trkpt>
      <trkpt lat="44.424597" lon="6.893382">
        <ele>1990.2</ele>
        <time>2026-08-09T10:15:55Z</time>
      </trkpt>
      <trkpt lat="44.424544" lon="6.893467">
        <ele>1991.2</ele>
        <time>2026-08-09T10:16:01Z</time>
      </trkpt>
      <trkpt lat="44.424511" lon="6.893509">
        <ele>1991.4</ele>
        <time>2026-08-09T10:16:04Z</time>
      </trkpt>
      <trkpt lat="44.424445" lon="6.893578">
        <ele>1992.0</ele>
        <time>2026-08-09T10:16:12Z</time>
      </trkpt>
      <trkpt lat="44.424427" lon="6.893597">
        <ele>1992.4</ele>
        <time>2026-08-09T10:16:14Z</time>
      </trkpt>
      <trkpt lat="44.424395" lon="6.893622">
        <ele>1992.8</ele>
        <time>2026-08-09T10:16:18Z</time>
      </trkpt>
      <trkpt lat="44.424392" lon="6.893626">
        <ele>1992.8</ele>
        <time>2026-08-09T10:16:19Z</time>
      </trkpt>
      <trkpt lat="44.424392" lon="6.893628">
        <ele>1992.6</ele>
        <time>2026-08-09T10:16:20Z</time>
      </trkpt>
      <trkpt lat="44.424389" lon="6.893628">
        <ele>1992.4</ele>
        <time>2026-08-09T10:16:21Z</time>
      </trkpt>
      <trkpt lat="44.424401" lon="6.893646">
        <ele>1992.2</ele>
        <time>2026-08-09T10:16:25Z</time>
      </trkpt>
      <trkpt lat="44.424402" lon="6.893647">
        <ele>1992.2</ele>
        <time>2026-08-09T10:16:29Z</time>
      </trkpt>
      <trkpt lat="44.424411" lon="6.893633">
        <ele>1992.0</ele>
        <time>2026-08-09T10:16:37Z</time>
      </trkpt>
      <trkpt lat="44.424403" lon="6.893635">
        <ele>1992.2</ele>
        <time>2026-08-09T10:16:40Z</time>
      </trkpt>
      <trkpt lat="44.424385" lon="6.893658">
        <ele>1992.0</ele>
        <time>2026-08-09T10:16:43Z</time>
      </trkpt>
      <trkpt lat="44.424354" lon="6.893707">
        <ele>1991.6</ele>
        <time>2026-08-09T10:16:46Z</time>
      </trkpt>
      <trkpt lat="44.424319" lon="6.893813">
        <ele>1991.6</ele>
        <time>2026-08-09T10:16:52Z</time>
      </trkpt>
      <trkpt lat="44.424312" lon="6.893888">
        <ele>1991.8</ele>
        <time>2026-08-09T10:16:57Z</time>
      </trkpt>
      <trkpt lat="44.424288" lon="6.893973">
        <ele>1992.0</ele>
        <time>2026-08-09T10:17:02Z</time>
      </trkpt>
      <trkpt lat="44.424268" lon="6.894025">
        <ele>1992.0</ele>
        <time>2026-08-09T10:17:05Z</time>
      </trkpt>
      <trkpt lat="44.424226" lon="6.894179">
        <ele>1991.4</ele>
        <time>2026-08-09T10:17:14Z</time>
      </trkpt>
      <trkpt lat="44.424218" lon="6.894201">
        <ele>1991.4</ele>
        <time>2026-08-09T10:17:15Z</time>
      </trkpt>
      <trkpt lat="44.424185" lon="6.894337">
        <ele>1991.0</ele>
        <time>2026-08-09T10:17:23Z</time>
      </trkpt>
      <trkpt lat="44.424142" lon="6.894505">
        <ele>1991.4</ele>
        <time>2026-08-09T10:17:33Z</time>
      </trkpt>
      <trkpt lat="44.424122" lon="6.89462">
        <ele>1991.0</ele>
        <time>2026-08-09T10:17:38Z</time>
      </trkpt>
      <trkpt lat="44.424118" lon="6.894667">
        <ele>1990.8</ele>
        <time>2026-08-09T10:17:40Z</time>
      </trkpt>
      <trkpt lat="44.424077" lon="6.894794">
        <ele>1992.0</ele>
        <time>2026-08-09T10:17:50Z</time>
      </trkpt>
      <trkpt lat="44.424058" lon="6.89483">
        <ele>1992.6</ele>
        <time>2026-08-09T10:17:52Z</time>
      </trkpt>
      <trkpt lat="44.424013" lon="6.894928">
        <ele>1992.6</ele>
        <time>2026-08-09T10:17:57Z</time>
      </trkpt>
      <trkpt lat="44.423932" lon="6.895068">
        <ele>1991.6</ele>
        <time>2026-08-09T10:18:05Z</time>
      </trkpt>
      <trkpt lat="44.423919" lon="6.895078">
        <ele>1991.4</ele>
        <time>2026-08-09T10:18:06Z</time>
      </trkpt>
      <trkpt lat="44.423868" lon="6.895126">
        <ele>1990.6</ele>
        <time>2026-08-09T10:18:11Z</time>
      </trkpt>
      <trkpt lat="44.423846" lon="6.89515">
        <ele>1990.0</ele>
        <time>2026-08-09T10:18:13Z</time>
      </trkpt>
      <trkpt lat="44.423799" lon="6.895217">
        <ele>1989.4</ele>
        <time>2026-08-09T10:18:17Z</time>
      </trkpt>
      <trkpt lat="44.423767" lon="6.895278">
        <ele>1989.2</ele>
        <time>2026-08-09T10:18:20Z</time>
      </trkpt>
      <trkpt lat="44.423704" lon="6.895472">
        <ele>1988.4</ele>
        <time>2026-08-09T10:18:30Z</time>
      </trkpt>
      <trkpt lat="44.423652" lon="6.895654">
        <ele>1987.8</ele>
        <time>2026-08-09T10:18:39Z</time>
      </trkpt>
      <trkpt lat="44.423641" lon="6.895681">
        <ele>1987.2</ele>
        <time>2026-08-09T10:18:41Z</time>
      </trkpt>
      <trkpt lat="44.423577" lon="6.895809">
        <ele>1986.2</ele>
        <time>2026-08-09T10:18:48Z</time>
      </trkpt>
      <trkpt lat="44.423536" lon="6.895873">
        <ele>1985.0</ele>
        <time>2026-08-09T10:18:52Z</time>
      </trkpt>
      <trkpt lat="44.423508" lon="6.895928">
        <ele>1984.6</ele>
        <time>2026-08-09T10:18:56Z</time>
      </trkpt>
      <trkpt lat="44.423415" lon="6.896049">
        <ele>1984.8</ele>
        <time>2026-08-09T10:19:04Z</time>
      </trkpt>
      <trkpt lat="44.423318" lon="6.896131">
        <ele>1985.8</ele>
        <time>2026-08-09T10:19:12Z</time>
      </trkpt>
      <trkpt lat="44.423227" lon="6.896189">
        <ele>1985.8</ele>
        <time>2026-08-09T10:19:19Z</time>
      </trkpt>
      <trkpt lat="44.423165" lon="6.896277">
        <ele>1986.4</ele>
        <time>2026-08-09T10:19:26Z</time>
      </trkpt>
      <trkpt lat="44.423118" lon="6.896336">
        <ele>1987.4</ele>
        <time>2026-08-09T10:19:31Z</time>
      </trkpt>
      <trkpt lat="44.423098" lon="6.896357">
        <ele>1987.4</ele>
        <time>2026-08-09T10:19:33Z</time>
      </trkpt>
      <trkpt lat="44.423077" lon="6.896376">
        <ele>1987.6</ele>
        <time>2026-08-09T10:19:35Z</time>
      </trkpt>
      <trkpt lat="44.423048" lon="6.896411">
        <ele>1987.4</ele>
        <time>2026-08-09T10:19:38Z</time>
      </trkpt>
      <trkpt lat="44.423004" lon="6.896476">
        <ele>1987.8</ele>
        <time>2026-08-09T10:19:43Z</time>
      </trkpt>
      <trkpt lat="44.422941" lon="6.896574">
        <ele>1988.2</ele>
        <time>2026-08-09T10:19:51Z</time>
      </trkpt>
      <trkpt lat="44.422875" lon="6.896631">
        <ele>1988.6</ele>
        <time>2026-08-09T10:19:56Z</time>
      </trkpt>
      <trkpt lat="44.42285" lon="6.896649">
        <ele>1988.8</ele>
        <time>2026-08-09T10:19:58Z</time>
      </trkpt>
      <trkpt lat="44.422775" lon="6.896699">
        <ele>1989.6</ele>
        <time>2026-08-09T10:20:04Z</time>
      </trkpt>
      <trkpt lat="44.422747" lon="6.896733">
        <ele>1989.4</ele>
        <time>2026-08-09T10:20:07Z</time>
      </trkpt>
      <trkpt lat="44.422691" lon="6.896838">
        <ele>1990.6</ele>
        <time>2026-08-09T10:20:14Z</time>
      </trkpt>
      <trkpt lat="44.422681" lon="6.896857">
        <ele>1990.8</ele>
        <time>2026-08-09T10:20:15Z</time>
      </trkpt>
      <trkpt lat="44.4226" lon="6.896996">
        <ele>1990.6</ele>
        <time>2026-08-09T10:20:23Z</time>
      </trkpt>
      <trkpt lat="44.422576" lon="6.897116">
        <ele>1991.0</ele>
        <time>2026-08-09T10:20:31Z</time>
      </trkpt>
      <trkpt lat="44.422556" lon="6.89725">
        <ele>1991.4</ele>
        <time>2026-08-09T10:20:37Z</time>
      </trkpt>
      <trkpt lat="44.422519" lon="6.897276">
        <ele>1991.6</ele>
        <time>2026-08-09T10:20:41Z</time>
      </trkpt>
      <trkpt lat="44.422496" lon="6.897291">
        <ele>1992.2</ele>
        <time>2026-08-09T10:20:43Z</time>
      </trkpt>
      <trkpt lat="44.422403" lon="6.897393">
        <ele>1992.6</ele>
        <time>2026-08-09T10:20:52Z</time>
      </trkpt>
      <trkpt lat="44.422396" lon="6.897404">
        <ele>1992.6</ele>
        <time>2026-08-09T10:20:53Z</time>
      </trkpt>
      <trkpt lat="44.422337" lon="6.897503">
        <ele>1993.2</ele>
        <time>2026-08-09T10:21:01Z</time>
      </trkpt>
      <trkpt lat="44.422246" lon="6.897611">
        <ele>1993.4</ele>
        <time>2026-08-09T10:21:10Z</time>
      </trkpt>
      <trkpt lat="44.422209" lon="6.897673">
        <ele>1993.8</ele>
        <time>2026-08-09T10:21:15Z</time>
      </trkpt>
      <trkpt lat="44.422193" lon="6.897732">
        <ele>1993.8</ele>
        <time>2026-08-09T10:21:19Z</time>
      </trkpt>
      <trkpt lat="44.422185" lon="6.897847">
        <ele>1994.2</ele>
        <time>2026-08-09T10:21:26Z</time>
      </trkpt>
      <trkpt lat="44.422166" lon="6.897879">
        <ele>1994.8</ele>
        <time>2026-08-09T10:21:29Z</time>
      </trkpt>
      <trkpt lat="44.422122" lon="6.897954">
        <ele>1995.0</ele>
        <time>2026-08-09T10:21:34Z</time>
      </trkpt>
      <trkpt lat="44.422027" lon="6.898083">
        <ele>1995.2</ele>
        <time>2026-08-09T10:21:44Z</time>
      </trkpt>
      <trkpt lat="44.421967" lon="6.898207">
        <ele>1995.6</ele>
        <time>2026-08-09T10:21:54Z</time>
      </trkpt>
      <trkpt lat="44.421906" lon="6.898326">
        <ele>1995.6</ele>
        <time>2026-08-09T10:22:03Z</time>
      </trkpt>
      <trkpt lat="44.421859" lon="6.898333">
        <ele>1995.8</ele>
        <time>2026-08-09T10:22:08Z</time>
      </trkpt>
      <trkpt lat="44.421842" lon="6.898314">
        <ele>1995.8</ele>
        <time>2026-08-09T10:22:10Z</time>
      </trkpt>
      <trkpt lat="44.421834" lon="6.898308">
        <ele>1995.8</ele>
        <time>2026-08-09T10:22:11Z</time>
      </trkpt>
      <trkpt lat="44.421774" lon="6.89833">
        <ele>1996.8</ele>
        <time>2026-08-09T10:22:17Z</time>
      </trkpt>
      <trkpt lat="44.421758" lon="6.898333">
        <ele>1997.0</ele>
        <time>2026-08-09T10:22:18Z</time>
      </trkpt>
      <trkpt lat="44.421676" lon="6.898374">
        <ele>1997.2</ele>
        <time>2026-08-09T10:22:24Z</time>
      </trkpt>
      <trkpt lat="44.421525" lon="6.898283">
        <ele>2004.8</ele>
        <time>2026-08-09T11:25:30Z</time>
      </trkpt>
      <trkpt lat="44.42152" lon="6.898284">
        <ele>2004.8</ele>
        <time>2026-08-09T11:25:31Z</time>
      </trkpt>
    </trkseg>
  </trk>
</gpx>