<?xml version="1.0" encoding="UTF-8"?>
<gpx xmlns="http://www.topografix.com/GPX/1/1" xmlns:xsi="http://www.w3.org/2001/XMLSchema-instance" xsi:schemaLocation="http://www.topografix.com/GPX/1/1 http://www.topografix.com/GPX/1/1/gpx.xsd" version="1.1" creator="Alta Linea Continua">
  <metadata>
    <name>Alta Linea Continua – Stage 1: Rifugio Garelli to Capanna Morgantini</name>
  </metadata>
  <trk>
    <name>Alta Linea Continua – Stage 1: Rifugio Garelli to Capanna Morgantini</name>
    <trkseg>
      <trkpt lat="44.188683" lon="7.687591">
        <ele>1964.6</ele>
        <time>2026-07-25T03:42:05Z</time>
      </trkpt>
      <trkpt lat="44.188673" lon="7.687487">
        <ele>1964.2</ele>
        <time>2026-07-25T03:42:12Z</time>
      </trkpt>
      <trkpt lat="44.18871" lon="7.687399">
        <ele>1963.4</ele>
        <time>2026-07-25T03:42:22Z</time>
      </trkpt>
      <trkpt lat="44.188689" lon="7.687397">
        <ele>1963.4</ele>
        <time>2026-07-25T03:42:30Z</time>
      </trkpt>
      <trkpt lat="44.188691" lon="7.687389">
        <ele>1963.2</ele>
        <time>2026-07-25T03:42:32Z</time>
      </trkpt>
      <trkpt lat="44.188694" lon="7.68738">
        <ele>1962.6</ele>
        <time>2026-07-25T03:42:38Z</time>
      </trkpt>
      <trkpt lat="44.188704" lon="7.687351">
        <ele>1962.6</ele>
        <time>2026-07-25T03:42:45Z</time>
      </trkpt>
      <trkpt lat="44.188702" lon="7.687331">
        <ele>1962.4</ele>
        <time>2026-07-25T03:42:49Z</time>
      </trkpt>
      <trkpt lat="44.188699" lon="7.687288">
        <ele>1961.6</ele>
        <time>2026-07-25T03:42:53Z</time>
      </trkpt>
      <trkpt lat="44.188688" lon="7.687262">
        <ele>1961.2</ele>
        <time>2026-07-25T03:42:55Z</time>
      </trkpt>
      <trkpt lat="44.188645" lon="7.687228">
        <ele>1960.6</ele>
        <time>2026-07-25T03:43:00Z</time>
      </trkpt>
      <trkpt lat="44.18862" lon="7.68721">
        <ele>1960.2</ele>
        <time>2026-07-25T03:43:04Z</time>
      </trkpt>
      <trkpt lat="44.188587" lon="7.68715">
        <ele>1959.2</ele>
        <time>2026-07-25T03:43:10Z</time>
      </trkpt>
      <trkpt lat="44.188578" lon="7.687132">
        <ele>1959.0</ele>
        <time>2026-07-25T03:43:11Z</time>
      </trkpt>
      <trkpt lat="44.188528" lon="7.687042">
        <ele>1958.2</ele>
        <time>2026-07-25T03:43:18Z</time>
      </trkpt>
      <trkpt lat="44.188474" lon="7.686909">
        <ele>1958.4</ele>
        <time>2026-07-25T03:43:27Z</time>
      </trkpt>
      <trkpt lat="44.188457" lon="7.686821">
        <ele>1959.6</ele>
        <time>2026-07-25T03:43:36Z</time>
      </trkpt>
      <trkpt lat="44.188446" lon="7.686775">
        <ele>1959.8</ele>
        <time>2026-07-25T03:43:43Z</time>
      </trkpt>
      <trkpt lat="44.188438" lon="7.686734">
        <ele>1960.0</ele>
        <time>2026-07-25T03:43:46Z</time>
      </trkpt>
      <trkpt lat="44.188435" lon="7.6867">
        <ele>1960.2</ele>
        <time>2026-07-25T03:43:48Z</time>
      </trkpt>
      <trkpt lat="44.188434" lon="7.686681">
        <ele>1960.2</ele>
        <time>2026-07-25T03:43:49Z</time>
      </trkpt>
      <trkpt lat="44.188412" lon="7.686584">
        <ele>1959.8</ele>
        <time>2026-07-25T03:43:58Z</time>
      </trkpt>
      <trkpt lat="44.188377" lon="7.686527">
        <ele>1959.8</ele>
        <time>2026-07-25T03:44:05Z</time>
      </trkpt>
      <trkpt lat="44.18837" lon="7.686519">
        <ele>1959.8</ele>
        <time>2026-07-25T03:44:06Z</time>
      </trkpt>
      <trkpt lat="44.188301" lon="7.686414">
        <ele>1960.0</ele>
        <time>2026-07-25T03:44:16Z</time>
      </trkpt>
      <trkpt lat="44.188223" lon="7.686364">
        <ele>1959.8</ele>
        <time>2026-07-25T03:44:25Z</time>
      </trkpt>
      <trkpt lat="44.188148" lon="7.686384">
        <ele>1959.6</ele>
        <time>2026-07-25T03:44:32Z</time>
      </trkpt>
      <trkpt lat="44.188132" lon="7.68642">
        <ele>1958.8</ele>
        <time>2026-07-25T03:44:36Z</time>
      </trkpt>
      <trkpt lat="44.188093" lon="7.686459">
        <ele>1958.4</ele>
        <time>2026-07-25T03:44:41Z</time>
      </trkpt>
      <trkpt lat="44.188022" lon="7.686475">
        <ele>1958.0</ele>
        <time>2026-07-25T03:44:49Z</time>
      </trkpt>
      <trkpt lat="44.188014" lon="7.686468">
        <ele>1957.8</ele>
        <time>2026-07-25T03:44:52Z</time>
      </trkpt>
      <trkpt lat="44.187972" lon="7.686465">
        <ele>1957.2</ele>
        <time>2026-07-25T03:44:56Z</time>
      </trkpt>
      <trkpt lat="44.187953" lon="7.686462">
        <ele>1956.8</ele>
        <time>2026-07-25T03:44:58Z</time>
      </trkpt>
      <trkpt lat="44.187885" lon="7.686445">
        <ele>1956.6</ele>
        <time>2026-07-25T03:45:04Z</time>
      </trkpt>
      <trkpt lat="44.187862" lon="7.686438">
        <ele>1956.8</ele>
        <time>2026-07-25T03:45:07Z</time>
      </trkpt>
      <trkpt lat="44.187768" lon="7.686382">
        <ele>1956.2</ele>
        <time>2026-07-25T03:45:16Z</time>
      </trkpt>
      <trkpt lat="44.187715" lon="7.686353">
        <ele>1955.8</ele>
        <time>2026-07-25T03:45:21Z</time>
      </trkpt>
      <trkpt lat="44.187658" lon="7.686321">
        <ele>1954.8</ele>
        <time>2026-07-25T03:45:27Z</time>
      </trkpt>
      <trkpt lat="44.187646" lon="7.686319">
        <ele>1954.6</ele>
        <time>2026-07-25T03:45:28Z</time>
      </trkpt>
      <trkpt lat="44.187561" lon="7.68636">
        <ele>1953.6</ele>
        <time>2026-07-25T03:45:36Z</time>
      </trkpt>
      <trkpt lat="44.187528" lon="7.686456">
        <ele>1952.6</ele>
        <time>2026-07-25T03:45:44Z</time>
      </trkpt>
      <trkpt lat="44.187528" lon="7.68647">
        <ele>1952.4</ele>
        <time>2026-07-25T03:45:45Z</time>
      </trkpt>
      <trkpt lat="44.187531" lon="7.686497">
        <ele>1952.0</ele>
        <time>2026-07-25T03:45:48Z</time>
      </trkpt>
      <trkpt lat="44.187524" lon="7.686511">
        <ele>1951.4</ele>
        <time>2026-07-25T03:45:52Z</time>
      </trkpt>
      <trkpt lat="44.187503" lon="7.686528">
        <ele>1950.8</ele>
        <time>2026-07-25T03:45:56Z</time>
      </trkpt>
      <trkpt lat="44.187487" lon="7.686547">
        <ele>1950.4</ele>
        <time>2026-07-25T03:45:58Z</time>
      </trkpt>
      <trkpt lat="44.187455" lon="7.686606">
        <ele>1949.2</ele>
        <time>2026-07-25T03:46:03Z</time>
      </trkpt>
      <trkpt lat="44.18745" lon="7.686619">
        <ele>1949.0</ele>
        <time>2026-07-25T03:46:04Z</time>
      </trkpt>
      <trkpt lat="44.187433" lon="7.686688">
        <ele>1948.0</ele>
        <time>2026-07-25T03:46:10Z</time>
      </trkpt>
      <trkpt lat="44.187426" lon="7.686727">
        <ele>1947.6</ele>
        <time>2026-07-25T03:46:13Z</time>
      </trkpt>
      <trkpt lat="44.187417" lon="7.68677">
        <ele>1947.0</ele>
        <time>2026-07-25T03:46:17Z</time>
      </trkpt>
      <trkpt lat="44.187401" lon="7.686797">
        <ele>1946.0</ele>
        <time>2026-07-25T03:46:23Z</time>
      </trkpt>
      <trkpt lat="44.187396" lon="7.686798">
        <ele>1945.8</ele>
        <time>2026-07-25T03:46:24Z</time>
      </trkpt>
      <trkpt lat="44.187365" lon="7.686859">
        <ele>1944.6</ele>
        <time>2026-07-25T03:46:30Z</time>
      </trkpt>
      <trkpt lat="44.187357" lon="7.686886">
        <ele>1944.2</ele>
        <time>2026-07-25T03:46:32Z</time>
      </trkpt>
      <trkpt lat="44.187349" lon="7.686953">
        <ele>1943.6</ele>
        <time>2026-07-25T03:46:37Z</time>
      </trkpt>
      <trkpt lat="44.187343" lon="7.686998">
        <ele>1943.4</ele>
        <time>2026-07-25T03:46:40Z</time>
      </trkpt>
      <trkpt lat="44.187313" lon="7.687079">
        <ele>1942.6</ele>
        <time>2026-07-25T03:46:49Z</time>
      </trkpt>
      <trkpt lat="44.187307" lon="7.687086">
        <ele>1942.4</ele>
        <time>2026-07-25T03:46:50Z</time>
      </trkpt>
      <trkpt lat="44.187265" lon="7.68715">
        <ele>1941.6</ele>
        <time>2026-07-25T03:46:55Z</time>
      </trkpt>
      <trkpt lat="44.187243" lon="7.687177">
        <ele>1941.6</ele>
        <time>2026-07-25T03:46:58Z</time>
      </trkpt>
      <trkpt lat="44.187178" lon="7.68727">
        <ele>1940.4</ele>
        <time>2026-07-25T03:47:05Z</time>
      </trkpt>
      <trkpt lat="44.187155" lon="7.687296">
        <ele>1940.0</ele>
        <time>2026-07-25T03:47:07Z</time>
      </trkpt>
      <trkpt lat="44.187116" lon="7.687346">
        <ele>1939.4</ele>
        <time>2026-07-25T03:47:11Z</time>
      </trkpt>
      <trkpt lat="44.187089" lon="7.687407">
        <ele>1938.6</ele>
        <time>2026-07-25T03:47:16Z</time>
      </trkpt>
      <trkpt lat="44.187034" lon="7.687504">
        <ele>1938.4</ele>
        <time>2026-07-25T03:47:23Z</time>
      </trkpt>
      <trkpt lat="44.187011" lon="7.687541">
        <ele>1938.2</ele>
        <time>2026-07-25T03:47:25Z</time>
      </trkpt>
      <trkpt lat="44.186917" lon="7.687657">
        <ele>1937.8</ele>
        <time>2026-07-25T03:47:34Z</time>
      </trkpt>
      <trkpt lat="44.186816" lon="7.687726">
        <ele>1938.6</ele>
        <time>2026-07-25T03:47:44Z</time>
      </trkpt>
      <trkpt lat="44.186746" lon="7.68776">
        <ele>1937.2</ele>
        <time>2026-07-25T03:47:53Z</time>
      </trkpt>
      <trkpt lat="44.186678" lon="7.687847">
        <ele>1938.0</ele>
        <time>2026-07-25T03:48:01Z</time>
      </trkpt>
      <trkpt lat="44.18666" lon="7.687871">
        <ele>1938.4</ele>
        <time>2026-07-25T03:48:04Z</time>
      </trkpt>
      <trkpt lat="44.186642" lon="7.687868">
        <ele>1939.2</ele>
        <time>2026-07-25T03:48:10Z</time>
      </trkpt>
      <trkpt lat="44.18662" lon="7.687871">
        <ele>1939.6</ele>
        <time>2026-07-25T03:48:12Z</time>
      </trkpt>
      <trkpt lat="44.186547" lon="7.687858">
        <ele>1939.8</ele>
        <time>2026-07-25T03:48:18Z</time>
      </trkpt>
      <trkpt lat="44.186483" lon="7.687883">
        <ele>1939.2</ele>
        <time>2026-07-25T03:48:25Z</time>
      </trkpt>
      <trkpt lat="44.186461" lon="7.687908">
        <ele>1939.0</ele>
        <time>2026-07-25T03:48:28Z</time>
      </trkpt>
      <trkpt lat="44.186431" lon="7.687954">
        <ele>1938.6</ele>
        <time>2026-07-25T03:48:33Z</time>
      </trkpt>
      <trkpt lat="44.186411" lon="7.687982">
        <ele>1938.0</ele>
        <time>2026-07-25T03:48:37Z</time>
      </trkpt>
      <trkpt lat="44.186396" lon="7.687987">
        <ele>1937.4</ele>
        <time>2026-07-25T03:48:40Z</time>
      </trkpt>
      <trkpt lat="44.186342" lon="7.688028">
        <ele>1936.4</ele>
        <time>2026-07-25T03:48:46Z</time>
      </trkpt>
      <trkpt lat="44.186305" lon="7.688094">
        <ele>1935.4</ele>
        <time>2026-07-25T03:48:52Z</time>
      </trkpt>
      <trkpt lat="44.186299" lon="7.688145">
        <ele>1934.6</ele>
        <time>2026-07-25T03:48:57Z</time>
      </trkpt>
      <trkpt lat="44.186286" lon="7.688138">
        <ele>1934.4</ele>
        <time>2026-07-25T03:49:05Z</time>
      </trkpt>
      <trkpt lat="44.186282" lon="7.688141">
        <ele>1934.2</ele>
        <time>2026-07-25T03:49:06Z</time>
      </trkpt>
      <trkpt lat="44.186249" lon="7.688168">
        <ele>1933.0</ele>
        <time>2026-07-25T03:49:11Z</time>
      </trkpt>
      <trkpt lat="44.186231" lon="7.688181">
        <ele>1932.4</ele>
        <time>2026-07-25T03:49:13Z</time>
      </trkpt>
      <trkpt lat="44.186226" lon="7.68819">
        <ele>1932.0</ele>
        <time>2026-07-25T03:49:15Z</time>
      </trkpt>
      <trkpt lat="44.186227" lon="7.688197">
        <ele>1931.4</ele>
        <time>2026-07-25T03:49:20Z</time>
      </trkpt>
      <trkpt lat="44.186213" lon="7.688211">
        <ele>1930.8</ele>
        <time>2026-07-25T03:49:23Z</time>
      </trkpt>
      <trkpt lat="44.186183" lon="7.688236">
        <ele>1929.8</ele>
        <time>2026-07-25T03:49:27Z</time>
      </trkpt>
      <trkpt lat="44.186175" lon="7.688247">
        <ele>1929.6</ele>
        <time>2026-07-25T03:49:28Z</time>
      </trkpt>
      <trkpt lat="44.186135" lon="7.688311">
        <ele>1928.8</ele>
        <time>2026-07-25T03:49:34Z</time>
      </trkpt>
      <trkpt lat="44.18611" lon="7.688338">
        <ele>1928.0</ele>
        <time>2026-07-25T03:49:38Z</time>
      </trkpt>
      <trkpt lat="44.186103" lon="7.688345">
        <ele>1927.6</ele>
        <time>2026-07-25T03:49:39Z</time>
      </trkpt>
      <trkpt lat="44.186067" lon="7.688362">
        <ele>1926.4</ele>
        <time>2026-07-25T03:49:44Z</time>
      </trkpt>
      <trkpt lat="44.186039" lon="7.688373">
        <ele>1925.8</ele>
        <time>2026-07-25T03:49:47Z</time>
      </trkpt>
      <trkpt lat="44.18599" lon="7.688409">
        <ele>1925.4</ele>
        <time>2026-07-25T03:49:52Z</time>
      </trkpt>
      <trkpt lat="44.185955" lon="7.688437">
        <ele>1925.0</ele>
        <time>2026-07-25T03:49:56Z</time>
      </trkpt>
      <trkpt lat="44.185909" lon="7.688482">
        <ele>1924.8</ele>
        <time>2026-07-25T03:50:05Z</time>
      </trkpt>
      <trkpt lat="44.185899" lon="7.688488">
        <ele>1924.4</ele>
        <time>2026-07-25T03:50:07Z</time>
      </trkpt>
      <trkpt lat="44.18587" lon="7.688519">
        <ele>1923.2</ele>
        <time>2026-07-25T03:50:11Z</time>
      </trkpt>
      <trkpt lat="44.18585" lon="7.688551">
        <ele>1922.6</ele>
        <time>2026-07-25T03:50:14Z</time>
      </trkpt>
      <trkpt lat="44.185815" lon="7.688636">
        <ele>1922.6</ele>
        <time>2026-07-25T03:50:21Z</time>
      </trkpt>
      <trkpt lat="44.185782" lon="7.688675">
        <ele>1922.4</ele>
        <time>2026-07-25T03:50:29Z</time>
      </trkpt>
      <trkpt lat="44.185775" lon="7.688678">
        <ele>1922.2</ele>
        <time>2026-07-25T03:50:30Z</time>
      </trkpt>
      <trkpt lat="44.185714" lon="7.688709">
        <ele>1921.0</ele>
        <time>2026-07-25T03:50:35Z</time>
      </trkpt>
      <trkpt lat="44.185683" lon="7.688733">
        <ele>1920.8</ele>
        <time>2026-07-25T03:50:38Z</time>
      </trkpt>
      <trkpt lat="44.185623" lon="7.688808">
        <ele>1920.0</ele>
        <time>2026-07-25T03:50:45Z</time>
      </trkpt>
      <trkpt lat="44.185616" lon="7.688817">
        <ele>1919.8</ele>
        <time>2026-07-25T03:50:46Z</time>
      </trkpt>
      <trkpt lat="44.185562" lon="7.688921">
        <ele>1919.6</ele>
        <time>2026-07-25T03:50:54Z</time>
      </trkpt>
      <trkpt lat="44.185503" lon="7.689069">
        <ele>1920.2</ele>
        <time>2026-07-25T03:51:03Z</time>
      </trkpt>
      <trkpt lat="44.18547" lon="7.68912">
        <ele>1920.8</ele>
        <time>2026-07-25T03:51:08Z</time>
      </trkpt>
      <trkpt lat="44.185439" lon="7.689149">
        <ele>1920.6</ele>
        <time>2026-07-25T03:51:12Z</time>
      </trkpt>
      <trkpt lat="44.18535" lon="7.689235">
        <ele>1919.6</ele>
        <time>2026-07-25T03:51:21Z</time>
      </trkpt>
      <trkpt lat="44.185288" lon="7.68935">
        <ele>1919.8</ele>
        <time>2026-07-25T03:51:29Z</time>
      </trkpt>
      <trkpt lat="44.185245" lon="7.689436">
        <ele>1920.8</ele>
        <time>2026-07-25T03:51:37Z</time>
      </trkpt>
      <trkpt lat="44.185245" lon="7.689443">
        <ele>1921.0</ele>
        <time>2026-07-25T03:51:39Z</time>
      </trkpt>
      <trkpt lat="44.185212" lon="7.689538">
        <ele>1921.2</ele>
        <time>2026-07-25T03:51:46Z</time>
      </trkpt>
      <trkpt lat="44.185207" lon="7.689545">
        <ele>1921.2</ele>
        <time>2026-07-25T03:51:47Z</time>
      </trkpt>
      <trkpt lat="44.185186" lon="7.689555">
        <ele>1921.4</ele>
        <time>2026-07-25T03:51:50Z</time>
      </trkpt>
      <trkpt lat="44.185158" lon="7.689567">
        <ele>1920.8</ele>
        <time>2026-07-25T03:51:54Z</time>
      </trkpt>
      <trkpt lat="44.185137" lon="7.689589">
        <ele>1920.0</ele>
        <time>2026-07-25T03:51:58Z</time>
      </trkpt>
      <trkpt lat="44.18509" lon="7.689644">
        <ele>1919.0</ele>
        <time>2026-07-25T03:52:04Z</time>
      </trkpt>
      <trkpt lat="44.185081" lon="7.689654">
        <ele>1919.0</ele>
        <time>2026-07-25T03:52:05Z</time>
      </trkpt>
      <trkpt lat="44.185029" lon="7.689716">
        <ele>1918.2</ele>
        <time>2026-07-25T03:52:11Z</time>
      </trkpt>
      <trkpt lat="44.184986" lon="7.689783">
        <ele>1919.0</ele>
        <time>2026-07-25T03:52:18Z</time>
      </trkpt>
      <trkpt lat="44.184932" lon="7.689869">
        <ele>1919.0</ele>
        <time>2026-07-25T03:52:24Z</time>
      </trkpt>
      <trkpt lat="44.184911" lon="7.689907">
        <ele>1918.8</ele>
        <time>2026-07-25T03:52:27Z</time>
      </trkpt>
      <trkpt lat="44.184896" lon="7.689935">
        <ele>1918.4</ele>
        <time>2026-07-25T03:52:34Z</time>
      </trkpt>
      <trkpt lat="44.184877" lon="7.689928">
        <ele>1918.4</ele>
        <time>2026-07-25T03:52:43Z</time>
      </trkpt>
      <trkpt lat="44.184859" lon="7.689957">
        <ele>1918.2</ele>
        <time>2026-07-25T03:52:49Z</time>
      </trkpt>
      <trkpt lat="44.184871" lon="7.689974">
        <ele>1918.2</ele>
        <time>2026-07-25T03:52:59Z</time>
      </trkpt>
      <trkpt lat="44.184881" lon="7.689974">
        <ele>1918.0</ele>
        <time>2026-07-25T03:53:02Z</time>
      </trkpt>
      <trkpt lat="44.184886" lon="7.689967">
        <ele>1918.0</ele>
        <time>2026-07-25T03:53:07Z</time>
      </trkpt>
      <trkpt lat="44.18489" lon="7.689951">
        <ele>1918.0</ele>
        <time>2026-07-25T03:53:16Z</time>
      </trkpt>
      <trkpt lat="44.184872" lon="7.689961">
        <ele>1918.2</ele>
        <time>2026-07-25T03:53:24Z</time>
      </trkpt>
      <trkpt lat="44.184847" lon="7.690033">
        <ele>1918.2</ele>
        <time>2026-07-25T03:53:32Z</time>
      </trkpt>
      <trkpt lat="44.184795" lon="7.690131">
        <ele>1917.6</ele>
        <time>2026-07-25T03:53:40Z</time>
      </trkpt>
      <trkpt lat="44.184739" lon="7.690201">
        <ele>1917.8</ele>
        <time>2026-07-25T03:53:48Z</time>
      </trkpt>
      <trkpt lat="44.184701" lon="7.690283">
        <ele>1918.8</ele>
        <time>2026-07-25T03:53:56Z</time>
      </trkpt>
      <trkpt lat="44.184689" lon="7.690296">
        <ele>1919.0</ele>
        <time>2026-07-25T03:53:59Z</time>
      </trkpt>
      <trkpt lat="44.184658" lon="7.69031">
        <ele>1919.6</ele>
        <time>2026-07-25T03:54:04Z</time>
      </trkpt>
      <trkpt lat="44.184584" lon="7.690364">
        <ele>1920.0</ele>
        <time>2026-07-25T03:54:13Z</time>
      </trkpt>
      <trkpt lat="44.184473" lon="7.690457">
        <ele>1919.8</ele>
        <time>2026-07-25T03:54:24Z</time>
      </trkpt>
      <trkpt lat="44.184439" lon="7.690476">
        <ele>1920.2</ele>
        <time>2026-07-25T03:54:27Z</time>
      </trkpt>
      <trkpt lat="44.184384" lon="7.69052">
        <ele>1920.0</ele>
        <time>2026-07-25T03:54:32Z</time>
      </trkpt>
      <trkpt lat="44.184332" lon="7.690583">
        <ele>1919.6</ele>
        <time>2026-07-25T03:54:40Z</time>
      </trkpt>
      <trkpt lat="44.18427" lon="7.690655">
        <ele>1919.4</ele>
        <time>2026-07-25T03:54:47Z</time>
      </trkpt>
      <trkpt lat="44.184219" lon="7.690687">
        <ele>1919.0</ele>
        <time>2026-07-25T03:54:53Z</time>
      </trkpt>
      <trkpt lat="44.184178" lon="7.690707">
        <ele>1918.0</ele>
        <time>2026-07-25T03:54:57Z</time>
      </trkpt>
      <trkpt lat="44.18417" lon="7.690711">
        <ele>1917.8</ele>
        <time>2026-07-25T03:54:58Z</time>
      </trkpt>
      <trkpt lat="44.184088" lon="7.690753">
        <ele>1917.2</ele>
        <time>2026-07-25T03:55:07Z</time>
      </trkpt>
      <trkpt lat="44.184032" lon="7.690765">
        <ele>1916.8</ele>
        <time>2026-07-25T03:55:12Z</time>
      </trkpt>
      <trkpt lat="44.183981" lon="7.690772">
        <ele>1916.0</ele>
        <time>2026-07-25T03:55:16Z</time>
      </trkpt>
      <trkpt lat="44.183959" lon="7.690777">
        <ele>1915.8</ele>
        <time>2026-07-25T03:55:18Z</time>
      </trkpt>
      <trkpt lat="44.183882" lon="7.690829">
        <ele>1915.6</ele>
        <time>2026-07-25T03:55:26Z</time>
      </trkpt>
      <trkpt lat="44.183869" lon="7.69086">
        <ele>1916.8</ele>
        <time>2026-07-25T03:55:32Z</time>
      </trkpt>
      <trkpt lat="44.183861" lon="7.69086">
        <ele>1917.0</ele>
        <time>2026-07-25T03:55:33Z</time>
      </trkpt>
      <trkpt lat="44.183822" lon="7.690853">
        <ele>1918.0</ele>
        <time>2026-07-25T03:55:38Z</time>
      </trkpt>
      <trkpt lat="44.183788" lon="7.690852">
        <ele>1918.6</ele>
        <time>2026-07-25T03:55:41Z</time>
      </trkpt>
      <trkpt lat="44.183725" lon="7.690887">
        <ele>1919.2</ele>
        <time>2026-07-25T03:55:48Z</time>
      </trkpt>
      <trkpt lat="44.183719" lon="7.690894">
        <ele>1919.4</ele>
        <time>2026-07-25T03:55:49Z</time>
      </trkpt>
      <trkpt lat="44.183711" lon="7.690932">
        <ele>1920.2</ele>
        <time>2026-07-25T03:55:54Z</time>
      </trkpt>
      <trkpt lat="44.183705" lon="7.690938">
        <ele>1921.2</ele>
        <time>2026-07-25T03:55:58Z</time>
      </trkpt>
      <trkpt lat="44.183707" lon="7.690946">
        <ele>1921.4</ele>
        <time>2026-07-25T03:55:59Z</time>
      </trkpt>
      <trkpt lat="44.183673" lon="7.690986">
        <ele>1922.4</ele>
        <time>2026-07-25T03:56:04Z</time>
      </trkpt>
      <trkpt lat="44.183642" lon="7.691001">
        <ele>1923.2</ele>
        <time>2026-07-25T03:56:09Z</time>
      </trkpt>
      <trkpt lat="44.183625" lon="7.691016">
        <ele>1923.4</ele>
        <time>2026-07-25T03:56:11Z</time>
      </trkpt>
      <trkpt lat="44.183562" lon="7.691044">
        <ele>1924.6</ele>
        <time>2026-07-25T03:56:16Z</time>
      </trkpt>
      <trkpt lat="44.183545" lon="7.691053">
        <ele>1924.8</ele>
        <time>2026-07-25T03:56:18Z</time>
      </trkpt>
      <trkpt lat="44.183514" lon="7.69106">
        <ele>1925.6</ele>
        <time>2026-07-25T03:56:22Z</time>
      </trkpt>
      <trkpt lat="44.18351" lon="7.691066">
        <ele>1926.4</ele>
        <time>2026-07-25T03:56:26Z</time>
      </trkpt>
      <trkpt lat="44.183503" lon="7.691072">
        <ele>1926.6</ele>
        <time>2026-07-25T03:56:27Z</time>
      </trkpt>
      <trkpt lat="44.183477" lon="7.691104">
        <ele>1927.8</ele>
        <time>2026-07-25T03:56:32Z</time>
      </trkpt>
      <trkpt lat="44.183475" lon="7.69111">
        <ele>1928.0</ele>
        <time>2026-07-25T03:56:33Z</time>
      </trkpt>
      <trkpt lat="44.183449" lon="7.691126">
        <ele>1928.8</ele>
        <time>2026-07-25T03:56:37Z</time>
      </trkpt>
      <trkpt lat="44.183402" lon="7.691116">
        <ele>1929.2</ele>
        <time>2026-07-25T03:56:41Z</time>
      </trkpt>
      <trkpt lat="44.183302" lon="7.69111">
        <ele>1928.6</ele>
        <time>2026-07-25T03:56:49Z</time>
      </trkpt>
      <trkpt lat="44.183264" lon="7.69115">
        <ele>1929.4</ele>
        <time>2026-07-25T03:56:56Z</time>
      </trkpt>
      <trkpt lat="44.183247" lon="7.691159">
        <ele>1930.0</ele>
        <time>2026-07-25T03:56:59Z</time>
      </trkpt>
      <trkpt lat="44.183221" lon="7.691159">
        <ele>1930.8</ele>
        <time>2026-07-25T03:57:04Z</time>
      </trkpt>
      <trkpt lat="44.183211" lon="7.691159">
        <ele>1931.0</ele>
        <time>2026-07-25T03:57:05Z</time>
      </trkpt>
      <trkpt lat="44.18316" lon="7.691156">
        <ele>1932.0</ele>
        <time>2026-07-25T03:57:11Z</time>
      </trkpt>
      <trkpt lat="44.183151" lon="7.691157">
        <ele>1932.2</ele>
        <time>2026-07-25T03:57:12Z</time>
      </trkpt>
      <trkpt lat="44.183139" lon="7.691173">
        <ele>1933.2</ele>
        <time>2026-07-25T03:57:16Z</time>
      </trkpt>
      <trkpt lat="44.18314" lon="7.691197">
        <ele>1933.6</ele>
        <time>2026-07-25T03:57:19Z</time>
      </trkpt>
      <trkpt lat="44.183113" lon="7.691213">
        <ele>1934.2</ele>
        <time>2026-07-25T03:57:22Z</time>
      </trkpt>
      <trkpt lat="44.183084" lon="7.691216">
        <ele>1934.8</ele>
        <time>2026-07-25T03:57:25Z</time>
      </trkpt>
      <trkpt lat="44.18307" lon="7.691212">
        <ele>1935.2</ele>
        <time>2026-07-25T03:57:27Z</time>
      </trkpt>
      <trkpt lat="44.183008" lon="7.691208">
        <ele>1936.2</ele>
        <time>2026-07-25T03:57:34Z</time>
      </trkpt>
      <trkpt lat="44.182983" lon="7.691212">
        <ele>1937.4</ele>
        <time>2026-07-25T03:57:41Z</time>
      </trkpt>
      <trkpt lat="44.182978" lon="7.691212">
        <ele>1937.8</ele>
        <time>2026-07-25T03:57:43Z</time>
      </trkpt>
      <trkpt lat="44.182966" lon="7.691214">
        <ele>1938.4</ele>
        <time>2026-07-25T03:57:46Z</time>
      </trkpt>
      <trkpt lat="44.182909" lon="7.691218">
        <ele>1939.6</ele>
        <time>2026-07-25T03:57:53Z</time>
      </trkpt>
      <trkpt lat="44.182872" lon="7.691192">
        <ele>1940.6</ele>
        <time>2026-07-25T03:57:59Z</time>
      </trkpt>
      <trkpt lat="44.182859" lon="7.691177">
        <ele>1940.8</ele>
        <time>2026-07-25T03:58:01Z</time>
      </trkpt>
      <trkpt lat="44.182836" lon="7.69116">
        <ele>1941.4</ele>
        <time>2026-07-25T03:58:06Z</time>
      </trkpt>
      <trkpt lat="44.182833" lon="7.691156">
        <ele>1941.6</ele>
        <time>2026-07-25T03:58:07Z</time>
      </trkpt>
      <trkpt lat="44.182813" lon="7.691146">
        <ele>1942.2</ele>
        <time>2026-07-25T03:58:10Z</time>
      </trkpt>
      <trkpt lat="44.182803" lon="7.691142">
        <ele>1942.6</ele>
        <time>2026-07-25T03:58:13Z</time>
      </trkpt>
      <trkpt lat="44.182773" lon="7.691117">
        <ele>1943.4</ele>
        <time>2026-07-25T03:58:17Z</time>
      </trkpt>
      <trkpt lat="44.182765" lon="7.69111">
        <ele>1943.6</ele>
        <time>2026-07-25T03:58:18Z</time>
      </trkpt>
      <trkpt lat="44.182729" lon="7.691076">
        <ele>1944.8</ele>
        <time>2026-07-25T03:58:24Z</time>
      </trkpt>
      <trkpt lat="44.182708" lon="7.691058">
        <ele>1944.8</ele>
        <time>2026-07-25T03:58:26Z</time>
      </trkpt>
      <trkpt lat="44.18263" lon="7.691024">
        <ele>1944.6</ele>
        <time>2026-07-25T03:58:34Z</time>
      </trkpt>
      <trkpt lat="44.182551" lon="7.691006">
        <ele>1943.6</ele>
        <time>2026-07-25T03:58:43Z</time>
      </trkpt>
      <trkpt lat="44.182538" lon="7.691006">
        <ele>1943.4</ele>
        <time>2026-07-25T03:58:44Z</time>
      </trkpt>
      <trkpt lat="44.182473" lon="7.690997">
        <ele>1942.6</ele>
        <time>2026-07-25T03:58:52Z</time>
      </trkpt>
      <trkpt lat="44.182464" lon="7.690991">
        <ele>1942.4</ele>
        <time>2026-07-25T03:58:53Z</time>
      </trkpt>
      <trkpt lat="44.182446" lon="7.690968">
        <ele>1941.8</ele>
        <time>2026-07-25T03:58:56Z</time>
      </trkpt>
      <trkpt lat="44.182441" lon="7.690961">
        <ele>1941.6</ele>
        <time>2026-07-25T03:58:57Z</time>
      </trkpt>
      <trkpt lat="44.182419" lon="7.690942">
        <ele>1940.4</ele>
        <time>2026-07-25T03:59:01Z</time>
      </trkpt>
      <trkpt lat="44.182413" lon="7.690935">
        <ele>1940.2</ele>
        <time>2026-07-25T03:59:02Z</time>
      </trkpt>
      <trkpt lat="44.182387" lon="7.690925">
        <ele>1939.4</ele>
        <time>2026-07-25T03:59:05Z</time>
      </trkpt>
      <trkpt lat="44.182341" lon="7.690912">
        <ele>1938.2</ele>
        <time>2026-07-25T03:59:10Z</time>
      </trkpt>
      <trkpt lat="44.182335" lon="7.690908">
        <ele>1938.0</ele>
        <time>2026-07-25T03:59:11Z</time>
      </trkpt>
      <trkpt lat="44.182293" lon="7.690884">
        <ele>1937.2</ele>
        <time>2026-07-25T03:59:16Z</time>
      </trkpt>
      <trkpt lat="44.182271" lon="7.690875">
        <ele>1936.6</ele>
        <time>2026-07-25T03:59:19Z</time>
      </trkpt>
      <trkpt lat="44.182264" lon="7.690873">
        <ele>1936.0</ele>
        <time>2026-07-25T03:59:21Z</time>
      </trkpt>
      <trkpt lat="44.182256" lon="7.690858">
        <ele>1934.8</ele>
        <time>2026-07-25T03:59:26Z</time>
      </trkpt>
      <trkpt lat="44.182247" lon="7.690849">
        <ele>1934.4</ele>
        <time>2026-07-25T03:59:27Z</time>
      </trkpt>
      <trkpt lat="44.18222" lon="7.690808">
        <ele>1933.8</ele>
        <time>2026-07-25T03:59:30Z</time>
      </trkpt>
      <trkpt lat="44.182199" lon="7.690762">
        <ele>1932.8</ele>
        <time>2026-07-25T03:59:34Z</time>
      </trkpt>
      <trkpt lat="44.182193" lon="7.69076">
        <ele>1932.4</ele>
        <time>2026-07-25T03:59:35Z</time>
      </trkpt>
      <trkpt lat="44.182162" lon="7.690774">
        <ele>1931.2</ele>
        <time>2026-07-25T03:59:39Z</time>
      </trkpt>
      <trkpt lat="44.182137" lon="7.690774">
        <ele>1930.6</ele>
        <time>2026-07-25T03:59:41Z</time>
      </trkpt>
      <trkpt lat="44.18209" lon="7.690745">
        <ele>1930.0</ele>
        <time>2026-07-25T03:59:46Z</time>
      </trkpt>
      <trkpt lat="44.182047" lon="7.690722">
        <ele>1929.6</ele>
        <time>2026-07-25T03:59:49Z</time>
      </trkpt>
      <trkpt lat="44.182005" lon="7.690702">
        <ele>1929.0</ele>
        <time>2026-07-25T03:59:52Z</time>
      </trkpt>
      <trkpt lat="44.181931" lon="7.690688">
        <ele>1928.0</ele>
        <time>2026-07-25T03:59:59Z</time>
      </trkpt>
      <trkpt lat="44.181901" lon="7.690678">
        <ele>1927.2</ele>
        <time>2026-07-25T04:00:04Z</time>
      </trkpt>
      <trkpt lat="44.18189" lon="7.690673">
        <ele>1927.0</ele>
        <time>2026-07-25T04:00:05Z</time>
      </trkpt>
      <trkpt lat="44.181867" lon="7.690661">
        <ele>1926.4</ele>
        <time>2026-07-25T04:00:07Z</time>
      </trkpt>
      <trkpt lat="44.181843" lon="7.690653">
        <ele>1926.0</ele>
        <time>2026-07-25T04:00:10Z</time>
      </trkpt>
      <trkpt lat="44.181849" lon="7.690666">
        <ele>1925.8</ele>
        <time>2026-07-25T04:00:14Z</time>
      </trkpt>
      <trkpt lat="44.181759" lon="7.690699">
        <ele>1925.6</ele>
        <time>2026-07-25T04:00:22Z</time>
      </trkpt>
      <trkpt lat="44.181709" lon="7.690683">
        <ele>1925.8</ele>
        <time>2026-07-25T04:00:29Z</time>
      </trkpt>
      <trkpt lat="44.181703" lon="7.690709">
        <ele>1925.8</ele>
        <time>2026-07-25T04:00:36Z</time>
      </trkpt>
      <trkpt lat="44.18165" lon="7.690769">
        <ele>1926.4</ele>
        <time>2026-07-25T04:00:43Z</time>
      </trkpt>
      <trkpt lat="44.181621" lon="7.690795">
        <ele>1926.6</ele>
        <time>2026-07-25T04:00:47Z</time>
      </trkpt>
      <trkpt lat="44.181612" lon="7.690805">
        <ele>1927.0</ele>
        <time>2026-07-25T04:00:49Z</time>
      </trkpt>
      <trkpt lat="44.181609" lon="7.690812">
        <ele>1927.2</ele>
        <time>2026-07-25T04:00:51Z</time>
      </trkpt>
      <trkpt lat="44.1816" lon="7.690825">
        <ele>1927.8</ele>
        <time>2026-07-25T04:00:54Z</time>
      </trkpt>
      <trkpt lat="44.181593" lon="7.69083">
        <ele>1928.0</ele>
        <time>2026-07-25T04:00:55Z</time>
      </trkpt>
      <trkpt lat="44.181562" lon="7.69085">
        <ele>1928.8</ele>
        <time>2026-07-25T04:01:00Z</time>
      </trkpt>
      <trkpt lat="44.181493" lon="7.690877">
        <ele>1928.8</ele>
        <time>2026-07-25T04:01:08Z</time>
      </trkpt>
      <trkpt lat="44.181451" lon="7.690904">
        <ele>1929.0</ele>
        <time>2026-07-25T04:01:13Z</time>
      </trkpt>
      <trkpt lat="44.181435" lon="7.690923">
        <ele>1929.2</ele>
        <time>2026-07-25T04:01:16Z</time>
      </trkpt>
      <trkpt lat="44.181435" lon="7.690934">
        <ele>1929.6</ele>
        <time>2026-07-25T04:01:18Z</time>
      </trkpt>
      <trkpt lat="44.181418" lon="7.690954">
        <ele>1930.2</ele>
        <time>2026-07-25T04:01:21Z</time>
      </trkpt>
      <trkpt lat="44.181412" lon="7.690958">
        <ele>1930.4</ele>
        <time>2026-07-25T04:01:22Z</time>
      </trkpt>
      <trkpt lat="44.181352" lon="7.690997">
        <ele>1931.2</ele>
        <time>2026-07-25T04:01:29Z</time>
      </trkpt>
      <trkpt lat="44.181346" lon="7.691003">
        <ele>1931.2</ele>
        <time>2026-07-25T04:01:30Z</time>
      </trkpt>
      <trkpt lat="44.181274" lon="7.691049">
        <ele>1932.2</ele>
        <time>2026-07-25T04:01:39Z</time>
      </trkpt>
      <trkpt lat="44.181255" lon="7.691067">
        <ele>1932.4</ele>
        <time>2026-07-25T04:01:41Z</time>
      </trkpt>
      <trkpt lat="44.181198" lon="7.691123">
        <ele>1933.2</ele>
        <time>2026-07-25T04:01:47Z</time>
      </trkpt>
      <trkpt lat="44.181186" lon="7.691135">
        <ele>1933.4</ele>
        <time>2026-07-25T04:01:48Z</time>
      </trkpt>
      <trkpt lat="44.181167" lon="7.691148">
        <ele>1933.8</ele>
        <time>2026-07-25T04:01:50Z</time>
      </trkpt>
      <trkpt lat="44.18115" lon="7.691165">
        <ele>1934.4</ele>
        <time>2026-07-25T04:01:53Z</time>
      </trkpt>
      <trkpt lat="44.181127" lon="7.691193">
        <ele>1935.6</ele>
        <time>2026-07-25T04:01:58Z</time>
      </trkpt>
      <trkpt lat="44.18112" lon="7.691208">
        <ele>1936.0</ele>
        <time>2026-07-25T04:02:00Z</time>
      </trkpt>
      <trkpt lat="44.181117" lon="7.691229">
        <ele>1936.6</ele>
        <time>2026-07-25T04:02:03Z</time>
      </trkpt>
      <trkpt lat="44.181115" lon="7.691232">
        <ele>1936.8</ele>
        <time>2026-07-25T04:02:04Z</time>
      </trkpt>
      <trkpt lat="44.181105" lon="7.691212">
        <ele>1937.4</ele>
        <time>2026-07-25T04:02:09Z</time>
      </trkpt>
      <trkpt lat="44.181079" lon="7.691205">
        <ele>1937.8</ele>
        <time>2026-07-25T04:02:12Z</time>
      </trkpt>
      <trkpt lat="44.181028" lon="7.691197">
        <ele>1938.6</ele>
        <time>2026-07-25T04:02:16Z</time>
      </trkpt>
      <trkpt lat="44.181005" lon="7.691202">
        <ele>1938.8</ele>
        <time>2026-07-25T04:02:18Z</time>
      </trkpt>
      <trkpt lat="44.180971" lon="7.691226">
        <ele>1940.2</ele>
        <time>2026-07-25T04:02:23Z</time>
      </trkpt>
      <trkpt lat="44.180962" lon="7.69123">
        <ele>1940.4</ele>
        <time>2026-07-25T04:02:24Z</time>
      </trkpt>
      <trkpt lat="44.180944" lon="7.69124">
        <ele>1941.2</ele>
        <time>2026-07-25T04:02:27Z</time>
      </trkpt>
      <trkpt lat="44.180944" lon="7.691237">
        <ele>1942.4</ele>
        <time>2026-07-25T04:02:32Z</time>
      </trkpt>
      <trkpt lat="44.180919" lon="7.691242">
        <ele>1943.4</ele>
        <time>2026-07-25T04:02:37Z</time>
      </trkpt>
      <trkpt lat="44.18091" lon="7.691243">
        <ele>1944.4</ele>
        <time>2026-07-25T04:02:41Z</time>
      </trkpt>
      <trkpt lat="44.180901" lon="7.691242">
        <ele>1944.6</ele>
        <time>2026-07-25T04:02:42Z</time>
      </trkpt>
      <trkpt lat="44.180873" lon="7.691239">
        <ele>1945.6</ele>
        <time>2026-07-25T04:02:47Z</time>
      </trkpt>
      <trkpt lat="44.18087" lon="7.69125">
        <ele>1946.0</ele>
        <time>2026-07-25T04:02:49Z</time>
      </trkpt>
      <trkpt lat="44.180866" lon="7.691265">
        <ele>1946.8</ele>
        <time>2026-07-25T04:02:52Z</time>
      </trkpt>
      <trkpt lat="44.180846" lon="7.691275">
        <ele>1947.8</ele>
        <time>2026-07-25T04:02:57Z</time>
      </trkpt>
      <trkpt lat="44.180837" lon="7.69128">
        <ele>1948.2</ele>
        <time>2026-07-25T04:02:58Z</time>
      </trkpt>
      <trkpt lat="44.180816" lon="7.691299">
        <ele>1949.0</ele>
        <time>2026-07-25T04:03:02Z</time>
      </trkpt>
      <trkpt lat="44.180827" lon="7.691308">
        <ele>1949.6</ele>
        <time>2026-07-25T04:03:05Z</time>
      </trkpt>
      <trkpt lat="44.180827" lon="7.691315">
        <ele>1950.0</ele>
        <time>2026-07-25T04:03:08Z</time>
      </trkpt>
      <trkpt lat="44.180804" lon="7.691292">
        <ele>1950.8</ele>
        <time>2026-07-25T04:03:12Z</time>
      </trkpt>
      <trkpt lat="44.1808" lon="7.691287">
        <ele>1951.2</ele>
        <time>2026-07-25T04:03:13Z</time>
      </trkpt>
      <trkpt lat="44.180774" lon="7.691264">
        <ele>1952.2</ele>
        <time>2026-07-25T04:03:18Z</time>
      </trkpt>
      <trkpt lat="44.180782" lon="7.691276">
        <ele>1952.6</ele>
        <time>2026-07-25T04:03:20Z</time>
      </trkpt>
      <trkpt lat="44.180779" lon="7.691302">
        <ele>1953.2</ele>
        <time>2026-07-25T04:03:23Z</time>
      </trkpt>
      <trkpt lat="44.18077" lon="7.69132">
        <ele>1954.0</ele>
        <time>2026-07-25T04:03:27Z</time>
      </trkpt>
      <trkpt lat="44.180754" lon="7.691321">
        <ele>1954.4</ele>
        <time>2026-07-25T04:03:30Z</time>
      </trkpt>
      <trkpt lat="44.18074" lon="7.691316">
        <ele>1955.4</ele>
        <time>2026-07-25T04:03:34Z</time>
      </trkpt>
      <trkpt lat="44.180741" lon="7.691315">
        <ele>1955.6</ele>
        <time>2026-07-25T04:03:35Z</time>
      </trkpt>
      <trkpt lat="44.180742" lon="7.691317">
        <ele>1955.8</ele>
        <time>2026-07-25T04:03:36Z</time>
      </trkpt>
      <trkpt lat="44.180743" lon="7.691364">
        <ele>1956.8</ele>
        <time>2026-07-25T04:03:42Z</time>
      </trkpt>
      <trkpt lat="44.18074" lon="7.691374">
        <ele>1957.0</ele>
        <time>2026-07-25T04:03:43Z</time>
      </trkpt>
      <trkpt lat="44.180714" lon="7.691398">
        <ele>1957.8</ele>
        <time>2026-07-25T04:03:49Z</time>
      </trkpt>
      <trkpt lat="44.180713" lon="7.6914">
        <ele>1958.0</ele>
        <time>2026-07-25T04:03:50Z</time>
      </trkpt>
      <trkpt lat="44.180711" lon="7.691402">
        <ele>1959.0</ele>
        <time>2026-07-25T04:03:58Z</time>
      </trkpt>
      <trkpt lat="44.180706" lon="7.691403">
        <ele>1959.2</ele>
        <time>2026-07-25T04:03:59Z</time>
      </trkpt>
      <trkpt lat="44.18069" lon="7.691437">
        <ele>1960.0</ele>
        <time>2026-07-25T04:04:05Z</time>
      </trkpt>
      <trkpt lat="44.180694" lon="7.69144">
        <ele>1960.2</ele>
        <time>2026-07-25T04:04:06Z</time>
      </trkpt>
      <trkpt lat="44.180714" lon="7.691464">
        <ele>1961.0</ele>
        <time>2026-07-25T04:04:10Z</time>
      </trkpt>
      <trkpt lat="44.180726" lon="7.691493">
        <ele>1961.4</ele>
        <time>2026-07-25T04:04:14Z</time>
      </trkpt>
      <trkpt lat="44.180721" lon="7.691491">
        <ele>1962.0</ele>
        <time>2026-07-25T04:04:18Z</time>
      </trkpt>
      <trkpt lat="44.180722" lon="7.691507">
        <ele>1963.0</ele>
        <time>2026-07-25T04:04:23Z</time>
      </trkpt>
      <trkpt lat="44.180721" lon="7.691512">
        <ele>1963.2</ele>
        <time>2026-07-25T04:04:24Z</time>
      </trkpt>
      <trkpt lat="44.180724" lon="7.691548">
        <ele>1964.2</ele>
        <time>2026-07-25T04:04:29Z</time>
      </trkpt>
      <trkpt lat="44.180708" lon="7.691547">
        <ele>1964.6</ele>
        <time>2026-07-25T04:04:32Z</time>
      </trkpt>
      <trkpt lat="44.180686" lon="7.691552">
        <ele>1965.4</ele>
        <time>2026-07-25T04:04:36Z</time>
      </trkpt>
      <trkpt lat="44.180668" lon="7.691592">
        <ele>1966.0</ele>
        <time>2026-07-25T04:04:40Z</time>
      </trkpt>
      <trkpt lat="44.180657" lon="7.691615">
        <ele>1966.4</ele>
        <time>2026-07-25T04:04:42Z</time>
      </trkpt>
      <trkpt lat="44.180647" lon="7.691636">
        <ele>1966.8</ele>
        <time>2026-07-25T04:04:45Z</time>
      </trkpt>
      <trkpt lat="44.180644" lon="7.691645">
        <ele>1967.0</ele>
        <time>2026-07-25T04:04:47Z</time>
      </trkpt>
      <trkpt lat="44.180637" lon="7.691657">
        <ele>1967.6</ele>
        <time>2026-07-25T04:04:50Z</time>
      </trkpt>
      <trkpt lat="44.180627" lon="7.691672">
        <ele>1968.0</ele>
        <time>2026-07-25T04:04:54Z</time>
      </trkpt>
      <trkpt lat="44.180627" lon="7.691683">
        <ele>1968.6</ele>
        <time>2026-07-25T04:04:57Z</time>
      </trkpt>
      <trkpt lat="44.180622" lon="7.691672">
        <ele>1969.0</ele>
        <time>2026-07-25T04:05:00Z</time>
      </trkpt>
      <trkpt lat="44.180608" lon="7.691676">
        <ele>1969.2</ele>
        <time>2026-07-25T04:05:03Z</time>
      </trkpt>
      <trkpt lat="44.1806" lon="7.691683">
        <ele>1969.4</ele>
        <time>2026-07-25T04:05:05Z</time>
      </trkpt>
      <trkpt lat="44.180599" lon="7.691688">
        <ele>1969.6</ele>
        <time>2026-07-25T04:05:06Z</time>
      </trkpt>
      <trkpt lat="44.180599" lon="7.69171">
        <ele>1970.0</ele>
        <time>2026-07-25T04:05:09Z</time>
      </trkpt>
      <trkpt lat="44.180588" lon="7.691752">
        <ele>1970.6</ele>
        <time>2026-07-25T04:05:13Z</time>
      </trkpt>
      <trkpt lat="44.180575" lon="7.691794">
        <ele>1971.2</ele>
        <time>2026-07-25T04:05:17Z</time>
      </trkpt>
      <trkpt lat="44.180576" lon="7.691792">
        <ele>1971.8</ele>
        <time>2026-07-25T04:05:21Z</time>
      </trkpt>
      <trkpt lat="44.180581" lon="7.691796">
        <ele>1972.4</ele>
        <time>2026-07-25T04:05:24Z</time>
      </trkpt>
      <trkpt lat="44.180584" lon="7.691814">
        <ele>1972.8</ele>
        <time>2026-07-25T04:05:27Z</time>
      </trkpt>
      <trkpt lat="44.18058" lon="7.69183">
        <ele>1973.4</ele>
        <time>2026-07-25T04:05:31Z</time>
      </trkpt>
      <trkpt lat="44.180567" lon="7.691852">
        <ele>1973.4</ele>
        <time>2026-07-25T04:05:36Z</time>
      </trkpt>
      <trkpt lat="44.180559" lon="7.691876">
        <ele>1973.8</ele>
        <time>2026-07-25T04:05:41Z</time>
      </trkpt>
      <trkpt lat="44.180558" lon="7.691879">
        <ele>1974.0</ele>
        <time>2026-07-25T04:05:42Z</time>
      </trkpt>
      <trkpt lat="44.180554" lon="7.691887">
        <ele>1973.8</ele>
        <time>2026-07-25T04:05:51Z</time>
      </trkpt>
      <trkpt lat="44.180545" lon="7.691895">
        <ele>1973.8</ele>
        <time>2026-07-25T04:05:55Z</time>
      </trkpt>
      <trkpt lat="44.180544" lon="7.691906">
        <ele>1974.0</ele>
        <time>2026-07-25T04:05:59Z</time>
      </trkpt>
      <trkpt lat="44.180536" lon="7.691917">
        <ele>1975.0</ele>
        <time>2026-07-25T04:06:03Z</time>
      </trkpt>
      <trkpt lat="44.180524" lon="7.691951">
        <ele>1976.2</ele>
        <time>2026-07-25T04:06:07Z</time>
      </trkpt>
      <trkpt lat="44.180515" lon="7.691982">
        <ele>1977.0</ele>
        <time>2026-07-25T04:06:11Z</time>
      </trkpt>
      <trkpt lat="44.180513" lon="7.691986">
        <ele>1977.2</ele>
        <time>2026-07-25T04:06:12Z</time>
      </trkpt>
      <trkpt lat="44.180511" lon="7.691987">
        <ele>1977.4</ele>
        <time>2026-07-25T04:06:13Z</time>
      </trkpt>
      <trkpt lat="44.180497" lon="7.692005">
        <ele>1978.2</ele>
        <time>2026-07-25T04:06:16Z</time>
      </trkpt>
      <trkpt lat="44.180491" lon="7.692016">
        <ele>1978.4</ele>
        <time>2026-07-25T04:06:17Z</time>
      </trkpt>
      <trkpt lat="44.180478" lon="7.692048">
        <ele>1979.2</ele>
        <time>2026-07-25T04:06:21Z</time>
      </trkpt>
      <trkpt lat="44.180474" lon="7.692059">
        <ele>1979.4</ele>
        <time>2026-07-25T04:06:22Z</time>
      </trkpt>
      <trkpt lat="44.180469" lon="7.692081">
        <ele>1980.6</ele>
        <time>2026-07-25T04:06:27Z</time>
      </trkpt>
      <trkpt lat="44.180466" lon="7.692086">
        <ele>1980.8</ele>
        <time>2026-07-25T04:06:28Z</time>
      </trkpt>
      <trkpt lat="44.180459" lon="7.692087">
        <ele>1981.6</ele>
        <time>2026-07-25T04:06:32Z</time>
      </trkpt>
      <trkpt lat="44.180457" lon="7.692094">
        <ele>1981.8</ele>
        <time>2026-07-25T04:06:33Z</time>
      </trkpt>
      <trkpt lat="44.180456" lon="7.692105">
        <ele>1982.6</ele>
        <time>2026-07-25T04:06:36Z</time>
      </trkpt>
      <trkpt lat="44.180447" lon="7.692109">
        <ele>1982.8</ele>
        <time>2026-07-25T04:06:38Z</time>
      </trkpt>
      <trkpt lat="44.180425" lon="7.692133">
        <ele>1983.8</ele>
        <time>2026-07-25T04:06:43Z</time>
      </trkpt>
      <trkpt lat="44.180421" lon="7.692139">
        <ele>1984.0</ele>
        <time>2026-07-25T04:06:44Z</time>
      </trkpt>
      <trkpt lat="44.180415" lon="7.692165">
        <ele>1985.2</ele>
        <time>2026-07-25T04:06:51Z</time>
      </trkpt>
      <trkpt lat="44.180406" lon="7.692176">
        <ele>1986.2</ele>
        <time>2026-07-25T04:06:56Z</time>
      </trkpt>
      <trkpt lat="44.180397" lon="7.692198">
        <ele>1986.8</ele>
        <time>2026-07-25T04:06:59Z</time>
      </trkpt>
      <trkpt lat="44.180387" lon="7.692224">
        <ele>1987.4</ele>
        <time>2026-07-25T04:07:02Z</time>
      </trkpt>
      <trkpt lat="44.180367" lon="7.692255">
        <ele>1988.2</ele>
        <time>2026-07-25T04:07:07Z</time>
      </trkpt>
      <trkpt lat="44.180365" lon="7.692255">
        <ele>1988.4</ele>
        <time>2026-07-25T04:07:08Z</time>
      </trkpt>
      <trkpt lat="44.180356" lon="7.692258">
        <ele>1989.0</ele>
        <time>2026-07-25T04:07:11Z</time>
      </trkpt>
      <trkpt lat="44.180352" lon="7.692256">
        <ele>1989.6</ele>
        <time>2026-07-25T04:07:14Z</time>
      </trkpt>
      <trkpt lat="44.18035" lon="7.692256">
        <ele>1989.6</ele>
        <time>2026-07-25T04:07:15Z</time>
      </trkpt>
      <trkpt lat="44.180345" lon="7.692248">
        <ele>1990.6</ele>
        <time>2026-07-25T04:07:21Z</time>
      </trkpt>
      <trkpt lat="44.180345" lon="7.692259">
        <ele>1990.8</ele>
        <time>2026-07-25T04:07:24Z</time>
      </trkpt>
      <trkpt lat="44.180334" lon="7.692329">
        <ele>1991.6</ele>
        <time>2026-07-25T04:07:32Z</time>
      </trkpt>
      <trkpt lat="44.180319" lon="7.692335">
        <ele>1992.4</ele>
        <time>2026-07-25T04:07:39Z</time>
      </trkpt>
      <trkpt lat="44.180312" lon="7.692352">
        <ele>1992.8</ele>
        <time>2026-07-25T04:07:42Z</time>
      </trkpt>
      <trkpt lat="44.1803" lon="7.692368">
        <ele>1993.4</ele>
        <time>2026-07-25T04:07:45Z</time>
      </trkpt>
      <trkpt lat="44.180293" lon="7.692375">
        <ele>1993.8</ele>
        <time>2026-07-25T04:07:48Z</time>
      </trkpt>
      <trkpt lat="44.180277" lon="7.692366">
        <ele>1994.6</ele>
        <time>2026-07-25T04:07:54Z</time>
      </trkpt>
      <trkpt lat="44.18027" lon="7.692362">
        <ele>1994.8</ele>
        <time>2026-07-25T04:07:56Z</time>
      </trkpt>
      <trkpt lat="44.180266" lon="7.692388">
        <ele>1995.8</ele>
        <time>2026-07-25T04:08:01Z</time>
      </trkpt>
      <trkpt lat="44.180263" lon="7.692398">
        <ele>1996.0</ele>
        <time>2026-07-25T04:08:02Z</time>
      </trkpt>
      <trkpt lat="44.180261" lon="7.692435">
        <ele>1996.8</ele>
        <time>2026-07-25T04:08:08Z</time>
      </trkpt>
      <trkpt lat="44.180259" lon="7.692438">
        <ele>1997.0</ele>
        <time>2026-07-25T04:08:09Z</time>
      </trkpt>
      <trkpt lat="44.180241" lon="7.692461">
        <ele>1998.0</ele>
        <time>2026-07-25T04:08:16Z</time>
      </trkpt>
      <trkpt lat="44.180216" lon="7.692494">
        <ele>1999.2</ele>
        <time>2026-07-25T04:08:24Z</time>
      </trkpt>
      <trkpt lat="44.180192" lon="7.692514">
        <ele>2000.2</ele>
        <time>2026-07-25T04:08:31Z</time>
      </trkpt>
      <trkpt lat="44.180189" lon="7.69252">
        <ele>2000.4</ele>
        <time>2026-07-25T04:08:32Z</time>
      </trkpt>
      <trkpt lat="44.180177" lon="7.692558">
        <ele>2001.2</ele>
        <time>2026-07-25T04:08:37Z</time>
      </trkpt>
      <trkpt lat="44.18017" lon="7.692571">
        <ele>2001.4</ele>
        <time>2026-07-25T04:08:40Z</time>
      </trkpt>
      <trkpt lat="44.180163" lon="7.692589">
        <ele>2002.4</ele>
        <time>2026-07-25T04:08:46Z</time>
      </trkpt>
      <trkpt lat="44.180171" lon="7.692599">
        <ele>2002.6</ele>
        <time>2026-07-25T04:08:48Z</time>
      </trkpt>
      <trkpt lat="44.180175" lon="7.692637">
        <ele>2003.4</ele>
        <time>2026-07-25T04:08:54Z</time>
      </trkpt>
      <trkpt lat="44.180171" lon="7.692646">
        <ele>2004.0</ele>
        <time>2026-07-25T04:08:57Z</time>
      </trkpt>
      <trkpt lat="44.180157" lon="7.692648">
        <ele>2004.6</ele>
        <time>2026-07-25T04:09:00Z</time>
      </trkpt>
      <trkpt lat="44.180163" lon="7.692656">
        <ele>2005.2</ele>
        <time>2026-07-25T04:09:04Z</time>
      </trkpt>
      <trkpt lat="44.180166" lon="7.692677">
        <ele>2005.6</ele>
        <time>2026-07-25T04:09:08Z</time>
      </trkpt>
      <trkpt lat="44.180142" lon="7.692703">
        <ele>2006.4</ele>
        <time>2026-07-25T04:09:13Z</time>
      </trkpt>
      <trkpt lat="44.180136" lon="7.692711">
        <ele>2006.6</ele>
        <time>2026-07-25T04:09:15Z</time>
      </trkpt>
      <trkpt lat="44.180122" lon="7.692735">
        <ele>2008.0</ele>
        <time>2026-07-25T04:09:20Z</time>
      </trkpt>
      <trkpt lat="44.180116" lon="7.692736">
        <ele>2008.2</ele>
        <time>2026-07-25T04:09:21Z</time>
      </trkpt>
      <trkpt lat="44.180081" lon="7.692753">
        <ele>2009.0</ele>
        <time>2026-07-25T04:09:27Z</time>
      </trkpt>
      <trkpt lat="44.180078" lon="7.692759">
        <ele>2009.2</ele>
        <time>2026-07-25T04:09:28Z</time>
      </trkpt>
      <trkpt lat="44.180069" lon="7.69278">
        <ele>2010.2</ele>
        <time>2026-07-25T04:09:31Z</time>
      </trkpt>
      <trkpt lat="44.180052" lon="7.692804">
        <ele>2011.2</ele>
        <time>2026-07-25T04:09:37Z</time>
      </trkpt>
      <trkpt lat="44.180041" lon="7.692828">
        <ele>2012.2</ele>
        <time>2026-07-25T04:09:41Z</time>
      </trkpt>
      <trkpt lat="44.180033" lon="7.692846">
        <ele>2013.2</ele>
        <time>2026-07-25T04:09:46Z</time>
      </trkpt>
      <trkpt lat="44.180017" lon="7.692865">
        <ele>2014.4</ele>
        <time>2026-07-25T04:09:51Z</time>
      </trkpt>
      <trkpt lat="44.180009" lon="7.692883">
        <ele>2015.2</ele>
        <time>2026-07-25T04:09:55Z</time>
      </trkpt>
      <trkpt lat="44.179998" lon="7.692901">
        <ele>2015.6</ele>
        <time>2026-07-25T04:09:57Z</time>
      </trkpt>
      <trkpt lat="44.179974" lon="7.692946">
        <ele>2016.8</ele>
        <time>2026-07-25T04:10:02Z</time>
      </trkpt>
      <trkpt lat="44.179966" lon="7.69296">
        <ele>2017.2</ele>
        <time>2026-07-25T04:10:04Z</time>
      </trkpt>
      <trkpt lat="44.179967" lon="7.692981">
        <ele>2017.8</ele>
        <time>2026-07-25T04:10:08Z</time>
      </trkpt>
      <trkpt lat="44.179963" lon="7.693009">
        <ele>2018.8</ele>
        <time>2026-07-25T04:10:13Z</time>
      </trkpt>
      <trkpt lat="44.179958" lon="7.693012">
        <ele>2019.0</ele>
        <time>2026-07-25T04:10:15Z</time>
      </trkpt>
      <trkpt lat="44.179928" lon="7.69306">
        <ele>2019.8</ele>
        <time>2026-07-25T04:10:22Z</time>
      </trkpt>
      <trkpt lat="44.179921" lon="7.693069">
        <ele>2020.0</ele>
        <time>2026-07-25T04:10:23Z</time>
      </trkpt>
      <trkpt lat="44.179883" lon="7.693099">
        <ele>2021.0</ele>
        <time>2026-07-25T04:10:29Z</time>
      </trkpt>
      <trkpt lat="44.179877" lon="7.693111">
        <ele>2021.2</ele>
        <time>2026-07-25T04:10:30Z</time>
      </trkpt>
      <trkpt lat="44.179862" lon="7.693137">
        <ele>2021.8</ele>
        <time>2026-07-25T04:10:34Z</time>
      </trkpt>
      <trkpt lat="44.179855" lon="7.693153">
        <ele>2022.2</ele>
        <time>2026-07-25T04:10:36Z</time>
      </trkpt>
      <trkpt lat="44.179845" lon="7.693174">
        <ele>2022.6</ele>
        <time>2026-07-25T04:10:39Z</time>
      </trkpt>
      <trkpt lat="44.179835" lon="7.693187">
        <ele>2023.2</ele>
        <time>2026-07-25T04:10:44Z</time>
      </trkpt>
      <trkpt lat="44.179824" lon="7.693205">
        <ele>2023.6</ele>
        <time>2026-07-25T04:10:47Z</time>
      </trkpt>
      <trkpt lat="44.179803" lon="7.693251">
        <ele>2024.2</ele>
        <time>2026-07-25T04:10:52Z</time>
      </trkpt>
      <trkpt lat="44.179793" lon="7.693266">
        <ele>2024.8</ele>
        <time>2026-07-25T04:10:55Z</time>
      </trkpt>
      <trkpt lat="44.179776" lon="7.693288">
        <ele>2025.4</ele>
        <time>2026-07-25T04:10:59Z</time>
      </trkpt>
      <trkpt lat="44.179766" lon="7.693292">
        <ele>2026.0</ele>
        <time>2026-07-25T04:11:03Z</time>
      </trkpt>
      <trkpt lat="44.179753" lon="7.693305">
        <ele>2026.4</ele>
        <time>2026-07-25T04:11:06Z</time>
      </trkpt>
      <trkpt lat="44.179724" lon="7.693332">
        <ele>2027.2</ele>
        <time>2026-07-25T04:11:10Z</time>
      </trkpt>
      <trkpt lat="44.179715" lon="7.693341">
        <ele>2027.4</ele>
        <time>2026-07-25T04:11:12Z</time>
      </trkpt>
      <trkpt lat="44.179686" lon="7.693366">
        <ele>2028.6</ele>
        <time>2026-07-25T04:11:17Z</time>
      </trkpt>
      <trkpt lat="44.179681" lon="7.693375">
        <ele>2029.0</ele>
        <time>2026-07-25T04:11:19Z</time>
      </trkpt>
      <trkpt lat="44.179681" lon="7.693381">
        <ele>2029.8</ele>
        <time>2026-07-25T04:11:22Z</time>
      </trkpt>
      <trkpt lat="44.179675" lon="7.693405">
        <ele>2030.6</ele>
        <time>2026-07-25T04:11:26Z</time>
      </trkpt>
      <trkpt lat="44.179667" lon="7.69341">
        <ele>2030.8</ele>
        <time>2026-07-25T04:11:27Z</time>
      </trkpt>
      <trkpt lat="44.179601" lon="7.693437">
        <ele>2031.2</ele>
        <time>2026-07-25T04:11:34Z</time>
      </trkpt>
      <trkpt lat="44.179568" lon="7.693451">
        <ele>2032.0</ele>
        <time>2026-07-25T04:11:39Z</time>
      </trkpt>
      <trkpt lat="44.179553" lon="7.693466">
        <ele>2032.4</ele>
        <time>2026-07-25T04:11:42Z</time>
      </trkpt>
      <trkpt lat="44.179543" lon="7.693488">
        <ele>2033.0</ele>
        <time>2026-07-25T04:11:46Z</time>
      </trkpt>
      <trkpt lat="44.17956" lon="7.693506">
        <ele>2033.4</ele>
        <time>2026-07-25T04:11:51Z</time>
      </trkpt>
      <trkpt lat="44.179543" lon="7.693511">
        <ele>2033.2</ele>
        <time>2026-07-25T04:12:01Z</time>
      </trkpt>
      <trkpt lat="44.179523" lon="7.693534">
        <ele>2034.0</ele>
        <time>2026-07-25T04:12:12Z</time>
      </trkpt>
      <trkpt lat="44.179519" lon="7.693537">
        <ele>2034.2</ele>
        <time>2026-07-25T04:12:13Z</time>
      </trkpt>
      <trkpt lat="44.179505" lon="7.693547">
        <ele>2035.0</ele>
        <time>2026-07-25T04:12:16Z</time>
      </trkpt>
      <trkpt lat="44.179501" lon="7.693549">
        <ele>2035.2</ele>
        <time>2026-07-25T04:12:17Z</time>
      </trkpt>
      <trkpt lat="44.179497" lon="7.69355">
        <ele>2035.4</ele>
        <time>2026-07-25T04:12:18Z</time>
      </trkpt>
      <trkpt lat="44.179485" lon="7.693553">
        <ele>2035.6</ele>
        <time>2026-07-25T04:12:20Z</time>
      </trkpt>
      <trkpt lat="44.179476" lon="7.693555">
        <ele>2035.8</ele>
        <time>2026-07-25T04:12:21Z</time>
      </trkpt>
      <trkpt lat="44.179469" lon="7.693556">
        <ele>2036.0</ele>
        <time>2026-07-25T04:12:22Z</time>
      </trkpt>
      <trkpt lat="44.179461" lon="7.693559">
        <ele>2036.2</ele>
        <time>2026-07-25T04:12:23Z</time>
      </trkpt>
      <trkpt lat="44.179455" lon="7.693565">
        <ele>2036.2</ele>
        <time>2026-07-25T04:12:24Z</time>
      </trkpt>
      <trkpt lat="44.179442" lon="7.693586">
        <ele>2037.4</ele>
        <time>2026-07-25T04:12:29Z</time>
      </trkpt>
      <trkpt lat="44.179436" lon="7.693594">
        <ele>2037.8</ele>
        <time>2026-07-25T04:12:31Z</time>
      </trkpt>
      <trkpt lat="44.179422" lon="7.693607">
        <ele>2038.4</ele>
        <time>2026-07-25T04:12:35Z</time>
      </trkpt>
      <trkpt lat="44.179411" lon="7.693624">
        <ele>2039.0</ele>
        <time>2026-07-25T04:12:38Z</time>
      </trkpt>
      <trkpt lat="44.179403" lon="7.693635">
        <ele>2039.4</ele>
        <time>2026-07-25T04:12:40Z</time>
      </trkpt>
      <trkpt lat="44.179386" lon="7.693659">
        <ele>2040.6</ele>
        <time>2026-07-25T04:12:45Z</time>
      </trkpt>
      <trkpt lat="44.179377" lon="7.693674">
        <ele>2041.0</ele>
        <time>2026-07-25T04:12:47Z</time>
      </trkpt>
      <trkpt lat="44.17937" lon="7.693683">
        <ele>2041.6</ele>
        <time>2026-07-25T04:12:50Z</time>
      </trkpt>
      <trkpt lat="44.179348" lon="7.693715">
        <ele>2042.6</ele>
        <time>2026-07-25T04:12:55Z</time>
      </trkpt>
      <trkpt lat="44.179341" lon="7.693725">
        <ele>2042.8</ele>
        <time>2026-07-25T04:12:56Z</time>
      </trkpt>
      <trkpt lat="44.179328" lon="7.693754">
        <ele>2043.8</ele>
        <time>2026-07-25T04:13:01Z</time>
      </trkpt>
      <trkpt lat="44.179324" lon="7.693775">
        <ele>2044.4</ele>
        <time>2026-07-25T04:13:04Z</time>
      </trkpt>
      <trkpt lat="44.17932" lon="7.693797">
        <ele>2044.8</ele>
        <time>2026-07-25T04:13:07Z</time>
      </trkpt>
      <trkpt lat="44.179302" lon="7.693804">
        <ele>2046.0</ele>
        <time>2026-07-25T04:13:12Z</time>
      </trkpt>
      <trkpt lat="44.179301" lon="7.693797">
        <ele>2046.0</ele>
        <time>2026-07-25T04:13:13Z</time>
      </trkpt>
      <trkpt lat="44.179297" lon="7.693789">
        <ele>2046.2</ele>
        <time>2026-07-25T04:13:17Z</time>
      </trkpt>
      <trkpt lat="44.179291" lon="7.693813">
        <ele>2046.6</ele>
        <time>2026-07-25T04:13:23Z</time>
      </trkpt>
      <trkpt lat="44.179297" lon="7.693818">
        <ele>2047.0</ele>
        <time>2026-07-25T04:13:29Z</time>
      </trkpt>
      <trkpt lat="44.179295" lon="7.693836">
        <ele>2047.6</ele>
        <time>2026-07-25T04:13:33Z</time>
      </trkpt>
      <trkpt lat="44.179286" lon="7.693853">
        <ele>2048.0</ele>
        <time>2026-07-25T04:13:40Z</time>
      </trkpt>
      <trkpt lat="44.179282" lon="7.693876">
        <ele>2048.6</ele>
        <time>2026-07-25T04:13:43Z</time>
      </trkpt>
      <trkpt lat="44.179288" lon="7.693873">
        <ele>2049.0</ele>
        <time>2026-07-25T04:13:46Z</time>
      </trkpt>
      <trkpt lat="44.179291" lon="7.693877">
        <ele>2049.6</ele>
        <time>2026-07-25T04:13:50Z</time>
      </trkpt>
      <trkpt lat="44.179287" lon="7.693897">
        <ele>2050.2</ele>
        <time>2026-07-25T04:13:54Z</time>
      </trkpt>
      <trkpt lat="44.17928" lon="7.693901">
        <ele>2051.2</ele>
        <time>2026-07-25T04:14:00Z</time>
      </trkpt>
      <trkpt lat="44.179272" lon="7.693925">
        <ele>2052.0</ele>
        <time>2026-07-25T04:14:07Z</time>
      </trkpt>
      <trkpt lat="44.179277" lon="7.693932">
        <ele>2052.2</ele>
        <time>2026-07-25T04:14:09Z</time>
      </trkpt>
      <trkpt lat="44.179302" lon="7.693962">
        <ele>2053.4</ele>
        <time>2026-07-25T04:14:15Z</time>
      </trkpt>
      <trkpt lat="44.179304" lon="7.693966">
        <ele>2053.4</ele>
        <time>2026-07-25T04:14:16Z</time>
      </trkpt>
      <trkpt lat="44.179296" lon="7.694003">
        <ele>2054.2</ele>
        <time>2026-07-25T04:14:24Z</time>
      </trkpt>
      <trkpt lat="44.179297" lon="7.694003">
        <ele>2054.4</ele>
        <time>2026-07-25T04:14:27Z</time>
      </trkpt>
      <trkpt lat="44.179284" lon="7.694026">
        <ele>2055.0</ele>
        <time>2026-07-25T04:14:34Z</time>
      </trkpt>
      <trkpt lat="44.179271" lon="7.694039">
        <ele>2055.4</ele>
        <time>2026-07-25T04:14:38Z</time>
      </trkpt>
      <trkpt lat="44.179265" lon="7.694052">
        <ele>2056.0</ele>
        <time>2026-07-25T04:14:41Z</time>
      </trkpt>
      <trkpt lat="44.179259" lon="7.694069">
        <ele>2056.6</ele>
        <time>2026-07-25T04:14:44Z</time>
      </trkpt>
      <trkpt lat="44.179259" lon="7.694031">
        <ele>2056.6</ele>
        <time>2026-07-25T04:14:51Z</time>
      </trkpt>
      <trkpt lat="44.179264" lon="7.694054">
        <ele>2057.0</ele>
        <time>2026-07-25T04:15:01Z</time>
      </trkpt>
      <trkpt lat="44.179252" lon="7.694073">
        <ele>2057.6</ele>
        <time>2026-07-25T04:15:04Z</time>
      </trkpt>
      <trkpt lat="44.179226" lon="7.694099">
        <ele>2058.0</ele>
        <time>2026-07-25T04:15:09Z</time>
      </trkpt>
      <trkpt lat="44.179211" lon="7.694113">
        <ele>2058.6</ele>
        <time>2026-07-25T04:15:13Z</time>
      </trkpt>
      <trkpt lat="44.179202" lon="7.694125">
        <ele>2059.4</ele>
        <time>2026-07-25T04:15:17Z</time>
      </trkpt>
      <trkpt lat="44.179206" lon="7.694131">
        <ele>2059.8</ele>
        <time>2026-07-25T04:15:19Z</time>
      </trkpt>
      <trkpt lat="44.179186" lon="7.694155">
        <ele>2061.0</ele>
        <time>2026-07-25T04:15:25Z</time>
      </trkpt>
      <trkpt lat="44.179165" lon="7.694192">
        <ele>2062.0</ele>
        <time>2026-07-25T04:15:31Z</time>
      </trkpt>
      <trkpt lat="44.179168" lon="7.694199">
        <ele>2062.2</ele>
        <time>2026-07-25T04:15:32Z</time>
      </trkpt>
      <trkpt lat="44.179187" lon="7.69421">
        <ele>2063.2</ele>
        <time>2026-07-25T04:15:37Z</time>
      </trkpt>
      <trkpt lat="44.179192" lon="7.694223">
        <ele>2063.4</ele>
        <time>2026-07-25T04:15:40Z</time>
      </trkpt>
      <trkpt lat="44.17918" lon="7.694224">
        <ele>2064.4</ele>
        <time>2026-07-25T04:15:46Z</time>
      </trkpt>
      <trkpt lat="44.179176" lon="7.694248">
        <ele>2064.8</ele>
        <time>2026-07-25T04:15:50Z</time>
      </trkpt>
      <trkpt lat="44.179161" lon="7.694268">
        <ele>2065.4</ele>
        <time>2026-07-25T04:15:56Z</time>
      </trkpt>
      <trkpt lat="44.179156" lon="7.694265">
        <ele>2065.8</ele>
        <time>2026-07-25T04:15:59Z</time>
      </trkpt>
      <trkpt lat="44.179157" lon="7.694281">
        <ele>2066.4</ele>
        <time>2026-07-25T04:16:04Z</time>
      </trkpt>
      <trkpt lat="44.179161" lon="7.694284">
        <ele>2067.0</ele>
        <time>2026-07-25T04:16:07Z</time>
      </trkpt>
      <trkpt lat="44.179162" lon="7.694306">
        <ele>2067.6</ele>
        <time>2026-07-25T04:16:11Z</time>
      </trkpt>
      <trkpt lat="44.179168" lon="7.694335">
        <ele>2068.0</ele>
        <time>2026-07-25T04:16:16Z</time>
      </trkpt>
      <trkpt lat="44.179163" lon="7.69434">
        <ele>2068.6</ele>
        <time>2026-07-25T04:16:21Z</time>
      </trkpt>
      <trkpt lat="44.179133" lon="7.694358">
        <ele>2069.0</ele>
        <time>2026-07-25T04:16:26Z</time>
      </trkpt>
      <trkpt lat="44.1791" lon="7.694381">
        <ele>2069.6</ele>
        <time>2026-07-25T04:16:31Z</time>
      </trkpt>
      <trkpt lat="44.179088" lon="7.694378">
        <ele>2070.0</ele>
        <time>2026-07-25T04:16:34Z</time>
      </trkpt>
      <trkpt lat="44.179093" lon="7.694404">
        <ele>2070.6</ele>
        <time>2026-07-25T04:16:40Z</time>
      </trkpt>
      <trkpt lat="44.179088" lon="7.694416">
        <ele>2071.0</ele>
        <time>2026-07-25T04:16:43Z</time>
      </trkpt>
      <trkpt lat="44.179085" lon="7.694432">
        <ele>2071.8</ele>
        <time>2026-07-25T04:16:51Z</time>
      </trkpt>
      <trkpt lat="44.179079" lon="7.69444">
        <ele>2072.0</ele>
        <time>2026-07-25T04:16:53Z</time>
      </trkpt>
      <trkpt lat="44.179041" lon="7.694436">
        <ele>2073.0</ele>
        <time>2026-07-25T04:17:02Z</time>
      </trkpt>
      <trkpt lat="44.17904" lon="7.694436">
        <ele>2073.8</ele>
        <time>2026-07-25T04:17:12Z</time>
      </trkpt>
      <trkpt lat="44.179037" lon="7.694443">
        <ele>2074.2</ele>
        <time>2026-07-25T04:17:14Z</time>
      </trkpt>
      <trkpt lat="44.179023" lon="7.694439">
        <ele>2074.2</ele>
        <time>2026-07-25T04:17:22Z</time>
      </trkpt>
      <trkpt lat="44.179011" lon="7.694439">
        <ele>2075.2</ele>
        <time>2026-07-25T04:17:27Z</time>
      </trkpt>
      <trkpt lat="44.179007" lon="7.694445">
        <ele>2075.4</ele>
        <time>2026-07-25T04:17:29Z</time>
      </trkpt>
      <trkpt lat="44.179009" lon="7.694466">
        <ele>2075.6</ele>
        <time>2026-07-25T04:17:36Z</time>
      </trkpt>
      <trkpt lat="44.179007" lon="7.694471">
        <ele>2075.6</ele>
        <time>2026-07-25T04:17:37Z</time>
      </trkpt>
      <trkpt lat="44.179001" lon="7.694483">
        <ele>2076.2</ele>
        <time>2026-07-25T04:17:40Z</time>
      </trkpt>
      <trkpt lat="44.178969" lon="7.694474">
        <ele>2077.0</ele>
        <time>2026-07-25T04:17:47Z</time>
      </trkpt>
      <trkpt lat="44.178962" lon="7.694465">
        <ele>2077.4</ele>
        <time>2026-07-25T04:17:49Z</time>
      </trkpt>
      <trkpt lat="44.178942" lon="7.694449">
        <ele>2078.0</ele>
        <time>2026-07-25T04:17:55Z</time>
      </trkpt>
      <trkpt lat="44.178928" lon="7.694431">
        <ele>2078.4</ele>
        <time>2026-07-25T04:17:58Z</time>
      </trkpt>
      <trkpt lat="44.178933" lon="7.694424">
        <ele>2078.8</ele>
        <time>2026-07-25T04:18:02Z</time>
      </trkpt>
      <trkpt lat="44.178936" lon="7.694425">
        <ele>2079.0</ele>
        <time>2026-07-25T04:18:03Z</time>
      </trkpt>
      <trkpt lat="44.178935" lon="7.69442">
        <ele>2079.4</ele>
        <time>2026-07-25T04:18:06Z</time>
      </trkpt>
      <trkpt lat="44.178913" lon="7.694446">
        <ele>2080.4</ele>
        <time>2026-07-25T04:18:13Z</time>
      </trkpt>
      <trkpt lat="44.178889" lon="7.694446">
        <ele>2081.2</ele>
        <time>2026-07-25T04:18:19Z</time>
      </trkpt>
      <trkpt lat="44.178891" lon="7.694456">
        <ele>2081.4</ele>
        <time>2026-07-25T04:18:21Z</time>
      </trkpt>
      <trkpt lat="44.178891" lon="7.694461">
        <ele>2081.4</ele>
        <time>2026-07-25T04:18:22Z</time>
      </trkpt>
      <trkpt lat="44.178867" lon="7.694484">
        <ele>2082.4</ele>
        <time>2026-07-25T04:18:29Z</time>
      </trkpt>
      <trkpt lat="44.178867" lon="7.69448">
        <ele>2082.6</ele>
        <time>2026-07-25T04:18:30Z</time>
      </trkpt>
      <trkpt lat="44.178854" lon="7.694447">
        <ele>2083.0</ele>
        <time>2026-07-25T04:18:36Z</time>
      </trkpt>
      <trkpt lat="44.178851" lon="7.694442">
        <ele>2083.4</ele>
        <time>2026-07-25T04:18:39Z</time>
      </trkpt>
      <trkpt lat="44.178848" lon="7.694443">
        <ele>2083.4</ele>
        <time>2026-07-25T04:18:40Z</time>
      </trkpt>
      <trkpt lat="44.178851" lon="7.694452">
        <ele>2084.4</ele>
        <time>2026-07-25T04:18:47Z</time>
      </trkpt>
      <trkpt lat="44.178827" lon="7.694465">
        <ele>2084.6</ele>
        <time>2026-07-25T04:18:51Z</time>
      </trkpt>
      <trkpt lat="44.178818" lon="7.694462">
        <ele>2084.8</ele>
        <time>2026-07-25T04:18:53Z</time>
      </trkpt>
      <trkpt lat="44.178795" lon="7.694457">
        <ele>2085.6</ele>
        <time>2026-07-25T04:18:57Z</time>
      </trkpt>
      <trkpt lat="44.178795" lon="7.694472">
        <ele>2086.6</ele>
        <time>2026-07-25T04:19:04Z</time>
      </trkpt>
      <trkpt lat="44.178784" lon="7.694478">
        <ele>2086.8</ele>
        <time>2026-07-25T04:19:06Z</time>
      </trkpt>
      <trkpt lat="44.178767" lon="7.694458">
        <ele>2087.8</ele>
        <time>2026-07-25T04:19:12Z</time>
      </trkpt>
      <trkpt lat="44.178749" lon="7.694463">
        <ele>2089.0</ele>
        <time>2026-07-25T04:19:19Z</time>
      </trkpt>
      <trkpt lat="44.178742" lon="7.694466">
        <ele>2089.6</ele>
        <time>2026-07-25T04:19:22Z</time>
      </trkpt>
      <trkpt lat="44.178733" lon="7.694483">
        <ele>2090.0</ele>
        <time>2026-07-25T04:19:27Z</time>
      </trkpt>
      <trkpt lat="44.178725" lon="7.694479">
        <ele>2090.6</ele>
        <time>2026-07-25T04:19:31Z</time>
      </trkpt>
      <trkpt lat="44.17872" lon="7.694466">
        <ele>2091.2</ele>
        <time>2026-07-25T04:19:38Z</time>
      </trkpt>
      <trkpt lat="44.178705" lon="7.694458">
        <ele>2091.4</ele>
        <time>2026-07-25T04:19:40Z</time>
      </trkpt>
      <trkpt lat="44.178675" lon="7.694457">
        <ele>2092.2</ele>
        <time>2026-07-25T04:19:46Z</time>
      </trkpt>
      <trkpt lat="44.178673" lon="7.694477">
        <ele>2092.8</ele>
        <time>2026-07-25T04:19:49Z</time>
      </trkpt>
      <trkpt lat="44.178656" lon="7.69449">
        <ele>2093.4</ele>
        <time>2026-07-25T04:19:54Z</time>
      </trkpt>
      <trkpt lat="44.178644" lon="7.694489">
        <ele>2093.6</ele>
        <time>2026-07-25T04:19:57Z</time>
      </trkpt>
      <trkpt lat="44.178633" lon="7.694481">
        <ele>2094.6</ele>
        <time>2026-07-25T04:20:01Z</time>
      </trkpt>
      <trkpt lat="44.17863" lon="7.694474">
        <ele>2095.0</ele>
        <time>2026-07-25T04:20:06Z</time>
      </trkpt>
      <trkpt lat="44.178615" lon="7.694452">
        <ele>2095.6</ele>
        <time>2026-07-25T04:20:10Z</time>
      </trkpt>
      <trkpt lat="44.178606" lon="7.694432">
        <ele>2096.4</ele>
        <time>2026-07-25T04:20:15Z</time>
      </trkpt>
      <trkpt lat="44.178601" lon="7.694423">
        <ele>2096.6</ele>
        <time>2026-07-25T04:20:18Z</time>
      </trkpt>
      <trkpt lat="44.178589" lon="7.694406">
        <ele>2097.8</ele>
        <time>2026-07-25T04:20:25Z</time>
      </trkpt>
      <trkpt lat="44.178556" lon="7.69441">
        <ele>2098.8</ele>
        <time>2026-07-25T04:20:35Z</time>
      </trkpt>
      <trkpt lat="44.178546" lon="7.694372">
        <ele>2100.0</ele>
        <time>2026-07-25T04:20:43Z</time>
      </trkpt>
      <trkpt lat="44.178539" lon="7.694378">
        <ele>2100.8</ele>
        <time>2026-07-25T04:20:49Z</time>
      </trkpt>
      <trkpt lat="44.178538" lon="7.694384">
        <ele>2101.0</ele>
        <time>2026-07-25T04:20:51Z</time>
      </trkpt>
      <trkpt lat="44.178539" lon="7.694386">
        <ele>2101.2</ele>
        <time>2026-07-25T04:20:52Z</time>
      </trkpt>
      <trkpt lat="44.17854" lon="7.694389">
        <ele>2101.4</ele>
        <time>2026-07-25T04:20:53Z</time>
      </trkpt>
      <trkpt lat="44.178541" lon="7.694387">
        <ele>2101.4</ele>
        <time>2026-07-25T04:20:54Z</time>
      </trkpt>
      <trkpt lat="44.178528" lon="7.69438">
        <ele>2102.0</ele>
        <time>2026-07-25T04:21:00Z</time>
      </trkpt>
      <trkpt lat="44.178526" lon="7.694378">
        <ele>2102.2</ele>
        <time>2026-07-25T04:21:01Z</time>
      </trkpt>
      <trkpt lat="44.178503" lon="7.694346">
        <ele>2103.0</ele>
        <time>2026-07-25T04:21:09Z</time>
      </trkpt>
      <trkpt lat="44.178503" lon="7.694343">
        <ele>2103.2</ele>
        <time>2026-07-25T04:21:10Z</time>
      </trkpt>
      <trkpt lat="44.178497" lon="7.69433">
        <ele>2103.6</ele>
        <time>2026-07-25T04:21:13Z</time>
      </trkpt>
      <trkpt lat="44.178498" lon="7.694327">
        <ele>2103.8</ele>
        <time>2026-07-25T04:21:15Z</time>
      </trkpt>
      <trkpt lat="44.178496" lon="7.694322">
        <ele>2103.8</ele>
        <time>2026-07-25T04:21:16Z</time>
      </trkpt>
      <trkpt lat="44.178493" lon="7.694318">
        <ele>2104.0</ele>
        <time>2026-07-25T04:21:17Z</time>
      </trkpt>
      <trkpt lat="44.178483" lon="7.694304">
        <ele>2104.2</ele>
        <time>2026-07-25T04:21:19Z</time>
      </trkpt>
      <trkpt lat="44.178477" lon="7.694297">
        <ele>2104.4</ele>
        <time>2026-07-25T04:21:20Z</time>
      </trkpt>
      <trkpt lat="44.178442" lon="7.694234">
        <ele>2105.2</ele>
        <time>2026-07-25T04:21:29Z</time>
      </trkpt>
      <trkpt lat="44.178436" lon="7.694245">
        <ele>2105.8</ele>
        <time>2026-07-25T04:21:37Z</time>
      </trkpt>
      <trkpt lat="44.178417" lon="7.69423">
        <ele>2106.4</ele>
        <time>2026-07-25T04:21:42Z</time>
      </trkpt>
      <trkpt lat="44.178421" lon="7.694233">
        <ele>2107.0</ele>
        <time>2026-07-25T04:21:45Z</time>
      </trkpt>
      <trkpt lat="44.178411" lon="7.694224">
        <ele>2107.4</ele>
        <time>2026-07-25T04:21:47Z</time>
      </trkpt>
      <trkpt lat="44.178383" lon="7.694197">
        <ele>2108.2</ele>
        <time>2026-07-25T04:21:53Z</time>
      </trkpt>
      <trkpt lat="44.178377" lon="7.694195">
        <ele>2108.4</ele>
        <time>2026-07-25T04:21:55Z</time>
      </trkpt>
      <trkpt lat="44.178355" lon="7.69418">
        <ele>2109.4</ele>
        <time>2026-07-25T04:22:01Z</time>
      </trkpt>
      <trkpt lat="44.178351" lon="7.694176">
        <ele>2109.6</ele>
        <time>2026-07-25T04:22:02Z</time>
      </trkpt>
      <trkpt lat="44.178338" lon="7.694141">
        <ele>2110.2</ele>
        <time>2026-07-25T04:22:07Z</time>
      </trkpt>
      <trkpt lat="44.178333" lon="7.694126">
        <ele>2110.6</ele>
        <time>2026-07-25T04:22:09Z</time>
      </trkpt>
      <trkpt lat="44.178328" lon="7.694119">
        <ele>2110.8</ele>
        <time>2026-07-25T04:22:10Z</time>
      </trkpt>
      <trkpt lat="44.178317" lon="7.694103">
        <ele>2111.0</ele>
        <time>2026-07-25T04:22:13Z</time>
      </trkpt>
      <trkpt lat="44.178301" lon="7.694091">
        <ele>2111.4</ele>
        <time>2026-07-25T04:22:19Z</time>
      </trkpt>
      <trkpt lat="44.178294" lon="7.69409">
        <ele>2111.6</ele>
        <time>2026-07-25T04:22:21Z</time>
      </trkpt>
      <trkpt lat="44.178277" lon="7.694087">
        <ele>2112.6</ele>
        <time>2026-07-25T04:22:27Z</time>
      </trkpt>
      <trkpt lat="44.178261" lon="7.694068">
        <ele>2113.2</ele>
        <time>2026-07-25T04:22:30Z</time>
      </trkpt>
      <trkpt lat="44.178249" lon="7.69404">
        <ele>2113.8</ele>
        <time>2026-07-25T04:22:36Z</time>
      </trkpt>
      <trkpt lat="44.178236" lon="7.694027">
        <ele>2114.2</ele>
        <time>2026-07-25T04:22:39Z</time>
      </trkpt>
      <trkpt lat="44.17823" lon="7.694007">
        <ele>2114.8</ele>
        <time>2026-07-25T04:22:43Z</time>
      </trkpt>
      <trkpt lat="44.178222" lon="7.694001">
        <ele>2115.4</ele>
        <time>2026-07-25T04:22:47Z</time>
      </trkpt>
      <trkpt lat="44.17822" lon="7.694008">
        <ele>2115.8</ele>
        <time>2026-07-25T04:22:50Z</time>
      </trkpt>
      <trkpt lat="44.178205" lon="7.694008">
        <ele>2116.8</ele>
        <time>2026-07-25T04:22:57Z</time>
      </trkpt>
      <trkpt lat="44.178197" lon="7.694054">
        <ele>2117.8</ele>
        <time>2026-07-25T04:23:04Z</time>
      </trkpt>
      <trkpt lat="44.178197" lon="7.694064">
        <ele>2118.0</ele>
        <time>2026-07-25T04:23:05Z</time>
      </trkpt>
      <trkpt lat="44.178197" lon="7.694076">
        <ele>2118.0</ele>
        <time>2026-07-25T04:23:06Z</time>
      </trkpt>
      <trkpt lat="44.178197" lon="7.694112">
        <ele>2118.8</ele>
        <time>2026-07-25T04:23:12Z</time>
      </trkpt>
      <trkpt lat="44.178196" lon="7.69412">
        <ele>2119.0</ele>
        <time>2026-07-25T04:23:13Z</time>
      </trkpt>
      <trkpt lat="44.178196" lon="7.69414">
        <ele>2120.0</ele>
        <time>2026-07-25T04:23:21Z</time>
      </trkpt>
      <trkpt lat="44.178199" lon="7.694143">
        <ele>2120.0</ele>
        <time>2026-07-25T04:23:22Z</time>
      </trkpt>
      <trkpt lat="44.1782" lon="7.694148">
        <ele>2121.0</ele>
        <time>2026-07-25T04:23:28Z</time>
      </trkpt>
      <trkpt lat="44.178197" lon="7.694144">
        <ele>2121.2</ele>
        <time>2026-07-25T04:23:30Z</time>
      </trkpt>
      <trkpt lat="44.178198" lon="7.694132">
        <ele>2121.2</ele>
        <time>2026-07-25T04:23:39Z</time>
      </trkpt>
      <trkpt lat="44.1782" lon="7.694138">
        <ele>2121.0</ele>
        <time>2026-07-25T04:23:41Z</time>
      </trkpt>
      <trkpt lat="44.1782" lon="7.694142">
        <ele>2121.0</ele>
        <time>2026-07-25T04:23:42Z</time>
      </trkpt>
      <trkpt lat="44.178204" lon="7.694147">
        <ele>2121.0</ele>
        <time>2026-07-25T04:23:43Z</time>
      </trkpt>
      <trkpt lat="44.178221" lon="7.694162">
        <ele>2121.0</ele>
        <time>2026-07-25T04:23:48Z</time>
      </trkpt>
      <trkpt lat="44.178185" lon="7.694153">
        <ele>2121.0</ele>
        <time>2026-07-25T04:23:56Z</time>
      </trkpt>
      <trkpt lat="44.178199" lon="7.694202">
        <ele>2121.4</ele>
        <time>2026-07-25T04:24:03Z</time>
      </trkpt>
      <trkpt lat="44.178198" lon="7.694207">
        <ele>2121.8</ele>
        <time>2026-07-25T04:24:04Z</time>
      </trkpt>
      <trkpt lat="44.178194" lon="7.694222">
        <ele>2122.4</ele>
        <time>2026-07-25T04:24:06Z</time>
      </trkpt>
      <trkpt lat="44.178168" lon="7.694246">
        <ele>2123.6</ele>
        <time>2026-07-25T04:24:11Z</time>
      </trkpt>
      <trkpt lat="44.178155" lon="7.694251">
        <ele>2124.0</ele>
        <time>2026-07-25T04:24:13Z</time>
      </trkpt>
      <trkpt lat="44.178151" lon="7.694264">
        <ele>2124.8</ele>
        <time>2026-07-25T04:24:16Z</time>
      </trkpt>
      <trkpt lat="44.178155" lon="7.694293">
        <ele>2125.6</ele>
        <time>2026-07-25T04:24:20Z</time>
      </trkpt>
      <trkpt lat="44.178155" lon="7.694303">
        <ele>2125.8</ele>
        <time>2026-07-25T04:24:21Z</time>
      </trkpt>
      <trkpt lat="44.178138" lon="7.694326">
        <ele>2126.8</ele>
        <time>2026-07-25T04:24:27Z</time>
      </trkpt>
      <trkpt lat="44.178136" lon="7.694319">
        <ele>2127.0</ele>
        <time>2026-07-25T04:24:29Z</time>
      </trkpt>
      <trkpt lat="44.178124" lon="7.694321">
        <ele>2127.2</ele>
        <time>2026-07-25T04:24:38Z</time>
      </trkpt>
      <trkpt lat="44.178101" lon="7.694322">
        <ele>2128.0</ele>
        <time>2026-07-25T04:24:46Z</time>
      </trkpt>
      <trkpt lat="44.178096" lon="7.694321">
        <ele>2128.0</ele>
        <time>2026-07-25T04:24:47Z</time>
      </trkpt>
      <trkpt lat="44.178077" lon="7.694304">
        <ele>2129.0</ele>
        <time>2026-07-25T04:24:53Z</time>
      </trkpt>
      <trkpt lat="44.178072" lon="7.694305">
        <ele>2129.4</ele>
        <time>2026-07-25T04:24:56Z</time>
      </trkpt>
      <trkpt lat="44.178062" lon="7.6943">
        <ele>2130.0</ele>
        <time>2026-07-25T04:24:59Z</time>
      </trkpt>
      <trkpt lat="44.178048" lon="7.694291">
        <ele>2130.8</ele>
        <time>2026-07-25T04:25:03Z</time>
      </trkpt>
      <trkpt lat="44.17804" lon="7.694284">
        <ele>2131.2</ele>
        <time>2026-07-25T04:25:05Z</time>
      </trkpt>
      <trkpt lat="44.178039" lon="7.694272">
        <ele>2132.2</ele>
        <time>2026-07-25T04:25:11Z</time>
      </trkpt>
      <trkpt lat="44.17802" lon="7.694251">
        <ele>2132.8</ele>
        <time>2026-07-25T04:25:20Z</time>
      </trkpt>
      <trkpt lat="44.178008" lon="7.694233">
        <ele>2133.4</ele>
        <time>2026-07-25T04:25:23Z</time>
      </trkpt>
      <trkpt lat="44.17801" lon="7.694232">
        <ele>2134.2</ele>
        <time>2026-07-25T04:25:27Z</time>
      </trkpt>
      <trkpt lat="44.178007" lon="7.694236">
        <ele>2134.4</ele>
        <time>2026-07-25T04:25:29Z</time>
      </trkpt>
      <trkpt lat="44.177975" lon="7.694235">
        <ele>2135.4</ele>
        <time>2026-07-25T04:25:36Z</time>
      </trkpt>
      <trkpt lat="44.177972" lon="7.694231">
        <ele>2135.6</ele>
        <time>2026-07-25T04:25:37Z</time>
      </trkpt>
      <trkpt lat="44.177966" lon="7.694202">
        <ele>2136.6</ele>
        <time>2026-07-25T04:25:45Z</time>
      </trkpt>
      <trkpt lat="44.177963" lon="7.694196">
        <ele>2136.6</ele>
        <time>2026-07-25T04:25:46Z</time>
      </trkpt>
      <trkpt lat="44.177937" lon="7.694174">
        <ele>2137.6</ele>
        <time>2026-07-25T04:25:52Z</time>
      </trkpt>
      <trkpt lat="44.177932" lon="7.694174">
        <ele>2137.8</ele>
        <time>2026-07-25T04:25:53Z</time>
      </trkpt>
      <trkpt lat="44.177922" lon="7.694165">
        <ele>2138.4</ele>
        <time>2026-07-25T04:25:59Z</time>
      </trkpt>
      <trkpt lat="44.177924" lon="7.694166">
        <ele>2139.0</ele>
        <time>2026-07-25T04:26:02Z</time>
      </trkpt>
      <trkpt lat="44.177913" lon="7.694159">
        <ele>2139.6</ele>
        <time>2026-07-25T04:26:06Z</time>
      </trkpt>
      <trkpt lat="44.177895" lon="7.694146">
        <ele>2140.0</ele>
        <time>2026-07-25T04:26:09Z</time>
      </trkpt>
      <trkpt lat="44.177888" lon="7.694149">
        <ele>2140.8</ele>
        <time>2026-07-25T04:26:16Z</time>
      </trkpt>
      <trkpt lat="44.177887" lon="7.69415">
        <ele>2141.0</ele>
        <time>2026-07-25T04:26:17Z</time>
      </trkpt>
      <trkpt lat="44.177862" lon="7.694101">
        <ele>2141.4</ele>
        <time>2026-07-25T04:26:24Z</time>
      </trkpt>
      <trkpt lat="44.17785" lon="7.694085">
        <ele>2142.0</ele>
        <time>2026-07-25T04:26:27Z</time>
      </trkpt>
      <trkpt lat="44.17782" lon="7.694094">
        <ele>2143.0</ele>
        <time>2026-07-25T04:26:32Z</time>
      </trkpt>
      <trkpt lat="44.177815" lon="7.694099">
        <ele>2143.0</ele>
        <time>2026-07-25T04:26:33Z</time>
      </trkpt>
      <trkpt lat="44.177765" lon="7.694128">
        <ele>2143.6</ele>
        <time>2026-07-25T04:26:41Z</time>
      </trkpt>
      <trkpt lat="44.177696" lon="7.694141">
        <ele>2143.8</ele>
        <time>2026-07-25T04:26:50Z</time>
      </trkpt>
      <trkpt lat="44.177641" lon="7.694134">
        <ele>2143.4</ele>
        <time>2026-07-25T04:27:00Z</time>
      </trkpt>
      <trkpt lat="44.177619" lon="7.694147">
        <ele>2143.6</ele>
        <time>2026-07-25T04:27:04Z</time>
      </trkpt>
      <trkpt lat="44.177596" lon="7.694156">
        <ele>2144.2</ele>
        <time>2026-07-25T04:27:07Z</time>
      </trkpt>
      <trkpt lat="44.177592" lon="7.694158">
        <ele>2144.2</ele>
        <time>2026-07-25T04:27:08Z</time>
      </trkpt>
      <trkpt lat="44.177597" lon="7.694161">
        <ele>2144.6</ele>
        <time>2026-07-25T04:27:16Z</time>
      </trkpt>
      <trkpt lat="44.177554" lon="7.694173">
        <ele>2144.8</ele>
        <time>2026-07-25T04:27:23Z</time>
      </trkpt>
      <trkpt lat="44.177528" lon="7.694165">
        <ele>2145.2</ele>
        <time>2026-07-25T04:27:26Z</time>
      </trkpt>
      <trkpt lat="44.1775" lon="7.694155">
        <ele>2145.6</ele>
        <time>2026-07-25T04:27:31Z</time>
      </trkpt>
      <trkpt lat="44.177472" lon="7.694162">
        <ele>2146.2</ele>
        <time>2026-07-25T04:27:38Z</time>
      </trkpt>
      <trkpt lat="44.177406" lon="7.694157">
        <ele>2147.0</ele>
        <time>2026-07-25T04:27:48Z</time>
      </trkpt>
      <trkpt lat="44.177412" lon="7.694148">
        <ele>2146.8</ele>
        <time>2026-07-25T04:27:52Z</time>
      </trkpt>
      <trkpt lat="44.177407" lon="7.694129">
        <ele>2146.8</ele>
        <time>2026-07-25T04:27:56Z</time>
      </trkpt>
      <trkpt lat="44.177428" lon="7.694167">
        <ele>2147.0</ele>
        <time>2026-07-25T04:28:05Z</time>
      </trkpt>
      <trkpt lat="44.17744" lon="7.694144">
        <ele>2146.8</ele>
        <time>2026-07-25T04:28:17Z</time>
      </trkpt>
      <trkpt lat="44.177417" lon="7.694132">
        <ele>2146.8</ele>
        <time>2026-07-25T04:28:26Z</time>
      </trkpt>
      <trkpt lat="44.177412" lon="7.694157">
        <ele>2146.8</ele>
        <time>2026-07-25T04:28:36Z</time>
      </trkpt>
      <trkpt lat="44.177407" lon="7.694162">
        <ele>2146.6</ele>
        <time>2026-07-25T04:28:38Z</time>
      </trkpt>
      <trkpt lat="44.177409" lon="7.694162">
        <ele>2147.0</ele>
        <time>2026-07-25T04:28:43Z</time>
      </trkpt>
      <trkpt lat="44.177408" lon="7.69416">
        <ele>2147.0</ele>
        <time>2026-07-25T04:28:45Z</time>
      </trkpt>
      <trkpt lat="44.177393" lon="7.694152">
        <ele>2147.2</ele>
        <time>2026-07-25T04:28:54Z</time>
      </trkpt>
      <trkpt lat="44.17739" lon="7.694143">
        <ele>2147.2</ele>
        <time>2026-07-25T04:28:58Z</time>
      </trkpt>
      <trkpt lat="44.177395" lon="7.694148">
        <ele>2147.2</ele>
        <time>2026-07-25T04:29:04Z</time>
      </trkpt>
      <trkpt lat="44.177413" lon="7.694138">
        <ele>2147.2</ele>
        <time>2026-07-25T04:29:16Z</time>
      </trkpt>
      <trkpt lat="44.17737" lon="7.694146">
        <ele>2147.6</ele>
        <time>2026-07-25T04:29:23Z</time>
      </trkpt>
      <trkpt lat="44.177345" lon="7.694159">
        <ele>2148.2</ele>
        <time>2026-07-25T04:29:27Z</time>
      </trkpt>
      <trkpt lat="44.177323" lon="7.69416">
        <ele>2149.2</ele>
        <time>2026-07-25T04:29:32Z</time>
      </trkpt>
      <trkpt lat="44.177319" lon="7.69416">
        <ele>2149.4</ele>
        <time>2026-07-25T04:29:33Z</time>
      </trkpt>
      <trkpt lat="44.177298" lon="7.694156">
        <ele>2150.4</ele>
        <time>2026-07-25T04:29:38Z</time>
      </trkpt>
      <trkpt lat="44.177266" lon="7.694142">
        <ele>2150.8</ele>
        <time>2026-07-25T04:29:42Z</time>
      </trkpt>
      <trkpt lat="44.177223" lon="7.694108">
        <ele>2151.4</ele>
        <time>2026-07-25T04:29:47Z</time>
      </trkpt>
      <trkpt lat="44.177198" lon="7.694092">
        <ele>2151.8</ele>
        <time>2026-07-25T04:29:50Z</time>
      </trkpt>
      <trkpt lat="44.177173" lon="7.694078">
        <ele>2152.2</ele>
        <time>2026-07-25T04:29:53Z</time>
      </trkpt>
      <trkpt lat="44.177149" lon="7.694069">
        <ele>2152.4</ele>
        <time>2026-07-25T04:29:56Z</time>
      </trkpt>
      <trkpt lat="44.177144" lon="7.694067">
        <ele>2152.4</ele>
        <time>2026-07-25T04:29:57Z</time>
      </trkpt>
      <trkpt lat="44.177138" lon="7.694063">
        <ele>2152.4</ele>
        <time>2026-07-25T04:29:58Z</time>
      </trkpt>
      <trkpt lat="44.177103" lon="7.694065">
        <ele>2153.6</ele>
        <time>2026-07-25T04:30:06Z</time>
      </trkpt>
      <trkpt lat="44.177101" lon="7.694065">
        <ele>2153.8</ele>
        <time>2026-07-25T04:30:07Z</time>
      </trkpt>
      <trkpt lat="44.177071" lon="7.694046">
        <ele>2154.6</ele>
        <time>2026-07-25T04:30:13Z</time>
      </trkpt>
      <trkpt lat="44.177056" lon="7.694031">
        <ele>2154.6</ele>
        <time>2026-07-25T04:30:15Z</time>
      </trkpt>
      <trkpt lat="44.177021" lon="7.693991">
        <ele>2154.6</ele>
        <time>2026-07-25T04:30:23Z</time>
      </trkpt>
      <trkpt lat="44.177005" lon="7.693969">
        <ele>2154.8</ele>
        <time>2026-07-25T04:30:29Z</time>
      </trkpt>
      <trkpt lat="44.177001" lon="7.693961">
        <ele>2155.0</ele>
        <time>2026-07-25T04:30:32Z</time>
      </trkpt>
      <trkpt lat="44.176991" lon="7.693949">
        <ele>2155.6</ele>
        <time>2026-07-25T04:30:36Z</time>
      </trkpt>
      <trkpt lat="44.176974" lon="7.693925">
        <ele>2156.0</ele>
        <time>2026-07-25T04:30:40Z</time>
      </trkpt>
      <trkpt lat="44.176976" lon="7.693923">
        <ele>2156.2</ele>
        <time>2026-07-25T04:30:41Z</time>
      </trkpt>
      <trkpt lat="44.176981" lon="7.69392">
        <ele>2156.4</ele>
        <time>2026-07-25T04:30:43Z</time>
      </trkpt>
      <trkpt lat="44.17698" lon="7.693919">
        <ele>2156.6</ele>
        <time>2026-07-25T04:30:45Z</time>
      </trkpt>
      <trkpt lat="44.176972" lon="7.69391">
        <ele>2156.8</ele>
        <time>2026-07-25T04:30:47Z</time>
      </trkpt>
      <trkpt lat="44.176961" lon="7.693868">
        <ele>2157.8</ele>
        <time>2026-07-25T04:30:53Z</time>
      </trkpt>
      <trkpt lat="44.176964" lon="7.693852">
        <ele>2158.2</ele>
        <time>2026-07-25T04:30:56Z</time>
      </trkpt>
      <trkpt lat="44.176964" lon="7.693835">
        <ele>2158.8</ele>
        <time>2026-07-25T04:30:59Z</time>
      </trkpt>
      <trkpt lat="44.176963" lon="7.693817">
        <ele>2159.4</ele>
        <time>2026-07-25T04:31:05Z</time>
      </trkpt>
      <trkpt lat="44.176958" lon="7.6938">
        <ele>2159.8</ele>
        <time>2026-07-25T04:31:08Z</time>
      </trkpt>
      <trkpt lat="44.176934" lon="7.693817">
        <ele>2160.6</ele>
        <time>2026-07-25T04:31:13Z</time>
      </trkpt>
      <trkpt lat="44.176923" lon="7.693814">
        <ele>2160.8</ele>
        <time>2026-07-25T04:31:17Z</time>
      </trkpt>
      <trkpt lat="44.176916" lon="7.693789">
        <ele>2161.2</ele>
        <time>2026-07-25T04:31:20Z</time>
      </trkpt>
      <trkpt lat="44.176892" lon="7.693787">
        <ele>2162.0</ele>
        <time>2026-07-25T04:31:25Z</time>
      </trkpt>
      <trkpt lat="44.176891" lon="7.693778">
        <ele>2162.6</ele>
        <time>2026-07-25T04:31:29Z</time>
      </trkpt>
      <trkpt lat="44.176884" lon="7.693745">
        <ele>2163.2</ele>
        <time>2026-07-25T04:31:33Z</time>
      </trkpt>
      <trkpt lat="44.176872" lon="7.693732">
        <ele>2163.8</ele>
        <time>2026-07-25T04:31:37Z</time>
      </trkpt>
      <trkpt lat="44.17687" lon="7.693724">
        <ele>2164.4</ele>
        <time>2026-07-25T04:31:40Z</time>
      </trkpt>
      <trkpt lat="44.176862" lon="7.693683">
        <ele>2165.0</ele>
        <time>2026-07-25T04:31:46Z</time>
      </trkpt>
      <trkpt lat="44.176869" lon="7.693677">
        <ele>2165.6</ele>
        <time>2026-07-25T04:31:48Z</time>
      </trkpt>
      <trkpt lat="44.176847" lon="7.693651">
        <ele>2166.4</ele>
        <time>2026-07-25T04:31:55Z</time>
      </trkpt>
      <trkpt lat="44.176842" lon="7.693651">
        <ele>2166.6</ele>
        <time>2026-07-25T04:31:56Z</time>
      </trkpt>
      <trkpt lat="44.176819" lon="7.693667">
        <ele>2167.8</ele>
        <time>2026-07-25T04:32:04Z</time>
      </trkpt>
      <trkpt lat="44.176791" lon="7.693717">
        <ele>2168.8</ele>
        <time>2026-07-25T04:32:12Z</time>
      </trkpt>
      <trkpt lat="44.176788" lon="7.693716">
        <ele>2168.8</ele>
        <time>2026-07-25T04:32:13Z</time>
      </trkpt>
      <trkpt lat="44.17679" lon="7.693698">
        <ele>2169.6</ele>
        <time>2026-07-25T04:32:17Z</time>
      </trkpt>
      <trkpt lat="44.1768" lon="7.693691">
        <ele>2169.8</ele>
        <time>2026-07-25T04:32:19Z</time>
      </trkpt>
      <trkpt lat="44.176802" lon="7.693684">
        <ele>2170.0</ele>
        <time>2026-07-25T04:32:20Z</time>
      </trkpt>
      <trkpt lat="44.176771" lon="7.69363">
        <ele>2170.6</ele>
        <time>2026-07-25T04:32:28Z</time>
      </trkpt>
      <trkpt lat="44.176767" lon="7.693631">
        <ele>2171.0</ele>
        <time>2026-07-25T04:32:30Z</time>
      </trkpt>
      <trkpt lat="44.176762" lon="7.693612">
        <ele>2171.8</ele>
        <time>2026-07-25T04:32:36Z</time>
      </trkpt>
      <trkpt lat="44.176754" lon="7.69361">
        <ele>2172.0</ele>
        <time>2026-07-25T04:32:39Z</time>
      </trkpt>
      <trkpt lat="44.176717" lon="7.693607">
        <ele>2173.0</ele>
        <time>2026-07-25T04:32:45Z</time>
      </trkpt>
      <trkpt lat="44.176713" lon="7.693607">
        <ele>2173.2</ele>
        <time>2026-07-25T04:32:46Z</time>
      </trkpt>
      <trkpt lat="44.176699" lon="7.693612">
        <ele>2174.2</ele>
        <time>2026-07-25T04:32:53Z</time>
      </trkpt>
      <trkpt lat="44.176698" lon="7.693622">
        <ele>2175.4</ele>
        <time>2026-07-25T04:32:59Z</time>
      </trkpt>
      <trkpt lat="44.176685" lon="7.693636">
        <ele>2175.6</ele>
        <time>2026-07-25T04:33:01Z</time>
      </trkpt>
      <trkpt lat="44.17666" lon="7.693636">
        <ele>2176.4</ele>
        <time>2026-07-25T04:33:06Z</time>
      </trkpt>
      <trkpt lat="44.176656" lon="7.693622">
        <ele>2176.6</ele>
        <time>2026-07-25T04:33:09Z</time>
      </trkpt>
      <trkpt lat="44.176673" lon="7.693644">
        <ele>2177.4</ele>
        <time>2026-07-25T04:33:16Z</time>
      </trkpt>
      <trkpt lat="44.176622" lon="7.693634">
        <ele>2178.4</ele>
        <time>2026-07-25T04:33:24Z</time>
      </trkpt>
      <trkpt lat="44.176613" lon="7.693635">
        <ele>2178.4</ele>
        <time>2026-07-25T04:33:25Z</time>
      </trkpt>
      <trkpt lat="44.17659" lon="7.693642">
        <ele>2179.6</ele>
        <time>2026-07-25T04:33:31Z</time>
      </trkpt>
      <trkpt lat="44.176589" lon="7.693644">
        <ele>2179.8</ele>
        <time>2026-07-25T04:33:32Z</time>
      </trkpt>
      <trkpt lat="44.176569" lon="7.693654">
        <ele>2180.6</ele>
        <time>2026-07-25T04:33:38Z</time>
      </trkpt>
      <trkpt lat="44.176555" lon="7.693654">
        <ele>2181.2</ele>
        <time>2026-07-25T04:33:42Z</time>
      </trkpt>
      <trkpt lat="44.176552" lon="7.693652">
        <ele>2181.4</ele>
        <time>2026-07-25T04:33:43Z</time>
      </trkpt>
      <trkpt lat="44.176549" lon="7.693646">
        <ele>2181.6</ele>
        <time>2026-07-25T04:33:44Z</time>
      </trkpt>
      <trkpt lat="44.176544" lon="7.693646">
        <ele>2181.6</ele>
        <time>2026-07-25T04:33:45Z</time>
      </trkpt>
      <trkpt lat="44.17655" lon="7.693636">
        <ele>2182.4</ele>
        <time>2026-07-25T04:33:51Z</time>
      </trkpt>
      <trkpt lat="44.176548" lon="7.693634">
        <ele>2182.8</ele>
        <time>2026-07-25T04:33:53Z</time>
      </trkpt>
      <trkpt lat="44.176513" lon="7.693646">
        <ele>2183.8</ele>
        <time>2026-07-25T04:34:00Z</time>
      </trkpt>
      <trkpt lat="44.176514" lon="7.693648">
        <ele>2183.8</ele>
        <time>2026-07-25T04:34:01Z</time>
      </trkpt>
      <trkpt lat="44.176484" lon="7.693659">
        <ele>2184.8</ele>
        <time>2026-07-25T04:34:08Z</time>
      </trkpt>
      <trkpt lat="44.176474" lon="7.693659">
        <ele>2185.0</ele>
        <time>2026-07-25T04:34:09Z</time>
      </trkpt>
      <trkpt lat="44.176454" lon="7.693626">
        <ele>2185.8</ele>
        <time>2026-07-25T04:34:15Z</time>
      </trkpt>
      <trkpt lat="44.176465" lon="7.693609">
        <ele>2186.2</ele>
        <time>2026-07-25T04:34:17Z</time>
      </trkpt>
      <trkpt lat="44.176468" lon="7.693569">
        <ele>2186.8</ele>
        <time>2026-07-25T04:34:22Z</time>
      </trkpt>
      <trkpt lat="44.176466" lon="7.693555">
        <ele>2187.4</ele>
        <time>2026-07-25T04:34:26Z</time>
      </trkpt>
      <trkpt lat="44.176468" lon="7.693582">
        <ele>2187.8</ele>
        <time>2026-07-25T04:34:32Z</time>
      </trkpt>
      <trkpt lat="44.176467" lon="7.693579">
        <ele>2188.0</ele>
        <time>2026-07-25T04:34:33Z</time>
      </trkpt>
      <trkpt lat="44.176475" lon="7.693553">
        <ele>2189.0</ele>
        <time>2026-07-25T04:34:39Z</time>
      </trkpt>
      <trkpt lat="44.176472" lon="7.693547">
        <ele>2189.6</ele>
        <time>2026-07-25T04:34:42Z</time>
      </trkpt>
      <trkpt lat="44.176468" lon="7.693551">
        <ele>2190.0</ele>
        <time>2026-07-25T04:34:45Z</time>
      </trkpt>
      <trkpt lat="44.176449" lon="7.693521">
        <ele>2191.0</ele>
        <time>2026-07-25T04:34:51Z</time>
      </trkpt>
      <trkpt lat="44.176447" lon="7.693515">
        <ele>2191.2</ele>
        <time>2026-07-25T04:34:52Z</time>
      </trkpt>
      <trkpt lat="44.176472" lon="7.693514">
        <ele>2192.2</ele>
        <time>2026-07-25T04:34:58Z</time>
      </trkpt>
      <trkpt lat="44.176457" lon="7.693487">
        <ele>2192.8</ele>
        <time>2026-07-25T04:35:02Z</time>
      </trkpt>
      <trkpt lat="44.17644" lon="7.693488">
        <ele>2193.0</ele>
        <time>2026-07-25T04:35:04Z</time>
      </trkpt>
      <trkpt lat="44.176428" lon="7.693499">
        <ele>2193.2</ele>
        <time>2026-07-25T04:35:06Z</time>
      </trkpt>
      <trkpt lat="44.176406" lon="7.693509">
        <ele>2194.2</ele>
        <time>2026-07-25T04:35:11Z</time>
      </trkpt>
      <trkpt lat="44.176407" lon="7.693513">
        <ele>2194.2</ele>
        <time>2026-07-25T04:35:12Z</time>
      </trkpt>
      <trkpt lat="44.176365" lon="7.69354">
        <ele>2195.4</ele>
        <time>2026-07-25T04:35:19Z</time>
      </trkpt>
      <trkpt lat="44.176352" lon="7.693562">
        <ele>2196.2</ele>
        <time>2026-07-25T04:35:26Z</time>
      </trkpt>
      <trkpt lat="44.176356" lon="7.693559">
        <ele>2196.4</ele>
        <time>2026-07-25T04:35:27Z</time>
      </trkpt>
      <trkpt lat="44.176371" lon="7.693532">
        <ele>2197.4</ele>
        <time>2026-07-25T04:35:32Z</time>
      </trkpt>
      <trkpt lat="44.176364" lon="7.693453">
        <ele>2198.6</ele>
        <time>2026-07-25T04:35:40Z</time>
      </trkpt>
      <trkpt lat="44.176348" lon="7.693413">
        <ele>2199.6</ele>
        <time>2026-07-25T04:35:46Z</time>
      </trkpt>
      <trkpt lat="44.176338" lon="7.693407">
        <ele>2200.0</ele>
        <time>2026-07-25T04:35:49Z</time>
      </trkpt>
      <trkpt lat="44.176325" lon="7.693395">
        <ele>2200.4</ele>
        <time>2026-07-25T04:35:53Z</time>
      </trkpt>
      <trkpt lat="44.17633" lon="7.693383">
        <ele>2200.6</ele>
        <time>2026-07-25T04:35:55Z</time>
      </trkpt>
      <trkpt lat="44.17633" lon="7.693382">
        <ele>2200.8</ele>
        <time>2026-07-25T04:35:56Z</time>
      </trkpt>
      <trkpt lat="44.176334" lon="7.693397">
        <ele>2201.8</ele>
        <time>2026-07-25T04:36:01Z</time>
      </trkpt>
      <trkpt lat="44.176328" lon="7.693424">
        <ele>2202.2</ele>
        <time>2026-07-25T04:36:05Z</time>
      </trkpt>
      <trkpt lat="44.176294" lon="7.6934">
        <ele>2202.8</ele>
        <time>2026-07-25T04:36:10Z</time>
      </trkpt>
      <trkpt lat="44.176281" lon="7.693386">
        <ele>2203.0</ele>
        <time>2026-07-25T04:36:12Z</time>
      </trkpt>
      <trkpt lat="44.176294" lon="7.693375">
        <ele>2203.0</ele>
        <time>2026-07-25T04:36:16Z</time>
      </trkpt>
      <trkpt lat="44.176309" lon="7.693363">
        <ele>2203.0</ele>
        <time>2026-07-25T04:36:18Z</time>
      </trkpt>
      <trkpt lat="44.176345" lon="7.693353">
        <ele>2203.8</ele>
        <time>2026-07-25T04:36:23Z</time>
      </trkpt>
      <trkpt lat="44.176343" lon="7.693361">
        <ele>2204.0</ele>
        <time>2026-07-25T04:36:24Z</time>
      </trkpt>
      <trkpt lat="44.176333" lon="7.693382">
        <ele>2204.4</ele>
        <time>2026-07-25T04:36:28Z</time>
      </trkpt>
      <trkpt lat="44.176328" lon="7.693377">
        <ele>2204.8</ele>
        <time>2026-07-25T04:36:32Z</time>
      </trkpt>
      <trkpt lat="44.176316" lon="7.693341">
        <ele>2205.6</ele>
        <time>2026-07-25T04:36:39Z</time>
      </trkpt>
      <trkpt lat="44.176313" lon="7.693335">
        <ele>2206.0</ele>
        <time>2026-07-25T04:36:41Z</time>
      </trkpt>
      <trkpt lat="44.176326" lon="7.693358">
        <ele>2206.8</ele>
        <time>2026-07-25T04:36:47Z</time>
      </trkpt>
      <trkpt lat="44.176331" lon="7.693353">
        <ele>2207.0</ele>
        <time>2026-07-25T04:36:49Z</time>
      </trkpt>
      <trkpt lat="44.176349" lon="7.693348">
        <ele>2207.8</ele>
        <time>2026-07-25T04:36:56Z</time>
      </trkpt>
      <trkpt lat="44.176341" lon="7.69331">
        <ele>2208.0</ele>
        <time>2026-07-25T04:37:00Z</time>
      </trkpt>
      <trkpt lat="44.176325" lon="7.693275">
        <ele>2208.4</ele>
        <time>2026-07-25T04:37:03Z</time>
      </trkpt>
      <trkpt lat="44.176265" lon="7.69325">
        <ele>2208.4</ele>
        <time>2026-07-25T04:37:11Z</time>
      </trkpt>
      <trkpt lat="44.176273" lon="7.693291">
        <ele>2208.6</ele>
        <time>2026-07-25T04:37:18Z</time>
      </trkpt>
      <trkpt lat="44.17629" lon="7.693299">
        <ele>2209.2</ele>
        <time>2026-07-25T04:37:23Z</time>
      </trkpt>
      <trkpt lat="44.176293" lon="7.693298">
        <ele>2209.6</ele>
        <time>2026-07-25T04:37:25Z</time>
      </trkpt>
      <trkpt lat="44.176287" lon="7.693295">
        <ele>2209.6</ele>
        <time>2026-07-25T04:37:33Z</time>
      </trkpt>
      <trkpt lat="44.176255" lon="7.693278">
        <ele>2209.8</ele>
        <time>2026-07-25T04:37:39Z</time>
      </trkpt>
      <trkpt lat="44.176253" lon="7.693263">
        <ele>2210.4</ele>
        <time>2026-07-25T04:37:42Z</time>
      </trkpt>
      <trkpt lat="44.17627" lon="7.693278">
        <ele>2211.4</ele>
        <time>2026-07-25T04:37:47Z</time>
      </trkpt>
      <trkpt lat="44.176268" lon="7.693281">
        <ele>2211.6</ele>
        <time>2026-07-25T04:37:48Z</time>
      </trkpt>
      <trkpt lat="44.176251" lon="7.693267">
        <ele>2212.4</ele>
        <time>2026-07-25T04:37:55Z</time>
      </trkpt>
      <trkpt lat="44.176246" lon="7.69327">
        <ele>2212.6</ele>
        <time>2026-07-25T04:37:56Z</time>
      </trkpt>
      <trkpt lat="44.176208" lon="7.693263">
        <ele>2213.6</ele>
        <time>2026-07-25T04:38:03Z</time>
      </trkpt>
      <trkpt lat="44.176207" lon="7.693261">
        <ele>2213.8</ele>
        <time>2026-07-25T04:38:04Z</time>
      </trkpt>
      <trkpt lat="44.176215" lon="7.693239">
        <ele>2214.8</ele>
        <time>2026-07-25T04:38:10Z</time>
      </trkpt>
      <trkpt lat="44.17621" lon="7.693204">
        <ele>2215.2</ele>
        <time>2026-07-25T04:38:13Z</time>
      </trkpt>
      <trkpt lat="44.176219" lon="7.693171">
        <ele>2215.8</ele>
        <time>2026-07-25T04:38:17Z</time>
      </trkpt>
      <trkpt lat="44.176244" lon="7.693159">
        <ele>2216.6</ele>
        <time>2026-07-25T04:38:23Z</time>
      </trkpt>
      <trkpt lat="44.176229" lon="7.693125">
        <ele>2216.8</ele>
        <time>2026-07-25T04:38:27Z</time>
      </trkpt>
      <trkpt lat="44.176222" lon="7.693116">
        <ele>2217.2</ele>
        <time>2026-07-25T04:38:29Z</time>
      </trkpt>
      <trkpt lat="44.176204" lon="7.693115">
        <ele>2217.8</ele>
        <time>2026-07-25T04:38:34Z</time>
      </trkpt>
      <trkpt lat="44.1762" lon="7.693126">
        <ele>2218.0</ele>
        <time>2026-07-25T04:38:37Z</time>
      </trkpt>
      <trkpt lat="44.176198" lon="7.693132">
        <ele>2218.2</ele>
        <time>2026-07-25T04:38:38Z</time>
      </trkpt>
      <trkpt lat="44.176186" lon="7.693159">
        <ele>2219.0</ele>
        <time>2026-07-25T04:38:44Z</time>
      </trkpt>
      <trkpt lat="44.176188" lon="7.69315">
        <ele>2219.2</ele>
        <time>2026-07-25T04:38:47Z</time>
      </trkpt>
      <trkpt lat="44.176189" lon="7.693148">
        <ele>2219.2</ele>
        <time>2026-07-25T04:38:48Z</time>
      </trkpt>
      <trkpt lat="44.176189" lon="7.693142">
        <ele>2219.4</ele>
        <time>2026-07-25T04:38:49Z</time>
      </trkpt>
      <trkpt lat="44.176179" lon="7.693126">
        <ele>2220.2</ele>
        <time>2026-07-25T04:38:53Z</time>
      </trkpt>
      <trkpt lat="44.176168" lon="7.693121">
        <ele>2220.8</ele>
        <time>2026-07-25T04:38:57Z</time>
      </trkpt>
      <trkpt lat="44.176159" lon="7.693113">
        <ele>2221.4</ele>
        <time>2026-07-25T04:39:00Z</time>
      </trkpt>
      <trkpt lat="44.176144" lon="7.693143">
        <ele>2222.2</ele>
        <time>2026-07-25T04:39:05Z</time>
      </trkpt>
      <trkpt lat="44.176123" lon="7.69316">
        <ele>2222.4</ele>
        <time>2026-07-25T04:39:08Z</time>
      </trkpt>
      <trkpt lat="44.176119" lon="7.69316">
        <ele>2223.0</ele>
        <time>2026-07-25T04:39:12Z</time>
      </trkpt>
      <trkpt lat="44.176119" lon="7.693147">
        <ele>2223.4</ele>
        <time>2026-07-25T04:39:16Z</time>
      </trkpt>
      <trkpt lat="44.176126" lon="7.693111">
        <ele>2223.8</ele>
        <time>2026-07-25T04:39:20Z</time>
      </trkpt>
      <trkpt lat="44.176129" lon="7.693073">
        <ele>2224.4</ele>
        <time>2026-07-25T04:39:23Z</time>
      </trkpt>
      <trkpt lat="44.17613" lon="7.693059">
        <ele>2225.2</ele>
        <time>2026-07-25T04:39:26Z</time>
      </trkpt>
      <trkpt lat="44.176128" lon="7.693061">
        <ele>2225.4</ele>
        <time>2026-07-25T04:39:28Z</time>
      </trkpt>
      <trkpt lat="44.176123" lon="7.693073">
        <ele>2225.8</ele>
        <time>2026-07-25T04:39:32Z</time>
      </trkpt>
      <trkpt lat="44.176127" lon="7.69307">
        <ele>2225.8</ele>
        <time>2026-07-25T04:39:35Z</time>
      </trkpt>
      <trkpt lat="44.176125" lon="7.693051">
        <ele>2226.4</ele>
        <time>2026-07-25T04:39:39Z</time>
      </trkpt>
      <trkpt lat="44.176119" lon="7.693036">
        <ele>2227.2</ele>
        <time>2026-07-25T04:39:42Z</time>
      </trkpt>
      <trkpt lat="44.176117" lon="7.69303">
        <ele>2227.6</ele>
        <time>2026-07-25T04:39:44Z</time>
      </trkpt>
      <trkpt lat="44.176119" lon="7.69299">
        <ele>2228.6</ele>
        <time>2026-07-25T04:39:52Z</time>
      </trkpt>
      <trkpt lat="44.176165" lon="7.693025">
        <ele>2229.0</ele>
        <time>2026-07-25T04:39:59Z</time>
      </trkpt>
      <trkpt lat="44.176144" lon="7.692991">
        <ele>2229.4</ele>
        <time>2026-07-25T04:40:02Z</time>
      </trkpt>
      <trkpt lat="44.176137" lon="7.692981">
        <ele>2229.6</ele>
        <time>2026-07-25T04:40:03Z</time>
      </trkpt>
      <trkpt lat="44.176131" lon="7.692967">
        <ele>2229.8</ele>
        <time>2026-07-25T04:40:04Z</time>
      </trkpt>
      <trkpt lat="44.176129" lon="7.692931">
        <ele>2230.2</ele>
        <time>2026-07-25T04:40:10Z</time>
      </trkpt>
      <trkpt lat="44.176128" lon="7.692933">
        <ele>2230.4</ele>
        <time>2026-07-25T04:40:12Z</time>
      </trkpt>
      <trkpt lat="44.176128" lon="7.692938">
        <ele>2230.6</ele>
        <time>2026-07-25T04:40:13Z</time>
      </trkpt>
      <trkpt lat="44.17612" lon="7.692939">
        <ele>2231.6</ele>
        <time>2026-07-25T04:40:18Z</time>
      </trkpt>
      <trkpt lat="44.176115" lon="7.692946">
        <ele>2232.0</ele>
        <time>2026-07-25T04:40:20Z</time>
      </trkpt>
      <trkpt lat="44.176105" lon="7.692947">
        <ele>2232.8</ele>
        <time>2026-07-25T04:40:24Z</time>
      </trkpt>
      <trkpt lat="44.176094" lon="7.692943">
        <ele>2233.4</ele>
        <time>2026-07-25T04:40:27Z</time>
      </trkpt>
      <trkpt lat="44.176102" lon="7.69294">
        <ele>2233.8</ele>
        <time>2026-07-25T04:40:29Z</time>
      </trkpt>
      <trkpt lat="44.176093" lon="7.692924">
        <ele>2234.2</ele>
        <time>2026-07-25T04:40:34Z</time>
      </trkpt>
      <trkpt lat="44.176088" lon="7.692925">
        <ele>2235.0</ele>
        <time>2026-07-25T04:40:38Z</time>
      </trkpt>
      <trkpt lat="44.176089" lon="7.692942">
        <ele>2235.4</ele>
        <time>2026-07-25T04:40:41Z</time>
      </trkpt>
      <trkpt lat="44.176078" lon="7.692965">
        <ele>2236.0</ele>
        <time>2026-07-25T04:40:45Z</time>
      </trkpt>
      <trkpt lat="44.176065" lon="7.692947">
        <ele>2236.4</ele>
        <time>2026-07-25T04:40:48Z</time>
      </trkpt>
      <trkpt lat="44.176055" lon="7.692929">
        <ele>2237.0</ele>
        <time>2026-07-25T04:40:51Z</time>
      </trkpt>
      <trkpt lat="44.176029" lon="7.692906">
        <ele>2237.8</ele>
        <time>2026-07-25T04:40:57Z</time>
      </trkpt>
      <trkpt lat="44.176016" lon="7.692912">
        <ele>2238.2</ele>
        <time>2026-07-25T04:41:00Z</time>
      </trkpt>
      <trkpt lat="44.176032" lon="7.69291">
        <ele>2239.0</ele>
        <time>2026-07-25T04:41:05Z</time>
      </trkpt>
      <trkpt lat="44.176038" lon="7.692899">
        <ele>2239.2</ele>
        <time>2026-07-25T04:41:06Z</time>
      </trkpt>
      <trkpt lat="44.176073" lon="7.692864">
        <ele>2240.2</ele>
        <time>2026-07-25T04:41:11Z</time>
      </trkpt>
      <trkpt lat="44.176074" lon="7.692857">
        <ele>2240.2</ele>
        <time>2026-07-25T04:41:12Z</time>
      </trkpt>
      <trkpt lat="44.176051" lon="7.692854">
        <ele>2241.2</ele>
        <time>2026-07-25T04:41:17Z</time>
      </trkpt>
      <trkpt lat="44.176046" lon="7.692854">
        <ele>2241.2</ele>
        <time>2026-07-25T04:41:18Z</time>
      </trkpt>
      <trkpt lat="44.176006" lon="7.692856">
        <ele>2242.4</ele>
        <time>2026-07-25T04:41:24Z</time>
      </trkpt>
      <trkpt lat="44.175988" lon="7.692858">
        <ele>2242.8</ele>
        <time>2026-07-25T04:41:26Z</time>
      </trkpt>
      <trkpt lat="44.17597" lon="7.692864">
        <ele>2243.6</ele>
        <time>2026-07-25T04:41:30Z</time>
      </trkpt>
      <trkpt lat="44.175946" lon="7.692879">
        <ele>2244.4</ele>
        <time>2026-07-25T04:41:35Z</time>
      </trkpt>
      <trkpt lat="44.175942" lon="7.69289">
        <ele>2244.8</ele>
        <time>2026-07-25T04:41:37Z</time>
      </trkpt>
      <trkpt lat="44.175962" lon="7.692904">
        <ele>2246.0</ele>
        <time>2026-07-25T04:41:42Z</time>
      </trkpt>
      <trkpt lat="44.175961" lon="7.692901">
        <ele>2246.0</ele>
        <time>2026-07-25T04:41:43Z</time>
      </trkpt>
      <trkpt lat="44.175949" lon="7.692863">
        <ele>2246.2</ele>
        <time>2026-07-25T04:41:51Z</time>
      </trkpt>
      <trkpt lat="44.175964" lon="7.692907">
        <ele>2246.6</ele>
        <time>2026-07-25T04:41:57Z</time>
      </trkpt>
      <trkpt lat="44.175963" lon="7.692894">
        <ele>2246.6</ele>
        <time>2026-07-25T04:42:04Z</time>
      </trkpt>
      <trkpt lat="44.175979" lon="7.692853">
        <ele>2246.8</ele>
        <time>2026-07-25T04:42:10Z</time>
      </trkpt>
      <trkpt lat="44.175977" lon="7.692851">
        <ele>2247.0</ele>
        <time>2026-07-25T04:42:11Z</time>
      </trkpt>
      <trkpt lat="44.17594" lon="7.692851">
        <ele>2248.0</ele>
        <time>2026-07-25T04:42:17Z</time>
      </trkpt>
      <trkpt lat="44.175911" lon="7.692869">
        <ele>2249.0</ele>
        <time>2026-07-25T04:42:22Z</time>
      </trkpt>
      <trkpt lat="44.175912" lon="7.692871">
        <ele>2250.0</ele>
        <time>2026-07-25T04:42:26Z</time>
      </trkpt>
      <trkpt lat="44.17591" lon="7.692872">
        <ele>2250.2</ele>
        <time>2026-07-25T04:42:28Z</time>
      </trkpt>
      <trkpt lat="44.175895" lon="7.692891">
        <ele>2251.4</ele>
        <time>2026-07-25T04:42:35Z</time>
      </trkpt>
      <trkpt lat="44.175873" lon="7.692894">
        <ele>2252.4</ele>
        <time>2026-07-25T04:42:40Z</time>
      </trkpt>
      <trkpt lat="44.175842" lon="7.692901">
        <ele>2252.6</ele>
        <time>2026-07-25T04:42:44Z</time>
      </trkpt>
      <trkpt lat="44.175859" lon="7.692895">
        <ele>2253.4</ele>
        <time>2026-07-25T04:42:50Z</time>
      </trkpt>
      <trkpt lat="44.175861" lon="7.69289">
        <ele>2254.2</ele>
        <time>2026-07-25T04:42:53Z</time>
      </trkpt>
      <trkpt lat="44.175859" lon="7.692884">
        <ele>2254.8</ele>
        <time>2026-07-25T04:42:55Z</time>
      </trkpt>
      <trkpt lat="44.17588" lon="7.692865">
        <ele>2255.4</ele>
        <time>2026-07-25T04:42:59Z</time>
      </trkpt>
      <trkpt lat="44.175893" lon="7.692839">
        <ele>2255.6</ele>
        <time>2026-07-25T04:43:05Z</time>
      </trkpt>
      <trkpt lat="44.175912" lon="7.692832">
        <ele>2255.8</ele>
        <time>2026-07-25T04:43:07Z</time>
      </trkpt>
      <trkpt lat="44.175931" lon="7.692826">
        <ele>2255.8</ele>
        <time>2026-07-25T04:43:09Z</time>
      </trkpt>
      <trkpt lat="44.175944" lon="7.692841">
        <ele>2255.8</ele>
        <time>2026-07-25T04:43:12Z</time>
      </trkpt>
      <trkpt lat="44.175908" lon="7.692787">
        <ele>2256.4</ele>
        <time>2026-07-25T04:43:22Z</time>
      </trkpt>
      <trkpt lat="44.175893" lon="7.692777">
        <ele>2256.6</ele>
        <time>2026-07-25T04:43:29Z</time>
      </trkpt>
      <trkpt lat="44.175893" lon="7.69279">
        <ele>2256.8</ele>
        <time>2026-07-25T04:43:31Z</time>
      </trkpt>
      <trkpt lat="44.175894" lon="7.692789">
        <ele>2256.8</ele>
        <time>2026-07-25T04:43:32Z</time>
      </trkpt>
      <trkpt lat="44.175907" lon="7.69282">
        <ele>2257.0</ele>
        <time>2026-07-25T04:43:38Z</time>
      </trkpt>
      <trkpt lat="44.175901" lon="7.692844">
        <ele>2257.0</ele>
        <time>2026-07-25T04:43:41Z</time>
      </trkpt>
      <trkpt lat="44.175841" lon="7.692916">
        <ele>2257.6</ele>
        <time>2026-07-25T04:43:49Z</time>
      </trkpt>
      <trkpt lat="44.175847" lon="7.692893">
        <ele>2257.8</ele>
        <time>2026-07-25T04:43:50Z</time>
      </trkpt>
      <trkpt lat="44.175854" lon="7.692863">
        <ele>2258.4</ele>
        <time>2026-07-25T04:43:53Z</time>
      </trkpt>
      <trkpt lat="44.175857" lon="7.692837">
        <ele>2259.0</ele>
        <time>2026-07-25T04:43:56Z</time>
      </trkpt>
      <trkpt lat="44.175854" lon="7.692844">
        <ele>2259.6</ele>
        <time>2026-07-25T04:44:00Z</time>
      </trkpt>
      <trkpt lat="44.175851" lon="7.692842">
        <ele>2260.2</ele>
        <time>2026-07-25T04:44:04Z</time>
      </trkpt>
      <trkpt lat="44.175844" lon="7.692834">
        <ele>2260.6</ele>
        <time>2026-07-25T04:44:07Z</time>
      </trkpt>
      <trkpt lat="44.175828" lon="7.692787">
        <ele>2261.2</ele>
        <time>2026-07-25T04:44:13Z</time>
      </trkpt>
      <trkpt lat="44.175821" lon="7.692787">
        <ele>2261.4</ele>
        <time>2026-07-25T04:44:14Z</time>
      </trkpt>
      <trkpt lat="44.175821" lon="7.692793">
        <ele>2262.2</ele>
        <time>2026-07-25T04:44:20Z</time>
      </trkpt>
      <trkpt lat="44.175772" lon="7.692779">
        <ele>2263.2</ele>
        <time>2026-07-25T04:44:27Z</time>
      </trkpt>
      <trkpt lat="44.175763" lon="7.69278">
        <ele>2263.4</ele>
        <time>2026-07-25T04:44:29Z</time>
      </trkpt>
      <trkpt lat="44.175765" lon="7.69278">
        <ele>2263.6</ele>
        <time>2026-07-25T04:44:31Z</time>
      </trkpt>
      <trkpt lat="44.175761" lon="7.692782">
        <ele>2264.4</ele>
        <time>2026-07-25T04:44:36Z</time>
      </trkpt>
      <trkpt lat="44.175756" lon="7.692785">
        <ele>2264.4</ele>
        <time>2026-07-25T04:44:37Z</time>
      </trkpt>
      <trkpt lat="44.175747" lon="7.69279">
        <ele>2265.4</ele>
        <time>2026-07-25T04:44:42Z</time>
      </trkpt>
      <trkpt lat="44.175746" lon="7.692786">
        <ele>2265.6</ele>
        <time>2026-07-25T04:44:43Z</time>
      </trkpt>
      <trkpt lat="44.175743" lon="7.692774">
        <ele>2266.6</ele>
        <time>2026-07-25T04:44:47Z</time>
      </trkpt>
      <trkpt lat="44.17573" lon="7.69277">
        <ele>2267.0</ele>
        <time>2026-07-25T04:44:49Z</time>
      </trkpt>
      <trkpt lat="44.17571" lon="7.692739">
        <ele>2267.2</ele>
        <time>2026-07-25T04:44:53Z</time>
      </trkpt>
      <trkpt lat="44.175708" lon="7.692735">
        <ele>2267.4</ele>
        <time>2026-07-25T04:44:56Z</time>
      </trkpt>
      <trkpt lat="44.17571" lon="7.692737">
        <ele>2267.6</ele>
        <time>2026-07-25T04:44:58Z</time>
      </trkpt>
      <trkpt lat="44.175709" lon="7.692744">
        <ele>2267.6</ele>
        <time>2026-07-25T04:45:04Z</time>
      </trkpt>
      <trkpt lat="44.175711" lon="7.692752">
        <ele>2267.8</ele>
        <time>2026-07-25T04:45:09Z</time>
      </trkpt>
      <trkpt lat="44.175714" lon="7.69275">
        <ele>2268.0</ele>
        <time>2026-07-25T04:45:11Z</time>
      </trkpt>
      <trkpt lat="44.175729" lon="7.692757">
        <ele>2268.6</ele>
        <time>2026-07-25T04:45:19Z</time>
      </trkpt>
      <trkpt lat="44.175744" lon="7.692758">
        <ele>2269.0</ele>
        <time>2026-07-25T04:45:21Z</time>
      </trkpt>
      <trkpt lat="44.175758" lon="7.692753">
        <ele>2269.8</ele>
        <time>2026-07-25T04:45:25Z</time>
      </trkpt>
      <trkpt lat="44.175754" lon="7.692759">
        <ele>2270.0</ele>
        <time>2026-07-25T04:45:27Z</time>
      </trkpt>
      <trkpt lat="44.175738" lon="7.692747">
        <ele>2271.0</ele>
        <time>2026-07-25T04:45:32Z</time>
      </trkpt>
      <trkpt lat="44.175737" lon="7.692744">
        <ele>2271.4</ele>
        <time>2026-07-25T04:45:34Z</time>
      </trkpt>
      <trkpt lat="44.17573" lon="7.692734">
        <ele>2272.0</ele>
        <time>2026-07-25T04:45:37Z</time>
      </trkpt>
      <trkpt lat="44.175739" lon="7.69273">
        <ele>2272.2</ele>
        <time>2026-07-25T04:45:39Z</time>
      </trkpt>
      <trkpt lat="44.175764" lon="7.692727">
        <ele>2273.0</ele>
        <time>2026-07-25T04:45:45Z</time>
      </trkpt>
      <trkpt lat="44.175764" lon="7.692722">
        <ele>2273.0</ele>
        <time>2026-07-25T04:45:46Z</time>
      </trkpt>
      <trkpt lat="44.175763" lon="7.69269">
        <ele>2274.0</ele>
        <time>2026-07-25T04:45:52Z</time>
      </trkpt>
      <trkpt lat="44.175762" lon="7.692682">
        <ele>2274.2</ele>
        <time>2026-07-25T04:45:53Z</time>
      </trkpt>
      <trkpt lat="44.175757" lon="7.69263">
        <ele>2275.0</ele>
        <time>2026-07-25T04:46:00Z</time>
      </trkpt>
      <trkpt lat="44.175744" lon="7.692634">
        <ele>2275.2</ele>
        <time>2026-07-25T04:46:03Z</time>
      </trkpt>
      <trkpt lat="44.175736" lon="7.692645">
        <ele>2275.6</ele>
        <time>2026-07-25T04:46:06Z</time>
      </trkpt>
      <trkpt lat="44.175716" lon="7.69266">
        <ele>2276.2</ele>
        <time>2026-07-25T04:46:11Z</time>
      </trkpt>
      <trkpt lat="44.175683" lon="7.692676">
        <ele>2277.2</ele>
        <time>2026-07-25T04:46:18Z</time>
      </trkpt>
      <trkpt lat="44.175678" lon="7.692677">
        <ele>2277.4</ele>
        <time>2026-07-25T04:46:19Z</time>
      </trkpt>
      <trkpt lat="44.175708" lon="7.692663">
        <ele>2278.0</ele>
        <time>2026-07-25T04:46:24Z</time>
      </trkpt>
      <trkpt lat="44.175714" lon="7.692659">
        <ele>2278.2</ele>
        <time>2026-07-25T04:46:29Z</time>
      </trkpt>
      <trkpt lat="44.175702" lon="7.692655">
        <ele>2278.6</ele>
        <time>2026-07-25T04:46:32Z</time>
      </trkpt>
      <trkpt lat="44.175686" lon="7.692638">
        <ele>2279.4</ele>
        <time>2026-07-25T04:46:36Z</time>
      </trkpt>
      <trkpt lat="44.175674" lon="7.692626">
        <ele>2279.6</ele>
        <time>2026-07-25T04:46:37Z</time>
      </trkpt>
      <trkpt lat="44.175662" lon="7.692619">
        <ele>2280.8</ele>
        <time>2026-07-25T04:46:41Z</time>
      </trkpt>
      <trkpt lat="44.175658" lon="7.692608">
        <ele>2281.0</ele>
        <time>2026-07-25T04:46:46Z</time>
      </trkpt>
      <trkpt lat="44.175658" lon="7.692605">
        <ele>2281.0</ele>
        <time>2026-07-25T04:46:47Z</time>
      </trkpt>
      <trkpt lat="44.175662" lon="7.692602">
        <ele>2281.2</ele>
        <time>2026-07-25T04:46:49Z</time>
      </trkpt>
      <trkpt lat="44.175663" lon="7.692603">
        <ele>2281.2</ele>
        <time>2026-07-25T04:46:50Z</time>
      </trkpt>
      <trkpt lat="44.17567" lon="7.692604">
        <ele>2281.2</ele>
        <time>2026-07-25T04:46:51Z</time>
      </trkpt>
      <trkpt lat="44.175676" lon="7.692606">
        <ele>2281.6</ele>
        <time>2026-07-25T04:46:57Z</time>
      </trkpt>
      <trkpt lat="44.175666" lon="7.692626">
        <ele>2282.0</ele>
        <time>2026-07-25T04:47:00Z</time>
      </trkpt>
      <trkpt lat="44.175663" lon="7.692609">
        <ele>2282.2</ele>
        <time>2026-07-25T04:47:04Z</time>
      </trkpt>
      <trkpt lat="44.175651" lon="7.6926">
        <ele>2283.2</ele>
        <time>2026-07-25T04:47:09Z</time>
      </trkpt>
      <trkpt lat="44.175643" lon="7.69261">
        <ele>2283.4</ele>
        <time>2026-07-25T04:47:11Z</time>
      </trkpt>
      <trkpt lat="44.175629" lon="7.692642">
        <ele>2284.2</ele>
        <time>2026-07-25T04:47:15Z</time>
      </trkpt>
      <trkpt lat="44.175623" lon="7.692653">
        <ele>2284.6</ele>
        <time>2026-07-25T04:47:17Z</time>
      </trkpt>
      <trkpt lat="44.175625" lon="7.692654">
        <ele>2285.0</ele>
        <time>2026-07-25T04:47:23Z</time>
      </trkpt>
      <trkpt lat="44.175628" lon="7.692637">
        <ele>2285.2</ele>
        <time>2026-07-25T04:47:25Z</time>
      </trkpt>
      <trkpt lat="44.175627" lon="7.692627">
        <ele>2285.4</ele>
        <time>2026-07-25T04:47:26Z</time>
      </trkpt>
      <trkpt lat="44.175632" lon="7.692595">
        <ele>2286.4</ele>
        <time>2026-07-25T04:47:30Z</time>
      </trkpt>
      <trkpt lat="44.175623" lon="7.692601">
        <ele>2287.0</ele>
        <time>2026-07-25T04:47:32Z</time>
      </trkpt>
      <trkpt lat="44.175616" lon="7.692605">
        <ele>2287.4</ele>
        <time>2026-07-25T04:47:34Z</time>
      </trkpt>
      <trkpt lat="44.1756" lon="7.692593">
        <ele>2288.4</ele>
        <time>2026-07-25T04:47:40Z</time>
      </trkpt>
      <trkpt lat="44.175596" lon="7.692595">
        <ele>2288.6</ele>
        <time>2026-07-25T04:47:41Z</time>
      </trkpt>
      <trkpt lat="44.175611" lon="7.692602">
        <ele>2288.8</ele>
        <time>2026-07-25T04:47:46Z</time>
      </trkpt>
      <trkpt lat="44.175611" lon="7.692602">
        <ele>2289.2</ele>
        <time>2026-07-25T04:47:48Z</time>
      </trkpt>
      <trkpt lat="44.175614" lon="7.6926">
        <ele>2289.6</ele>
        <time>2026-07-25T04:47:50Z</time>
      </trkpt>
      <trkpt lat="44.175601" lon="7.692567">
        <ele>2290.4</ele>
        <time>2026-07-25T04:47:56Z</time>
      </trkpt>
      <trkpt lat="44.175594" lon="7.692555">
        <ele>2290.8</ele>
        <time>2026-07-25T04:47:58Z</time>
      </trkpt>
      <trkpt lat="44.175603" lon="7.692549">
        <ele>2291.2</ele>
        <time>2026-07-25T04:48:00Z</time>
      </trkpt>
      <trkpt lat="44.175606" lon="7.692546">
        <ele>2291.8</ele>
        <time>2026-07-25T04:48:02Z</time>
      </trkpt>
      <trkpt lat="44.175593" lon="7.692538">
        <ele>2292.8</ele>
        <time>2026-07-25T04:48:06Z</time>
      </trkpt>
      <trkpt lat="44.175585" lon="7.692532">
        <ele>2293.2</ele>
        <time>2026-07-25T04:48:07Z</time>
      </trkpt>
      <trkpt lat="44.175588" lon="7.692542">
        <ele>2293.8</ele>
        <time>2026-07-25T04:48:09Z</time>
      </trkpt>
      <trkpt lat="44.175582" lon="7.692553">
        <ele>2294.6</ele>
        <time>2026-07-25T04:48:12Z</time>
      </trkpt>
      <trkpt lat="44.175577" lon="7.692554">
        <ele>2295.0</ele>
        <time>2026-07-25T04:48:14Z</time>
      </trkpt>
      <trkpt lat="44.175568" lon="7.692557">
        <ele>2295.6</ele>
        <time>2026-07-25T04:48:18Z</time>
      </trkpt>
      <trkpt lat="44.175559" lon="7.692547">
        <ele>2296.0</ele>
        <time>2026-07-25T04:48:20Z</time>
      </trkpt>
      <trkpt lat="44.175563" lon="7.692532">
        <ele>2296.8</ele>
        <time>2026-07-25T04:48:23Z</time>
      </trkpt>
      <trkpt lat="44.175563" lon="7.692531">
        <ele>2297.2</ele>
        <time>2026-07-25T04:48:24Z</time>
      </trkpt>
      <trkpt lat="44.175538" lon="7.692545">
        <ele>2298.2</ele>
        <time>2026-07-25T04:48:30Z</time>
      </trkpt>
      <trkpt lat="44.175536" lon="7.69255">
        <ele>2298.4</ele>
        <time>2026-07-25T04:48:31Z</time>
      </trkpt>
      <trkpt lat="44.175533" lon="7.692558">
        <ele>2299.6</ele>
        <time>2026-07-25T04:48:36Z</time>
      </trkpt>
      <trkpt lat="44.175532" lon="7.692557">
        <ele>2299.8</ele>
        <time>2026-07-25T04:48:37Z</time>
      </trkpt>
      <trkpt lat="44.175517" lon="7.692563">
        <ele>2300.8</ele>
        <time>2026-07-25T04:48:41Z</time>
      </trkpt>
      <trkpt lat="44.175485" lon="7.692551">
        <ele>2302.0</ele>
        <time>2026-07-25T04:48:48Z</time>
      </trkpt>
      <trkpt lat="44.175496" lon="7.692541">
        <ele>2303.0</ele>
        <time>2026-07-25T04:48:53Z</time>
      </trkpt>
      <trkpt lat="44.175493" lon="7.692532">
        <ele>2303.4</ele>
        <time>2026-07-25T04:48:55Z</time>
      </trkpt>
      <trkpt lat="44.175499" lon="7.692495">
        <ele>2304.0</ele>
        <time>2026-07-25T04:49:00Z</time>
      </trkpt>
      <trkpt lat="44.175505" lon="7.692492">
        <ele>2304.4</ele>
        <time>2026-07-25T04:49:02Z</time>
      </trkpt>
      <trkpt lat="44.175497" lon="7.69248">
        <ele>2305.0</ele>
        <time>2026-07-25T04:49:09Z</time>
      </trkpt>
      <trkpt lat="44.175501" lon="7.692487">
        <ele>2305.2</ele>
        <time>2026-07-25T04:49:10Z</time>
      </trkpt>
      <trkpt lat="44.175486" lon="7.692503">
        <ele>2306.2</ele>
        <time>2026-07-25T04:49:14Z</time>
      </trkpt>
      <trkpt lat="44.175499" lon="7.692516">
        <ele>2306.6</ele>
        <time>2026-07-25T04:49:17Z</time>
      </trkpt>
      <trkpt lat="44.17551" lon="7.692518">
        <ele>2307.0</ele>
        <time>2026-07-25T04:49:23Z</time>
      </trkpt>
      <trkpt lat="44.175511" lon="7.692519">
        <ele>2307.2</ele>
        <time>2026-07-25T04:49:25Z</time>
      </trkpt>
      <trkpt lat="44.175508" lon="7.692525">
        <ele>2307.6</ele>
        <time>2026-07-25T04:49:29Z</time>
      </trkpt>
      <trkpt lat="44.175481" lon="7.692524">
        <ele>2308.4</ele>
        <time>2026-07-25T04:49:35Z</time>
      </trkpt>
      <trkpt lat="44.175471" lon="7.692525">
        <ele>2308.8</ele>
        <time>2026-07-25T04:49:36Z</time>
      </trkpt>
      <trkpt lat="44.175457" lon="7.69255">
        <ele>2309.4</ele>
        <time>2026-07-25T04:49:42Z</time>
      </trkpt>
      <trkpt lat="44.175455" lon="7.692554">
        <ele>2309.6</ele>
        <time>2026-07-25T04:49:43Z</time>
      </trkpt>
      <trkpt lat="44.17544" lon="7.692557">
        <ele>2310.6</ele>
        <time>2026-07-25T04:49:48Z</time>
      </trkpt>
      <trkpt lat="44.175441" lon="7.692551">
        <ele>2310.8</ele>
        <time>2026-07-25T04:49:49Z</time>
      </trkpt>
      <trkpt lat="44.175442" lon="7.69254">
        <ele>2311.8</ele>
        <time>2026-07-25T04:49:55Z</time>
      </trkpt>
      <trkpt lat="44.17544" lon="7.692532">
        <ele>2313.0</ele>
        <time>2026-07-25T04:49:59Z</time>
      </trkpt>
      <trkpt lat="44.175437" lon="7.692525">
        <ele>2313.6</ele>
        <time>2026-07-25T04:50:02Z</time>
      </trkpt>
      <trkpt lat="44.175428" lon="7.692525">
        <ele>2314.0</ele>
        <time>2026-07-25T04:50:04Z</time>
      </trkpt>
      <trkpt lat="44.175424" lon="7.692514">
        <ele>2314.8</ele>
        <time>2026-07-25T04:50:07Z</time>
      </trkpt>
      <trkpt lat="44.175423" lon="7.692502">
        <ele>2315.2</ele>
        <time>2026-07-25T04:50:09Z</time>
      </trkpt>
      <trkpt lat="44.175432" lon="7.692518">
        <ele>2315.8</ele>
        <time>2026-07-25T04:50:16Z</time>
      </trkpt>
      <trkpt lat="44.175439" lon="7.692511">
        <ele>2316.2</ele>
        <time>2026-07-25T04:50:19Z</time>
      </trkpt>
      <trkpt lat="44.175431" lon="7.692494">
        <ele>2317.0</ele>
        <time>2026-07-25T04:50:22Z</time>
      </trkpt>
      <trkpt lat="44.175435" lon="7.692491">
        <ele>2317.6</ele>
        <time>2026-07-25T04:50:24Z</time>
      </trkpt>
      <trkpt lat="44.175447" lon="7.692488">
        <ele>2318.2</ele>
        <time>2026-07-25T04:50:27Z</time>
      </trkpt>
      <trkpt lat="44.175457" lon="7.692504">
        <ele>2318.2</ele>
        <time>2026-07-25T04:50:30Z</time>
      </trkpt>
      <trkpt lat="44.175453" lon="7.692488">
        <ele>2318.6</ele>
        <time>2026-07-25T04:50:32Z</time>
      </trkpt>
      <trkpt lat="44.17544" lon="7.692485">
        <ele>2319.0</ele>
        <time>2026-07-25T04:50:34Z</time>
      </trkpt>
      <trkpt lat="44.175433" lon="7.692472">
        <ele>2319.8</ele>
        <time>2026-07-25T04:50:37Z</time>
      </trkpt>
      <trkpt lat="44.175434" lon="7.692474">
        <ele>2320.2</ele>
        <time>2026-07-25T04:50:39Z</time>
      </trkpt>
      <trkpt lat="44.175442" lon="7.69248">
        <ele>2320.8</ele>
        <time>2026-07-25T04:50:44Z</time>
      </trkpt>
      <trkpt lat="44.175441" lon="7.692475">
        <ele>2321.0</ele>
        <time>2026-07-25T04:50:45Z</time>
      </trkpt>
      <trkpt lat="44.17542" lon="7.692442">
        <ele>2321.8</ele>
        <time>2026-07-25T04:50:51Z</time>
      </trkpt>
      <trkpt lat="44.175433" lon="7.692414">
        <ele>2322.6</ele>
        <time>2026-07-25T04:50:58Z</time>
      </trkpt>
      <trkpt lat="44.175442" lon="7.692414">
        <ele>2323.0</ele>
        <time>2026-07-25T04:51:00Z</time>
      </trkpt>
      <trkpt lat="44.175441" lon="7.692403">
        <ele>2323.6</ele>
        <time>2026-07-25T04:51:03Z</time>
      </trkpt>
      <trkpt lat="44.175444" lon="7.692399">
        <ele>2324.2</ele>
        <time>2026-07-25T04:51:05Z</time>
      </trkpt>
      <trkpt lat="44.175544" lon="7.692367">
        <ele>2325.0</ele>
        <time>2026-07-25T04:51:11Z</time>
      </trkpt>
      <trkpt lat="44.17564" lon="7.69232">
        <ele>2325.2</ele>
        <time>2026-07-25T04:51:16Z</time>
      </trkpt>
      <trkpt lat="44.175651" lon="7.692285">
        <ele>2326.2</ele>
        <time>2026-07-25T04:51:23Z</time>
      </trkpt>
      <trkpt lat="44.175657" lon="7.692283">
        <ele>2326.2</ele>
        <time>2026-07-25T04:51:24Z</time>
      </trkpt>
      <trkpt lat="44.175657" lon="7.692266">
        <ele>2326.8</ele>
        <time>2026-07-25T04:51:28Z</time>
      </trkpt>
      <trkpt lat="44.175666" lon="7.692238">
        <ele>2327.4</ele>
        <time>2026-07-25T04:51:30Z</time>
      </trkpt>
      <trkpt lat="44.17565" lon="7.69224">
        <ele>2328.0</ele>
        <time>2026-07-25T04:51:33Z</time>
      </trkpt>
      <trkpt lat="44.175633" lon="7.692258">
        <ele>2328.2</ele>
        <time>2026-07-25T04:51:35Z</time>
      </trkpt>
      <trkpt lat="44.175597" lon="7.692303">
        <ele>2328.6</ele>
        <time>2026-07-25T04:51:37Z</time>
      </trkpt>
      <trkpt lat="44.175564" lon="7.692302">
        <ele>2329.6</ele>
        <time>2026-07-25T04:51:41Z</time>
      </trkpt>
      <trkpt lat="44.17551" lon="7.692302">
        <ele>2329.4</ele>
        <time>2026-07-25T04:51:48Z</time>
      </trkpt>
      <trkpt lat="44.175442" lon="7.692312">
        <ele>2329.4</ele>
        <time>2026-07-25T04:51:53Z</time>
      </trkpt>
      <trkpt lat="44.175427" lon="7.692316">
        <ele>2329.6</ele>
        <time>2026-07-25T04:51:56Z</time>
      </trkpt>
      <trkpt lat="44.175417" lon="7.692329">
        <ele>2329.6</ele>
        <time>2026-07-25T04:51:57Z</time>
      </trkpt>
      <trkpt lat="44.175387" lon="7.69233">
        <ele>2329.6</ele>
        <time>2026-07-25T04:52:01Z</time>
      </trkpt>
      <trkpt lat="44.175366" lon="7.692319">
        <ele>2329.8</ele>
        <time>2026-07-25T04:52:04Z</time>
      </trkpt>
      <trkpt lat="44.175362" lon="7.692326">
        <ele>2329.8</ele>
        <time>2026-07-25T04:52:06Z</time>
      </trkpt>
      <trkpt lat="44.175344" lon="7.692321">
        <ele>2330.2</ele>
        <time>2026-07-25T04:52:10Z</time>
      </trkpt>
      <trkpt lat="44.175335" lon="7.69232">
        <ele>2330.4</ele>
        <time>2026-07-25T04:52:13Z</time>
      </trkpt>
      <trkpt lat="44.175322" lon="7.692314">
        <ele>2330.8</ele>
        <time>2026-07-25T04:52:15Z</time>
      </trkpt>
      <trkpt lat="44.175302" lon="7.692316">
        <ele>2331.0</ele>
        <time>2026-07-25T04:52:19Z</time>
      </trkpt>
      <trkpt lat="44.17529" lon="7.692317">
        <ele>2331.8</ele>
        <time>2026-07-25T04:52:24Z</time>
      </trkpt>
      <trkpt lat="44.175284" lon="7.692312">
        <ele>2331.8</ele>
        <time>2026-07-25T04:52:25Z</time>
      </trkpt>
      <trkpt lat="44.175279" lon="7.692306">
        <ele>2332.4</ele>
        <time>2026-07-25T04:52:29Z</time>
      </trkpt>
      <trkpt lat="44.175277" lon="7.692293">
        <ele>2332.8</ele>
        <time>2026-07-25T04:52:32Z</time>
      </trkpt>
      <trkpt lat="44.175278" lon="7.692283">
        <ele>2333.6</ele>
        <time>2026-07-25T04:52:35Z</time>
      </trkpt>
      <trkpt lat="44.175275" lon="7.692271">
        <ele>2334.0</ele>
        <time>2026-07-25T04:52:37Z</time>
      </trkpt>
      <trkpt lat="44.175268" lon="7.692248">
        <ele>2334.4</ele>
        <time>2026-07-25T04:52:39Z</time>
      </trkpt>
      <trkpt lat="44.175258" lon="7.692237">
        <ele>2334.8</ele>
        <time>2026-07-25T04:52:46Z</time>
      </trkpt>
      <trkpt lat="44.175253" lon="7.692209">
        <ele>2335.0</ele>
        <time>2026-07-25T04:52:49Z</time>
      </trkpt>
      <trkpt lat="44.175254" lon="7.692203">
        <ele>2335.2</ele>
        <time>2026-07-25T04:52:50Z</time>
      </trkpt>
      <trkpt lat="44.175258" lon="7.692167">
        <ele>2336.4</ele>
        <time>2026-07-25T04:52:54Z</time>
      </trkpt>
      <trkpt lat="44.175258" lon="7.692154">
        <ele>2336.6</ele>
        <time>2026-07-25T04:52:55Z</time>
      </trkpt>
      <trkpt lat="44.175265" lon="7.692113">
        <ele>2337.4</ele>
        <time>2026-07-25T04:52:59Z</time>
      </trkpt>
      <trkpt lat="44.175267" lon="7.692109">
        <ele>2337.6</ele>
        <time>2026-07-25T04:53:00Z</time>
      </trkpt>
      <trkpt lat="44.175261" lon="7.6921">
        <ele>2338.6</ele>
        <time>2026-07-25T04:53:05Z</time>
      </trkpt>
      <trkpt lat="44.175258" lon="7.692091">
        <ele>2339.2</ele>
        <time>2026-07-25T04:53:08Z</time>
      </trkpt>
      <trkpt lat="44.175259" lon="7.69207">
        <ele>2339.6</ele>
        <time>2026-07-25T04:53:10Z</time>
      </trkpt>
      <trkpt lat="44.175267" lon="7.692046">
        <ele>2340.2</ele>
        <time>2026-07-25T04:53:14Z</time>
      </trkpt>
      <trkpt lat="44.175274" lon="7.692035">
        <ele>2340.8</ele>
        <time>2026-07-25T04:53:17Z</time>
      </trkpt>
      <trkpt lat="44.175283" lon="7.692032">
        <ele>2341.4</ele>
        <time>2026-07-25T04:53:20Z</time>
      </trkpt>
      <trkpt lat="44.175299" lon="7.692038">
        <ele>2341.6</ele>
        <time>2026-07-25T04:53:23Z</time>
      </trkpt>
      <trkpt lat="44.175308" lon="7.692063">
        <ele>2341.4</ele>
        <time>2026-07-25T04:53:26Z</time>
      </trkpt>
      <trkpt lat="44.175293" lon="7.692128">
        <ele>2341.4</ele>
        <time>2026-07-25T04:53:32Z</time>
      </trkpt>
      <trkpt lat="44.175279" lon="7.69215">
        <ele>2341.8</ele>
        <time>2026-07-25T04:53:36Z</time>
      </trkpt>
      <trkpt lat="44.175262" lon="7.692187">
        <ele>2341.8</ele>
        <time>2026-07-25T04:53:38Z</time>
      </trkpt>
      <trkpt lat="44.175254" lon="7.692195">
        <ele>2341.8</ele>
        <time>2026-07-25T04:53:39Z</time>
      </trkpt>
      <trkpt lat="44.175254" lon="7.6922">
        <ele>2341.8</ele>
        <time>2026-07-25T04:53:40Z</time>
      </trkpt>
      <trkpt lat="44.175266" lon="7.692208">
        <ele>2341.8</ele>
        <time>2026-07-25T04:53:41Z</time>
      </trkpt>
      <trkpt lat="44.175299" lon="7.6922">
        <ele>2342.0</ele>
        <time>2026-07-25T04:53:45Z</time>
      </trkpt>
      <trkpt lat="44.175311" lon="7.6922">
        <ele>2342.0</ele>
        <time>2026-07-25T04:53:47Z</time>
      </trkpt>
      <trkpt lat="44.175369" lon="7.692146">
        <ele>2342.4</ele>
        <time>2026-07-25T04:53:52Z</time>
      </trkpt>
      <trkpt lat="44.17539" lon="7.692104">
        <ele>2342.4</ele>
        <time>2026-07-25T04:53:56Z</time>
      </trkpt>
      <trkpt lat="44.175401" lon="7.692091">
        <ele>2342.6</ele>
        <time>2026-07-25T04:54:00Z</time>
      </trkpt>
      <trkpt lat="44.175401" lon="7.692093">
        <ele>2342.6</ele>
        <time>2026-07-25T04:54:01Z</time>
      </trkpt>
      <trkpt lat="44.175425" lon="7.692082">
        <ele>2342.6</ele>
        <time>2026-07-25T04:54:07Z</time>
      </trkpt>
      <trkpt lat="44.175421" lon="7.692089">
        <ele>2342.8</ele>
        <time>2026-07-25T04:54:15Z</time>
      </trkpt>
      <trkpt lat="44.175414" lon="7.692113">
        <ele>2342.8</ele>
        <time>2026-07-25T04:54:21Z</time>
      </trkpt>
      <trkpt lat="44.175403" lon="7.692143">
        <ele>2342.2</ele>
        <time>2026-07-25T04:54:27Z</time>
      </trkpt>
      <trkpt lat="44.1754" lon="7.692175">
        <ele>2342.8</ele>
        <time>2026-07-25T04:54:34Z</time>
      </trkpt>
      <trkpt lat="44.175402" lon="7.69218">
        <ele>2342.8</ele>
        <time>2026-07-25T04:54:35Z</time>
      </trkpt>
      <trkpt lat="44.175407" lon="7.692207">
        <ele>2343.4</ele>
        <time>2026-07-25T04:54:42Z</time>
      </trkpt>
      <trkpt lat="44.175363" lon="7.692174">
        <ele>2343.4</ele>
        <time>2026-07-25T04:54:48Z</time>
      </trkpt>
      <trkpt lat="44.175331" lon="7.692148">
        <ele>2343.0</ele>
        <time>2026-07-25T04:54:54Z</time>
      </trkpt>
      <trkpt lat="44.175321" lon="7.692136">
        <ele>2343.0</ele>
        <time>2026-07-25T04:54:57Z</time>
      </trkpt>
      <trkpt lat="44.175334" lon="7.692132">
        <ele>2342.8</ele>
        <time>2026-07-25T04:55:03Z</time>
      </trkpt>
      <trkpt lat="44.175335" lon="7.692207">
        <ele>2342.6</ele>
        <time>2026-07-25T04:55:12Z</time>
      </trkpt>
      <trkpt lat="44.175332" lon="7.692216">
        <ele>2342.6</ele>
        <time>2026-07-25T04:55:13Z</time>
      </trkpt>
      <trkpt lat="44.175333" lon="7.692236">
        <ele>2342.6</ele>
        <time>2026-07-25T04:55:20Z</time>
      </trkpt>
      <trkpt lat="44.175331" lon="7.692193">
        <ele>2343.0</ele>
        <time>2026-07-25T04:55:28Z</time>
      </trkpt>
      <trkpt lat="44.175336" lon="7.692186">
        <ele>2343.2</ele>
        <time>2026-07-25T04:55:30Z</time>
      </trkpt>
      <trkpt lat="44.175346" lon="7.692147">
        <ele>2343.6</ele>
        <time>2026-07-25T04:55:34Z</time>
      </trkpt>
      <trkpt lat="44.175359" lon="7.692117">
        <ele>2343.8</ele>
        <time>2026-07-25T04:55:36Z</time>
      </trkpt>
      <trkpt lat="44.175363" lon="7.692115">
        <ele>2343.8</ele>
        <time>2026-07-25T04:55:37Z</time>
      </trkpt>
      <trkpt lat="44.175368" lon="7.69211">
        <ele>2344.0</ele>
        <time>2026-07-25T04:55:38Z</time>
      </trkpt>
      <trkpt lat="44.175377" lon="7.692106">
        <ele>2344.0</ele>
        <time>2026-07-25T04:55:39Z</time>
      </trkpt>
      <trkpt lat="44.175373" lon="7.692154">
        <ele>2344.2</ele>
        <time>2026-07-25T04:55:44Z</time>
      </trkpt>
      <trkpt lat="44.175371" lon="7.692217">
        <ele>2343.8</ele>
        <time>2026-07-25T04:55:50Z</time>
      </trkpt>
      <trkpt lat="44.175384" lon="7.692222">
        <ele>2344.0</ele>
        <time>2026-07-25T04:55:57Z</time>
      </trkpt>
      <trkpt lat="44.175387" lon="7.692218">
        <ele>2344.0</ele>
        <time>2026-07-25T04:55:58Z</time>
      </trkpt>
      <trkpt lat="44.175414" lon="7.692159">
        <ele>2344.4</ele>
        <time>2026-07-25T04:56:03Z</time>
      </trkpt>
      <trkpt lat="44.175401" lon="7.69214">
        <ele>2344.0</ele>
        <time>2026-07-25T04:56:10Z</time>
      </trkpt>
      <trkpt lat="44.17541" lon="7.692053">
        <ele>2344.6</ele>
        <time>2026-07-25T04:56:16Z</time>
      </trkpt>
      <trkpt lat="44.175421" lon="7.692032">
        <ele>2344.6</ele>
        <time>2026-07-25T04:56:22Z</time>
      </trkpt>
      <trkpt lat="44.175458" lon="7.692021">
        <ele>2344.6</ele>
        <time>2026-07-25T04:56:29Z</time>
      </trkpt>
      <trkpt lat="44.175466" lon="7.692012">
        <ele>2344.6</ele>
        <time>2026-07-25T04:56:37Z</time>
      </trkpt>
      <trkpt lat="44.175449" lon="7.692001">
        <ele>2344.8</ele>
        <time>2026-07-25T04:56:43Z</time>
      </trkpt>
      <trkpt lat="44.175425" lon="7.692004">
        <ele>2345.0</ele>
        <time>2026-07-25T04:56:48Z</time>
      </trkpt>
      <trkpt lat="44.175441" lon="7.692007">
        <ele>2344.8</ele>
        <time>2026-07-25T04:56:52Z</time>
      </trkpt>
      <trkpt lat="44.17543" lon="7.691997">
        <ele>2345.0</ele>
        <time>2026-07-25T04:56:56Z</time>
      </trkpt>
      <trkpt lat="44.175428" lon="7.691992">
        <ele>2345.0</ele>
        <time>2026-07-25T04:57:00Z</time>
      </trkpt>
      <trkpt lat="44.175431" lon="7.691999">
        <ele>2344.8</ele>
        <time>2026-07-25T04:57:05Z</time>
      </trkpt>
      <trkpt lat="44.175442" lon="7.691995">
        <ele>2344.8</ele>
        <time>2026-07-25T04:57:12Z</time>
      </trkpt>
      <trkpt lat="44.175452" lon="7.691998">
        <ele>2345.0</ele>
        <time>2026-07-25T04:57:19Z</time>
      </trkpt>
      <trkpt lat="44.175447" lon="7.692007">
        <ele>2344.8</ele>
        <time>2026-07-25T04:57:26Z</time>
      </trkpt>
      <trkpt lat="44.175433" lon="7.692011">
        <ele>2345.0</ele>
        <time>2026-07-25T04:57:34Z</time>
      </trkpt>
      <trkpt lat="44.175401" lon="7.691977">
        <ele>2345.2</ele>
        <time>2026-07-25T04:57:40Z</time>
      </trkpt>
      <trkpt lat="44.175391" lon="7.691959">
        <ele>2345.6</ele>
        <time>2026-07-25T04:57:49Z</time>
      </trkpt>
      <trkpt lat="44.175408" lon="7.692007">
        <ele>2345.8</ele>
        <time>2026-07-25T04:57:56Z</time>
      </trkpt>
      <trkpt lat="44.175403" lon="7.692008">
        <ele>2345.8</ele>
        <time>2026-07-25T04:57:57Z</time>
      </trkpt>
      <trkpt lat="44.1754" lon="7.692012">
        <ele>2346.0</ele>
        <time>2026-07-25T04:57:58Z</time>
      </trkpt>
      <trkpt lat="44.175389" lon="7.692022">
        <ele>2346.0</ele>
        <time>2026-07-25T04:58:00Z</time>
      </trkpt>
      <trkpt lat="44.175365" lon="7.692027">
        <ele>2346.4</ele>
        <time>2026-07-25T04:58:08Z</time>
      </trkpt>
      <trkpt lat="44.175373" lon="7.69202">
        <ele>2346.8</ele>
        <time>2026-07-25T04:58:15Z</time>
      </trkpt>
      <trkpt lat="44.175395" lon="7.692023">
        <ele>2347.0</ele>
        <time>2026-07-25T04:58:22Z</time>
      </trkpt>
      <trkpt lat="44.175432" lon="7.692034">
        <ele>2347.6</ele>
        <time>2026-07-25T04:58:28Z</time>
      </trkpt>
      <trkpt lat="44.175441" lon="7.69203">
        <ele>2347.8</ele>
        <time>2026-07-25T04:58:33Z</time>
      </trkpt>
      <trkpt lat="44.175436" lon="7.692028">
        <ele>2348.0</ele>
        <time>2026-07-25T04:58:34Z</time>
      </trkpt>
      <trkpt lat="44.175456" lon="7.692004">
        <ele>2348.0</ele>
        <time>2026-07-25T04:58:40Z</time>
      </trkpt>
      <trkpt lat="44.175469" lon="7.692005">
        <ele>2348.6</ele>
        <time>2026-07-25T04:58:46Z</time>
      </trkpt>
      <trkpt lat="44.175457" lon="7.691978">
        <ele>2348.6</ele>
        <time>2026-07-25T04:58:53Z</time>
      </trkpt>
      <trkpt lat="44.175442" lon="7.691988">
        <ele>2349.0</ele>
        <time>2026-07-25T04:58:59Z</time>
      </trkpt>
      <trkpt lat="44.175441" lon="7.691987">
        <ele>2349.0</ele>
        <time>2026-07-25T04:59:00Z</time>
      </trkpt>
      <trkpt lat="44.175442" lon="7.69199">
        <ele>2349.2</ele>
        <time>2026-07-25T04:59:01Z</time>
      </trkpt>
      <trkpt lat="44.175438" lon="7.692008">
        <ele>2349.0</ele>
        <time>2026-07-25T04:59:07Z</time>
      </trkpt>
      <trkpt lat="44.175406" lon="7.692044">
        <ele>2349.2</ele>
        <time>2026-07-25T04:59:12Z</time>
      </trkpt>
      <trkpt lat="44.175399" lon="7.692043">
        <ele>2349.2</ele>
        <time>2026-07-25T04:59:14Z</time>
      </trkpt>
      <trkpt lat="44.175392" lon="7.692041">
        <ele>2349.6</ele>
        <time>2026-07-25T04:59:21Z</time>
      </trkpt>
      <trkpt lat="44.175448" lon="7.692018">
        <ele>2349.4</ele>
        <time>2026-07-25T04:59:29Z</time>
      </trkpt>
      <trkpt lat="44.175433" lon="7.692021">
        <ele>2349.6</ele>
        <time>2026-07-25T04:59:37Z</time>
      </trkpt>
      <trkpt lat="44.175399" lon="7.692043">
        <ele>2349.8</ele>
        <time>2026-07-25T04:59:44Z</time>
      </trkpt>
      <trkpt lat="44.175373" lon="7.69211">
        <ele>2349.4</ele>
        <time>2026-07-25T04:59:49Z</time>
      </trkpt>
      <trkpt lat="44.175371" lon="7.692121">
        <ele>2349.4</ele>
        <time>2026-07-25T04:59:54Z</time>
      </trkpt>
      <trkpt lat="44.175321" lon="7.69224">
        <ele>2349.6</ele>
        <time>2026-07-25T05:00:00Z</time>
      </trkpt>
      <trkpt lat="44.175307" lon="7.692251">
        <ele>2349.6</ele>
        <time>2026-07-25T05:00:02Z</time>
      </trkpt>
      <trkpt lat="44.175301" lon="7.692259">
        <ele>2349.6</ele>
        <time>2026-07-25T05:00:04Z</time>
      </trkpt>
      <trkpt lat="44.175268" lon="7.692311">
        <ele>2349.8</ele>
        <time>2026-07-25T05:00:09Z</time>
      </trkpt>
      <trkpt lat="44.175236" lon="7.692322">
        <ele>2350.0</ele>
        <time>2026-07-25T05:00:13Z</time>
      </trkpt>
      <trkpt lat="44.175224" lon="7.692337">
        <ele>2349.8</ele>
        <time>2026-07-25T05:00:15Z</time>
      </trkpt>
      <trkpt lat="44.17521" lon="7.692342">
        <ele>2349.8</ele>
        <time>2026-07-25T05:00:21Z</time>
      </trkpt>
      <trkpt lat="44.175242" lon="7.692314">
        <ele>2350.2</ele>
        <time>2026-07-25T05:00:27Z</time>
      </trkpt>
      <trkpt lat="44.17526" lon="7.692259">
        <ele>2350.8</ele>
        <time>2026-07-25T05:00:33Z</time>
      </trkpt>
      <trkpt lat="44.175472" lon="7.692045">
        <ele>2351.0</ele>
        <time>2026-07-25T05:00:40Z</time>
      </trkpt>
      <trkpt lat="44.175578" lon="7.69196">
        <ele>2351.2</ele>
        <time>2026-07-25T05:00:49Z</time>
      </trkpt>
      <trkpt lat="44.175695" lon="7.691868">
        <ele>2351.2</ele>
        <time>2026-07-25T05:00:54Z</time>
      </trkpt>
      <trkpt lat="44.175702" lon="7.691863">
        <ele>2351.2</ele>
        <time>2026-07-25T05:00:55Z</time>
      </trkpt>
      <trkpt lat="44.175716" lon="7.691849">
        <ele>2351.4</ele>
        <time>2026-07-25T05:00:56Z</time>
      </trkpt>
      <trkpt lat="44.175727" lon="7.691775">
        <ele>2351.4</ele>
        <time>2026-07-25T05:01:03Z</time>
      </trkpt>
      <trkpt lat="44.175683" lon="7.691843">
        <ele>2351.8</ele>
        <time>2026-07-25T05:01:09Z</time>
      </trkpt>
      <trkpt lat="44.17561" lon="7.691917">
        <ele>2352.0</ele>
        <time>2026-07-25T05:01:14Z</time>
      </trkpt>
      <trkpt lat="44.175575" lon="7.691921">
        <ele>2352.2</ele>
        <time>2026-07-25T05:01:17Z</time>
      </trkpt>
      <trkpt lat="44.175506" lon="7.692028">
        <ele>2352.4</ele>
        <time>2026-07-25T05:01:20Z</time>
      </trkpt>
      <trkpt lat="44.175458" lon="7.692062">
        <ele>2352.4</ele>
        <time>2026-07-25T05:01:22Z</time>
      </trkpt>
      <trkpt lat="44.175451" lon="7.692075">
        <ele>2352.6</ele>
        <time>2026-07-25T05:01:24Z</time>
      </trkpt>
      <trkpt lat="44.175423" lon="7.692082">
        <ele>2352.8</ele>
        <time>2026-07-25T05:01:27Z</time>
      </trkpt>
      <trkpt lat="44.175421" lon="7.692049">
        <ele>2352.8</ele>
        <time>2026-07-25T05:01:31Z</time>
      </trkpt>
      <trkpt lat="44.175412" lon="7.69203">
        <ele>2353.0</ele>
        <time>2026-07-25T05:01:37Z</time>
      </trkpt>
      <trkpt lat="44.175479" lon="7.692023">
        <ele>2353.2</ele>
        <time>2026-07-25T05:01:43Z</time>
      </trkpt>
      <trkpt lat="44.175477" lon="7.692035">
        <ele>2353.4</ele>
        <time>2026-07-25T05:01:44Z</time>
      </trkpt>
      <trkpt lat="44.175492" lon="7.692034">
        <ele>2353.2</ele>
        <time>2026-07-25T05:01:47Z</time>
      </trkpt>
      <trkpt lat="44.17547" lon="7.692062">
        <ele>2353.4</ele>
        <time>2026-07-25T05:01:54Z</time>
      </trkpt>
      <trkpt lat="44.175463" lon="7.692066">
        <ele>2353.4</ele>
        <time>2026-07-25T05:01:55Z</time>
      </trkpt>
      <trkpt lat="44.17546" lon="7.692069">
        <ele>2353.4</ele>
        <time>2026-07-25T05:01:56Z</time>
      </trkpt>
      <trkpt lat="44.175455" lon="7.692064">
        <ele>2353.4</ele>
        <time>2026-07-25T05:01:57Z</time>
      </trkpt>
      <trkpt lat="44.175437" lon="7.692065">
        <ele>2353.4</ele>
        <time>2026-07-25T05:02:00Z</time>
      </trkpt>
      <trkpt lat="44.175423" lon="7.692066">
        <ele>2353.4</ele>
        <time>2026-07-25T05:02:02Z</time>
      </trkpt>
      <trkpt lat="44.175405" lon="7.69203">
        <ele>2353.4</ele>
        <time>2026-07-25T05:02:06Z</time>
      </trkpt>
      <trkpt lat="44.17536" lon="7.691969">
        <ele>2353.6</ele>
        <time>2026-07-25T05:02:14Z</time>
      </trkpt>
      <trkpt lat="44.175387" lon="7.691973">
        <ele>2353.8</ele>
        <time>2026-07-25T05:02:21Z</time>
      </trkpt>
      <trkpt lat="44.175395" lon="7.691975">
        <ele>2353.8</ele>
        <time>2026-07-25T05:02:22Z</time>
      </trkpt>
      <trkpt lat="44.175428" lon="7.691983">
        <ele>2354.0</ele>
        <time>2026-07-25T05:02:28Z</time>
      </trkpt>
      <trkpt lat="44.1754" lon="7.692015">
        <ele>2354.2</ele>
        <time>2026-07-25T05:02:35Z</time>
      </trkpt>
      <trkpt lat="44.175391" lon="7.69204">
        <ele>2354.4</ele>
        <time>2026-07-25T05:02:40Z</time>
      </trkpt>
      <trkpt lat="44.175378" lon="7.692055">
        <ele>2354.4</ele>
        <time>2026-07-25T05:02:41Z</time>
      </trkpt>
      <trkpt lat="44.175365" lon="7.69207">
        <ele>2354.4</ele>
        <time>2026-07-25T05:02:42Z</time>
      </trkpt>
      <trkpt lat="44.175291" lon="7.692092">
        <ele>2354.8</ele>
        <time>2026-07-25T05:02:49Z</time>
      </trkpt>
      <trkpt lat="44.175304" lon="7.692067">
        <ele>2354.8</ele>
        <time>2026-07-25T05:02:52Z</time>
      </trkpt>
      <trkpt lat="44.17532" lon="7.692047">
        <ele>2354.8</ele>
        <time>2026-07-25T05:02:56Z</time>
      </trkpt>
      <trkpt lat="44.175296" lon="7.69205">
        <ele>2354.8</ele>
        <time>2026-07-25T05:03:02Z</time>
      </trkpt>
      <trkpt lat="44.175293" lon="7.692049">
        <ele>2354.8</ele>
        <time>2026-07-25T05:03:03Z</time>
      </trkpt>
      <trkpt lat="44.175268" lon="7.692046">
        <ele>2354.8</ele>
        <time>2026-07-25T05:03:11Z</time>
      </trkpt>
      <trkpt lat="44.17529" lon="7.692026">
        <ele>2355.2</ele>
        <time>2026-07-25T05:03:20Z</time>
      </trkpt>
      <trkpt lat="44.17532" lon="7.692019">
        <ele>2355.4</ele>
        <time>2026-07-25T05:03:26Z</time>
      </trkpt>
      <trkpt lat="44.17532" lon="7.692035">
        <ele>2355.6</ele>
        <time>2026-07-25T05:03:30Z</time>
      </trkpt>
      <trkpt lat="44.175318" lon="7.692088">
        <ele>2356.0</ele>
        <time>2026-07-25T05:03:37Z</time>
      </trkpt>
      <trkpt lat="44.175422" lon="7.692045">
        <ele>2356.2</ele>
        <time>2026-07-25T05:03:46Z</time>
      </trkpt>
      <trkpt lat="44.175424" lon="7.691989">
        <ele>2356.4</ele>
        <time>2026-07-25T05:03:53Z</time>
      </trkpt>
      <trkpt lat="44.175426" lon="7.691994">
        <ele>2356.4</ele>
        <time>2026-07-25T05:03:55Z</time>
      </trkpt>
      <trkpt lat="44.175413" lon="7.692033">
        <ele>2356.6</ele>
        <time>2026-07-25T05:04:00Z</time>
      </trkpt>
      <trkpt lat="44.175406" lon="7.692039">
        <ele>2356.6</ele>
        <time>2026-07-25T05:04:01Z</time>
      </trkpt>
      <trkpt lat="44.175369" lon="7.692059">
        <ele>2356.6</ele>
        <time>2026-07-25T05:04:08Z</time>
      </trkpt>
      <trkpt lat="44.175345" lon="7.69214">
        <ele>2356.8</ele>
        <time>2026-07-25T05:04:16Z</time>
      </trkpt>
      <trkpt lat="44.175373" lon="7.69215">
        <ele>2356.8</ele>
        <time>2026-07-25T05:04:23Z</time>
      </trkpt>
      <trkpt lat="44.175371" lon="7.692106">
        <ele>2356.8</ele>
        <time>2026-07-25T05:04:29Z</time>
      </trkpt>
      <trkpt lat="44.175378" lon="7.692051">
        <ele>2356.8</ele>
        <time>2026-07-25T05:04:37Z</time>
      </trkpt>
      <trkpt lat="44.175393" lon="7.692041">
        <ele>2357.6</ele>
        <time>2026-07-25T05:04:42Z</time>
      </trkpt>
      <trkpt lat="44.17541" lon="7.692024">
        <ele>2357.8</ele>
        <time>2026-07-25T05:04:45Z</time>
      </trkpt>
      <trkpt lat="44.175416" lon="7.692007">
        <ele>2357.8</ele>
        <time>2026-07-25T05:04:47Z</time>
      </trkpt>
      <trkpt lat="44.175446" lon="7.691958">
        <ele>2358.6</ele>
        <time>2026-07-25T05:04:53Z</time>
      </trkpt>
      <trkpt lat="44.175473" lon="7.691943">
        <ele>2358.8</ele>
        <time>2026-07-25T05:04:55Z</time>
      </trkpt>
      <trkpt lat="44.175495" lon="7.691949">
        <ele>2359.2</ele>
        <time>2026-07-25T05:05:01Z</time>
      </trkpt>
      <trkpt lat="44.17549" lon="7.691949">
        <ele>2359.4</ele>
        <time>2026-07-25T05:05:07Z</time>
      </trkpt>
      <trkpt lat="44.17551" lon="7.691944">
        <ele>2359.6</ele>
        <time>2026-07-25T05:05:08Z</time>
      </trkpt>
      <trkpt lat="44.175538" lon="7.691914">
        <ele>2360.4</ele>
        <time>2026-07-25T05:05:12Z</time>
      </trkpt>
      <trkpt lat="44.17554" lon="7.691912">
        <ele>2360.8</ele>
        <time>2026-07-25T05:05:14Z</time>
      </trkpt>
      <trkpt lat="44.175555" lon="7.6919">
        <ele>2361.0</ele>
        <time>2026-07-25T05:05:16Z</time>
      </trkpt>
      <trkpt lat="44.175555" lon="7.69188">
        <ele>2361.4</ele>
        <time>2026-07-25T05:05:21Z</time>
      </trkpt>
      <trkpt lat="44.175554" lon="7.691869">
        <ele>2361.8</ele>
        <time>2026-07-25T05:05:24Z</time>
      </trkpt>
      <trkpt lat="44.175569" lon="7.691861">
        <ele>2361.8</ele>
        <time>2026-07-25T05:05:26Z</time>
      </trkpt>
      <trkpt lat="44.17556" lon="7.691855">
        <ele>2362.0</ele>
        <time>2026-07-25T05:05:31Z</time>
      </trkpt>
      <trkpt lat="44.175538" lon="7.691841">
        <ele>2362.8</ele>
        <time>2026-07-25T05:05:35Z</time>
      </trkpt>
      <trkpt lat="44.175531" lon="7.691827">
        <ele>2363.4</ele>
        <time>2026-07-25T05:05:38Z</time>
      </trkpt>
      <trkpt lat="44.175524" lon="7.69182">
        <ele>2363.8</ele>
        <time>2026-07-25T05:05:40Z</time>
      </trkpt>
      <trkpt lat="44.175518" lon="7.691823">
        <ele>2364.0</ele>
        <time>2026-07-25T05:05:42Z</time>
      </trkpt>
      <trkpt lat="44.175518" lon="7.691822">
        <ele>2364.2</ele>
        <time>2026-07-25T05:05:44Z</time>
      </trkpt>
      <trkpt lat="44.175509" lon="7.691824">
        <ele>2364.0</ele>
        <time>2026-07-25T05:05:47Z</time>
      </trkpt>
      <trkpt lat="44.175507" lon="7.691826">
        <ele>2364.4</ele>
        <time>2026-07-25T05:05:51Z</time>
      </trkpt>
      <trkpt lat="44.17552" lon="7.691815">
        <ele>2364.8</ele>
        <time>2026-07-25T05:05:54Z</time>
      </trkpt>
      <trkpt lat="44.175512" lon="7.691809">
        <ele>2365.2</ele>
        <time>2026-07-25T05:05:57Z</time>
      </trkpt>
      <trkpt lat="44.175523" lon="7.6918">
        <ele>2365.4</ele>
        <time>2026-07-25T05:06:03Z</time>
      </trkpt>
      <trkpt lat="44.175529" lon="7.691783">
        <ele>2365.4</ele>
        <time>2026-07-25T05:06:09Z</time>
      </trkpt>
      <trkpt lat="44.175529" lon="7.691759">
        <ele>2365.4</ele>
        <time>2026-07-25T05:06:16Z</time>
      </trkpt>
      <trkpt lat="44.175558" lon="7.69174">
        <ele>2365.2</ele>
        <time>2026-07-25T05:06:22Z</time>
      </trkpt>
      <trkpt lat="44.175547" lon="7.691752">
        <ele>2365.4</ele>
        <time>2026-07-25T05:06:24Z</time>
      </trkpt>
      <trkpt lat="44.175539" lon="7.69176">
        <ele>2365.4</ele>
        <time>2026-07-25T05:06:25Z</time>
      </trkpt>
      <trkpt lat="44.175532" lon="7.691764">
        <ele>2365.6</ele>
        <time>2026-07-25T05:06:27Z</time>
      </trkpt>
      <trkpt lat="44.17553" lon="7.69177">
        <ele>2365.6</ele>
        <time>2026-07-25T05:06:29Z</time>
      </trkpt>
      <trkpt lat="44.175535" lon="7.691784">
        <ele>2365.8</ele>
        <time>2026-07-25T05:06:34Z</time>
      </trkpt>
      <trkpt lat="44.17554" lon="7.691785">
        <ele>2366.6</ele>
        <time>2026-07-25T05:06:37Z</time>
      </trkpt>
      <trkpt lat="44.175549" lon="7.691787">
        <ele>2367.2</ele>
        <time>2026-07-25T05:06:39Z</time>
      </trkpt>
      <trkpt lat="44.175587" lon="7.691776">
        <ele>2368.0</ele>
        <time>2026-07-25T05:06:46Z</time>
      </trkpt>
      <trkpt lat="44.175587" lon="7.691767">
        <ele>2368.0</ele>
        <time>2026-07-25T05:06:51Z</time>
      </trkpt>
      <trkpt lat="44.175584" lon="7.691761">
        <ele>2368.2</ele>
        <time>2026-07-25T05:06:53Z</time>
      </trkpt>
      <trkpt lat="44.175568" lon="7.691751">
        <ele>2368.8</ele>
        <time>2026-07-25T05:06:57Z</time>
      </trkpt>
      <trkpt lat="44.175582" lon="7.691753">
        <ele>2369.4</ele>
        <time>2026-07-25T05:07:00Z</time>
      </trkpt>
      <trkpt lat="44.175592" lon="7.69175">
        <ele>2369.4</ele>
        <time>2026-07-25T05:07:01Z</time>
      </trkpt>
      <trkpt lat="44.175597" lon="7.691726">
        <ele>2369.6</ele>
        <time>2026-07-25T05:07:07Z</time>
      </trkpt>
      <trkpt lat="44.175599" lon="7.691707">
        <ele>2369.8</ele>
        <time>2026-07-25T05:07:15Z</time>
      </trkpt>
      <trkpt lat="44.175631" lon="7.691707">
        <ele>2369.8</ele>
        <time>2026-07-25T05:07:20Z</time>
      </trkpt>
      <trkpt lat="44.175585" lon="7.691704">
        <ele>2370.4</ele>
        <time>2026-07-25T05:07:25Z</time>
      </trkpt>
      <trkpt lat="44.175567" lon="7.691702">
        <ele>2370.6</ele>
        <time>2026-07-25T05:07:27Z</time>
      </trkpt>
      <trkpt lat="44.17558" lon="7.691703">
        <ele>2370.8</ele>
        <time>2026-07-25T05:07:33Z</time>
      </trkpt>
      <trkpt lat="44.175626" lon="7.6917">
        <ele>2371.0</ele>
        <time>2026-07-25T05:07:40Z</time>
      </trkpt>
      <trkpt lat="44.175633" lon="7.691699">
        <ele>2371.2</ele>
        <time>2026-07-25T05:07:41Z</time>
      </trkpt>
      <trkpt lat="44.175634" lon="7.6917">
        <ele>2371.4</ele>
        <time>2026-07-25T05:07:42Z</time>
      </trkpt>
      <trkpt lat="44.175672" lon="7.691685">
        <ele>2372.0</ele>
        <time>2026-07-25T05:07:48Z</time>
      </trkpt>
      <trkpt lat="44.175711" lon="7.69167">
        <ele>2372.4</ele>
        <time>2026-07-25T05:07:54Z</time>
      </trkpt>
      <trkpt lat="44.175714" lon="7.691673">
        <ele>2372.6</ele>
        <time>2026-07-25T05:07:56Z</time>
      </trkpt>
      <trkpt lat="44.175711" lon="7.691665">
        <ele>2373.4</ele>
        <time>2026-07-25T05:08:05Z</time>
      </trkpt>
      <trkpt lat="44.175688" lon="7.691675">
        <ele>2374.2</ele>
        <time>2026-07-25T05:08:14Z</time>
      </trkpt>
      <trkpt lat="44.175683" lon="7.691653">
        <ele>2374.4</ele>
        <time>2026-07-25T05:08:20Z</time>
      </trkpt>
      <trkpt lat="44.175686" lon="7.691637">
        <ele>2374.6</ele>
        <time>2026-07-25T05:08:25Z</time>
      </trkpt>
      <trkpt lat="44.175691" lon="7.691631">
        <ele>2374.8</ele>
        <time>2026-07-25T05:08:29Z</time>
      </trkpt>
      <trkpt lat="44.175693" lon="7.691641">
        <ele>2375.2</ele>
        <time>2026-07-25T05:08:34Z</time>
      </trkpt>
      <trkpt lat="44.175715" lon="7.691668">
        <ele>2375.6</ele>
        <time>2026-07-25T05:08:40Z</time>
      </trkpt>
      <trkpt lat="44.175708" lon="7.691689">
        <ele>2375.8</ele>
        <time>2026-07-25T05:08:42Z</time>
      </trkpt>
      <trkpt lat="44.175682" lon="7.691677">
        <ele>2376.6</ele>
        <time>2026-07-25T05:08:49Z</time>
      </trkpt>
      <trkpt lat="44.175666" lon="7.691633">
        <ele>2377.4</ele>
        <time>2026-07-25T05:08:57Z</time>
      </trkpt>
      <trkpt lat="44.175662" lon="7.69163">
        <ele>2377.6</ele>
        <time>2026-07-25T05:08:59Z</time>
      </trkpt>
      <trkpt lat="44.175674" lon="7.691654">
        <ele>2378.0</ele>
        <time>2026-07-25T05:09:06Z</time>
      </trkpt>
      <trkpt lat="44.175626" lon="7.691686">
        <ele>2378.6</ele>
        <time>2026-07-25T05:09:15Z</time>
      </trkpt>
      <trkpt lat="44.175646" lon="7.691665">
        <ele>2379.0</ele>
        <time>2026-07-25T05:09:20Z</time>
      </trkpt>
      <trkpt lat="44.175633" lon="7.691644">
        <ele>2378.6</ele>
        <time>2026-07-25T05:09:29Z</time>
      </trkpt>
      <trkpt lat="44.175553" lon="7.691626">
        <ele>2378.6</ele>
        <time>2026-07-25T05:09:38Z</time>
      </trkpt>
      <trkpt lat="44.175549" lon="7.691629">
        <ele>2378.6</ele>
        <time>2026-07-25T05:09:40Z</time>
      </trkpt>
      <trkpt lat="44.175547" lon="7.691631">
        <ele>2378.6</ele>
        <time>2026-07-25T05:09:43Z</time>
      </trkpt>
      <trkpt lat="44.175565" lon="7.691628">
        <ele>2378.6</ele>
        <time>2026-07-25T05:09:48Z</time>
      </trkpt>
      <trkpt lat="44.175515" lon="7.691643">
        <ele>2378.6</ele>
        <time>2026-07-25T05:10:02Z</time>
      </trkpt>
      <trkpt lat="44.175538" lon="7.69166">
        <ele>2378.6</ele>
        <time>2026-07-25T05:10:09Z</time>
      </trkpt>
      <trkpt lat="44.175578" lon="7.691673">
        <ele>2378.6</ele>
        <time>2026-07-25T05:10:16Z</time>
      </trkpt>
      <trkpt lat="44.175559" lon="7.691669">
        <ele>2378.6</ele>
        <time>2026-07-25T05:10:25Z</time>
      </trkpt>
      <trkpt lat="44.175554" lon="7.691631">
        <ele>2378.0</ele>
        <time>2026-07-25T05:10:37Z</time>
      </trkpt>
      <trkpt lat="44.175552" lon="7.691616">
        <ele>2378.4</ele>
        <time>2026-07-25T05:10:45Z</time>
      </trkpt>
      <trkpt lat="44.175552" lon="7.691586">
        <ele>2379.8</ele>
        <time>2026-07-25T05:10:52Z</time>
      </trkpt>
      <trkpt lat="44.175542" lon="7.691571">
        <ele>2380.0</ele>
        <time>2026-07-25T05:10:55Z</time>
      </trkpt>
      <trkpt lat="44.175534" lon="7.691584">
        <ele>2380.6</ele>
        <time>2026-07-25T05:11:02Z</time>
      </trkpt>
      <trkpt lat="44.175531" lon="7.691583">
        <ele>2381.0</ele>
        <time>2026-07-25T05:11:04Z</time>
      </trkpt>
      <trkpt lat="44.175589" lon="7.691562">
        <ele>2381.6</ele>
        <time>2026-07-25T05:11:11Z</time>
      </trkpt>
      <trkpt lat="44.175607" lon="7.691557">
        <ele>2382.2</ele>
        <time>2026-07-25T05:11:14Z</time>
      </trkpt>
      <trkpt lat="44.175669" lon="7.691556">
        <ele>2382.4</ele>
        <time>2026-07-25T05:11:21Z</time>
      </trkpt>
      <trkpt lat="44.175617" lon="7.691595">
        <ele>2382.8</ele>
        <time>2026-07-25T05:11:30Z</time>
      </trkpt>
      <trkpt lat="44.175564" lon="7.69161">
        <ele>2383.2</ele>
        <time>2026-07-25T05:11:33Z</time>
      </trkpt>
      <trkpt lat="44.175553" lon="7.691608">
        <ele>2383.4</ele>
        <time>2026-07-25T05:11:35Z</time>
      </trkpt>
      <trkpt lat="44.175506" lon="7.691613">
        <ele>2383.6</ele>
        <time>2026-07-25T05:11:38Z</time>
      </trkpt>
      <trkpt lat="44.175477" lon="7.691611">
        <ele>2384.2</ele>
        <time>2026-07-25T05:11:45Z</time>
      </trkpt>
      <trkpt lat="44.175488" lon="7.69161">
        <ele>2384.4</ele>
        <time>2026-07-25T05:11:46Z</time>
      </trkpt>
      <trkpt lat="44.175485" lon="7.691609">
        <ele>2384.8</ele>
        <time>2026-07-25T05:11:49Z</time>
      </trkpt>
      <trkpt lat="44.175464" lon="7.691607">
        <ele>2385.2</ele>
        <time>2026-07-25T05:11:56Z</time>
      </trkpt>
      <trkpt lat="44.17547" lon="7.691596">
        <ele>2385.2</ele>
        <time>2026-07-25T05:11:57Z</time>
      </trkpt>
      <trkpt lat="44.1755" lon="7.691574">
        <ele>2386.0</ele>
        <time>2026-07-25T05:12:01Z</time>
      </trkpt>
      <trkpt lat="44.175524" lon="7.691552">
        <ele>2386.4</ele>
        <time>2026-07-25T05:12:05Z</time>
      </trkpt>
      <trkpt lat="44.175561" lon="7.691514">
        <ele>2386.8</ele>
        <time>2026-07-25T05:12:08Z</time>
      </trkpt>
      <trkpt lat="44.175556" lon="7.691494">
        <ele>2387.4</ele>
        <time>2026-07-25T05:12:12Z</time>
      </trkpt>
      <trkpt lat="44.17556" lon="7.691484">
        <ele>2387.2</ele>
        <time>2026-07-25T05:12:16Z</time>
      </trkpt>
      <trkpt lat="44.175575" lon="7.691462">
        <ele>2387.6</ele>
        <time>2026-07-25T05:12:23Z</time>
      </trkpt>
      <trkpt lat="44.175569" lon="7.691463">
        <ele>2388.2</ele>
        <time>2026-07-25T05:12:35Z</time>
      </trkpt>
      <trkpt lat="44.175557" lon="7.691466">
        <ele>2388.6</ele>
        <time>2026-07-25T05:12:42Z</time>
      </trkpt>
      <trkpt lat="44.175551" lon="7.69146">
        <ele>2388.8</ele>
        <time>2026-07-25T05:12:44Z</time>
      </trkpt>
      <trkpt lat="44.175496" lon="7.69146">
        <ele>2389.0</ele>
        <time>2026-07-25T05:12:51Z</time>
      </trkpt>
      <trkpt lat="44.17547" lon="7.691455">
        <ele>2389.6</ele>
        <time>2026-07-25T05:12:54Z</time>
      </trkpt>
      <trkpt lat="44.175479" lon="7.691457">
        <ele>2389.6</ele>
        <time>2026-07-25T05:12:57Z</time>
      </trkpt>
      <trkpt lat="44.175526" lon="7.69145">
        <ele>2390.4</ele>
        <time>2026-07-25T05:13:05Z</time>
      </trkpt>
      <trkpt lat="44.175542" lon="7.691445">
        <ele>2390.4</ele>
        <time>2026-07-25T05:13:11Z</time>
      </trkpt>
      <trkpt lat="44.175541" lon="7.691439">
        <ele>2390.6</ele>
        <time>2026-07-25T05:13:14Z</time>
      </trkpt>
      <trkpt lat="44.175542" lon="7.691438">
        <ele>2390.8</ele>
        <time>2026-07-25T05:13:15Z</time>
      </trkpt>
      <trkpt lat="44.175526" lon="7.691424">
        <ele>2391.4</ele>
        <time>2026-07-25T05:13:20Z</time>
      </trkpt>
      <trkpt lat="44.175521" lon="7.691424">
        <ele>2391.6</ele>
        <time>2026-07-25T05:13:21Z</time>
      </trkpt>
      <trkpt lat="44.17553" lon="7.691419">
        <ele>2390.8</ele>
        <time>2026-07-25T05:13:29Z</time>
      </trkpt>
      <trkpt lat="44.175567" lon="7.6914">
        <ele>2391.0</ele>
        <time>2026-07-25T05:13:35Z</time>
      </trkpt>
      <trkpt lat="44.175621" lon="7.691373">
        <ele>2391.0</ele>
        <time>2026-07-25T05:13:42Z</time>
      </trkpt>
      <trkpt lat="44.175639" lon="7.691393">
        <ele>2391.6</ele>
        <time>2026-07-25T05:13:47Z</time>
      </trkpt>
      <trkpt lat="44.175642" lon="7.691397">
        <ele>2391.6</ele>
        <time>2026-07-25T05:13:50Z</time>
      </trkpt>
      <trkpt lat="44.175642" lon="7.691392">
        <ele>2391.6</ele>
        <time>2026-07-25T05:13:51Z</time>
      </trkpt>
      <trkpt lat="44.1756" lon="7.691371">
        <ele>2392.4</ele>
        <time>2026-07-25T05:14:00Z</time>
      </trkpt>
      <trkpt lat="44.175525" lon="7.691401">
        <ele>2392.6</ele>
        <time>2026-07-25T05:14:06Z</time>
      </trkpt>
      <trkpt lat="44.175508" lon="7.6914">
        <ele>2392.8</ele>
        <time>2026-07-25T05:14:07Z</time>
      </trkpt>
      <trkpt lat="44.17549" lon="7.691398">
        <ele>2392.8</ele>
        <time>2026-07-25T05:14:08Z</time>
      </trkpt>
      <trkpt lat="44.175412" lon="7.691412">
        <ele>2393.0</ele>
        <time>2026-07-25T05:14:15Z</time>
      </trkpt>
      <trkpt lat="44.175405" lon="7.69141">
        <ele>2393.2</ele>
        <time>2026-07-25T05:14:22Z</time>
      </trkpt>
      <trkpt lat="44.175426" lon="7.691398">
        <ele>2393.8</ele>
        <time>2026-07-25T05:14:26Z</time>
      </trkpt>
      <trkpt lat="44.175398" lon="7.691402">
        <ele>2394.0</ele>
        <time>2026-07-25T05:14:30Z</time>
      </trkpt>
      <trkpt lat="44.175356" lon="7.691415">
        <ele>2394.2</ele>
        <time>2026-07-25T05:14:38Z</time>
      </trkpt>
      <trkpt lat="44.175354" lon="7.691425">
        <ele>2394.6</ele>
        <time>2026-07-25T05:14:43Z</time>
      </trkpt>
      <trkpt lat="44.175366" lon="7.691427">
        <ele>2394.8</ele>
        <time>2026-07-25T05:14:44Z</time>
      </trkpt>
      <trkpt lat="44.175372" lon="7.691426">
        <ele>2394.8</ele>
        <time>2026-07-25T05:14:45Z</time>
      </trkpt>
      <trkpt lat="44.175406" lon="7.691421">
        <ele>2394.8</ele>
        <time>2026-07-25T05:14:50Z</time>
      </trkpt>
      <trkpt lat="44.175394" lon="7.691426">
        <ele>2395.2</ele>
        <time>2026-07-25T05:14:57Z</time>
      </trkpt>
      <trkpt lat="44.17542" lon="7.691431">
        <ele>2395.4</ele>
        <time>2026-07-25T05:15:05Z</time>
      </trkpt>
      <trkpt lat="44.175526" lon="7.691378">
        <ele>2395.6</ele>
        <time>2026-07-25T05:15:11Z</time>
      </trkpt>
      <trkpt lat="44.175522" lon="7.69138">
        <ele>2395.8</ele>
        <time>2026-07-25T05:15:12Z</time>
      </trkpt>
      <trkpt lat="44.175523" lon="7.691387">
        <ele>2396.0</ele>
        <time>2026-07-25T05:15:16Z</time>
      </trkpt>
      <trkpt lat="44.175532" lon="7.6914">
        <ele>2396.2</ele>
        <time>2026-07-25T05:15:22Z</time>
      </trkpt>
      <trkpt lat="44.175512" lon="7.691424">
        <ele>2396.4</ele>
        <time>2026-07-25T05:15:30Z</time>
      </trkpt>
      <trkpt lat="44.175458" lon="7.691421">
        <ele>2397.0</ele>
        <time>2026-07-25T05:15:35Z</time>
      </trkpt>
      <trkpt lat="44.175449" lon="7.691438">
        <ele>2397.2</ele>
        <time>2026-07-25T05:15:37Z</time>
      </trkpt>
      <trkpt lat="44.175387" lon="7.691418">
        <ele>2397.4</ele>
        <time>2026-07-25T05:15:44Z</time>
      </trkpt>
      <trkpt lat="44.175377" lon="7.691397">
        <ele>2397.6</ele>
        <time>2026-07-25T05:15:46Z</time>
      </trkpt>
      <trkpt lat="44.175343" lon="7.691399">
        <ele>2398.0</ele>
        <time>2026-07-25T05:15:50Z</time>
      </trkpt>
      <trkpt lat="44.175345" lon="7.691402">
        <ele>2398.2</ele>
        <time>2026-07-25T05:15:51Z</time>
      </trkpt>
      <trkpt lat="44.175398" lon="7.691395">
        <ele>2398.6</ele>
        <time>2026-07-25T05:15:56Z</time>
      </trkpt>
      <trkpt lat="44.17542" lon="7.691389">
        <ele>2398.6</ele>
        <time>2026-07-25T05:15:58Z</time>
      </trkpt>
      <trkpt lat="44.175433" lon="7.691387">
        <ele>2398.8</ele>
        <time>2026-07-25T05:16:00Z</time>
      </trkpt>
      <trkpt lat="44.175469" lon="7.691397">
        <ele>2399.0</ele>
        <time>2026-07-25T05:16:03Z</time>
      </trkpt>
      <trkpt lat="44.175477" lon="7.691387">
        <ele>2399.2</ele>
        <time>2026-07-25T05:16:04Z</time>
      </trkpt>
      <trkpt lat="44.175496" lon="7.691363">
        <ele>2399.4</ele>
        <time>2026-07-25T05:16:06Z</time>
      </trkpt>
      <trkpt lat="44.175525" lon="7.691281">
        <ele>2400.2</ele>
        <time>2026-07-25T05:16:13Z</time>
      </trkpt>
      <trkpt lat="44.175528" lon="7.691279">
        <ele>2400.4</ele>
        <time>2026-07-25T05:16:14Z</time>
      </trkpt>
      <trkpt lat="44.175487" lon="7.691286">
        <ele>2400.8</ele>
        <time>2026-07-25T05:16:20Z</time>
      </trkpt>
      <trkpt lat="44.175443" lon="7.691316">
        <ele>2401.0</ele>
        <time>2026-07-25T05:16:26Z</time>
      </trkpt>
      <trkpt lat="44.175418" lon="7.691323">
        <ele>2401.4</ele>
        <time>2026-07-25T05:16:30Z</time>
      </trkpt>
      <trkpt lat="44.175415" lon="7.691331">
        <ele>2401.4</ele>
        <time>2026-07-25T05:16:31Z</time>
      </trkpt>
      <trkpt lat="44.175424" lon="7.691357">
        <ele>2402.2</ele>
        <time>2026-07-25T05:16:37Z</time>
      </trkpt>
      <trkpt lat="44.175401" lon="7.691328">
        <ele>2402.4</ele>
        <time>2026-07-25T05:16:42Z</time>
      </trkpt>
      <trkpt lat="44.175402" lon="7.691327">
        <ele>2402.4</ele>
        <time>2026-07-25T05:16:43Z</time>
      </trkpt>
      <trkpt lat="44.175412" lon="7.691398">
        <ele>2402.8</ele>
        <time>2026-07-25T05:16:50Z</time>
      </trkpt>
      <trkpt lat="44.175425" lon="7.691378">
        <ele>2403.0</ele>
        <time>2026-07-25T05:16:54Z</time>
      </trkpt>
      <trkpt lat="44.175431" lon="7.691366">
        <ele>2403.2</ele>
        <time>2026-07-25T05:16:57Z</time>
      </trkpt>
      <trkpt lat="44.175437" lon="7.691338">
        <ele>2403.6</ele>
        <time>2026-07-25T05:16:59Z</time>
      </trkpt>
      <trkpt lat="44.175443" lon="7.691336">
        <ele>2403.8</ele>
        <time>2026-07-25T05:17:02Z</time>
      </trkpt>
      <trkpt lat="44.175452" lon="7.691333">
        <ele>2404.6</ele>
        <time>2026-07-25T05:17:08Z</time>
      </trkpt>
      <trkpt lat="44.175456" lon="7.691364">
        <ele>2404.4</ele>
        <time>2026-07-25T05:17:11Z</time>
      </trkpt>
      <trkpt lat="44.175452" lon="7.691423">
        <ele>2404.8</ele>
        <time>2026-07-25T05:17:17Z</time>
      </trkpt>
      <trkpt lat="44.175443" lon="7.691411">
        <ele>2404.6</ele>
        <time>2026-07-25T05:17:26Z</time>
      </trkpt>
      <trkpt lat="44.175461" lon="7.691465">
        <ele>2404.6</ele>
        <time>2026-07-25T05:17:33Z</time>
      </trkpt>
      <trkpt lat="44.175457" lon="7.691478">
        <ele>2405.8</ele>
        <time>2026-07-25T05:17:37Z</time>
      </trkpt>
      <trkpt lat="44.175445" lon="7.691483">
        <ele>2406.0</ele>
        <time>2026-07-25T05:17:39Z</time>
      </trkpt>
      <trkpt lat="44.175446" lon="7.69152">
        <ele>2406.4</ele>
        <time>2026-07-25T05:17:47Z</time>
      </trkpt>
      <trkpt lat="44.175453" lon="7.69153">
        <ele>2406.8</ele>
        <time>2026-07-25T05:17:50Z</time>
      </trkpt>
      <trkpt lat="44.175467" lon="7.691492">
        <ele>2407.0</ele>
        <time>2026-07-25T05:17:54Z</time>
      </trkpt>
      <trkpt lat="44.175469" lon="7.691466">
        <ele>2406.8</ele>
        <time>2026-07-25T05:17:55Z</time>
      </trkpt>
      <trkpt lat="44.1755" lon="7.691382">
        <ele>2406.6</ele>
        <time>2026-07-25T05:18:02Z</time>
      </trkpt>
      <trkpt lat="44.175512" lon="7.691393">
        <ele>2407.4</ele>
        <time>2026-07-25T05:18:08Z</time>
      </trkpt>
      <trkpt lat="44.175511" lon="7.691399">
        <ele>2407.8</ele>
        <time>2026-07-25T05:18:10Z</time>
      </trkpt>
      <trkpt lat="44.175517" lon="7.691411">
        <ele>2408.0</ele>
        <time>2026-07-25T05:18:12Z</time>
      </trkpt>
      <trkpt lat="44.175538" lon="7.691422">
        <ele>2409.0</ele>
        <time>2026-07-25T05:18:18Z</time>
      </trkpt>
      <trkpt lat="44.175529" lon="7.691432">
        <ele>2409.8</ele>
        <time>2026-07-25T05:18:23Z</time>
      </trkpt>
      <trkpt lat="44.175529" lon="7.691426">
        <ele>2410.0</ele>
        <time>2026-07-25T05:18:24Z</time>
      </trkpt>
      <trkpt lat="44.175512" lon="7.691482">
        <ele>2410.6</ele>
        <time>2026-07-25T05:18:32Z</time>
      </trkpt>
      <trkpt lat="44.175527" lon="7.69151">
        <ele>2411.0</ele>
        <time>2026-07-25T05:18:36Z</time>
      </trkpt>
      <trkpt lat="44.175532" lon="7.691523">
        <ele>2411.4</ele>
        <time>2026-07-25T05:18:39Z</time>
      </trkpt>
      <trkpt lat="44.175524" lon="7.691549">
        <ele>2411.4</ele>
        <time>2026-07-25T05:18:45Z</time>
      </trkpt>
      <trkpt lat="44.175525" lon="7.691552">
        <ele>2411.4</ele>
        <time>2026-07-25T05:18:46Z</time>
      </trkpt>
      <trkpt lat="44.175547" lon="7.691556">
        <ele>2411.6</ele>
        <time>2026-07-25T05:18:50Z</time>
      </trkpt>
      <trkpt lat="44.175551" lon="7.691557">
        <ele>2411.8</ele>
        <time>2026-07-25T05:18:51Z</time>
      </trkpt>
      <trkpt lat="44.175572" lon="7.691566">
        <ele>2412.0</ele>
        <time>2026-07-25T05:18:54Z</time>
      </trkpt>
      <trkpt lat="44.175567" lon="7.691566">
        <ele>2412.2</ele>
        <time>2026-07-25T05:18:55Z</time>
      </trkpt>
      <trkpt lat="44.17557" lon="7.691573">
        <ele>2412.6</ele>
        <time>2026-07-25T05:18:57Z</time>
      </trkpt>
      <trkpt lat="44.175583" lon="7.69156">
        <ele>2412.4</ele>
        <time>2026-07-25T05:19:07Z</time>
      </trkpt>
      <trkpt lat="44.175594" lon="7.691464">
        <ele>2412.6</ele>
        <time>2026-07-25T05:19:16Z</time>
      </trkpt>
      <trkpt lat="44.175616" lon="7.691458">
        <ele>2412.4</ele>
        <time>2026-07-25T05:19:24Z</time>
      </trkpt>
      <trkpt lat="44.175605" lon="7.691476">
        <ele>2412.8</ele>
        <time>2026-07-25T05:19:27Z</time>
      </trkpt>
      <trkpt lat="44.175603" lon="7.691476">
        <ele>2412.6</ele>
        <time>2026-07-25T05:19:30Z</time>
      </trkpt>
      <trkpt lat="44.175602" lon="7.691473">
        <ele>2412.6</ele>
        <time>2026-07-25T05:19:31Z</time>
      </trkpt>
      <trkpt lat="44.175619" lon="7.691444">
        <ele>2413.2</ele>
        <time>2026-07-25T05:19:36Z</time>
      </trkpt>
      <trkpt lat="44.175635" lon="7.691433">
        <ele>2414.0</ele>
        <time>2026-07-25T05:19:38Z</time>
      </trkpt>
      <trkpt lat="44.175641" lon="7.69143">
        <ele>2414.6</ele>
        <time>2026-07-25T05:19:39Z</time>
      </trkpt>
      <trkpt lat="44.175667" lon="7.691421">
        <ele>2415.6</ele>
        <time>2026-07-25T05:19:42Z</time>
      </trkpt>
      <trkpt lat="44.175699" lon="7.691419">
        <ele>2416.6</ele>
        <time>2026-07-25T05:19:45Z</time>
      </trkpt>
      <trkpt lat="44.175705" lon="7.691414">
        <ele>2416.8</ele>
        <time>2026-07-25T05:19:46Z</time>
      </trkpt>
      <trkpt lat="44.175765" lon="7.691417">
        <ele>2417.4</ele>
        <time>2026-07-25T05:19:51Z</time>
      </trkpt>
      <trkpt lat="44.175775" lon="7.691415">
        <ele>2417.4</ele>
        <time>2026-07-25T05:19:52Z</time>
      </trkpt>
      <trkpt lat="44.17579" lon="7.691429">
        <ele>2418.0</ele>
        <time>2026-07-25T05:19:55Z</time>
      </trkpt>
      <trkpt lat="44.175778" lon="7.691478">
        <ele>2418.0</ele>
        <time>2026-07-25T05:20:01Z</time>
      </trkpt>
      <trkpt lat="44.175755" lon="7.691458">
        <ele>2417.2</ele>
        <time>2026-07-25T05:20:09Z</time>
      </trkpt>
      <trkpt lat="44.17573" lon="7.691441">
        <ele>2417.4</ele>
        <time>2026-07-25T05:20:10Z</time>
      </trkpt>
      <trkpt lat="44.17571" lon="7.691423">
        <ele>2417.2</ele>
        <time>2026-07-25T05:20:14Z</time>
      </trkpt>
      <trkpt lat="44.175716" lon="7.691415">
        <ele>2416.8</ele>
        <time>2026-07-25T05:20:16Z</time>
      </trkpt>
      <trkpt lat="44.175742" lon="7.691402">
        <ele>2418.0</ele>
        <time>2026-07-25T05:20:22Z</time>
      </trkpt>
      <trkpt lat="44.175683" lon="7.691452">
        <ele>2417.8</ele>
        <time>2026-07-25T05:20:30Z</time>
      </trkpt>
      <trkpt lat="44.17567" lon="7.691464">
        <ele>2417.6</ele>
        <time>2026-07-25T05:20:37Z</time>
      </trkpt>
      <trkpt lat="44.175686" lon="7.691356">
        <ele>2418.0</ele>
        <time>2026-07-25T05:20:44Z</time>
      </trkpt>
      <trkpt lat="44.175679" lon="7.691332">
        <ele>2418.2</ele>
        <time>2026-07-25T05:20:46Z</time>
      </trkpt>
      <trkpt lat="44.175716" lon="7.691337">
        <ele>2419.0</ele>
        <time>2026-07-25T05:20:50Z</time>
      </trkpt>
      <trkpt lat="44.175721" lon="7.691342">
        <ele>2419.4</ele>
        <time>2026-07-25T05:20:51Z</time>
      </trkpt>
      <trkpt lat="44.175726" lon="7.691346">
        <ele>2419.8</ele>
        <time>2026-07-25T05:20:52Z</time>
      </trkpt>
      <trkpt lat="44.17572" lon="7.691356">
        <ele>2420.2</ele>
        <time>2026-07-25T05:20:56Z</time>
      </trkpt>
      <trkpt lat="44.175714" lon="7.691365">
        <ele>2420.2</ele>
        <time>2026-07-25T05:20:57Z</time>
      </trkpt>
      <trkpt lat="44.175693" lon="7.691374">
        <ele>2420.2</ele>
        <time>2026-07-25T05:20:59Z</time>
      </trkpt>
      <trkpt lat="44.175682" lon="7.691377">
        <ele>2420.6</ele>
        <time>2026-07-25T05:21:01Z</time>
      </trkpt>
      <trkpt lat="44.175683" lon="7.691333">
        <ele>2421.2</ele>
        <time>2026-07-25T05:21:07Z</time>
      </trkpt>
      <trkpt lat="44.175683" lon="7.691313">
        <ele>2421.6</ele>
        <time>2026-07-25T05:21:09Z</time>
      </trkpt>
      <trkpt lat="44.175698" lon="7.691307">
        <ele>2421.6</ele>
        <time>2026-07-25T05:21:14Z</time>
      </trkpt>
      <trkpt lat="44.175723" lon="7.691273">
        <ele>2422.8</ele>
        <time>2026-07-25T05:21:19Z</time>
      </trkpt>
      <trkpt lat="44.175725" lon="7.691269">
        <ele>2423.4</ele>
        <time>2026-07-25T05:21:21Z</time>
      </trkpt>
      <trkpt lat="44.175726" lon="7.691272">
        <ele>2423.8</ele>
        <time>2026-07-25T05:21:22Z</time>
      </trkpt>
      <trkpt lat="44.175736" lon="7.691314">
        <ele>2423.6</ele>
        <time>2026-07-25T05:21:30Z</time>
      </trkpt>
      <trkpt lat="44.175737" lon="7.691363">
        <ele>2423.6</ele>
        <time>2026-07-25T05:21:36Z</time>
      </trkpt>
      <trkpt lat="44.175736" lon="7.691368">
        <ele>2423.8</ele>
        <time>2026-07-25T05:21:37Z</time>
      </trkpt>
      <trkpt lat="44.175732" lon="7.691367">
        <ele>2423.8</ele>
        <time>2026-07-25T05:21:39Z</time>
      </trkpt>
      <trkpt lat="44.17573" lon="7.691357">
        <ele>2423.8</ele>
        <time>2026-07-25T05:21:41Z</time>
      </trkpt>
      <trkpt lat="44.175733" lon="7.691258">
        <ele>2424.0</ele>
        <time>2026-07-25T05:21:53Z</time>
      </trkpt>
      <trkpt lat="44.175736" lon="7.691237">
        <ele>2424.0</ele>
        <time>2026-07-25T05:22:00Z</time>
      </trkpt>
      <trkpt lat="44.175748" lon="7.691229">
        <ele>2425.0</ele>
        <time>2026-07-25T05:22:05Z</time>
      </trkpt>
      <trkpt lat="44.175751" lon="7.691247">
        <ele>2425.4</ele>
        <time>2026-07-25T05:22:09Z</time>
      </trkpt>
      <trkpt lat="44.175723" lon="7.691225">
        <ele>2425.0</ele>
        <time>2026-07-25T05:22:16Z</time>
      </trkpt>
      <trkpt lat="44.175711" lon="7.691202">
        <ele>2425.4</ele>
        <time>2026-07-25T05:22:25Z</time>
      </trkpt>
      <trkpt lat="44.175716" lon="7.691216">
        <ele>2425.6</ele>
        <time>2026-07-25T05:22:29Z</time>
      </trkpt>
      <trkpt lat="44.175694" lon="7.691201">
        <ele>2425.6</ele>
        <time>2026-07-25T05:22:34Z</time>
      </trkpt>
      <trkpt lat="44.175673" lon="7.691166">
        <ele>2426.0</ele>
        <time>2026-07-25T05:22:38Z</time>
      </trkpt>
      <trkpt lat="44.175664" lon="7.691157">
        <ele>2426.4</ele>
        <time>2026-07-25T05:22:41Z</time>
      </trkpt>
      <trkpt lat="44.175658" lon="7.691136">
        <ele>2426.4</ele>
        <time>2026-07-25T05:22:49Z</time>
      </trkpt>
      <trkpt lat="44.175653" lon="7.691121">
        <ele>2425.8</ele>
        <time>2026-07-25T05:22:53Z</time>
      </trkpt>
      <trkpt lat="44.175645" lon="7.691068">
        <ele>2425.4</ele>
        <time>2026-07-25T05:22:57Z</time>
      </trkpt>
      <trkpt lat="44.175628" lon="7.691029">
        <ele>2426.4</ele>
        <time>2026-07-25T05:23:04Z</time>
      </trkpt>
      <trkpt lat="44.175609" lon="7.690985">
        <ele>2426.8</ele>
        <time>2026-07-25T05:23:12Z</time>
      </trkpt>
      <trkpt lat="44.17559" lon="7.690951">
        <ele>2427.0</ele>
        <time>2026-07-25T05:23:15Z</time>
      </trkpt>
      <trkpt lat="44.175586" lon="7.690978">
        <ele>2427.0</ele>
        <time>2026-07-25T05:23:18Z</time>
      </trkpt>
      <trkpt lat="44.175588" lon="7.691007">
        <ele>2427.0</ele>
        <time>2026-07-25T05:23:20Z</time>
      </trkpt>
      <trkpt lat="44.175593" lon="7.691038">
        <ele>2426.6</ele>
        <time>2026-07-25T05:23:25Z</time>
      </trkpt>
      <trkpt lat="44.175566" lon="7.691003">
        <ele>2426.6</ele>
        <time>2026-07-25T05:23:31Z</time>
      </trkpt>
      <trkpt lat="44.175542" lon="7.690953">
        <ele>2427.6</ele>
        <time>2026-07-25T05:23:40Z</time>
      </trkpt>
      <trkpt lat="44.175529" lon="7.690924">
        <ele>2428.0</ele>
        <time>2026-07-25T05:23:45Z</time>
      </trkpt>
      <trkpt lat="44.175512" lon="7.690948">
        <ele>2428.2</ele>
        <time>2026-07-25T05:23:50Z</time>
      </trkpt>
      <trkpt lat="44.175468" lon="7.690963">
        <ele>2427.0</ele>
        <time>2026-07-25T05:23:56Z</time>
      </trkpt>
      <trkpt lat="44.175464" lon="7.690966">
        <ele>2426.8</ele>
        <time>2026-07-25T05:23:57Z</time>
      </trkpt>
      <trkpt lat="44.175405" lon="7.690983">
        <ele>2427.2</ele>
        <time>2026-07-25T05:24:07Z</time>
      </trkpt>
      <trkpt lat="44.175386" lon="7.69098">
        <ele>2427.6</ele>
        <time>2026-07-25T05:24:10Z</time>
      </trkpt>
      <trkpt lat="44.175364" lon="7.690977">
        <ele>2428.0</ele>
        <time>2026-07-25T05:24:14Z</time>
      </trkpt>
      <trkpt lat="44.175357" lon="7.690976">
        <ele>2428.2</ele>
        <time>2026-07-25T05:24:15Z</time>
      </trkpt>
      <trkpt lat="44.175331" lon="7.690998">
        <ele>2429.2</ele>
        <time>2026-07-25T05:24:23Z</time>
      </trkpt>
      <trkpt lat="44.175323" lon="7.691">
        <ele>2429.4</ele>
        <time>2026-07-25T05:24:24Z</time>
      </trkpt>
      <trkpt lat="44.175318" lon="7.691001">
        <ele>2429.6</ele>
        <time>2026-07-25T05:24:26Z</time>
      </trkpt>
      <trkpt lat="44.175298" lon="7.691006">
        <ele>2429.8</ele>
        <time>2026-07-25T05:24:28Z</time>
      </trkpt>
      <trkpt lat="44.175305" lon="7.690993">
        <ele>2429.6</ele>
        <time>2026-07-25T05:24:32Z</time>
      </trkpt>
      <trkpt lat="44.175352" lon="7.690953">
        <ele>2429.2</ele>
        <time>2026-07-25T05:24:38Z</time>
      </trkpt>
      <trkpt lat="44.175355" lon="7.69095">
        <ele>2429.2</ele>
        <time>2026-07-25T05:24:39Z</time>
      </trkpt>
      <trkpt lat="44.175358" lon="7.690967">
        <ele>2428.8</ele>
        <time>2026-07-25T05:24:46Z</time>
      </trkpt>
      <trkpt lat="44.175374" lon="7.690951">
        <ele>2428.4</ele>
        <time>2026-07-25T05:24:55Z</time>
      </trkpt>
      <trkpt lat="44.175384" lon="7.690957">
        <ele>2428.2</ele>
        <time>2026-07-25T05:24:59Z</time>
      </trkpt>
      <trkpt lat="44.175391" lon="7.690975">
        <ele>2428.0</ele>
        <time>2026-07-25T05:25:03Z</time>
      </trkpt>
      <trkpt lat="44.175364" lon="7.690984">
        <ele>2427.4</ele>
        <time>2026-07-25T05:25:12Z</time>
      </trkpt>
      <trkpt lat="44.175329" lon="7.690979">
        <ele>2427.4</ele>
        <time>2026-07-25T05:25:16Z</time>
      </trkpt>
      <trkpt lat="44.175314" lon="7.690987">
        <ele>2427.2</ele>
        <time>2026-07-25T05:25:19Z</time>
      </trkpt>
      <trkpt lat="44.175312" lon="7.690988">
        <ele>2427.2</ele>
        <time>2026-07-25T05:25:20Z</time>
      </trkpt>
      <trkpt lat="44.175333" lon="7.690972">
        <ele>2426.8</ele>
        <time>2026-07-25T05:25:26Z</time>
      </trkpt>
      <trkpt lat="44.175334" lon="7.69097">
        <ele>2426.6</ele>
        <time>2026-07-25T05:25:27Z</time>
      </trkpt>
      <trkpt lat="44.175335" lon="7.690963">
        <ele>2426.6</ele>
        <time>2026-07-25T05:25:30Z</time>
      </trkpt>
      <trkpt lat="44.175314" lon="7.690968">
        <ele>2426.4</ele>
        <time>2026-07-25T05:25:37Z</time>
      </trkpt>
      <trkpt lat="44.175321" lon="7.690962">
        <ele>2426.2</ele>
        <time>2026-07-25T05:25:41Z</time>
      </trkpt>
      <trkpt lat="44.175321" lon="7.690954">
        <ele>2426.0</ele>
        <time>2026-07-25T05:25:46Z</time>
      </trkpt>
      <trkpt lat="44.175299" lon="7.690966">
        <ele>2425.8</ele>
        <time>2026-07-25T05:25:53Z</time>
      </trkpt>
      <trkpt lat="44.175275" lon="7.691017">
        <ele>2427.4</ele>
        <time>2026-07-25T05:26:02Z</time>
      </trkpt>
      <trkpt lat="44.175213" lon="7.691032">
        <ele>2428.4</ele>
        <time>2026-07-25T05:26:07Z</time>
      </trkpt>
      <trkpt lat="44.175206" lon="7.691034">
        <ele>2428.6</ele>
        <time>2026-07-25T05:26:08Z</time>
      </trkpt>
      <trkpt lat="44.175194" lon="7.691024">
        <ele>2429.6</ele>
        <time>2026-07-25T05:26:13Z</time>
      </trkpt>
      <trkpt lat="44.175199" lon="7.69101">
        <ele>2430.0</ele>
        <time>2026-07-25T05:26:15Z</time>
      </trkpt>
      <trkpt lat="44.175206" lon="7.69101">
        <ele>2430.4</ele>
        <time>2026-07-25T05:26:18Z</time>
      </trkpt>
      <trkpt lat="44.175204" lon="7.691014">
        <ele>2430.6</ele>
        <time>2026-07-25T05:26:19Z</time>
      </trkpt>
      <trkpt lat="44.175203" lon="7.691012">
        <ele>2431.2</ele>
        <time>2026-07-25T05:26:22Z</time>
      </trkpt>
      <trkpt lat="44.175201" lon="7.691008">
        <ele>2431.6</ele>
        <time>2026-07-25T05:26:24Z</time>
      </trkpt>
      <trkpt lat="44.175176" lon="7.691008">
        <ele>2432.6</ele>
        <time>2026-07-25T05:26:29Z</time>
      </trkpt>
      <trkpt lat="44.175159" lon="7.691006">
        <ele>2432.6</ele>
        <time>2026-07-25T05:26:30Z</time>
      </trkpt>
      <trkpt lat="44.175091" lon="7.691031">
        <ele>2433.8</ele>
        <time>2026-07-25T05:26:35Z</time>
      </trkpt>
      <trkpt lat="44.175075" lon="7.691035">
        <ele>2434.0</ele>
        <time>2026-07-25T05:26:36Z</time>
      </trkpt>
      <trkpt lat="44.175029" lon="7.691057">
        <ele>2434.8</ele>
        <time>2026-07-25T05:26:43Z</time>
      </trkpt>
      <trkpt lat="44.175025" lon="7.691056">
        <ele>2435.0</ele>
        <time>2026-07-25T05:26:44Z</time>
      </trkpt>
      <trkpt lat="44.175016" lon="7.691047">
        <ele>2435.6</ele>
        <time>2026-07-25T05:26:50Z</time>
      </trkpt>
      <trkpt lat="44.175005" lon="7.691042">
        <ele>2436.0</ele>
        <time>2026-07-25T05:26:52Z</time>
      </trkpt>
      <trkpt lat="44.175002" lon="7.691039">
        <ele>2437.0</ele>
        <time>2026-07-25T05:26:56Z</time>
      </trkpt>
      <trkpt lat="44.174997" lon="7.691039">
        <ele>2437.2</ele>
        <time>2026-07-25T05:26:57Z</time>
      </trkpt>
      <trkpt lat="44.174999" lon="7.691058">
        <ele>2437.0</ele>
        <time>2026-07-25T05:27:03Z</time>
      </trkpt>
      <trkpt lat="44.174999" lon="7.691079">
        <ele>2436.0</ele>
        <time>2026-07-25T05:27:07Z</time>
      </trkpt>
      <trkpt lat="44.174992" lon="7.691087">
        <ele>2435.6</ele>
        <time>2026-07-25T05:27:09Z</time>
      </trkpt>
      <trkpt lat="44.174936" lon="7.691125">
        <ele>2435.6</ele>
        <time>2026-07-25T05:27:17Z</time>
      </trkpt>
      <trkpt lat="44.174916" lon="7.691103">
        <ele>2436.2</ele>
        <time>2026-07-25T05:27:25Z</time>
      </trkpt>
      <trkpt lat="44.174876" lon="7.691101">
        <ele>2436.8</ele>
        <time>2026-07-25T05:27:32Z</time>
      </trkpt>
      <trkpt lat="44.174853" lon="7.691103">
        <ele>2437.0</ele>
        <time>2026-07-25T05:27:39Z</time>
      </trkpt>
      <trkpt lat="44.174845" lon="7.691093">
        <ele>2437.0</ele>
        <time>2026-07-25T05:27:47Z</time>
      </trkpt>
      <trkpt lat="44.174835" lon="7.691061">
        <ele>2437.0</ele>
        <time>2026-07-25T05:27:54Z</time>
      </trkpt>
      <trkpt lat="44.174832" lon="7.691095">
        <ele>2437.0</ele>
        <time>2026-07-25T05:28:00Z</time>
      </trkpt>
      <trkpt lat="44.174799" lon="7.691114">
        <ele>2436.8</ele>
        <time>2026-07-25T05:28:09Z</time>
      </trkpt>
      <trkpt lat="44.174779" lon="7.691129">
        <ele>2436.6</ele>
        <time>2026-07-25T05:28:17Z</time>
      </trkpt>
      <trkpt lat="44.174745" lon="7.691153">
        <ele>2436.6</ele>
        <time>2026-07-25T05:28:24Z</time>
      </trkpt>
      <trkpt lat="44.174725" lon="7.691157">
        <ele>2436.4</ele>
        <time>2026-07-25T05:28:30Z</time>
      </trkpt>
      <trkpt lat="44.174717" lon="7.691107">
        <ele>2436.8</ele>
        <time>2026-07-25T05:28:38Z</time>
      </trkpt>
      <trkpt lat="44.174738" lon="7.691078">
        <ele>2436.6</ele>
        <time>2026-07-25T05:28:43Z</time>
      </trkpt>
      <trkpt lat="44.174729" lon="7.691072">
        <ele>2436.6</ele>
        <time>2026-07-25T05:28:45Z</time>
      </trkpt>
      <trkpt lat="44.174708" lon="7.691072">
        <ele>2436.4</ele>
        <time>2026-07-25T05:28:48Z</time>
      </trkpt>
      <trkpt lat="44.174691" lon="7.691078">
        <ele>2436.0</ele>
        <time>2026-07-25T05:28:51Z</time>
      </trkpt>
      <trkpt lat="44.174696" lon="7.691064">
        <ele>2436.4</ele>
        <time>2026-07-25T05:28:59Z</time>
      </trkpt>
      <trkpt lat="44.17469" lon="7.691056">
        <ele>2436.4</ele>
        <time>2026-07-25T05:29:07Z</time>
      </trkpt>
      <trkpt lat="44.174668" lon="7.691066">
        <ele>2436.6</ele>
        <time>2026-07-25T05:29:15Z</time>
      </trkpt>
      <trkpt lat="44.174662" lon="7.691079">
        <ele>2437.2</ele>
        <time>2026-07-25T05:29:23Z</time>
      </trkpt>
      <trkpt lat="44.174632" lon="7.691066">
        <ele>2437.8</ele>
        <time>2026-07-25T05:29:30Z</time>
      </trkpt>
      <trkpt lat="44.174624" lon="7.691065">
        <ele>2438.0</ele>
        <time>2026-07-25T05:29:32Z</time>
      </trkpt>
      <trkpt lat="44.174626" lon="7.691061">
        <ele>2438.4</ele>
        <time>2026-07-25T05:29:37Z</time>
      </trkpt>
      <trkpt lat="44.174605" lon="7.691025">
        <ele>2439.0</ele>
        <time>2026-07-25T05:29:44Z</time>
      </trkpt>
      <trkpt lat="44.174607" lon="7.691019">
        <ele>2439.2</ele>
        <time>2026-07-25T05:29:45Z</time>
      </trkpt>
      <trkpt lat="44.174603" lon="7.691038">
        <ele>2439.4</ele>
        <time>2026-07-25T05:29:53Z</time>
      </trkpt>
      <trkpt lat="44.174553" lon="7.691062">
        <ele>2438.6</ele>
        <time>2026-07-25T05:30:00Z</time>
      </trkpt>
      <trkpt lat="44.174497" lon="7.691072">
        <ele>2438.8</ele>
        <time>2026-07-25T05:30:08Z</time>
      </trkpt>
      <trkpt lat="44.174443" lon="7.691091">
        <ele>2438.2</ele>
        <time>2026-07-25T05:30:13Z</time>
      </trkpt>
      <trkpt lat="44.174421" lon="7.691106">
        <ele>2437.8</ele>
        <time>2026-07-25T05:30:16Z</time>
      </trkpt>
      <trkpt lat="44.174387" lon="7.691118">
        <ele>2438.0</ele>
        <time>2026-07-25T05:30:20Z</time>
      </trkpt>
      <trkpt lat="44.174353" lon="7.691123">
        <ele>2438.0</ele>
        <time>2026-07-25T05:30:24Z</time>
      </trkpt>
      <trkpt lat="44.174322" lon="7.691136">
        <ele>2438.4</ele>
        <time>2026-07-25T05:30:31Z</time>
      </trkpt>
      <trkpt lat="44.174229" lon="7.691157">
        <ele>2438.8</ele>
        <time>2026-07-25T05:30:39Z</time>
      </trkpt>
      <trkpt lat="44.174212" lon="7.691144">
        <ele>2439.0</ele>
        <time>2026-07-25T05:30:42Z</time>
      </trkpt>
      <trkpt lat="44.174204" lon="7.691143">
        <ele>2439.2</ele>
        <time>2026-07-25T05:30:43Z</time>
      </trkpt>
      <trkpt lat="44.174161" lon="7.691127">
        <ele>2440.0</ele>
        <time>2026-07-25T05:30:47Z</time>
      </trkpt>
      <trkpt lat="44.17415" lon="7.691128">
        <ele>2440.2</ele>
        <time>2026-07-25T05:30:48Z</time>
      </trkpt>
      <trkpt lat="44.174133" lon="7.691148">
        <ele>2440.6</ele>
        <time>2026-07-25T05:30:51Z</time>
      </trkpt>
      <trkpt lat="44.174123" lon="7.691179">
        <ele>2441.0</ele>
        <time>2026-07-25T05:30:55Z</time>
      </trkpt>
      <trkpt lat="44.17411" lon="7.6912">
        <ele>2441.4</ele>
        <time>2026-07-25T05:30:57Z</time>
      </trkpt>
      <trkpt lat="44.17408" lon="7.691232">
        <ele>2442.6</ele>
        <time>2026-07-25T05:31:01Z</time>
      </trkpt>
      <trkpt lat="44.174051" lon="7.691247">
        <ele>2442.6</ele>
        <time>2026-07-25T05:31:03Z</time>
      </trkpt>
      <trkpt lat="44.173997" lon="7.691255">
        <ele>2443.0</ele>
        <time>2026-07-25T05:31:09Z</time>
      </trkpt>
      <trkpt lat="44.173964" lon="7.691253">
        <ele>2443.6</ele>
        <time>2026-07-25T05:31:13Z</time>
      </trkpt>
      <trkpt lat="44.173942" lon="7.691247">
        <ele>2444.2</ele>
        <time>2026-07-25T05:31:16Z</time>
      </trkpt>
      <trkpt lat="44.173886" lon="7.69122">
        <ele>2444.6</ele>
        <time>2026-07-25T05:31:23Z</time>
      </trkpt>
      <trkpt lat="44.173882" lon="7.691215">
        <ele>2444.8</ele>
        <time>2026-07-25T05:31:24Z</time>
      </trkpt>
      <trkpt lat="44.173862" lon="7.691204">
        <ele>2445.8</ele>
        <time>2026-07-25T05:31:28Z</time>
      </trkpt>
      <trkpt lat="44.173847" lon="7.691191">
        <ele>2446.4</ele>
        <time>2026-07-25T05:31:30Z</time>
      </trkpt>
      <trkpt lat="44.173842" lon="7.691174">
        <ele>2447.0</ele>
        <time>2026-07-25T05:31:33Z</time>
      </trkpt>
      <trkpt lat="44.173821" lon="7.691119">
        <ele>2448.0</ele>
        <time>2026-07-25T05:31:38Z</time>
      </trkpt>
      <trkpt lat="44.173813" lon="7.691103">
        <ele>2448.2</ele>
        <time>2026-07-25T05:31:39Z</time>
      </trkpt>
      <trkpt lat="44.173795" lon="7.691078">
        <ele>2449.2</ele>
        <time>2026-07-25T05:31:44Z</time>
      </trkpt>
      <trkpt lat="44.173795" lon="7.691117">
        <ele>2449.6</ele>
        <time>2026-07-25T05:31:47Z</time>
      </trkpt>
      <trkpt lat="44.173788" lon="7.691104">
        <ele>2449.4</ele>
        <time>2026-07-25T05:31:56Z</time>
      </trkpt>
      <trkpt lat="44.173792" lon="7.69105">
        <ele>2450.4</ele>
        <time>2026-07-25T05:31:59Z</time>
      </trkpt>
      <trkpt lat="44.173788" lon="7.691054">
        <ele>2451.0</ele>
        <time>2026-07-25T05:32:01Z</time>
      </trkpt>
      <trkpt lat="44.173738" lon="7.690996">
        <ele>2450.8</ele>
        <time>2026-07-25T05:32:09Z</time>
      </trkpt>
      <trkpt lat="44.173713" lon="7.690979">
        <ele>2451.4</ele>
        <time>2026-07-25T05:32:13Z</time>
      </trkpt>
      <trkpt lat="44.1737" lon="7.690971">
        <ele>2451.8</ele>
        <time>2026-07-25T05:32:15Z</time>
      </trkpt>
      <trkpt lat="44.173647" lon="7.690931">
        <ele>2452.6</ele>
        <time>2026-07-25T05:32:22Z</time>
      </trkpt>
      <trkpt lat="44.173641" lon="7.690929">
        <ele>2452.8</ele>
        <time>2026-07-25T05:32:23Z</time>
      </trkpt>
      <trkpt lat="44.173617" lon="7.690938">
        <ele>2453.6</ele>
        <time>2026-07-25T05:32:28Z</time>
      </trkpt>
      <trkpt lat="44.173619" lon="7.69094">
        <ele>2454.0</ele>
        <time>2026-07-25T05:32:31Z</time>
      </trkpt>
      <trkpt lat="44.173599" lon="7.690921">
        <ele>2454.8</ele>
        <time>2026-07-25T05:32:35Z</time>
      </trkpt>
      <trkpt lat="44.173584" lon="7.690917">
        <ele>2455.6</ele>
        <time>2026-07-25T05:32:39Z</time>
      </trkpt>
      <trkpt lat="44.173579" lon="7.690921">
        <ele>2455.8</ele>
        <time>2026-07-25T05:32:41Z</time>
      </trkpt>
      <trkpt lat="44.173554" lon="7.69092">
        <ele>2456.0</ele>
        <time>2026-07-25T05:32:46Z</time>
      </trkpt>
      <trkpt lat="44.17353" lon="7.690918">
        <ele>2456.8</ele>
        <time>2026-07-25T05:32:51Z</time>
      </trkpt>
      <trkpt lat="44.173505" lon="7.690915">
        <ele>2457.2</ele>
        <time>2026-07-25T05:32:55Z</time>
      </trkpt>
      <trkpt lat="44.173443" lon="7.69091">
        <ele>2455.8</ele>
        <time>2026-07-25T05:33:01Z</time>
      </trkpt>
      <trkpt lat="44.17343" lon="7.690928">
        <ele>2455.4</ele>
        <time>2026-07-25T05:33:04Z</time>
      </trkpt>
      <trkpt lat="44.173339" lon="7.690953">
        <ele>2454.8</ele>
        <time>2026-07-25T05:33:15Z</time>
      </trkpt>
      <trkpt lat="44.173301" lon="7.69096">
        <ele>2454.8</ele>
        <time>2026-07-25T05:33:19Z</time>
      </trkpt>
      <trkpt lat="44.173283" lon="7.690963">
        <ele>2454.6</ele>
        <time>2026-07-25T05:33:21Z</time>
      </trkpt>
      <trkpt lat="44.173255" lon="7.690978">
        <ele>2454.8</ele>
        <time>2026-07-25T05:33:28Z</time>
      </trkpt>
      <trkpt lat="44.173221" lon="7.690956">
        <ele>2454.8</ele>
        <time>2026-07-25T05:33:34Z</time>
      </trkpt>
      <trkpt lat="44.173217" lon="7.690948">
        <ele>2455.0</ele>
        <time>2026-07-25T05:33:36Z</time>
      </trkpt>
      <trkpt lat="44.173209" lon="7.690951">
        <ele>2455.0</ele>
        <time>2026-07-25T05:33:40Z</time>
      </trkpt>
      <trkpt lat="44.173184" lon="7.690949">
        <ele>2454.6</ele>
        <time>2026-07-25T05:33:43Z</time>
      </trkpt>
      <trkpt lat="44.17316" lon="7.690953">
        <ele>2454.4</ele>
        <time>2026-07-25T05:33:48Z</time>
      </trkpt>
      <trkpt lat="44.173141" lon="7.690965">
        <ele>2454.4</ele>
        <time>2026-07-25T05:33:51Z</time>
      </trkpt>
      <trkpt lat="44.173119" lon="7.690989">
        <ele>2453.6</ele>
        <time>2026-07-25T05:33:56Z</time>
      </trkpt>
      <trkpt lat="44.173108" lon="7.690997">
        <ele>2453.6</ele>
        <time>2026-07-25T05:33:59Z</time>
      </trkpt>
      <trkpt lat="44.173019" lon="7.691053">
        <ele>2453.0</ele>
        <time>2026-07-25T05:34:07Z</time>
      </trkpt>
      <trkpt lat="44.172994" lon="7.691059">
        <ele>2452.6</ele>
        <time>2026-07-25T05:34:09Z</time>
      </trkpt>
      <trkpt lat="44.172966" lon="7.69106">
        <ele>2452.4</ele>
        <time>2026-07-25T05:34:11Z</time>
      </trkpt>
      <trkpt lat="44.172925" lon="7.691065">
        <ele>2452.6</ele>
        <time>2026-07-25T05:34:15Z</time>
      </trkpt>
      <trkpt lat="44.172842" lon="7.691062">
        <ele>2453.6</ele>
        <time>2026-07-25T05:34:24Z</time>
      </trkpt>
      <trkpt lat="44.172825" lon="7.691059">
        <ele>2453.8</ele>
        <time>2026-07-25T05:34:26Z</time>
      </trkpt>
      <trkpt lat="44.172773" lon="7.691065">
        <ele>2454.8</ele>
        <time>2026-07-25T05:34:32Z</time>
      </trkpt>
      <trkpt lat="44.172762" lon="7.691098">
        <ele>2455.2</ele>
        <time>2026-07-25T05:34:37Z</time>
      </trkpt>
      <trkpt lat="44.172705" lon="7.691115">
        <ele>2454.8</ele>
        <time>2026-07-25T05:34:44Z</time>
      </trkpt>
      <trkpt lat="44.172644" lon="7.691093">
        <ele>2454.2</ele>
        <time>2026-07-25T05:34:52Z</time>
      </trkpt>
      <trkpt lat="44.172584" lon="7.691047">
        <ele>2453.8</ele>
        <time>2026-07-25T05:34:59Z</time>
      </trkpt>
      <trkpt lat="44.172564" lon="7.691038">
        <ele>2453.8</ele>
        <time>2026-07-25T05:35:01Z</time>
      </trkpt>
      <trkpt lat="44.172527" lon="7.691014">
        <ele>2453.8</ele>
        <time>2026-07-25T05:35:05Z</time>
      </trkpt>
      <trkpt lat="44.172508" lon="7.690995">
        <ele>2453.6</ele>
        <time>2026-07-25T05:35:08Z</time>
      </trkpt>
      <trkpt lat="44.172447" lon="7.690967">
        <ele>2452.6</ele>
        <time>2026-07-25T05:35:15Z</time>
      </trkpt>
      <trkpt lat="44.172427" lon="7.690953">
        <ele>2452.0</ele>
        <time>2026-07-25T05:35:17Z</time>
      </trkpt>
      <trkpt lat="44.17238" lon="7.69083">
        <ele>2452.6</ele>
        <time>2026-07-25T05:35:25Z</time>
      </trkpt>
      <trkpt lat="44.172373" lon="7.690797">
        <ele>2452.6</ele>
        <time>2026-07-25T05:35:27Z</time>
      </trkpt>
      <trkpt lat="44.172361" lon="7.690739">
        <ele>2453.6</ele>
        <time>2026-07-25T05:35:33Z</time>
      </trkpt>
      <trkpt lat="44.172358" lon="7.690729">
        <ele>2453.8</ele>
        <time>2026-07-25T05:35:34Z</time>
      </trkpt>
      <trkpt lat="44.172351" lon="7.690689">
        <ele>2454.8</ele>
        <time>2026-07-25T05:35:41Z</time>
      </trkpt>
      <trkpt lat="44.172357" lon="7.690675">
        <ele>2454.8</ele>
        <time>2026-07-25T05:35:49Z</time>
      </trkpt>
      <trkpt lat="44.172341" lon="7.690673">
        <ele>2454.6</ele>
        <time>2026-07-25T05:35:53Z</time>
      </trkpt>
      <trkpt lat="44.172331" lon="7.690692">
        <ele>2454.8</ele>
        <time>2026-07-25T05:35:58Z</time>
      </trkpt>
      <trkpt lat="44.172335" lon="7.690671">
        <ele>2454.8</ele>
        <time>2026-07-25T05:36:08Z</time>
      </trkpt>
      <trkpt lat="44.172346" lon="7.690682">
        <ele>2455.2</ele>
        <time>2026-07-25T05:36:16Z</time>
      </trkpt>
      <trkpt lat="44.172348" lon="7.690683">
        <ele>2455.2</ele>
        <time>2026-07-25T05:36:18Z</time>
      </trkpt>
      <trkpt lat="44.172379" lon="7.690681">
        <ele>2455.4</ele>
        <time>2026-07-25T05:36:25Z</time>
      </trkpt>
      <trkpt lat="44.172374" lon="7.690659">
        <ele>2456.0</ele>
        <time>2026-07-25T05:36:29Z</time>
      </trkpt>
      <trkpt lat="44.172379" lon="7.690629">
        <ele>2457.2</ele>
        <time>2026-07-25T05:36:33Z</time>
      </trkpt>
      <trkpt lat="44.172379" lon="7.690616">
        <ele>2457.4</ele>
        <time>2026-07-25T05:36:34Z</time>
      </trkpt>
      <trkpt lat="44.172395" lon="7.690568">
        <ele>2458.4</ele>
        <time>2026-07-25T05:36:38Z</time>
      </trkpt>
      <trkpt lat="44.172395" lon="7.690581">
        <ele>2459.2</ele>
        <time>2026-07-25T05:36:42Z</time>
      </trkpt>
      <trkpt lat="44.172393" lon="7.690584">
        <ele>2459.4</ele>
        <time>2026-07-25T05:36:44Z</time>
      </trkpt>
      <trkpt lat="44.172375" lon="7.690592">
        <ele>2460.4</ele>
        <time>2026-07-25T05:36:52Z</time>
      </trkpt>
      <trkpt lat="44.172353" lon="7.690549">
        <ele>2461.0</ele>
        <time>2026-07-25T05:36:57Z</time>
      </trkpt>
      <trkpt lat="44.172343" lon="7.690527">
        <ele>2461.2</ele>
        <time>2026-07-25T05:36:59Z</time>
      </trkpt>
      <trkpt lat="44.172341" lon="7.690522">
        <ele>2461.4</ele>
        <time>2026-07-25T05:37:00Z</time>
      </trkpt>
      <trkpt lat="44.17234" lon="7.690521">
        <ele>2461.6</ele>
        <time>2026-07-25T05:37:04Z</time>
      </trkpt>
      <trkpt lat="44.172332" lon="7.690528">
        <ele>2461.4</ele>
        <time>2026-07-25T05:37:09Z</time>
      </trkpt>
      <trkpt lat="44.172332" lon="7.690511">
        <ele>2461.2</ele>
        <time>2026-07-25T05:37:13Z</time>
      </trkpt>
      <trkpt lat="44.172334" lon="7.690506">
        <ele>2461.2</ele>
        <time>2026-07-25T05:37:14Z</time>
      </trkpt>
      <trkpt lat="44.172332" lon="7.690505">
        <ele>2461.2</ele>
        <time>2026-07-25T05:37:15Z</time>
      </trkpt>
      <trkpt lat="44.172331" lon="7.690512">
        <ele>2461.0</ele>
        <time>2026-07-25T05:37:17Z</time>
      </trkpt>
      <trkpt lat="44.172348" lon="7.690525">
        <ele>2460.8</ele>
        <time>2026-07-25T05:37:26Z</time>
      </trkpt>
      <trkpt lat="44.172356" lon="7.690538">
        <ele>2460.6</ele>
        <time>2026-07-25T05:37:31Z</time>
      </trkpt>
      <trkpt lat="44.172353" lon="7.690534">
        <ele>2460.6</ele>
        <time>2026-07-25T05:37:33Z</time>
      </trkpt>
      <trkpt lat="44.172355" lon="7.69052">
        <ele>2460.6</ele>
        <time>2026-07-25T05:37:42Z</time>
      </trkpt>
      <trkpt lat="44.172353" lon="7.690515">
        <ele>2460.8</ele>
        <time>2026-07-25T05:37:44Z</time>
      </trkpt>
      <trkpt lat="44.172349" lon="7.690522">
        <ele>2460.4</ele>
        <time>2026-07-25T05:37:49Z</time>
      </trkpt>
      <trkpt lat="44.172354" lon="7.690546">
        <ele>2460.6</ele>
        <time>2026-07-25T05:37:55Z</time>
      </trkpt>
      <trkpt lat="44.172344" lon="7.690514">
        <ele>2461.0</ele>
        <time>2026-07-25T05:38:03Z</time>
      </trkpt>
      <trkpt lat="44.172351" lon="7.690527">
        <ele>2460.8</ele>
        <time>2026-07-25T05:38:07Z</time>
      </trkpt>
      <trkpt lat="44.172355" lon="7.690544">
        <ele>2460.8</ele>
        <time>2026-07-25T05:38:12Z</time>
      </trkpt>
      <trkpt lat="44.172335" lon="7.690515">
        <ele>2460.8</ele>
        <time>2026-07-25T05:38:21Z</time>
      </trkpt>
      <trkpt lat="44.172299" lon="7.69042">
        <ele>2461.6</ele>
        <time>2026-07-25T05:38:29Z</time>
      </trkpt>
      <trkpt lat="44.172298" lon="7.690393">
        <ele>2462.6</ele>
        <time>2026-07-25T05:38:34Z</time>
      </trkpt>
      <trkpt lat="44.172289" lon="7.690373">
        <ele>2463.2</ele>
        <time>2026-07-25T05:38:37Z</time>
      </trkpt>
      <trkpt lat="44.172276" lon="7.69035">
        <ele>2463.6</ele>
        <time>2026-07-25T05:38:39Z</time>
      </trkpt>
      <trkpt lat="44.172263" lon="7.690311">
        <ele>2464.0</ele>
        <time>2026-07-25T05:38:42Z</time>
      </trkpt>
      <trkpt lat="44.17224" lon="7.690287">
        <ele>2464.6</ele>
        <time>2026-07-25T05:38:46Z</time>
      </trkpt>
      <trkpt lat="44.172202" lon="7.690234">
        <ele>2465.2</ele>
        <time>2026-07-25T05:38:50Z</time>
      </trkpt>
      <trkpt lat="44.172151" lon="7.690114">
        <ele>2464.4</ele>
        <time>2026-07-25T05:38:58Z</time>
      </trkpt>
      <trkpt lat="44.172144" lon="7.690102">
        <ele>2464.2</ele>
        <time>2026-07-25T05:38:59Z</time>
      </trkpt>
      <trkpt lat="44.17214" lon="7.690093">
        <ele>2464.2</ele>
        <time>2026-07-25T05:39:00Z</time>
      </trkpt>
      <trkpt lat="44.172134" lon="7.69008">
        <ele>2464.2</ele>
        <time>2026-07-25T05:39:01Z</time>
      </trkpt>
      <trkpt lat="44.172128" lon="7.690069">
        <ele>2464.4</ele>
        <time>2026-07-25T05:39:02Z</time>
      </trkpt>
      <trkpt lat="44.172112" lon="7.690033">
        <ele>2464.6</ele>
        <time>2026-07-25T05:39:05Z</time>
      </trkpt>
      <trkpt lat="44.172096" lon="7.689994">
        <ele>2465.0</ele>
        <time>2026-07-25T05:39:09Z</time>
      </trkpt>
      <trkpt lat="44.17208" lon="7.689939">
        <ele>2465.8</ele>
        <time>2026-07-25T05:39:15Z</time>
      </trkpt>
      <trkpt lat="44.172074" lon="7.689922">
        <ele>2466.0</ele>
        <time>2026-07-25T05:39:16Z</time>
      </trkpt>
      <trkpt lat="44.172057" lon="7.689782">
        <ele>2466.2</ele>
        <time>2026-07-25T05:39:23Z</time>
      </trkpt>
      <trkpt lat="44.172057" lon="7.689769">
        <ele>2467.0</ele>
        <time>2026-07-25T05:39:26Z</time>
      </trkpt>
      <trkpt lat="44.172054" lon="7.689744">
        <ele>2467.4</ele>
        <time>2026-07-25T05:39:28Z</time>
      </trkpt>
      <trkpt lat="44.172017" lon="7.689666">
        <ele>2467.6</ele>
        <time>2026-07-25T05:39:35Z</time>
      </trkpt>
      <trkpt lat="44.172012" lon="7.689594">
        <ele>2466.4</ele>
        <time>2026-07-25T05:39:43Z</time>
      </trkpt>
      <trkpt lat="44.172005" lon="7.689553">
        <ele>2465.8</ele>
        <time>2026-07-25T05:39:46Z</time>
      </trkpt>
      <trkpt lat="44.171997" lon="7.689509">
        <ele>2465.6</ele>
        <time>2026-07-25T05:39:49Z</time>
      </trkpt>
      <trkpt lat="44.171959" lon="7.689443">
        <ele>2465.0</ele>
        <time>2026-07-25T05:39:56Z</time>
      </trkpt>
      <trkpt lat="44.171952" lon="7.689431">
        <ele>2464.8</ele>
        <time>2026-07-25T05:39:57Z</time>
      </trkpt>
      <trkpt lat="44.171922" lon="7.689355">
        <ele>2464.2</ele>
        <time>2026-07-25T05:40:03Z</time>
      </trkpt>
      <trkpt lat="44.171911" lon="7.689316">
        <ele>2464.2</ele>
        <time>2026-07-25T05:40:05Z</time>
      </trkpt>
      <trkpt lat="44.1719" lon="7.689268">
        <ele>2464.4</ele>
        <time>2026-07-25T05:40:08Z</time>
      </trkpt>
      <trkpt lat="44.171878" lon="7.689234">
        <ele>2464.4</ele>
        <time>2026-07-25T05:40:12Z</time>
      </trkpt>
      <trkpt lat="44.171836" lon="7.68919">
        <ele>2465.2</ele>
        <time>2026-07-25T05:40:19Z</time>
      </trkpt>
      <trkpt lat="44.171809" lon="7.689179">
        <ele>2465.8</ele>
        <time>2026-07-25T05:40:22Z</time>
      </trkpt>
      <trkpt lat="44.171781" lon="7.689155">
        <ele>2465.8</ele>
        <time>2026-07-25T05:40:25Z</time>
      </trkpt>
      <trkpt lat="44.171777" lon="7.68913">
        <ele>2466.0</ele>
        <time>2026-07-25T05:40:27Z</time>
      </trkpt>
      <trkpt lat="44.171772" lon="7.689082">
        <ele>2466.8</ele>
        <time>2026-07-25T05:40:31Z</time>
      </trkpt>
      <trkpt lat="44.171772" lon="7.689073">
        <ele>2467.0</ele>
        <time>2026-07-25T05:40:32Z</time>
      </trkpt>
      <trkpt lat="44.171774" lon="7.689009">
        <ele>2468.0</ele>
        <time>2026-07-25T05:40:37Z</time>
      </trkpt>
      <trkpt lat="44.171773" lon="7.689002">
        <ele>2468.4</ele>
        <time>2026-07-25T05:40:38Z</time>
      </trkpt>
      <trkpt lat="44.171766" lon="7.688991">
        <ele>2469.2</ele>
        <time>2026-07-25T05:40:43Z</time>
      </trkpt>
      <trkpt lat="44.171763" lon="7.688989">
        <ele>2469.4</ele>
        <time>2026-07-25T05:40:45Z</time>
      </trkpt>
      <trkpt lat="44.171775" lon="7.689005">
        <ele>2469.2</ele>
        <time>2026-07-25T05:40:55Z</time>
      </trkpt>
      <trkpt lat="44.171777" lon="7.689007">
        <ele>2469.2</ele>
        <time>2026-07-25T05:40:56Z</time>
      </trkpt>
      <trkpt lat="44.171779" lon="7.689008">
        <ele>2469.0</ele>
        <time>2026-07-25T05:40:57Z</time>
      </trkpt>
      <trkpt lat="44.171743" lon="7.688971">
        <ele>2469.2</ele>
        <time>2026-07-25T05:41:08Z</time>
      </trkpt>
      <trkpt lat="44.171739" lon="7.688943">
        <ele>2469.6</ele>
        <time>2026-07-25T05:41:19Z</time>
      </trkpt>
      <trkpt lat="44.171727" lon="7.688981">
        <ele>2469.6</ele>
        <time>2026-07-25T05:41:28Z</time>
      </trkpt>
      <trkpt lat="44.17171" lon="7.689031">
        <ele>2469.6</ele>
        <time>2026-07-25T05:41:34Z</time>
      </trkpt>
      <trkpt lat="44.1717" lon="7.68905">
        <ele>2469.6</ele>
        <time>2026-07-25T05:41:37Z</time>
      </trkpt>
      <trkpt lat="44.17172" lon="7.688986">
        <ele>2469.4</ele>
        <time>2026-07-25T05:41:44Z</time>
      </trkpt>
      <trkpt lat="44.171715" lon="7.688907">
        <ele>2470.2</ele>
        <time>2026-07-25T05:41:54Z</time>
      </trkpt>
      <trkpt lat="44.171714" lon="7.688838">
        <ele>2471.0</ele>
        <time>2026-07-25T05:42:01Z</time>
      </trkpt>
      <trkpt lat="44.171714" lon="7.688834">
        <ele>2471.2</ele>
        <time>2026-07-25T05:42:02Z</time>
      </trkpt>
      <trkpt lat="44.171698" lon="7.688757">
        <ele>2472.4</ele>
        <time>2026-07-25T05:42:08Z</time>
      </trkpt>
      <trkpt lat="44.171696" lon="7.688742">
        <ele>2472.6</ele>
        <time>2026-07-25T05:42:09Z</time>
      </trkpt>
      <trkpt lat="44.171677" lon="7.688718">
        <ele>2473.4</ele>
        <time>2026-07-25T05:42:12Z</time>
      </trkpt>
      <trkpt lat="44.17166" lon="7.688675">
        <ele>2474.2</ele>
        <time>2026-07-25T05:42:16Z</time>
      </trkpt>
      <trkpt lat="44.171662" lon="7.688669">
        <ele>2474.4</ele>
        <time>2026-07-25T05:42:17Z</time>
      </trkpt>
      <trkpt lat="44.171679" lon="7.688649">
        <ele>2475.2</ele>
        <time>2026-07-25T05:42:21Z</time>
      </trkpt>
      <trkpt lat="44.171689" lon="7.688637">
        <ele>2475.6</ele>
        <time>2026-07-25T05:42:23Z</time>
      </trkpt>
      <trkpt lat="44.171696" lon="7.688639">
        <ele>2475.8</ele>
        <time>2026-07-25T05:42:24Z</time>
      </trkpt>
      <trkpt lat="44.171711" lon="7.688612">
        <ele>2476.6</ele>
        <time>2026-07-25T05:42:28Z</time>
      </trkpt>
      <trkpt lat="44.171719" lon="7.688589">
        <ele>2477.2</ele>
        <time>2026-07-25T05:42:31Z</time>
      </trkpt>
      <trkpt lat="44.171721" lon="7.688579">
        <ele>2477.8</ele>
        <time>2026-07-25T05:42:33Z</time>
      </trkpt>
      <trkpt lat="44.171737" lon="7.688542">
        <ele>2478.8</ele>
        <time>2026-07-25T05:42:39Z</time>
      </trkpt>
      <trkpt lat="44.171754" lon="7.688485">
        <ele>2479.8</ele>
        <time>2026-07-25T05:42:45Z</time>
      </trkpt>
      <trkpt lat="44.171757" lon="7.688473">
        <ele>2480.0</ele>
        <time>2026-07-25T05:42:46Z</time>
      </trkpt>
      <trkpt lat="44.171766" lon="7.688468">
        <ele>2481.0</ele>
        <time>2026-07-25T05:42:52Z</time>
      </trkpt>
      <trkpt lat="44.171774" lon="7.688449">
        <ele>2481.4</ele>
        <time>2026-07-25T05:42:54Z</time>
      </trkpt>
      <trkpt lat="44.171779" lon="7.688423">
        <ele>2482.2</ele>
        <time>2026-07-25T05:42:58Z</time>
      </trkpt>
      <trkpt lat="44.171768" lon="7.688402">
        <ele>2482.8</ele>
        <time>2026-07-25T05:43:02Z</time>
      </trkpt>
      <trkpt lat="44.171756" lon="7.688386">
        <ele>2483.4</ele>
        <time>2026-07-25T05:43:06Z</time>
      </trkpt>
      <trkpt lat="44.171752" lon="7.688377">
        <ele>2483.8</ele>
        <time>2026-07-25T05:43:09Z</time>
      </trkpt>
      <trkpt lat="44.171758" lon="7.688368">
        <ele>2484.4</ele>
        <time>2026-07-25T05:43:12Z</time>
      </trkpt>
      <trkpt lat="44.171777" lon="7.688339">
        <ele>2485.2</ele>
        <time>2026-07-25T05:43:17Z</time>
      </trkpt>
      <trkpt lat="44.171772" lon="7.688343">
        <ele>2485.4</ele>
        <time>2026-07-25T05:43:18Z</time>
      </trkpt>
      <trkpt lat="44.171757" lon="7.688339">
        <ele>2486.0</ele>
        <time>2026-07-25T05:43:22Z</time>
      </trkpt>
      <trkpt lat="44.171738" lon="7.68833">
        <ele>2486.6</ele>
        <time>2026-07-25T05:43:25Z</time>
      </trkpt>
      <trkpt lat="44.171728" lon="7.688323">
        <ele>2487.2</ele>
        <time>2026-07-25T05:43:29Z</time>
      </trkpt>
      <trkpt lat="44.17172" lon="7.688317">
        <ele>2487.6</ele>
        <time>2026-07-25T05:43:32Z</time>
      </trkpt>
      <trkpt lat="44.171717" lon="7.68832">
        <ele>2488.4</ele>
        <time>2026-07-25T05:43:37Z</time>
      </trkpt>
      <trkpt lat="44.171721" lon="7.688334">
        <ele>2488.4</ele>
        <time>2026-07-25T05:43:40Z</time>
      </trkpt>
      <trkpt lat="44.171721" lon="7.688336">
        <ele>2488.2</ele>
        <time>2026-07-25T05:43:43Z</time>
      </trkpt>
      <trkpt lat="44.171718" lon="7.688323">
        <ele>2488.0</ele>
        <time>2026-07-25T05:43:45Z</time>
      </trkpt>
      <trkpt lat="44.171709" lon="7.688301">
        <ele>2488.2</ele>
        <time>2026-07-25T05:43:47Z</time>
      </trkpt>
      <trkpt lat="44.171695" lon="7.688255">
        <ele>2488.6</ele>
        <time>2026-07-25T05:43:50Z</time>
      </trkpt>
      <trkpt lat="44.171688" lon="7.688235">
        <ele>2489.4</ele>
        <time>2026-07-25T05:43:53Z</time>
      </trkpt>
      <trkpt lat="44.171682" lon="7.688226">
        <ele>2489.8</ele>
        <time>2026-07-25T05:43:55Z</time>
      </trkpt>
      <trkpt lat="44.171642" lon="7.688204">
        <ele>2490.6</ele>
        <time>2026-07-25T05:44:01Z</time>
      </trkpt>
      <trkpt lat="44.171631" lon="7.688205">
        <ele>2490.8</ele>
        <time>2026-07-25T05:44:02Z</time>
      </trkpt>
      <trkpt lat="44.171591" lon="7.688225">
        <ele>2492.0</ele>
        <time>2026-07-25T05:44:07Z</time>
      </trkpt>
      <trkpt lat="44.171581" lon="7.68822">
        <ele>2492.0</ele>
        <time>2026-07-25T05:44:08Z</time>
      </trkpt>
      <trkpt lat="44.171534" lon="7.688185">
        <ele>2493.0</ele>
        <time>2026-07-25T05:44:14Z</time>
      </trkpt>
      <trkpt lat="44.171528" lon="7.688174">
        <ele>2493.2</ele>
        <time>2026-07-25T05:44:16Z</time>
      </trkpt>
      <trkpt lat="44.171514" lon="7.688165">
        <ele>2494.0</ele>
        <time>2026-07-25T05:44:21Z</time>
      </trkpt>
      <trkpt lat="44.171511" lon="7.688166">
        <ele>2494.2</ele>
        <time>2026-07-25T05:44:22Z</time>
      </trkpt>
      <trkpt lat="44.171472" lon="7.688178">
        <ele>2495.0</ele>
        <time>2026-07-25T05:44:28Z</time>
      </trkpt>
      <trkpt lat="44.171458" lon="7.688188">
        <ele>2495.6</ele>
        <time>2026-07-25T05:44:31Z</time>
      </trkpt>
      <trkpt lat="44.17142" lon="7.68817">
        <ele>2496.2</ele>
        <time>2026-07-25T05:44:35Z</time>
      </trkpt>
      <trkpt lat="44.171409" lon="7.688162">
        <ele>2496.4</ele>
        <time>2026-07-25T05:44:36Z</time>
      </trkpt>
      <trkpt lat="44.17136" lon="7.688135">
        <ele>2497.2</ele>
        <time>2026-07-25T05:44:42Z</time>
      </trkpt>
      <trkpt lat="44.171354" lon="7.688131">
        <ele>2497.2</ele>
        <time>2026-07-25T05:44:43Z</time>
      </trkpt>
      <trkpt lat="44.17132" lon="7.688103">
        <ele>2498.4</ele>
        <time>2026-07-25T05:44:49Z</time>
      </trkpt>
      <trkpt lat="44.171316" lon="7.688093">
        <ele>2498.4</ele>
        <time>2026-07-25T05:44:50Z</time>
      </trkpt>
      <trkpt lat="44.171313" lon="7.68808">
        <ele>2498.8</ele>
        <time>2026-07-25T05:44:52Z</time>
      </trkpt>
      <trkpt lat="44.171321" lon="7.688062">
        <ele>2499.4</ele>
        <time>2026-07-25T05:44:55Z</time>
      </trkpt>
      <trkpt lat="44.171334" lon="7.688049">
        <ele>2500.0</ele>
        <time>2026-07-25T05:44:58Z</time>
      </trkpt>
      <trkpt lat="44.171345" lon="7.688025">
        <ele>2500.4</ele>
        <time>2026-07-25T05:45:01Z</time>
      </trkpt>
      <trkpt lat="44.171364" lon="7.688001">
        <ele>2501.2</ele>
        <time>2026-07-25T05:45:06Z</time>
      </trkpt>
      <trkpt lat="44.171368" lon="7.687994">
        <ele>2501.4</ele>
        <time>2026-07-25T05:45:07Z</time>
      </trkpt>
      <trkpt lat="44.171384" lon="7.687958">
        <ele>2502.4</ele>
        <time>2026-07-25T05:45:13Z</time>
      </trkpt>
      <trkpt lat="44.171387" lon="7.687946">
        <ele>2502.8</ele>
        <time>2026-07-25T05:45:15Z</time>
      </trkpt>
      <trkpt lat="44.171391" lon="7.687932">
        <ele>2503.6</ele>
        <time>2026-07-25T05:45:19Z</time>
      </trkpt>
      <trkpt lat="44.171386" lon="7.687918">
        <ele>2504.4</ele>
        <time>2026-07-25T05:45:24Z</time>
      </trkpt>
      <trkpt lat="44.171388" lon="7.687911">
        <ele>2504.6</ele>
        <time>2026-07-25T05:45:26Z</time>
      </trkpt>
      <trkpt lat="44.171389" lon="7.687867">
        <ele>2505.2</ele>
        <time>2026-07-25T05:45:32Z</time>
      </trkpt>
      <trkpt lat="44.171384" lon="7.687858">
        <ele>2505.8</ele>
        <time>2026-07-25T05:45:35Z</time>
      </trkpt>
      <trkpt lat="44.171387" lon="7.68782">
        <ele>2506.4</ele>
        <time>2026-07-25T05:45:39Z</time>
      </trkpt>
      <trkpt lat="44.171387" lon="7.687806">
        <ele>2506.8</ele>
        <time>2026-07-25T05:45:41Z</time>
      </trkpt>
      <trkpt lat="44.171379" lon="7.687767">
        <ele>2507.2</ele>
        <time>2026-07-25T05:45:46Z</time>
      </trkpt>
      <trkpt lat="44.17142" lon="7.687731">
        <ele>2507.6</ele>
        <time>2026-07-25T05:45:52Z</time>
      </trkpt>
      <trkpt lat="44.171434" lon="7.687728">
        <ele>2507.8</ele>
        <time>2026-07-25T05:45:54Z</time>
      </trkpt>
      <trkpt lat="44.171463" lon="7.687705">
        <ele>2508.4</ele>
        <time>2026-07-25T05:45:59Z</time>
      </trkpt>
      <trkpt lat="44.171476" lon="7.687673">
        <ele>2508.8</ele>
        <time>2026-07-25T05:46:03Z</time>
      </trkpt>
      <trkpt lat="44.171485" lon="7.687657">
        <ele>2509.2</ele>
        <time>2026-07-25T05:46:06Z</time>
      </trkpt>
      <trkpt lat="44.171494" lon="7.687616">
        <ele>2510.0</ele>
        <time>2026-07-25T05:46:11Z</time>
      </trkpt>
      <trkpt lat="44.171496" lon="7.687608">
        <ele>2510.0</ele>
        <time>2026-07-25T05:46:12Z</time>
      </trkpt>
      <trkpt lat="44.171522" lon="7.687595">
        <ele>2511.0</ele>
        <time>2026-07-25T05:46:19Z</time>
      </trkpt>
      <trkpt lat="44.171574" lon="7.687587">
        <ele>2512.2</ele>
        <time>2026-07-25T05:46:26Z</time>
      </trkpt>
      <trkpt lat="44.171576" lon="7.687591">
        <ele>2512.4</ele>
        <time>2026-07-25T05:46:27Z</time>
      </trkpt>
      <trkpt lat="44.17158" lon="7.687587">
        <ele>2512.6</ele>
        <time>2026-07-25T05:46:32Z</time>
      </trkpt>
      <trkpt lat="44.171583" lon="7.687584">
        <ele>2512.6</ele>
        <time>2026-07-25T05:46:35Z</time>
      </trkpt>
      <trkpt lat="44.171567" lon="7.68759">
        <ele>2512.2</ele>
        <time>2026-07-25T05:46:42Z</time>
      </trkpt>
      <trkpt lat="44.171589" lon="7.687619">
        <ele>2512.2</ele>
        <time>2026-07-25T05:46:48Z</time>
      </trkpt>
      <trkpt lat="44.171626" lon="7.687619">
        <ele>2513.2</ele>
        <time>2026-07-25T05:46:56Z</time>
      </trkpt>
      <trkpt lat="44.171626" lon="7.687621">
        <ele>2513.4</ele>
        <time>2026-07-25T05:46:57Z</time>
      </trkpt>
      <trkpt lat="44.171654" lon="7.687621">
        <ele>2514.0</ele>
        <time>2026-07-25T05:47:03Z</time>
      </trkpt>
      <trkpt lat="44.171672" lon="7.687631">
        <ele>2514.4</ele>
        <time>2026-07-25T05:47:05Z</time>
      </trkpt>
      <trkpt lat="44.1717" lon="7.687648">
        <ele>2515.2</ele>
        <time>2026-07-25T05:47:09Z</time>
      </trkpt>
      <trkpt lat="44.171713" lon="7.687652">
        <ele>2515.4</ele>
        <time>2026-07-25T05:47:11Z</time>
      </trkpt>
      <trkpt lat="44.171714" lon="7.687609">
        <ele>2516.2</ele>
        <time>2026-07-25T05:47:17Z</time>
      </trkpt>
      <trkpt lat="44.171721" lon="7.687588">
        <ele>2516.6</ele>
        <time>2026-07-25T05:47:19Z</time>
      </trkpt>
      <trkpt lat="44.171729" lon="7.687552">
        <ele>2517.8</ele>
        <time>2026-07-25T05:47:24Z</time>
      </trkpt>
      <trkpt lat="44.17173" lon="7.687546">
        <ele>2518.0</ele>
        <time>2026-07-25T05:47:25Z</time>
      </trkpt>
      <trkpt lat="44.171726" lon="7.687515">
        <ele>2518.4</ele>
        <time>2026-07-25T05:47:28Z</time>
      </trkpt>
      <trkpt lat="44.171722" lon="7.687485">
        <ele>2518.8</ele>
        <time>2026-07-25T05:47:30Z</time>
      </trkpt>
      <trkpt lat="44.171718" lon="7.687472">
        <ele>2519.0</ele>
        <time>2026-07-25T05:47:31Z</time>
      </trkpt>
      <trkpt lat="44.171713" lon="7.687452">
        <ele>2519.2</ele>
        <time>2026-07-25T05:47:32Z</time>
      </trkpt>
      <trkpt lat="44.171707" lon="7.687434">
        <ele>2519.6</ele>
        <time>2026-07-25T05:47:34Z</time>
      </trkpt>
      <trkpt lat="44.171699" lon="7.687425">
        <ele>2519.8</ele>
        <time>2026-07-25T05:47:36Z</time>
      </trkpt>
      <trkpt lat="44.171697" lon="7.687408">
        <ele>2520.2</ele>
        <time>2026-07-25T05:47:39Z</time>
      </trkpt>
      <trkpt lat="44.171707" lon="7.687431">
        <ele>2520.8</ele>
        <time>2026-07-25T05:47:43Z</time>
      </trkpt>
      <trkpt lat="44.171704" lon="7.687419">
        <ele>2521.0</ele>
        <time>2026-07-25T05:47:49Z</time>
      </trkpt>
      <trkpt lat="44.171707" lon="7.687407">
        <ele>2520.8</ele>
        <time>2026-07-25T05:47:53Z</time>
      </trkpt>
      <trkpt lat="44.171707" lon="7.687415">
        <ele>2521.0</ele>
        <time>2026-07-25T05:47:54Z</time>
      </trkpt>
      <trkpt lat="44.171708" lon="7.687424">
        <ele>2521.0</ele>
        <time>2026-07-25T05:47:55Z</time>
      </trkpt>
      <trkpt lat="44.171709" lon="7.687453">
        <ele>2521.0</ele>
        <time>2026-07-25T05:47:58Z</time>
      </trkpt>
      <trkpt lat="44.171732" lon="7.68749">
        <ele>2521.4</ele>
        <time>2026-07-25T05:48:05Z</time>
      </trkpt>
      <trkpt lat="44.171743" lon="7.687474">
        <ele>2521.4</ele>
        <time>2026-07-25T05:48:11Z</time>
      </trkpt>
      <trkpt lat="44.171748" lon="7.687449">
        <ele>2521.2</ele>
        <time>2026-07-25T05:48:15Z</time>
      </trkpt>
      <trkpt lat="44.17178" lon="7.687429">
        <ele>2521.6</ele>
        <time>2026-07-25T05:48:22Z</time>
      </trkpt>
      <trkpt lat="44.171779" lon="7.687421">
        <ele>2522.0</ele>
        <time>2026-07-25T05:48:24Z</time>
      </trkpt>
      <trkpt lat="44.171803" lon="7.687412">
        <ele>2523.0</ele>
        <time>2026-07-25T05:48:29Z</time>
      </trkpt>
      <trkpt lat="44.171809" lon="7.687413">
        <ele>2523.2</ele>
        <time>2026-07-25T05:48:30Z</time>
      </trkpt>
      <trkpt lat="44.17184" lon="7.687439">
        <ele>2524.0</ele>
        <time>2026-07-25T05:48:34Z</time>
      </trkpt>
      <trkpt lat="44.171854" lon="7.687444">
        <ele>2524.2</ele>
        <time>2026-07-25T05:48:36Z</time>
      </trkpt>
      <trkpt lat="44.171895" lon="7.687456">
        <ele>2525.0</ele>
        <time>2026-07-25T05:48:42Z</time>
      </trkpt>
      <trkpt lat="44.171914" lon="7.687429">
        <ele>2526.2</ele>
        <time>2026-07-25T05:48:48Z</time>
      </trkpt>
      <trkpt lat="44.171909" lon="7.687433">
        <ele>2526.6</ele>
        <time>2026-07-25T05:48:49Z</time>
      </trkpt>
      <trkpt lat="44.171905" lon="7.687438">
        <ele>2526.8</ele>
        <time>2026-07-25T05:48:51Z</time>
      </trkpt>
      <trkpt lat="44.171906" lon="7.687417">
        <ele>2527.2</ele>
        <time>2026-07-25T05:48:55Z</time>
      </trkpt>
      <trkpt lat="44.171906" lon="7.687406">
        <ele>2527.2</ele>
        <time>2026-07-25T05:48:56Z</time>
      </trkpt>
      <trkpt lat="44.171914" lon="7.687387">
        <ele>2527.8</ele>
        <time>2026-07-25T05:48:58Z</time>
      </trkpt>
      <trkpt lat="44.171931" lon="7.68736">
        <ele>2528.4</ele>
        <time>2026-07-25T05:49:01Z</time>
      </trkpt>
      <trkpt lat="44.17196" lon="7.687346">
        <ele>2529.2</ele>
        <time>2026-07-25T05:49:05Z</time>
      </trkpt>
      <trkpt lat="44.171964" lon="7.687356">
        <ele>2529.4</ele>
        <time>2026-07-25T05:49:06Z</time>
      </trkpt>
      <trkpt lat="44.171976" lon="7.687365">
        <ele>2530.2</ele>
        <time>2026-07-25T05:49:09Z</time>
      </trkpt>
      <trkpt lat="44.171978" lon="7.68737">
        <ele>2530.4</ele>
        <time>2026-07-25T05:49:11Z</time>
      </trkpt>
      <trkpt lat="44.171996" lon="7.687384">
        <ele>2530.8</ele>
        <time>2026-07-25T05:49:16Z</time>
      </trkpt>
      <trkpt lat="44.172018" lon="7.687354">
        <ele>2531.6</ele>
        <time>2026-07-25T05:49:22Z</time>
      </trkpt>
      <trkpt lat="44.172027" lon="7.687339">
        <ele>2532.0</ele>
        <time>2026-07-25T05:49:24Z</time>
      </trkpt>
      <trkpt lat="44.172037" lon="7.687319">
        <ele>2532.8</ele>
        <time>2026-07-25T05:49:28Z</time>
      </trkpt>
      <trkpt lat="44.172035" lon="7.687329">
        <ele>2533.2</ele>
        <time>2026-07-25T05:49:31Z</time>
      </trkpt>
      <trkpt lat="44.172049" lon="7.687294">
        <ele>2533.6</ele>
        <time>2026-07-25T05:49:38Z</time>
      </trkpt>
      <trkpt lat="44.172052" lon="7.687286">
        <ele>2533.8</ele>
        <time>2026-07-25T05:49:39Z</time>
      </trkpt>
      <trkpt lat="44.172062" lon="7.687273">
        <ele>2534.6</ele>
        <time>2026-07-25T05:49:43Z</time>
      </trkpt>
      <trkpt lat="44.172066" lon="7.687273">
        <ele>2534.6</ele>
        <time>2026-07-25T05:49:44Z</time>
      </trkpt>
      <trkpt lat="44.172068" lon="7.687276">
        <ele>2534.8</ele>
        <time>2026-07-25T05:49:45Z</time>
      </trkpt>
      <trkpt lat="44.172083" lon="7.687281">
        <ele>2535.2</ele>
        <time>2026-07-25T05:49:53Z</time>
      </trkpt>
      <trkpt lat="44.172104" lon="7.687281">
        <ele>2535.4</ele>
        <time>2026-07-25T05:50:02Z</time>
      </trkpt>
      <trkpt lat="44.17211" lon="7.687262">
        <ele>2535.8</ele>
        <time>2026-07-25T05:50:05Z</time>
      </trkpt>
      <trkpt lat="44.172132" lon="7.687236">
        <ele>2536.8</ele>
        <time>2026-07-25T05:50:10Z</time>
      </trkpt>
      <trkpt lat="44.172158" lon="7.687233">
        <ele>2538.0</ele>
        <time>2026-07-25T05:50:15Z</time>
      </trkpt>
      <trkpt lat="44.172163" lon="7.687222">
        <ele>2538.0</ele>
        <time>2026-07-25T05:50:16Z</time>
      </trkpt>
      <trkpt lat="44.172174" lon="7.68718">
        <ele>2538.6</ele>
        <time>2026-07-25T05:50:24Z</time>
      </trkpt>
      <trkpt lat="44.172175" lon="7.687162">
        <ele>2539.0</ele>
        <time>2026-07-25T05:50:27Z</time>
      </trkpt>
      <trkpt lat="44.172166" lon="7.68715">
        <ele>2539.8</ele>
        <time>2026-07-25T05:50:31Z</time>
      </trkpt>
      <trkpt lat="44.172166" lon="7.68715">
        <ele>2540.0</ele>
        <time>2026-07-25T05:50:32Z</time>
      </trkpt>
      <trkpt lat="44.172175" lon="7.687137">
        <ele>2540.8</ele>
        <time>2026-07-25T05:50:36Z</time>
      </trkpt>
      <trkpt lat="44.172172" lon="7.687138">
        <ele>2541.0</ele>
        <time>2026-07-25T05:50:37Z</time>
      </trkpt>
      <trkpt lat="44.172172" lon="7.687126">
        <ele>2541.4</ele>
        <time>2026-07-25T05:50:39Z</time>
      </trkpt>
      <trkpt lat="44.172195" lon="7.687105">
        <ele>2541.8</ele>
        <time>2026-07-25T05:50:44Z</time>
      </trkpt>
      <trkpt lat="44.172193" lon="7.687105">
        <ele>2542.2</ele>
        <time>2026-07-25T05:50:47Z</time>
      </trkpt>
      <trkpt lat="44.172199" lon="7.687091">
        <ele>2542.8</ele>
        <time>2026-07-25T05:50:50Z</time>
      </trkpt>
      <trkpt lat="44.172211" lon="7.687081">
        <ele>2543.2</ele>
        <time>2026-07-25T05:50:53Z</time>
      </trkpt>
      <trkpt lat="44.172231" lon="7.687063">
        <ele>2543.6</ele>
        <time>2026-07-25T05:50:56Z</time>
      </trkpt>
      <trkpt lat="44.172242" lon="7.687058">
        <ele>2544.2</ele>
        <time>2026-07-25T05:51:04Z</time>
      </trkpt>
      <trkpt lat="44.172238" lon="7.687056">
        <ele>2544.4</ele>
        <time>2026-07-25T05:51:05Z</time>
      </trkpt>
      <trkpt lat="44.172239" lon="7.687024">
        <ele>2545.4</ele>
        <time>2026-07-25T05:51:10Z</time>
      </trkpt>
      <trkpt lat="44.172241" lon="7.687024">
        <ele>2545.6</ele>
        <time>2026-07-25T05:51:11Z</time>
      </trkpt>
      <trkpt lat="44.172222" lon="7.687031">
        <ele>2546.4</ele>
        <time>2026-07-25T05:51:18Z</time>
      </trkpt>
      <trkpt lat="44.172212" lon="7.687028">
        <ele>2546.6</ele>
        <time>2026-07-25T05:51:19Z</time>
      </trkpt>
      <trkpt lat="44.172203" lon="7.687019">
        <ele>2546.6</ele>
        <time>2026-07-25T05:51:21Z</time>
      </trkpt>
      <trkpt lat="44.17221" lon="7.687016">
        <ele>2546.6</ele>
        <time>2026-07-25T05:51:22Z</time>
      </trkpt>
      <trkpt lat="44.172231" lon="7.687001">
        <ele>2546.4</ele>
        <time>2026-07-25T05:51:25Z</time>
      </trkpt>
      <trkpt lat="44.172313" lon="7.686981">
        <ele>2547.6</ele>
        <time>2026-07-25T05:51:32Z</time>
      </trkpt>
      <trkpt lat="44.17234" lon="7.686974">
        <ele>2548.4</ele>
        <time>2026-07-25T05:51:35Z</time>
      </trkpt>
      <trkpt lat="44.172353" lon="7.68697">
        <ele>2548.8</ele>
        <time>2026-07-25T05:51:37Z</time>
      </trkpt>
      <trkpt lat="44.172368" lon="7.686967">
        <ele>2549.4</ele>
        <time>2026-07-25T05:51:40Z</time>
      </trkpt>
      <trkpt lat="44.172372" lon="7.686962">
        <ele>2550.0</ele>
        <time>2026-07-25T05:51:42Z</time>
      </trkpt>
      <trkpt lat="44.172389" lon="7.686943">
        <ele>2551.0</ele>
        <time>2026-07-25T05:51:47Z</time>
      </trkpt>
      <trkpt lat="44.172397" lon="7.686939">
        <ele>2551.2</ele>
        <time>2026-07-25T05:51:49Z</time>
      </trkpt>
      <trkpt lat="44.172419" lon="7.686931">
        <ele>2552.2</ele>
        <time>2026-07-25T05:51:54Z</time>
      </trkpt>
      <trkpt lat="44.172424" lon="7.68693">
        <ele>2552.4</ele>
        <time>2026-07-25T05:51:55Z</time>
      </trkpt>
      <trkpt lat="44.17243" lon="7.686919">
        <ele>2553.2</ele>
        <time>2026-07-25T05:52:00Z</time>
      </trkpt>
      <trkpt lat="44.172442" lon="7.686911">
        <ele>2553.6</ele>
        <time>2026-07-25T05:52:02Z</time>
      </trkpt>
      <trkpt lat="44.172467" lon="7.686888">
        <ele>2554.4</ele>
        <time>2026-07-25T05:52:07Z</time>
      </trkpt>
      <trkpt lat="44.172467" lon="7.686876">
        <ele>2554.4</ele>
        <time>2026-07-25T05:52:08Z</time>
      </trkpt>
      <trkpt lat="44.172496" lon="7.686846">
        <ele>2555.2</ele>
        <time>2026-07-25T05:52:14Z</time>
      </trkpt>
      <trkpt lat="44.172499" lon="7.686838">
        <ele>2555.4</ele>
        <time>2026-07-25T05:52:15Z</time>
      </trkpt>
      <trkpt lat="44.172527" lon="7.686785">
        <ele>2555.8</ele>
        <time>2026-07-25T05:52:21Z</time>
      </trkpt>
      <trkpt lat="44.172533" lon="7.686788">
        <ele>2556.2</ele>
        <time>2026-07-25T05:52:27Z</time>
      </trkpt>
      <trkpt lat="44.172531" lon="7.686779">
        <ele>2556.0</ele>
        <time>2026-07-25T05:52:36Z</time>
      </trkpt>
      <trkpt lat="44.172553" lon="7.68673">
        <ele>2556.0</ele>
        <time>2026-07-25T05:52:42Z</time>
      </trkpt>
      <trkpt lat="44.17257" lon="7.686706">
        <ele>2556.4</ele>
        <time>2026-07-25T05:52:47Z</time>
      </trkpt>
      <trkpt lat="44.172584" lon="7.686686">
        <ele>2556.8</ele>
        <time>2026-07-25T05:52:50Z</time>
      </trkpt>
      <trkpt lat="44.172595" lon="7.686668">
        <ele>2557.6</ele>
        <time>2026-07-25T05:52:55Z</time>
      </trkpt>
      <trkpt lat="44.172597" lon="7.686663">
        <ele>2557.8</ele>
        <time>2026-07-25T05:52:56Z</time>
      </trkpt>
      <trkpt lat="44.17261" lon="7.686618">
        <ele>2558.4</ele>
        <time>2026-07-25T05:53:01Z</time>
      </trkpt>
      <trkpt lat="44.172614" lon="7.686604">
        <ele>2558.6</ele>
        <time>2026-07-25T05:53:02Z</time>
      </trkpt>
      <trkpt lat="44.172633" lon="7.686563">
        <ele>2559.4</ele>
        <time>2026-07-25T05:53:08Z</time>
      </trkpt>
      <trkpt lat="44.172634" lon="7.686544">
        <ele>2559.6</ele>
        <time>2026-07-25T05:53:10Z</time>
      </trkpt>
      <trkpt lat="44.172644" lon="7.686514">
        <ele>2560.0</ele>
        <time>2026-07-25T05:53:14Z</time>
      </trkpt>
      <trkpt lat="44.172643" lon="7.686482">
        <ele>2560.4</ele>
        <time>2026-07-25T05:53:19Z</time>
      </trkpt>
      <trkpt lat="44.172628" lon="7.686441">
        <ele>2560.8</ele>
        <time>2026-07-25T05:53:23Z</time>
      </trkpt>
      <trkpt lat="44.172622" lon="7.686425">
        <ele>2561.0</ele>
        <time>2026-07-25T05:53:25Z</time>
      </trkpt>
      <trkpt lat="44.172635" lon="7.686375">
        <ele>2561.8</ele>
        <time>2026-07-25T05:53:31Z</time>
      </trkpt>
      <trkpt lat="44.17264" lon="7.686365">
        <ele>2561.8</ele>
        <time>2026-07-25T05:53:32Z</time>
      </trkpt>
      <trkpt lat="44.172644" lon="7.68634">
        <ele>2562.6</ele>
        <time>2026-07-25T05:53:36Z</time>
      </trkpt>
      <trkpt lat="44.172641" lon="7.68632">
        <ele>2562.6</ele>
        <time>2026-07-25T05:53:38Z</time>
      </trkpt>
      <trkpt lat="44.172642" lon="7.686297">
        <ele>2562.8</ele>
        <time>2026-07-25T05:53:40Z</time>
      </trkpt>
      <trkpt lat="44.172645" lon="7.686283">
        <ele>2563.0</ele>
        <time>2026-07-25T05:53:42Z</time>
      </trkpt>
      <trkpt lat="44.172644" lon="7.686267">
        <ele>2563.4</ele>
        <time>2026-07-25T05:53:45Z</time>
      </trkpt>
      <trkpt lat="44.172638" lon="7.686213">
        <ele>2563.0</ele>
        <time>2026-07-25T05:53:50Z</time>
      </trkpt>
      <trkpt lat="44.172644" lon="7.686172">
        <ele>2562.4</ele>
        <time>2026-07-25T05:53:53Z</time>
      </trkpt>
      <trkpt lat="44.17266" lon="7.686133">
        <ele>2562.0</ele>
        <time>2026-07-25T05:53:56Z</time>
      </trkpt>
      <trkpt lat="44.172673" lon="7.686079">
        <ele>2562.2</ele>
        <time>2026-07-25T05:54:00Z</time>
      </trkpt>
      <trkpt lat="44.172689" lon="7.686059">
        <ele>2562.6</ele>
        <time>2026-07-25T05:54:02Z</time>
      </trkpt>
      <trkpt lat="44.172704" lon="7.686056">
        <ele>2563.2</ele>
        <time>2026-07-25T05:54:04Z</time>
      </trkpt>
      <trkpt lat="44.172716" lon="7.686061">
        <ele>2563.6</ele>
        <time>2026-07-25T05:54:06Z</time>
      </trkpt>
      <trkpt lat="44.172722" lon="7.686081">
        <ele>2564.2</ele>
        <time>2026-07-25T05:54:08Z</time>
      </trkpt>
      <trkpt lat="44.172734" lon="7.686126">
        <ele>2565.2</ele>
        <time>2026-07-25T05:54:13Z</time>
      </trkpt>
      <trkpt lat="44.172759" lon="7.68614">
        <ele>2566.2</ele>
        <time>2026-07-25T05:54:20Z</time>
      </trkpt>
      <trkpt lat="44.172772" lon="7.686143">
        <ele>2566.4</ele>
        <time>2026-07-25T05:54:21Z</time>
      </trkpt>
      <trkpt lat="44.172833" lon="7.686191">
        <ele>2567.4</ele>
        <time>2026-07-25T05:54:28Z</time>
      </trkpt>
      <trkpt lat="44.172834" lon="7.686198">
        <ele>2567.6</ele>
        <time>2026-07-25T05:54:29Z</time>
      </trkpt>
      <trkpt lat="44.172813" lon="7.686229">
        <ele>2568.4</ele>
        <time>2026-07-25T05:54:35Z</time>
      </trkpt>
      <trkpt lat="44.172801" lon="7.686258">
        <ele>2568.8</ele>
        <time>2026-07-25T05:54:38Z</time>
      </trkpt>
      <trkpt lat="44.1728" lon="7.686269">
        <ele>2568.8</ele>
        <time>2026-07-25T05:54:39Z</time>
      </trkpt>
      <trkpt lat="44.172803" lon="7.68628">
        <ele>2569.0</ele>
        <time>2026-07-25T05:54:40Z</time>
      </trkpt>
      <trkpt lat="44.172808" lon="7.686288">
        <ele>2569.2</ele>
        <time>2026-07-25T05:54:43Z</time>
      </trkpt>
      <trkpt lat="44.172822" lon="7.686282">
        <ele>2569.4</ele>
        <time>2026-07-25T05:54:47Z</time>
      </trkpt>
      <trkpt lat="44.172832" lon="7.686291">
        <ele>2570.0</ele>
        <time>2026-07-25T05:54:50Z</time>
      </trkpt>
      <trkpt lat="44.172839" lon="7.686291">
        <ele>2570.6</ele>
        <time>2026-07-25T05:54:52Z</time>
      </trkpt>
      <trkpt lat="44.172858" lon="7.686278">
        <ele>2571.6</ele>
        <time>2026-07-25T05:54:57Z</time>
      </trkpt>
      <trkpt lat="44.172862" lon="7.686279">
        <ele>2571.8</ele>
        <time>2026-07-25T05:54:58Z</time>
      </trkpt>
      <trkpt lat="44.172881" lon="7.686276">
        <ele>2572.6</ele>
        <time>2026-07-25T05:55:02Z</time>
      </trkpt>
      <trkpt lat="44.172884" lon="7.686272">
        <ele>2573.0</ele>
        <time>2026-07-25T05:55:04Z</time>
      </trkpt>
      <trkpt lat="44.172893" lon="7.686262">
        <ele>2573.8</ele>
        <time>2026-07-25T05:55:07Z</time>
      </trkpt>
      <trkpt lat="44.172914" lon="7.686227">
        <ele>2574.4</ele>
        <time>2026-07-25T05:55:12Z</time>
      </trkpt>
      <trkpt lat="44.17294" lon="7.686205">
        <ele>2575.2</ele>
        <time>2026-07-25T05:55:16Z</time>
      </trkpt>
      <trkpt lat="44.172945" lon="7.686206">
        <ele>2576.0</ele>
        <time>2026-07-25T05:55:19Z</time>
      </trkpt>
      <trkpt lat="44.172944" lon="7.686219">
        <ele>2576.2</ele>
        <time>2026-07-25T05:55:21Z</time>
      </trkpt>
      <trkpt lat="44.172952" lon="7.686238">
        <ele>2576.8</ele>
        <time>2026-07-25T05:55:25Z</time>
      </trkpt>
      <trkpt lat="44.172952" lon="7.686196">
        <ele>2576.8</ele>
        <time>2026-07-25T05:55:31Z</time>
      </trkpt>
      <trkpt lat="44.172967" lon="7.686177">
        <ele>2577.6</ele>
        <time>2026-07-25T05:55:34Z</time>
      </trkpt>
      <trkpt lat="44.17298" lon="7.686147">
        <ele>2578.6</ele>
        <time>2026-07-25T05:55:39Z</time>
      </trkpt>
      <trkpt lat="44.172994" lon="7.686155">
        <ele>2579.8</ele>
        <time>2026-07-25T05:55:42Z</time>
      </trkpt>
      <trkpt lat="44.173016" lon="7.686181">
        <ele>2580.8</ele>
        <time>2026-07-25T05:55:46Z</time>
      </trkpt>
      <trkpt lat="44.173056" lon="7.686207">
        <ele>2581.6</ele>
        <time>2026-07-25T05:55:55Z</time>
      </trkpt>
      <trkpt lat="44.173061" lon="7.686169">
        <ele>2581.8</ele>
        <time>2026-07-25T05:56:01Z</time>
      </trkpt>
      <trkpt lat="44.173062" lon="7.686159">
        <ele>2582.6</ele>
        <time>2026-07-25T05:56:03Z</time>
      </trkpt>
      <trkpt lat="44.173059" lon="7.686156">
        <ele>2583.0</ele>
        <time>2026-07-25T05:56:04Z</time>
      </trkpt>
      <trkpt lat="44.173043" lon="7.686167">
        <ele>2584.2</ele>
        <time>2026-07-25T05:56:07Z</time>
      </trkpt>
      <trkpt lat="44.173068" lon="7.686184">
        <ele>2584.4</ele>
        <time>2026-07-25T05:56:10Z</time>
      </trkpt>
      <trkpt lat="44.173079" lon="7.686145">
        <ele>2584.2</ele>
        <time>2026-07-25T05:56:17Z</time>
      </trkpt>
      <trkpt lat="44.173107" lon="7.686116">
        <ele>2585.6</ele>
        <time>2026-07-25T05:56:22Z</time>
      </trkpt>
      <trkpt lat="44.173118" lon="7.686108">
        <ele>2586.2</ele>
        <time>2026-07-25T05:56:24Z</time>
      </trkpt>
      <trkpt lat="44.173133" lon="7.686106">
        <ele>2586.0</ele>
        <time>2026-07-25T05:56:32Z</time>
      </trkpt>
      <trkpt lat="44.173141" lon="7.686074">
        <ele>2586.6</ele>
        <time>2026-07-25T05:56:37Z</time>
      </trkpt>
      <trkpt lat="44.17316" lon="7.686058">
        <ele>2587.8</ele>
        <time>2026-07-25T05:56:40Z</time>
      </trkpt>
      <trkpt lat="44.173166" lon="7.686055">
        <ele>2588.8</ele>
        <time>2026-07-25T05:56:43Z</time>
      </trkpt>
      <trkpt lat="44.173182" lon="7.686042">
        <ele>2589.2</ele>
        <time>2026-07-25T05:56:47Z</time>
      </trkpt>
      <trkpt lat="44.173182" lon="7.686054">
        <ele>2589.8</ele>
        <time>2026-07-25T05:56:50Z</time>
      </trkpt>
      <trkpt lat="44.173177" lon="7.686055">
        <ele>2590.0</ele>
        <time>2026-07-25T05:56:51Z</time>
      </trkpt>
      <trkpt lat="44.173174" lon="7.686052">
        <ele>2590.2</ele>
        <time>2026-07-25T05:56:53Z</time>
      </trkpt>
      <trkpt lat="44.173177" lon="7.686053">
        <ele>2590.2</ele>
        <time>2026-07-25T05:56:54Z</time>
      </trkpt>
      <trkpt lat="44.173202" lon="7.686038">
        <ele>2589.8</ele>
        <time>2026-07-25T05:56:59Z</time>
      </trkpt>
      <trkpt lat="44.173215" lon="7.686021">
        <ele>2590.0</ele>
        <time>2026-07-25T05:57:01Z</time>
      </trkpt>
      <trkpt lat="44.173239" lon="7.686018">
        <ele>2591.2</ele>
        <time>2026-07-25T05:57:05Z</time>
      </trkpt>
      <trkpt lat="44.173261" lon="7.686005">
        <ele>2592.0</ele>
        <time>2026-07-25T05:57:08Z</time>
      </trkpt>
      <trkpt lat="44.173278" lon="7.685992">
        <ele>2592.4</ele>
        <time>2026-07-25T05:57:10Z</time>
      </trkpt>
      <trkpt lat="44.173277" lon="7.685962">
        <ele>2593.2</ele>
        <time>2026-07-25T05:57:15Z</time>
      </trkpt>
      <trkpt lat="44.173273" lon="7.685937">
        <ele>2593.6</ele>
        <time>2026-07-25T05:57:19Z</time>
      </trkpt>
      <trkpt lat="44.173279" lon="7.685918">
        <ele>2594.4</ele>
        <time>2026-07-25T05:57:22Z</time>
      </trkpt>
      <trkpt lat="44.17328" lon="7.685907">
        <ele>2594.6</ele>
        <time>2026-07-25T05:57:23Z</time>
      </trkpt>
      <trkpt lat="44.173291" lon="7.685856">
        <ele>2595.6</ele>
        <time>2026-07-25T05:57:32Z</time>
      </trkpt>
      <trkpt lat="44.173294" lon="7.685847">
        <ele>2595.8</ele>
        <time>2026-07-25T05:57:33Z</time>
      </trkpt>
      <trkpt lat="44.173306" lon="7.685798">
        <ele>2596.6</ele>
        <time>2026-07-25T05:57:39Z</time>
      </trkpt>
      <trkpt lat="44.173316" lon="7.685781">
        <ele>2597.0</ele>
        <time>2026-07-25T05:57:41Z</time>
      </trkpt>
      <trkpt lat="44.173338" lon="7.685764">
        <ele>2598.4</ele>
        <time>2026-07-25T05:57:45Z</time>
      </trkpt>
      <trkpt lat="44.173353" lon="7.685754">
        <ele>2599.6</ele>
        <time>2026-07-25T05:57:48Z</time>
      </trkpt>
      <trkpt lat="44.173371" lon="7.685751">
        <ele>2600.4</ele>
        <time>2026-07-25T05:57:54Z</time>
      </trkpt>
      <trkpt lat="44.173357" lon="7.685748">
        <ele>2600.2</ele>
        <time>2026-07-25T05:58:01Z</time>
      </trkpt>
      <trkpt lat="44.173366" lon="7.685714">
        <ele>2600.6</ele>
        <time>2026-07-25T05:58:07Z</time>
      </trkpt>
      <trkpt lat="44.173366" lon="7.685703">
        <ele>2600.8</ele>
        <time>2026-07-25T05:58:08Z</time>
      </trkpt>
      <trkpt lat="44.17338" lon="7.685644">
        <ele>2601.6</ele>
        <time>2026-07-25T05:58:14Z</time>
      </trkpt>
      <trkpt lat="44.173386" lon="7.685638">
        <ele>2602.0</ele>
        <time>2026-07-25T05:58:15Z</time>
      </trkpt>
      <trkpt lat="44.173399" lon="7.685643">
        <ele>2603.0</ele>
        <time>2026-07-25T05:58:18Z</time>
      </trkpt>
      <trkpt lat="44.173399" lon="7.685651">
        <ele>2603.0</ele>
        <time>2026-07-25T05:58:21Z</time>
      </trkpt>
      <trkpt lat="44.173401" lon="7.685653">
        <ele>2602.8</ele>
        <time>2026-07-25T05:58:23Z</time>
      </trkpt>
      <trkpt lat="44.173403" lon="7.68565">
        <ele>2602.8</ele>
        <time>2026-07-25T05:58:24Z</time>
      </trkpt>
      <trkpt lat="44.173411" lon="7.68565">
        <ele>2602.8</ele>
        <time>2026-07-25T05:58:25Z</time>
      </trkpt>
      <trkpt lat="44.173423" lon="7.685656">
        <ele>2603.2</ele>
        <time>2026-07-25T05:58:28Z</time>
      </trkpt>
      <trkpt lat="44.17344" lon="7.685651">
        <ele>2603.4</ele>
        <time>2026-07-25T05:58:34Z</time>
      </trkpt>
      <trkpt lat="44.17343" lon="7.685659">
        <ele>2603.6</ele>
        <time>2026-07-25T05:58:41Z</time>
      </trkpt>
      <trkpt lat="44.173425" lon="7.685621">
        <ele>2603.4</ele>
        <time>2026-07-25T05:58:50Z</time>
      </trkpt>
      <trkpt lat="44.17344" lon="7.685601">
        <ele>2604.0</ele>
        <time>2026-07-25T05:58:53Z</time>
      </trkpt>
      <trkpt lat="44.173457" lon="7.685595">
        <ele>2604.8</ele>
        <time>2026-07-25T05:58:56Z</time>
      </trkpt>
      <trkpt lat="44.173461" lon="7.68559">
        <ele>2605.0</ele>
        <time>2026-07-25T05:58:59Z</time>
      </trkpt>
      <trkpt lat="44.173466" lon="7.685581">
        <ele>2605.8</ele>
        <time>2026-07-25T05:59:04Z</time>
      </trkpt>
      <trkpt lat="44.173473" lon="7.685568">
        <ele>2606.0</ele>
        <time>2026-07-25T05:59:06Z</time>
      </trkpt>
      <trkpt lat="44.173486" lon="7.685567">
        <ele>2606.8</ele>
        <time>2026-07-25T05:59:11Z</time>
      </trkpt>
      <trkpt lat="44.173505" lon="7.685532">
        <ele>2607.6</ele>
        <time>2026-07-25T05:59:21Z</time>
      </trkpt>
      <trkpt lat="44.173487" lon="7.685534">
        <ele>2608.0</ele>
        <time>2026-07-25T05:59:30Z</time>
      </trkpt>
      <trkpt lat="44.173532" lon="7.685542">
        <ele>2608.0</ele>
        <time>2026-07-25T05:59:36Z</time>
      </trkpt>
      <trkpt lat="44.173536" lon="7.685541">
        <ele>2609.0</ele>
        <time>2026-07-25T05:59:39Z</time>
      </trkpt>
      <trkpt lat="44.173553" lon="7.685535">
        <ele>2608.8</ele>
        <time>2026-07-25T05:59:43Z</time>
      </trkpt>
      <trkpt lat="44.173585" lon="7.685497">
        <ele>2609.4</ele>
        <time>2026-07-25T05:59:53Z</time>
      </trkpt>
      <trkpt lat="44.173587" lon="7.685479">
        <ele>2610.0</ele>
        <time>2026-07-25T05:59:56Z</time>
      </trkpt>
      <trkpt lat="44.173594" lon="7.685441">
        <ele>2610.8</ele>
        <time>2026-07-25T06:00:00Z</time>
      </trkpt>
      <trkpt lat="44.173604" lon="7.685395">
        <ele>2611.2</ele>
        <time>2026-07-25T06:00:06Z</time>
      </trkpt>
      <trkpt lat="44.17361" lon="7.685393">
        <ele>2612.4</ele>
        <time>2026-07-25T06:00:14Z</time>
      </trkpt>
      <trkpt lat="44.17361" lon="7.685393">
        <ele>2612.8</ele>
        <time>2026-07-25T06:00:15Z</time>
      </trkpt>
      <trkpt lat="44.17361" lon="7.685395">
        <ele>2613.4</ele>
        <time>2026-07-25T06:00:18Z</time>
      </trkpt>
      <trkpt lat="44.173603" lon="7.685399">
        <ele>2613.2</ele>
        <time>2026-07-25T06:00:23Z</time>
      </trkpt>
      <trkpt lat="44.173567" lon="7.685362">
        <ele>2613.2</ele>
        <time>2026-07-25T06:00:29Z</time>
      </trkpt>
      <trkpt lat="44.173596" lon="7.685308">
        <ele>2614.4</ele>
        <time>2026-07-25T06:00:35Z</time>
      </trkpt>
      <trkpt lat="44.173601" lon="7.685304">
        <ele>2614.8</ele>
        <time>2026-07-25T06:00:36Z</time>
      </trkpt>
      <trkpt lat="44.173628" lon="7.685305">
        <ele>2615.6</ele>
        <time>2026-07-25T06:00:42Z</time>
      </trkpt>
      <trkpt lat="44.173619" lon="7.6853">
        <ele>2615.8</ele>
        <time>2026-07-25T06:00:50Z</time>
      </trkpt>
      <trkpt lat="44.173623" lon="7.685294">
        <ele>2615.8</ele>
        <time>2026-07-25T06:00:51Z</time>
      </trkpt>
      <trkpt lat="44.173639" lon="7.685264">
        <ele>2616.0</ele>
        <time>2026-07-25T06:00:58Z</time>
      </trkpt>
      <trkpt lat="44.173639" lon="7.685257">
        <ele>2616.6</ele>
        <time>2026-07-25T06:01:07Z</time>
      </trkpt>
      <trkpt lat="44.17363" lon="7.685242">
        <ele>2616.8</ele>
        <time>2026-07-25T06:01:10Z</time>
      </trkpt>
      <trkpt lat="44.173617" lon="7.68524">
        <ele>2617.2</ele>
        <time>2026-07-25T06:01:14Z</time>
      </trkpt>
      <trkpt lat="44.173611" lon="7.685236">
        <ele>2617.4</ele>
        <time>2026-07-25T06:01:15Z</time>
      </trkpt>
      <trkpt lat="44.17361" lon="7.685231">
        <ele>2617.8</ele>
        <time>2026-07-25T06:01:20Z</time>
      </trkpt>
      <trkpt lat="44.173609" lon="7.685232">
        <ele>2618.0</ele>
        <time>2026-07-25T06:01:21Z</time>
      </trkpt>
      <trkpt lat="44.173583" lon="7.685207">
        <ele>2618.8</ele>
        <time>2026-07-25T06:01:28Z</time>
      </trkpt>
      <trkpt lat="44.173567" lon="7.685168">
        <ele>2619.4</ele>
        <time>2026-07-25T06:01:36Z</time>
      </trkpt>
      <trkpt lat="44.173557" lon="7.685139">
        <ele>2619.8</ele>
        <time>2026-07-25T06:01:40Z</time>
      </trkpt>
      <trkpt lat="44.173556" lon="7.685137">
        <ele>2620.0</ele>
        <time>2026-07-25T06:01:44Z</time>
      </trkpt>
      <trkpt lat="44.173494" lon="7.685131">
        <ele>2620.4</ele>
        <time>2026-07-25T06:01:52Z</time>
      </trkpt>
      <trkpt lat="44.173509" lon="7.685077">
        <ele>2620.6</ele>
        <time>2026-07-25T06:01:57Z</time>
      </trkpt>
      <trkpt lat="44.173514" lon="7.685074">
        <ele>2621.0</ele>
        <time>2026-07-25T06:01:58Z</time>
      </trkpt>
      <trkpt lat="44.173523" lon="7.685076">
        <ele>2622.4</ele>
        <time>2026-07-25T06:02:01Z</time>
      </trkpt>
      <trkpt lat="44.173523" lon="7.685072">
        <ele>2622.6</ele>
        <time>2026-07-25T06:02:02Z</time>
      </trkpt>
      <trkpt lat="44.173522" lon="7.685072">
        <ele>2623.2</ele>
        <time>2026-07-25T06:02:06Z</time>
      </trkpt>
      <trkpt lat="44.173516" lon="7.685063">
        <ele>2623.6</ele>
        <time>2026-07-25T06:02:09Z</time>
      </trkpt>
      <trkpt lat="44.173496" lon="7.685022">
        <ele>2624.6</ele>
        <time>2026-07-25T06:02:18Z</time>
      </trkpt>
      <trkpt lat="44.173477" lon="7.685002">
        <ele>2625.6</ele>
        <time>2026-07-25T06:02:24Z</time>
      </trkpt>
      <trkpt lat="44.173472" lon="7.685">
        <ele>2625.6</ele>
        <time>2026-07-25T06:02:26Z</time>
      </trkpt>
      <trkpt lat="44.173468" lon="7.684997">
        <ele>2625.6</ele>
        <time>2026-07-25T06:02:27Z</time>
      </trkpt>
      <trkpt lat="44.173468" lon="7.684999">
        <ele>2626.4</ele>
        <time>2026-07-25T06:02:31Z</time>
      </trkpt>
      <trkpt lat="44.173458" lon="7.684991">
        <ele>2626.8</ele>
        <time>2026-07-25T06:02:33Z</time>
      </trkpt>
      <trkpt lat="44.173441" lon="7.684963">
        <ele>2627.8</ele>
        <time>2026-07-25T06:02:36Z</time>
      </trkpt>
      <trkpt lat="44.173436" lon="7.684951">
        <ele>2625.4</ele>
        <time>2026-07-25T06:02:37Z</time>
      </trkpt>
      <trkpt lat="44.173433" lon="7.684936">
        <ele>2624.8</ele>
        <time>2026-07-25T06:02:38Z</time>
      </trkpt>
      <trkpt lat="44.173426" lon="7.684923">
        <ele>2624.4</ele>
        <time>2026-07-25T06:02:40Z</time>
      </trkpt>
      <trkpt lat="44.173422" lon="7.684894">
        <ele>2625.2</ele>
        <time>2026-07-25T06:02:45Z</time>
      </trkpt>
      <trkpt lat="44.173423" lon="7.68488">
        <ele>2625.6</ele>
        <time>2026-07-25T06:02:47Z</time>
      </trkpt>
      <trkpt lat="44.173427" lon="7.684879">
        <ele>2626.8</ele>
        <time>2026-07-25T06:02:49Z</time>
      </trkpt>
      <trkpt lat="44.173424" lon="7.684877">
        <ele>2627.4</ele>
        <time>2026-07-25T06:02:52Z</time>
      </trkpt>
      <trkpt lat="44.173415" lon="7.684841">
        <ele>2627.6</ele>
        <time>2026-07-25T06:02:56Z</time>
      </trkpt>
      <trkpt lat="44.173411" lon="7.684813">
        <ele>2627.8</ele>
        <time>2026-07-25T06:02:59Z</time>
      </trkpt>
      <trkpt lat="44.173411" lon="7.684808">
        <ele>2628.2</ele>
        <time>2026-07-25T06:03:00Z</time>
      </trkpt>
      <trkpt lat="44.173412" lon="7.684799">
        <ele>2629.0</ele>
        <time>2026-07-25T06:03:03Z</time>
      </trkpt>
      <trkpt lat="44.173404" lon="7.684783">
        <ele>2630.0</ele>
        <time>2026-07-25T06:03:06Z</time>
      </trkpt>
      <trkpt lat="44.173399" lon="7.684754">
        <ele>2630.8</ele>
        <time>2026-07-25T06:03:09Z</time>
      </trkpt>
      <trkpt lat="44.173406" lon="7.684717">
        <ele>2631.4</ele>
        <time>2026-07-25T06:03:14Z</time>
      </trkpt>
      <trkpt lat="44.173407" lon="7.684716">
        <ele>2631.8</ele>
        <time>2026-07-25T06:03:15Z</time>
      </trkpt>
      <trkpt lat="44.173412" lon="7.684719">
        <ele>2632.6</ele>
        <time>2026-07-25T06:03:20Z</time>
      </trkpt>
      <trkpt lat="44.173406" lon="7.684726">
        <ele>2633.0</ele>
        <time>2026-07-25T06:03:22Z</time>
      </trkpt>
      <trkpt lat="44.173422" lon="7.684741">
        <ele>2633.0</ele>
        <time>2026-07-25T06:03:29Z</time>
      </trkpt>
      <trkpt lat="44.173437" lon="7.68474">
        <ele>2633.6</ele>
        <time>2026-07-25T06:03:31Z</time>
      </trkpt>
      <trkpt lat="44.173457" lon="7.684738">
        <ele>2634.6</ele>
        <time>2026-07-25T06:03:34Z</time>
      </trkpt>
      <trkpt lat="44.173468" lon="7.684741">
        <ele>2635.4</ele>
        <time>2026-07-25T06:03:36Z</time>
      </trkpt>
      <trkpt lat="44.173466" lon="7.684743">
        <ele>2635.8</ele>
        <time>2026-07-25T06:03:39Z</time>
      </trkpt>
      <trkpt lat="44.173473" lon="7.684748">
        <ele>2634.4</ele>
        <time>2026-07-25T06:03:41Z</time>
      </trkpt>
      <trkpt lat="44.173473" lon="7.684749">
        <ele>2633.8</ele>
        <time>2026-07-25T06:03:44Z</time>
      </trkpt>
      <trkpt lat="44.173485" lon="7.684742">
        <ele>2635.6</ele>
        <time>2026-07-25T06:03:52Z</time>
      </trkpt>
      <trkpt lat="44.173489" lon="7.684742">
        <ele>2635.6</ele>
        <time>2026-07-25T06:03:53Z</time>
      </trkpt>
      <trkpt lat="44.17351" lon="7.684733">
        <ele>2635.8</ele>
        <time>2026-07-25T06:04:01Z</time>
      </trkpt>
      <trkpt lat="44.173504" lon="7.684709">
        <ele>2635.6</ele>
        <time>2026-07-25T06:04:09Z</time>
      </trkpt>
      <trkpt lat="44.173525" lon="7.684687">
        <ele>2636.8</ele>
        <time>2026-07-25T06:04:12Z</time>
      </trkpt>
      <trkpt lat="44.173562" lon="7.684684">
        <ele>2637.4</ele>
        <time>2026-07-25T06:04:17Z</time>
      </trkpt>
      <trkpt lat="44.173578" lon="7.684688">
        <ele>2637.8</ele>
        <time>2026-07-25T06:04:22Z</time>
      </trkpt>
      <trkpt lat="44.173587" lon="7.68469">
        <ele>2638.0</ele>
        <time>2026-07-25T06:04:23Z</time>
      </trkpt>
      <trkpt lat="44.17359" lon="7.684687">
        <ele>2638.2</ele>
        <time>2026-07-25T06:04:27Z</time>
      </trkpt>
      <trkpt lat="44.173619" lon="7.684675">
        <ele>2639.4</ele>
        <time>2026-07-25T06:04:31Z</time>
      </trkpt>
      <trkpt lat="44.173625" lon="7.684673">
        <ele>2639.8</ele>
        <time>2026-07-25T06:04:32Z</time>
      </trkpt>
      <trkpt lat="44.173632" lon="7.684665">
        <ele>2640.6</ele>
        <time>2026-07-25T06:04:34Z</time>
      </trkpt>
      <trkpt lat="44.173665" lon="7.684647">
        <ele>2641.6</ele>
        <time>2026-07-25T06:04:39Z</time>
      </trkpt>
      <trkpt lat="44.173673" lon="7.684644">
        <ele>2641.8</ele>
        <time>2026-07-25T06:04:41Z</time>
      </trkpt>
      <trkpt lat="44.173677" lon="7.684636">
        <ele>2642.2</ele>
        <time>2026-07-25T06:04:44Z</time>
      </trkpt>
      <trkpt lat="44.173673" lon="7.684627">
        <ele>2642.4</ele>
        <time>2026-07-25T06:04:46Z</time>
      </trkpt>
      <trkpt lat="44.173687" lon="7.684622">
        <ele>2642.4</ele>
        <time>2026-07-25T06:04:48Z</time>
      </trkpt>
      <trkpt lat="44.173704" lon="7.684616">
        <ele>2642.6</ele>
        <time>2026-07-25T06:04:50Z</time>
      </trkpt>
      <trkpt lat="44.173735" lon="7.684611">
        <ele>2643.8</ele>
        <time>2026-07-25T06:04:53Z</time>
      </trkpt>
      <trkpt lat="44.173742" lon="7.684605">
        <ele>2644.2</ele>
        <time>2026-07-25T06:04:54Z</time>
      </trkpt>
      <trkpt lat="44.17376" lon="7.684562">
        <ele>2644.0</ele>
        <time>2026-07-25T06:04:59Z</time>
      </trkpt>
      <trkpt lat="44.173792" lon="7.684514">
        <ele>2644.6</ele>
        <time>2026-07-25T06:05:06Z</time>
      </trkpt>
      <trkpt lat="44.173806" lon="7.684493">
        <ele>2644.8</ele>
        <time>2026-07-25T06:05:09Z</time>
      </trkpt>
      <trkpt lat="44.173842" lon="7.684492">
        <ele>2646.8</ele>
        <time>2026-07-25T06:05:13Z</time>
      </trkpt>
      <trkpt lat="44.173862" lon="7.684483">
        <ele>2648.2</ele>
        <time>2026-07-25T06:05:16Z</time>
      </trkpt>
      <trkpt lat="44.173894" lon="7.684456">
        <ele>2648.8</ele>
        <time>2026-07-25T06:05:21Z</time>
      </trkpt>
      <trkpt lat="44.173909" lon="7.684454">
        <ele>2649.4</ele>
        <time>2026-07-25T06:05:23Z</time>
      </trkpt>
      <trkpt lat="44.173931" lon="7.68446">
        <ele>2650.2</ele>
        <time>2026-07-25T06:05:29Z</time>
      </trkpt>
      <trkpt lat="44.173873" lon="7.684419">
        <ele>2649.4</ele>
        <time>2026-07-25T06:05:36Z</time>
      </trkpt>
      <trkpt lat="44.173889" lon="7.684449">
        <ele>2649.2</ele>
        <time>2026-07-25T06:05:44Z</time>
      </trkpt>
      <trkpt lat="44.173891" lon="7.684474">
        <ele>2648.2</ele>
        <time>2026-07-25T06:05:50Z</time>
      </trkpt>
      <trkpt lat="44.173893" lon="7.684474">
        <ele>2648.0</ele>
        <time>2026-07-25T06:05:51Z</time>
      </trkpt>
      <trkpt lat="44.173869" lon="7.684447">
        <ele>2647.4</ele>
        <time>2026-07-25T06:05:54Z</time>
      </trkpt>
      <trkpt lat="44.173859" lon="7.684431">
        <ele>2647.6</ele>
        <time>2026-07-25T06:05:57Z</time>
      </trkpt>
      <trkpt lat="44.173849" lon="7.68443">
        <ele>2648.0</ele>
        <time>2026-07-25T06:05:59Z</time>
      </trkpt>
      <trkpt lat="44.173842" lon="7.684453">
        <ele>2647.8</ele>
        <time>2026-07-25T06:06:05Z</time>
      </trkpt>
      <trkpt lat="44.173848" lon="7.684456">
        <ele>2648.0</ele>
        <time>2026-07-25T06:06:08Z</time>
      </trkpt>
      <trkpt lat="44.173862" lon="7.684468">
        <ele>2648.0</ele>
        <time>2026-07-25T06:06:10Z</time>
      </trkpt>
      <trkpt lat="44.173896" lon="7.684459">
        <ele>2647.4</ele>
        <time>2026-07-25T06:06:15Z</time>
      </trkpt>
      <trkpt lat="44.173899" lon="7.684443">
        <ele>2648.0</ele>
        <time>2026-07-25T06:06:22Z</time>
      </trkpt>
      <trkpt lat="44.173897" lon="7.684447">
        <ele>2647.0</ele>
        <time>2026-07-25T06:06:25Z</time>
      </trkpt>
      <trkpt lat="44.173922" lon="7.684449">
        <ele>2646.2</ele>
        <time>2026-07-25T06:06:31Z</time>
      </trkpt>
      <trkpt lat="44.173926" lon="7.684455">
        <ele>2645.8</ele>
        <time>2026-07-25T06:06:34Z</time>
      </trkpt>
      <trkpt lat="44.173928" lon="7.684455">
        <ele>2645.6</ele>
        <time>2026-07-25T06:06:37Z</time>
      </trkpt>
      <trkpt lat="44.173961" lon="7.684436">
        <ele>2646.4</ele>
        <time>2026-07-25T06:06:45Z</time>
      </trkpt>
      <trkpt lat="44.173914" lon="7.684466">
        <ele>2645.4</ele>
        <time>2026-07-25T06:06:54Z</time>
      </trkpt>
      <trkpt lat="44.173907" lon="7.684455">
        <ele>2644.8</ele>
        <time>2026-07-25T06:07:00Z</time>
      </trkpt>
      <trkpt lat="44.173913" lon="7.684444">
        <ele>2644.4</ele>
        <time>2026-07-25T06:07:01Z</time>
      </trkpt>
      <trkpt lat="44.173894" lon="7.684436">
        <ele>2643.8</ele>
        <time>2026-07-25T06:07:03Z</time>
      </trkpt>
      <trkpt lat="44.173877" lon="7.684431">
        <ele>2643.6</ele>
        <time>2026-07-25T06:07:07Z</time>
      </trkpt>
      <trkpt lat="44.173864" lon="7.684432">
        <ele>2644.2</ele>
        <time>2026-07-25T06:07:15Z</time>
      </trkpt>
      <trkpt lat="44.173896" lon="7.684492">
        <ele>2644.0</ele>
        <time>2026-07-25T06:07:24Z</time>
      </trkpt>
      <trkpt lat="44.173897" lon="7.684457">
        <ele>2642.8</ele>
        <time>2026-07-25T06:07:32Z</time>
      </trkpt>
      <trkpt lat="44.173885" lon="7.684429">
        <ele>2643.4</ele>
        <time>2026-07-25T06:07:40Z</time>
      </trkpt>
      <trkpt lat="44.173885" lon="7.684409">
        <ele>2643.8</ele>
        <time>2026-07-25T06:07:43Z</time>
      </trkpt>
      <trkpt lat="44.173916" lon="7.684435">
        <ele>2645.0</ele>
        <time>2026-07-25T06:07:47Z</time>
      </trkpt>
      <trkpt lat="44.173935" lon="7.684442">
        <ele>2644.6</ele>
        <time>2026-07-25T06:07:49Z</time>
      </trkpt>
      <trkpt lat="44.173948" lon="7.684449">
        <ele>2643.8</ele>
        <time>2026-07-25T06:07:52Z</time>
      </trkpt>
      <trkpt lat="44.173956" lon="7.684448">
        <ele>2643.4</ele>
        <time>2026-07-25T06:07:57Z</time>
      </trkpt>
      <trkpt lat="44.173957" lon="7.68445">
        <ele>2643.6</ele>
        <time>2026-07-25T06:07:59Z</time>
      </trkpt>
      <trkpt lat="44.173977" lon="7.68445">
        <ele>2642.8</ele>
        <time>2026-07-25T06:08:10Z</time>
      </trkpt>
      <trkpt lat="44.17398" lon="7.684447">
        <ele>2643.2</ele>
        <time>2026-07-25T06:08:17Z</time>
      </trkpt>
      <trkpt lat="44.173962" lon="7.684444">
        <ele>2643.4</ele>
        <time>2026-07-25T06:08:22Z</time>
      </trkpt>
      <trkpt lat="44.173958" lon="7.684466">
        <ele>2641.2</ele>
        <time>2026-07-25T06:08:29Z</time>
      </trkpt>
      <trkpt lat="44.173947" lon="7.684466">
        <ele>2640.6</ele>
        <time>2026-07-25T06:08:31Z</time>
      </trkpt>
      <trkpt lat="44.173945" lon="7.684463">
        <ele>2640.0</ele>
        <time>2026-07-25T06:08:33Z</time>
      </trkpt>
      <trkpt lat="44.17394" lon="7.684467">
        <ele>2641.6</ele>
        <time>2026-07-25T06:08:34Z</time>
      </trkpt>
      <trkpt lat="44.173935" lon="7.684471">
        <ele>2643.2</ele>
        <time>2026-07-25T06:08:35Z</time>
      </trkpt>
      <trkpt lat="44.173944" lon="7.68447">
        <ele>2643.0</ele>
        <time>2026-07-25T06:08:39Z</time>
      </trkpt>
      <trkpt lat="44.173954" lon="7.684473">
        <ele>2642.2</ele>
        <time>2026-07-25T06:08:45Z</time>
      </trkpt>
      <trkpt lat="44.173943" lon="7.684477">
        <ele>2641.2</ele>
        <time>2026-07-25T06:08:49Z</time>
      </trkpt>
      <trkpt lat="44.173916" lon="7.684479">
        <ele>2642.2</ele>
        <time>2026-07-25T06:08:52Z</time>
      </trkpt>
      <trkpt lat="44.173896" lon="7.68446">
        <ele>2641.2</ele>
        <time>2026-07-25T06:08:56Z</time>
      </trkpt>
      <trkpt lat="44.173886" lon="7.684457">
        <ele>2640.8</ele>
        <time>2026-07-25T06:08:58Z</time>
      </trkpt>
      <trkpt lat="44.173897" lon="7.684468">
        <ele>2640.6</ele>
        <time>2026-07-25T06:09:07Z</time>
      </trkpt>
      <trkpt lat="44.173901" lon="7.684484">
        <ele>2640.0</ele>
        <time>2026-07-25T06:09:10Z</time>
      </trkpt>
      <trkpt lat="44.173921" lon="7.684491">
        <ele>2639.4</ele>
        <time>2026-07-25T06:09:16Z</time>
      </trkpt>
      <trkpt lat="44.173931" lon="7.684505">
        <ele>2639.6</ele>
        <time>2026-07-25T06:09:24Z</time>
      </trkpt>
      <trkpt lat="44.173909" lon="7.684468">
        <ele>2639.6</ele>
        <time>2026-07-25T06:09:35Z</time>
      </trkpt>
      <trkpt lat="44.173915" lon="7.684459">
        <ele>2639.6</ele>
        <time>2026-07-25T06:09:38Z</time>
      </trkpt>
      <trkpt lat="44.173931" lon="7.684461">
        <ele>2639.0</ele>
        <time>2026-07-25T06:09:41Z</time>
      </trkpt>
      <trkpt lat="44.17393" lon="7.684455">
        <ele>2640.4</ele>
        <time>2026-07-25T06:09:45Z</time>
      </trkpt>
      <trkpt lat="44.173929" lon="7.684456">
        <ele>2640.6</ele>
        <time>2026-07-25T06:09:46Z</time>
      </trkpt>
      <trkpt lat="44.173929" lon="7.684495">
        <ele>2640.0</ele>
        <time>2026-07-25T06:09:53Z</time>
      </trkpt>
      <trkpt lat="44.173933" lon="7.684472">
        <ele>2639.4</ele>
        <time>2026-07-25T06:10:03Z</time>
      </trkpt>
      <trkpt lat="44.173935" lon="7.684467">
        <ele>2642.0</ele>
        <time>2026-07-25T06:10:06Z</time>
      </trkpt>
      <trkpt lat="44.173924" lon="7.684463">
        <ele>2641.8</ele>
        <time>2026-07-25T06:10:13Z</time>
      </trkpt>
      <trkpt lat="44.173902" lon="7.684479">
        <ele>2641.2</ele>
        <time>2026-07-25T06:10:24Z</time>
      </trkpt>
      <trkpt lat="44.17389" lon="7.684482">
        <ele>2641.0</ele>
        <time>2026-07-25T06:10:31Z</time>
      </trkpt>
      <trkpt lat="44.173892" lon="7.684488">
        <ele>2641.0</ele>
        <time>2026-07-25T06:10:33Z</time>
      </trkpt>
      <trkpt lat="44.173906" lon="7.68447">
        <ele>2641.4</ele>
        <time>2026-07-25T06:10:44Z</time>
      </trkpt>
      <trkpt lat="44.173937" lon="7.684467">
        <ele>2641.4</ele>
        <time>2026-07-25T06:10:56Z</time>
      </trkpt>
      <trkpt lat="44.173906" lon="7.684414">
        <ele>2642.0</ele>
        <time>2026-07-25T06:11:04Z</time>
      </trkpt>
      <trkpt lat="44.173915" lon="7.684415">
        <ele>2642.8</ele>
        <time>2026-07-25T06:11:06Z</time>
      </trkpt>
      <trkpt lat="44.173929" lon="7.684464">
        <ele>2640.8</ele>
        <time>2026-07-25T06:11:11Z</time>
      </trkpt>
      <trkpt lat="44.173927" lon="7.684468">
        <ele>2640.2</ele>
        <time>2026-07-25T06:11:12Z</time>
      </trkpt>
      <trkpt lat="44.173917" lon="7.684474">
        <ele>2639.8</ele>
        <time>2026-07-25T06:11:14Z</time>
      </trkpt>
      <trkpt lat="44.173904" lon="7.684495">
        <ele>2638.0</ele>
        <time>2026-07-25T06:11:19Z</time>
      </trkpt>
      <trkpt lat="44.173898" lon="7.684488">
        <ele>2637.6</ele>
        <time>2026-07-25T06:11:20Z</time>
      </trkpt>
      <trkpt lat="44.173886" lon="7.684504">
        <ele>2638.6</ele>
        <time>2026-07-25T06:11:26Z</time>
      </trkpt>
      <trkpt lat="44.173882" lon="7.684517">
        <ele>2639.0</ele>
        <time>2026-07-25T06:11:27Z</time>
      </trkpt>
      <trkpt lat="44.173874" lon="7.68454">
        <ele>2639.8</ele>
        <time>2026-07-25T06:11:29Z</time>
      </trkpt>
      <trkpt lat="44.173875" lon="7.684578">
        <ele>2638.4</ele>
        <time>2026-07-25T06:11:34Z</time>
      </trkpt>
      <trkpt lat="44.17388" lon="7.684573">
        <ele>2637.0</ele>
        <time>2026-07-25T06:11:37Z</time>
      </trkpt>
      <trkpt lat="44.173867" lon="7.684559">
        <ele>2636.6</ele>
        <time>2026-07-25T06:11:43Z</time>
      </trkpt>
      <trkpt lat="44.17384" lon="7.684549">
        <ele>2636.8</ele>
        <time>2026-07-25T06:11:47Z</time>
      </trkpt>
      <trkpt lat="44.173848" lon="7.684554">
        <ele>2636.4</ele>
        <time>2026-07-25T06:11:50Z</time>
      </trkpt>
      <trkpt lat="44.173859" lon="7.68456">
        <ele>2636.4</ele>
        <time>2026-07-25T06:11:51Z</time>
      </trkpt>
      <trkpt lat="44.173877" lon="7.684538">
        <ele>2636.0</ele>
        <time>2026-07-25T06:11:58Z</time>
      </trkpt>
      <trkpt lat="44.173869" lon="7.684525">
        <ele>2636.0</ele>
        <time>2026-07-25T06:12:00Z</time>
      </trkpt>
      <trkpt lat="44.173859" lon="7.684522">
        <ele>2635.6</ele>
        <time>2026-07-25T06:12:10Z</time>
      </trkpt>
      <trkpt lat="44.173832" lon="7.684521">
        <ele>2635.6</ele>
        <time>2026-07-25T06:12:19Z</time>
      </trkpt>
      <trkpt lat="44.173847" lon="7.684531">
        <ele>2635.4</ele>
        <time>2026-07-25T06:12:26Z</time>
      </trkpt>
      <trkpt lat="44.173843" lon="7.684528">
        <ele>2635.6</ele>
        <time>2026-07-25T06:12:28Z</time>
      </trkpt>
      <trkpt lat="44.173858" lon="7.684555">
        <ele>2635.0</ele>
        <time>2026-07-25T06:12:37Z</time>
      </trkpt>
      <trkpt lat="44.173883" lon="7.684532">
        <ele>2635.0</ele>
        <time>2026-07-25T06:12:44Z</time>
      </trkpt>
      <trkpt lat="44.173883" lon="7.68453">
        <ele>2634.8</ele>
        <time>2026-07-25T06:12:45Z</time>
      </trkpt>
      <trkpt lat="44.173877" lon="7.684548">
        <ele>2634.4</ele>
        <time>2026-07-25T06:12:54Z</time>
      </trkpt>
      <trkpt lat="44.173878" lon="7.684552">
        <ele>2634.4</ele>
        <time>2026-07-25T06:12:57Z</time>
      </trkpt>
      <trkpt lat="44.173861" lon="7.684588">
        <ele>2634.4</ele>
        <time>2026-07-25T06:13:03Z</time>
      </trkpt>
      <trkpt lat="44.173863" lon="7.684585">
        <ele>2634.4</ele>
        <time>2026-07-25T06:13:04Z</time>
      </trkpt>
      <trkpt lat="44.173855" lon="7.684586">
        <ele>2634.2</ele>
        <time>2026-07-25T06:13:08Z</time>
      </trkpt>
      <trkpt lat="44.173852" lon="7.684559">
        <ele>2634.0</ele>
        <time>2026-07-25T06:13:12Z</time>
      </trkpt>
      <trkpt lat="44.173852" lon="7.684539">
        <ele>2633.8</ele>
        <time>2026-07-25T06:13:15Z</time>
      </trkpt>
      <trkpt lat="44.173849" lon="7.684542">
        <ele>2633.6</ele>
        <time>2026-07-25T06:13:24Z</time>
      </trkpt>
      <trkpt lat="44.173881" lon="7.684558">
        <ele>2633.4</ele>
        <time>2026-07-25T06:13:34Z</time>
      </trkpt>
      <trkpt lat="44.173904" lon="7.684546">
        <ele>2633.2</ele>
        <time>2026-07-25T06:13:45Z</time>
      </trkpt>
      <trkpt lat="44.173911" lon="7.684546">
        <ele>2633.0</ele>
        <time>2026-07-25T06:13:50Z</time>
      </trkpt>
      <trkpt lat="44.173916" lon="7.68454">
        <ele>2633.0</ele>
        <time>2026-07-25T06:13:54Z</time>
      </trkpt>
      <trkpt lat="44.173916" lon="7.684548">
        <ele>2632.6</ele>
        <time>2026-07-25T06:14:05Z</time>
      </trkpt>
      <trkpt lat="44.17393" lon="7.684537">
        <ele>2632.6</ele>
        <time>2026-07-25T06:14:15Z</time>
      </trkpt>
      <trkpt lat="44.173911" lon="7.684566">
        <ele>2632.2</ele>
        <time>2026-07-25T06:14:27Z</time>
      </trkpt>
      <trkpt lat="44.173902" lon="7.684562">
        <ele>2632.0</ele>
        <time>2026-07-25T06:14:37Z</time>
      </trkpt>
      <trkpt lat="44.173901" lon="7.684562">
        <ele>2632.0</ele>
        <time>2026-07-25T06:14:46Z</time>
      </trkpt>
      <trkpt lat="44.173897" lon="7.68456">
        <ele>2631.8</ele>
        <time>2026-07-25T06:14:47Z</time>
      </trkpt>
      <trkpt lat="44.173869" lon="7.684541">
        <ele>2631.8</ele>
        <time>2026-07-25T06:14:55Z</time>
      </trkpt>
      <trkpt lat="44.173871" lon="7.684535">
        <ele>2631.8</ele>
        <time>2026-07-25T06:14:58Z</time>
      </trkpt>
      <trkpt lat="44.173871" lon="7.684533">
        <ele>2631.8</ele>
        <time>2026-07-25T06:14:59Z</time>
      </trkpt>
      <trkpt lat="44.17387" lon="7.68453">
        <ele>2631.6</ele>
        <time>2026-07-25T06:15:00Z</time>
      </trkpt>
      <trkpt lat="44.173875" lon="7.684537">
        <ele>2631.6</ele>
        <time>2026-07-25T06:15:04Z</time>
      </trkpt>
      <trkpt lat="44.173876" lon="7.684542">
        <ele>2631.8</ele>
        <time>2026-07-25T06:15:05Z</time>
      </trkpt>
      <trkpt lat="44.173843" lon="7.684522">
        <ele>2631.0</ele>
        <time>2026-07-25T06:15:15Z</time>
      </trkpt>
      <trkpt lat="44.173841" lon="7.684542">
        <ele>2631.0</ele>
        <time>2026-07-25T06:15:24Z</time>
      </trkpt>
      <trkpt lat="44.173871" lon="7.68454">
        <ele>2631.0</ele>
        <time>2026-07-25T06:15:34Z</time>
      </trkpt>
      <trkpt lat="44.173871" lon="7.684515">
        <ele>2631.0</ele>
        <time>2026-07-25T06:15:41Z</time>
      </trkpt>
      <trkpt lat="44.17391" lon="7.684528">
        <ele>2630.4</ele>
        <time>2026-07-25T06:15:45Z</time>
      </trkpt>
      <trkpt lat="44.173943" lon="7.684521">
        <ele>2630.4</ele>
        <time>2026-07-25T06:15:54Z</time>
      </trkpt>
      <trkpt lat="44.173946" lon="7.684524">
        <ele>2630.2</ele>
        <time>2026-07-25T06:16:00Z</time>
      </trkpt>
      <trkpt lat="44.173961" lon="7.684524">
        <ele>2629.8</ele>
        <time>2026-07-25T06:16:04Z</time>
      </trkpt>
      <trkpt lat="44.17399" lon="7.684533">
        <ele>2629.2</ele>
        <time>2026-07-25T06:16:13Z</time>
      </trkpt>
      <trkpt lat="44.173977" lon="7.684545">
        <ele>2629.0</ele>
        <time>2026-07-25T06:16:23Z</time>
      </trkpt>
      <trkpt lat="44.173976" lon="7.684541">
        <ele>2628.8</ele>
        <time>2026-07-25T06:16:25Z</time>
      </trkpt>
      <trkpt lat="44.173977" lon="7.684542">
        <ele>2629.0</ele>
        <time>2026-07-25T06:16:32Z</time>
      </trkpt>
      <trkpt lat="44.173974" lon="7.684542">
        <ele>2628.8</ele>
        <time>2026-07-25T06:16:33Z</time>
      </trkpt>
      <trkpt lat="44.173974" lon="7.684543">
        <ele>2628.6</ele>
        <time>2026-07-25T06:16:34Z</time>
      </trkpt>
      <trkpt lat="44.173973" lon="7.684545">
        <ele>2628.4</ele>
        <time>2026-07-25T06:16:36Z</time>
      </trkpt>
      <trkpt lat="44.173912" lon="7.684535">
        <ele>2628.2</ele>
        <time>2026-07-25T06:16:46Z</time>
      </trkpt>
      <trkpt lat="44.173887" lon="7.684527">
        <ele>2628.2</ele>
        <time>2026-07-25T06:16:51Z</time>
      </trkpt>
      <trkpt lat="44.173874" lon="7.684524">
        <ele>2628.2</ele>
        <time>2026-07-25T06:16:52Z</time>
      </trkpt>
      <trkpt lat="44.17389" lon="7.684538">
        <ele>2627.8</ele>
        <time>2026-07-25T06:16:57Z</time>
      </trkpt>
      <trkpt lat="44.17392" lon="7.684556">
        <ele>2627.8</ele>
        <time>2026-07-25T06:17:01Z</time>
      </trkpt>
      <trkpt lat="44.173941" lon="7.68456">
        <ele>2627.4</ele>
        <time>2026-07-25T06:17:06Z</time>
      </trkpt>
      <trkpt lat="44.173949" lon="7.684566">
        <ele>2627.4</ele>
        <time>2026-07-25T06:17:15Z</time>
      </trkpt>
      <trkpt lat="44.173913" lon="7.684558">
        <ele>2627.6</ele>
        <time>2026-07-25T06:17:23Z</time>
      </trkpt>
      <trkpt lat="44.173893" lon="7.684598">
        <ele>2627.6</ele>
        <time>2026-07-25T06:17:33Z</time>
      </trkpt>
      <trkpt lat="44.173885" lon="7.684575">
        <ele>2628.0</ele>
        <time>2026-07-25T06:17:42Z</time>
      </trkpt>
      <trkpt lat="44.173879" lon="7.684519">
        <ele>2629.0</ele>
        <time>2026-07-25T06:17:47Z</time>
      </trkpt>
      <trkpt lat="44.173888" lon="7.684493">
        <ele>2629.4</ele>
        <time>2026-07-25T06:17:49Z</time>
      </trkpt>
      <trkpt lat="44.173904" lon="7.684466">
        <ele>2629.8</ele>
        <time>2026-07-25T06:17:52Z</time>
      </trkpt>
      <trkpt lat="44.173908" lon="7.684465">
        <ele>2630.4</ele>
        <time>2026-07-25T06:17:53Z</time>
      </trkpt>
      <trkpt lat="44.173911" lon="7.684476">
        <ele>2630.6</ele>
        <time>2026-07-25T06:17:55Z</time>
      </trkpt>
      <trkpt lat="44.173922" lon="7.684491">
        <ele>2630.6</ele>
        <time>2026-07-25T06:17:58Z</time>
      </trkpt>
      <trkpt lat="44.173932" lon="7.684496">
        <ele>2630.0</ele>
        <time>2026-07-25T06:18:02Z</time>
      </trkpt>
      <trkpt lat="44.173919" lon="7.684498">
        <ele>2630.8</ele>
        <time>2026-07-25T06:18:08Z</time>
      </trkpt>
      <trkpt lat="44.173917" lon="7.684497">
        <ele>2631.2</ele>
        <time>2026-07-25T06:18:10Z</time>
      </trkpt>
      <trkpt lat="44.173916" lon="7.684495">
        <ele>2631.2</ele>
        <time>2026-07-25T06:18:11Z</time>
      </trkpt>
      <trkpt lat="44.173926" lon="7.684477">
        <ele>2630.4</ele>
        <time>2026-07-25T06:18:22Z</time>
      </trkpt>
      <trkpt lat="44.173933" lon="7.684494">
        <ele>2631.6</ele>
        <time>2026-07-25T06:18:31Z</time>
      </trkpt>
      <trkpt lat="44.173935" lon="7.684501">
        <ele>2632.0</ele>
        <time>2026-07-25T06:18:33Z</time>
      </trkpt>
      <trkpt lat="44.173944" lon="7.684509">
        <ele>2632.2</ele>
        <time>2026-07-25T06:18:35Z</time>
      </trkpt>
      <trkpt lat="44.173944" lon="7.684504">
        <ele>2632.2</ele>
        <time>2026-07-25T06:18:36Z</time>
      </trkpt>
      <trkpt lat="44.17394" lon="7.684503">
        <ele>2631.8</ele>
        <time>2026-07-25T06:18:39Z</time>
      </trkpt>
      <trkpt lat="44.173934" lon="7.684501">
        <ele>2631.6</ele>
        <time>2026-07-25T06:18:41Z</time>
      </trkpt>
      <trkpt lat="44.173924" lon="7.684495">
        <ele>2630.6</ele>
        <time>2026-07-25T06:18:45Z</time>
      </trkpt>
      <trkpt lat="44.173922" lon="7.684495">
        <ele>2630.2</ele>
        <time>2026-07-25T06:18:52Z</time>
      </trkpt>
      <trkpt lat="44.173931" lon="7.684492">
        <ele>2631.0</ele>
        <time>2026-07-25T06:19:01Z</time>
      </trkpt>
      <trkpt lat="44.173924" lon="7.684497">
        <ele>2631.6</ele>
        <time>2026-07-25T06:19:06Z</time>
      </trkpt>
      <trkpt lat="44.173933" lon="7.684487">
        <ele>2631.6</ele>
        <time>2026-07-25T06:19:09Z</time>
      </trkpt>
      <trkpt lat="44.173936" lon="7.684487">
        <ele>2631.6</ele>
        <time>2026-07-25T06:19:11Z</time>
      </trkpt>
      <trkpt lat="44.173928" lon="7.684496">
        <ele>2630.6</ele>
        <time>2026-07-25T06:19:18Z</time>
      </trkpt>
      <trkpt lat="44.173925" lon="7.684494">
        <ele>2630.4</ele>
        <time>2026-07-25T06:19:19Z</time>
      </trkpt>
      <trkpt lat="44.173915" lon="7.684482">
        <ele>2630.8</ele>
        <time>2026-07-25T06:19:28Z</time>
      </trkpt>
      <trkpt lat="44.173925" lon="7.684495">
        <ele>2630.6</ele>
        <time>2026-07-25T06:19:39Z</time>
      </trkpt>
      <trkpt lat="44.173914" lon="7.684481">
        <ele>2630.4</ele>
        <time>2026-07-25T06:19:48Z</time>
      </trkpt>
      <trkpt lat="44.173935" lon="7.684498">
        <ele>2631.4</ele>
        <time>2026-07-25T06:19:57Z</time>
      </trkpt>
      <trkpt lat="44.17395" lon="7.684483">
        <ele>2630.8</ele>
        <time>2026-07-25T06:20:05Z</time>
      </trkpt>
      <trkpt lat="44.173921" lon="7.68449">
        <ele>2630.4</ele>
        <time>2026-07-25T06:20:13Z</time>
      </trkpt>
      <trkpt lat="44.173913" lon="7.684486">
        <ele>2631.6</ele>
        <time>2026-07-25T06:20:17Z</time>
      </trkpt>
      <trkpt lat="44.17392" lon="7.684494">
        <ele>2632.0</ele>
        <time>2026-07-25T06:20:20Z</time>
      </trkpt>
      <trkpt lat="44.173937" lon="7.684503">
        <ele>2632.2</ele>
        <time>2026-07-25T06:20:29Z</time>
      </trkpt>
      <trkpt lat="44.173944" lon="7.684478">
        <ele>2632.0</ele>
        <time>2026-07-25T06:20:39Z</time>
      </trkpt>
      <trkpt lat="44.17393" lon="7.684494">
        <ele>2631.6</ele>
        <time>2026-07-25T06:20:46Z</time>
      </trkpt>
      <trkpt lat="44.173928" lon="7.684493">
        <ele>2629.8</ele>
        <time>2026-07-25T06:20:48Z</time>
      </trkpt>
      <trkpt lat="44.173928" lon="7.684501">
        <ele>2629.6</ele>
        <time>2026-07-25T06:20:50Z</time>
      </trkpt>
      <trkpt lat="44.173933" lon="7.684512">
        <ele>2628.8</ele>
        <time>2026-07-25T06:20:54Z</time>
      </trkpt>
      <trkpt lat="44.173933" lon="7.684499">
        <ele>2631.2</ele>
        <time>2026-07-25T06:20:57Z</time>
      </trkpt>
      <trkpt lat="44.173933" lon="7.68449">
        <ele>2632.4</ele>
        <time>2026-07-25T06:20:58Z</time>
      </trkpt>
      <trkpt lat="44.173932" lon="7.684484">
        <ele>2634.0</ele>
        <time>2026-07-25T06:20:59Z</time>
      </trkpt>
      <trkpt lat="44.173929" lon="7.684483">
        <ele>2633.8</ele>
        <time>2026-07-25T06:21:00Z</time>
      </trkpt>
      <trkpt lat="44.173928" lon="7.684489">
        <ele>2632.6</ele>
        <time>2026-07-25T06:21:04Z</time>
      </trkpt>
      <trkpt lat="44.173922" lon="7.684498">
        <ele>2631.6</ele>
        <time>2026-07-25T06:21:08Z</time>
      </trkpt>
      <trkpt lat="44.173917" lon="7.684485">
        <ele>2631.2</ele>
        <time>2026-07-25T06:21:11Z</time>
      </trkpt>
      <trkpt lat="44.173919" lon="7.684494">
        <ele>2631.0</ele>
        <time>2026-07-25T06:21:19Z</time>
      </trkpt>
      <trkpt lat="44.173911" lon="7.684513">
        <ele>2631.2</ele>
        <time>2026-07-25T06:21:29Z</time>
      </trkpt>
      <trkpt lat="44.173946" lon="7.684481">
        <ele>2632.2</ele>
        <time>2026-07-25T06:21:36Z</time>
      </trkpt>
      <trkpt lat="44.173924" lon="7.684498">
        <ele>2631.2</ele>
        <time>2026-07-25T06:21:45Z</time>
      </trkpt>
      <trkpt lat="44.173929" lon="7.684488">
        <ele>2630.6</ele>
        <time>2026-07-25T06:21:50Z</time>
      </trkpt>
      <trkpt lat="44.173937" lon="7.684486">
        <ele>2631.6</ele>
        <time>2026-07-25T06:21:55Z</time>
      </trkpt>
      <trkpt lat="44.173935" lon="7.684487">
        <ele>2631.6</ele>
        <time>2026-07-25T06:21:56Z</time>
      </trkpt>
      <trkpt lat="44.173937" lon="7.684494">
        <ele>2631.2</ele>
        <time>2026-07-25T06:22:09Z</time>
      </trkpt>
      <trkpt lat="44.173927" lon="7.684495">
        <ele>2631.4</ele>
        <time>2026-07-25T06:22:14Z</time>
      </trkpt>
      <trkpt lat="44.173933" lon="7.684504">
        <ele>2631.2</ele>
        <time>2026-07-25T06:22:18Z</time>
      </trkpt>
      <trkpt lat="44.173921" lon="7.684491">
        <ele>2630.6</ele>
        <time>2026-07-25T06:22:26Z</time>
      </trkpt>
      <trkpt lat="44.17392" lon="7.684491">
        <ele>2630.4</ele>
        <time>2026-07-25T06:22:27Z</time>
      </trkpt>
      <trkpt lat="44.173921" lon="7.684512">
        <ele>2630.0</ele>
        <time>2026-07-25T06:22:36Z</time>
      </trkpt>
      <trkpt lat="44.173922" lon="7.684506">
        <ele>2630.4</ele>
        <time>2026-07-25T06:22:44Z</time>
      </trkpt>
      <trkpt lat="44.173919" lon="7.684486">
        <ele>2630.8</ele>
        <time>2026-07-25T06:22:52Z</time>
      </trkpt>
      <trkpt lat="44.17392" lon="7.684476">
        <ele>2631.2</ele>
        <time>2026-07-25T06:22:58Z</time>
      </trkpt>
      <trkpt lat="44.173929" lon="7.684474">
        <ele>2631.2</ele>
        <time>2026-07-25T06:23:05Z</time>
      </trkpt>
      <trkpt lat="44.17393" lon="7.684478">
        <ele>2631.6</ele>
        <time>2026-07-25T06:23:06Z</time>
      </trkpt>
      <trkpt lat="44.173936" lon="7.684485">
        <ele>2631.8</ele>
        <time>2026-07-25T06:23:09Z</time>
      </trkpt>
      <trkpt lat="44.17393" lon="7.684479">
        <ele>2631.8</ele>
        <time>2026-07-25T06:23:15Z</time>
      </trkpt>
      <trkpt lat="44.173921" lon="7.684466">
        <ele>2631.0</ele>
        <time>2026-07-25T06:23:23Z</time>
      </trkpt>
      <trkpt lat="44.173908" lon="7.684448">
        <ele>2630.8</ele>
        <time>2026-07-25T06:23:29Z</time>
      </trkpt>
      <trkpt lat="44.173868" lon="7.68438">
        <ele>2631.4</ele>
        <time>2026-07-25T06:23:36Z</time>
      </trkpt>
      <trkpt lat="44.17386" lon="7.684333">
        <ele>2630.0</ele>
        <time>2026-07-25T06:23:39Z</time>
      </trkpt>
      <trkpt lat="44.17385" lon="7.684292">
        <ele>2629.2</ele>
        <time>2026-07-25T06:23:43Z</time>
      </trkpt>
      <trkpt lat="44.173848" lon="7.684276">
        <ele>2629.0</ele>
        <time>2026-07-25T06:23:45Z</time>
      </trkpt>
      <trkpt lat="44.17383" lon="7.68422">
        <ele>2627.4</ele>
        <time>2026-07-25T06:23:49Z</time>
      </trkpt>
      <trkpt lat="44.17383" lon="7.684203">
        <ele>2626.0</ele>
        <time>2026-07-25T06:23:50Z</time>
      </trkpt>
      <trkpt lat="44.173826" lon="7.68418">
        <ele>2625.0</ele>
        <time>2026-07-25T06:23:52Z</time>
      </trkpt>
      <trkpt lat="44.173818" lon="7.684163">
        <ele>2624.4</ele>
        <time>2026-07-25T06:23:55Z</time>
      </trkpt>
      <trkpt lat="44.173821" lon="7.684152">
        <ele>2624.4</ele>
        <time>2026-07-25T06:23:56Z</time>
      </trkpt>
      <trkpt lat="44.173842" lon="7.684159">
        <ele>2624.4</ele>
        <time>2026-07-25T06:24:00Z</time>
      </trkpt>
      <trkpt lat="44.173843" lon="7.684161">
        <ele>2624.6</ele>
        <time>2026-07-25T06:24:01Z</time>
      </trkpt>
      <trkpt lat="44.173869" lon="7.684149">
        <ele>2625.2</ele>
        <time>2026-07-25T06:24:06Z</time>
      </trkpt>
      <trkpt lat="44.173869" lon="7.684149">
        <ele>2625.2</ele>
        <time>2026-07-25T06:24:07Z</time>
      </trkpt>
      <trkpt lat="44.173876" lon="7.684126">
        <ele>2623.4</ele>
        <time>2026-07-25T06:24:11Z</time>
      </trkpt>
      <trkpt lat="44.173871" lon="7.684106">
        <ele>2622.4</ele>
        <time>2026-07-25T06:24:13Z</time>
      </trkpt>
      <trkpt lat="44.173872" lon="7.684079">
        <ele>2622.4</ele>
        <time>2026-07-25T06:24:16Z</time>
      </trkpt>
      <trkpt lat="44.173879" lon="7.684071">
        <ele>2622.4</ele>
        <time>2026-07-25T06:24:17Z</time>
      </trkpt>
      <trkpt lat="44.173883" lon="7.68406">
        <ele>2621.6</ele>
        <time>2026-07-25T06:24:19Z</time>
      </trkpt>
      <trkpt lat="44.173917" lon="7.683993">
        <ele>2622.0</ele>
        <time>2026-07-25T06:24:27Z</time>
      </trkpt>
      <trkpt lat="44.173926" lon="7.683969">
        <ele>2620.6</ele>
        <time>2026-07-25T06:24:31Z</time>
      </trkpt>
      <trkpt lat="44.173956" lon="7.683958">
        <ele>2622.0</ele>
        <time>2026-07-25T06:24:35Z</time>
      </trkpt>
      <trkpt lat="44.17399" lon="7.683941">
        <ele>2623.0</ele>
        <time>2026-07-25T06:24:38Z</time>
      </trkpt>
      <trkpt lat="44.174027" lon="7.683949">
        <ele>2622.4</ele>
        <time>2026-07-25T06:24:44Z</time>
      </trkpt>
      <trkpt lat="44.174039" lon="7.683955">
        <ele>2621.8</ele>
        <time>2026-07-25T06:24:46Z</time>
      </trkpt>
      <trkpt lat="44.174083" lon="7.683933">
        <ele>2622.6</ele>
        <time>2026-07-25T06:24:53Z</time>
      </trkpt>
      <trkpt lat="44.174085" lon="7.683894">
        <ele>2622.8</ele>
        <time>2026-07-25T06:24:59Z</time>
      </trkpt>
      <trkpt lat="44.174081" lon="7.683884">
        <ele>2622.8</ele>
        <time>2026-07-25T06:25:00Z</time>
      </trkpt>
      <trkpt lat="44.17408" lon="7.683871">
        <ele>2622.4</ele>
        <time>2026-07-25T06:25:01Z</time>
      </trkpt>
      <trkpt lat="44.174079" lon="7.683853">
        <ele>2621.6</ele>
        <time>2026-07-25T06:25:03Z</time>
      </trkpt>
      <trkpt lat="44.174075" lon="7.683827">
        <ele>2620.2</ele>
        <time>2026-07-25T06:25:05Z</time>
      </trkpt>
      <trkpt lat="44.174072" lon="7.683795">
        <ele>2618.8</ele>
        <time>2026-07-25T06:25:08Z</time>
      </trkpt>
      <trkpt lat="44.174066" lon="7.68377">
        <ele>2617.6</ele>
        <time>2026-07-25T06:25:11Z</time>
      </trkpt>
      <trkpt lat="44.174065" lon="7.683756">
        <ele>2616.6</ele>
        <time>2026-07-25T06:25:13Z</time>
      </trkpt>
      <trkpt lat="44.174076" lon="7.683732">
        <ele>2615.0</ele>
        <time>2026-07-25T06:25:16Z</time>
      </trkpt>
      <trkpt lat="44.174079" lon="7.683699">
        <ele>2613.8</ele>
        <time>2026-07-25T06:25:20Z</time>
      </trkpt>
      <trkpt lat="44.174079" lon="7.683623">
        <ele>2615.2</ele>
        <time>2026-07-25T06:25:28Z</time>
      </trkpt>
      <trkpt lat="44.174081" lon="7.683616">
        <ele>2614.0</ele>
        <time>2026-07-25T06:25:29Z</time>
      </trkpt>
      <trkpt lat="44.174086" lon="7.683602">
        <ele>2612.8</ele>
        <time>2026-07-25T06:25:31Z</time>
      </trkpt>
      <trkpt lat="44.174092" lon="7.68359">
        <ele>2611.6</ele>
        <time>2026-07-25T06:25:34Z</time>
      </trkpt>
      <trkpt lat="44.174096" lon="7.683577">
        <ele>2610.6</ele>
        <time>2026-07-25T06:25:36Z</time>
      </trkpt>
      <trkpt lat="44.174096" lon="7.683572">
        <ele>2610.2</ele>
        <time>2026-07-25T06:25:38Z</time>
      </trkpt>
      <trkpt lat="44.174089" lon="7.683537">
        <ele>2609.0</ele>
        <time>2026-07-25T06:25:45Z</time>
      </trkpt>
      <trkpt lat="44.174095" lon="7.683532">
        <ele>2608.6</ele>
        <time>2026-07-25T06:25:47Z</time>
      </trkpt>
      <trkpt lat="44.174092" lon="7.683532">
        <ele>2608.0</ele>
        <time>2026-07-25T06:25:49Z</time>
      </trkpt>
      <trkpt lat="44.1741" lon="7.68348">
        <ele>2607.2</ele>
        <time>2026-07-25T06:25:56Z</time>
      </trkpt>
      <trkpt lat="44.174098" lon="7.683462">
        <ele>2607.8</ele>
        <time>2026-07-25T06:25:59Z</time>
      </trkpt>
      <trkpt lat="44.174082" lon="7.683458">
        <ele>2608.4</ele>
        <time>2026-07-25T06:26:02Z</time>
      </trkpt>
      <trkpt lat="44.174072" lon="7.68344">
        <ele>2608.4</ele>
        <time>2026-07-25T06:26:04Z</time>
      </trkpt>
      <trkpt lat="44.174073" lon="7.683417">
        <ele>2607.2</ele>
        <time>2026-07-25T06:26:07Z</time>
      </trkpt>
      <trkpt lat="44.174073" lon="7.683411">
        <ele>2606.6</ele>
        <time>2026-07-25T06:26:08Z</time>
      </trkpt>
      <trkpt lat="44.174071" lon="7.683417">
        <ele>2606.4</ele>
        <time>2026-07-25T06:26:09Z</time>
      </trkpt>
      <trkpt lat="44.174069" lon="7.683413">
        <ele>2606.2</ele>
        <time>2026-07-25T06:26:10Z</time>
      </trkpt>
      <trkpt lat="44.174065" lon="7.683408">
        <ele>2605.4</ele>
        <time>2026-07-25T06:26:13Z</time>
      </trkpt>
      <trkpt lat="44.174039" lon="7.683399">
        <ele>2604.0</ele>
        <time>2026-07-25T06:26:18Z</time>
      </trkpt>
      <trkpt lat="44.174039" lon="7.683383">
        <ele>2603.0</ele>
        <time>2026-07-25T06:26:21Z</time>
      </trkpt>
      <trkpt lat="44.174038" lon="7.683377">
        <ele>2601.2</ele>
        <time>2026-07-25T06:26:23Z</time>
      </trkpt>
      <trkpt lat="44.174036" lon="7.683368">
        <ele>2600.0</ele>
        <time>2026-07-25T06:26:25Z</time>
      </trkpt>
      <trkpt lat="44.174032" lon="7.68336">
        <ele>2600.4</ele>
        <time>2026-07-25T06:26:30Z</time>
      </trkpt>
      <trkpt lat="44.174037" lon="7.683333">
        <ele>2600.4</ele>
        <time>2026-07-25T06:26:36Z</time>
      </trkpt>
      <trkpt lat="44.17404" lon="7.683327">
        <ele>2600.6</ele>
        <time>2026-07-25T06:26:40Z</time>
      </trkpt>
      <trkpt lat="44.174038" lon="7.683323">
        <ele>2600.4</ele>
        <time>2026-07-25T06:26:41Z</time>
      </trkpt>
      <trkpt lat="44.174035" lon="7.683319">
        <ele>2600.2</ele>
        <time>2026-07-25T06:26:42Z</time>
      </trkpt>
      <trkpt lat="44.174033" lon="7.683305">
        <ele>2599.2</ele>
        <time>2026-07-25T06:26:47Z</time>
      </trkpt>
      <trkpt lat="44.17405" lon="7.683268">
        <ele>2599.0</ele>
        <time>2026-07-25T06:26:56Z</time>
      </trkpt>
      <trkpt lat="44.174053" lon="7.683268">
        <ele>2598.0</ele>
        <time>2026-07-25T06:26:58Z</time>
      </trkpt>
      <trkpt lat="44.174079" lon="7.683221">
        <ele>2598.6</ele>
        <time>2026-07-25T06:27:05Z</time>
      </trkpt>
      <trkpt lat="44.174075" lon="7.683211">
        <ele>2597.4</ele>
        <time>2026-07-25T06:27:07Z</time>
      </trkpt>
      <trkpt lat="44.174074" lon="7.683196">
        <ele>2595.4</ele>
        <time>2026-07-25T06:27:10Z</time>
      </trkpt>
      <trkpt lat="44.174075" lon="7.683193">
        <ele>2593.2</ele>
        <time>2026-07-25T06:27:11Z</time>
      </trkpt>
      <trkpt lat="44.174088" lon="7.683171">
        <ele>2592.2</ele>
        <time>2026-07-25T06:27:16Z</time>
      </trkpt>
      <trkpt lat="44.17409" lon="7.683172">
        <ele>2592.0</ele>
        <time>2026-07-25T06:27:17Z</time>
      </trkpt>
      <trkpt lat="44.174097" lon="7.683179">
        <ele>2593.4</ele>
        <time>2026-07-25T06:27:21Z</time>
      </trkpt>
      <trkpt lat="44.174102" lon="7.683176">
        <ele>2595.2</ele>
        <time>2026-07-25T06:27:23Z</time>
      </trkpt>
      <trkpt lat="44.174113" lon="7.683171">
        <ele>2594.4</ele>
        <time>2026-07-25T06:27:26Z</time>
      </trkpt>
      <trkpt lat="44.174108" lon="7.683151">
        <ele>2593.2</ele>
        <time>2026-07-25T06:27:31Z</time>
      </trkpt>
      <trkpt lat="44.174089" lon="7.683131">
        <ele>2593.0</ele>
        <time>2026-07-25T06:27:33Z</time>
      </trkpt>
      <trkpt lat="44.174083" lon="7.683102">
        <ele>2592.2</ele>
        <time>2026-07-25T06:27:41Z</time>
      </trkpt>
      <trkpt lat="44.174067" lon="7.683096">
        <ele>2590.6</ele>
        <time>2026-07-25T06:27:44Z</time>
      </trkpt>
      <trkpt lat="44.174041" lon="7.68309">
        <ele>2589.2</ele>
        <time>2026-07-25T06:27:47Z</time>
      </trkpt>
      <trkpt lat="44.174038" lon="7.683088">
        <ele>2587.6</ele>
        <time>2026-07-25T06:27:49Z</time>
      </trkpt>
      <trkpt lat="44.174038" lon="7.683087">
        <ele>2587.2</ele>
        <time>2026-07-25T06:27:50Z</time>
      </trkpt>
      <trkpt lat="44.174041" lon="7.683093">
        <ele>2586.6</ele>
        <time>2026-07-25T06:27:54Z</time>
      </trkpt>
      <trkpt lat="44.174029" lon="7.683089">
        <ele>2585.6</ele>
        <time>2026-07-25T06:27:59Z</time>
      </trkpt>
      <trkpt lat="44.174029" lon="7.683079">
        <ele>2585.2</ele>
        <time>2026-07-25T06:28:01Z</time>
      </trkpt>
      <trkpt lat="44.174014" lon="7.683048">
        <ele>2584.2</ele>
        <time>2026-07-25T06:28:06Z</time>
      </trkpt>
      <trkpt lat="44.174017" lon="7.683046">
        <ele>2584.2</ele>
        <time>2026-07-25T06:28:07Z</time>
      </trkpt>
      <trkpt lat="44.174019" lon="7.683023">
        <ele>2585.2</ele>
        <time>2026-07-25T06:28:10Z</time>
      </trkpt>
      <trkpt lat="44.174022" lon="7.683008">
        <ele>2586.4</ele>
        <time>2026-07-25T06:28:12Z</time>
      </trkpt>
      <trkpt lat="44.174026" lon="7.683001">
        <ele>2585.0</ele>
        <time>2026-07-25T06:28:14Z</time>
      </trkpt>
      <trkpt lat="44.174029" lon="7.682998">
        <ele>2584.0</ele>
        <time>2026-07-25T06:28:16Z</time>
      </trkpt>
      <trkpt lat="44.174029" lon="7.682992">
        <ele>2583.0</ele>
        <time>2026-07-25T06:28:19Z</time>
      </trkpt>
      <trkpt lat="44.174033" lon="7.682984">
        <ele>2581.0</ele>
        <time>2026-07-25T06:28:22Z</time>
      </trkpt>
      <trkpt lat="44.17403" lon="7.682961">
        <ele>2579.0</ele>
        <time>2026-07-25T06:28:26Z</time>
      </trkpt>
      <trkpt lat="44.174012" lon="7.682962">
        <ele>2578.0</ele>
        <time>2026-07-25T06:28:28Z</time>
      </trkpt>
      <trkpt lat="44.174008" lon="7.68296">
        <ele>2577.6</ele>
        <time>2026-07-25T06:28:29Z</time>
      </trkpt>
      <trkpt lat="44.174003" lon="7.682943">
        <ele>2578.4</ele>
        <time>2026-07-25T06:28:32Z</time>
      </trkpt>
      <trkpt lat="44.174003" lon="7.682939">
        <ele>2578.6</ele>
        <time>2026-07-25T06:28:33Z</time>
      </trkpt>
      <trkpt lat="44.174013" lon="7.682924">
        <ele>2579.8</ele>
        <time>2026-07-25T06:28:36Z</time>
      </trkpt>
      <trkpt lat="44.174032" lon="7.682898">
        <ele>2579.4</ele>
        <time>2026-07-25T06:28:42Z</time>
      </trkpt>
      <trkpt lat="44.174033" lon="7.682891">
        <ele>2578.8</ele>
        <time>2026-07-25T06:28:43Z</time>
      </trkpt>
      <trkpt lat="44.174032" lon="7.682868">
        <ele>2577.4</ele>
        <time>2026-07-25T06:28:47Z</time>
      </trkpt>
      <trkpt lat="44.174027" lon="7.682852">
        <ele>2578.2</ele>
        <time>2026-07-25T06:28:52Z</time>
      </trkpt>
      <trkpt lat="44.174026" lon="7.682845">
        <ele>2578.6</ele>
        <time>2026-07-25T06:28:55Z</time>
      </trkpt>
      <trkpt lat="44.174032" lon="7.682816">
        <ele>2579.6</ele>
        <time>2026-07-25T06:28:59Z</time>
      </trkpt>
      <trkpt lat="44.174039" lon="7.682781">
        <ele>2578.0</ele>
        <time>2026-07-25T06:29:02Z</time>
      </trkpt>
      <trkpt lat="44.174034" lon="7.682764">
        <ele>2572.2</ele>
        <time>2026-07-25T06:29:06Z</time>
      </trkpt>
      <trkpt lat="44.174041" lon="7.682766">
        <ele>2572.0</ele>
        <time>2026-07-25T06:29:12Z</time>
      </trkpt>
      <trkpt lat="44.174055" lon="7.682731">
        <ele>2572.6</ele>
        <time>2026-07-25T06:29:18Z</time>
      </trkpt>
      <trkpt lat="44.174054" lon="7.682717">
        <ele>2573.0</ele>
        <time>2026-07-25T06:29:20Z</time>
      </trkpt>
      <trkpt lat="44.174048" lon="7.68269">
        <ele>2572.2</ele>
        <time>2026-07-25T06:29:24Z</time>
      </trkpt>
      <trkpt lat="44.174063" lon="7.682668">
        <ele>2571.6</ele>
        <time>2026-07-25T06:29:27Z</time>
      </trkpt>
      <trkpt lat="44.174068" lon="7.682664">
        <ele>2571.6</ele>
        <time>2026-07-25T06:29:28Z</time>
      </trkpt>
      <trkpt lat="44.174101" lon="7.68263">
        <ele>2571.0</ele>
        <time>2026-07-25T06:29:34Z</time>
      </trkpt>
      <trkpt lat="44.174114" lon="7.682603">
        <ele>2569.8</ele>
        <time>2026-07-25T06:29:38Z</time>
      </trkpt>
      <trkpt lat="44.174142" lon="7.682549">
        <ele>2568.8</ele>
        <time>2026-07-25T06:29:44Z</time>
      </trkpt>
      <trkpt lat="44.174163" lon="7.682515">
        <ele>2571.4</ele>
        <time>2026-07-25T06:29:49Z</time>
      </trkpt>
      <trkpt lat="44.174167" lon="7.682502">
        <ele>2570.6</ele>
        <time>2026-07-25T06:29:51Z</time>
      </trkpt>
      <trkpt lat="44.174156" lon="7.6825">
        <ele>2571.0</ele>
        <time>2026-07-25T06:29:57Z</time>
      </trkpt>
      <trkpt lat="44.174165" lon="7.682512">
        <ele>2571.4</ele>
        <time>2026-07-25T06:30:07Z</time>
      </trkpt>
      <trkpt lat="44.174169" lon="7.682535">
        <ele>2570.4</ele>
        <time>2026-07-25T06:30:12Z</time>
      </trkpt>
      <trkpt lat="44.174164" lon="7.682525">
        <ele>2570.0</ele>
        <time>2026-07-25T06:30:18Z</time>
      </trkpt>
      <trkpt lat="44.174188" lon="7.682518">
        <ele>2570.6</ele>
        <time>2026-07-25T06:30:27Z</time>
      </trkpt>
      <trkpt lat="44.174173" lon="7.682493">
        <ele>2569.2</ele>
        <time>2026-07-25T06:30:32Z</time>
      </trkpt>
      <trkpt lat="44.17417" lon="7.682498">
        <ele>2568.6</ele>
        <time>2026-07-25T06:30:35Z</time>
      </trkpt>
      <trkpt lat="44.174184" lon="7.6825">
        <ele>2570.0</ele>
        <time>2026-07-25T06:30:41Z</time>
      </trkpt>
      <trkpt lat="44.174188" lon="7.682502">
        <ele>2570.2</ele>
        <time>2026-07-25T06:30:42Z</time>
      </trkpt>
      <trkpt lat="44.174197" lon="7.682507">
        <ele>2570.6</ele>
        <time>2026-07-25T06:30:43Z</time>
      </trkpt>
      <trkpt lat="44.174194" lon="7.68252">
        <ele>2571.2</ele>
        <time>2026-07-25T06:30:45Z</time>
      </trkpt>
      <trkpt lat="44.174187" lon="7.682523">
        <ele>2571.6</ele>
        <time>2026-07-25T06:30:47Z</time>
      </trkpt>
      <trkpt lat="44.174177" lon="7.682497">
        <ele>2570.6</ele>
        <time>2026-07-25T06:30:50Z</time>
      </trkpt>
      <trkpt lat="44.174174" lon="7.682487">
        <ele>2570.0</ele>
        <time>2026-07-25T06:30:51Z</time>
      </trkpt>
      <trkpt lat="44.174171" lon="7.68248">
        <ele>2569.0</ele>
        <time>2026-07-25T06:30:52Z</time>
      </trkpt>
      <trkpt lat="44.174166" lon="7.682462">
        <ele>2567.2</ele>
        <time>2026-07-25T06:30:54Z</time>
      </trkpt>
      <trkpt lat="44.174169" lon="7.682439">
        <ele>2565.8</ele>
        <time>2026-07-25T06:30:58Z</time>
      </trkpt>
      <trkpt lat="44.17417" lon="7.68243">
        <ele>2565.8</ele>
        <time>2026-07-25T06:31:00Z</time>
      </trkpt>
      <trkpt lat="44.174174" lon="7.682379">
        <ele>2565.4</ele>
        <time>2026-07-25T06:31:08Z</time>
      </trkpt>
      <trkpt lat="44.17417" lon="7.682386">
        <ele>2566.0</ele>
        <time>2026-07-25T06:31:15Z</time>
      </trkpt>
      <trkpt lat="44.174156" lon="7.68236">
        <ele>2564.6</ele>
        <time>2026-07-25T06:31:19Z</time>
      </trkpt>
      <trkpt lat="44.174151" lon="7.682339">
        <ele>2563.0</ele>
        <time>2026-07-25T06:31:21Z</time>
      </trkpt>
      <trkpt lat="44.17415" lon="7.682334">
        <ele>2562.8</ele>
        <time>2026-07-25T06:31:22Z</time>
      </trkpt>
      <trkpt lat="44.174142" lon="7.682323">
        <ele>2561.8</ele>
        <time>2026-07-25T06:31:25Z</time>
      </trkpt>
      <trkpt lat="44.174153" lon="7.682318">
        <ele>2561.2</ele>
        <time>2026-07-25T06:31:30Z</time>
      </trkpt>
      <trkpt lat="44.174155" lon="7.682297">
        <ele>2560.4</ele>
        <time>2026-07-25T06:31:35Z</time>
      </trkpt>
      <trkpt lat="44.174152" lon="7.682276">
        <ele>2559.6</ele>
        <time>2026-07-25T06:31:39Z</time>
      </trkpt>
      <trkpt lat="44.174149" lon="7.682265">
        <ele>2559.4</ele>
        <time>2026-07-25T06:31:40Z</time>
      </trkpt>
      <trkpt lat="44.174145" lon="7.682234">
        <ele>2558.4</ele>
        <time>2026-07-25T06:31:44Z</time>
      </trkpt>
      <trkpt lat="44.174144" lon="7.682228">
        <ele>2558.0</ele>
        <time>2026-07-25T06:31:45Z</time>
      </trkpt>
      <trkpt lat="44.174125" lon="7.682209">
        <ele>2558.8</ele>
        <time>2026-07-25T06:31:52Z</time>
      </trkpt>
      <trkpt lat="44.17413" lon="7.682198">
        <ele>2558.2</ele>
        <time>2026-07-25T06:31:56Z</time>
      </trkpt>
      <trkpt lat="44.174132" lon="7.682192">
        <ele>2556.8</ele>
        <time>2026-07-25T06:31:57Z</time>
      </trkpt>
      <trkpt lat="44.174134" lon="7.682184">
        <ele>2556.0</ele>
        <time>2026-07-25T06:31:58Z</time>
      </trkpt>
      <trkpt lat="44.174144" lon="7.682152">
        <ele>2555.8</ele>
        <time>2026-07-25T06:32:01Z</time>
      </trkpt>
      <trkpt lat="44.174171" lon="7.682124">
        <ele>2557.0</ele>
        <time>2026-07-25T06:32:06Z</time>
      </trkpt>
      <trkpt lat="44.174169" lon="7.682132">
        <ele>2557.8</ele>
        <time>2026-07-25T06:32:19Z</time>
      </trkpt>
      <trkpt lat="44.174177" lon="7.682121">
        <ele>2557.4</ele>
        <time>2026-07-25T06:32:29Z</time>
      </trkpt>
      <trkpt lat="44.174183" lon="7.682116">
        <ele>2557.6</ele>
        <time>2026-07-25T06:32:32Z</time>
      </trkpt>
      <trkpt lat="44.174188" lon="7.682111">
        <ele>2557.2</ele>
        <time>2026-07-25T06:32:35Z</time>
      </trkpt>
      <trkpt lat="44.174189" lon="7.682111">
        <ele>2557.6</ele>
        <time>2026-07-25T06:32:49Z</time>
      </trkpt>
      <trkpt lat="44.174202" lon="7.68209">
        <ele>2557.6</ele>
        <time>2026-07-25T06:32:59Z</time>
      </trkpt>
      <trkpt lat="44.174197" lon="7.682095">
        <ele>2558.2</ele>
        <time>2026-07-25T06:33:01Z</time>
      </trkpt>
      <trkpt lat="44.174211" lon="7.682111">
        <ele>2558.6</ele>
        <time>2026-07-25T06:33:07Z</time>
      </trkpt>
      <trkpt lat="44.17426" lon="7.68214">
        <ele>2558.6</ele>
        <time>2026-07-25T06:33:15Z</time>
      </trkpt>
      <trkpt lat="44.174282" lon="7.682142">
        <ele>2560.6</ele>
        <time>2026-07-25T06:33:20Z</time>
      </trkpt>
      <trkpt lat="44.174285" lon="7.682144">
        <ele>2561.6</ele>
        <time>2026-07-25T06:33:21Z</time>
      </trkpt>
      <trkpt lat="44.174281" lon="7.682139">
        <ele>2562.0</ele>
        <time>2026-07-25T06:33:22Z</time>
      </trkpt>
      <trkpt lat="44.174285" lon="7.682143">
        <ele>2563.0</ele>
        <time>2026-07-25T06:33:25Z</time>
      </trkpt>
      <trkpt lat="44.174284" lon="7.682149">
        <ele>2563.0</ele>
        <time>2026-07-25T06:33:27Z</time>
      </trkpt>
      <trkpt lat="44.174278" lon="7.682153">
        <ele>2562.8</ele>
        <time>2026-07-25T06:33:32Z</time>
      </trkpt>
      <trkpt lat="44.174278" lon="7.682156">
        <ele>2563.0</ele>
        <time>2026-07-25T06:33:34Z</time>
      </trkpt>
      <trkpt lat="44.174287" lon="7.68217">
        <ele>2562.8</ele>
        <time>2026-07-25T06:33:36Z</time>
      </trkpt>
      <trkpt lat="44.174298" lon="7.682179">
        <ele>2562.0</ele>
        <time>2026-07-25T06:33:38Z</time>
      </trkpt>
      <trkpt lat="44.174303" lon="7.68218">
        <ele>2561.4</ele>
        <time>2026-07-25T06:33:39Z</time>
      </trkpt>
      <trkpt lat="44.174308" lon="7.682184">
        <ele>2560.6</ele>
        <time>2026-07-25T06:33:40Z</time>
      </trkpt>
      <trkpt lat="44.174309" lon="7.68218">
        <ele>2559.6</ele>
        <time>2026-07-25T06:33:42Z</time>
      </trkpt>
      <trkpt lat="44.174309" lon="7.682177">
        <ele>2559.4</ele>
        <time>2026-07-25T06:33:46Z</time>
      </trkpt>
      <trkpt lat="44.17433" lon="7.682183">
        <ele>2559.4</ele>
        <time>2026-07-25T06:33:54Z</time>
      </trkpt>
      <trkpt lat="44.17437" lon="7.682198">
        <ele>2558.4</ele>
        <time>2026-07-25T06:33:59Z</time>
      </trkpt>
      <trkpt lat="44.174415" lon="7.682217">
        <ele>2557.2</ele>
        <time>2026-07-25T06:34:04Z</time>
      </trkpt>
      <trkpt lat="44.17442" lon="7.682228">
        <ele>2557.0</ele>
        <time>2026-07-25T06:34:07Z</time>
      </trkpt>
      <trkpt lat="44.17442" lon="7.682231">
        <ele>2557.2</ele>
        <time>2026-07-25T06:34:15Z</time>
      </trkpt>
      <trkpt lat="44.174419" lon="7.682234">
        <ele>2557.0</ele>
        <time>2026-07-25T06:34:21Z</time>
      </trkpt>
      <trkpt lat="44.17442" lon="7.682234">
        <ele>2557.2</ele>
        <time>2026-07-25T06:34:22Z</time>
      </trkpt>
      <trkpt lat="44.174462" lon="7.68223">
        <ele>2557.0</ele>
        <time>2026-07-25T06:34:30Z</time>
      </trkpt>
      <trkpt lat="44.174498" lon="7.682228">
        <ele>2556.2</ele>
        <time>2026-07-25T06:34:36Z</time>
      </trkpt>
      <trkpt lat="44.174504" lon="7.682231">
        <ele>2555.8</ele>
        <time>2026-07-25T06:34:37Z</time>
      </trkpt>
      <trkpt lat="44.174531" lon="7.682246">
        <ele>2554.8</ele>
        <time>2026-07-25T06:34:42Z</time>
      </trkpt>
      <trkpt lat="44.174524" lon="7.682244">
        <ele>2554.6</ele>
        <time>2026-07-25T06:34:45Z</time>
      </trkpt>
      <trkpt lat="44.174523" lon="7.682242">
        <ele>2554.6</ele>
        <time>2026-07-25T06:34:46Z</time>
      </trkpt>
      <trkpt lat="44.174541" lon="7.682256">
        <ele>2554.6</ele>
        <time>2026-07-25T06:34:55Z</time>
      </trkpt>
      <trkpt lat="44.174557" lon="7.682254">
        <ele>2554.4</ele>
        <time>2026-07-25T06:35:02Z</time>
      </trkpt>
      <trkpt lat="44.174565" lon="7.682248">
        <ele>2554.6</ele>
        <time>2026-07-25T06:35:13Z</time>
      </trkpt>
      <trkpt lat="44.174569" lon="7.682253">
        <ele>2554.6</ele>
        <time>2026-07-25T06:35:14Z</time>
      </trkpt>
      <trkpt lat="44.17457" lon="7.682258">
        <ele>2554.4</ele>
        <time>2026-07-25T06:35:23Z</time>
      </trkpt>
      <trkpt lat="44.174564" lon="7.682266">
        <ele>2553.6</ele>
        <time>2026-07-25T06:35:34Z</time>
      </trkpt>
      <trkpt lat="44.174563" lon="7.682254">
        <ele>2553.8</ele>
        <time>2026-07-25T06:35:42Z</time>
      </trkpt>
      <trkpt lat="44.174569" lon="7.682244">
        <ele>2553.6</ele>
        <time>2026-07-25T06:35:49Z</time>
      </trkpt>
      <trkpt lat="44.174591" lon="7.682266">
        <ele>2553.4</ele>
        <time>2026-07-25T06:36:00Z</time>
      </trkpt>
      <trkpt lat="44.174551" lon="7.682251">
        <ele>2553.0</ele>
        <time>2026-07-25T06:36:10Z</time>
      </trkpt>
      <trkpt lat="44.174492" lon="7.682215">
        <ele>2553.8</ele>
        <time>2026-07-25T06:36:18Z</time>
      </trkpt>
      <trkpt lat="44.174495" lon="7.682208">
        <ele>2554.0</ele>
        <time>2026-07-25T06:36:24Z</time>
      </trkpt>
      <trkpt lat="44.174502" lon="7.682218">
        <ele>2554.0</ele>
        <time>2026-07-25T06:36:30Z</time>
      </trkpt>
      <trkpt lat="44.174516" lon="7.682244">
        <ele>2553.8</ele>
        <time>2026-07-25T06:36:37Z</time>
      </trkpt>
      <trkpt lat="44.174503" lon="7.682244">
        <ele>2553.4</ele>
        <time>2026-07-25T06:36:44Z</time>
      </trkpt>
      <trkpt lat="44.174506" lon="7.682246">
        <ele>2553.4</ele>
        <time>2026-07-25T06:36:50Z</time>
      </trkpt>
      <trkpt lat="44.174509" lon="7.682245">
        <ele>2553.4</ele>
        <time>2026-07-25T06:36:51Z</time>
      </trkpt>
      <trkpt lat="44.174516" lon="7.682245">
        <ele>2553.6</ele>
        <time>2026-07-25T06:36:52Z</time>
      </trkpt>
      <trkpt lat="44.17453" lon="7.682249">
        <ele>2553.4</ele>
        <time>2026-07-25T06:36:53Z</time>
      </trkpt>
      <trkpt lat="44.174551" lon="7.682253">
        <ele>2553.2</ele>
        <time>2026-07-25T06:36:55Z</time>
      </trkpt>
      <trkpt lat="44.174555" lon="7.682252">
        <ele>2553.4</ele>
        <time>2026-07-25T06:37:01Z</time>
      </trkpt>
      <trkpt lat="44.174568" lon="7.682258">
        <ele>2553.2</ele>
        <time>2026-07-25T06:37:15Z</time>
      </trkpt>
      <trkpt lat="44.174582" lon="7.682253">
        <ele>2553.6</ele>
        <time>2026-07-25T06:37:21Z</time>
      </trkpt>
      <trkpt lat="44.174576" lon="7.682248">
        <ele>2553.2</ele>
        <time>2026-07-25T06:37:28Z</time>
      </trkpt>
      <trkpt lat="44.174569" lon="7.682248">
        <ele>2553.6</ele>
        <time>2026-07-25T06:37:32Z</time>
      </trkpt>
      <trkpt lat="44.174567" lon="7.682262">
        <ele>2553.4</ele>
        <time>2026-07-25T06:37:48Z</time>
      </trkpt>
      <trkpt lat="44.174573" lon="7.682266">
        <ele>2553.6</ele>
        <time>2026-07-25T06:37:53Z</time>
      </trkpt>
      <trkpt lat="44.174548" lon="7.682251">
        <ele>2553.2</ele>
        <time>2026-07-25T06:37:56Z</time>
      </trkpt>
      <trkpt lat="44.174507" lon="7.682205">
        <ele>2553.2</ele>
        <time>2026-07-25T06:38:03Z</time>
      </trkpt>
      <trkpt lat="44.174507" lon="7.682202">
        <ele>2553.4</ele>
        <time>2026-07-25T06:38:05Z</time>
      </trkpt>
      <trkpt lat="44.174478" lon="7.682179">
        <ele>2553.6</ele>
        <time>2026-07-25T06:38:13Z</time>
      </trkpt>
      <trkpt lat="44.174444" lon="7.682195">
        <ele>2554.8</ele>
        <time>2026-07-25T06:38:20Z</time>
      </trkpt>
      <trkpt lat="44.174434" lon="7.6822">
        <ele>2554.8</ele>
        <time>2026-07-25T06:38:22Z</time>
      </trkpt>
      <trkpt lat="44.174423" lon="7.682204">
        <ele>2554.6</ele>
        <time>2026-07-25T06:38:29Z</time>
      </trkpt>
      <trkpt lat="44.174414" lon="7.682185">
        <ele>2554.4</ele>
        <time>2026-07-25T06:38:42Z</time>
      </trkpt>
      <trkpt lat="44.174428" lon="7.682199">
        <ele>2554.4</ele>
        <time>2026-07-25T06:38:52Z</time>
      </trkpt>
      <trkpt lat="44.174435" lon="7.682202">
        <ele>2554.4</ele>
        <time>2026-07-25T06:39:03Z</time>
      </trkpt>
      <trkpt lat="44.174411" lon="7.682215">
        <ele>2554.0</ele>
        <time>2026-07-25T06:39:12Z</time>
      </trkpt>
      <trkpt lat="44.174409" lon="7.682186">
        <ele>2553.8</ele>
        <time>2026-07-25T06:39:21Z</time>
      </trkpt>
      <trkpt lat="44.174411" lon="7.682178">
        <ele>2553.6</ele>
        <time>2026-07-25T06:39:24Z</time>
      </trkpt>
      <trkpt lat="44.174411" lon="7.682186">
        <ele>2553.6</ele>
        <time>2026-07-25T06:39:31Z</time>
      </trkpt>
      <trkpt lat="44.174413" lon="7.682214">
        <ele>2554.0</ele>
        <time>2026-07-25T06:39:42Z</time>
      </trkpt>
      <trkpt lat="44.174417" lon="7.682206">
        <ele>2553.8</ele>
        <time>2026-07-25T06:39:47Z</time>
      </trkpt>
      <trkpt lat="44.174427" lon="7.682191">
        <ele>2554.0</ele>
        <time>2026-07-25T06:39:51Z</time>
      </trkpt>
      <trkpt lat="44.174426" lon="7.682209">
        <ele>2553.8</ele>
        <time>2026-07-25T06:40:00Z</time>
      </trkpt>
      <trkpt lat="44.174404" lon="7.682227">
        <ele>2554.0</ele>
        <time>2026-07-25T06:40:08Z</time>
      </trkpt>
      <trkpt lat="44.174392" lon="7.68222">
        <ele>2554.0</ele>
        <time>2026-07-25T06:40:14Z</time>
      </trkpt>
      <trkpt lat="44.174401" lon="7.682211">
        <ele>2554.0</ele>
        <time>2026-07-25T06:40:16Z</time>
      </trkpt>
      <trkpt lat="44.174408" lon="7.682212">
        <ele>2553.6</ele>
        <time>2026-07-25T06:40:24Z</time>
      </trkpt>
      <trkpt lat="44.174413" lon="7.682206">
        <ele>2554.0</ele>
        <time>2026-07-25T06:40:33Z</time>
      </trkpt>
      <trkpt lat="44.174421" lon="7.682205">
        <ele>2553.4</ele>
        <time>2026-07-25T06:40:40Z</time>
      </trkpt>
      <trkpt lat="44.174406" lon="7.682231">
        <ele>2553.4</ele>
        <time>2026-07-25T06:40:49Z</time>
      </trkpt>
      <trkpt lat="44.174406" lon="7.68223">
        <ele>2553.2</ele>
        <time>2026-07-25T06:40:51Z</time>
      </trkpt>
      <trkpt lat="44.174415" lon="7.682217">
        <ele>2553.2</ele>
        <time>2026-07-25T06:40:57Z</time>
      </trkpt>
      <trkpt lat="44.174423" lon="7.682209">
        <ele>2553.2</ele>
        <time>2026-07-25T06:41:01Z</time>
      </trkpt>
      <trkpt lat="44.174435" lon="7.68223">
        <ele>2553.0</ele>
        <time>2026-07-25T06:41:10Z</time>
      </trkpt>
      <trkpt lat="44.174416" lon="7.682223">
        <ele>2552.6</ele>
        <time>2026-07-25T06:41:19Z</time>
      </trkpt>
      <trkpt lat="44.174412" lon="7.682214">
        <ele>2552.4</ele>
        <time>2026-07-25T06:41:21Z</time>
      </trkpt>
      <trkpt lat="44.174419" lon="7.68221">
        <ele>2552.4</ele>
        <time>2026-07-25T06:41:30Z</time>
      </trkpt>
      <trkpt lat="44.174421" lon="7.682211">
        <ele>2552.2</ele>
        <time>2026-07-25T06:41:31Z</time>
      </trkpt>
      <trkpt lat="44.174425" lon="7.682224">
        <ele>2552.6</ele>
        <time>2026-07-25T06:41:39Z</time>
      </trkpt>
      <trkpt lat="44.174421" lon="7.68221">
        <ele>2552.0</ele>
        <time>2026-07-25T06:41:49Z</time>
      </trkpt>
      <trkpt lat="44.174419" lon="7.682231">
        <ele>2551.8</ele>
        <time>2026-07-25T06:41:58Z</time>
      </trkpt>
      <trkpt lat="44.17442" lon="7.68222">
        <ele>2552.2</ele>
        <time>2026-07-25T06:42:02Z</time>
      </trkpt>
      <trkpt lat="44.174421" lon="7.68223">
        <ele>2552.2</ele>
        <time>2026-07-25T06:42:08Z</time>
      </trkpt>
      <trkpt lat="44.174438" lon="7.682218">
        <ele>2552.2</ele>
        <time>2026-07-25T06:42:18Z</time>
      </trkpt>
      <trkpt lat="44.174426" lon="7.682203">
        <ele>2552.6</ele>
        <time>2026-07-25T06:42:23Z</time>
      </trkpt>
      <trkpt lat="44.174424" lon="7.682187">
        <ele>2552.4</ele>
        <time>2026-07-25T06:42:26Z</time>
      </trkpt>
      <trkpt lat="44.174423" lon="7.682213">
        <ele>2551.6</ele>
        <time>2026-07-25T06:42:32Z</time>
      </trkpt>
      <trkpt lat="44.174423" lon="7.68222">
        <ele>2551.6</ele>
        <time>2026-07-25T06:42:33Z</time>
      </trkpt>
      <trkpt lat="44.174423" lon="7.682212">
        <ele>2552.2</ele>
        <time>2026-07-25T06:42:42Z</time>
      </trkpt>
      <trkpt lat="44.174435" lon="7.682217">
        <ele>2551.8</ele>
        <time>2026-07-25T06:42:49Z</time>
      </trkpt>
      <trkpt lat="44.174415" lon="7.68221">
        <ele>2552.2</ele>
        <time>2026-07-25T06:42:57Z</time>
      </trkpt>
      <trkpt lat="44.174412" lon="7.682211">
        <ele>2552.0</ele>
        <time>2026-07-25T06:42:59Z</time>
      </trkpt>
      <trkpt lat="44.17441" lon="7.682204">
        <ele>2551.8</ele>
        <time>2026-07-25T06:43:09Z</time>
      </trkpt>
      <trkpt lat="44.174431" lon="7.68222">
        <ele>2551.6</ele>
        <time>2026-07-25T06:43:18Z</time>
      </trkpt>
      <trkpt lat="44.174448" lon="7.682232">
        <ele>2551.8</ele>
        <time>2026-07-25T06:43:24Z</time>
      </trkpt>
      <trkpt lat="44.174436" lon="7.682229">
        <ele>2551.2</ele>
        <time>2026-07-25T06:43:28Z</time>
      </trkpt>
      <trkpt lat="44.17444" lon="7.682209">
        <ele>2551.4</ele>
        <time>2026-07-25T06:43:38Z</time>
      </trkpt>
      <trkpt lat="44.174431" lon="7.682233">
        <ele>2551.8</ele>
        <time>2026-07-25T06:43:43Z</time>
      </trkpt>
      <trkpt lat="44.174413" lon="7.682243">
        <ele>2551.6</ele>
        <time>2026-07-25T06:43:48Z</time>
      </trkpt>
      <trkpt lat="44.174424" lon="7.682215">
        <ele>2552.2</ele>
        <time>2026-07-25T06:43:55Z</time>
      </trkpt>
      <trkpt lat="44.174409" lon="7.682199">
        <ele>2551.6</ele>
        <time>2026-07-25T06:44:03Z</time>
      </trkpt>
      <trkpt lat="44.174399" lon="7.682213">
        <ele>2551.4</ele>
        <time>2026-07-25T06:44:11Z</time>
      </trkpt>
      <trkpt lat="44.174409" lon="7.6822">
        <ele>2552.0</ele>
        <time>2026-07-25T06:44:22Z</time>
      </trkpt>
      <trkpt lat="44.174415" lon="7.682209">
        <ele>2551.8</ele>
        <time>2026-07-25T06:44:31Z</time>
      </trkpt>
      <trkpt lat="44.174417" lon="7.682205">
        <ele>2551.8</ele>
        <time>2026-07-25T06:44:37Z</time>
      </trkpt>
      <trkpt lat="44.174418" lon="7.682214">
        <ele>2551.4</ele>
        <time>2026-07-25T06:44:46Z</time>
      </trkpt>
      <trkpt lat="44.174416" lon="7.682215">
        <ele>2551.8</ele>
        <time>2026-07-25T06:44:56Z</time>
      </trkpt>
      <trkpt lat="44.174427" lon="7.682213">
        <ele>2551.2</ele>
        <time>2026-07-25T06:45:03Z</time>
      </trkpt>
      <trkpt lat="44.174424" lon="7.682213">
        <ele>2551.8</ele>
        <time>2026-07-25T06:45:12Z</time>
      </trkpt>
      <trkpt lat="44.174429" lon="7.682209">
        <ele>2551.6</ele>
        <time>2026-07-25T06:45:22Z</time>
      </trkpt>
      <trkpt lat="44.174428" lon="7.682214">
        <ele>2551.8</ele>
        <time>2026-07-25T06:45:28Z</time>
      </trkpt>
      <trkpt lat="44.174413" lon="7.682202">
        <ele>2551.6</ele>
        <time>2026-07-25T06:45:34Z</time>
      </trkpt>
      <trkpt lat="44.174401" lon="7.682201">
        <ele>2551.8</ele>
        <time>2026-07-25T06:45:43Z</time>
      </trkpt>
      <trkpt lat="44.174401" lon="7.682215">
        <ele>2551.4</ele>
        <time>2026-07-25T06:45:53Z</time>
      </trkpt>
      <trkpt lat="44.174433" lon="7.682218">
        <ele>2551.4</ele>
        <time>2026-07-25T06:46:06Z</time>
      </trkpt>
      <trkpt lat="44.174426" lon="7.682233">
        <ele>2552.4</ele>
        <time>2026-07-25T06:46:13Z</time>
      </trkpt>
      <trkpt lat="44.174424" lon="7.68222">
        <ele>2550.8</ele>
        <time>2026-07-25T06:46:21Z</time>
      </trkpt>
      <trkpt lat="44.174426" lon="7.682218">
        <ele>2550.8</ele>
        <time>2026-07-25T06:46:28Z</time>
      </trkpt>
      <trkpt lat="44.174417" lon="7.682222">
        <ele>2551.2</ele>
        <time>2026-07-25T06:46:31Z</time>
      </trkpt>
      <trkpt lat="44.174389" lon="7.682225">
        <ele>2550.4</ele>
        <time>2026-07-25T06:46:40Z</time>
      </trkpt>
      <trkpt lat="44.174387" lon="7.682224">
        <ele>2550.4</ele>
        <time>2026-07-25T06:46:41Z</time>
      </trkpt>
      <trkpt lat="44.174397" lon="7.682209">
        <ele>2550.6</ele>
        <time>2026-07-25T06:46:49Z</time>
      </trkpt>
      <trkpt lat="44.174405" lon="7.682194">
        <ele>2550.2</ele>
        <time>2026-07-25T06:47:01Z</time>
      </trkpt>
      <trkpt lat="44.174419" lon="7.682188">
        <ele>2551.4</ele>
        <time>2026-07-25T06:47:10Z</time>
      </trkpt>
      <trkpt lat="44.174417" lon="7.68219">
        <ele>2551.2</ele>
        <time>2026-07-25T06:47:13Z</time>
      </trkpt>
      <trkpt lat="44.174398" lon="7.682192">
        <ele>2549.8</ele>
        <time>2026-07-25T06:47:22Z</time>
      </trkpt>
      <trkpt lat="44.174383" lon="7.682188">
        <ele>2550.4</ele>
        <time>2026-07-25T06:47:31Z</time>
      </trkpt>
      <trkpt lat="44.174393" lon="7.682192">
        <ele>2550.8</ele>
        <time>2026-07-25T06:47:41Z</time>
      </trkpt>
      <trkpt lat="44.174418" lon="7.682203">
        <ele>2550.6</ele>
        <time>2026-07-25T06:47:52Z</time>
      </trkpt>
      <trkpt lat="44.174423" lon="7.682208">
        <ele>2550.8</ele>
        <time>2026-07-25T06:47:53Z</time>
      </trkpt>
      <trkpt lat="44.174435" lon="7.682225">
        <ele>2550.8</ele>
        <time>2026-07-25T06:48:02Z</time>
      </trkpt>
      <trkpt lat="44.174417" lon="7.6822">
        <ele>2550.8</ele>
        <time>2026-07-25T06:48:11Z</time>
      </trkpt>
      <trkpt lat="44.174418" lon="7.68219">
        <ele>2551.2</ele>
        <time>2026-07-25T06:48:20Z</time>
      </trkpt>
      <trkpt lat="44.174417" lon="7.682178">
        <ele>2551.0</ele>
        <time>2026-07-25T06:48:30Z</time>
      </trkpt>
      <trkpt lat="44.174414" lon="7.682181">
        <ele>2550.4</ele>
        <time>2026-07-25T06:48:37Z</time>
      </trkpt>
      <trkpt lat="44.174464" lon="7.682244">
        <ele>2550.8</ele>
        <time>2026-07-25T06:48:46Z</time>
      </trkpt>
      <trkpt lat="44.174437" lon="7.682239">
        <ele>2550.6</ele>
        <time>2026-07-25T06:48:53Z</time>
      </trkpt>
      <trkpt lat="44.1744" lon="7.682223">
        <ele>2550.4</ele>
        <time>2026-07-25T06:49:00Z</time>
      </trkpt>
      <trkpt lat="44.174403" lon="7.682211">
        <ele>2550.8</ele>
        <time>2026-07-25T06:49:09Z</time>
      </trkpt>
      <trkpt lat="44.1744" lon="7.682206">
        <ele>2551.0</ele>
        <time>2026-07-25T06:49:17Z</time>
      </trkpt>
      <trkpt lat="44.174403" lon="7.682211">
        <ele>2551.0</ele>
        <time>2026-07-25T06:49:21Z</time>
      </trkpt>
      <trkpt lat="44.174423" lon="7.682217">
        <ele>2550.6</ele>
        <time>2026-07-25T06:49:27Z</time>
      </trkpt>
      <trkpt lat="44.174415" lon="7.682221">
        <ele>2550.6</ele>
        <time>2026-07-25T06:49:41Z</time>
      </trkpt>
      <trkpt lat="44.174409" lon="7.68221">
        <ele>2551.2</ele>
        <time>2026-07-25T06:49:49Z</time>
      </trkpt>
      <trkpt lat="44.17441" lon="7.682206">
        <ele>2551.6</ele>
        <time>2026-07-25T06:49:52Z</time>
      </trkpt>
      <trkpt lat="44.174413" lon="7.68221">
        <ele>2551.0</ele>
        <time>2026-07-25T06:49:58Z</time>
      </trkpt>
      <trkpt lat="44.17444" lon="7.682217">
        <ele>2551.6</ele>
        <time>2026-07-25T06:50:07Z</time>
      </trkpt>
      <trkpt lat="44.174444" lon="7.682229">
        <ele>2551.2</ele>
        <time>2026-07-25T06:50:17Z</time>
      </trkpt>
      <trkpt lat="44.174439" lon="7.682226">
        <ele>2551.2</ele>
        <time>2026-07-25T06:50:26Z</time>
      </trkpt>
      <trkpt lat="44.174415" lon="7.682208">
        <ele>2551.0</ele>
        <time>2026-07-25T06:50:32Z</time>
      </trkpt>
      <trkpt lat="44.174428" lon="7.682209">
        <ele>2551.0</ele>
        <time>2026-07-25T06:50:41Z</time>
      </trkpt>
      <trkpt lat="44.17444" lon="7.68222">
        <ele>2551.8</ele>
        <time>2026-07-25T06:50:49Z</time>
      </trkpt>
      <trkpt lat="44.174471" lon="7.682239">
        <ele>2550.4</ele>
        <time>2026-07-25T06:50:55Z</time>
      </trkpt>
      <trkpt lat="44.174492" lon="7.682248">
        <ele>2549.4</ele>
        <time>2026-07-25T06:50:59Z</time>
      </trkpt>
      <trkpt lat="44.174526" lon="7.682268">
        <ele>2549.4</ele>
        <time>2026-07-25T06:51:06Z</time>
      </trkpt>
      <trkpt lat="44.174535" lon="7.682258">
        <ele>2549.2</ele>
        <time>2026-07-25T06:51:09Z</time>
      </trkpt>
      <trkpt lat="44.174576" lon="7.682272">
        <ele>2549.6</ele>
        <time>2026-07-25T06:51:15Z</time>
      </trkpt>
      <trkpt lat="44.174602" lon="7.682273">
        <ele>2549.2</ele>
        <time>2026-07-25T06:51:19Z</time>
      </trkpt>
      <trkpt lat="44.174627" lon="7.682285">
        <ele>2549.6</ele>
        <time>2026-07-25T06:51:27Z</time>
      </trkpt>
      <trkpt lat="44.174644" lon="7.682315">
        <ele>2548.4</ele>
        <time>2026-07-25T06:51:34Z</time>
      </trkpt>
      <trkpt lat="44.174644" lon="7.682333">
        <ele>2547.2</ele>
        <time>2026-07-25T06:51:38Z</time>
      </trkpt>
      <trkpt lat="44.174645" lon="7.682343">
        <ele>2546.8</ele>
        <time>2026-07-25T06:51:42Z</time>
      </trkpt>
      <trkpt lat="44.174656" lon="7.682343">
        <ele>2546.4</ele>
        <time>2026-07-25T06:51:51Z</time>
      </trkpt>
      <trkpt lat="44.174659" lon="7.682344">
        <ele>2546.2</ele>
        <time>2026-07-25T06:51:52Z</time>
      </trkpt>
      <trkpt lat="44.174664" lon="7.682356">
        <ele>2545.4</ele>
        <time>2026-07-25T06:51:57Z</time>
      </trkpt>
      <trkpt lat="44.174667" lon="7.68236">
        <ele>2545.0</ele>
        <time>2026-07-25T06:51:58Z</time>
      </trkpt>
      <trkpt lat="44.174668" lon="7.68236">
        <ele>2544.8</ele>
        <time>2026-07-25T06:51:59Z</time>
      </trkpt>
      <trkpt lat="44.174674" lon="7.68237">
        <ele>2544.0</ele>
        <time>2026-07-25T06:52:04Z</time>
      </trkpt>
      <trkpt lat="44.174673" lon="7.682378">
        <ele>2543.2</ele>
        <time>2026-07-25T06:52:07Z</time>
      </trkpt>
      <trkpt lat="44.174674" lon="7.682382">
        <ele>2542.8</ele>
        <time>2026-07-25T06:52:14Z</time>
      </trkpt>
      <trkpt lat="44.174683" lon="7.682387">
        <ele>2542.4</ele>
        <time>2026-07-25T06:52:17Z</time>
      </trkpt>
      <trkpt lat="44.174686" lon="7.682376">
        <ele>2541.8</ele>
        <time>2026-07-25T06:52:26Z</time>
      </trkpt>
      <trkpt lat="44.174684" lon="7.682373">
        <ele>2541.8</ele>
        <time>2026-07-25T06:52:27Z</time>
      </trkpt>
      <trkpt lat="44.174708" lon="7.682381">
        <ele>2540.8</ele>
        <time>2026-07-25T06:52:36Z</time>
      </trkpt>
      <trkpt lat="44.174708" lon="7.682381">
        <ele>2540.8</ele>
        <time>2026-07-25T06:52:40Z</time>
      </trkpt>
      <trkpt lat="44.174708" lon="7.682361">
        <ele>2540.6</ele>
        <time>2026-07-25T06:52:44Z</time>
      </trkpt>
      <trkpt lat="44.174719" lon="7.682373">
        <ele>2540.8</ele>
        <time>2026-07-25T06:52:52Z</time>
      </trkpt>
      <trkpt lat="44.174723" lon="7.682372">
        <ele>2541.0</ele>
        <time>2026-07-25T06:53:04Z</time>
      </trkpt>
      <trkpt lat="44.174711" lon="7.68237">
        <ele>2541.0</ele>
        <time>2026-07-25T06:53:13Z</time>
      </trkpt>
      <trkpt lat="44.174708" lon="7.682364">
        <ele>2540.8</ele>
        <time>2026-07-25T06:53:15Z</time>
      </trkpt>
      <trkpt lat="44.174706" lon="7.68237">
        <ele>2540.6</ele>
        <time>2026-07-25T06:53:16Z</time>
      </trkpt>
      <trkpt lat="44.174706" lon="7.682403">
        <ele>2540.4</ele>
        <time>2026-07-25T06:53:22Z</time>
      </trkpt>
      <trkpt lat="44.174705" lon="7.68239">
        <ele>2539.8</ele>
        <time>2026-07-25T06:53:30Z</time>
      </trkpt>
      <trkpt lat="44.174705" lon="7.682393">
        <ele>2539.8</ele>
        <time>2026-07-25T06:53:31Z</time>
      </trkpt>
      <trkpt lat="44.174699" lon="7.682412">
        <ele>2539.8</ele>
        <time>2026-07-25T06:53:41Z</time>
      </trkpt>
      <trkpt lat="44.174696" lon="7.682439">
        <ele>2539.2</ele>
        <time>2026-07-25T06:53:48Z</time>
      </trkpt>
      <trkpt lat="44.17468" lon="7.682439">
        <ele>2538.8</ele>
        <time>2026-07-25T06:53:55Z</time>
      </trkpt>
      <trkpt lat="44.174676" lon="7.682416">
        <ele>2539.2</ele>
        <time>2026-07-25T06:54:06Z</time>
      </trkpt>
      <trkpt lat="44.174698" lon="7.682406">
        <ele>2539.4</ele>
        <time>2026-07-25T06:54:11Z</time>
      </trkpt>
      <trkpt lat="44.17471" lon="7.682402">
        <ele>2539.6</ele>
        <time>2026-07-25T06:54:14Z</time>
      </trkpt>
      <trkpt lat="44.174734" lon="7.682413">
        <ele>2539.2</ele>
        <time>2026-07-25T06:54:25Z</time>
      </trkpt>
      <trkpt lat="44.174744" lon="7.682442">
        <ele>2538.6</ele>
        <time>2026-07-25T06:54:30Z</time>
      </trkpt>
      <trkpt lat="44.174749" lon="7.682478">
        <ele>2538.0</ele>
        <time>2026-07-25T06:54:37Z</time>
      </trkpt>
      <trkpt lat="44.174736" lon="7.682473">
        <ele>2538.2</ele>
        <time>2026-07-25T06:54:41Z</time>
      </trkpt>
      <trkpt lat="44.174742" lon="7.682462">
        <ele>2538.0</ele>
        <time>2026-07-25T06:54:46Z</time>
      </trkpt>
      <trkpt lat="44.174737" lon="7.682446">
        <ele>2538.4</ele>
        <time>2026-07-25T06:54:57Z</time>
      </trkpt>
      <trkpt lat="44.174746" lon="7.682473">
        <ele>2538.4</ele>
        <time>2026-07-25T06:55:07Z</time>
      </trkpt>
      <trkpt lat="44.174747" lon="7.682471">
        <ele>2538.4</ele>
        <time>2026-07-25T06:55:08Z</time>
      </trkpt>
      <trkpt lat="44.174733" lon="7.682448">
        <ele>2538.2</ele>
        <time>2026-07-25T06:55:16Z</time>
      </trkpt>
      <trkpt lat="44.174745" lon="7.682443">
        <ele>2538.8</ele>
        <time>2026-07-25T06:55:25Z</time>
      </trkpt>
      <trkpt lat="44.174741" lon="7.682442">
        <ele>2538.8</ele>
        <time>2026-07-25T06:55:26Z</time>
      </trkpt>
      <trkpt lat="44.174722" lon="7.682459">
        <ele>2539.6</ele>
        <time>2026-07-25T06:55:36Z</time>
      </trkpt>
      <trkpt lat="44.174729" lon="7.682462">
        <ele>2539.0</ele>
        <time>2026-07-25T06:55:45Z</time>
      </trkpt>
      <trkpt lat="44.174733" lon="7.682497">
        <ele>2538.6</ele>
        <time>2026-07-25T06:55:54Z</time>
      </trkpt>
      <trkpt lat="44.174749" lon="7.682477">
        <ele>2538.2</ele>
        <time>2026-07-25T06:56:03Z</time>
      </trkpt>
      <trkpt lat="44.174786" lon="7.682514">
        <ele>2538.4</ele>
        <time>2026-07-25T06:56:10Z</time>
      </trkpt>
      <trkpt lat="44.174801" lon="7.682514">
        <ele>2539.6</ele>
        <time>2026-07-25T06:56:15Z</time>
      </trkpt>
      <trkpt lat="44.174791" lon="7.682513">
        <ele>2540.4</ele>
        <time>2026-07-25T06:56:20Z</time>
      </trkpt>
      <trkpt lat="44.174788" lon="7.682519">
        <ele>2540.8</ele>
        <time>2026-07-25T06:56:22Z</time>
      </trkpt>
      <trkpt lat="44.174793" lon="7.682518">
        <ele>2541.2</ele>
        <time>2026-07-25T06:56:24Z</time>
      </trkpt>
      <trkpt lat="44.174797" lon="7.682532">
        <ele>2541.4</ele>
        <time>2026-07-25T06:56:32Z</time>
      </trkpt>
      <trkpt lat="44.174803" lon="7.682536">
        <ele>2541.0</ele>
        <time>2026-07-25T06:56:38Z</time>
      </trkpt>
      <trkpt lat="44.174801" lon="7.682533">
        <ele>2541.0</ele>
        <time>2026-07-25T06:56:41Z</time>
      </trkpt>
      <trkpt lat="44.174799" lon="7.682544">
        <ele>2541.2</ele>
        <time>2026-07-25T06:56:47Z</time>
      </trkpt>
      <trkpt lat="44.1748" lon="7.682547">
        <ele>2541.2</ele>
        <time>2026-07-25T06:56:48Z</time>
      </trkpt>
      <trkpt lat="44.174802" lon="7.68255">
        <ele>2541.2</ele>
        <time>2026-07-25T06:56:50Z</time>
      </trkpt>
      <trkpt lat="44.174802" lon="7.68255">
        <ele>2541.2</ele>
        <time>2026-07-25T06:56:51Z</time>
      </trkpt>
      <trkpt lat="44.174799" lon="7.682518">
        <ele>2542.0</ele>
        <time>2026-07-25T06:56:58Z</time>
      </trkpt>
      <trkpt lat="44.174805" lon="7.682523">
        <ele>2542.0</ele>
        <time>2026-07-25T06:57:01Z</time>
      </trkpt>
      <trkpt lat="44.174804" lon="7.682542">
        <ele>2541.0</ele>
        <time>2026-07-25T06:57:09Z</time>
      </trkpt>
      <trkpt lat="44.174787" lon="7.682547">
        <ele>2541.2</ele>
        <time>2026-07-25T06:57:24Z</time>
      </trkpt>
      <trkpt lat="44.174787" lon="7.682544">
        <ele>2541.4</ele>
        <time>2026-07-25T06:57:29Z</time>
      </trkpt>
      <trkpt lat="44.174787" lon="7.682535">
        <ele>2541.8</ele>
        <time>2026-07-25T06:57:30Z</time>
      </trkpt>
      <trkpt lat="44.174789" lon="7.682528">
        <ele>2542.0</ele>
        <time>2026-07-25T06:57:31Z</time>
      </trkpt>
      <trkpt lat="44.174793" lon="7.682521">
        <ele>2542.2</ele>
        <time>2026-07-25T06:57:32Z</time>
      </trkpt>
      <trkpt lat="44.17479" lon="7.682517">
        <ele>2542.2</ele>
        <time>2026-07-25T06:57:33Z</time>
      </trkpt>
      <trkpt lat="44.174789" lon="7.682514">
        <ele>2542.0</ele>
        <time>2026-07-25T06:57:35Z</time>
      </trkpt>
      <trkpt lat="44.174787" lon="7.682513">
        <ele>2541.6</ele>
        <time>2026-07-25T06:57:43Z</time>
      </trkpt>
      <trkpt lat="44.174784" lon="7.682532">
        <ele>2541.0</ele>
        <time>2026-07-25T06:57:53Z</time>
      </trkpt>
      <trkpt lat="44.174788" lon="7.682536">
        <ele>2541.4</ele>
        <time>2026-07-25T06:58:03Z</time>
      </trkpt>
      <trkpt lat="44.174781" lon="7.682524">
        <ele>2541.4</ele>
        <time>2026-07-25T06:58:13Z</time>
      </trkpt>
      <trkpt lat="44.1748" lon="7.682531">
        <ele>2542.2</ele>
        <time>2026-07-25T06:58:21Z</time>
      </trkpt>
      <trkpt lat="44.174801" lon="7.682553">
        <ele>2542.0</ele>
        <time>2026-07-25T06:58:31Z</time>
      </trkpt>
      <trkpt lat="44.174813" lon="7.682555">
        <ele>2541.8</ele>
        <time>2026-07-25T06:58:38Z</time>
      </trkpt>
      <trkpt lat="44.174796" lon="7.68254">
        <ele>2541.6</ele>
        <time>2026-07-25T06:58:50Z</time>
      </trkpt>
      <trkpt lat="44.174818" lon="7.682564">
        <ele>2541.2</ele>
        <time>2026-07-25T06:58:59Z</time>
      </trkpt>
      <trkpt lat="44.174836" lon="7.682571">
        <ele>2540.8</ele>
        <time>2026-07-25T06:59:03Z</time>
      </trkpt>
      <trkpt lat="44.174824" lon="7.682575">
        <ele>2540.8</ele>
        <time>2026-07-25T06:59:09Z</time>
      </trkpt>
      <trkpt lat="44.174821" lon="7.682575">
        <ele>2541.2</ele>
        <time>2026-07-25T06:59:18Z</time>
      </trkpt>
      <trkpt lat="44.174828" lon="7.682569">
        <ele>2541.4</ele>
        <time>2026-07-25T06:59:26Z</time>
      </trkpt>
      <trkpt lat="44.174809" lon="7.682558">
        <ele>2541.4</ele>
        <time>2026-07-25T06:59:32Z</time>
      </trkpt>
      <trkpt lat="44.174815" lon="7.682563">
        <ele>2541.8</ele>
        <time>2026-07-25T06:59:34Z</time>
      </trkpt>
      <trkpt lat="44.174814" lon="7.682568">
        <ele>2541.6</ele>
        <time>2026-07-25T06:59:40Z</time>
      </trkpt>
      <trkpt lat="44.174803" lon="7.682567">
        <ele>2541.2</ele>
        <time>2026-07-25T06:59:49Z</time>
      </trkpt>
      <trkpt lat="44.174804" lon="7.682563">
        <ele>2541.4</ele>
        <time>2026-07-25T06:59:54Z</time>
      </trkpt>
      <trkpt lat="44.174813" lon="7.682568">
        <ele>2541.6</ele>
        <time>2026-07-25T06:59:58Z</time>
      </trkpt>
      <trkpt lat="44.174805" lon="7.682557">
        <ele>2541.4</ele>
        <time>2026-07-25T07:00:06Z</time>
      </trkpt>
      <trkpt lat="44.174797" lon="7.682552">
        <ele>2541.2</ele>
        <time>2026-07-25T07:00:16Z</time>
      </trkpt>
      <trkpt lat="44.17482" lon="7.682561">
        <ele>2541.2</ele>
        <time>2026-07-25T07:00:21Z</time>
      </trkpt>
      <trkpt lat="44.174833" lon="7.682569">
        <ele>2541.2</ele>
        <time>2026-07-25T07:00:22Z</time>
      </trkpt>
      <trkpt lat="44.174838" lon="7.68257">
        <ele>2541.2</ele>
        <time>2026-07-25T07:00:23Z</time>
      </trkpt>
      <trkpt lat="44.174841" lon="7.682573">
        <ele>2541.2</ele>
        <time>2026-07-25T07:00:24Z</time>
      </trkpt>
      <trkpt lat="44.174812" lon="7.682565">
        <ele>2541.6</ele>
        <time>2026-07-25T07:00:32Z</time>
      </trkpt>
      <trkpt lat="44.174865" lon="7.682585">
        <ele>2542.0</ele>
        <time>2026-07-25T07:00:42Z</time>
      </trkpt>
      <trkpt lat="44.174887" lon="7.682582">
        <ele>2541.8</ele>
        <time>2026-07-25T07:00:46Z</time>
      </trkpt>
      <trkpt lat="44.174851" lon="7.682547">
        <ele>2542.0</ele>
        <time>2026-07-25T07:00:53Z</time>
      </trkpt>
      <trkpt lat="44.174806" lon="7.682527">
        <ele>2541.8</ele>
        <time>2026-07-25T07:01:00Z</time>
      </trkpt>
      <trkpt lat="44.174811" lon="7.682553">
        <ele>2542.2</ele>
        <time>2026-07-25T07:01:07Z</time>
      </trkpt>
      <trkpt lat="44.174815" lon="7.682559">
        <ele>2542.0</ele>
        <time>2026-07-25T07:01:16Z</time>
      </trkpt>
      <trkpt lat="44.17482" lon="7.682549">
        <ele>2542.0</ele>
        <time>2026-07-25T07:01:19Z</time>
      </trkpt>
      <trkpt lat="44.174837" lon="7.682548">
        <ele>2542.2</ele>
        <time>2026-07-25T07:01:27Z</time>
      </trkpt>
      <trkpt lat="44.174886" lon="7.682587">
        <ele>2542.0</ele>
        <time>2026-07-25T07:01:37Z</time>
      </trkpt>
      <trkpt lat="44.174855" lon="7.682611">
        <ele>2541.8</ele>
        <time>2026-07-25T07:01:46Z</time>
      </trkpt>
      <trkpt lat="44.174813" lon="7.682573">
        <ele>2541.8</ele>
        <time>2026-07-25T07:01:55Z</time>
      </trkpt>
      <trkpt lat="44.174814" lon="7.682561">
        <ele>2541.8</ele>
        <time>2026-07-25T07:02:03Z</time>
      </trkpt>
      <trkpt lat="44.174868" lon="7.682568">
        <ele>2541.8</ele>
        <time>2026-07-25T07:02:12Z</time>
      </trkpt>
      <trkpt lat="44.17486" lon="7.682576">
        <ele>2541.8</ele>
        <time>2026-07-25T07:02:21Z</time>
      </trkpt>
      <trkpt lat="44.174825" lon="7.682585">
        <ele>2542.0</ele>
        <time>2026-07-25T07:02:30Z</time>
      </trkpt>
      <trkpt lat="44.174806" lon="7.682558">
        <ele>2542.0</ele>
        <time>2026-07-25T07:02:40Z</time>
      </trkpt>
      <trkpt lat="44.174806" lon="7.682544">
        <ele>2541.6</ele>
        <time>2026-07-25T07:02:49Z</time>
      </trkpt>
      <trkpt lat="44.174825" lon="7.682577">
        <ele>2541.6</ele>
        <time>2026-07-25T07:03:01Z</time>
      </trkpt>
      <trkpt lat="44.17483" lon="7.682581">
        <ele>2541.4</ele>
        <time>2026-07-25T07:03:04Z</time>
      </trkpt>
      <trkpt lat="44.174809" lon="7.682579">
        <ele>2541.4</ele>
        <time>2026-07-25T07:03:12Z</time>
      </trkpt>
      <trkpt lat="44.174811" lon="7.682567">
        <ele>2541.2</ele>
        <time>2026-07-25T07:03:23Z</time>
      </trkpt>
      <trkpt lat="44.174805" lon="7.682559">
        <ele>2541.2</ele>
        <time>2026-07-25T07:03:33Z</time>
      </trkpt>
      <trkpt lat="44.174807" lon="7.682529">
        <ele>2541.6</ele>
        <time>2026-07-25T07:03:42Z</time>
      </trkpt>
      <trkpt lat="44.174805" lon="7.682524">
        <ele>2541.6</ele>
        <time>2026-07-25T07:03:43Z</time>
      </trkpt>
      <trkpt lat="44.174802" lon="7.682543">
        <ele>2541.4</ele>
        <time>2026-07-25T07:03:50Z</time>
      </trkpt>
      <trkpt lat="44.174809" lon="7.682558">
        <ele>2541.2</ele>
        <time>2026-07-25T07:03:53Z</time>
      </trkpt>
      <trkpt lat="44.174849" lon="7.682605">
        <ele>2541.6</ele>
        <time>2026-07-25T07:04:01Z</time>
      </trkpt>
      <trkpt lat="44.174872" lon="7.682604">
        <ele>2541.2</ele>
        <time>2026-07-25T07:04:09Z</time>
      </trkpt>
      <trkpt lat="44.17487" lon="7.6826">
        <ele>2541.2</ele>
        <time>2026-07-25T07:04:10Z</time>
      </trkpt>
      <trkpt lat="44.174852" lon="7.682565">
        <ele>2541.4</ele>
        <time>2026-07-25T07:04:17Z</time>
      </trkpt>
      <trkpt lat="44.174757" lon="7.682571">
        <ele>2541.2</ele>
        <time>2026-07-25T07:04:23Z</time>
      </trkpt>
      <trkpt lat="44.174762" lon="7.682548">
        <ele>2541.4</ele>
        <time>2026-07-25T07:04:28Z</time>
      </trkpt>
      <trkpt lat="44.174781" lon="7.682552">
        <ele>2541.2</ele>
        <time>2026-07-25T07:04:30Z</time>
      </trkpt>
      <trkpt lat="44.17483" lon="7.682568">
        <ele>2542.0</ele>
        <time>2026-07-25T07:04:37Z</time>
      </trkpt>
      <trkpt lat="44.174841" lon="7.682599">
        <ele>2541.8</ele>
        <time>2026-07-25T07:04:45Z</time>
      </trkpt>
      <trkpt lat="44.174834" lon="7.682601">
        <ele>2541.8</ele>
        <time>2026-07-25T07:04:47Z</time>
      </trkpt>
      <trkpt lat="44.174804" lon="7.682603">
        <ele>2541.8</ele>
        <time>2026-07-25T07:04:57Z</time>
      </trkpt>
      <trkpt lat="44.174801" lon="7.68258">
        <ele>2541.8</ele>
        <time>2026-07-25T07:05:04Z</time>
      </trkpt>
      <trkpt lat="44.174827" lon="7.682572">
        <ele>2541.8</ele>
        <time>2026-07-25T07:05:12Z</time>
      </trkpt>
      <trkpt lat="44.174837" lon="7.682562">
        <ele>2541.6</ele>
        <time>2026-07-25T07:05:21Z</time>
      </trkpt>
      <trkpt lat="44.174834" lon="7.682596">
        <ele>2541.8</ele>
        <time>2026-07-25T07:05:31Z</time>
      </trkpt>
      <trkpt lat="44.174837" lon="7.682587">
        <ele>2541.4</ele>
        <time>2026-07-25T07:05:41Z</time>
      </trkpt>
      <trkpt lat="44.174836" lon="7.682586">
        <ele>2541.2</ele>
        <time>2026-07-25T07:05:52Z</time>
      </trkpt>
      <trkpt lat="44.174829" lon="7.68259">
        <ele>2541.2</ele>
        <time>2026-07-25T07:06:03Z</time>
      </trkpt>
      <trkpt lat="44.174832" lon="7.682584">
        <ele>2541.2</ele>
        <time>2026-07-25T07:06:09Z</time>
      </trkpt>
      <trkpt lat="44.174825" lon="7.682576">
        <ele>2541.4</ele>
        <time>2026-07-25T07:06:14Z</time>
      </trkpt>
      <trkpt lat="44.174838" lon="7.682583">
        <ele>2541.4</ele>
        <time>2026-07-25T07:06:23Z</time>
      </trkpt>
      <trkpt lat="44.174835" lon="7.682592">
        <ele>2541.4</ele>
        <time>2026-07-25T07:06:30Z</time>
      </trkpt>
      <trkpt lat="44.174836" lon="7.682599">
        <ele>2541.6</ele>
        <time>2026-07-25T07:06:42Z</time>
      </trkpt>
      <trkpt lat="44.17485" lon="7.682608">
        <ele>2541.4</ele>
        <time>2026-07-25T07:06:51Z</time>
      </trkpt>
      <trkpt lat="44.174875" lon="7.682625">
        <ele>2541.6</ele>
        <time>2026-07-25T07:06:59Z</time>
      </trkpt>
      <trkpt lat="44.17488" lon="7.682651">
        <ele>2542.0</ele>
        <time>2026-07-25T07:07:06Z</time>
      </trkpt>
      <trkpt lat="44.174877" lon="7.682636">
        <ele>2541.6</ele>
        <time>2026-07-25T07:07:20Z</time>
      </trkpt>
      <trkpt lat="44.174864" lon="7.682645">
        <ele>2541.8</ele>
        <time>2026-07-25T07:07:25Z</time>
      </trkpt>
      <trkpt lat="44.174881" lon="7.682644">
        <ele>2541.6</ele>
        <time>2026-07-25T07:07:32Z</time>
      </trkpt>
      <trkpt lat="44.17487" lon="7.682649">
        <ele>2542.0</ele>
        <time>2026-07-25T07:07:44Z</time>
      </trkpt>
      <trkpt lat="44.174867" lon="7.682655">
        <ele>2541.8</ele>
        <time>2026-07-25T07:08:06Z</time>
      </trkpt>
      <trkpt lat="44.174854" lon="7.682627">
        <ele>2541.8</ele>
        <time>2026-07-25T07:08:16Z</time>
      </trkpt>
      <trkpt lat="44.174859" lon="7.682638">
        <ele>2541.8</ele>
        <time>2026-07-25T07:08:26Z</time>
      </trkpt>
      <trkpt lat="44.174866" lon="7.68265">
        <ele>2541.8</ele>
        <time>2026-07-25T07:08:31Z</time>
      </trkpt>
      <trkpt lat="44.174883" lon="7.682655">
        <ele>2541.8</ele>
        <time>2026-07-25T07:08:36Z</time>
      </trkpt>
      <trkpt lat="44.174909" lon="7.68264">
        <ele>2541.8</ele>
        <time>2026-07-25T07:08:43Z</time>
      </trkpt>
      <trkpt lat="44.174895" lon="7.682633">
        <ele>2541.6</ele>
        <time>2026-07-25T07:08:46Z</time>
      </trkpt>
      <trkpt lat="44.174871" lon="7.682646">
        <ele>2541.8</ele>
        <time>2026-07-25T07:08:57Z</time>
      </trkpt>
      <trkpt lat="44.174875" lon="7.682627">
        <ele>2542.0</ele>
        <time>2026-07-25T07:09:06Z</time>
      </trkpt>
      <trkpt lat="44.174868" lon="7.682638">
        <ele>2541.8</ele>
        <time>2026-07-25T07:09:14Z</time>
      </trkpt>
      <trkpt lat="44.174869" lon="7.682638">
        <ele>2541.8</ele>
        <time>2026-07-25T07:09:15Z</time>
      </trkpt>
      <trkpt lat="44.174868" lon="7.682639">
        <ele>2542.0</ele>
        <time>2026-07-25T07:09:25Z</time>
      </trkpt>
      <trkpt lat="44.174856" lon="7.682621">
        <ele>2542.4</ele>
        <time>2026-07-25T07:09:37Z</time>
      </trkpt>
      <trkpt lat="44.174879" lon="7.682634">
        <ele>2542.4</ele>
        <time>2026-07-25T07:09:46Z</time>
      </trkpt>
      <trkpt lat="44.174869" lon="7.682644">
        <ele>2542.6</ele>
        <time>2026-07-25T07:09:57Z</time>
      </trkpt>
      <trkpt lat="44.17488" lon="7.682652">
        <ele>2542.2</ele>
        <time>2026-07-25T07:10:08Z</time>
      </trkpt>
      <trkpt lat="44.17487" lon="7.682638">
        <ele>2542.2</ele>
        <time>2026-07-25T07:10:12Z</time>
      </trkpt>
      <trkpt lat="44.174866" lon="7.682629">
        <ele>2541.8</ele>
        <time>2026-07-25T07:10:17Z</time>
      </trkpt>
      <trkpt lat="44.17487" lon="7.68264">
        <ele>2541.8</ele>
        <time>2026-07-25T07:10:43Z</time>
      </trkpt>
      <trkpt lat="44.174866" lon="7.682629">
        <ele>2542.4</ele>
        <time>2026-07-25T07:10:57Z</time>
      </trkpt>
      <trkpt lat="44.174868" lon="7.682643">
        <ele>2542.4</ele>
        <time>2026-07-25T07:11:08Z</time>
      </trkpt>
      <trkpt lat="44.174872" lon="7.68264">
        <ele>2542.0</ele>
        <time>2026-07-25T07:11:21Z</time>
      </trkpt>
      <trkpt lat="44.174878" lon="7.682657">
        <ele>2543.0</ele>
        <time>2026-07-25T07:11:25Z</time>
      </trkpt>
      <trkpt lat="44.174882" lon="7.682654">
        <ele>2543.4</ele>
        <time>2026-07-25T07:11:27Z</time>
      </trkpt>
      <trkpt lat="44.174882" lon="7.682654">
        <ele>2543.2</ele>
        <time>2026-07-25T07:11:41Z</time>
      </trkpt>
      <trkpt lat="44.174883" lon="7.682654">
        <ele>2542.8</ele>
        <time>2026-07-25T07:12:00Z</time>
      </trkpt>
      <trkpt lat="44.174882" lon="7.682654">
        <ele>2543.2</ele>
        <time>2026-07-25T07:12:17Z</time>
      </trkpt>
      <trkpt lat="44.174911" lon="7.682673">
        <ele>2543.6</ele>
        <time>2026-07-25T07:12:26Z</time>
      </trkpt>
      <trkpt lat="44.17491" lon="7.682683">
        <ele>2544.0</ele>
        <time>2026-07-25T07:12:29Z</time>
      </trkpt>
      <trkpt lat="44.174889" lon="7.682656">
        <ele>2544.0</ele>
        <time>2026-07-25T07:12:34Z</time>
      </trkpt>
      <trkpt lat="44.174882" lon="7.682664">
        <ele>2544.2</ele>
        <time>2026-07-25T07:12:40Z</time>
      </trkpt>
      <trkpt lat="44.174885" lon="7.682668">
        <ele>2544.4</ele>
        <time>2026-07-25T07:12:43Z</time>
      </trkpt>
      <trkpt lat="44.174885" lon="7.682668">
        <ele>2544.4</ele>
        <time>2026-07-25T07:12:44Z</time>
      </trkpt>
      <trkpt lat="44.174892" lon="7.682672">
        <ele>2544.6</ele>
        <time>2026-07-25T07:12:50Z</time>
      </trkpt>
      <trkpt lat="44.174889" lon="7.68267">
        <ele>2544.6</ele>
        <time>2026-07-25T07:12:53Z</time>
      </trkpt>
      <trkpt lat="44.174893" lon="7.682666">
        <ele>2544.0</ele>
        <time>2026-07-25T07:13:03Z</time>
      </trkpt>
      <trkpt lat="44.174904" lon="7.682689">
        <ele>2544.2</ele>
        <time>2026-07-25T07:13:18Z</time>
      </trkpt>
      <trkpt lat="44.174909" lon="7.682701">
        <ele>2544.6</ele>
        <time>2026-07-25T07:13:29Z</time>
      </trkpt>
      <trkpt lat="44.174923" lon="7.682719">
        <ele>2545.0</ele>
        <time>2026-07-25T07:13:39Z</time>
      </trkpt>
      <trkpt lat="44.174921" lon="7.68271">
        <ele>2545.0</ele>
        <time>2026-07-25T07:13:42Z</time>
      </trkpt>
      <trkpt lat="44.174922" lon="7.682709">
        <ele>2545.4</ele>
        <time>2026-07-25T07:13:48Z</time>
      </trkpt>
      <trkpt lat="44.174922" lon="7.682709">
        <ele>2545.4</ele>
        <time>2026-07-25T07:13:49Z</time>
      </trkpt>
      <trkpt lat="44.174922" lon="7.682709">
        <ele>2545.2</ele>
        <time>2026-07-25T07:13:58Z</time>
      </trkpt>
      <trkpt lat="44.174925" lon="7.682712">
        <ele>2545.0</ele>
        <time>2026-07-25T07:14:03Z</time>
      </trkpt>
      <trkpt lat="44.174922" lon="7.682709">
        <ele>2545.2</ele>
        <time>2026-07-25T07:14:06Z</time>
      </trkpt>
      <trkpt lat="44.174922" lon="7.682709">
        <ele>2545.0</ele>
        <time>2026-07-25T07:14:23Z</time>
      </trkpt>
      <trkpt lat="44.174922" lon="7.682709">
        <ele>2545.0</ele>
        <time>2026-07-25T07:14:46Z</time>
      </trkpt>
      <trkpt lat="44.174922" lon="7.682709">
        <ele>2545.0</ele>
        <time>2026-07-25T07:14:52Z</time>
      </trkpt>
      <trkpt lat="44.174922" lon="7.682709">
        <ele>2545.0</ele>
        <time>2026-07-25T07:14:56Z</time>
      </trkpt>
      <trkpt lat="44.174922" lon="7.682709">
        <ele>2545.0</ele>
        <time>2026-07-25T07:15:03Z</time>
      </trkpt>
      <trkpt lat="44.174922" lon="7.682709">
        <ele>2545.2</ele>
        <time>2026-07-25T07:15:04Z</time>
      </trkpt>
      <trkpt lat="44.174922" lon="7.682709">
        <ele>2545.2</ele>
        <time>2026-07-25T07:15:05Z</time>
      </trkpt>
      <trkpt lat="44.174922" lon="7.682709">
        <ele>2545.0</ele>
        <time>2026-07-25T07:15:11Z</time>
      </trkpt>
      <trkpt lat="44.174931" lon="7.682724">
        <ele>2545.2</ele>
        <time>2026-07-25T07:15:23Z</time>
      </trkpt>
      <trkpt lat="44.174937" lon="7.682724">
        <ele>2545.2</ele>
        <time>2026-07-25T07:15:34Z</time>
      </trkpt>
      <trkpt lat="44.174943" lon="7.682728">
        <ele>2544.6</ele>
        <time>2026-07-25T07:15:49Z</time>
      </trkpt>
      <trkpt lat="44.174946" lon="7.682741">
        <ele>2544.0</ele>
        <time>2026-07-25T07:15:54Z</time>
      </trkpt>
      <trkpt lat="44.174961" lon="7.682751">
        <ele>2544.2</ele>
        <time>2026-07-25T07:15:59Z</time>
      </trkpt>
      <trkpt lat="44.174953" lon="7.682729">
        <ele>2544.8</ele>
        <time>2026-07-25T07:16:08Z</time>
      </trkpt>
      <trkpt lat="44.174973" lon="7.682733">
        <ele>2544.8</ele>
        <time>2026-07-25T07:16:14Z</time>
      </trkpt>
      <trkpt lat="44.17498" lon="7.682725">
        <ele>2544.8</ele>
        <time>2026-07-25T07:16:17Z</time>
      </trkpt>
      <trkpt lat="44.174942" lon="7.682697">
        <ele>2544.6</ele>
        <time>2026-07-25T07:16:24Z</time>
      </trkpt>
      <trkpt lat="44.174937" lon="7.682714">
        <ele>2544.2</ele>
        <time>2026-07-25T07:16:33Z</time>
      </trkpt>
      <trkpt lat="44.174932" lon="7.682741">
        <ele>2544.0</ele>
        <time>2026-07-25T07:16:41Z</time>
      </trkpt>
      <trkpt lat="44.174931" lon="7.68272">
        <ele>2543.8</ele>
        <time>2026-07-25T07:16:51Z</time>
      </trkpt>
      <trkpt lat="44.17493" lon="7.682699">
        <ele>2543.6</ele>
        <time>2026-07-25T07:17:00Z</time>
      </trkpt>
      <trkpt lat="44.174922" lon="7.682719">
        <ele>2543.6</ele>
        <time>2026-07-25T07:17:07Z</time>
      </trkpt>
      <trkpt lat="44.174925" lon="7.682722">
        <ele>2543.6</ele>
        <time>2026-07-25T07:17:08Z</time>
      </trkpt>
      <trkpt lat="44.174944" lon="7.682714">
        <ele>2544.0</ele>
        <time>2026-07-25T07:17:15Z</time>
      </trkpt>
      <trkpt lat="44.174944" lon="7.682705">
        <ele>2544.2</ele>
        <time>2026-07-25T07:17:18Z</time>
      </trkpt>
      <trkpt lat="44.174949" lon="7.682703">
        <ele>2544.2</ele>
        <time>2026-07-25T07:17:23Z</time>
      </trkpt>
      <trkpt lat="44.174954" lon="7.682718">
        <ele>2544.2</ele>
        <time>2026-07-25T07:17:28Z</time>
      </trkpt>
      <trkpt lat="44.17493" lon="7.682724">
        <ele>2544.2</ele>
        <time>2026-07-25T07:17:36Z</time>
      </trkpt>
      <trkpt lat="44.174959" lon="7.682723">
        <ele>2544.2</ele>
        <time>2026-07-25T07:17:46Z</time>
      </trkpt>
      <trkpt lat="44.174967" lon="7.682719">
        <ele>2544.2</ele>
        <time>2026-07-25T07:17:59Z</time>
      </trkpt>
      <trkpt lat="44.174949" lon="7.682717">
        <ele>2544.0</ele>
        <time>2026-07-25T07:18:11Z</time>
      </trkpt>
      <trkpt lat="44.174965" lon="7.682711">
        <ele>2543.8</ele>
        <time>2026-07-25T07:18:18Z</time>
      </trkpt>
      <trkpt lat="44.174941" lon="7.68272">
        <ele>2544.2</ele>
        <time>2026-07-25T07:18:27Z</time>
      </trkpt>
      <trkpt lat="44.174938" lon="7.682727">
        <ele>2544.2</ele>
        <time>2026-07-25T07:18:39Z</time>
      </trkpt>
      <trkpt lat="44.174943" lon="7.682732">
        <ele>2545.0</ele>
        <time>2026-07-25T07:18:47Z</time>
      </trkpt>
      <trkpt lat="44.174943" lon="7.682718">
        <ele>2544.6</ele>
        <time>2026-07-25T07:18:52Z</time>
      </trkpt>
      <trkpt lat="44.174937" lon="7.682721">
        <ele>2544.8</ele>
        <time>2026-07-25T07:18:56Z</time>
      </trkpt>
      <trkpt lat="44.174951" lon="7.682731">
        <ele>2544.8</ele>
        <time>2026-07-25T07:19:06Z</time>
      </trkpt>
      <trkpt lat="44.174961" lon="7.682744">
        <ele>2545.0</ele>
        <time>2026-07-25T07:19:12Z</time>
      </trkpt>
      <trkpt lat="44.174957" lon="7.682749">
        <ele>2545.2</ele>
        <time>2026-07-25T07:19:16Z</time>
      </trkpt>
      <trkpt lat="44.174983" lon="7.682747">
        <ele>2545.8</ele>
        <time>2026-07-25T07:19:37Z</time>
      </trkpt>
      <trkpt lat="44.17498" lon="7.682732">
        <ele>2545.4</ele>
        <time>2026-07-25T07:19:42Z</time>
      </trkpt>
      <trkpt lat="44.174962" lon="7.682726">
        <ele>2545.2</ele>
        <time>2026-07-25T07:19:45Z</time>
      </trkpt>
      <trkpt lat="44.174927" lon="7.682713">
        <ele>2545.4</ele>
        <time>2026-07-25T07:19:53Z</time>
      </trkpt>
      <trkpt lat="44.174951" lon="7.682737">
        <ele>2545.2</ele>
        <time>2026-07-25T07:20:00Z</time>
      </trkpt>
      <trkpt lat="44.17496" lon="7.68277">
        <ele>2545.0</ele>
        <time>2026-07-25T07:20:08Z</time>
      </trkpt>
      <trkpt lat="44.174965" lon="7.68277">
        <ele>2545.0</ele>
        <time>2026-07-25T07:20:09Z</time>
      </trkpt>
      <trkpt lat="44.174969" lon="7.682751">
        <ele>2545.2</ele>
        <time>2026-07-25T07:20:12Z</time>
      </trkpt>
      <trkpt lat="44.174955" lon="7.682731">
        <ele>2545.6</ele>
        <time>2026-07-25T07:20:17Z</time>
      </trkpt>
      <trkpt lat="44.174963" lon="7.682752">
        <ele>2545.8</ele>
        <time>2026-07-25T07:20:26Z</time>
      </trkpt>
      <trkpt lat="44.174957" lon="7.682748">
        <ele>2546.0</ele>
        <time>2026-07-25T07:20:27Z</time>
      </trkpt>
      <trkpt lat="44.174951" lon="7.682748">
        <ele>2546.2</ele>
        <time>2026-07-25T07:20:29Z</time>
      </trkpt>
      <trkpt lat="44.174959" lon="7.682744">
        <ele>2545.8</ele>
        <time>2026-07-25T07:20:37Z</time>
      </trkpt>
      <trkpt lat="44.174948" lon="7.682729">
        <ele>2545.4</ele>
        <time>2026-07-25T07:20:46Z</time>
      </trkpt>
      <trkpt lat="44.17496" lon="7.682733">
        <ele>2546.4</ele>
        <time>2026-07-25T07:20:52Z</time>
      </trkpt>
      <trkpt lat="44.174968" lon="7.682738">
        <ele>2546.8</ele>
        <time>2026-07-25T07:20:54Z</time>
      </trkpt>
      <trkpt lat="44.174959" lon="7.682733">
        <ele>2546.6</ele>
        <time>2026-07-25T07:20:57Z</time>
      </trkpt>
      <trkpt lat="44.174969" lon="7.682734">
        <ele>2545.8</ele>
        <time>2026-07-25T07:21:01Z</time>
      </trkpt>
      <trkpt lat="44.174966" lon="7.682731">
        <ele>2545.8</ele>
        <time>2026-07-25T07:21:02Z</time>
      </trkpt>
      <trkpt lat="44.174953" lon="7.682717">
        <ele>2545.4</ele>
        <time>2026-07-25T07:21:14Z</time>
      </trkpt>
      <trkpt lat="44.174954" lon="7.682718">
        <ele>2545.6</ele>
        <time>2026-07-25T07:21:17Z</time>
      </trkpt>
      <trkpt lat="44.174948" lon="7.68272">
        <ele>2545.6</ele>
        <time>2026-07-25T07:21:21Z</time>
      </trkpt>
      <trkpt lat="44.174935" lon="7.682713">
        <ele>2545.4</ele>
        <time>2026-07-25T07:21:25Z</time>
      </trkpt>
      <trkpt lat="44.174918" lon="7.682721">
        <ele>2545.2</ele>
        <time>2026-07-25T07:21:33Z</time>
      </trkpt>
      <trkpt lat="44.17492" lon="7.68272">
        <ele>2545.2</ele>
        <time>2026-07-25T07:21:37Z</time>
      </trkpt>
      <trkpt lat="44.174941" lon="7.682717">
        <ele>2545.0</ele>
        <time>2026-07-25T07:21:41Z</time>
      </trkpt>
      <trkpt lat="44.174941" lon="7.682717">
        <ele>2545.2</ele>
        <time>2026-07-25T07:21:42Z</time>
      </trkpt>
      <trkpt lat="44.174945" lon="7.682716">
        <ele>2545.4</ele>
        <time>2026-07-25T07:21:46Z</time>
      </trkpt>
      <trkpt lat="44.174948" lon="7.682718">
        <ele>2545.0</ele>
        <time>2026-07-25T07:21:50Z</time>
      </trkpt>
      <trkpt lat="44.174949" lon="7.682719">
        <ele>2545.2</ele>
        <time>2026-07-25T07:21:51Z</time>
      </trkpt>
      <trkpt lat="44.174939" lon="7.682724">
        <ele>2545.2</ele>
        <time>2026-07-25T07:21:57Z</time>
      </trkpt>
      <trkpt lat="44.17494" lon="7.682721">
        <ele>2545.4</ele>
        <time>2026-07-25T07:21:59Z</time>
      </trkpt>
      <trkpt lat="44.174978" lon="7.682709">
        <ele>2545.6</ele>
        <time>2026-07-25T07:22:09Z</time>
      </trkpt>
      <trkpt lat="44.174955" lon="7.682702">
        <ele>2545.2</ele>
        <time>2026-07-25T07:22:16Z</time>
      </trkpt>
      <trkpt lat="44.17496" lon="7.682741">
        <ele>2545.6</ele>
        <time>2026-07-25T07:22:25Z</time>
      </trkpt>
      <trkpt lat="44.174952" lon="7.68272">
        <ele>2545.4</ele>
        <time>2026-07-25T07:22:33Z</time>
      </trkpt>
      <trkpt lat="44.174953" lon="7.682727">
        <ele>2545.2</ele>
        <time>2026-07-25T07:22:43Z</time>
      </trkpt>
      <trkpt lat="44.174943" lon="7.682733">
        <ele>2545.2</ele>
        <time>2026-07-25T07:22:53Z</time>
      </trkpt>
      <trkpt lat="44.174969" lon="7.682738">
        <ele>2544.8</ele>
        <time>2026-07-25T07:23:01Z</time>
      </trkpt>
      <trkpt lat="44.174965" lon="7.682732">
        <ele>2544.6</ele>
        <time>2026-07-25T07:23:11Z</time>
      </trkpt>
      <trkpt lat="44.174967" lon="7.682738">
        <ele>2544.6</ele>
        <time>2026-07-25T07:23:22Z</time>
      </trkpt>
      <trkpt lat="44.174964" lon="7.682761">
        <ele>2544.4</ele>
        <time>2026-07-25T07:23:31Z</time>
      </trkpt>
      <trkpt lat="44.174961" lon="7.682722">
        <ele>2544.4</ele>
        <time>2026-07-25T07:23:40Z</time>
      </trkpt>
      <trkpt lat="44.174975" lon="7.68271">
        <ele>2544.2</ele>
        <time>2026-07-25T07:23:47Z</time>
      </trkpt>
      <trkpt lat="44.174961" lon="7.682701">
        <ele>2544.2</ele>
        <time>2026-07-25T07:23:51Z</time>
      </trkpt>
      <trkpt lat="44.174935" lon="7.682701">
        <ele>2544.4</ele>
        <time>2026-07-25T07:24:00Z</time>
      </trkpt>
      <trkpt lat="44.17494" lon="7.682728">
        <ele>2544.2</ele>
        <time>2026-07-25T07:24:08Z</time>
      </trkpt>
      <trkpt lat="44.174979" lon="7.682764">
        <ele>2544.2</ele>
        <time>2026-07-25T07:24:18Z</time>
      </trkpt>
      <trkpt lat="44.174962" lon="7.682723">
        <ele>2544.8</ele>
        <time>2026-07-25T07:24:28Z</time>
      </trkpt>
      <trkpt lat="44.17495" lon="7.682724">
        <ele>2544.6</ele>
        <time>2026-07-25T07:24:37Z</time>
      </trkpt>
      <trkpt lat="44.174936" lon="7.682722">
        <ele>2544.6</ele>
        <time>2026-07-25T07:24:42Z</time>
      </trkpt>
      <trkpt lat="44.174936" lon="7.682723">
        <ele>2544.4</ele>
        <time>2026-07-25T07:24:43Z</time>
      </trkpt>
      <trkpt lat="44.174945" lon="7.682723">
        <ele>2544.2</ele>
        <time>2026-07-25T07:24:47Z</time>
      </trkpt>
      <trkpt lat="44.174946" lon="7.68273">
        <ele>2543.6</ele>
        <time>2026-07-25T07:24:55Z</time>
      </trkpt>
      <trkpt lat="44.174947" lon="7.68273">
        <ele>2543.6</ele>
        <time>2026-07-25T07:24:56Z</time>
      </trkpt>
      <trkpt lat="44.17495" lon="7.68273">
        <ele>2543.8</ele>
        <time>2026-07-25T07:24:59Z</time>
      </trkpt>
      <trkpt lat="44.174941" lon="7.682728">
        <ele>2544.0</ele>
        <time>2026-07-25T07:25:04Z</time>
      </trkpt>
      <trkpt lat="44.174912" lon="7.682723">
        <ele>2543.8</ele>
        <time>2026-07-25T07:25:15Z</time>
      </trkpt>
      <trkpt lat="44.174932" lon="7.682728">
        <ele>2543.8</ele>
        <time>2026-07-25T07:25:21Z</time>
      </trkpt>
      <trkpt lat="44.174938" lon="7.682729">
        <ele>2543.8</ele>
        <time>2026-07-25T07:25:22Z</time>
      </trkpt>
      <trkpt lat="44.174945" lon="7.68273">
        <ele>2543.4</ele>
        <time>2026-07-25T07:25:25Z</time>
      </trkpt>
      <trkpt lat="44.174964" lon="7.68273">
        <ele>2543.6</ele>
        <time>2026-07-25T07:25:35Z</time>
      </trkpt>
      <trkpt lat="44.174966" lon="7.682726">
        <ele>2544.0</ele>
        <time>2026-07-25T07:25:41Z</time>
      </trkpt>
      <trkpt lat="44.174957" lon="7.682726">
        <ele>2544.6</ele>
        <time>2026-07-25T07:25:44Z</time>
      </trkpt>
      <trkpt lat="44.174953" lon="7.682719">
        <ele>2544.2</ele>
        <time>2026-07-25T07:25:51Z</time>
      </trkpt>
      <trkpt lat="44.174951" lon="7.682714">
        <ele>2544.4</ele>
        <time>2026-07-25T07:25:52Z</time>
      </trkpt>
      <trkpt lat="44.174953" lon="7.682729">
        <ele>2544.0</ele>
        <time>2026-07-25T07:26:02Z</time>
      </trkpt>
      <trkpt lat="44.174979" lon="7.682737">
        <ele>2544.4</ele>
        <time>2026-07-25T07:26:11Z</time>
      </trkpt>
      <trkpt lat="44.174978" lon="7.682733">
        <ele>2544.4</ele>
        <time>2026-07-25T07:26:18Z</time>
      </trkpt>
      <trkpt lat="44.174976" lon="7.682732">
        <ele>2544.4</ele>
        <time>2026-07-25T07:26:19Z</time>
      </trkpt>
      <trkpt lat="44.174956" lon="7.682736">
        <ele>2544.4</ele>
        <time>2026-07-25T07:26:28Z</time>
      </trkpt>
      <trkpt lat="44.174939" lon="7.682733">
        <ele>2544.0</ele>
        <time>2026-07-25T07:26:36Z</time>
      </trkpt>
      <trkpt lat="44.174948" lon="7.682747">
        <ele>2544.0</ele>
        <time>2026-07-25T07:26:45Z</time>
      </trkpt>
      <trkpt lat="44.174947" lon="7.682719">
        <ele>2544.2</ele>
        <time>2026-07-25T07:26:54Z</time>
      </trkpt>
      <trkpt lat="44.174955" lon="7.682738">
        <ele>2544.2</ele>
        <time>2026-07-25T07:27:02Z</time>
      </trkpt>
      <trkpt lat="44.174989" lon="7.682767">
        <ele>2544.2</ele>
        <time>2026-07-25T07:27:13Z</time>
      </trkpt>
      <trkpt lat="44.174989" lon="7.682731">
        <ele>2544.0</ele>
        <time>2026-07-25T07:27:23Z</time>
      </trkpt>
      <trkpt lat="44.174976" lon="7.682773">
        <ele>2544.0</ele>
        <time>2026-07-25T07:27:30Z</time>
      </trkpt>
      <trkpt lat="44.174977" lon="7.682761">
        <ele>2543.8</ele>
        <time>2026-07-25T07:27:34Z</time>
      </trkpt>
      <trkpt lat="44.174974" lon="7.682754">
        <ele>2543.6</ele>
        <time>2026-07-25T07:27:46Z</time>
      </trkpt>
      <trkpt lat="44.174951" lon="7.68274">
        <ele>2544.2</ele>
        <time>2026-07-25T07:27:56Z</time>
      </trkpt>
      <trkpt lat="44.174959" lon="7.682735">
        <ele>2543.8</ele>
        <time>2026-07-25T07:28:07Z</time>
      </trkpt>
      <trkpt lat="44.174973" lon="7.682718">
        <ele>2543.6</ele>
        <time>2026-07-25T07:28:17Z</time>
      </trkpt>
      <trkpt lat="44.174969" lon="7.682733">
        <ele>2544.0</ele>
        <time>2026-07-25T07:28:26Z</time>
      </trkpt>
      <trkpt lat="44.174962" lon="7.682744">
        <ele>2544.6</ele>
        <time>2026-07-25T07:28:33Z</time>
      </trkpt>
      <trkpt lat="44.174973" lon="7.68276">
        <ele>2544.2</ele>
        <time>2026-07-25T07:28:45Z</time>
      </trkpt>
      <trkpt lat="44.174974" lon="7.682726">
        <ele>2543.8</ele>
        <time>2026-07-25T07:28:55Z</time>
      </trkpt>
      <trkpt lat="44.174963" lon="7.682744">
        <ele>2544.0</ele>
        <time>2026-07-25T07:29:05Z</time>
      </trkpt>
      <trkpt lat="44.174969" lon="7.682754">
        <ele>2544.0</ele>
        <time>2026-07-25T07:29:08Z</time>
      </trkpt>
      <trkpt lat="44.174973" lon="7.682755">
        <ele>2543.8</ele>
        <time>2026-07-25T07:29:10Z</time>
      </trkpt>
      <trkpt lat="44.174965" lon="7.682741">
        <ele>2543.8</ele>
        <time>2026-07-25T07:29:17Z</time>
      </trkpt>
      <trkpt lat="44.174959" lon="7.682742">
        <ele>2543.8</ele>
        <time>2026-07-25T07:29:26Z</time>
      </trkpt>
      <trkpt lat="44.174982" lon="7.682742">
        <ele>2544.0</ele>
        <time>2026-07-25T07:29:33Z</time>
      </trkpt>
      <trkpt lat="44.174978" lon="7.682739">
        <ele>2543.4</ele>
        <time>2026-07-25T07:29:41Z</time>
      </trkpt>
      <trkpt lat="44.17498" lon="7.682745">
        <ele>2543.4</ele>
        <time>2026-07-25T07:29:42Z</time>
      </trkpt>
      <trkpt lat="44.174962" lon="7.682726">
        <ele>2543.4</ele>
        <time>2026-07-25T07:29:51Z</time>
      </trkpt>
      <trkpt lat="44.174976" lon="7.682725">
        <ele>2543.6</ele>
        <time>2026-07-25T07:29:57Z</time>
      </trkpt>
      <trkpt lat="44.174989" lon="7.682734">
        <ele>2543.8</ele>
        <time>2026-07-25T07:30:00Z</time>
      </trkpt>
      <trkpt lat="44.175011" lon="7.682756">
        <ele>2545.2</ele>
        <time>2026-07-25T07:30:08Z</time>
      </trkpt>
      <trkpt lat="44.175007" lon="7.682765">
        <ele>2544.8</ele>
        <time>2026-07-25T07:30:16Z</time>
      </trkpt>
      <trkpt lat="44.175001" lon="7.68275">
        <ele>2544.4</ele>
        <time>2026-07-25T07:30:23Z</time>
      </trkpt>
      <trkpt lat="44.175001" lon="7.682748">
        <ele>2544.4</ele>
        <time>2026-07-25T07:30:24Z</time>
      </trkpt>
      <trkpt lat="44.175017" lon="7.682769">
        <ele>2544.2</ele>
        <time>2026-07-25T07:30:29Z</time>
      </trkpt>
      <trkpt lat="44.175013" lon="7.682767">
        <ele>2543.8</ele>
        <time>2026-07-25T07:30:34Z</time>
      </trkpt>
      <trkpt lat="44.175016" lon="7.682778">
        <ele>2543.2</ele>
        <time>2026-07-25T07:30:40Z</time>
      </trkpt>
      <trkpt lat="44.175018" lon="7.682777">
        <ele>2542.8</ele>
        <time>2026-07-25T07:30:46Z</time>
      </trkpt>
      <trkpt lat="44.175027" lon="7.682782">
        <ele>2542.6</ele>
        <time>2026-07-25T07:30:53Z</time>
      </trkpt>
      <trkpt lat="44.175025" lon="7.68278">
        <ele>2542.6</ele>
        <time>2026-07-25T07:30:54Z</time>
      </trkpt>
      <trkpt lat="44.175016" lon="7.682793">
        <ele>2544.0</ele>
        <time>2026-07-25T07:31:03Z</time>
      </trkpt>
      <trkpt lat="44.17502" lon="7.682801">
        <ele>2543.4</ele>
        <time>2026-07-25T07:31:06Z</time>
      </trkpt>
      <trkpt lat="44.175045" lon="7.682777">
        <ele>2543.0</ele>
        <time>2026-07-25T07:31:11Z</time>
      </trkpt>
      <trkpt lat="44.175044" lon="7.682768">
        <ele>2542.8</ele>
        <time>2026-07-25T07:31:20Z</time>
      </trkpt>
      <trkpt lat="44.175036" lon="7.682765">
        <ele>2543.2</ele>
        <time>2026-07-25T07:31:27Z</time>
      </trkpt>
      <trkpt lat="44.17504" lon="7.682764">
        <ele>2543.2</ele>
        <time>2026-07-25T07:31:36Z</time>
      </trkpt>
      <trkpt lat="44.175041" lon="7.682763">
        <ele>2543.2</ele>
        <time>2026-07-25T07:31:37Z</time>
      </trkpt>
      <trkpt lat="44.175042" lon="7.682766">
        <ele>2543.2</ele>
        <time>2026-07-25T07:31:44Z</time>
      </trkpt>
      <trkpt lat="44.175042" lon="7.682763">
        <ele>2543.0</ele>
        <time>2026-07-25T07:31:54Z</time>
      </trkpt>
      <trkpt lat="44.175025" lon="7.682748">
        <ele>2543.0</ele>
        <time>2026-07-25T07:32:01Z</time>
      </trkpt>
      <trkpt lat="44.175007" lon="7.682764">
        <ele>2542.8</ele>
        <time>2026-07-25T07:32:07Z</time>
      </trkpt>
      <trkpt lat="44.175014" lon="7.682767">
        <ele>2542.6</ele>
        <time>2026-07-25T07:32:09Z</time>
      </trkpt>
      <trkpt lat="44.175022" lon="7.682782">
        <ele>2542.4</ele>
        <time>2026-07-25T07:32:15Z</time>
      </trkpt>
      <trkpt lat="44.17502" lon="7.682779">
        <ele>2542.2</ele>
        <time>2026-07-25T07:32:16Z</time>
      </trkpt>
      <trkpt lat="44.175009" lon="7.682754">
        <ele>2541.2</ele>
        <time>2026-07-25T07:32:21Z</time>
      </trkpt>
      <trkpt lat="44.175007" lon="7.682735">
        <ele>2540.4</ele>
        <time>2026-07-25T07:32:24Z</time>
      </trkpt>
      <trkpt lat="44.175025" lon="7.682722">
        <ele>2541.2</ele>
        <time>2026-07-25T07:32:34Z</time>
      </trkpt>
      <trkpt lat="44.175025" lon="7.68271">
        <ele>2540.2</ele>
        <time>2026-07-25T07:32:38Z</time>
      </trkpt>
      <trkpt lat="44.175022" lon="7.682712">
        <ele>2540.4</ele>
        <time>2026-07-25T07:32:40Z</time>
      </trkpt>
      <trkpt lat="44.17501" lon="7.682708">
        <ele>2540.6</ele>
        <time>2026-07-25T07:32:42Z</time>
      </trkpt>
      <trkpt lat="44.174997" lon="7.682676">
        <ele>2539.6</ele>
        <time>2026-07-25T07:32:47Z</time>
      </trkpt>
      <trkpt lat="44.174992" lon="7.682671">
        <ele>2538.4</ele>
        <time>2026-07-25T07:32:50Z</time>
      </trkpt>
      <trkpt lat="44.174978" lon="7.682639">
        <ele>2538.0</ele>
        <time>2026-07-25T07:32:58Z</time>
      </trkpt>
      <trkpt lat="44.174976" lon="7.682628">
        <ele>2537.2</ele>
        <time>2026-07-25T07:33:00Z</time>
      </trkpt>
      <trkpt lat="44.174976" lon="7.682606">
        <ele>2536.0</ele>
        <time>2026-07-25T07:33:05Z</time>
      </trkpt>
      <trkpt lat="44.174975" lon="7.682603">
        <ele>2535.2</ele>
        <time>2026-07-25T07:33:07Z</time>
      </trkpt>
      <trkpt lat="44.174971" lon="7.682606">
        <ele>2537.2</ele>
        <time>2026-07-25T07:33:16Z</time>
      </trkpt>
      <trkpt lat="44.174976" lon="7.682642">
        <ele>2538.4</ele>
        <time>2026-07-25T07:33:21Z</time>
      </trkpt>
      <trkpt lat="44.174974" lon="7.68266">
        <ele>2539.6</ele>
        <time>2026-07-25T07:33:26Z</time>
      </trkpt>
      <trkpt lat="44.174984" lon="7.682668">
        <ele>2539.8</ele>
        <time>2026-07-25T07:33:36Z</time>
      </trkpt>
      <trkpt lat="44.17498" lon="7.682668">
        <ele>2540.6</ele>
        <time>2026-07-25T07:33:39Z</time>
      </trkpt>
      <trkpt lat="44.174976" lon="7.682662">
        <ele>2541.2</ele>
        <time>2026-07-25T07:33:45Z</time>
      </trkpt>
      <trkpt lat="44.175004" lon="7.682711">
        <ele>2540.4</ele>
        <time>2026-07-25T07:33:54Z</time>
      </trkpt>
      <trkpt lat="44.175009" lon="7.682707">
        <ele>2540.2</ele>
        <time>2026-07-25T07:33:56Z</time>
      </trkpt>
      <trkpt lat="44.175011" lon="7.682725">
        <ele>2540.2</ele>
        <time>2026-07-25T07:34:04Z</time>
      </trkpt>
      <trkpt lat="44.175008" lon="7.682722">
        <ele>2540.2</ele>
        <time>2026-07-25T07:34:05Z</time>
      </trkpt>
      <trkpt lat="44.175005" lon="7.68272">
        <ele>2540.2</ele>
        <time>2026-07-25T07:34:06Z</time>
      </trkpt>
      <trkpt lat="44.175" lon="7.682717">
        <ele>2540.0</ele>
        <time>2026-07-25T07:34:07Z</time>
      </trkpt>
      <trkpt lat="44.174992" lon="7.682714">
        <ele>2540.2</ele>
        <time>2026-07-25T07:34:08Z</time>
      </trkpt>
      <trkpt lat="44.174962" lon="7.682704">
        <ele>2541.0</ele>
        <time>2026-07-25T07:34:17Z</time>
      </trkpt>
      <trkpt lat="44.174997" lon="7.682725">
        <ele>2540.0</ele>
        <time>2026-07-25T07:34:26Z</time>
      </trkpt>
      <trkpt lat="44.175014" lon="7.682719">
        <ele>2539.8</ele>
        <time>2026-07-25T07:34:36Z</time>
      </trkpt>
      <trkpt lat="44.175012" lon="7.682716">
        <ele>2539.8</ele>
        <time>2026-07-25T07:34:37Z</time>
      </trkpt>
      <trkpt lat="44.175008" lon="7.682711">
        <ele>2539.8</ele>
        <time>2026-07-25T07:34:38Z</time>
      </trkpt>
      <trkpt lat="44.174998" lon="7.682701">
        <ele>2539.4</ele>
        <time>2026-07-25T07:34:43Z</time>
      </trkpt>
      <trkpt lat="44.174991" lon="7.682684">
        <ele>2538.8</ele>
        <time>2026-07-25T07:34:47Z</time>
      </trkpt>
      <trkpt lat="44.174992" lon="7.682683">
        <ele>2539.0</ele>
        <time>2026-07-25T07:34:48Z</time>
      </trkpt>
      <trkpt lat="44.174993" lon="7.682683">
        <ele>2539.4</ele>
        <time>2026-07-25T07:34:49Z</time>
      </trkpt>
      <trkpt lat="44.174994" lon="7.682682">
        <ele>2540.4</ele>
        <time>2026-07-25T07:34:51Z</time>
      </trkpt>
      <trkpt lat="44.175002" lon="7.6827">
        <ele>2540.6</ele>
        <time>2026-07-25T07:34:58Z</time>
      </trkpt>
      <trkpt lat="44.17501" lon="7.682692">
        <ele>2539.8</ele>
        <time>2026-07-25T07:35:09Z</time>
      </trkpt>
      <trkpt lat="44.175007" lon="7.682711">
        <ele>2541.6</ele>
        <time>2026-07-25T07:35:20Z</time>
      </trkpt>
      <trkpt lat="44.175013" lon="7.682713">
        <ele>2542.6</ele>
        <time>2026-07-25T07:35:24Z</time>
      </trkpt>
      <trkpt lat="44.175013" lon="7.682729">
        <ele>2543.0</ele>
        <time>2026-07-25T07:35:28Z</time>
      </trkpt>
      <trkpt lat="44.175017" lon="7.682751">
        <ele>2543.6</ele>
        <time>2026-07-25T07:35:36Z</time>
      </trkpt>
      <trkpt lat="44.175021" lon="7.682753">
        <ele>2543.8</ele>
        <time>2026-07-25T07:35:37Z</time>
      </trkpt>
      <trkpt lat="44.175028" lon="7.682757">
        <ele>2544.8</ele>
        <time>2026-07-25T07:35:40Z</time>
      </trkpt>
      <trkpt lat="44.175032" lon="7.682757">
        <ele>2545.6</ele>
        <time>2026-07-25T07:35:43Z</time>
      </trkpt>
      <trkpt lat="44.175031" lon="7.682758">
        <ele>2545.6</ele>
        <time>2026-07-25T07:35:46Z</time>
      </trkpt>
      <trkpt lat="44.175032" lon="7.682759">
        <ele>2545.4</ele>
        <time>2026-07-25T07:35:47Z</time>
      </trkpt>
      <trkpt lat="44.175032" lon="7.682763">
        <ele>2545.4</ele>
        <time>2026-07-25T07:35:50Z</time>
      </trkpt>
      <trkpt lat="44.17503" lon="7.68276">
        <ele>2545.6</ele>
        <time>2026-07-25T07:35:56Z</time>
      </trkpt>
      <trkpt lat="44.175039" lon="7.682766">
        <ele>2545.8</ele>
        <time>2026-07-25T07:36:05Z</time>
      </trkpt>
      <trkpt lat="44.175034" lon="7.682766">
        <ele>2545.4</ele>
        <time>2026-07-25T07:36:15Z</time>
      </trkpt>
      <trkpt lat="44.175044" lon="7.68276">
        <ele>2545.0</ele>
        <time>2026-07-25T07:36:26Z</time>
      </trkpt>
      <trkpt lat="44.175041" lon="7.68279">
        <ele>2544.0</ele>
        <time>2026-07-25T07:36:34Z</time>
      </trkpt>
      <trkpt lat="44.175041" lon="7.682787">
        <ele>2544.0</ele>
        <time>2026-07-25T07:36:35Z</time>
      </trkpt>
      <trkpt lat="44.175032" lon="7.682771">
        <ele>2544.4</ele>
        <time>2026-07-25T07:36:42Z</time>
      </trkpt>
      <trkpt lat="44.175031" lon="7.682766">
        <ele>2545.0</ele>
        <time>2026-07-25T07:36:51Z</time>
      </trkpt>
      <trkpt lat="44.175033" lon="7.682762">
        <ele>2545.0</ele>
        <time>2026-07-25T07:36:54Z</time>
      </trkpt>
      <trkpt lat="44.175032" lon="7.682764">
        <ele>2544.0</ele>
        <time>2026-07-25T07:37:00Z</time>
      </trkpt>
      <trkpt lat="44.175031" lon="7.682766">
        <ele>2544.2</ele>
        <time>2026-07-25T07:37:03Z</time>
      </trkpt>
      <trkpt lat="44.175035" lon="7.682754">
        <ele>2544.0</ele>
        <time>2026-07-25T07:37:19Z</time>
      </trkpt>
      <trkpt lat="44.175028" lon="7.682755">
        <ele>2543.8</ele>
        <time>2026-07-25T07:37:25Z</time>
      </trkpt>
      <trkpt lat="44.175024" lon="7.682759">
        <ele>2543.6</ele>
        <time>2026-07-25T07:37:30Z</time>
      </trkpt>
      <trkpt lat="44.175036" lon="7.682759">
        <ele>2544.0</ele>
        <time>2026-07-25T07:37:40Z</time>
      </trkpt>
      <trkpt lat="44.175042" lon="7.682763">
        <ele>2543.6</ele>
        <time>2026-07-25T07:37:46Z</time>
      </trkpt>
      <trkpt lat="44.175059" lon="7.682792">
        <ele>2543.6</ele>
        <time>2026-07-25T07:37:52Z</time>
      </trkpt>
      <trkpt lat="44.17506" lon="7.682792">
        <ele>2543.2</ele>
        <time>2026-07-25T07:38:01Z</time>
      </trkpt>
      <trkpt lat="44.175066" lon="7.682802">
        <ele>2544.4</ele>
        <time>2026-07-25T07:38:08Z</time>
      </trkpt>
      <trkpt lat="44.175067" lon="7.682808">
        <ele>2542.8</ele>
        <time>2026-07-25T07:38:19Z</time>
      </trkpt>
      <trkpt lat="44.175079" lon="7.682799">
        <ele>2542.8</ele>
        <time>2026-07-25T07:38:30Z</time>
      </trkpt>
      <trkpt lat="44.175069" lon="7.682794">
        <ele>2543.6</ele>
        <time>2026-07-25T07:38:40Z</time>
      </trkpt>
      <trkpt lat="44.175091" lon="7.682792">
        <ele>2542.4</ele>
        <time>2026-07-25T07:38:49Z</time>
      </trkpt>
      <trkpt lat="44.175089" lon="7.682804">
        <ele>2541.8</ele>
        <time>2026-07-25T07:38:58Z</time>
      </trkpt>
      <trkpt lat="44.175088" lon="7.682808">
        <ele>2541.6</ele>
        <time>2026-07-25T07:38:59Z</time>
      </trkpt>
      <trkpt lat="44.175087" lon="7.682816">
        <ele>2541.4</ele>
        <time>2026-07-25T07:39:11Z</time>
      </trkpt>
      <trkpt lat="44.175093" lon="7.682823">
        <ele>2541.8</ele>
        <time>2026-07-25T07:39:21Z</time>
      </trkpt>
      <trkpt lat="44.175093" lon="7.682823">
        <ele>2540.8</ele>
        <time>2026-07-25T07:39:26Z</time>
      </trkpt>
      <trkpt lat="44.175093" lon="7.682823">
        <ele>2540.6</ele>
        <time>2026-07-25T07:39:28Z</time>
      </trkpt>
      <trkpt lat="44.175093" lon="7.682823">
        <ele>2540.6</ele>
        <time>2026-07-25T07:39:29Z</time>
      </trkpt>
      <trkpt lat="44.175112" lon="7.682818">
        <ele>2540.4</ele>
        <time>2026-07-25T07:39:42Z</time>
      </trkpt>
      <trkpt lat="44.175093" lon="7.682795">
        <ele>2540.2</ele>
        <time>2026-07-25T07:39:54Z</time>
      </trkpt>
      <trkpt lat="44.175109" lon="7.682829">
        <ele>2540.2</ele>
        <time>2026-07-25T07:40:03Z</time>
      </trkpt>
      <trkpt lat="44.175109" lon="7.682829">
        <ele>2540.2</ele>
        <time>2026-07-25T07:40:05Z</time>
      </trkpt>
      <trkpt lat="44.175109" lon="7.682829">
        <ele>2540.0</ele>
        <time>2026-07-25T07:40:07Z</time>
      </trkpt>
      <trkpt lat="44.175109" lon="7.682829">
        <ele>2540.0</ele>
        <time>2026-07-25T07:40:08Z</time>
      </trkpt>
      <trkpt lat="44.17508" lon="7.68283">
        <ele>2539.8</ele>
        <time>2026-07-25T07:40:26Z</time>
      </trkpt>
      <trkpt lat="44.175083" lon="7.682816">
        <ele>2539.8</ele>
        <time>2026-07-25T07:40:29Z</time>
      </trkpt>
      <trkpt lat="44.175093" lon="7.682796">
        <ele>2540.0</ele>
        <time>2026-07-25T07:40:34Z</time>
      </trkpt>
      <trkpt lat="44.175094" lon="7.68281">
        <ele>2539.6</ele>
        <time>2026-07-25T07:40:39Z</time>
      </trkpt>
      <trkpt lat="44.175092" lon="7.682815">
        <ele>2540.2</ele>
        <time>2026-07-25T07:40:46Z</time>
      </trkpt>
      <trkpt lat="44.175103" lon="7.682816">
        <ele>2539.6</ele>
        <time>2026-07-25T07:40:55Z</time>
      </trkpt>
      <trkpt lat="44.175098" lon="7.682818">
        <ele>2539.6</ele>
        <time>2026-07-25T07:41:05Z</time>
      </trkpt>
      <trkpt lat="44.175108" lon="7.682787">
        <ele>2540.0</ele>
        <time>2026-07-25T07:41:17Z</time>
      </trkpt>
      <trkpt lat="44.175108" lon="7.682787">
        <ele>2540.0</ele>
        <time>2026-07-25T07:41:46Z</time>
      </trkpt>
      <trkpt lat="44.175108" lon="7.682787">
        <ele>2540.2</ele>
        <time>2026-07-25T07:41:50Z</time>
      </trkpt>
      <trkpt lat="44.175108" lon="7.682787">
        <ele>2540.8</ele>
        <time>2026-07-25T07:41:53Z</time>
      </trkpt>
      <trkpt lat="44.175108" lon="7.682787">
        <ele>2539.8</ele>
        <time>2026-07-25T07:42:00Z</time>
      </trkpt>
      <trkpt lat="44.175108" lon="7.682787">
        <ele>2539.8</ele>
        <time>2026-07-25T07:42:02Z</time>
      </trkpt>
      <trkpt lat="44.175108" lon="7.682787">
        <ele>2539.6</ele>
        <time>2026-07-25T07:42:04Z</time>
      </trkpt>
      <trkpt lat="44.175108" lon="7.682787">
        <ele>2539.4</ele>
        <time>2026-07-25T07:42:10Z</time>
      </trkpt>
      <trkpt lat="44.175109" lon="7.682826">
        <ele>2539.0</ele>
        <time>2026-07-25T07:42:18Z</time>
      </trkpt>
      <trkpt lat="44.175109" lon="7.682834">
        <ele>2538.8</ele>
        <time>2026-07-25T07:42:26Z</time>
      </trkpt>
      <trkpt lat="44.17511" lon="7.682838">
        <ele>2538.6</ele>
        <time>2026-07-25T07:42:29Z</time>
      </trkpt>
      <trkpt lat="44.175123" lon="7.682861">
        <ele>2538.4</ele>
        <time>2026-07-25T07:42:37Z</time>
      </trkpt>
      <trkpt lat="44.175123" lon="7.682871">
        <ele>2538.0</ele>
        <time>2026-07-25T07:42:47Z</time>
      </trkpt>
      <trkpt lat="44.175123" lon="7.682866">
        <ele>2538.0</ele>
        <time>2026-07-25T07:42:50Z</time>
      </trkpt>
      <trkpt lat="44.175123" lon="7.682866">
        <ele>2538.0</ele>
        <time>2026-07-25T07:42:52Z</time>
      </trkpt>
      <trkpt lat="44.175123" lon="7.682866">
        <ele>2537.6</ele>
        <time>2026-07-25T07:42:58Z</time>
      </trkpt>
      <trkpt lat="44.175123" lon="7.682866">
        <ele>2537.6</ele>
        <time>2026-07-25T07:43:02Z</time>
      </trkpt>
      <trkpt lat="44.175131" lon="7.682881">
        <ele>2537.6</ele>
        <time>2026-07-25T07:43:11Z</time>
      </trkpt>
      <trkpt lat="44.175132" lon="7.68288">
        <ele>2537.6</ele>
        <time>2026-07-25T07:43:13Z</time>
      </trkpt>
      <trkpt lat="44.175123" lon="7.682866">
        <ele>2537.2</ele>
        <time>2026-07-25T07:43:24Z</time>
      </trkpt>
      <trkpt lat="44.17513" lon="7.68288">
        <ele>2538.0</ele>
        <time>2026-07-25T07:43:37Z</time>
      </trkpt>
      <trkpt lat="44.175131" lon="7.682887">
        <ele>2536.8</ele>
        <time>2026-07-25T07:43:47Z</time>
      </trkpt>
      <trkpt lat="44.175135" lon="7.682888">
        <ele>2536.6</ele>
        <time>2026-07-25T07:43:49Z</time>
      </trkpt>
      <trkpt lat="44.175165" lon="7.682845">
        <ele>2537.2</ele>
        <time>2026-07-25T07:43:59Z</time>
      </trkpt>
      <trkpt lat="44.175159" lon="7.682877">
        <ele>2537.2</ele>
        <time>2026-07-25T07:44:08Z</time>
      </trkpt>
      <trkpt lat="44.175159" lon="7.682881">
        <ele>2536.8</ele>
        <time>2026-07-25T07:44:17Z</time>
      </trkpt>
      <trkpt lat="44.175136" lon="7.682935">
        <ele>2537.0</ele>
        <time>2026-07-25T07:44:24Z</time>
      </trkpt>
      <trkpt lat="44.175126" lon="7.682935">
        <ele>2536.8</ele>
        <time>2026-07-25T07:44:30Z</time>
      </trkpt>
      <trkpt lat="44.175132" lon="7.682931">
        <ele>2536.6</ele>
        <time>2026-07-25T07:44:32Z</time>
      </trkpt>
      <trkpt lat="44.175169" lon="7.682888">
        <ele>2536.8</ele>
        <time>2026-07-25T07:44:38Z</time>
      </trkpt>
      <trkpt lat="44.175136" lon="7.682874">
        <ele>2537.2</ele>
        <time>2026-07-25T07:44:48Z</time>
      </trkpt>
      <trkpt lat="44.175146" lon="7.682881">
        <ele>2537.4</ele>
        <time>2026-07-25T07:44:53Z</time>
      </trkpt>
      <trkpt lat="44.175153" lon="7.682896">
        <ele>2537.4</ele>
        <time>2026-07-25T07:44:58Z</time>
      </trkpt>
      <trkpt lat="44.175141" lon="7.682882">
        <ele>2537.0</ele>
        <time>2026-07-25T07:45:12Z</time>
      </trkpt>
      <trkpt lat="44.17514" lon="7.682879">
        <ele>2537.2</ele>
        <time>2026-07-25T07:45:16Z</time>
      </trkpt>
      <trkpt lat="44.17514" lon="7.682878">
        <ele>2537.2</ele>
        <time>2026-07-25T07:45:17Z</time>
      </trkpt>
      <trkpt lat="44.175146" lon="7.682876">
        <ele>2537.2</ele>
        <time>2026-07-25T07:45:19Z</time>
      </trkpt>
      <trkpt lat="44.175152" lon="7.682893">
        <ele>2537.0</ele>
        <time>2026-07-25T07:45:24Z</time>
      </trkpt>
      <trkpt lat="44.175189" lon="7.682893">
        <ele>2536.8</ele>
        <time>2026-07-25T07:45:34Z</time>
      </trkpt>
      <trkpt lat="44.175202" lon="7.682897">
        <ele>2536.2</ele>
        <time>2026-07-25T07:45:43Z</time>
      </trkpt>
      <trkpt lat="44.175201" lon="7.682871">
        <ele>2535.6</ele>
        <time>2026-07-25T07:45:54Z</time>
      </trkpt>
      <trkpt lat="44.175177" lon="7.682898">
        <ele>2536.0</ele>
        <time>2026-07-25T07:46:03Z</time>
      </trkpt>
      <trkpt lat="44.175169" lon="7.682912">
        <ele>2535.4</ele>
        <time>2026-07-25T07:46:10Z</time>
      </trkpt>
      <trkpt lat="44.175176" lon="7.682914">
        <ele>2535.0</ele>
        <time>2026-07-25T07:46:14Z</time>
      </trkpt>
      <trkpt lat="44.175186" lon="7.682921">
        <ele>2535.0</ele>
        <time>2026-07-25T07:46:19Z</time>
      </trkpt>
      <trkpt lat="44.175204" lon="7.68293">
        <ele>2534.8</ele>
        <time>2026-07-25T07:46:30Z</time>
      </trkpt>
      <trkpt lat="44.175203" lon="7.682922">
        <ele>2535.0</ele>
        <time>2026-07-25T07:46:35Z</time>
      </trkpt>
      <trkpt lat="44.175209" lon="7.682896">
        <ele>2535.6</ele>
        <time>2026-07-25T07:46:42Z</time>
      </trkpt>
      <trkpt lat="44.17522" lon="7.682904">
        <ele>2535.2</ele>
        <time>2026-07-25T07:46:50Z</time>
      </trkpt>
      <trkpt lat="44.17524" lon="7.682936">
        <ele>2535.6</ele>
        <time>2026-07-25T07:46:57Z</time>
      </trkpt>
      <trkpt lat="44.175228" lon="7.682941">
        <ele>2536.2</ele>
        <time>2026-07-25T07:47:06Z</time>
      </trkpt>
      <trkpt lat="44.175226" lon="7.682932">
        <ele>2536.6</ele>
        <time>2026-07-25T07:47:13Z</time>
      </trkpt>
      <trkpt lat="44.175225" lon="7.682929">
        <ele>2536.6</ele>
        <time>2026-07-25T07:47:16Z</time>
      </trkpt>
      <trkpt lat="44.175211" lon="7.682927">
        <ele>2536.2</ele>
        <time>2026-07-25T07:47:25Z</time>
      </trkpt>
      <trkpt lat="44.175211" lon="7.682913">
        <ele>2536.8</ele>
        <time>2026-07-25T07:47:34Z</time>
      </trkpt>
      <trkpt lat="44.175217" lon="7.682913">
        <ele>2536.6</ele>
        <time>2026-07-25T07:47:53Z</time>
      </trkpt>
      <trkpt lat="44.175217" lon="7.682913">
        <ele>2537.0</ele>
        <time>2026-07-25T07:48:05Z</time>
      </trkpt>
      <trkpt lat="44.175213" lon="7.682911">
        <ele>2537.2</ele>
        <time>2026-07-25T07:48:08Z</time>
      </trkpt>
      <trkpt lat="44.175217" lon="7.682913">
        <ele>2537.4</ele>
        <time>2026-07-25T07:48:11Z</time>
      </trkpt>
      <trkpt lat="44.175221" lon="7.6829">
        <ele>2536.2</ele>
        <time>2026-07-25T07:48:22Z</time>
      </trkpt>
      <trkpt lat="44.175232" lon="7.682922">
        <ele>2537.4</ele>
        <time>2026-07-25T07:48:30Z</time>
      </trkpt>
      <trkpt lat="44.175234" lon="7.682926">
        <ele>2537.6</ele>
        <time>2026-07-25T07:48:31Z</time>
      </trkpt>
      <trkpt lat="44.175232" lon="7.682918">
        <ele>2538.4</ele>
        <time>2026-07-25T07:48:39Z</time>
      </trkpt>
      <trkpt lat="44.175232" lon="7.682918">
        <ele>2538.6</ele>
        <time>2026-07-25T07:48:41Z</time>
      </trkpt>
      <trkpt lat="44.175227" lon="7.68291">
        <ele>2538.2</ele>
        <time>2026-07-25T07:48:51Z</time>
      </trkpt>
      <trkpt lat="44.175232" lon="7.682918">
        <ele>2538.0</ele>
        <time>2026-07-25T07:48:59Z</time>
      </trkpt>
      <trkpt lat="44.175221" lon="7.682909">
        <ele>2537.8</ele>
        <time>2026-07-25T07:49:08Z</time>
      </trkpt>
      <trkpt lat="44.175222" lon="7.682915">
        <ele>2538.0</ele>
        <time>2026-07-25T07:49:19Z</time>
      </trkpt>
      <trkpt lat="44.175219" lon="7.682935">
        <ele>2538.0</ele>
        <time>2026-07-25T07:49:26Z</time>
      </trkpt>
      <trkpt lat="44.175228" lon="7.682913">
        <ele>2538.0</ele>
        <time>2026-07-25T07:49:37Z</time>
      </trkpt>
      <trkpt lat="44.175216" lon="7.682919">
        <ele>2537.6</ele>
        <time>2026-07-25T07:49:45Z</time>
      </trkpt>
      <trkpt lat="44.175232" lon="7.682918">
        <ele>2537.6</ele>
        <time>2026-07-25T07:49:51Z</time>
      </trkpt>
      <trkpt lat="44.175232" lon="7.682918">
        <ele>2537.6</ele>
        <time>2026-07-25T07:49:54Z</time>
      </trkpt>
      <trkpt lat="44.175232" lon="7.682918">
        <ele>2537.4</ele>
        <time>2026-07-25T07:50:05Z</time>
      </trkpt>
      <trkpt lat="44.175232" lon="7.682918">
        <ele>2537.0</ele>
        <time>2026-07-25T07:50:14Z</time>
      </trkpt>
      <trkpt lat="44.175232" lon="7.682918">
        <ele>2537.2</ele>
        <time>2026-07-25T07:50:23Z</time>
      </trkpt>
      <trkpt lat="44.175229" lon="7.682915">
        <ele>2537.2</ele>
        <time>2026-07-25T07:50:29Z</time>
      </trkpt>
      <trkpt lat="44.175224" lon="7.682931">
        <ele>2537.4</ele>
        <time>2026-07-25T07:50:37Z</time>
      </trkpt>
      <trkpt lat="44.175219" lon="7.682921">
        <ele>2537.4</ele>
        <time>2026-07-25T07:50:46Z</time>
      </trkpt>
      <trkpt lat="44.175228" lon="7.682917">
        <ele>2537.4</ele>
        <time>2026-07-25T07:50:53Z</time>
      </trkpt>
      <trkpt lat="44.175248" lon="7.682905">
        <ele>2537.0</ele>
        <time>2026-07-25T07:51:02Z</time>
      </trkpt>
      <trkpt lat="44.175263" lon="7.682899">
        <ele>2538.0</ele>
        <time>2026-07-25T07:51:08Z</time>
      </trkpt>
      <trkpt lat="44.175267" lon="7.682901">
        <ele>2538.2</ele>
        <time>2026-07-25T07:51:10Z</time>
      </trkpt>
      <trkpt lat="44.175259" lon="7.6829">
        <ele>2538.2</ele>
        <time>2026-07-25T07:51:12Z</time>
      </trkpt>
      <trkpt lat="44.175284" lon="7.682939">
        <ele>2536.6</ele>
        <time>2026-07-25T07:51:19Z</time>
      </trkpt>
      <trkpt lat="44.175255" lon="7.682935">
        <ele>2537.4</ele>
        <time>2026-07-25T07:51:25Z</time>
      </trkpt>
      <trkpt lat="44.175247" lon="7.682928">
        <ele>2537.6</ele>
        <time>2026-07-25T07:51:26Z</time>
      </trkpt>
      <trkpt lat="44.175242" lon="7.682924">
        <ele>2537.8</ele>
        <time>2026-07-25T07:51:27Z</time>
      </trkpt>
      <trkpt lat="44.17523" lon="7.682915">
        <ele>2536.6</ele>
        <time>2026-07-25T07:51:35Z</time>
      </trkpt>
      <trkpt lat="44.175219" lon="7.68291">
        <ele>2536.8</ele>
        <time>2026-07-25T07:51:42Z</time>
      </trkpt>
      <trkpt lat="44.175225" lon="7.682917">
        <ele>2536.8</ele>
        <time>2026-07-25T07:51:45Z</time>
      </trkpt>
      <trkpt lat="44.175232" lon="7.682918">
        <ele>2536.8</ele>
        <time>2026-07-25T07:51:55Z</time>
      </trkpt>
      <trkpt lat="44.175228" lon="7.682918">
        <ele>2536.6</ele>
        <time>2026-07-25T07:52:06Z</time>
      </trkpt>
      <trkpt lat="44.175232" lon="7.682918">
        <ele>2536.8</ele>
        <time>2026-07-25T07:52:12Z</time>
      </trkpt>
      <trkpt lat="44.175232" lon="7.682918">
        <ele>2536.6</ele>
        <time>2026-07-25T07:52:15Z</time>
      </trkpt>
      <trkpt lat="44.175227" lon="7.682915">
        <ele>2536.0</ele>
        <time>2026-07-25T07:52:23Z</time>
      </trkpt>
      <trkpt lat="44.175231" lon="7.682899">
        <ele>2536.6</ele>
        <time>2026-07-25T07:52:32Z</time>
      </trkpt>
      <trkpt lat="44.175233" lon="7.682919">
        <ele>2536.0</ele>
        <time>2026-07-25T07:52:39Z</time>
      </trkpt>
      <trkpt lat="44.175226" lon="7.682938">
        <ele>2536.0</ele>
        <time>2026-07-25T07:52:42Z</time>
      </trkpt>
      <trkpt lat="44.175222" lon="7.682916">
        <ele>2535.8</ele>
        <time>2026-07-25T07:52:48Z</time>
      </trkpt>
      <trkpt lat="44.175232" lon="7.682918">
        <ele>2535.8</ele>
        <time>2026-07-25T07:52:50Z</time>
      </trkpt>
      <trkpt lat="44.175222" lon="7.682912">
        <ele>2535.8</ele>
        <time>2026-07-25T07:52:56Z</time>
      </trkpt>
      <trkpt lat="44.175232" lon="7.682918">
        <ele>2535.8</ele>
        <time>2026-07-25T07:52:59Z</time>
      </trkpt>
      <trkpt lat="44.175232" lon="7.682918">
        <ele>2535.4</ele>
        <time>2026-07-25T07:53:02Z</time>
      </trkpt>
      <trkpt lat="44.175232" lon="7.682918">
        <ele>2536.0</ele>
        <time>2026-07-25T07:53:10Z</time>
      </trkpt>
      <trkpt lat="44.175232" lon="7.682918">
        <ele>2535.4</ele>
        <time>2026-07-25T07:53:24Z</time>
      </trkpt>
      <trkpt lat="44.175232" lon="7.682918">
        <ele>2535.4</ele>
        <time>2026-07-25T07:53:29Z</time>
      </trkpt>
      <trkpt lat="44.175232" lon="7.682918">
        <ele>2535.6</ele>
        <time>2026-07-25T07:53:36Z</time>
      </trkpt>
      <trkpt lat="44.175225" lon="7.682918">
        <ele>2535.2</ele>
        <time>2026-07-25T07:53:47Z</time>
      </trkpt>
      <trkpt lat="44.175232" lon="7.682918">
        <ele>2535.2</ele>
        <time>2026-07-25T07:53:58Z</time>
      </trkpt>
      <trkpt lat="44.175212" lon="7.68293">
        <ele>2535.2</ele>
        <time>2026-07-25T07:54:05Z</time>
      </trkpt>
      <trkpt lat="44.17521" lon="7.68293">
        <ele>2535.4</ele>
        <time>2026-07-25T07:54:11Z</time>
      </trkpt>
      <trkpt lat="44.175225" lon="7.682935">
        <ele>2535.2</ele>
        <time>2026-07-25T07:54:20Z</time>
      </trkpt>
      <trkpt lat="44.175224" lon="7.682934">
        <ele>2535.2</ele>
        <time>2026-07-25T07:54:21Z</time>
      </trkpt>
      <trkpt lat="44.175223" lon="7.682931">
        <ele>2535.4</ele>
        <time>2026-07-25T07:54:23Z</time>
      </trkpt>
      <trkpt lat="44.175221" lon="7.682922">
        <ele>2535.2</ele>
        <time>2026-07-25T07:54:31Z</time>
      </trkpt>
      <trkpt lat="44.175222" lon="7.682902">
        <ele>2535.6</ele>
        <time>2026-07-25T07:54:40Z</time>
      </trkpt>
      <trkpt lat="44.175213" lon="7.682922">
        <ele>2535.4</ele>
        <time>2026-07-25T07:54:50Z</time>
      </trkpt>
      <trkpt lat="44.17522" lon="7.682925">
        <ele>2535.2</ele>
        <time>2026-07-25T07:54:59Z</time>
      </trkpt>
      <trkpt lat="44.175211" lon="7.682933">
        <ele>2535.8</ele>
        <time>2026-07-25T07:55:09Z</time>
      </trkpt>
      <trkpt lat="44.175227" lon="7.682954">
        <ele>2535.4</ele>
        <time>2026-07-25T07:55:18Z</time>
      </trkpt>
      <trkpt lat="44.17521" lon="7.682931">
        <ele>2534.6</ele>
        <time>2026-07-25T07:55:26Z</time>
      </trkpt>
      <trkpt lat="44.175212" lon="7.682925">
        <ele>2535.8</ele>
        <time>2026-07-25T07:55:32Z</time>
      </trkpt>
      <trkpt lat="44.175198" lon="7.682919">
        <ele>2536.4</ele>
        <time>2026-07-25T07:55:40Z</time>
      </trkpt>
      <trkpt lat="44.175194" lon="7.682915">
        <ele>2536.0</ele>
        <time>2026-07-25T07:55:43Z</time>
      </trkpt>
      <trkpt lat="44.175199" lon="7.682917">
        <ele>2535.8</ele>
        <time>2026-07-25T07:55:44Z</time>
      </trkpt>
      <trkpt lat="44.175202" lon="7.682918">
        <ele>2535.6</ele>
        <time>2026-07-25T07:55:46Z</time>
      </trkpt>
      <trkpt lat="44.175216" lon="7.68292">
        <ele>2535.2</ele>
        <time>2026-07-25T07:55:57Z</time>
      </trkpt>
      <trkpt lat="44.175222" lon="7.682918">
        <ele>2535.4</ele>
        <time>2026-07-25T07:56:01Z</time>
      </trkpt>
      <trkpt lat="44.175215" lon="7.682918">
        <ele>2535.4</ele>
        <time>2026-07-25T07:56:05Z</time>
      </trkpt>
      <trkpt lat="44.175203" lon="7.682892">
        <ele>2535.2</ele>
        <time>2026-07-25T07:56:14Z</time>
      </trkpt>
      <trkpt lat="44.175208" lon="7.682867">
        <ele>2535.4</ele>
        <time>2026-07-25T07:56:24Z</time>
      </trkpt>
      <trkpt lat="44.175219" lon="7.682899">
        <ele>2535.4</ele>
        <time>2026-07-25T07:56:35Z</time>
      </trkpt>
      <trkpt lat="44.175217" lon="7.682906">
        <ele>2535.6</ele>
        <time>2026-07-25T07:56:38Z</time>
      </trkpt>
      <trkpt lat="44.175205" lon="7.682932">
        <ele>2535.8</ele>
        <time>2026-07-25T07:56:46Z</time>
      </trkpt>
      <trkpt lat="44.175216" lon="7.682927">
        <ele>2535.6</ele>
        <time>2026-07-25T07:56:55Z</time>
      </trkpt>
      <trkpt lat="44.175215" lon="7.682931">
        <ele>2535.6</ele>
        <time>2026-07-25T07:56:56Z</time>
      </trkpt>
      <trkpt lat="44.175215" lon="7.682932">
        <ele>2535.6</ele>
        <time>2026-07-25T07:56:57Z</time>
      </trkpt>
      <trkpt lat="44.175216" lon="7.682931">
        <ele>2535.6</ele>
        <time>2026-07-25T07:56:58Z</time>
      </trkpt>
      <trkpt lat="44.175217" lon="7.68293">
        <ele>2535.6</ele>
        <time>2026-07-25T07:56:59Z</time>
      </trkpt>
      <trkpt lat="44.175223" lon="7.682933">
        <ele>2535.8</ele>
        <time>2026-07-25T07:57:07Z</time>
      </trkpt>
      <trkpt lat="44.175223" lon="7.682919">
        <ele>2535.6</ele>
        <time>2026-07-25T07:57:10Z</time>
      </trkpt>
      <trkpt lat="44.175223" lon="7.682918">
        <ele>2535.6</ele>
        <time>2026-07-25T07:57:11Z</time>
      </trkpt>
      <trkpt lat="44.175222" lon="7.682914">
        <ele>2535.6</ele>
        <time>2026-07-25T07:57:12Z</time>
      </trkpt>
      <trkpt lat="44.175221" lon="7.682908">
        <ele>2535.2</ele>
        <time>2026-07-25T07:57:17Z</time>
      </trkpt>
      <trkpt lat="44.175223" lon="7.682912">
        <ele>2535.2</ele>
        <time>2026-07-25T07:57:23Z</time>
      </trkpt>
      <trkpt lat="44.175221" lon="7.682903">
        <ele>2535.0</ele>
        <time>2026-07-25T07:57:26Z</time>
      </trkpt>
      <trkpt lat="44.175217" lon="7.682902">
        <ele>2535.2</ele>
        <time>2026-07-25T07:57:33Z</time>
      </trkpt>
      <trkpt lat="44.175238" lon="7.682922">
        <ele>2535.4</ele>
        <time>2026-07-25T07:57:41Z</time>
      </trkpt>
      <trkpt lat="44.175242" lon="7.682933">
        <ele>2535.2</ele>
        <time>2026-07-25T07:57:43Z</time>
      </trkpt>
      <trkpt lat="44.175259" lon="7.682935">
        <ele>2535.2</ele>
        <time>2026-07-25T07:57:51Z</time>
      </trkpt>
      <trkpt lat="44.175239" lon="7.682934">
        <ele>2535.6</ele>
        <time>2026-07-25T07:58:00Z</time>
      </trkpt>
      <trkpt lat="44.175225" lon="7.682935">
        <ele>2535.6</ele>
        <time>2026-07-25T07:58:07Z</time>
      </trkpt>
      <trkpt lat="44.175254" lon="7.682934">
        <ele>2535.4</ele>
        <time>2026-07-25T07:58:14Z</time>
      </trkpt>
      <trkpt lat="44.175261" lon="7.68293">
        <ele>2535.4</ele>
        <time>2026-07-25T07:58:15Z</time>
      </trkpt>
      <trkpt lat="44.175289" lon="7.682947">
        <ele>2536.6</ele>
        <time>2026-07-25T07:58:22Z</time>
      </trkpt>
      <trkpt lat="44.175289" lon="7.68295">
        <ele>2536.6</ele>
        <time>2026-07-25T07:58:23Z</time>
      </trkpt>
      <trkpt lat="44.175298" lon="7.682944">
        <ele>2536.8</ele>
        <time>2026-07-25T07:58:32Z</time>
      </trkpt>
      <trkpt lat="44.175318" lon="7.682962">
        <ele>2537.6</ele>
        <time>2026-07-25T07:58:37Z</time>
      </trkpt>
      <trkpt lat="44.175333" lon="7.68298">
        <ele>2538.0</ele>
        <time>2026-07-25T07:58:40Z</time>
      </trkpt>
      <trkpt lat="44.175345" lon="7.682982">
        <ele>2536.8</ele>
        <time>2026-07-25T07:58:50Z</time>
      </trkpt>
      <trkpt lat="44.17533" lon="7.682998">
        <ele>2536.6</ele>
        <time>2026-07-25T07:59:03Z</time>
      </trkpt>
      <trkpt lat="44.175336" lon="7.683017">
        <ele>2537.0</ele>
        <time>2026-07-25T07:59:10Z</time>
      </trkpt>
      <trkpt lat="44.175334" lon="7.683011">
        <ele>2538.2</ele>
        <time>2026-07-25T07:59:18Z</time>
      </trkpt>
      <trkpt lat="44.175352" lon="7.683034">
        <ele>2538.8</ele>
        <time>2026-07-25T07:59:24Z</time>
      </trkpt>
      <trkpt lat="44.175355" lon="7.683035">
        <ele>2539.2</ele>
        <time>2026-07-25T07:59:26Z</time>
      </trkpt>
      <trkpt lat="44.175371" lon="7.683057">
        <ele>2540.0</ele>
        <time>2026-07-25T07:59:35Z</time>
      </trkpt>
      <trkpt lat="44.175376" lon="7.683057">
        <ele>2540.4</ele>
        <time>2026-07-25T07:59:37Z</time>
      </trkpt>
      <trkpt lat="44.175375" lon="7.683056">
        <ele>2541.0</ele>
        <time>2026-07-25T07:59:40Z</time>
      </trkpt>
      <trkpt lat="44.175375" lon="7.68307">
        <ele>2541.4</ele>
        <time>2026-07-25T07:59:46Z</time>
      </trkpt>
      <trkpt lat="44.175408" lon="7.683084">
        <ele>2541.0</ele>
        <time>2026-07-25T07:59:54Z</time>
      </trkpt>
      <trkpt lat="44.175423" lon="7.683111">
        <ele>2541.0</ele>
        <time>2026-07-25T08:00:02Z</time>
      </trkpt>
      <trkpt lat="44.175394" lon="7.683096">
        <ele>2541.2</ele>
        <time>2026-07-25T08:00:11Z</time>
      </trkpt>
      <trkpt lat="44.175378" lon="7.683055">
        <ele>2541.2</ele>
        <time>2026-07-25T08:00:19Z</time>
      </trkpt>
      <trkpt lat="44.175407" lon="7.683074">
        <ele>2540.8</ele>
        <time>2026-07-25T08:00:25Z</time>
      </trkpt>
      <trkpt lat="44.1754" lon="7.683093">
        <ele>2540.6</ele>
        <time>2026-07-25T08:00:35Z</time>
      </trkpt>
      <trkpt lat="44.175401" lon="7.683103">
        <ele>2540.6</ele>
        <time>2026-07-25T08:00:36Z</time>
      </trkpt>
      <trkpt lat="44.17541" lon="7.68313">
        <ele>2540.4</ele>
        <time>2026-07-25T08:00:42Z</time>
      </trkpt>
      <trkpt lat="44.17541" lon="7.683129">
        <ele>2540.2</ele>
        <time>2026-07-25T08:00:43Z</time>
      </trkpt>
      <trkpt lat="44.17541" lon="7.683118">
        <ele>2540.0</ele>
        <time>2026-07-25T08:00:45Z</time>
      </trkpt>
      <trkpt lat="44.175437" lon="7.683102">
        <ele>2540.4</ele>
        <time>2026-07-25T08:00:55Z</time>
      </trkpt>
      <trkpt lat="44.175425" lon="7.683142">
        <ele>2540.2</ele>
        <time>2026-07-25T08:01:03Z</time>
      </trkpt>
      <trkpt lat="44.175405" lon="7.683112">
        <ele>2540.0</ele>
        <time>2026-07-25T08:01:13Z</time>
      </trkpt>
      <trkpt lat="44.175396" lon="7.683097">
        <ele>2539.4</ele>
        <time>2026-07-25T08:01:22Z</time>
      </trkpt>
      <trkpt lat="44.175397" lon="7.683101">
        <ele>2540.0</ele>
        <time>2026-07-25T08:01:29Z</time>
      </trkpt>
      <trkpt lat="44.1754" lon="7.683085">
        <ele>2540.0</ele>
        <time>2026-07-25T08:01:34Z</time>
      </trkpt>
      <trkpt lat="44.175403" lon="7.683083">
        <ele>2539.0</ele>
        <time>2026-07-25T08:01:45Z</time>
      </trkpt>
      <trkpt lat="44.175377" lon="7.683094">
        <ele>2538.8</ele>
        <time>2026-07-25T08:01:56Z</time>
      </trkpt>
      <trkpt lat="44.175404" lon="7.68308">
        <ele>2539.0</ele>
        <time>2026-07-25T08:02:06Z</time>
      </trkpt>
      <trkpt lat="44.175393" lon="7.683099">
        <ele>2538.8</ele>
        <time>2026-07-25T08:02:16Z</time>
      </trkpt>
      <trkpt lat="44.175401" lon="7.683096">
        <ele>2538.6</ele>
        <time>2026-07-25T08:02:26Z</time>
      </trkpt>
      <trkpt lat="44.1754" lon="7.683059">
        <ele>2537.8</ele>
        <time>2026-07-25T08:02:35Z</time>
      </trkpt>
      <trkpt lat="44.175403" lon="7.683065">
        <ele>2537.8</ele>
        <time>2026-07-25T08:02:37Z</time>
      </trkpt>
      <trkpt lat="44.175397" lon="7.683099">
        <ele>2537.2</ele>
        <time>2026-07-25T08:02:45Z</time>
      </trkpt>
      <trkpt lat="44.175398" lon="7.68309">
        <ele>2537.4</ele>
        <time>2026-07-25T08:02:51Z</time>
      </trkpt>
      <trkpt lat="44.175401" lon="7.683082">
        <ele>2536.8</ele>
        <time>2026-07-25T08:02:57Z</time>
      </trkpt>
      <trkpt lat="44.175392" lon="7.683086">
        <ele>2536.8</ele>
        <time>2026-07-25T08:03:02Z</time>
      </trkpt>
      <trkpt lat="44.175416" lon="7.683084">
        <ele>2537.4</ele>
        <time>2026-07-25T08:03:11Z</time>
      </trkpt>
      <trkpt lat="44.175406" lon="7.683077">
        <ele>2537.2</ele>
        <time>2026-07-25T08:03:14Z</time>
      </trkpt>
      <trkpt lat="44.175407" lon="7.683073">
        <ele>2536.6</ele>
        <time>2026-07-25T08:03:17Z</time>
      </trkpt>
      <trkpt lat="44.175399" lon="7.683077">
        <ele>2536.4</ele>
        <time>2026-07-25T08:03:20Z</time>
      </trkpt>
      <trkpt lat="44.175383" lon="7.683089">
        <ele>2536.0</ele>
        <time>2026-07-25T08:03:32Z</time>
      </trkpt>
      <trkpt lat="44.175397" lon="7.683098">
        <ele>2536.0</ele>
        <time>2026-07-25T08:03:40Z</time>
      </trkpt>
      <trkpt lat="44.175397" lon="7.683099">
        <ele>2535.8</ele>
        <time>2026-07-25T08:03:41Z</time>
      </trkpt>
      <trkpt lat="44.175398" lon="7.683097">
        <ele>2536.0</ele>
        <time>2026-07-25T08:03:45Z</time>
      </trkpt>
      <trkpt lat="44.175383" lon="7.683079">
        <ele>2536.4</ele>
        <time>2026-07-25T08:03:53Z</time>
      </trkpt>
      <trkpt lat="44.175389" lon="7.683076">
        <ele>2535.6</ele>
        <time>2026-07-25T08:04:02Z</time>
      </trkpt>
      <trkpt lat="44.175395" lon="7.683079">
        <ele>2534.8</ele>
        <time>2026-07-25T08:04:05Z</time>
      </trkpt>
      <trkpt lat="44.1754" lon="7.68307">
        <ele>2534.6</ele>
        <time>2026-07-25T08:04:12Z</time>
      </trkpt>
      <trkpt lat="44.1754" lon="7.68306">
        <ele>2534.8</ele>
        <time>2026-07-25T08:04:13Z</time>
      </trkpt>
      <trkpt lat="44.175394" lon="7.683073">
        <ele>2535.4</ele>
        <time>2026-07-25T08:04:21Z</time>
      </trkpt>
      <trkpt lat="44.175393" lon="7.683068">
        <ele>2534.4</ele>
        <time>2026-07-25T08:04:30Z</time>
      </trkpt>
      <trkpt lat="44.175387" lon="7.683075">
        <ele>2534.2</ele>
        <time>2026-07-25T08:04:34Z</time>
      </trkpt>
      <trkpt lat="44.175385" lon="7.683078">
        <ele>2533.8</ele>
        <time>2026-07-25T08:04:37Z</time>
      </trkpt>
      <trkpt lat="44.175393" lon="7.683079">
        <ele>2533.8</ele>
        <time>2026-07-25T08:04:43Z</time>
      </trkpt>
      <trkpt lat="44.175386" lon="7.683065">
        <ele>2534.6</ele>
        <time>2026-07-25T08:04:54Z</time>
      </trkpt>
      <trkpt lat="44.175375" lon="7.683052">
        <ele>2533.0</ele>
        <time>2026-07-25T08:05:01Z</time>
      </trkpt>
      <trkpt lat="44.175374" lon="7.683055">
        <ele>2532.8</ele>
        <time>2026-07-25T08:05:02Z</time>
      </trkpt>
      <trkpt lat="44.175372" lon="7.683056">
        <ele>2532.6</ele>
        <time>2026-07-25T08:05:03Z</time>
      </trkpt>
      <trkpt lat="44.175372" lon="7.683059">
        <ele>2532.4</ele>
        <time>2026-07-25T08:05:04Z</time>
      </trkpt>
      <trkpt lat="44.175372" lon="7.683061">
        <ele>2532.2</ele>
        <time>2026-07-25T08:05:05Z</time>
      </trkpt>
      <trkpt lat="44.175379" lon="7.68307">
        <ele>2531.6</ele>
        <time>2026-07-25T08:05:08Z</time>
      </trkpt>
      <trkpt lat="44.175378" lon="7.683067">
        <ele>2531.4</ele>
        <time>2026-07-25T08:05:13Z</time>
      </trkpt>
      <trkpt lat="44.175379" lon="7.683047">
        <ele>2532.8</ele>
        <time>2026-07-25T08:05:17Z</time>
      </trkpt>
      <trkpt lat="44.175381" lon="7.683029">
        <ele>2533.8</ele>
        <time>2026-07-25T08:05:21Z</time>
      </trkpt>
      <trkpt lat="44.175361" lon="7.683017">
        <ele>2531.6</ele>
        <time>2026-07-25T08:05:28Z</time>
      </trkpt>
      <trkpt lat="44.175347" lon="7.682995">
        <ele>2530.6</ele>
        <time>2026-07-25T08:05:31Z</time>
      </trkpt>
      <trkpt lat="44.175337" lon="7.682986">
        <ele>2530.4</ele>
        <time>2026-07-25T08:05:33Z</time>
      </trkpt>
      <trkpt lat="44.175352" lon="7.682996">
        <ele>2530.6</ele>
        <time>2026-07-25T08:05:40Z</time>
      </trkpt>
      <trkpt lat="44.175368" lon="7.68301">
        <ele>2530.0</ele>
        <time>2026-07-25T08:05:46Z</time>
      </trkpt>
      <trkpt lat="44.175353" lon="7.683006">
        <ele>2529.4</ele>
        <time>2026-07-25T08:05:55Z</time>
      </trkpt>
      <trkpt lat="44.175347" lon="7.683003">
        <ele>2528.2</ele>
        <time>2026-07-25T08:05:58Z</time>
      </trkpt>
      <trkpt lat="44.175348" lon="7.682996">
        <ele>2528.6</ele>
        <time>2026-07-25T08:06:06Z</time>
      </trkpt>
      <trkpt lat="44.175348" lon="7.682984">
        <ele>2528.2</ele>
        <time>2026-07-25T08:06:16Z</time>
      </trkpt>
      <trkpt lat="44.175348" lon="7.682983">
        <ele>2527.2</ele>
        <time>2026-07-25T08:06:25Z</time>
      </trkpt>
      <trkpt lat="44.175351" lon="7.682973">
        <ele>2526.6</ele>
        <time>2026-07-25T08:06:30Z</time>
      </trkpt>
      <trkpt lat="44.175358" lon="7.68297">
        <ele>2526.6</ele>
        <time>2026-07-25T08:06:34Z</time>
      </trkpt>
      <trkpt lat="44.175353" lon="7.682965">
        <ele>2526.4</ele>
        <time>2026-07-25T08:06:41Z</time>
      </trkpt>
      <trkpt lat="44.175351" lon="7.682969">
        <ele>2526.0</ele>
        <time>2026-07-25T08:06:42Z</time>
      </trkpt>
      <trkpt lat="44.175343" lon="7.682967">
        <ele>2525.6</ele>
        <time>2026-07-25T08:06:46Z</time>
      </trkpt>
      <trkpt lat="44.175339" lon="7.682963">
        <ele>2524.8</ele>
        <time>2026-07-25T08:06:49Z</time>
      </trkpt>
      <trkpt lat="44.175339" lon="7.682962">
        <ele>2524.4</ele>
        <time>2026-07-25T08:06:50Z</time>
      </trkpt>
      <trkpt lat="44.17535" lon="7.682961">
        <ele>2524.2</ele>
        <time>2026-07-25T08:06:57Z</time>
      </trkpt>
      <trkpt lat="44.175345" lon="7.682943">
        <ele>2524.0</ele>
        <time>2026-07-25T08:07:05Z</time>
      </trkpt>
      <trkpt lat="44.175341" lon="7.682927">
        <ele>2523.6</ele>
        <time>2026-07-25T08:07:08Z</time>
      </trkpt>
      <trkpt lat="44.175342" lon="7.682911">
        <ele>2523.2</ele>
        <time>2026-07-25T08:07:12Z</time>
      </trkpt>
      <trkpt lat="44.175355" lon="7.682924">
        <ele>2522.6</ele>
        <time>2026-07-25T08:07:18Z</time>
      </trkpt>
      <trkpt lat="44.175354" lon="7.682927">
        <ele>2522.4</ele>
        <time>2026-07-25T08:07:20Z</time>
      </trkpt>
      <trkpt lat="44.175354" lon="7.682921">
        <ele>2522.6</ele>
        <time>2026-07-25T08:07:29Z</time>
      </trkpt>
      <trkpt lat="44.175336" lon="7.6829">
        <ele>2522.0</ele>
        <time>2026-07-25T08:07:39Z</time>
      </trkpt>
      <trkpt lat="44.175339" lon="7.682898">
        <ele>2521.6</ele>
        <time>2026-07-25T08:07:43Z</time>
      </trkpt>
      <trkpt lat="44.175344" lon="7.682888">
        <ele>2521.4</ele>
        <time>2026-07-25T08:07:48Z</time>
      </trkpt>
      <trkpt lat="44.175339" lon="7.682889">
        <ele>2521.4</ele>
        <time>2026-07-25T08:07:55Z</time>
      </trkpt>
      <trkpt lat="44.175341" lon="7.682888">
        <ele>2521.2</ele>
        <time>2026-07-25T08:07:57Z</time>
      </trkpt>
      <trkpt lat="44.175332" lon="7.682863">
        <ele>2520.6</ele>
        <time>2026-07-25T08:08:07Z</time>
      </trkpt>
      <trkpt lat="44.175328" lon="7.682851">
        <ele>2519.6</ele>
        <time>2026-07-25T08:08:16Z</time>
      </trkpt>
      <trkpt lat="44.175338" lon="7.682849">
        <ele>2519.6</ele>
        <time>2026-07-25T08:08:23Z</time>
      </trkpt>
      <trkpt lat="44.175339" lon="7.682859">
        <ele>2518.6</ele>
        <time>2026-07-25T08:08:27Z</time>
      </trkpt>
      <trkpt lat="44.175337" lon="7.682866">
        <ele>2518.4</ele>
        <time>2026-07-25T08:08:28Z</time>
      </trkpt>
      <trkpt lat="44.175336" lon="7.682872">
        <ele>2519.4</ele>
        <time>2026-07-25T08:08:32Z</time>
      </trkpt>
      <trkpt lat="44.175334" lon="7.68285">
        <ele>2520.2</ele>
        <time>2026-07-25T08:08:35Z</time>
      </trkpt>
      <trkpt lat="44.175332" lon="7.682833">
        <ele>2520.4</ele>
        <time>2026-07-25T08:08:36Z</time>
      </trkpt>
      <trkpt lat="44.17533" lon="7.682814">
        <ele>2518.6</ele>
        <time>2026-07-25T08:08:39Z</time>
      </trkpt>
      <trkpt lat="44.17533" lon="7.682797">
        <ele>2516.2</ele>
        <time>2026-07-25T08:08:41Z</time>
      </trkpt>
      <trkpt lat="44.175328" lon="7.682801">
        <ele>2516.4</ele>
        <time>2026-07-25T08:08:43Z</time>
      </trkpt>
      <trkpt lat="44.175324" lon="7.682805">
        <ele>2517.6</ele>
        <time>2026-07-25T08:08:48Z</time>
      </trkpt>
      <trkpt lat="44.175325" lon="7.682803">
        <ele>2518.4</ele>
        <time>2026-07-25T08:08:54Z</time>
      </trkpt>
      <trkpt lat="44.175327" lon="7.682803">
        <ele>2518.6</ele>
        <time>2026-07-25T08:08:55Z</time>
      </trkpt>
      <trkpt lat="44.175351" lon="7.682824">
        <ele>2518.0</ele>
        <time>2026-07-25T08:09:05Z</time>
      </trkpt>
      <trkpt lat="44.175347" lon="7.682795">
        <ele>2518.4</ele>
        <time>2026-07-25T08:09:15Z</time>
      </trkpt>
      <trkpt lat="44.175325" lon="7.68284">
        <ele>2518.2</ele>
        <time>2026-07-25T08:09:27Z</time>
      </trkpt>
      <trkpt lat="44.175322" lon="7.682809">
        <ele>2517.4</ele>
        <time>2026-07-25T08:09:35Z</time>
      </trkpt>
      <trkpt lat="44.175335" lon="7.682799">
        <ele>2516.6</ele>
        <time>2026-07-25T08:09:44Z</time>
      </trkpt>
      <trkpt lat="44.175334" lon="7.682793">
        <ele>2516.0</ele>
        <time>2026-07-25T08:09:50Z</time>
      </trkpt>
      <trkpt lat="44.175332" lon="7.682801">
        <ele>2515.0</ele>
        <time>2026-07-25T08:09:53Z</time>
      </trkpt>
      <trkpt lat="44.175325" lon="7.6828">
        <ele>2515.2</ele>
        <time>2026-07-25T08:10:01Z</time>
      </trkpt>
      <trkpt lat="44.175319" lon="7.682779">
        <ele>2515.4</ele>
        <time>2026-07-25T08:10:05Z</time>
      </trkpt>
      <trkpt lat="44.175327" lon="7.682752">
        <ele>2515.4</ele>
        <time>2026-07-25T08:10:15Z</time>
      </trkpt>
      <trkpt lat="44.17532" lon="7.682753">
        <ele>2516.0</ele>
        <time>2026-07-25T08:10:25Z</time>
      </trkpt>
      <trkpt lat="44.175323" lon="7.68274">
        <ele>2517.4</ele>
        <time>2026-07-25T08:10:31Z</time>
      </trkpt>
      <trkpt lat="44.175327" lon="7.682754">
        <ele>2516.0</ele>
        <time>2026-07-25T08:10:33Z</time>
      </trkpt>
      <trkpt lat="44.175328" lon="7.682769">
        <ele>2516.0</ele>
        <time>2026-07-25T08:10:36Z</time>
      </trkpt>
      <trkpt lat="44.175314" lon="7.682762">
        <ele>2516.2</ele>
        <time>2026-07-25T08:10:46Z</time>
      </trkpt>
      <trkpt lat="44.175327" lon="7.682759">
        <ele>2516.6</ele>
        <time>2026-07-25T08:10:55Z</time>
      </trkpt>
      <trkpt lat="44.175328" lon="7.682762">
        <ele>2517.0</ele>
        <time>2026-07-25T08:10:58Z</time>
      </trkpt>
      <trkpt lat="44.175331" lon="7.682759">
        <ele>2518.2</ele>
        <time>2026-07-25T08:11:02Z</time>
      </trkpt>
      <trkpt lat="44.175332" lon="7.682752">
        <ele>2517.8</ele>
        <time>2026-07-25T08:11:04Z</time>
      </trkpt>
      <trkpt lat="44.175334" lon="7.682734">
        <ele>2517.2</ele>
        <time>2026-07-25T08:11:08Z</time>
      </trkpt>
      <trkpt lat="44.175323" lon="7.682708">
        <ele>2516.8</ele>
        <time>2026-07-25T08:11:13Z</time>
      </trkpt>
      <trkpt lat="44.175323" lon="7.682694">
        <ele>2515.8</ele>
        <time>2026-07-25T08:11:17Z</time>
      </trkpt>
      <trkpt lat="44.175311" lon="7.682705">
        <ele>2514.6</ele>
        <time>2026-07-25T08:11:21Z</time>
      </trkpt>
      <trkpt lat="44.175309" lon="7.6827">
        <ele>2514.4</ele>
        <time>2026-07-25T08:11:22Z</time>
      </trkpt>
      <trkpt lat="44.175299" lon="7.682701">
        <ele>2513.4</ele>
        <time>2026-07-25T08:11:29Z</time>
      </trkpt>
      <trkpt lat="44.175298" lon="7.682686">
        <ele>2512.8</ele>
        <time>2026-07-25T08:11:31Z</time>
      </trkpt>
      <trkpt lat="44.175304" lon="7.68268">
        <ele>2512.4</ele>
        <time>2026-07-25T08:11:33Z</time>
      </trkpt>
      <trkpt lat="44.175318" lon="7.68268">
        <ele>2512.2</ele>
        <time>2026-07-25T08:11:38Z</time>
      </trkpt>
      <trkpt lat="44.175316" lon="7.682696">
        <ele>2512.2</ele>
        <time>2026-07-25T08:11:48Z</time>
      </trkpt>
      <trkpt lat="44.175324" lon="7.682676">
        <ele>2512.6</ele>
        <time>2026-07-25T08:12:00Z</time>
      </trkpt>
      <trkpt lat="44.175318" lon="7.682688">
        <ele>2511.2</ele>
        <time>2026-07-25T08:12:07Z</time>
      </trkpt>
      <trkpt lat="44.175311" lon="7.682689">
        <ele>2510.4</ele>
        <time>2026-07-25T08:12:10Z</time>
      </trkpt>
      <trkpt lat="44.175322" lon="7.682672">
        <ele>2511.8</ele>
        <time>2026-07-25T08:12:18Z</time>
      </trkpt>
      <trkpt lat="44.175302" lon="7.682633">
        <ele>2510.2</ele>
        <time>2026-07-25T08:12:28Z</time>
      </trkpt>
      <trkpt lat="44.175304" lon="7.682639">
        <ele>2510.2</ele>
        <time>2026-07-25T08:12:29Z</time>
      </trkpt>
      <trkpt lat="44.175309" lon="7.682634">
        <ele>2508.8</ele>
        <time>2026-07-25T08:12:33Z</time>
      </trkpt>
      <trkpt lat="44.175306" lon="7.682622">
        <ele>2507.4</ele>
        <time>2026-07-25T08:12:36Z</time>
      </trkpt>
      <trkpt lat="44.175304" lon="7.682614">
        <ele>2507.2</ele>
        <time>2026-07-25T08:12:38Z</time>
      </trkpt>
      <trkpt lat="44.175306" lon="7.682609">
        <ele>2508.6</ele>
        <time>2026-07-25T08:12:42Z</time>
      </trkpt>
      <trkpt lat="44.175319" lon="7.682605">
        <ele>2509.4</ele>
        <time>2026-07-25T08:12:47Z</time>
      </trkpt>
      <trkpt lat="44.175292" lon="7.682568">
        <ele>2509.0</ele>
        <time>2026-07-25T08:12:55Z</time>
      </trkpt>
      <trkpt lat="44.175289" lon="7.682566">
        <ele>2507.2</ele>
        <time>2026-07-25T08:13:01Z</time>
      </trkpt>
      <trkpt lat="44.17529" lon="7.682562">
        <ele>2506.4</ele>
        <time>2026-07-25T08:13:03Z</time>
      </trkpt>
      <trkpt lat="44.175289" lon="7.682561">
        <ele>2506.2</ele>
        <time>2026-07-25T08:13:04Z</time>
      </trkpt>
      <trkpt lat="44.175271" lon="7.682529">
        <ele>2506.0</ele>
        <time>2026-07-25T08:13:12Z</time>
      </trkpt>
      <trkpt lat="44.175268" lon="7.682531">
        <ele>2504.8</ele>
        <time>2026-07-25T08:13:13Z</time>
      </trkpt>
      <trkpt lat="44.175245" lon="7.682492">
        <ele>2504.0</ele>
        <time>2026-07-25T08:13:22Z</time>
      </trkpt>
      <trkpt lat="44.175249" lon="7.682485">
        <ele>2503.8</ele>
        <time>2026-07-25T08:13:31Z</time>
      </trkpt>
      <trkpt lat="44.175241" lon="7.682454">
        <ele>2503.6</ele>
        <time>2026-07-25T08:13:39Z</time>
      </trkpt>
      <trkpt lat="44.175238" lon="7.68244">
        <ele>2503.2</ele>
        <time>2026-07-25T08:13:42Z</time>
      </trkpt>
      <trkpt lat="44.175237" lon="7.682437">
        <ele>2503.0</ele>
        <time>2026-07-25T08:13:44Z</time>
      </trkpt>
      <trkpt lat="44.175235" lon="7.682435">
        <ele>2502.6</ele>
        <time>2026-07-25T08:13:46Z</time>
      </trkpt>
      <trkpt lat="44.175226" lon="7.682412">
        <ele>2501.4</ele>
        <time>2026-07-25T08:13:49Z</time>
      </trkpt>
      <trkpt lat="44.175215" lon="7.682393">
        <ele>2501.4</ele>
        <time>2026-07-25T08:13:52Z</time>
      </trkpt>
      <trkpt lat="44.175214" lon="7.682392">
        <ele>2501.6</ele>
        <time>2026-07-25T08:13:53Z</time>
      </trkpt>
      <trkpt lat="44.175212" lon="7.682388">
        <ele>2502.4</ele>
        <time>2026-07-25T08:13:57Z</time>
      </trkpt>
      <trkpt lat="44.175207" lon="7.682384">
        <ele>2502.6</ele>
        <time>2026-07-25T08:13:58Z</time>
      </trkpt>
      <trkpt lat="44.175198" lon="7.682372">
        <ele>2502.8</ele>
        <time>2026-07-25T08:14:00Z</time>
      </trkpt>
      <trkpt lat="44.175198" lon="7.682367">
        <ele>2501.2</ele>
        <time>2026-07-25T08:14:06Z</time>
      </trkpt>
      <trkpt lat="44.175204" lon="7.682369">
        <ele>2500.8</ele>
        <time>2026-07-25T08:14:09Z</time>
      </trkpt>
      <trkpt lat="44.175195" lon="7.682354">
        <ele>2500.2</ele>
        <time>2026-07-25T08:14:17Z</time>
      </trkpt>
      <trkpt lat="44.175192" lon="7.682352">
        <ele>2500.0</ele>
        <time>2026-07-25T08:14:18Z</time>
      </trkpt>
      <trkpt lat="44.175171" lon="7.682299">
        <ele>2499.8</ele>
        <time>2026-07-25T08:14:28Z</time>
      </trkpt>
      <trkpt lat="44.175169" lon="7.682294">
        <ele>2499.6</ele>
        <time>2026-07-25T08:14:31Z</time>
      </trkpt>
      <trkpt lat="44.175167" lon="7.68229">
        <ele>2499.2</ele>
        <time>2026-07-25T08:14:33Z</time>
      </trkpt>
      <trkpt lat="44.175158" lon="7.682266">
        <ele>2498.0</ele>
        <time>2026-07-25T08:14:38Z</time>
      </trkpt>
      <trkpt lat="44.175156" lon="7.682254">
        <ele>2497.0</ele>
        <time>2026-07-25T08:14:43Z</time>
      </trkpt>
      <trkpt lat="44.175161" lon="7.682234">
        <ele>2496.2</ele>
        <time>2026-07-25T08:14:47Z</time>
      </trkpt>
      <trkpt lat="44.175165" lon="7.68224">
        <ele>2496.0</ele>
        <time>2026-07-25T08:14:49Z</time>
      </trkpt>
      <trkpt lat="44.175167" lon="7.68225">
        <ele>2496.4</ele>
        <time>2026-07-25T08:14:53Z</time>
      </trkpt>
      <trkpt lat="44.175169" lon="7.682232">
        <ele>2497.2</ele>
        <time>2026-07-25T08:14:55Z</time>
      </trkpt>
      <trkpt lat="44.175147" lon="7.682222">
        <ele>2498.2</ele>
        <time>2026-07-25T08:15:00Z</time>
      </trkpt>
      <trkpt lat="44.175142" lon="7.68222">
        <ele>2498.2</ele>
        <time>2026-07-25T08:15:01Z</time>
      </trkpt>
      <trkpt lat="44.17514" lon="7.6822">
        <ele>2497.0</ele>
        <time>2026-07-25T08:15:05Z</time>
      </trkpt>
      <trkpt lat="44.175129" lon="7.682189">
        <ele>2496.8</ele>
        <time>2026-07-25T08:15:09Z</time>
      </trkpt>
      <trkpt lat="44.1751" lon="7.682172">
        <ele>2497.4</ele>
        <time>2026-07-25T08:15:16Z</time>
      </trkpt>
      <trkpt lat="44.175097" lon="7.68217">
        <ele>2497.2</ele>
        <time>2026-07-25T08:15:17Z</time>
      </trkpt>
      <trkpt lat="44.175091" lon="7.682164">
        <ele>2496.4</ele>
        <time>2026-07-25T08:15:21Z</time>
      </trkpt>
      <trkpt lat="44.175117" lon="7.682163">
        <ele>2496.2</ele>
        <time>2026-07-25T08:15:28Z</time>
      </trkpt>
      <trkpt lat="44.175128" lon="7.682157">
        <ele>2494.2</ele>
        <time>2026-07-25T08:15:31Z</time>
      </trkpt>
      <trkpt lat="44.175118" lon="7.682137">
        <ele>2495.6</ele>
        <time>2026-07-25T08:15:33Z</time>
      </trkpt>
      <trkpt lat="44.175115" lon="7.682122">
        <ele>2495.6</ele>
        <time>2026-07-25T08:15:35Z</time>
      </trkpt>
      <trkpt lat="44.175098" lon="7.68209">
        <ele>2494.4</ele>
        <time>2026-07-25T08:15:41Z</time>
      </trkpt>
      <trkpt lat="44.175091" lon="7.682084">
        <ele>2493.4</ele>
        <time>2026-07-25T08:15:44Z</time>
      </trkpt>
      <trkpt lat="44.175085" lon="7.68208">
        <ele>2492.2</ele>
        <time>2026-07-25T08:15:47Z</time>
      </trkpt>
      <trkpt lat="44.175078" lon="7.682073">
        <ele>2491.0</ele>
        <time>2026-07-25T08:15:49Z</time>
      </trkpt>
      <trkpt lat="44.175082" lon="7.682078">
        <ele>2492.6</ele>
        <time>2026-07-25T08:15:53Z</time>
      </trkpt>
      <trkpt lat="44.175083" lon="7.682076">
        <ele>2493.8</ele>
        <time>2026-07-25T08:15:54Z</time>
      </trkpt>
      <trkpt lat="44.175092" lon="7.682069">
        <ele>2493.6</ele>
        <time>2026-07-25T08:16:04Z</time>
      </trkpt>
      <trkpt lat="44.175083" lon="7.682058">
        <ele>2492.4</ele>
        <time>2026-07-25T08:16:11Z</time>
      </trkpt>
      <trkpt lat="44.175084" lon="7.682055">
        <ele>2491.2</ele>
        <time>2026-07-25T08:16:13Z</time>
      </trkpt>
      <trkpt lat="44.175103" lon="7.682016">
        <ele>2491.6</ele>
        <time>2026-07-25T08:16:23Z</time>
      </trkpt>
      <trkpt lat="44.175107" lon="7.682012">
        <ele>2489.6</ele>
        <time>2026-07-25T08:16:27Z</time>
      </trkpt>
      <trkpt lat="44.175109" lon="7.682015">
        <ele>2489.2</ele>
        <time>2026-07-25T08:16:29Z</time>
      </trkpt>
      <trkpt lat="44.1751" lon="7.682">
        <ele>2489.6</ele>
        <time>2026-07-25T08:16:42Z</time>
      </trkpt>
      <trkpt lat="44.175107" lon="7.681991">
        <ele>2490.0</ele>
        <time>2026-07-25T08:16:51Z</time>
      </trkpt>
      <trkpt lat="44.175105" lon="7.681982">
        <ele>2490.8</ele>
        <time>2026-07-25T08:16:53Z</time>
      </trkpt>
      <trkpt lat="44.175098" lon="7.681965">
        <ele>2489.8</ele>
        <time>2026-07-25T08:17:03Z</time>
      </trkpt>
      <trkpt lat="44.175096" lon="7.681948">
        <ele>2488.4</ele>
        <time>2026-07-25T08:17:09Z</time>
      </trkpt>
      <trkpt lat="44.175099" lon="7.681947">
        <ele>2487.4</ele>
        <time>2026-07-25T08:17:10Z</time>
      </trkpt>
      <trkpt lat="44.175104" lon="7.681959">
        <ele>2487.0</ele>
        <time>2026-07-25T08:17:12Z</time>
      </trkpt>
      <trkpt lat="44.175111" lon="7.68198">
        <ele>2486.2</ele>
        <time>2026-07-25T08:17:15Z</time>
      </trkpt>
      <trkpt lat="44.17511" lon="7.681975">
        <ele>2487.4</ele>
        <time>2026-07-25T08:17:17Z</time>
      </trkpt>
      <trkpt lat="44.175112" lon="7.681969">
        <ele>2488.0</ele>
        <time>2026-07-25T08:17:19Z</time>
      </trkpt>
      <trkpt lat="44.175115" lon="7.681936">
        <ele>2487.4</ele>
        <time>2026-07-25T08:17:26Z</time>
      </trkpt>
      <trkpt lat="44.175097" lon="7.681929">
        <ele>2486.6</ele>
        <time>2026-07-25T08:17:30Z</time>
      </trkpt>
      <trkpt lat="44.175095" lon="7.681928">
        <ele>2486.4</ele>
        <time>2026-07-25T08:17:31Z</time>
      </trkpt>
      <trkpt lat="44.175094" lon="7.681928">
        <ele>2486.2</ele>
        <time>2026-07-25T08:17:32Z</time>
      </trkpt>
      <trkpt lat="44.175098" lon="7.681926">
        <ele>2485.6</ele>
        <time>2026-07-25T08:17:34Z</time>
      </trkpt>
      <trkpt lat="44.175105" lon="7.681923">
        <ele>2485.2</ele>
        <time>2026-07-25T08:17:35Z</time>
      </trkpt>
      <trkpt lat="44.175109" lon="7.681909">
        <ele>2486.4</ele>
        <time>2026-07-25T08:17:38Z</time>
      </trkpt>
      <trkpt lat="44.175114" lon="7.681902">
        <ele>2487.4</ele>
        <time>2026-07-25T08:17:40Z</time>
      </trkpt>
      <trkpt lat="44.175143" lon="7.681883">
        <ele>2484.6</ele>
        <time>2026-07-25T08:17:47Z</time>
      </trkpt>
      <trkpt lat="44.175151" lon="7.681879">
        <ele>2483.6</ele>
        <time>2026-07-25T08:17:50Z</time>
      </trkpt>
      <trkpt lat="44.175176" lon="7.681863">
        <ele>2483.4</ele>
        <time>2026-07-25T08:17:58Z</time>
      </trkpt>
      <trkpt lat="44.175173" lon="7.68186">
        <ele>2483.0</ele>
        <time>2026-07-25T08:17:59Z</time>
      </trkpt>
      <trkpt lat="44.17517" lon="7.68186">
        <ele>2482.4</ele>
        <time>2026-07-25T08:18:00Z</time>
      </trkpt>
      <trkpt lat="44.175178" lon="7.681846">
        <ele>2482.4</ele>
        <time>2026-07-25T08:18:06Z</time>
      </trkpt>
      <trkpt lat="44.175162" lon="7.681789">
        <ele>2483.0</ele>
        <time>2026-07-25T08:18:15Z</time>
      </trkpt>
      <trkpt lat="44.175143" lon="7.681773">
        <ele>2481.0</ele>
        <time>2026-07-25T08:18:20Z</time>
      </trkpt>
      <trkpt lat="44.17514" lon="7.681787">
        <ele>2480.8</ele>
        <time>2026-07-25T08:18:23Z</time>
      </trkpt>
      <trkpt lat="44.175144" lon="7.681789">
        <ele>2482.4</ele>
        <time>2026-07-25T08:18:32Z</time>
      </trkpt>
      <trkpt lat="44.175152" lon="7.681789">
        <ele>2482.4</ele>
        <time>2026-07-25T08:18:33Z</time>
      </trkpt>
      <trkpt lat="44.175177" lon="7.681794">
        <ele>2481.2</ele>
        <time>2026-07-25T08:18:39Z</time>
      </trkpt>
      <trkpt lat="44.175181" lon="7.681783">
        <ele>2480.0</ele>
        <time>2026-07-25T08:18:42Z</time>
      </trkpt>
      <trkpt lat="44.175171" lon="7.681773">
        <ele>2479.8</ele>
        <time>2026-07-25T08:18:49Z</time>
      </trkpt>
      <trkpt lat="44.17517" lon="7.681777">
        <ele>2479.6</ele>
        <time>2026-07-25T08:18:50Z</time>
      </trkpt>
      <trkpt lat="44.175171" lon="7.681768">
        <ele>2481.0</ele>
        <time>2026-07-25T08:18:59Z</time>
      </trkpt>
      <trkpt lat="44.175165" lon="7.681752">
        <ele>2481.2</ele>
        <time>2026-07-25T08:19:01Z</time>
      </trkpt>
      <trkpt lat="44.175149" lon="7.681719">
        <ele>2480.0</ele>
        <time>2026-07-25T08:19:06Z</time>
      </trkpt>
      <trkpt lat="44.175136" lon="7.681689">
        <ele>2479.6</ele>
        <time>2026-07-25T08:19:10Z</time>
      </trkpt>
      <trkpt lat="44.175149" lon="7.681695">
        <ele>2478.8</ele>
        <time>2026-07-25T08:19:13Z</time>
      </trkpt>
      <trkpt lat="44.175157" lon="7.681699">
        <ele>2478.4</ele>
        <time>2026-07-25T08:19:15Z</time>
      </trkpt>
      <trkpt lat="44.175157" lon="7.681686">
        <ele>2478.0</ele>
        <time>2026-07-25T08:19:18Z</time>
      </trkpt>
      <trkpt lat="44.175156" lon="7.681679">
        <ele>2477.8</ele>
        <time>2026-07-25T08:19:20Z</time>
      </trkpt>
      <trkpt lat="44.175154" lon="7.681676">
        <ele>2477.4</ele>
        <time>2026-07-25T08:19:22Z</time>
      </trkpt>
      <trkpt lat="44.175154" lon="7.681673">
        <ele>2477.2</ele>
        <time>2026-07-25T08:19:23Z</time>
      </trkpt>
      <trkpt lat="44.175153" lon="7.68167">
        <ele>2477.0</ele>
        <time>2026-07-25T08:19:29Z</time>
      </trkpt>
      <trkpt lat="44.175146" lon="7.68165">
        <ele>2476.6</ele>
        <time>2026-07-25T08:19:33Z</time>
      </trkpt>
      <trkpt lat="44.175133" lon="7.681632">
        <ele>2476.4</ele>
        <time>2026-07-25T08:19:39Z</time>
      </trkpt>
      <trkpt lat="44.175134" lon="7.681643">
        <ele>2475.4</ele>
        <time>2026-07-25T08:19:47Z</time>
      </trkpt>
      <trkpt lat="44.175139" lon="7.681644">
        <ele>2475.2</ele>
        <time>2026-07-25T08:19:48Z</time>
      </trkpt>
      <trkpt lat="44.175156" lon="7.681621">
        <ele>2475.4</ele>
        <time>2026-07-25T08:19:56Z</time>
      </trkpt>
      <trkpt lat="44.175154" lon="7.681601">
        <ele>2474.2</ele>
        <time>2026-07-25T08:20:02Z</time>
      </trkpt>
      <trkpt lat="44.175151" lon="7.681588">
        <ele>2474.0</ele>
        <time>2026-07-25T08:20:04Z</time>
      </trkpt>
      <trkpt lat="44.175134" lon="7.681605">
        <ele>2473.2</ele>
        <time>2026-07-25T08:20:13Z</time>
      </trkpt>
      <trkpt lat="44.175146" lon="7.681607">
        <ele>2472.2</ele>
        <time>2026-07-25T08:20:15Z</time>
      </trkpt>
      <trkpt lat="44.175157" lon="7.681568">
        <ele>2473.2</ele>
        <time>2026-07-25T08:20:20Z</time>
      </trkpt>
      <trkpt lat="44.175157" lon="7.681567">
        <ele>2473.4</ele>
        <time>2026-07-25T08:20:21Z</time>
      </trkpt>
      <trkpt lat="44.175143" lon="7.681561">
        <ele>2472.8</ele>
        <time>2026-07-25T08:20:28Z</time>
      </trkpt>
      <trkpt lat="44.175142" lon="7.681552">
        <ele>2472.4</ele>
        <time>2026-07-25T08:20:30Z</time>
      </trkpt>
      <trkpt lat="44.17513" lon="7.68154">
        <ele>2472.4</ele>
        <time>2026-07-25T08:20:38Z</time>
      </trkpt>
      <trkpt lat="44.17512" lon="7.68154">
        <ele>2471.2</ele>
        <time>2026-07-25T08:20:41Z</time>
      </trkpt>
      <trkpt lat="44.175107" lon="7.681526">
        <ele>2471.4</ele>
        <time>2026-07-25T08:20:46Z</time>
      </trkpt>
      <trkpt lat="44.175113" lon="7.681527">
        <ele>2471.0</ele>
        <time>2026-07-25T08:20:50Z</time>
      </trkpt>
      <trkpt lat="44.175116" lon="7.681525">
        <ele>2470.4</ele>
        <time>2026-07-25T08:20:52Z</time>
      </trkpt>
      <trkpt lat="44.175116" lon="7.681523">
        <ele>2469.8</ele>
        <time>2026-07-25T08:20:53Z</time>
      </trkpt>
      <trkpt lat="44.175119" lon="7.681522">
        <ele>2469.6</ele>
        <time>2026-07-25T08:20:54Z</time>
      </trkpt>
      <trkpt lat="44.175134" lon="7.681511">
        <ele>2469.2</ele>
        <time>2026-07-25T08:21:03Z</time>
      </trkpt>
      <trkpt lat="44.175136" lon="7.681478">
        <ele>2470.0</ele>
        <time>2026-07-25T08:21:10Z</time>
      </trkpt>
      <trkpt lat="44.175139" lon="7.681479">
        <ele>2469.6</ele>
        <time>2026-07-25T08:21:12Z</time>
      </trkpt>
      <trkpt lat="44.175144" lon="7.681471">
        <ele>2468.8</ele>
        <time>2026-07-25T08:21:16Z</time>
      </trkpt>
      <trkpt lat="44.175152" lon="7.681473">
        <ele>2467.6</ele>
        <time>2026-07-25T08:21:19Z</time>
      </trkpt>
      <trkpt lat="44.175155" lon="7.681455">
        <ele>2466.8</ele>
        <time>2026-07-25T08:21:23Z</time>
      </trkpt>
      <trkpt lat="44.175156" lon="7.681428">
        <ele>2466.0</ele>
        <time>2026-07-25T08:21:27Z</time>
      </trkpt>
      <trkpt lat="44.175158" lon="7.681417">
        <ele>2465.6</ele>
        <time>2026-07-25T08:21:29Z</time>
      </trkpt>
      <trkpt lat="44.175157" lon="7.681417">
        <ele>2467.4</ele>
        <time>2026-07-25T08:21:31Z</time>
      </trkpt>
      <trkpt lat="44.175156" lon="7.681419">
        <ele>2467.4</ele>
        <time>2026-07-25T08:21:32Z</time>
      </trkpt>
      <trkpt lat="44.175144" lon="7.681409">
        <ele>2465.6</ele>
        <time>2026-07-25T08:21:37Z</time>
      </trkpt>
      <trkpt lat="44.175136" lon="7.681408">
        <ele>2464.0</ele>
        <time>2026-07-25T08:21:40Z</time>
      </trkpt>
      <trkpt lat="44.175135" lon="7.681426">
        <ele>2463.2</ele>
        <time>2026-07-25T08:21:43Z</time>
      </trkpt>
      <trkpt lat="44.175133" lon="7.68143">
        <ele>2462.8</ele>
        <time>2026-07-25T08:21:44Z</time>
      </trkpt>
      <trkpt lat="44.175124" lon="7.681449">
        <ele>2464.4</ele>
        <time>2026-07-25T08:21:47Z</time>
      </trkpt>
      <trkpt lat="44.175128" lon="7.68144">
        <ele>2464.6</ele>
        <time>2026-07-25T08:21:52Z</time>
      </trkpt>
      <trkpt lat="44.175141" lon="7.68138">
        <ele>2463.2</ele>
        <time>2026-07-25T08:21:59Z</time>
      </trkpt>
      <trkpt lat="44.175138" lon="7.681374">
        <ele>2462.6</ele>
        <time>2026-07-25T08:22:00Z</time>
      </trkpt>
      <trkpt lat="44.175135" lon="7.681372">
        <ele>2462.2</ele>
        <time>2026-07-25T08:22:01Z</time>
      </trkpt>
      <trkpt lat="44.175133" lon="7.681367">
        <ele>2460.2</ele>
        <time>2026-07-25T08:22:04Z</time>
      </trkpt>
      <trkpt lat="44.175135" lon="7.681359">
        <ele>2460.2</ele>
        <time>2026-07-25T08:22:07Z</time>
      </trkpt>
      <trkpt lat="44.17514" lon="7.681344">
        <ele>2459.0</ele>
        <time>2026-07-25T08:22:12Z</time>
      </trkpt>
      <trkpt lat="44.175134" lon="7.681333">
        <ele>2458.6</ele>
        <time>2026-07-25T08:22:15Z</time>
      </trkpt>
      <trkpt lat="44.175145" lon="7.681315">
        <ele>2459.6</ele>
        <time>2026-07-25T08:22:22Z</time>
      </trkpt>
      <trkpt lat="44.175168" lon="7.681298">
        <ele>2458.0</ele>
        <time>2026-07-25T08:22:30Z</time>
      </trkpt>
      <trkpt lat="44.175183" lon="7.681261">
        <ele>2458.8</ele>
        <time>2026-07-25T08:22:37Z</time>
      </trkpt>
      <trkpt lat="44.175197" lon="7.681224">
        <ele>2457.0</ele>
        <time>2026-07-25T08:22:41Z</time>
      </trkpt>
      <trkpt lat="44.175205" lon="7.681176">
        <ele>2455.8</ele>
        <time>2026-07-25T08:22:45Z</time>
      </trkpt>
      <trkpt lat="44.175208" lon="7.681166">
        <ele>2455.4</ele>
        <time>2026-07-25T08:22:46Z</time>
      </trkpt>
      <trkpt lat="44.175224" lon="7.681136">
        <ele>2453.4</ele>
        <time>2026-07-25T08:22:50Z</time>
      </trkpt>
      <trkpt lat="44.175224" lon="7.681126">
        <ele>2454.6</ele>
        <time>2026-07-25T08:22:52Z</time>
      </trkpt>
      <trkpt lat="44.175225" lon="7.681119">
        <ele>2455.2</ele>
        <time>2026-07-25T08:22:53Z</time>
      </trkpt>
      <trkpt lat="44.175225" lon="7.681115">
        <ele>2455.8</ele>
        <time>2026-07-25T08:22:54Z</time>
      </trkpt>
      <trkpt lat="44.175242" lon="7.681113">
        <ele>2455.8</ele>
        <time>2026-07-25T08:23:01Z</time>
      </trkpt>
      <trkpt lat="44.175251" lon="7.681121">
        <ele>2454.0</ele>
        <time>2026-07-25T08:23:03Z</time>
      </trkpt>
      <trkpt lat="44.175252" lon="7.681123">
        <ele>2453.0</ele>
        <time>2026-07-25T08:23:04Z</time>
      </trkpt>
      <trkpt lat="44.175245" lon="7.681089">
        <ele>2452.2</ele>
        <time>2026-07-25T08:23:09Z</time>
      </trkpt>
      <trkpt lat="44.175241" lon="7.681063">
        <ele>2452.0</ele>
        <time>2026-07-25T08:23:14Z</time>
      </trkpt>
      <trkpt lat="44.175247" lon="7.681059">
        <ele>2453.2</ele>
        <time>2026-07-25T08:23:18Z</time>
      </trkpt>
      <trkpt lat="44.175263" lon="7.681">
        <ele>2451.2</ele>
        <time>2026-07-25T08:23:26Z</time>
      </trkpt>
      <trkpt lat="44.175266" lon="7.680994">
        <ele>2451.0</ele>
        <time>2026-07-25T08:23:27Z</time>
      </trkpt>
      <trkpt lat="44.17527" lon="7.680986">
        <ele>2452.0</ele>
        <time>2026-07-25T08:23:28Z</time>
      </trkpt>
      <trkpt lat="44.175268" lon="7.680971">
        <ele>2451.8</ele>
        <time>2026-07-25T08:23:30Z</time>
      </trkpt>
      <trkpt lat="44.175253" lon="7.680944">
        <ele>2450.4</ele>
        <time>2026-07-25T08:23:35Z</time>
      </trkpt>
      <trkpt lat="44.175252" lon="7.680941">
        <ele>2448.6</ele>
        <time>2026-07-25T08:23:36Z</time>
      </trkpt>
      <trkpt lat="44.175251" lon="7.68094">
        <ele>2447.6</ele>
        <time>2026-07-25T08:23:37Z</time>
      </trkpt>
      <trkpt lat="44.175258" lon="7.68095">
        <ele>2447.2</ele>
        <time>2026-07-25T08:23:44Z</time>
      </trkpt>
      <trkpt lat="44.175261" lon="7.680912">
        <ele>2446.6</ele>
        <time>2026-07-25T08:23:48Z</time>
      </trkpt>
      <trkpt lat="44.175263" lon="7.680881">
        <ele>2445.6</ele>
        <time>2026-07-25T08:23:52Z</time>
      </trkpt>
      <trkpt lat="44.175272" lon="7.680837">
        <ele>2444.4</ele>
        <time>2026-07-25T08:23:58Z</time>
      </trkpt>
      <trkpt lat="44.175276" lon="7.680823">
        <ele>2444.4</ele>
        <time>2026-07-25T08:24:00Z</time>
      </trkpt>
      <trkpt lat="44.175281" lon="7.680801">
        <ele>2443.4</ele>
        <time>2026-07-25T08:24:03Z</time>
      </trkpt>
      <trkpt lat="44.175283" lon="7.680778">
        <ele>2441.8</ele>
        <time>2026-07-25T08:24:08Z</time>
      </trkpt>
      <trkpt lat="44.175283" lon="7.680778">
        <ele>2440.4</ele>
        <time>2026-07-25T08:24:09Z</time>
      </trkpt>
      <trkpt lat="44.175283" lon="7.680774">
        <ele>2440.6</ele>
        <time>2026-07-25T08:24:10Z</time>
      </trkpt>
      <trkpt lat="44.175294" lon="7.680727">
        <ele>2439.6</ele>
        <time>2026-07-25T08:24:19Z</time>
      </trkpt>
      <trkpt lat="44.175297" lon="7.68071">
        <ele>2439.4</ele>
        <time>2026-07-25T08:24:21Z</time>
      </trkpt>
      <trkpt lat="44.175298" lon="7.680703">
        <ele>2441.8</ele>
        <time>2026-07-25T08:24:22Z</time>
      </trkpt>
      <trkpt lat="44.175295" lon="7.680676">
        <ele>2440.8</ele>
        <time>2026-07-25T08:24:28Z</time>
      </trkpt>
      <trkpt lat="44.175299" lon="7.680671">
        <ele>2440.4</ele>
        <time>2026-07-25T08:24:29Z</time>
      </trkpt>
      <trkpt lat="44.175304" lon="7.68065">
        <ele>2438.8</ele>
        <time>2026-07-25T08:24:31Z</time>
      </trkpt>
      <trkpt lat="44.175313" lon="7.680606">
        <ele>2437.4</ele>
        <time>2026-07-25T08:24:34Z</time>
      </trkpt>
      <trkpt lat="44.175322" lon="7.68058">
        <ele>2436.6</ele>
        <time>2026-07-25T08:24:36Z</time>
      </trkpt>
      <trkpt lat="44.175324" lon="7.680571">
        <ele>2436.6</ele>
        <time>2026-07-25T08:24:37Z</time>
      </trkpt>
      <trkpt lat="44.175332" lon="7.68055">
        <ele>2436.2</ele>
        <time>2026-07-25T08:24:40Z</time>
      </trkpt>
      <trkpt lat="44.175335" lon="7.680529">
        <ele>2435.0</ele>
        <time>2026-07-25T08:24:43Z</time>
      </trkpt>
      <trkpt lat="44.175333" lon="7.680522">
        <ele>2434.4</ele>
        <time>2026-07-25T08:24:45Z</time>
      </trkpt>
      <trkpt lat="44.17536" lon="7.680458">
        <ele>2434.0</ele>
        <time>2026-07-25T08:24:53Z</time>
      </trkpt>
      <trkpt lat="44.175396" lon="7.680397">
        <ele>2432.8</ele>
        <time>2026-07-25T08:24:57Z</time>
      </trkpt>
      <trkpt lat="44.175426" lon="7.680367">
        <ele>2432.0</ele>
        <time>2026-07-25T08:25:00Z</time>
      </trkpt>
      <trkpt lat="44.17545" lon="7.680321">
        <ele>2433.4</ele>
        <time>2026-07-25T08:25:07Z</time>
      </trkpt>
      <trkpt lat="44.175456" lon="7.680312">
        <ele>2434.0</ele>
        <time>2026-07-25T08:25:08Z</time>
      </trkpt>
      <trkpt lat="44.175464" lon="7.680301">
        <ele>2435.2</ele>
        <time>2026-07-25T08:25:10Z</time>
      </trkpt>
      <trkpt lat="44.175493" lon="7.680293">
        <ele>2435.4</ele>
        <time>2026-07-25T08:25:16Z</time>
      </trkpt>
      <trkpt lat="44.175489" lon="7.680315">
        <ele>2435.4</ele>
        <time>2026-07-25T08:25:20Z</time>
      </trkpt>
      <trkpt lat="44.175477" lon="7.68034">
        <ele>2435.4</ele>
        <time>2026-07-25T08:25:23Z</time>
      </trkpt>
      <trkpt lat="44.17543" lon="7.680406">
        <ele>2435.2</ele>
        <time>2026-07-25T08:25:30Z</time>
      </trkpt>
      <trkpt lat="44.175408" lon="7.680333">
        <ele>2435.4</ele>
        <time>2026-07-25T08:25:38Z</time>
      </trkpt>
      <trkpt lat="44.175415" lon="7.680264">
        <ele>2436.0</ele>
        <time>2026-07-25T08:25:44Z</time>
      </trkpt>
      <trkpt lat="44.175425" lon="7.680274">
        <ele>2436.2</ele>
        <time>2026-07-25T08:25:46Z</time>
      </trkpt>
      <trkpt lat="44.175416" lon="7.680313">
        <ele>2436.6</ele>
        <time>2026-07-25T08:25:51Z</time>
      </trkpt>
      <trkpt lat="44.17541" lon="7.680373">
        <ele>2436.6</ele>
        <time>2026-07-25T08:25:58Z</time>
      </trkpt>
      <trkpt lat="44.175431" lon="7.680388">
        <ele>2437.2</ele>
        <time>2026-07-25T08:26:05Z</time>
      </trkpt>
      <trkpt lat="44.175427" lon="7.680383">
        <ele>2437.4</ele>
        <time>2026-07-25T08:26:06Z</time>
      </trkpt>
      <trkpt lat="44.17543" lon="7.680387">
        <ele>2437.4</ele>
        <time>2026-07-25T08:26:13Z</time>
      </trkpt>
      <trkpt lat="44.175454" lon="7.680339">
        <ele>2437.6</ele>
        <time>2026-07-25T08:26:20Z</time>
      </trkpt>
      <trkpt lat="44.1755" lon="7.680301">
        <ele>2438.0</ele>
        <time>2026-07-25T08:26:30Z</time>
      </trkpt>
      <trkpt lat="44.175491" lon="7.68028">
        <ele>2438.2</ele>
        <time>2026-07-25T08:26:37Z</time>
      </trkpt>
      <trkpt lat="44.175477" lon="7.680278">
        <ele>2438.2</ele>
        <time>2026-07-25T08:26:39Z</time>
      </trkpt>
      <trkpt lat="44.175474" lon="7.680289">
        <ele>2437.4</ele>
        <time>2026-07-25T08:26:45Z</time>
      </trkpt>
      <trkpt lat="44.175474" lon="7.680285">
        <ele>2437.2</ele>
        <time>2026-07-25T08:26:46Z</time>
      </trkpt>
      <trkpt lat="44.1755" lon="7.680287">
        <ele>2437.6</ele>
        <time>2026-07-25T08:26:55Z</time>
      </trkpt>
      <trkpt lat="44.17552" lon="7.68028">
        <ele>2437.8</ele>
        <time>2026-07-25T08:27:00Z</time>
      </trkpt>
      <trkpt lat="44.175506" lon="7.680283">
        <ele>2437.8</ele>
        <time>2026-07-25T08:27:07Z</time>
      </trkpt>
      <trkpt lat="44.175489" lon="7.680289">
        <ele>2438.2</ele>
        <time>2026-07-25T08:27:14Z</time>
      </trkpt>
      <trkpt lat="44.175488" lon="7.680283">
        <ele>2438.4</ele>
        <time>2026-07-25T08:27:15Z</time>
      </trkpt>
      <trkpt lat="44.175492" lon="7.680278">
        <ele>2438.6</ele>
        <time>2026-07-25T08:27:18Z</time>
      </trkpt>
      <trkpt lat="44.175505" lon="7.680306">
        <ele>2438.6</ele>
        <time>2026-07-25T08:27:23Z</time>
      </trkpt>
      <trkpt lat="44.175527" lon="7.680271">
        <ele>2438.6</ele>
        <time>2026-07-25T08:27:30Z</time>
      </trkpt>
      <trkpt lat="44.175546" lon="7.680281">
        <ele>2438.6</ele>
        <time>2026-07-25T08:27:38Z</time>
      </trkpt>
      <trkpt lat="44.175557" lon="7.680265">
        <ele>2438.8</ele>
        <time>2026-07-25T08:27:44Z</time>
      </trkpt>
      <trkpt lat="44.175538" lon="7.680255">
        <ele>2438.0</ele>
        <time>2026-07-25T08:27:50Z</time>
      </trkpt>
      <trkpt lat="44.175511" lon="7.680291">
        <ele>2438.4</ele>
        <time>2026-07-25T08:27:55Z</time>
      </trkpt>
      <trkpt lat="44.175522" lon="7.680277">
        <ele>2438.6</ele>
        <time>2026-07-25T08:27:58Z</time>
      </trkpt>
      <trkpt lat="44.175528" lon="7.680274">
        <ele>2439.4</ele>
        <time>2026-07-25T08:28:04Z</time>
      </trkpt>
      <trkpt lat="44.175538" lon="7.680265">
        <ele>2439.6</ele>
        <time>2026-07-25T08:28:12Z</time>
      </trkpt>
      <trkpt lat="44.175503" lon="7.680301">
        <ele>2439.6</ele>
        <time>2026-07-25T08:28:20Z</time>
      </trkpt>
      <trkpt lat="44.175468" lon="7.680292">
        <ele>2439.4</ele>
        <time>2026-07-25T08:28:29Z</time>
      </trkpt>
      <trkpt lat="44.17549" lon="7.680277">
        <ele>2439.4</ele>
        <time>2026-07-25T08:28:33Z</time>
      </trkpt>
      <trkpt lat="44.175501" lon="7.680259">
        <ele>2439.4</ele>
        <time>2026-07-25T08:28:36Z</time>
      </trkpt>
      <trkpt lat="44.175499" lon="7.680267">
        <ele>2439.6</ele>
        <time>2026-07-25T08:28:39Z</time>
      </trkpt>
      <trkpt lat="44.17549" lon="7.680303">
        <ele>2439.0</ele>
        <time>2026-07-25T08:28:44Z</time>
      </trkpt>
      <trkpt lat="44.175465" lon="7.680302">
        <ele>2440.6</ele>
        <time>2026-07-25T08:28:50Z</time>
      </trkpt>
      <trkpt lat="44.175457" lon="7.6803">
        <ele>2440.8</ele>
        <time>2026-07-25T08:28:52Z</time>
      </trkpt>
      <trkpt lat="44.175457" lon="7.680317">
        <ele>2440.2</ele>
        <time>2026-07-25T08:29:01Z</time>
      </trkpt>
      <trkpt lat="44.175462" lon="7.680296">
        <ele>2440.8</ele>
        <time>2026-07-25T08:29:10Z</time>
      </trkpt>
      <trkpt lat="44.175458" lon="7.680306">
        <ele>2441.6</ele>
        <time>2026-07-25T08:29:14Z</time>
      </trkpt>
      <trkpt lat="44.175465" lon="7.680369">
        <ele>2442.2</ele>
        <time>2026-07-25T08:29:19Z</time>
      </trkpt>
      <trkpt lat="44.175457" lon="7.680367">
        <ele>2442.8</ele>
        <time>2026-07-25T08:29:25Z</time>
      </trkpt>
      <trkpt lat="44.175454" lon="7.680359">
        <ele>2443.0</ele>
        <time>2026-07-25T08:29:26Z</time>
      </trkpt>
      <trkpt lat="44.175452" lon="7.680347">
        <ele>2443.0</ele>
        <time>2026-07-25T08:29:28Z</time>
      </trkpt>
      <trkpt lat="44.175467" lon="7.680331">
        <ele>2443.0</ele>
        <time>2026-07-25T08:29:33Z</time>
      </trkpt>
      <trkpt lat="44.175476" lon="7.680315">
        <ele>2443.2</ele>
        <time>2026-07-25T08:29:37Z</time>
      </trkpt>
      <trkpt lat="44.175472" lon="7.680313">
        <ele>2443.4</ele>
        <time>2026-07-25T08:29:43Z</time>
      </trkpt>
      <trkpt lat="44.175469" lon="7.680314">
        <ele>2443.4</ele>
        <time>2026-07-25T08:29:44Z</time>
      </trkpt>
      <trkpt lat="44.17547" lon="7.680312">
        <ele>2443.2</ele>
        <time>2026-07-25T08:29:52Z</time>
      </trkpt>
      <trkpt lat="44.175432" lon="7.680357">
        <ele>2443.2</ele>
        <time>2026-07-25T08:30:00Z</time>
      </trkpt>
      <trkpt lat="44.175485" lon="7.68034">
        <ele>2443.0</ele>
        <time>2026-07-25T08:30:07Z</time>
      </trkpt>
      <trkpt lat="44.175511" lon="7.68031">
        <ele>2443.0</ele>
        <time>2026-07-25T08:30:17Z</time>
      </trkpt>
      <trkpt lat="44.175485" lon="7.680284">
        <ele>2443.2</ele>
        <time>2026-07-25T08:30:27Z</time>
      </trkpt>
      <trkpt lat="44.175472" lon="7.680299">
        <ele>2443.8</ele>
        <time>2026-07-25T08:30:35Z</time>
      </trkpt>
      <trkpt lat="44.175487" lon="7.680307">
        <ele>2443.8</ele>
        <time>2026-07-25T08:30:37Z</time>
      </trkpt>
      <trkpt lat="44.175501" lon="7.680313">
        <ele>2443.4</ele>
        <time>2026-07-25T08:30:45Z</time>
      </trkpt>
      <trkpt lat="44.175486" lon="7.680327">
        <ele>2443.8</ele>
        <time>2026-07-25T08:30:54Z</time>
      </trkpt>
      <trkpt lat="44.175471" lon="7.680335">
        <ele>2443.8</ele>
        <time>2026-07-25T08:30:55Z</time>
      </trkpt>
      <trkpt lat="44.175416" lon="7.680348">
        <ele>2444.2</ele>
        <time>2026-07-25T08:31:04Z</time>
      </trkpt>
      <trkpt lat="44.175462" lon="7.680351">
        <ele>2443.6</ele>
        <time>2026-07-25T08:31:11Z</time>
      </trkpt>
      <trkpt lat="44.17545" lon="7.68035">
        <ele>2444.0</ele>
        <time>2026-07-25T08:31:20Z</time>
      </trkpt>
      <trkpt lat="44.175439" lon="7.680324">
        <ele>2444.4</ele>
        <time>2026-07-25T08:31:28Z</time>
      </trkpt>
      <trkpt lat="44.175415" lon="7.680341">
        <ele>2444.8</ele>
        <time>2026-07-25T08:31:35Z</time>
      </trkpt>
      <trkpt lat="44.175426" lon="7.680363">
        <ele>2444.8</ele>
        <time>2026-07-25T08:31:43Z</time>
      </trkpt>
      <trkpt lat="44.175423" lon="7.68037">
        <ele>2444.8</ele>
        <time>2026-07-25T08:31:44Z</time>
      </trkpt>
      <trkpt lat="44.175424" lon="7.680371">
        <ele>2445.0</ele>
        <time>2026-07-25T08:31:47Z</time>
      </trkpt>
      <trkpt lat="44.175442" lon="7.680376">
        <ele>2445.8</ele>
        <time>2026-07-25T08:31:53Z</time>
      </trkpt>
      <trkpt lat="44.175454" lon="7.680377">
        <ele>2445.4</ele>
        <time>2026-07-25T08:32:00Z</time>
      </trkpt>
      <trkpt lat="44.175433" lon="7.680369">
        <ele>2446.0</ele>
        <time>2026-07-25T08:32:07Z</time>
      </trkpt>
      <trkpt lat="44.175438" lon="7.680383">
        <ele>2446.4</ele>
        <time>2026-07-25T08:32:15Z</time>
      </trkpt>
      <trkpt lat="44.175433" lon="7.680381">
        <ele>2447.0</ele>
        <time>2026-07-25T08:32:17Z</time>
      </trkpt>
      <trkpt lat="44.175441" lon="7.680389">
        <ele>2447.4</ele>
        <time>2026-07-25T08:32:24Z</time>
      </trkpt>
      <trkpt lat="44.175459" lon="7.680381">
        <ele>2447.0</ele>
        <time>2026-07-25T08:32:33Z</time>
      </trkpt>
      <trkpt lat="44.175438" lon="7.680375">
        <ele>2448.0</ele>
        <time>2026-07-25T08:32:41Z</time>
      </trkpt>
      <trkpt lat="44.17543" lon="7.680359">
        <ele>2448.2</ele>
        <time>2026-07-25T08:32:43Z</time>
      </trkpt>
      <trkpt lat="44.175425" lon="7.68035">
        <ele>2447.2</ele>
        <time>2026-07-25T08:32:52Z</time>
      </trkpt>
      <trkpt lat="44.175412" lon="7.680334">
        <ele>2449.0</ele>
        <time>2026-07-25T08:33:03Z</time>
      </trkpt>
      <trkpt lat="44.175416" lon="7.680338">
        <ele>2448.8</ele>
        <time>2026-07-25T08:33:09Z</time>
      </trkpt>
      <trkpt lat="44.175422" lon="7.680334">
        <ele>2448.0</ele>
        <time>2026-07-25T08:33:12Z</time>
      </trkpt>
      <trkpt lat="44.17546" lon="7.680323">
        <ele>2448.0</ele>
        <time>2026-07-25T08:33:17Z</time>
      </trkpt>
      <trkpt lat="44.175482" lon="7.680329">
        <ele>2448.6</ele>
        <time>2026-07-25T08:33:21Z</time>
      </trkpt>
      <trkpt lat="44.175461" lon="7.680341">
        <ele>2448.6</ele>
        <time>2026-07-25T08:33:30Z</time>
      </trkpt>
      <trkpt lat="44.175415" lon="7.680353">
        <ele>2448.6</ele>
        <time>2026-07-25T08:33:39Z</time>
      </trkpt>
      <trkpt lat="44.175418" lon="7.6804">
        <ele>2449.0</ele>
        <time>2026-07-25T08:33:45Z</time>
      </trkpt>
      <trkpt lat="44.175432" lon="7.680423">
        <ele>2449.2</ele>
        <time>2026-07-25T08:33:48Z</time>
      </trkpt>
      <trkpt lat="44.175442" lon="7.68044">
        <ele>2449.4</ele>
        <time>2026-07-25T08:33:54Z</time>
      </trkpt>
      <trkpt lat="44.175442" lon="7.680438">
        <ele>2449.6</ele>
        <time>2026-07-25T08:33:55Z</time>
      </trkpt>
      <trkpt lat="44.175431" lon="7.680413">
        <ele>2449.6</ele>
        <time>2026-07-25T08:33:56Z</time>
      </trkpt>
      <trkpt lat="44.17543" lon="7.680408">
        <ele>2449.4</ele>
        <time>2026-07-25T08:33:58Z</time>
      </trkpt>
      <trkpt lat="44.175439" lon="7.680388">
        <ele>2449.0</ele>
        <time>2026-07-25T08:34:01Z</time>
      </trkpt>
      <trkpt lat="44.17544" lon="7.680365">
        <ele>2449.4</ele>
        <time>2026-07-25T08:34:04Z</time>
      </trkpt>
      <trkpt lat="44.175454" lon="7.680369">
        <ele>2449.6</ele>
        <time>2026-07-25T08:34:09Z</time>
      </trkpt>
      <trkpt lat="44.175385" lon="7.680397">
        <ele>2449.8</ele>
        <time>2026-07-25T08:34:17Z</time>
      </trkpt>
      <trkpt lat="44.17538" lon="7.680401">
        <ele>2450.4</ele>
        <time>2026-07-25T08:34:18Z</time>
      </trkpt>
      <trkpt lat="44.175435" lon="7.680377">
        <ele>2450.0</ele>
        <time>2026-07-25T08:34:25Z</time>
      </trkpt>
      <trkpt lat="44.175494" lon="7.680379">
        <ele>2451.4</ele>
        <time>2026-07-25T08:34:31Z</time>
      </trkpt>
      <trkpt lat="44.175514" lon="7.680367">
        <ele>2452.0</ele>
        <time>2026-07-25T08:34:34Z</time>
      </trkpt>
      <trkpt lat="44.175513" lon="7.680361">
        <ele>2452.0</ele>
        <time>2026-07-25T08:34:35Z</time>
      </trkpt>
      <trkpt lat="44.17551" lon="7.680356">
        <ele>2452.0</ele>
        <time>2026-07-25T08:34:36Z</time>
      </trkpt>
      <trkpt lat="44.175508" lon="7.680349">
        <ele>2452.0</ele>
        <time>2026-07-25T08:34:37Z</time>
      </trkpt>
      <trkpt lat="44.17546" lon="7.680356">
        <ele>2450.2</ele>
        <time>2026-07-25T08:34:42Z</time>
      </trkpt>
      <trkpt lat="44.175429" lon="7.68037">
        <ele>2450.4</ele>
        <time>2026-07-25T08:34:45Z</time>
      </trkpt>
      <trkpt lat="44.175446" lon="7.680367">
        <ele>2450.0</ele>
        <time>2026-07-25T08:34:51Z</time>
      </trkpt>
      <trkpt lat="44.175457" lon="7.680362">
        <ele>2449.2</ele>
        <time>2026-07-25T08:34:54Z</time>
      </trkpt>
      <trkpt lat="44.175473" lon="7.680347">
        <ele>2449.8</ele>
        <time>2026-07-25T08:34:59Z</time>
      </trkpt>
      <trkpt lat="44.175472" lon="7.680342">
        <ele>2450.2</ele>
        <time>2026-07-25T08:35:00Z</time>
      </trkpt>
      <trkpt lat="44.17546" lon="7.680329">
        <ele>2449.6</ele>
        <time>2026-07-25T08:35:07Z</time>
      </trkpt>
      <trkpt lat="44.175456" lon="7.680344">
        <ele>2449.2</ele>
        <time>2026-07-25T08:35:17Z</time>
      </trkpt>
      <trkpt lat="44.175453" lon="7.680348">
        <ele>2449.2</ele>
        <time>2026-07-25T08:35:19Z</time>
      </trkpt>
      <trkpt lat="44.175469" lon="7.680333">
        <ele>2449.6</ele>
        <time>2026-07-25T08:35:28Z</time>
      </trkpt>
      <trkpt lat="44.175473" lon="7.680373">
        <ele>2449.4</ele>
        <time>2026-07-25T08:35:36Z</time>
      </trkpt>
      <trkpt lat="44.175455" lon="7.680354">
        <ele>2450.4</ele>
        <time>2026-07-25T08:35:42Z</time>
      </trkpt>
      <trkpt lat="44.175459" lon="7.680351">
        <ele>2450.4</ele>
        <time>2026-07-25T08:35:44Z</time>
      </trkpt>
      <trkpt lat="44.175426" lon="7.680318">
        <ele>2450.2</ele>
        <time>2026-07-25T08:35:52Z</time>
      </trkpt>
      <trkpt lat="44.175418" lon="7.680364">
        <ele>2449.6</ele>
        <time>2026-07-25T08:36:00Z</time>
      </trkpt>
      <trkpt lat="44.175431" lon="7.680362">
        <ele>2449.8</ele>
        <time>2026-07-25T08:36:03Z</time>
      </trkpt>
      <trkpt lat="44.175436" lon="7.680362">
        <ele>2450.0</ele>
        <time>2026-07-25T08:36:04Z</time>
      </trkpt>
      <trkpt lat="44.175448" lon="7.680357">
        <ele>2450.2</ele>
        <time>2026-07-25T08:36:06Z</time>
      </trkpt>
      <trkpt lat="44.17545" lon="7.680353">
        <ele>2450.2</ele>
        <time>2026-07-25T08:36:07Z</time>
      </trkpt>
      <trkpt lat="44.175453" lon="7.680345">
        <ele>2450.0</ele>
        <time>2026-07-25T08:36:08Z</time>
      </trkpt>
      <trkpt lat="44.175466" lon="7.680276">
        <ele>2449.4</ele>
        <time>2026-07-25T08:36:14Z</time>
      </trkpt>
      <trkpt lat="44.17547" lon="7.680278">
        <ele>2449.0</ele>
        <time>2026-07-25T08:36:18Z</time>
      </trkpt>
      <trkpt lat="44.175465" lon="7.680301">
        <ele>2449.4</ele>
        <time>2026-07-25T08:36:20Z</time>
      </trkpt>
      <trkpt lat="44.175454" lon="7.680317">
        <ele>2449.8</ele>
        <time>2026-07-25T08:36:22Z</time>
      </trkpt>
      <trkpt lat="44.175455" lon="7.680315">
        <ele>2450.0</ele>
        <time>2026-07-25T08:36:23Z</time>
      </trkpt>
      <trkpt lat="44.17546" lon="7.680311">
        <ele>2450.4</ele>
        <time>2026-07-25T08:36:27Z</time>
      </trkpt>
      <trkpt lat="44.175478" lon="7.680308">
        <ele>2451.2</ele>
        <time>2026-07-25T08:36:30Z</time>
      </trkpt>
      <trkpt lat="44.175503" lon="7.680311">
        <ele>2451.8</ele>
        <time>2026-07-25T08:36:34Z</time>
      </trkpt>
      <trkpt lat="44.175524" lon="7.680313">
        <ele>2452.4</ele>
        <time>2026-07-25T08:36:37Z</time>
      </trkpt>
      <trkpt lat="44.175535" lon="7.680307">
        <ele>2453.6</ele>
        <time>2026-07-25T08:36:41Z</time>
      </trkpt>
      <trkpt lat="44.175536" lon="7.680297">
        <ele>2453.8</ele>
        <time>2026-07-25T08:36:43Z</time>
      </trkpt>
      <trkpt lat="44.175538" lon="7.68029">
        <ele>2454.4</ele>
        <time>2026-07-25T08:36:46Z</time>
      </trkpt>
      <trkpt lat="44.175541" lon="7.680288">
        <ele>2454.6</ele>
        <time>2026-07-25T08:36:47Z</time>
      </trkpt>
      <trkpt lat="44.175557" lon="7.680276">
        <ele>2455.4</ele>
        <time>2026-07-25T08:36:51Z</time>
      </trkpt>
      <trkpt lat="44.17558" lon="7.680263">
        <ele>2455.2</ele>
        <time>2026-07-25T08:36:55Z</time>
      </trkpt>
      <trkpt lat="44.175585" lon="7.680248">
        <ele>2455.2</ele>
        <time>2026-07-25T08:36:58Z</time>
      </trkpt>
      <trkpt lat="44.175584" lon="7.680245">
        <ele>2455.4</ele>
        <time>2026-07-25T08:36:59Z</time>
      </trkpt>
      <trkpt lat="44.175582" lon="7.680237">
        <ele>2456.0</ele>
        <time>2026-07-25T08:37:01Z</time>
      </trkpt>
      <trkpt lat="44.175568" lon="7.680233">
        <ele>2457.0</ele>
        <time>2026-07-25T08:37:05Z</time>
      </trkpt>
      <trkpt lat="44.175573" lon="7.680214">
        <ele>2457.0</ele>
        <time>2026-07-25T08:37:07Z</time>
      </trkpt>
      <trkpt lat="44.175605" lon="7.680149">
        <ele>2458.2</ele>
        <time>2026-07-25T08:37:13Z</time>
      </trkpt>
      <trkpt lat="44.175608" lon="7.680142">
        <ele>2458.6</ele>
        <time>2026-07-25T08:37:14Z</time>
      </trkpt>
      <trkpt lat="44.175642" lon="7.6801">
        <ele>2459.4</ele>
        <time>2026-07-25T08:37:22Z</time>
      </trkpt>
      <trkpt lat="44.175644" lon="7.680098">
        <ele>2459.4</ele>
        <time>2026-07-25T08:37:23Z</time>
      </trkpt>
      <trkpt lat="44.175649" lon="7.680113">
        <ele>2460.0</ele>
        <time>2026-07-25T08:37:30Z</time>
      </trkpt>
      <trkpt lat="44.175649" lon="7.680103">
        <ele>2460.4</ele>
        <time>2026-07-25T08:37:32Z</time>
      </trkpt>
      <trkpt lat="44.175669" lon="7.680124">
        <ele>2461.4</ele>
        <time>2026-07-25T08:37:35Z</time>
      </trkpt>
      <trkpt lat="44.175674" lon="7.680132">
        <ele>2461.6</ele>
        <time>2026-07-25T08:37:36Z</time>
      </trkpt>
      <trkpt lat="44.175687" lon="7.68014">
        <ele>2462.6</ele>
        <time>2026-07-25T08:37:41Z</time>
      </trkpt>
      <trkpt lat="44.175693" lon="7.680142">
        <ele>2463.0</ele>
        <time>2026-07-25T08:37:43Z</time>
      </trkpt>
      <trkpt lat="44.175718" lon="7.68015">
        <ele>2463.8</ele>
        <time>2026-07-25T08:37:47Z</time>
      </trkpt>
      <trkpt lat="44.175745" lon="7.680143">
        <ele>2464.8</ele>
        <time>2026-07-25T08:37:50Z</time>
      </trkpt>
      <trkpt lat="44.175747" lon="7.680138">
        <ele>2465.0</ele>
        <time>2026-07-25T08:37:51Z</time>
      </trkpt>
      <trkpt lat="44.175747" lon="7.680077">
        <ele>2465.6</ele>
        <time>2026-07-25T08:37:59Z</time>
      </trkpt>
      <trkpt lat="44.175762" lon="7.680082">
        <ele>2465.8</ele>
        <time>2026-07-25T08:38:02Z</time>
      </trkpt>
      <trkpt lat="44.175785" lon="7.680108">
        <ele>2466.6</ele>
        <time>2026-07-25T08:38:06Z</time>
      </trkpt>
      <trkpt lat="44.175788" lon="7.680118">
        <ele>2467.0</ele>
        <time>2026-07-25T08:38:07Z</time>
      </trkpt>
      <trkpt lat="44.175728" lon="7.680103">
        <ele>2467.6</ele>
        <time>2026-07-25T08:38:12Z</time>
      </trkpt>
      <trkpt lat="44.175728" lon="7.680098">
        <ele>2467.4</ele>
        <time>2026-07-25T08:38:13Z</time>
      </trkpt>
      <trkpt lat="44.17573" lon="7.680098">
        <ele>2467.6</ele>
        <time>2026-07-25T08:38:14Z</time>
      </trkpt>
      <trkpt lat="44.175754" lon="7.6801">
        <ele>2468.0</ele>
        <time>2026-07-25T08:38:17Z</time>
      </trkpt>
      <trkpt lat="44.175764" lon="7.680107">
        <ele>2468.2</ele>
        <time>2026-07-25T08:38:18Z</time>
      </trkpt>
      <trkpt lat="44.175794" lon="7.680126">
        <ele>2469.0</ele>
        <time>2026-07-25T08:38:21Z</time>
      </trkpt>
      <trkpt lat="44.175818" lon="7.680143">
        <ele>2470.0</ele>
        <time>2026-07-25T08:38:25Z</time>
      </trkpt>
      <trkpt lat="44.175819" lon="7.680144">
        <ele>2470.2</ele>
        <time>2026-07-25T08:38:26Z</time>
      </trkpt>
      <trkpt lat="44.175826" lon="7.680141">
        <ele>2471.2</ele>
        <time>2026-07-25T08:38:30Z</time>
      </trkpt>
      <trkpt lat="44.175835" lon="7.680129">
        <ele>2472.0</ele>
        <time>2026-07-25T08:38:33Z</time>
      </trkpt>
      <trkpt lat="44.175841" lon="7.680126">
        <ele>2472.4</ele>
        <time>2026-07-25T08:38:35Z</time>
      </trkpt>
      <trkpt lat="44.175843" lon="7.680135">
        <ele>2473.4</ele>
        <time>2026-07-25T08:38:42Z</time>
      </trkpt>
      <trkpt lat="44.175832" lon="7.680143">
        <ele>2473.6</ele>
        <time>2026-07-25T08:38:43Z</time>
      </trkpt>
      <trkpt lat="44.175829" lon="7.680173">
        <ele>2474.4</ele>
        <time>2026-07-25T08:38:48Z</time>
      </trkpt>
      <trkpt lat="44.175838" lon="7.680175">
        <ele>2474.6</ele>
        <time>2026-07-25T08:38:49Z</time>
      </trkpt>
      <trkpt lat="44.175847" lon="7.680178">
        <ele>2474.8</ele>
        <time>2026-07-25T08:38:50Z</time>
      </trkpt>
      <trkpt lat="44.175853" lon="7.68018">
        <ele>2475.0</ele>
        <time>2026-07-25T08:38:51Z</time>
      </trkpt>
      <trkpt lat="44.17586" lon="7.680184">
        <ele>2475.2</ele>
        <time>2026-07-25T08:38:52Z</time>
      </trkpt>
      <trkpt lat="44.175872" lon="7.680183">
        <ele>2475.4</ele>
        <time>2026-07-25T08:38:54Z</time>
      </trkpt>
      <trkpt lat="44.175899" lon="7.680182">
        <ele>2476.0</ele>
        <time>2026-07-25T08:38:58Z</time>
      </trkpt>
      <trkpt lat="44.175902" lon="7.680186">
        <ele>2476.4</ele>
        <time>2026-07-25T08:39:00Z</time>
      </trkpt>
      <trkpt lat="44.175896" lon="7.680187">
        <ele>2476.6</ele>
        <time>2026-07-25T08:39:01Z</time>
      </trkpt>
      <trkpt lat="44.175911" lon="7.680203">
        <ele>2477.6</ele>
        <time>2026-07-25T08:39:06Z</time>
      </trkpt>
      <trkpt lat="44.175925" lon="7.680213">
        <ele>2477.8</ele>
        <time>2026-07-25T08:39:09Z</time>
      </trkpt>
      <trkpt lat="44.175955" lon="7.680222">
        <ele>2478.0</ele>
        <time>2026-07-25T08:39:16Z</time>
      </trkpt>
      <trkpt lat="44.175961" lon="7.680222">
        <ele>2478.0</ele>
        <time>2026-07-25T08:39:17Z</time>
      </trkpt>
      <trkpt lat="44.17596" lon="7.680212">
        <ele>2478.6</ele>
        <time>2026-07-25T08:39:25Z</time>
      </trkpt>
      <trkpt lat="44.175964" lon="7.680209">
        <ele>2478.4</ele>
        <time>2026-07-25T08:39:26Z</time>
      </trkpt>
      <trkpt lat="44.175952" lon="7.680219">
        <ele>2479.8</ele>
        <time>2026-07-25T08:39:31Z</time>
      </trkpt>
      <trkpt lat="44.175963" lon="7.680212">
        <ele>2480.0</ele>
        <time>2026-07-25T08:39:34Z</time>
      </trkpt>
      <trkpt lat="44.175982" lon="7.680205">
        <ele>2481.0</ele>
        <time>2026-07-25T08:39:39Z</time>
      </trkpt>
      <trkpt lat="44.17599" lon="7.680205">
        <ele>2481.6</ele>
        <time>2026-07-25T08:39:42Z</time>
      </trkpt>
      <trkpt lat="44.176019" lon="7.680193">
        <ele>2482.2</ele>
        <time>2026-07-25T08:39:47Z</time>
      </trkpt>
      <trkpt lat="44.176049" lon="7.680174">
        <ele>2483.2</ele>
        <time>2026-07-25T08:39:51Z</time>
      </trkpt>
      <trkpt lat="44.176055" lon="7.680146">
        <ele>2484.4</ele>
        <time>2026-07-25T08:39:55Z</time>
      </trkpt>
      <trkpt lat="44.176036" lon="7.680126">
        <ele>2484.6</ele>
        <time>2026-07-25T08:40:00Z</time>
      </trkpt>
      <trkpt lat="44.176066" lon="7.680059">
        <ele>2483.4</ele>
        <time>2026-07-25T08:40:05Z</time>
      </trkpt>
      <trkpt lat="44.176077" lon="7.680073">
        <ele>2485.0</ele>
        <time>2026-07-25T08:40:11Z</time>
      </trkpt>
      <trkpt lat="44.176079" lon="7.680071">
        <ele>2485.0</ele>
        <time>2026-07-25T08:40:13Z</time>
      </trkpt>
      <trkpt lat="44.176092" lon="7.680068">
        <ele>2485.4</ele>
        <time>2026-07-25T08:40:16Z</time>
      </trkpt>
      <trkpt lat="44.176089" lon="7.680062">
        <ele>2485.6</ele>
        <time>2026-07-25T08:40:19Z</time>
      </trkpt>
      <trkpt lat="44.176105" lon="7.680061">
        <ele>2486.6</ele>
        <time>2026-07-25T08:40:23Z</time>
      </trkpt>
      <trkpt lat="44.176111" lon="7.680074">
        <ele>2487.6</ele>
        <time>2026-07-25T08:40:26Z</time>
      </trkpt>
      <trkpt lat="44.176115" lon="7.680083">
        <ele>2488.2</ele>
        <time>2026-07-25T08:40:28Z</time>
      </trkpt>
      <trkpt lat="44.176123" lon="7.680094">
        <ele>2488.6</ele>
        <time>2026-07-25T08:40:30Z</time>
      </trkpt>
      <trkpt lat="44.176113" lon="7.680081">
        <ele>2489.2</ele>
        <time>2026-07-25T08:40:36Z</time>
      </trkpt>
      <trkpt lat="44.176148" lon="7.680109">
        <ele>2489.4</ele>
        <time>2026-07-25T08:40:43Z</time>
      </trkpt>
      <trkpt lat="44.176189" lon="7.680182">
        <ele>2489.4</ele>
        <time>2026-07-25T08:40:51Z</time>
      </trkpt>
      <trkpt lat="44.176202" lon="7.680193">
        <ele>2489.8</ele>
        <time>2026-07-25T08:40:53Z</time>
      </trkpt>
      <trkpt lat="44.17621" lon="7.680185">
        <ele>2491.0</ele>
        <time>2026-07-25T08:40:57Z</time>
      </trkpt>
      <trkpt lat="44.17621" lon="7.680174">
        <ele>2491.2</ele>
        <time>2026-07-25T08:41:00Z</time>
      </trkpt>
      <trkpt lat="44.176216" lon="7.68018">
        <ele>2492.0</ele>
        <time>2026-07-25T08:41:07Z</time>
      </trkpt>
      <trkpt lat="44.17621" lon="7.680178">
        <ele>2492.0</ele>
        <time>2026-07-25T08:41:09Z</time>
      </trkpt>
      <trkpt lat="44.176217" lon="7.680119">
        <ele>2491.4</ele>
        <time>2026-07-25T08:41:15Z</time>
      </trkpt>
      <trkpt lat="44.176217" lon="7.680097">
        <ele>2491.6</ele>
        <time>2026-07-25T08:41:17Z</time>
      </trkpt>
      <trkpt lat="44.176231" lon="7.680093">
        <ele>2493.2</ele>
        <time>2026-07-25T08:41:25Z</time>
      </trkpt>
      <trkpt lat="44.176219" lon="7.680136">
        <ele>2494.0</ele>
        <time>2026-07-25T08:41:34Z</time>
      </trkpt>
      <trkpt lat="44.176209" lon="7.680147">
        <ele>2493.8</ele>
        <time>2026-07-25T08:41:35Z</time>
      </trkpt>
      <trkpt lat="44.176171" lon="7.680196">
        <ele>2493.2</ele>
        <time>2026-07-25T08:41:45Z</time>
      </trkpt>
      <trkpt lat="44.176221" lon="7.680148">
        <ele>2493.2</ele>
        <time>2026-07-25T08:41:51Z</time>
      </trkpt>
      <trkpt lat="44.176229" lon="7.680141">
        <ele>2493.0</ele>
        <time>2026-07-25T08:41:52Z</time>
      </trkpt>
      <trkpt lat="44.176243" lon="7.680127">
        <ele>2492.8</ele>
        <time>2026-07-25T08:41:54Z</time>
      </trkpt>
      <trkpt lat="44.176251" lon="7.680116">
        <ele>2492.4</ele>
        <time>2026-07-25T08:41:57Z</time>
      </trkpt>
      <trkpt lat="44.176251" lon="7.680114">
        <ele>2492.4</ele>
        <time>2026-07-25T08:41:59Z</time>
      </trkpt>
      <trkpt lat="44.17625" lon="7.680112">
        <ele>2492.2</ele>
        <time>2026-07-25T08:42:00Z</time>
      </trkpt>
      <trkpt lat="44.176245" lon="7.680112">
        <ele>2492.2</ele>
        <time>2026-07-25T08:42:01Z</time>
      </trkpt>
      <trkpt lat="44.176241" lon="7.680112">
        <ele>2492.0</ele>
        <time>2026-07-25T08:42:03Z</time>
      </trkpt>
      <trkpt lat="44.176235" lon="7.680117">
        <ele>2491.8</ele>
        <time>2026-07-25T08:42:05Z</time>
      </trkpt>
      <trkpt lat="44.176226" lon="7.680122">
        <ele>2491.8</ele>
        <time>2026-07-25T08:42:07Z</time>
      </trkpt>
      <trkpt lat="44.176232" lon="7.68012">
        <ele>2492.0</ele>
        <time>2026-07-25T08:42:10Z</time>
      </trkpt>
      <trkpt lat="44.176257" lon="7.68013">
        <ele>2492.0</ele>
        <time>2026-07-25T08:42:18Z</time>
      </trkpt>
      <trkpt lat="44.176265" lon="7.680127">
        <ele>2492.8</ele>
        <time>2026-07-25T08:42:25Z</time>
      </trkpt>
      <trkpt lat="44.176249" lon="7.680101">
        <ele>2493.4</ele>
        <time>2026-07-25T08:42:33Z</time>
      </trkpt>
      <trkpt lat="44.176251" lon="7.680097">
        <ele>2493.4</ele>
        <time>2026-07-25T08:42:34Z</time>
      </trkpt>
      <trkpt lat="44.176272" lon="7.680085">
        <ele>2494.4</ele>
        <time>2026-07-25T08:42:38Z</time>
      </trkpt>
      <trkpt lat="44.176293" lon="7.680076">
        <ele>2494.4</ele>
        <time>2026-07-25T08:42:43Z</time>
      </trkpt>
      <trkpt lat="44.176286" lon="7.680073">
        <ele>2495.6</ele>
        <time>2026-07-25T08:42:47Z</time>
      </trkpt>
      <trkpt lat="44.176278" lon="7.680053">
        <ele>2496.2</ele>
        <time>2026-07-25T08:42:54Z</time>
      </trkpt>
      <trkpt lat="44.176271" lon="7.680075">
        <ele>2496.0</ele>
        <time>2026-07-25T08:42:57Z</time>
      </trkpt>
      <trkpt lat="44.176279" lon="7.680087">
        <ele>2496.0</ele>
        <time>2026-07-25T08:42:59Z</time>
      </trkpt>
      <trkpt lat="44.17628" lon="7.68009">
        <ele>2496.2</ele>
        <time>2026-07-25T08:43:00Z</time>
      </trkpt>
      <trkpt lat="44.176285" lon="7.680098">
        <ele>2496.6</ele>
        <time>2026-07-25T08:43:02Z</time>
      </trkpt>
      <trkpt lat="44.176298" lon="7.680108">
        <ele>2497.2</ele>
        <time>2026-07-25T08:43:08Z</time>
      </trkpt>
      <trkpt lat="44.176312" lon="7.680088">
        <ele>2497.6</ele>
        <time>2026-07-25T08:43:13Z</time>
      </trkpt>
      <trkpt lat="44.176323" lon="7.680069">
        <ele>2498.4</ele>
        <time>2026-07-25T08:43:17Z</time>
      </trkpt>
      <trkpt lat="44.176318" lon="7.680065">
        <ele>2498.6</ele>
        <time>2026-07-25T08:43:20Z</time>
      </trkpt>
      <trkpt lat="44.1763" lon="7.680071">
        <ele>2498.8</ele>
        <time>2026-07-25T08:43:25Z</time>
      </trkpt>
      <trkpt lat="44.176323" lon="7.680079">
        <ele>2498.8</ele>
        <time>2026-07-25T08:43:29Z</time>
      </trkpt>
      <trkpt lat="44.176331" lon="7.680091">
        <ele>2499.0</ele>
        <time>2026-07-25T08:43:32Z</time>
      </trkpt>
      <trkpt lat="44.17633" lon="7.680094">
        <ele>2499.0</ele>
        <time>2026-07-25T08:43:33Z</time>
      </trkpt>
      <trkpt lat="44.176341" lon="7.680063">
        <ele>2499.2</ele>
        <time>2026-07-25T08:43:41Z</time>
      </trkpt>
      <trkpt lat="44.176352" lon="7.680056">
        <ele>2499.8</ele>
        <time>2026-07-25T08:43:43Z</time>
      </trkpt>
      <trkpt lat="44.176365" lon="7.680041">
        <ele>2500.0</ele>
        <time>2026-07-25T08:43:49Z</time>
      </trkpt>
      <trkpt lat="44.176386" lon="7.680048">
        <ele>2501.0</ele>
        <time>2026-07-25T08:43:55Z</time>
      </trkpt>
      <trkpt lat="44.176392" lon="7.68005">
        <ele>2501.4</ele>
        <time>2026-07-25T08:43:56Z</time>
      </trkpt>
      <trkpt lat="44.17641" lon="7.680065">
        <ele>2502.0</ele>
        <time>2026-07-25T08:43:59Z</time>
      </trkpt>
      <trkpt lat="44.176404" lon="7.680059">
        <ele>2502.6</ele>
        <time>2026-07-25T08:44:05Z</time>
      </trkpt>
      <trkpt lat="44.176422" lon="7.680059">
        <ele>2503.0</ele>
        <time>2026-07-25T08:44:12Z</time>
      </trkpt>
      <trkpt lat="44.176423" lon="7.680058">
        <ele>2503.4</ele>
        <time>2026-07-25T08:44:13Z</time>
      </trkpt>
      <trkpt lat="44.176442" lon="7.680045">
        <ele>2504.2</ele>
        <time>2026-07-25T08:44:19Z</time>
      </trkpt>
      <trkpt lat="44.176445" lon="7.680037">
        <ele>2505.6</ele>
        <time>2026-07-25T08:44:22Z</time>
      </trkpt>
      <trkpt lat="44.176464" lon="7.68004">
        <ele>2506.8</ele>
        <time>2026-07-25T08:44:29Z</time>
      </trkpt>
      <trkpt lat="44.17647" lon="7.680044">
        <ele>2507.2</ele>
        <time>2026-07-25T08:44:31Z</time>
      </trkpt>
      <trkpt lat="44.17648" lon="7.680038">
        <ele>2507.0</ele>
        <time>2026-07-25T08:44:35Z</time>
      </trkpt>
      <trkpt lat="44.17647" lon="7.680012">
        <ele>2508.0</ele>
        <time>2026-07-25T08:44:40Z</time>
      </trkpt>
      <trkpt lat="44.17647" lon="7.680013">
        <ele>2508.4</ele>
        <time>2026-07-25T08:44:41Z</time>
      </trkpt>
      <trkpt lat="44.176473" lon="7.680003">
        <ele>2509.2</ele>
        <time>2026-07-25T08:44:44Z</time>
      </trkpt>
      <trkpt lat="44.176488" lon="7.680002">
        <ele>2510.4</ele>
        <time>2026-07-25T08:44:49Z</time>
      </trkpt>
      <trkpt lat="44.176501" lon="7.679998">
        <ele>2511.6</ele>
        <time>2026-07-25T08:44:51Z</time>
      </trkpt>
      <trkpt lat="44.176513" lon="7.679983">
        <ele>2512.2</ele>
        <time>2026-07-25T08:44:57Z</time>
      </trkpt>
      <trkpt lat="44.176507" lon="7.679973">
        <ele>2512.2</ele>
        <time>2026-07-25T08:44:59Z</time>
      </trkpt>
      <trkpt lat="44.176507" lon="7.679962">
        <ele>2512.0</ele>
        <time>2026-07-25T08:45:03Z</time>
      </trkpt>
      <trkpt lat="44.176492" lon="7.679941">
        <ele>2512.2</ele>
        <time>2026-07-25T08:45:06Z</time>
      </trkpt>
      <trkpt lat="44.176486" lon="7.679923">
        <ele>2512.6</ele>
        <time>2026-07-25T08:45:08Z</time>
      </trkpt>
      <trkpt lat="44.176491" lon="7.679919">
        <ele>2513.0</ele>
        <time>2026-07-25T08:45:13Z</time>
      </trkpt>
      <trkpt lat="44.176495" lon="7.679919">
        <ele>2513.4</ele>
        <time>2026-07-25T08:45:20Z</time>
      </trkpt>
      <trkpt lat="44.176494" lon="7.679915">
        <ele>2513.0</ele>
        <time>2026-07-25T08:45:27Z</time>
      </trkpt>
      <trkpt lat="44.17649" lon="7.679908">
        <ele>2512.8</ele>
        <time>2026-07-25T08:45:28Z</time>
      </trkpt>
      <trkpt lat="44.176488" lon="7.679903">
        <ele>2512.6</ele>
        <time>2026-07-25T08:45:29Z</time>
      </trkpt>
      <trkpt lat="44.176493" lon="7.679889">
        <ele>2512.2</ele>
        <time>2026-07-25T08:45:36Z</time>
      </trkpt>
      <trkpt lat="44.176507" lon="7.679889">
        <ele>2513.2</ele>
        <time>2026-07-25T08:45:42Z</time>
      </trkpt>
      <trkpt lat="44.176508" lon="7.679891">
        <ele>2513.0</ele>
        <time>2026-07-25T08:45:44Z</time>
      </trkpt>
      <trkpt lat="44.176508" lon="7.679891">
        <ele>2512.8</ele>
        <time>2026-07-25T08:45:46Z</time>
      </trkpt>
      <trkpt lat="44.176462" lon="7.679881">
        <ele>2512.8</ele>
        <time>2026-07-25T08:45:54Z</time>
      </trkpt>
      <trkpt lat="44.176429" lon="7.679864">
        <ele>2513.0</ele>
        <time>2026-07-25T08:46:01Z</time>
      </trkpt>
      <trkpt lat="44.176401" lon="7.679817">
        <ele>2511.8</ele>
        <time>2026-07-25T08:46:10Z</time>
      </trkpt>
      <trkpt lat="44.1764" lon="7.679796">
        <ele>2511.6</ele>
        <time>2026-07-25T08:46:13Z</time>
      </trkpt>
      <trkpt lat="44.176389" lon="7.679772">
        <ele>2511.2</ele>
        <time>2026-07-25T08:46:17Z</time>
      </trkpt>
      <trkpt lat="44.17639" lon="7.679731">
        <ele>2510.6</ele>
        <time>2026-07-25T08:46:21Z</time>
      </trkpt>
      <trkpt lat="44.176398" lon="7.679708">
        <ele>2510.8</ele>
        <time>2026-07-25T08:46:24Z</time>
      </trkpt>
      <trkpt lat="44.176381" lon="7.679662">
        <ele>2510.0</ele>
        <time>2026-07-25T08:46:31Z</time>
      </trkpt>
      <trkpt lat="44.176375" lon="7.67963">
        <ele>2510.4</ele>
        <time>2026-07-25T08:46:38Z</time>
      </trkpt>
      <trkpt lat="44.17636" lon="7.679585">
        <ele>2509.8</ele>
        <time>2026-07-25T08:46:45Z</time>
      </trkpt>
      <trkpt lat="44.176345" lon="7.67952">
        <ele>2509.6</ele>
        <time>2026-07-25T08:46:53Z</time>
      </trkpt>
      <trkpt lat="44.17634" lon="7.679509">
        <ele>2509.6</ele>
        <time>2026-07-25T08:46:54Z</time>
      </trkpt>
      <trkpt lat="44.176325" lon="7.679495">
        <ele>2509.0</ele>
        <time>2026-07-25T08:47:00Z</time>
      </trkpt>
      <trkpt lat="44.176319" lon="7.679491">
        <ele>2508.6</ele>
        <time>2026-07-25T08:47:03Z</time>
      </trkpt>
      <trkpt lat="44.176317" lon="7.679457">
        <ele>2507.6</ele>
        <time>2026-07-25T08:47:09Z</time>
      </trkpt>
      <trkpt lat="44.176315" lon="7.679442">
        <ele>2507.4</ele>
        <time>2026-07-25T08:47:11Z</time>
      </trkpt>
      <trkpt lat="44.176305" lon="7.679403">
        <ele>2506.4</ele>
        <time>2026-07-25T08:47:16Z</time>
      </trkpt>
      <trkpt lat="44.176303" lon="7.679396">
        <ele>2506.4</ele>
        <time>2026-07-25T08:47:17Z</time>
      </trkpt>
      <trkpt lat="44.176312" lon="7.679343">
        <ele>2507.0</ele>
        <time>2026-07-25T08:47:26Z</time>
      </trkpt>
      <trkpt lat="44.176334" lon="7.679303">
        <ele>2505.4</ele>
        <time>2026-07-25T08:47:31Z</time>
      </trkpt>
      <trkpt lat="44.176321" lon="7.679307">
        <ele>2505.4</ele>
        <time>2026-07-25T08:47:34Z</time>
      </trkpt>
      <trkpt lat="44.176317" lon="7.679305">
        <ele>2505.2</ele>
        <time>2026-07-25T08:47:35Z</time>
      </trkpt>
      <trkpt lat="44.17631" lon="7.679304">
        <ele>2505.0</ele>
        <time>2026-07-25T08:47:36Z</time>
      </trkpt>
      <trkpt lat="44.176282" lon="7.679295">
        <ele>2504.0</ele>
        <time>2026-07-25T08:47:41Z</time>
      </trkpt>
      <trkpt lat="44.176275" lon="7.679293">
        <ele>2503.0</ele>
        <time>2026-07-25T08:47:43Z</time>
      </trkpt>
      <trkpt lat="44.17627" lon="7.67929">
        <ele>2502.2</ele>
        <time>2026-07-25T08:47:45Z</time>
      </trkpt>
      <trkpt lat="44.176269" lon="7.679288">
        <ele>2502.0</ele>
        <time>2026-07-25T08:47:46Z</time>
      </trkpt>
      <trkpt lat="44.176257" lon="7.679268">
        <ele>2500.8</ele>
        <time>2026-07-25T08:47:52Z</time>
      </trkpt>
      <trkpt lat="44.176252" lon="7.679258">
        <ele>2500.6</ele>
        <time>2026-07-25T08:47:53Z</time>
      </trkpt>
      <trkpt lat="44.176234" lon="7.679216">
        <ele>2499.8</ele>
        <time>2026-07-25T08:47:58Z</time>
      </trkpt>
      <trkpt lat="44.176237" lon="7.679215">
        <ele>2499.6</ele>
        <time>2026-07-25T08:47:59Z</time>
      </trkpt>
      <trkpt lat="44.176245" lon="7.679197">
        <ele>2499.4</ele>
        <time>2026-07-25T08:48:09Z</time>
      </trkpt>
      <trkpt lat="44.176239" lon="7.67917">
        <ele>2498.6</ele>
        <time>2026-07-25T08:48:14Z</time>
      </trkpt>
      <trkpt lat="44.176245" lon="7.679156">
        <ele>2498.2</ele>
        <time>2026-07-25T08:48:17Z</time>
      </trkpt>
      <trkpt lat="44.176256" lon="7.67913">
        <ele>2497.8</ele>
        <time>2026-07-25T08:48:24Z</time>
      </trkpt>
      <trkpt lat="44.176258" lon="7.679127">
        <ele>2497.6</ele>
        <time>2026-07-25T08:48:25Z</time>
      </trkpt>
      <trkpt lat="44.176274" lon="7.679114">
        <ele>2496.6</ele>
        <time>2026-07-25T08:48:31Z</time>
      </trkpt>
      <trkpt lat="44.176283" lon="7.679113">
        <ele>2496.6</ele>
        <time>2026-07-25T08:48:32Z</time>
      </trkpt>
      <trkpt lat="44.176332" lon="7.679107">
        <ele>2497.0</ele>
        <time>2026-07-25T08:48:38Z</time>
      </trkpt>
      <trkpt lat="44.176351" lon="7.679101">
        <ele>2497.6</ele>
        <time>2026-07-25T08:48:41Z</time>
      </trkpt>
      <trkpt lat="44.176354" lon="7.679088">
        <ele>2498.2</ele>
        <time>2026-07-25T08:48:44Z</time>
      </trkpt>
      <trkpt lat="44.17639" lon="7.679047">
        <ele>2497.6</ele>
        <time>2026-07-25T08:48:51Z</time>
      </trkpt>
      <trkpt lat="44.176403" lon="7.679036">
        <ele>2497.6</ele>
        <time>2026-07-25T08:48:55Z</time>
      </trkpt>
      <trkpt lat="44.17642" lon="7.679021">
        <ele>2497.6</ele>
        <time>2026-07-25T08:48:59Z</time>
      </trkpt>
      <trkpt lat="44.176446" lon="7.678993">
        <ele>2497.2</ele>
        <time>2026-07-25T08:49:06Z</time>
      </trkpt>
      <trkpt lat="44.176479" lon="7.67897">
        <ele>2497.2</ele>
        <time>2026-07-25T08:49:11Z</time>
      </trkpt>
      <trkpt lat="44.176509" lon="7.678944">
        <ele>2497.0</ele>
        <time>2026-07-25T08:49:17Z</time>
      </trkpt>
      <trkpt lat="44.176522" lon="7.678918">
        <ele>2496.6</ele>
        <time>2026-07-25T08:49:20Z</time>
      </trkpt>
      <trkpt lat="44.176521" lon="7.678881">
        <ele>2495.6</ele>
        <time>2026-07-25T08:49:25Z</time>
      </trkpt>
      <trkpt lat="44.176518" lon="7.678883">
        <ele>2495.4</ele>
        <time>2026-07-25T08:49:26Z</time>
      </trkpt>
      <trkpt lat="44.176521" lon="7.678826">
        <ele>2494.4</ele>
        <time>2026-07-25T08:49:34Z</time>
      </trkpt>
      <trkpt lat="44.176526" lon="7.678812">
        <ele>2494.0</ele>
        <time>2026-07-25T08:49:36Z</time>
      </trkpt>
      <trkpt lat="44.176518" lon="7.678798">
        <ele>2493.4</ele>
        <time>2026-07-25T08:49:42Z</time>
      </trkpt>
      <trkpt lat="44.176513" lon="7.678797">
        <ele>2492.4</ele>
        <time>2026-07-25T08:49:44Z</time>
      </trkpt>
      <trkpt lat="44.176512" lon="7.678789">
        <ele>2492.0</ele>
        <time>2026-07-25T08:49:45Z</time>
      </trkpt>
      <trkpt lat="44.176508" lon="7.678773">
        <ele>2491.0</ele>
        <time>2026-07-25T08:49:51Z</time>
      </trkpt>
      <trkpt lat="44.176506" lon="7.678741">
        <ele>2491.0</ele>
        <time>2026-07-25T08:49:56Z</time>
      </trkpt>
      <trkpt lat="44.176495" lon="7.678729">
        <ele>2489.6</ele>
        <time>2026-07-25T08:49:59Z</time>
      </trkpt>
      <trkpt lat="44.176469" lon="7.678714">
        <ele>2488.6</ele>
        <time>2026-07-25T08:50:03Z</time>
      </trkpt>
      <trkpt lat="44.176449" lon="7.678703">
        <ele>2487.4</ele>
        <time>2026-07-25T08:50:06Z</time>
      </trkpt>
      <trkpt lat="44.176449" lon="7.678702">
        <ele>2487.0</ele>
        <time>2026-07-25T08:50:07Z</time>
      </trkpt>
      <trkpt lat="44.176449" lon="7.678684">
        <ele>2486.4</ele>
        <time>2026-07-25T08:50:14Z</time>
      </trkpt>
      <trkpt lat="44.176447" lon="7.678681">
        <ele>2486.2</ele>
        <time>2026-07-25T08:50:15Z</time>
      </trkpt>
      <trkpt lat="44.176453" lon="7.67865">
        <ele>2486.4</ele>
        <time>2026-07-25T08:50:23Z</time>
      </trkpt>
      <trkpt lat="44.176451" lon="7.678618">
        <ele>2485.2</ele>
        <time>2026-07-25T08:50:28Z</time>
      </trkpt>
      <trkpt lat="44.176448" lon="7.678609">
        <ele>2484.0</ele>
        <time>2026-07-25T08:50:30Z</time>
      </trkpt>
      <trkpt lat="44.176446" lon="7.678609">
        <ele>2483.4</ele>
        <time>2026-07-25T08:50:31Z</time>
      </trkpt>
      <trkpt lat="44.176443" lon="7.678606">
        <ele>2482.8</ele>
        <time>2026-07-25T08:50:32Z</time>
      </trkpt>
      <trkpt lat="44.176435" lon="7.678606">
        <ele>2481.6</ele>
        <time>2026-07-25T08:50:36Z</time>
      </trkpt>
      <trkpt lat="44.176434" lon="7.678606">
        <ele>2481.2</ele>
        <time>2026-07-25T08:50:37Z</time>
      </trkpt>
      <trkpt lat="44.176418" lon="7.678578">
        <ele>2480.4</ele>
        <time>2026-07-25T08:50:42Z</time>
      </trkpt>
      <trkpt lat="44.176409" lon="7.67857">
        <ele>2480.4</ele>
        <time>2026-07-25T08:50:44Z</time>
      </trkpt>
      <trkpt lat="44.176394" lon="7.678544">
        <ele>2479.4</ele>
        <time>2026-07-25T08:50:48Z</time>
      </trkpt>
      <trkpt lat="44.176381" lon="7.678527">
        <ele>2478.8</ele>
        <time>2026-07-25T08:50:52Z</time>
      </trkpt>
      <trkpt lat="44.176373" lon="7.678531">
        <ele>2478.2</ele>
        <time>2026-07-25T08:50:55Z</time>
      </trkpt>
      <trkpt lat="44.176352" lon="7.678528">
        <ele>2477.0</ele>
        <time>2026-07-25T08:50:58Z</time>
      </trkpt>
      <trkpt lat="44.176327" lon="7.678529">
        <ele>2476.2</ele>
        <time>2026-07-25T08:51:01Z</time>
      </trkpt>
      <trkpt lat="44.176327" lon="7.678531">
        <ele>2475.8</ele>
        <time>2026-07-25T08:51:02Z</time>
      </trkpt>
      <trkpt lat="44.176345" lon="7.67853">
        <ele>2475.0</ele>
        <time>2026-07-25T08:51:07Z</time>
      </trkpt>
      <trkpt lat="44.176352" lon="7.678521">
        <ele>2474.8</ele>
        <time>2026-07-25T08:51:08Z</time>
      </trkpt>
      <trkpt lat="44.176367" lon="7.678482">
        <ele>2474.2</ele>
        <time>2026-07-25T08:51:13Z</time>
      </trkpt>
      <trkpt lat="44.176366" lon="7.678471">
        <ele>2474.0</ele>
        <time>2026-07-25T08:51:15Z</time>
      </trkpt>
      <trkpt lat="44.176369" lon="7.678447">
        <ele>2473.8</ele>
        <time>2026-07-25T08:51:17Z</time>
      </trkpt>
      <trkpt lat="44.176372" lon="7.678398">
        <ele>2472.6</ele>
        <time>2026-07-25T08:51:22Z</time>
      </trkpt>
      <trkpt lat="44.176376" lon="7.678358">
        <ele>2471.6</ele>
        <time>2026-07-25T08:51:27Z</time>
      </trkpt>
      <trkpt lat="44.176393" lon="7.678346">
        <ele>2471.4</ele>
        <time>2026-07-25T08:51:31Z</time>
      </trkpt>
      <trkpt lat="44.176404" lon="7.678322">
        <ele>2471.6</ele>
        <time>2026-07-25T08:51:39Z</time>
      </trkpt>
      <trkpt lat="44.176411" lon="7.678308">
        <ele>2470.4</ele>
        <time>2026-07-25T08:51:41Z</time>
      </trkpt>
      <trkpt lat="44.176421" lon="7.67829">
        <ele>2469.2</ele>
        <time>2026-07-25T08:51:44Z</time>
      </trkpt>
      <trkpt lat="44.17643" lon="7.678258">
        <ele>2468.4</ele>
        <time>2026-07-25T08:51:47Z</time>
      </trkpt>
      <trkpt lat="44.176425" lon="7.67824">
        <ele>2468.0</ele>
        <time>2026-07-25T08:51:51Z</time>
      </trkpt>
      <trkpt lat="44.176423" lon="7.678233">
        <ele>2467.6</ele>
        <time>2026-07-25T08:51:53Z</time>
      </trkpt>
      <trkpt lat="44.176412" lon="7.678209">
        <ele>2467.6</ele>
        <time>2026-07-25T08:51:59Z</time>
      </trkpt>
      <trkpt lat="44.17641" lon="7.678199">
        <ele>2466.6</ele>
        <time>2026-07-25T08:52:01Z</time>
      </trkpt>
      <trkpt lat="44.176399" lon="7.678178">
        <ele>2465.6</ele>
        <time>2026-07-25T08:52:04Z</time>
      </trkpt>
      <trkpt lat="44.17639" lon="7.678162">
        <ele>2465.2</ele>
        <time>2026-07-25T08:52:07Z</time>
      </trkpt>
      <trkpt lat="44.176379" lon="7.678137">
        <ele>2464.4</ele>
        <time>2026-07-25T08:52:11Z</time>
      </trkpt>
      <trkpt lat="44.176364" lon="7.678105">
        <ele>2463.2</ele>
        <time>2026-07-25T08:52:15Z</time>
      </trkpt>
      <trkpt lat="44.176352" lon="7.678088">
        <ele>2462.2</ele>
        <time>2026-07-25T08:52:18Z</time>
      </trkpt>
      <trkpt lat="44.176341" lon="7.678058">
        <ele>2461.2</ele>
        <time>2026-07-25T08:52:23Z</time>
      </trkpt>
      <trkpt lat="44.176317" lon="7.67803">
        <ele>2460.2</ele>
        <time>2026-07-25T08:52:30Z</time>
      </trkpt>
      <trkpt lat="44.176313" lon="7.678019">
        <ele>2460.0</ele>
        <time>2026-07-25T08:52:31Z</time>
      </trkpt>
      <trkpt lat="44.176269" lon="7.677969">
        <ele>2458.8</ele>
        <time>2026-07-25T08:52:38Z</time>
      </trkpt>
      <trkpt lat="44.176236" lon="7.677943">
        <ele>2457.6</ele>
        <time>2026-07-25T08:52:42Z</time>
      </trkpt>
      <trkpt lat="44.176218" lon="7.677908">
        <ele>2456.4</ele>
        <time>2026-07-25T08:52:46Z</time>
      </trkpt>
      <trkpt lat="44.176212" lon="7.677901">
        <ele>2456.2</ele>
        <time>2026-07-25T08:52:47Z</time>
      </trkpt>
      <trkpt lat="44.176186" lon="7.677864">
        <ele>2455.8</ele>
        <time>2026-07-25T08:52:54Z</time>
      </trkpt>
      <trkpt lat="44.176179" lon="7.677848">
        <ele>2455.0</ele>
        <time>2026-07-25T08:52:56Z</time>
      </trkpt>
      <trkpt lat="44.17618" lon="7.677834">
        <ele>2453.8</ele>
        <time>2026-07-25T08:52:58Z</time>
      </trkpt>
      <trkpt lat="44.176184" lon="7.677824">
        <ele>2452.8</ele>
        <time>2026-07-25T08:53:00Z</time>
      </trkpt>
      <trkpt lat="44.176185" lon="7.677814">
        <ele>2452.4</ele>
        <time>2026-07-25T08:53:01Z</time>
      </trkpt>
      <trkpt lat="44.176185" lon="7.677808">
        <ele>2451.6</ele>
        <time>2026-07-25T08:53:03Z</time>
      </trkpt>
      <trkpt lat="44.176197" lon="7.677776">
        <ele>2450.8</ele>
        <time>2026-07-25T08:53:08Z</time>
      </trkpt>
      <trkpt lat="44.176206" lon="7.67777">
        <ele>2450.6</ele>
        <time>2026-07-25T08:53:10Z</time>
      </trkpt>
      <trkpt lat="44.176216" lon="7.677772">
        <ele>2450.6</ele>
        <time>2026-07-25T08:53:12Z</time>
      </trkpt>
      <trkpt lat="44.176223" lon="7.677778">
        <ele>2451.0</ele>
        <time>2026-07-25T08:53:15Z</time>
      </trkpt>
      <trkpt lat="44.176243" lon="7.677759">
        <ele>2450.6</ele>
        <time>2026-07-25T08:53:23Z</time>
      </trkpt>
      <trkpt lat="44.176241" lon="7.67773">
        <ele>2450.0</ele>
        <time>2026-07-25T08:53:35Z</time>
      </trkpt>
      <trkpt lat="44.17624" lon="7.677739">
        <ele>2449.6</ele>
        <time>2026-07-25T08:53:37Z</time>
      </trkpt>
      <trkpt lat="44.176237" lon="7.677733">
        <ele>2449.6</ele>
        <time>2026-07-25T08:53:42Z</time>
      </trkpt>
      <trkpt lat="44.176236" lon="7.677704">
        <ele>2448.6</ele>
        <time>2026-07-25T08:53:46Z</time>
      </trkpt>
      <trkpt lat="44.176227" lon="7.677699">
        <ele>2449.0</ele>
        <time>2026-07-25T08:53:48Z</time>
      </trkpt>
      <trkpt lat="44.176222" lon="7.677704">
        <ele>2449.8</ele>
        <time>2026-07-25T08:53:49Z</time>
      </trkpt>
      <trkpt lat="44.176215" lon="7.677706">
        <ele>2448.2</ele>
        <time>2026-07-25T08:53:52Z</time>
      </trkpt>
      <trkpt lat="44.176209" lon="7.677701">
        <ele>2447.0</ele>
        <time>2026-07-25T08:53:54Z</time>
      </trkpt>
      <trkpt lat="44.176206" lon="7.677704">
        <ele>2446.0</ele>
        <time>2026-07-25T08:53:56Z</time>
      </trkpt>
      <trkpt lat="44.176208" lon="7.677707">
        <ele>2445.6</ele>
        <time>2026-07-25T08:53:57Z</time>
      </trkpt>
      <trkpt lat="44.176227" lon="7.677695">
        <ele>2445.8</ele>
        <time>2026-07-25T08:54:04Z</time>
      </trkpt>
      <trkpt lat="44.176242" lon="7.677666">
        <ele>2444.6</ele>
        <time>2026-07-25T08:54:10Z</time>
      </trkpt>
      <trkpt lat="44.176241" lon="7.677666">
        <ele>2443.8</ele>
        <time>2026-07-25T08:54:12Z</time>
      </trkpt>
      <trkpt lat="44.17624" lon="7.677665">
        <ele>2443.4</ele>
        <time>2026-07-25T08:54:13Z</time>
      </trkpt>
      <trkpt lat="44.176255" lon="7.677674">
        <ele>2443.0</ele>
        <time>2026-07-25T08:54:23Z</time>
      </trkpt>
      <trkpt lat="44.176234" lon="7.677657">
        <ele>2443.4</ele>
        <time>2026-07-25T08:54:31Z</time>
      </trkpt>
      <trkpt lat="44.176195" lon="7.677707">
        <ele>2443.8</ele>
        <time>2026-07-25T08:54:40Z</time>
      </trkpt>
      <trkpt lat="44.176223" lon="7.677655">
        <ele>2443.6</ele>
        <time>2026-07-25T08:54:46Z</time>
      </trkpt>
      <trkpt lat="44.176251" lon="7.677581">
        <ele>2442.2</ele>
        <time>2026-07-25T08:54:52Z</time>
      </trkpt>
      <trkpt lat="44.17625" lon="7.677564">
        <ele>2441.8</ele>
        <time>2026-07-25T08:54:53Z</time>
      </trkpt>
      <trkpt lat="44.176253" lon="7.677518">
        <ele>2441.2</ele>
        <time>2026-07-25T08:54:56Z</time>
      </trkpt>
      <trkpt lat="44.176273" lon="7.677411">
        <ele>2442.2</ele>
        <time>2026-07-25T08:55:03Z</time>
      </trkpt>
      <trkpt lat="44.176291" lon="7.677387">
        <ele>2443.2</ele>
        <time>2026-07-25T08:55:06Z</time>
      </trkpt>
      <trkpt lat="44.176306" lon="7.677364">
        <ele>2444.4</ele>
        <time>2026-07-25T08:55:10Z</time>
      </trkpt>
      <trkpt lat="44.176309" lon="7.677359">
        <ele>2444.4</ele>
        <time>2026-07-25T08:55:11Z</time>
      </trkpt>
      <trkpt lat="44.176321" lon="7.677326">
        <ele>2445.4</ele>
        <time>2026-07-25T08:55:17Z</time>
      </trkpt>
      <trkpt lat="44.176324" lon="7.677281">
        <ele>2446.2</ele>
        <time>2026-07-25T08:55:22Z</time>
      </trkpt>
      <trkpt lat="44.176322" lon="7.677264">
        <ele>2446.6</ele>
        <time>2026-07-25T08:55:24Z</time>
      </trkpt>
      <trkpt lat="44.176333" lon="7.677235">
        <ele>2447.6</ele>
        <time>2026-07-25T08:55:28Z</time>
      </trkpt>
      <trkpt lat="44.176342" lon="7.677223">
        <ele>2448.0</ele>
        <time>2026-07-25T08:55:30Z</time>
      </trkpt>
      <trkpt lat="44.176349" lon="7.677217">
        <ele>2448.8</ele>
        <time>2026-07-25T08:55:33Z</time>
      </trkpt>
      <trkpt lat="44.176361" lon="7.677201">
        <ele>2449.4</ele>
        <time>2026-07-25T08:55:38Z</time>
      </trkpt>
      <trkpt lat="44.176363" lon="7.677187">
        <ele>2449.8</ele>
        <time>2026-07-25T08:55:40Z</time>
      </trkpt>
      <trkpt lat="44.176386" lon="7.677157">
        <ele>2450.8</ele>
        <time>2026-07-25T08:55:46Z</time>
      </trkpt>
      <trkpt lat="44.176391" lon="7.677146">
        <ele>2451.0</ele>
        <time>2026-07-25T08:55:48Z</time>
      </trkpt>
      <trkpt lat="44.17642" lon="7.677101">
        <ele>2452.2</ele>
        <time>2026-07-25T08:55:53Z</time>
      </trkpt>
      <trkpt lat="44.176426" lon="7.677092">
        <ele>2452.6</ele>
        <time>2026-07-25T08:55:54Z</time>
      </trkpt>
      <trkpt lat="44.176459" lon="7.677029">
        <ele>2452.6</ele>
        <time>2026-07-25T08:56:00Z</time>
      </trkpt>
      <trkpt lat="44.176504" lon="7.676955">
        <ele>2452.8</ele>
        <time>2026-07-25T08:56:07Z</time>
      </trkpt>
      <trkpt lat="44.176537" lon="7.676919">
        <ele>2453.2</ele>
        <time>2026-07-25T08:56:11Z</time>
      </trkpt>
      <trkpt lat="44.176565" lon="7.676877">
        <ele>2453.4</ele>
        <time>2026-07-25T08:56:15Z</time>
      </trkpt>
      <trkpt lat="44.176611" lon="7.676819">
        <ele>2453.6</ele>
        <time>2026-07-25T08:56:23Z</time>
      </trkpt>
      <trkpt lat="44.176605" lon="7.676843">
        <ele>2453.4</ele>
        <time>2026-07-25T08:56:34Z</time>
      </trkpt>
      <trkpt lat="44.17661" lon="7.676847">
        <ele>2453.2</ele>
        <time>2026-07-25T08:56:36Z</time>
      </trkpt>
      <trkpt lat="44.176594" lon="7.676818">
        <ele>2453.0</ele>
        <time>2026-07-25T08:56:45Z</time>
      </trkpt>
      <trkpt lat="44.176603" lon="7.676825">
        <ele>2454.4</ele>
        <time>2026-07-25T08:56:50Z</time>
      </trkpt>
      <trkpt lat="44.176619" lon="7.67685">
        <ele>2452.4</ele>
        <time>2026-07-25T08:56:54Z</time>
      </trkpt>
      <trkpt lat="44.176623" lon="7.67686">
        <ele>2452.2</ele>
        <time>2026-07-25T08:56:55Z</time>
      </trkpt>
      <trkpt lat="44.176621" lon="7.67688">
        <ele>2452.8</ele>
        <time>2026-07-25T08:57:02Z</time>
      </trkpt>
      <trkpt lat="44.176615" lon="7.676869">
        <ele>2452.8</ele>
        <time>2026-07-25T08:57:03Z</time>
      </trkpt>
      <trkpt lat="44.176613" lon="7.676865">
        <ele>2453.0</ele>
        <time>2026-07-25T08:57:04Z</time>
      </trkpt>
      <trkpt lat="44.17661" lon="7.67686">
        <ele>2453.0</ele>
        <time>2026-07-25T08:57:05Z</time>
      </trkpt>
      <trkpt lat="44.176618" lon="7.67682">
        <ele>2453.2</ele>
        <time>2026-07-25T08:57:16Z</time>
      </trkpt>
      <trkpt lat="44.176603" lon="7.676833">
        <ele>2453.4</ele>
        <time>2026-07-25T08:57:24Z</time>
      </trkpt>
      <trkpt lat="44.176602" lon="7.676839">
        <ele>2453.6</ele>
        <time>2026-07-25T08:57:25Z</time>
      </trkpt>
      <trkpt lat="44.176603" lon="7.676837">
        <ele>2453.6</ele>
        <time>2026-07-25T08:57:29Z</time>
      </trkpt>
      <trkpt lat="44.176635" lon="7.676851">
        <ele>2453.8</ele>
        <time>2026-07-25T08:57:40Z</time>
      </trkpt>
      <trkpt lat="44.17664" lon="7.676847">
        <ele>2453.6</ele>
        <time>2026-07-25T08:57:44Z</time>
      </trkpt>
      <trkpt lat="44.176636" lon="7.676842">
        <ele>2453.4</ele>
        <time>2026-07-25T08:57:45Z</time>
      </trkpt>
      <trkpt lat="44.17662" lon="7.676827">
        <ele>2453.4</ele>
        <time>2026-07-25T08:57:49Z</time>
      </trkpt>
      <trkpt lat="44.176604" lon="7.676832">
        <ele>2453.0</ele>
        <time>2026-07-25T08:57:58Z</time>
      </trkpt>
      <trkpt lat="44.176609" lon="7.676842">
        <ele>2453.0</ele>
        <time>2026-07-25T08:57:59Z</time>
      </trkpt>
      <trkpt lat="44.176608" lon="7.676845">
        <ele>2453.2</ele>
        <time>2026-07-25T08:58:02Z</time>
      </trkpt>
      <trkpt lat="44.176607" lon="7.676883">
        <ele>2453.2</ele>
        <time>2026-07-25T08:58:06Z</time>
      </trkpt>
      <trkpt lat="44.176604" lon="7.676898">
        <ele>2453.4</ele>
        <time>2026-07-25T08:58:10Z</time>
      </trkpt>
      <trkpt lat="44.176591" lon="7.676925">
        <ele>2453.4</ele>
        <time>2026-07-25T08:58:21Z</time>
      </trkpt>
      <trkpt lat="44.176594" lon="7.676927">
        <ele>2453.8</ele>
        <time>2026-07-25T08:58:23Z</time>
      </trkpt>
      <trkpt lat="44.176604" lon="7.676939">
        <ele>2453.8</ele>
        <time>2026-07-25T08:58:28Z</time>
      </trkpt>
      <trkpt lat="44.176603" lon="7.676904">
        <ele>2453.6</ele>
        <time>2026-07-25T08:58:33Z</time>
      </trkpt>
      <trkpt lat="44.176594" lon="7.676845">
        <ele>2453.8</ele>
        <time>2026-07-25T08:58:43Z</time>
      </trkpt>
      <trkpt lat="44.176607" lon="7.676808">
        <ele>2453.8</ele>
        <time>2026-07-25T08:58:56Z</time>
      </trkpt>
      <trkpt lat="44.176596" lon="7.676834">
        <ele>2453.6</ele>
        <time>2026-07-25T08:59:04Z</time>
      </trkpt>
      <trkpt lat="44.176606" lon="7.676861">
        <ele>2453.0</ele>
        <time>2026-07-25T08:59:15Z</time>
      </trkpt>
      <trkpt lat="44.176609" lon="7.67685">
        <ele>2452.2</ele>
        <time>2026-07-25T08:59:24Z</time>
      </trkpt>
      <trkpt lat="44.176592" lon="7.676828">
        <ele>2454.8</ele>
        <time>2026-07-25T08:59:33Z</time>
      </trkpt>
      <trkpt lat="44.176592" lon="7.676827">
        <ele>2457.2</ele>
        <time>2026-07-25T08:59:34Z</time>
      </trkpt>
      <trkpt lat="44.1766" lon="7.676817">
        <ele>2456.6</ele>
        <time>2026-07-25T08:59:41Z</time>
      </trkpt>
      <trkpt lat="44.176611" lon="7.676814">
        <ele>2455.8</ele>
        <time>2026-07-25T08:59:45Z</time>
      </trkpt>
      <trkpt lat="44.176617" lon="7.676806">
        <ele>2455.6</ele>
        <time>2026-07-25T08:59:46Z</time>
      </trkpt>
      <trkpt lat="44.176623" lon="7.676788">
        <ele>2452.2</ele>
        <time>2026-07-25T08:59:48Z</time>
      </trkpt>
      <trkpt lat="44.17665" lon="7.676743">
        <ele>2453.0</ele>
        <time>2026-07-25T08:59:52Z</time>
      </trkpt>
      <trkpt lat="44.176665" lon="7.67672">
        <ele>2453.4</ele>
        <time>2026-07-25T08:59:54Z</time>
      </trkpt>
      <trkpt lat="44.176703" lon="7.676644">
        <ele>2453.2</ele>
        <time>2026-07-25T09:00:00Z</time>
      </trkpt>
      <trkpt lat="44.176719" lon="7.676606">
        <ele>2452.2</ele>
        <time>2026-07-25T09:00:03Z</time>
      </trkpt>
      <trkpt lat="44.176737" lon="7.676539">
        <ele>2453.4</ele>
        <time>2026-07-25T09:00:09Z</time>
      </trkpt>
      <trkpt lat="44.17676" lon="7.67644">
        <ele>2452.4</ele>
        <time>2026-07-25T09:00:16Z</time>
      </trkpt>
      <trkpt lat="44.176768" lon="7.676428">
        <ele>2452.4</ele>
        <time>2026-07-25T09:00:17Z</time>
      </trkpt>
      <trkpt lat="44.176776" lon="7.676413">
        <ele>2452.2</ele>
        <time>2026-07-25T09:00:18Z</time>
      </trkpt>
      <trkpt lat="44.17683" lon="7.676295">
        <ele>2452.4</ele>
        <time>2026-07-25T09:00:26Z</time>
      </trkpt>
      <trkpt lat="44.176844" lon="7.676258">
        <ele>2453.4</ele>
        <time>2026-07-25T09:00:29Z</time>
      </trkpt>
      <trkpt lat="44.176868" lon="7.676212">
        <ele>2453.6</ele>
        <time>2026-07-25T09:00:33Z</time>
      </trkpt>
      <trkpt lat="44.17691" lon="7.676127">
        <ele>2454.4</ele>
        <time>2026-07-25T09:00:43Z</time>
      </trkpt>
      <trkpt lat="44.176914" lon="7.676114">
        <ele>2454.6</ele>
        <time>2026-07-25T09:00:44Z</time>
      </trkpt>
      <trkpt lat="44.176953" lon="7.675996">
        <ele>2455.0</ele>
        <time>2026-07-25T09:00:52Z</time>
      </trkpt>
      <trkpt lat="44.176965" lon="7.675979">
        <ele>2455.6</ele>
        <time>2026-07-25T09:00:55Z</time>
      </trkpt>
      <trkpt lat="44.176977" lon="7.67596">
        <ele>2456.0</ele>
        <time>2026-07-25T09:00:58Z</time>
      </trkpt>
      <trkpt lat="44.176988" lon="7.675906">
        <ele>2456.4</ele>
        <time>2026-07-25T09:01:05Z</time>
      </trkpt>
      <trkpt lat="44.176982" lon="7.675922">
        <ele>2456.8</ele>
        <time>2026-07-25T09:01:07Z</time>
      </trkpt>
      <trkpt lat="44.176976" lon="7.675931">
        <ele>2457.2</ele>
        <time>2026-07-25T09:01:09Z</time>
      </trkpt>
      <trkpt lat="44.176975" lon="7.675934">
        <ele>2459.2</ele>
        <time>2026-07-25T09:01:10Z</time>
      </trkpt>
      <trkpt lat="44.176974" lon="7.675938">
        <ele>2460.8</ele>
        <time>2026-07-25T09:01:11Z</time>
      </trkpt>
      <trkpt lat="44.176975" lon="7.675936">
        <ele>2460.8</ele>
        <time>2026-07-25T09:01:12Z</time>
      </trkpt>
      <trkpt lat="44.176981" lon="7.675935">
        <ele>2458.0</ele>
        <time>2026-07-25T09:01:16Z</time>
      </trkpt>
      <trkpt lat="44.176984" lon="7.675931">
        <ele>2456.6</ele>
        <time>2026-07-25T09:01:18Z</time>
      </trkpt>
      <trkpt lat="44.176987" lon="7.675927">
        <ele>2455.2</ele>
        <time>2026-07-25T09:01:20Z</time>
      </trkpt>
      <trkpt lat="44.176987" lon="7.675927">
        <ele>2455.2</ele>
        <time>2026-07-25T09:01:21Z</time>
      </trkpt>
      <trkpt lat="44.176977" lon="7.675937">
        <ele>2456.4</ele>
        <time>2026-07-25T09:01:27Z</time>
      </trkpt>
      <trkpt lat="44.176988" lon="7.67592">
        <ele>2456.2</ele>
        <time>2026-07-25T09:01:30Z</time>
      </trkpt>
      <trkpt lat="44.17701" lon="7.675876">
        <ele>2455.6</ele>
        <time>2026-07-25T09:01:36Z</time>
      </trkpt>
      <trkpt lat="44.177006" lon="7.675873">
        <ele>2455.6</ele>
        <time>2026-07-25T09:01:37Z</time>
      </trkpt>
      <trkpt lat="44.176995" lon="7.675863">
        <ele>2455.2</ele>
        <time>2026-07-25T09:01:39Z</time>
      </trkpt>
      <trkpt lat="44.176978" lon="7.675816">
        <ele>2456.2</ele>
        <time>2026-07-25T09:01:45Z</time>
      </trkpt>
      <trkpt lat="44.17698" lon="7.675827">
        <ele>2456.6</ele>
        <time>2026-07-25T09:01:47Z</time>
      </trkpt>
      <trkpt lat="44.176989" lon="7.67582">
        <ele>2454.6</ele>
        <time>2026-07-25T09:01:52Z</time>
      </trkpt>
      <trkpt lat="44.176993" lon="7.675815">
        <ele>2454.6</ele>
        <time>2026-07-25T09:01:55Z</time>
      </trkpt>
      <trkpt lat="44.176991" lon="7.675809">
        <ele>2455.4</ele>
        <time>2026-07-25T09:01:57Z</time>
      </trkpt>
      <trkpt lat="44.176989" lon="7.675802">
        <ele>2455.8</ele>
        <time>2026-07-25T09:01:59Z</time>
      </trkpt>
      <trkpt lat="44.17699" lon="7.675792">
        <ele>2457.0</ele>
        <time>2026-07-25T09:02:02Z</time>
      </trkpt>
      <trkpt lat="44.17699" lon="7.67579">
        <ele>2457.2</ele>
        <time>2026-07-25T09:02:03Z</time>
      </trkpt>
      <trkpt lat="44.176986" lon="7.675786">
        <ele>2457.4</ele>
        <time>2026-07-25T09:02:12Z</time>
      </trkpt>
      <trkpt lat="44.177001" lon="7.675784">
        <ele>2456.2</ele>
        <time>2026-07-25T09:02:21Z</time>
      </trkpt>
      <trkpt lat="44.176993" lon="7.675789">
        <ele>2456.0</ele>
        <time>2026-07-25T09:02:23Z</time>
      </trkpt>
      <trkpt lat="44.176997" lon="7.675788">
        <ele>2456.2</ele>
        <time>2026-07-25T09:02:25Z</time>
      </trkpt>
      <trkpt lat="44.17699" lon="7.675791">
        <ele>2456.4</ele>
        <time>2026-07-25T09:02:30Z</time>
      </trkpt>
      <trkpt lat="44.176954" lon="7.675815">
        <ele>2456.6</ele>
        <time>2026-07-25T09:02:40Z</time>
      </trkpt>
      <trkpt lat="44.17698" lon="7.675809">
        <ele>2456.8</ele>
        <time>2026-07-25T09:02:49Z</time>
      </trkpt>
      <trkpt lat="44.176987" lon="7.675813">
        <ele>2456.8</ele>
        <time>2026-07-25T09:03:01Z</time>
      </trkpt>
      <trkpt lat="44.176974" lon="7.675828">
        <ele>2456.6</ele>
        <time>2026-07-25T09:03:09Z</time>
      </trkpt>
      <trkpt lat="44.176981" lon="7.675874">
        <ele>2456.4</ele>
        <time>2026-07-25T09:03:17Z</time>
      </trkpt>
      <trkpt lat="44.176997" lon="7.675815">
        <ele>2455.8</ele>
        <time>2026-07-25T09:03:24Z</time>
      </trkpt>
      <trkpt lat="44.177002" lon="7.675791">
        <ele>2456.4</ele>
        <time>2026-07-25T09:03:31Z</time>
      </trkpt>
      <trkpt lat="44.177005" lon="7.675809">
        <ele>2454.2</ele>
        <time>2026-07-25T09:03:36Z</time>
      </trkpt>
      <trkpt lat="44.177019" lon="7.675831">
        <ele>2455.0</ele>
        <time>2026-07-25T09:03:41Z</time>
      </trkpt>
      <trkpt lat="44.177018" lon="7.675828">
        <ele>2455.4</ele>
        <time>2026-07-25T09:03:42Z</time>
      </trkpt>
      <trkpt lat="44.177006" lon="7.675812">
        <ele>2456.6</ele>
        <time>2026-07-25T09:03:46Z</time>
      </trkpt>
      <trkpt lat="44.177005" lon="7.675809">
        <ele>2456.0</ele>
        <time>2026-07-25T09:03:50Z</time>
      </trkpt>
      <trkpt lat="44.177003" lon="7.675806">
        <ele>2455.4</ele>
        <time>2026-07-25T09:03:52Z</time>
      </trkpt>
      <trkpt lat="44.176998" lon="7.675811">
        <ele>2456.0</ele>
        <time>2026-07-25T09:03:58Z</time>
      </trkpt>
      <trkpt lat="44.176997" lon="7.675817">
        <ele>2456.0</ele>
        <time>2026-07-25T09:04:03Z</time>
      </trkpt>
      <trkpt lat="44.176995" lon="7.675817">
        <ele>2456.4</ele>
        <time>2026-07-25T09:04:06Z</time>
      </trkpt>
      <trkpt lat="44.176982" lon="7.675789">
        <ele>2457.0</ele>
        <time>2026-07-25T09:04:11Z</time>
      </trkpt>
      <trkpt lat="44.176974" lon="7.675779">
        <ele>2457.6</ele>
        <time>2026-07-25T09:04:15Z</time>
      </trkpt>
      <trkpt lat="44.176977" lon="7.67577">
        <ele>2457.4</ele>
        <time>2026-07-25T09:04:21Z</time>
      </trkpt>
      <trkpt lat="44.176989" lon="7.675771">
        <ele>2458.8</ele>
        <time>2026-07-25T09:04:25Z</time>
      </trkpt>
      <trkpt lat="44.177002" lon="7.675751">
        <ele>2458.8</ele>
        <time>2026-07-25T09:04:30Z</time>
      </trkpt>
      <trkpt lat="44.177003" lon="7.675732">
        <ele>2459.2</ele>
        <time>2026-07-25T09:04:40Z</time>
      </trkpt>
      <trkpt lat="44.176999" lon="7.675742">
        <ele>2459.2</ele>
        <time>2026-07-25T09:04:42Z</time>
      </trkpt>
      <trkpt lat="44.177006" lon="7.675759">
        <ele>2459.6</ele>
        <time>2026-07-25T09:04:53Z</time>
      </trkpt>
      <trkpt lat="44.17698" lon="7.675791">
        <ele>2459.6</ele>
        <time>2026-07-25T09:05:02Z</time>
      </trkpt>
      <trkpt lat="44.176986" lon="7.675769">
        <ele>2460.0</ele>
        <time>2026-07-25T09:05:07Z</time>
      </trkpt>
      <trkpt lat="44.176964" lon="7.675751">
        <ele>2460.4</ele>
        <time>2026-07-25T09:05:11Z</time>
      </trkpt>
      <trkpt lat="44.176987" lon="7.67577">
        <ele>2459.8</ele>
        <time>2026-07-25T09:05:19Z</time>
      </trkpt>
      <trkpt lat="44.177" lon="7.675732">
        <ele>2461.2</ele>
        <time>2026-07-25T09:05:25Z</time>
      </trkpt>
      <trkpt lat="44.177015" lon="7.675705">
        <ele>2461.8</ele>
        <time>2026-07-25T09:05:29Z</time>
      </trkpt>
      <trkpt lat="44.176996" lon="7.675702">
        <ele>2462.2</ele>
        <time>2026-07-25T09:05:34Z</time>
      </trkpt>
      <trkpt lat="44.176993" lon="7.675727">
        <ele>2462.6</ele>
        <time>2026-07-25T09:05:36Z</time>
      </trkpt>
      <trkpt lat="44.177023" lon="7.675721">
        <ele>2462.2</ele>
        <time>2026-07-25T09:05:44Z</time>
      </trkpt>
      <trkpt lat="44.177027" lon="7.675723">
        <ele>2462.2</ele>
        <time>2026-07-25T09:05:45Z</time>
      </trkpt>
      <trkpt lat="44.177016" lon="7.675731">
        <ele>2462.8</ele>
        <time>2026-07-25T09:05:56Z</time>
      </trkpt>
      <trkpt lat="44.177017" lon="7.675731">
        <ele>2462.8</ele>
        <time>2026-07-25T09:05:57Z</time>
      </trkpt>
      <trkpt lat="44.177015" lon="7.675729">
        <ele>2462.6</ele>
        <time>2026-07-25T09:05:59Z</time>
      </trkpt>
      <trkpt lat="44.176983" lon="7.675726">
        <ele>2463.4</ele>
        <time>2026-07-25T09:06:07Z</time>
      </trkpt>
      <trkpt lat="44.176989" lon="7.675713">
        <ele>2464.0</ele>
        <time>2026-07-25T09:06:15Z</time>
      </trkpt>
      <trkpt lat="44.176977" lon="7.675719">
        <ele>2462.0</ele>
        <time>2026-07-25T09:06:19Z</time>
      </trkpt>
      <trkpt lat="44.176969" lon="7.675717">
        <ele>2461.0</ele>
        <time>2026-07-25T09:06:22Z</time>
      </trkpt>
      <trkpt lat="44.176972" lon="7.675718">
        <ele>2460.6</ele>
        <time>2026-07-25T09:06:23Z</time>
      </trkpt>
      <trkpt lat="44.176971" lon="7.675715">
        <ele>2460.0</ele>
        <time>2026-07-25T09:06:25Z</time>
      </trkpt>
      <trkpt lat="44.176967" lon="7.675676">
        <ele>2458.8</ele>
        <time>2026-07-25T09:06:30Z</time>
      </trkpt>
      <trkpt lat="44.176946" lon="7.675643">
        <ele>2457.8</ele>
        <time>2026-07-25T09:06:34Z</time>
      </trkpt>
      <trkpt lat="44.17693" lon="7.675629">
        <ele>2457.6</ele>
        <time>2026-07-25T09:06:39Z</time>
      </trkpt>
      <trkpt lat="44.176928" lon="7.67562">
        <ele>2456.4</ele>
        <time>2026-07-25T09:06:42Z</time>
      </trkpt>
      <trkpt lat="44.176934" lon="7.675606">
        <ele>2455.2</ele>
        <time>2026-07-25T09:06:45Z</time>
      </trkpt>
      <trkpt lat="44.176947" lon="7.675602">
        <ele>2455.4</ele>
        <time>2026-07-25T09:06:50Z</time>
      </trkpt>
      <trkpt lat="44.17696" lon="7.675598">
        <ele>2455.8</ele>
        <time>2026-07-25T09:07:01Z</time>
      </trkpt>
      <trkpt lat="44.176976" lon="7.675624">
        <ele>2455.6</ele>
        <time>2026-07-25T09:07:10Z</time>
      </trkpt>
      <trkpt lat="44.176975" lon="7.675599">
        <ele>2455.6</ele>
        <time>2026-07-25T09:07:19Z</time>
      </trkpt>
      <trkpt lat="44.17695" lon="7.675579">
        <ele>2455.8</ele>
        <time>2026-07-25T09:07:27Z</time>
      </trkpt>
      <trkpt lat="44.176948" lon="7.675582">
        <ele>2455.8</ele>
        <time>2026-07-25T09:07:28Z</time>
      </trkpt>
      <trkpt lat="44.176935" lon="7.675568">
        <ele>2455.2</ele>
        <time>2026-07-25T09:07:35Z</time>
      </trkpt>
      <trkpt lat="44.176932" lon="7.67556">
        <ele>2455.2</ele>
        <time>2026-07-25T09:07:37Z</time>
      </trkpt>
      <trkpt lat="44.17695" lon="7.67555">
        <ele>2455.2</ele>
        <time>2026-07-25T09:07:45Z</time>
      </trkpt>
      <trkpt lat="44.176944" lon="7.675557">
        <ele>2455.8</ele>
        <time>2026-07-25T09:07:54Z</time>
      </trkpt>
      <trkpt lat="44.176958" lon="7.675554">
        <ele>2455.6</ele>
        <time>2026-07-25T09:08:03Z</time>
      </trkpt>
      <trkpt lat="44.17696" lon="7.675567">
        <ele>2455.4</ele>
        <time>2026-07-25T09:08:12Z</time>
      </trkpt>
      <trkpt lat="44.176962" lon="7.675567">
        <ele>2455.6</ele>
        <time>2026-07-25T09:08:20Z</time>
      </trkpt>
      <trkpt lat="44.176944" lon="7.67557">
        <ele>2455.8</ele>
        <time>2026-07-25T09:08:33Z</time>
      </trkpt>
      <trkpt lat="44.176929" lon="7.675553">
        <ele>2456.0</ele>
        <time>2026-07-25T09:08:41Z</time>
      </trkpt>
      <trkpt lat="44.176899" lon="7.675557">
        <ele>2456.2</ele>
        <time>2026-07-25T09:08:47Z</time>
      </trkpt>
      <trkpt lat="44.176902" lon="7.675536">
        <ele>2456.2</ele>
        <time>2026-07-25T09:08:49Z</time>
      </trkpt>
      <trkpt lat="44.176934" lon="7.675556">
        <ele>2456.6</ele>
        <time>2026-07-25T09:08:56Z</time>
      </trkpt>
      <trkpt lat="44.176923" lon="7.6756">
        <ele>2456.8</ele>
        <time>2026-07-25T09:09:03Z</time>
      </trkpt>
      <trkpt lat="44.176937" lon="7.67559">
        <ele>2456.6</ele>
        <time>2026-07-25T09:09:11Z</time>
      </trkpt>
      <trkpt lat="44.176963" lon="7.675516">
        <ele>2456.2</ele>
        <time>2026-07-25T09:09:19Z</time>
      </trkpt>
      <trkpt lat="44.176959" lon="7.675525">
        <ele>2456.0</ele>
        <time>2026-07-25T09:09:20Z</time>
      </trkpt>
      <trkpt lat="44.176966" lon="7.675515">
        <ele>2455.8</ele>
        <time>2026-07-25T09:09:26Z</time>
      </trkpt>
      <trkpt lat="44.176968" lon="7.675532">
        <ele>2456.0</ele>
        <time>2026-07-25T09:09:33Z</time>
      </trkpt>
      <trkpt lat="44.17696" lon="7.675542">
        <ele>2456.0</ele>
        <time>2026-07-25T09:09:35Z</time>
      </trkpt>
      <trkpt lat="44.176939" lon="7.675555">
        <ele>2456.4</ele>
        <time>2026-07-25T09:09:43Z</time>
      </trkpt>
      <trkpt lat="44.176937" lon="7.675555">
        <ele>2456.2</ele>
        <time>2026-07-25T09:09:50Z</time>
      </trkpt>
      <trkpt lat="44.176936" lon="7.675532">
        <ele>2455.8</ele>
        <time>2026-07-25T09:09:56Z</time>
      </trkpt>
      <trkpt lat="44.17694" lon="7.675508">
        <ele>2455.2</ele>
        <time>2026-07-25T09:10:02Z</time>
      </trkpt>
      <trkpt lat="44.176938" lon="7.675504">
        <ele>2455.2</ele>
        <time>2026-07-25T09:10:12Z</time>
      </trkpt>
      <trkpt lat="44.176937" lon="7.675502">
        <ele>2455.2</ele>
        <time>2026-07-25T09:10:13Z</time>
      </trkpt>
      <trkpt lat="44.176936" lon="7.675494">
        <ele>2455.0</ele>
        <time>2026-07-25T09:10:17Z</time>
      </trkpt>
      <trkpt lat="44.176938" lon="7.675499">
        <ele>2455.0</ele>
        <time>2026-07-25T09:10:18Z</time>
      </trkpt>
      <trkpt lat="44.176935" lon="7.675556">
        <ele>2455.0</ele>
        <time>2026-07-25T09:10:22Z</time>
      </trkpt>
      <trkpt lat="44.176939" lon="7.675591">
        <ele>2455.2</ele>
        <time>2026-07-25T09:10:26Z</time>
      </trkpt>
      <trkpt lat="44.176945" lon="7.675593">
        <ele>2455.0</ele>
        <time>2026-07-25T09:10:33Z</time>
      </trkpt>
      <trkpt lat="44.176944" lon="7.675593">
        <ele>2455.0</ele>
        <time>2026-07-25T09:10:44Z</time>
      </trkpt>
      <trkpt lat="44.176944" lon="7.675569">
        <ele>2455.4</ele>
        <time>2026-07-25T09:10:52Z</time>
      </trkpt>
      <trkpt lat="44.176948" lon="7.675541">
        <ele>2454.0</ele>
        <time>2026-07-25T09:10:57Z</time>
      </trkpt>
      <trkpt lat="44.176966" lon="7.675546">
        <ele>2453.2</ele>
        <time>2026-07-25T09:11:00Z</time>
      </trkpt>
      <trkpt lat="44.176978" lon="7.675534">
        <ele>2453.0</ele>
        <time>2026-07-25T09:11:05Z</time>
      </trkpt>
      <trkpt lat="44.176989" lon="7.675505">
        <ele>2453.4</ele>
        <time>2026-07-25T09:11:11Z</time>
      </trkpt>
      <trkpt lat="44.177027" lon="7.675424">
        <ele>2453.8</ele>
        <time>2026-07-25T09:11:21Z</time>
      </trkpt>
      <trkpt lat="44.177031" lon="7.675325">
        <ele>2453.2</ele>
        <time>2026-07-25T09:11:32Z</time>
      </trkpt>
      <trkpt lat="44.177005" lon="7.675409">
        <ele>2453.6</ele>
        <time>2026-07-25T09:11:42Z</time>
      </trkpt>
      <trkpt lat="44.176955" lon="7.67561">
        <ele>2453.4</ele>
        <time>2026-07-25T09:11:53Z</time>
      </trkpt>
      <trkpt lat="44.176928" lon="7.675686">
        <ele>2452.8</ele>
        <time>2026-07-25T09:12:01Z</time>
      </trkpt>
      <trkpt lat="44.176939" lon="7.675637">
        <ele>2453.4</ele>
        <time>2026-07-25T09:12:07Z</time>
      </trkpt>
      <trkpt lat="44.176944" lon="7.675574">
        <ele>2453.8</ele>
        <time>2026-07-25T09:12:15Z</time>
      </trkpt>
      <trkpt lat="44.176946" lon="7.675564">
        <ele>2454.0</ele>
        <time>2026-07-25T09:12:17Z</time>
      </trkpt>
      <trkpt lat="44.176944" lon="7.675547">
        <ele>2454.0</ele>
        <time>2026-07-25T09:12:23Z</time>
      </trkpt>
      <trkpt lat="44.176943" lon="7.675553">
        <ele>2454.0</ele>
        <time>2026-07-25T09:12:24Z</time>
      </trkpt>
      <trkpt lat="44.176929" lon="7.675559">
        <ele>2454.4</ele>
        <time>2026-07-25T09:12:29Z</time>
      </trkpt>
      <trkpt lat="44.176928" lon="7.675568">
        <ele>2453.8</ele>
        <time>2026-07-25T09:12:35Z</time>
      </trkpt>
      <trkpt lat="44.176932" lon="7.675604">
        <ele>2454.0</ele>
        <time>2026-07-25T09:12:41Z</time>
      </trkpt>
      <trkpt lat="44.176933" lon="7.675604">
        <ele>2454.0</ele>
        <time>2026-07-25T09:12:44Z</time>
      </trkpt>
      <trkpt lat="44.176944" lon="7.675614">
        <ele>2454.0</ele>
        <time>2026-07-25T09:12:47Z</time>
      </trkpt>
      <trkpt lat="44.176959" lon="7.675619">
        <ele>2453.2</ele>
        <time>2026-07-25T09:12:53Z</time>
      </trkpt>
      <trkpt lat="44.176963" lon="7.675618">
        <ele>2453.0</ele>
        <time>2026-07-25T09:12:54Z</time>
      </trkpt>
      <trkpt lat="44.176959" lon="7.675594">
        <ele>2453.0</ele>
        <time>2026-07-25T09:12:58Z</time>
      </trkpt>
      <trkpt lat="44.176975" lon="7.675573">
        <ele>2453.0</ele>
        <time>2026-07-25T09:13:00Z</time>
      </trkpt>
      <trkpt lat="44.176981" lon="7.675581">
        <ele>2453.0</ele>
        <time>2026-07-25T09:13:02Z</time>
      </trkpt>
      <trkpt lat="44.176969" lon="7.675637">
        <ele>2453.0</ele>
        <time>2026-07-25T09:13:06Z</time>
      </trkpt>
      <trkpt lat="44.176955" lon="7.675644">
        <ele>2453.0</ele>
        <time>2026-07-25T09:13:12Z</time>
      </trkpt>
      <trkpt lat="44.176941" lon="7.675575">
        <ele>2453.4</ele>
        <time>2026-07-25T09:13:19Z</time>
      </trkpt>
      <trkpt lat="44.176961" lon="7.675594">
        <ele>2453.2</ele>
        <time>2026-07-25T09:13:26Z</time>
      </trkpt>
      <trkpt lat="44.176954" lon="7.675578">
        <ele>2453.0</ele>
        <time>2026-07-25T09:13:31Z</time>
      </trkpt>
      <trkpt lat="44.176947" lon="7.675568">
        <ele>2453.2</ele>
        <time>2026-07-25T09:13:34Z</time>
      </trkpt>
      <trkpt lat="44.176933" lon="7.67556">
        <ele>2453.2</ele>
        <time>2026-07-25T09:13:35Z</time>
      </trkpt>
      <trkpt lat="44.176943" lon="7.675576">
        <ele>2452.8</ele>
        <time>2026-07-25T09:13:42Z</time>
      </trkpt>
      <trkpt lat="44.176959" lon="7.675553">
        <ele>2453.2</ele>
        <time>2026-07-25T09:13:54Z</time>
      </trkpt>
      <trkpt lat="44.17694" lon="7.675597">
        <ele>2453.4</ele>
        <time>2026-07-25T09:14:03Z</time>
      </trkpt>
      <trkpt lat="44.17694" lon="7.675574">
        <ele>2453.0</ele>
        <time>2026-07-25T09:14:11Z</time>
      </trkpt>
      <trkpt lat="44.176944" lon="7.675605">
        <ele>2453.4</ele>
        <time>2026-07-25T09:14:20Z</time>
      </trkpt>
      <trkpt lat="44.176958" lon="7.675579">
        <ele>2451.8</ele>
        <time>2026-07-25T09:14:26Z</time>
      </trkpt>
      <trkpt lat="44.176961" lon="7.675587">
        <ele>2452.4</ele>
        <time>2026-07-25T09:14:30Z</time>
      </trkpt>
      <trkpt lat="44.176959" lon="7.675604">
        <ele>2452.4</ele>
        <time>2026-07-25T09:14:37Z</time>
      </trkpt>
      <trkpt lat="44.176948" lon="7.675587">
        <ele>2452.6</ele>
        <time>2026-07-25T09:14:44Z</time>
      </trkpt>
      <trkpt lat="44.176931" lon="7.675572">
        <ele>2451.6</ele>
        <time>2026-07-25T09:14:52Z</time>
      </trkpt>
      <trkpt lat="44.176927" lon="7.675525">
        <ele>2451.6</ele>
        <time>2026-07-25T09:14:59Z</time>
      </trkpt>
      <trkpt lat="44.176918" lon="7.675524">
        <ele>2452.2</ele>
        <time>2026-07-25T09:15:06Z</time>
      </trkpt>
      <trkpt lat="44.176952" lon="7.675525">
        <ele>2452.0</ele>
        <time>2026-07-25T09:15:14Z</time>
      </trkpt>
      <trkpt lat="44.176963" lon="7.67553">
        <ele>2451.6</ele>
        <time>2026-07-25T09:15:16Z</time>
      </trkpt>
      <trkpt lat="44.176968" lon="7.675582">
        <ele>2451.4</ele>
        <time>2026-07-25T09:15:21Z</time>
      </trkpt>
      <trkpt lat="44.176966" lon="7.675588">
        <ele>2451.4</ele>
        <time>2026-07-25T09:15:23Z</time>
      </trkpt>
      <trkpt lat="44.176964" lon="7.675605">
        <ele>2450.8</ele>
        <time>2026-07-25T09:15:27Z</time>
      </trkpt>
      <trkpt lat="44.17697" lon="7.675614">
        <ele>2451.0</ele>
        <time>2026-07-25T09:15:34Z</time>
      </trkpt>
      <trkpt lat="44.176955" lon="7.675561">
        <ele>2451.0</ele>
        <time>2026-07-25T09:15:45Z</time>
      </trkpt>
      <trkpt lat="44.176948" lon="7.675546">
        <ele>2451.4</ele>
        <time>2026-07-25T09:15:49Z</time>
      </trkpt>
      <trkpt lat="44.176948" lon="7.675545">
        <ele>2451.6</ele>
        <time>2026-07-25T09:15:50Z</time>
      </trkpt>
      <trkpt lat="44.17695" lon="7.675548">
        <ele>2451.6</ele>
        <time>2026-07-25T09:15:51Z</time>
      </trkpt>
      <trkpt lat="44.176957" lon="7.675562">
        <ele>2451.8</ele>
        <time>2026-07-25T09:15:54Z</time>
      </trkpt>
      <trkpt lat="44.176959" lon="7.675574">
        <ele>2452.0</ele>
        <time>2026-07-25T09:15:55Z</time>
      </trkpt>
      <trkpt lat="44.176961" lon="7.675615">
        <ele>2451.6</ele>
        <time>2026-07-25T09:16:05Z</time>
      </trkpt>
      <trkpt lat="44.176961" lon="7.675563">
        <ele>2452.0</ele>
        <time>2026-07-25T09:16:14Z</time>
      </trkpt>
      <trkpt lat="44.176958" lon="7.675547">
        <ele>2452.2</ele>
        <time>2026-07-25T09:16:17Z</time>
      </trkpt>
      <trkpt lat="44.176952" lon="7.675519">
        <ele>2452.2</ele>
        <time>2026-07-25T09:16:23Z</time>
      </trkpt>
      <trkpt lat="44.176957" lon="7.675545">
        <ele>2452.4</ele>
        <time>2026-07-25T09:16:29Z</time>
      </trkpt>
      <trkpt lat="44.17696" lon="7.675546">
        <ele>2452.2</ele>
        <time>2026-07-25T09:16:35Z</time>
      </trkpt>
      <trkpt lat="44.176969" lon="7.675571">
        <ele>2452.2</ele>
        <time>2026-07-25T09:16:39Z</time>
      </trkpt>
      <trkpt lat="44.176978" lon="7.67559">
        <ele>2452.2</ele>
        <time>2026-07-25T09:16:48Z</time>
      </trkpt>
      <trkpt lat="44.176998" lon="7.675467">
        <ele>2452.2</ele>
        <time>2026-07-25T09:16:54Z</time>
      </trkpt>
      <trkpt lat="44.177018" lon="7.675443">
        <ele>2451.8</ele>
        <time>2026-07-25T09:17:00Z</time>
      </trkpt>
      <trkpt lat="44.176998" lon="7.675482">
        <ele>2451.8</ele>
        <time>2026-07-25T09:17:05Z</time>
      </trkpt>
      <trkpt lat="44.176971" lon="7.675536">
        <ele>2451.8</ele>
        <time>2026-07-25T09:17:12Z</time>
      </trkpt>
      <trkpt lat="44.176959" lon="7.675583">
        <ele>2451.8</ele>
        <time>2026-07-25T09:17:19Z</time>
      </trkpt>
      <trkpt lat="44.176954" lon="7.675594">
        <ele>2451.4</ele>
        <time>2026-07-25T09:17:22Z</time>
      </trkpt>
      <trkpt lat="44.176954" lon="7.6756">
        <ele>2451.4</ele>
        <time>2026-07-25T09:17:28Z</time>
      </trkpt>
      <trkpt lat="44.176958" lon="7.675597">
        <ele>2451.8</ele>
        <time>2026-07-25T09:17:35Z</time>
      </trkpt>
      <trkpt lat="44.176963" lon="7.675597">
        <ele>2452.2</ele>
        <time>2026-07-25T09:17:42Z</time>
      </trkpt>
      <trkpt lat="44.176972" lon="7.675606">
        <ele>2451.6</ele>
        <time>2026-07-25T09:17:48Z</time>
      </trkpt>
      <trkpt lat="44.176976" lon="7.67561">
        <ele>2451.8</ele>
        <time>2026-07-25T09:17:50Z</time>
      </trkpt>
      <trkpt lat="44.176971" lon="7.675598">
        <ele>2451.6</ele>
        <time>2026-07-25T09:17:55Z</time>
      </trkpt>
      <trkpt lat="44.176978" lon="7.675608">
        <ele>2451.4</ele>
        <time>2026-07-25T09:18:02Z</time>
      </trkpt>
      <trkpt lat="44.176979" lon="7.675618">
        <ele>2451.0</ele>
        <time>2026-07-25T09:18:08Z</time>
      </trkpt>
      <trkpt lat="44.176978" lon="7.675622">
        <ele>2450.8</ele>
        <time>2026-07-25T09:18:09Z</time>
      </trkpt>
      <trkpt lat="44.176969" lon="7.67562">
        <ele>2451.2</ele>
        <time>2026-07-25T09:18:15Z</time>
      </trkpt>
      <trkpt lat="44.176977" lon="7.675634">
        <ele>2451.0</ele>
        <time>2026-07-25T09:18:21Z</time>
      </trkpt>
      <trkpt lat="44.17698" lon="7.675612">
        <ele>2451.2</ele>
        <time>2026-07-25T09:18:23Z</time>
      </trkpt>
      <trkpt lat="44.176982" lon="7.675598">
        <ele>2451.0</ele>
        <time>2026-07-25T09:18:27Z</time>
      </trkpt>
      <trkpt lat="44.176983" lon="7.675603">
        <ele>2451.0</ele>
        <time>2026-07-25T09:18:31Z</time>
      </trkpt>
      <trkpt lat="44.176986" lon="7.675592">
        <ele>2450.8</ele>
        <time>2026-07-25T09:18:37Z</time>
      </trkpt>
      <trkpt lat="44.176993" lon="7.675594">
        <ele>2451.0</ele>
        <time>2026-07-25T09:18:39Z</time>
      </trkpt>
      <trkpt lat="44.176994" lon="7.67561">
        <ele>2451.0</ele>
        <time>2026-07-25T09:18:43Z</time>
      </trkpt>
      <trkpt lat="44.176991" lon="7.675617">
        <ele>2451.2</ele>
        <time>2026-07-25T09:18:47Z</time>
      </trkpt>
      <trkpt lat="44.176986" lon="7.675609">
        <ele>2451.2</ele>
        <time>2026-07-25T09:18:49Z</time>
      </trkpt>
      <trkpt lat="44.176954" lon="7.675567">
        <ele>2451.8</ele>
        <time>2026-07-25T09:19:00Z</time>
      </trkpt>
      <trkpt lat="44.176977" lon="7.675578">
        <ele>2452.0</ele>
        <time>2026-07-25T09:19:07Z</time>
      </trkpt>
      <trkpt lat="44.176982" lon="7.675565">
        <ele>2452.2</ele>
        <time>2026-07-25T09:19:11Z</time>
      </trkpt>
      <trkpt lat="44.176964" lon="7.675535">
        <ele>2452.2</ele>
        <time>2026-07-25T09:19:18Z</time>
      </trkpt>
      <trkpt lat="44.176955" lon="7.675546">
        <ele>2452.0</ele>
        <time>2026-07-25T09:19:25Z</time>
      </trkpt>
      <trkpt lat="44.176944" lon="7.675529">
        <ele>2452.0</ele>
        <time>2026-07-25T09:19:33Z</time>
      </trkpt>
      <trkpt lat="44.176964" lon="7.675539">
        <ele>2452.2</ele>
        <time>2026-07-25T09:19:41Z</time>
      </trkpt>
      <trkpt lat="44.176973" lon="7.675551">
        <ele>2452.2</ele>
        <time>2026-07-25T09:19:48Z</time>
      </trkpt>
      <trkpt lat="44.17697" lon="7.675555">
        <ele>2452.2</ele>
        <time>2026-07-25T09:19:51Z</time>
      </trkpt>
      <trkpt lat="44.176962" lon="7.675562">
        <ele>2452.2</ele>
        <time>2026-07-25T09:19:58Z</time>
      </trkpt>
      <trkpt lat="44.176959" lon="7.675561">
        <ele>2452.2</ele>
        <time>2026-07-25T09:19:59Z</time>
      </trkpt>
      <trkpt lat="44.176964" lon="7.675562">
        <ele>2451.8</ele>
        <time>2026-07-25T09:20:08Z</time>
      </trkpt>
      <trkpt lat="44.176965" lon="7.675588">
        <ele>2451.4</ele>
        <time>2026-07-25T09:20:18Z</time>
      </trkpt>
      <trkpt lat="44.176982" lon="7.675593">
        <ele>2451.6</ele>
        <time>2026-07-25T09:20:26Z</time>
      </trkpt>
      <trkpt lat="44.177012" lon="7.675548">
        <ele>2452.0</ele>
        <time>2026-07-25T09:20:33Z</time>
      </trkpt>
      <trkpt lat="44.177017" lon="7.67553">
        <ele>2452.2</ele>
        <time>2026-07-25T09:20:39Z</time>
      </trkpt>
      <trkpt lat="44.177013" lon="7.675544">
        <ele>2452.4</ele>
        <time>2026-07-25T09:20:46Z</time>
      </trkpt>
      <trkpt lat="44.176987" lon="7.675564">
        <ele>2452.4</ele>
        <time>2026-07-25T09:20:54Z</time>
      </trkpt>
      <trkpt lat="44.176969" lon="7.675561">
        <ele>2452.0</ele>
        <time>2026-07-25T09:21:00Z</time>
      </trkpt>
      <trkpt lat="44.176967" lon="7.675559">
        <ele>2452.0</ele>
        <time>2026-07-25T09:21:03Z</time>
      </trkpt>
      <trkpt lat="44.176953" lon="7.675581">
        <ele>2452.4</ele>
        <time>2026-07-25T09:21:11Z</time>
      </trkpt>
      <trkpt lat="44.176948" lon="7.675581">
        <ele>2452.4</ele>
        <time>2026-07-25T09:21:20Z</time>
      </trkpt>
      <trkpt lat="44.176952" lon="7.675541">
        <ele>2452.4</ele>
        <time>2026-07-25T09:21:28Z</time>
      </trkpt>
      <trkpt lat="44.176969" lon="7.675516">
        <ele>2452.6</ele>
        <time>2026-07-25T09:21:37Z</time>
      </trkpt>
      <trkpt lat="44.176955" lon="7.675524">
        <ele>2452.4</ele>
        <time>2026-07-25T09:21:45Z</time>
      </trkpt>
      <trkpt lat="44.176928" lon="7.675567">
        <ele>2452.2</ele>
        <time>2026-07-25T09:21:52Z</time>
      </trkpt>
      <trkpt lat="44.17691" lon="7.675573">
        <ele>2451.6</ele>
        <time>2026-07-25T09:22:00Z</time>
      </trkpt>
      <trkpt lat="44.176936" lon="7.675574">
        <ele>2451.8</ele>
        <time>2026-07-25T09:22:08Z</time>
      </trkpt>
      <trkpt lat="44.176968" lon="7.675579">
        <ele>2451.8</ele>
        <time>2026-07-25T09:22:14Z</time>
      </trkpt>
      <trkpt lat="44.176973" lon="7.675583">
        <ele>2453.2</ele>
        <time>2026-07-25T09:22:19Z</time>
      </trkpt>
      <trkpt lat="44.176977" lon="7.675588">
        <ele>2453.0</ele>
        <time>2026-07-25T09:22:21Z</time>
      </trkpt>
      <trkpt lat="44.176977" lon="7.675592">
        <ele>2452.8</ele>
        <time>2026-07-25T09:22:23Z</time>
      </trkpt>
      <trkpt lat="44.176975" lon="7.675588">
        <ele>2452.6</ele>
        <time>2026-07-25T09:22:28Z</time>
      </trkpt>
      <trkpt lat="44.176978" lon="7.675591">
        <ele>2452.6</ele>
        <time>2026-07-25T09:22:31Z</time>
      </trkpt>
      <trkpt lat="44.176988" lon="7.675591">
        <ele>2452.8</ele>
        <time>2026-07-25T09:22:36Z</time>
      </trkpt>
      <trkpt lat="44.176987" lon="7.675584">
        <ele>2453.4</ele>
        <time>2026-07-25T09:22:39Z</time>
      </trkpt>
      <trkpt lat="44.176982" lon="7.675583">
        <ele>2453.4</ele>
        <time>2026-07-25T09:22:41Z</time>
      </trkpt>
      <trkpt lat="44.176977" lon="7.675574">
        <ele>2453.0</ele>
        <time>2026-07-25T09:22:51Z</time>
      </trkpt>
      <trkpt lat="44.176969" lon="7.675577">
        <ele>2453.2</ele>
        <time>2026-07-25T09:23:03Z</time>
      </trkpt>
      <trkpt lat="44.176955" lon="7.67555">
        <ele>2453.6</ele>
        <time>2026-07-25T09:23:14Z</time>
      </trkpt>
      <trkpt lat="44.176964" lon="7.675575">
        <ele>2453.6</ele>
        <time>2026-07-25T09:23:22Z</time>
      </trkpt>
      <trkpt lat="44.176945" lon="7.6756">
        <ele>2453.8</ele>
        <time>2026-07-25T09:23:33Z</time>
      </trkpt>
      <trkpt lat="44.176946" lon="7.675594">
        <ele>2453.6</ele>
        <time>2026-07-25T09:23:36Z</time>
      </trkpt>
      <trkpt lat="44.176958" lon="7.675575">
        <ele>2453.0</ele>
        <time>2026-07-25T09:23:42Z</time>
      </trkpt>
      <trkpt lat="44.176981" lon="7.675617">
        <ele>2453.2</ele>
        <time>2026-07-25T09:23:50Z</time>
      </trkpt>
      <trkpt lat="44.176976" lon="7.675651">
        <ele>2453.4</ele>
        <time>2026-07-25T09:23:58Z</time>
      </trkpt>
      <trkpt lat="44.176957" lon="7.675641">
        <ele>2453.8</ele>
        <time>2026-07-25T09:24:03Z</time>
      </trkpt>
      <trkpt lat="44.176952" lon="7.675633">
        <ele>2454.0</ele>
        <time>2026-07-25T09:24:06Z</time>
      </trkpt>
      <trkpt lat="44.176936" lon="7.675626">
        <ele>2454.0</ele>
        <time>2026-07-25T09:24:16Z</time>
      </trkpt>
      <trkpt lat="44.176941" lon="7.675584">
        <ele>2453.2</ele>
        <time>2026-07-25T09:24:21Z</time>
      </trkpt>
      <trkpt lat="44.176939" lon="7.675579">
        <ele>2453.2</ele>
        <time>2026-07-25T09:24:23Z</time>
      </trkpt>
      <trkpt lat="44.17694" lon="7.675582">
        <ele>2453.8</ele>
        <time>2026-07-25T09:24:31Z</time>
      </trkpt>
      <trkpt lat="44.176957" lon="7.675576">
        <ele>2454.2</ele>
        <time>2026-07-25T09:24:35Z</time>
      </trkpt>
      <trkpt lat="44.176955" lon="7.675578">
        <ele>2454.2</ele>
        <time>2026-07-25T09:24:36Z</time>
      </trkpt>
      <trkpt lat="44.176948" lon="7.675599">
        <ele>2454.4</ele>
        <time>2026-07-25T09:24:44Z</time>
      </trkpt>
      <trkpt lat="44.176944" lon="7.675602">
        <ele>2454.4</ele>
        <time>2026-07-25T09:24:52Z</time>
      </trkpt>
      <trkpt lat="44.176923" lon="7.675566">
        <ele>2454.8</ele>
        <time>2026-07-25T09:24:59Z</time>
      </trkpt>
      <trkpt lat="44.176922" lon="7.675565">
        <ele>2454.8</ele>
        <time>2026-07-25T09:25:00Z</time>
      </trkpt>
      <trkpt lat="44.176929" lon="7.67557">
        <ele>2454.6</ele>
        <time>2026-07-25T09:25:04Z</time>
      </trkpt>
      <trkpt lat="44.17695" lon="7.67559">
        <ele>2454.4</ele>
        <time>2026-07-25T09:25:11Z</time>
      </trkpt>
      <trkpt lat="44.176945" lon="7.675584">
        <ele>2455.0</ele>
        <time>2026-07-25T09:25:20Z</time>
      </trkpt>
      <trkpt lat="44.17696" lon="7.675581">
        <ele>2454.8</ele>
        <time>2026-07-25T09:25:32Z</time>
      </trkpt>
      <trkpt lat="44.176962" lon="7.675577">
        <ele>2455.0</ele>
        <time>2026-07-25T09:25:37Z</time>
      </trkpt>
      <trkpt lat="44.176957" lon="7.675571">
        <ele>2455.0</ele>
        <time>2026-07-25T09:25:41Z</time>
      </trkpt>
      <trkpt lat="44.176953" lon="7.675561">
        <ele>2455.0</ele>
        <time>2026-07-25T09:25:44Z</time>
      </trkpt>
      <trkpt lat="44.17695" lon="7.675603">
        <ele>2455.0</ele>
        <time>2026-07-25T09:25:54Z</time>
      </trkpt>
      <trkpt lat="44.176949" lon="7.675609">
        <ele>2455.2</ele>
        <time>2026-07-25T09:26:02Z</time>
      </trkpt>
      <trkpt lat="44.176954" lon="7.675605">
        <ele>2455.0</ele>
        <time>2026-07-25T09:26:11Z</time>
      </trkpt>
      <trkpt lat="44.176971" lon="7.675614">
        <ele>2454.6</ele>
        <time>2026-07-25T09:26:22Z</time>
      </trkpt>
      <trkpt lat="44.176965" lon="7.67559">
        <ele>2454.6</ele>
        <time>2026-07-25T09:26:29Z</time>
      </trkpt>
      <trkpt lat="44.176946" lon="7.675591">
        <ele>2455.2</ele>
        <time>2026-07-25T09:26:35Z</time>
      </trkpt>
      <trkpt lat="44.176946" lon="7.675592">
        <ele>2455.2</ele>
        <time>2026-07-25T09:26:36Z</time>
      </trkpt>
      <trkpt lat="44.17695" lon="7.675612">
        <ele>2455.0</ele>
        <time>2026-07-25T09:26:42Z</time>
      </trkpt>
      <trkpt lat="44.176952" lon="7.67562">
        <ele>2455.4</ele>
        <time>2026-07-25T09:26:51Z</time>
      </trkpt>
      <trkpt lat="44.176948" lon="7.675593">
        <ele>2455.6</ele>
        <time>2026-07-25T09:26:55Z</time>
      </trkpt>
      <trkpt lat="44.176949" lon="7.675575">
        <ele>2455.8</ele>
        <time>2026-07-25T09:26:59Z</time>
      </trkpt>
      <trkpt lat="44.176942" lon="7.675569">
        <ele>2456.0</ele>
        <time>2026-07-25T09:27:09Z</time>
      </trkpt>
      <trkpt lat="44.176932" lon="7.67558">
        <ele>2455.8</ele>
        <time>2026-07-25T09:27:16Z</time>
      </trkpt>
      <trkpt lat="44.176919" lon="7.67559">
        <ele>2456.4</ele>
        <time>2026-07-25T09:27:21Z</time>
      </trkpt>
      <trkpt lat="44.176908" lon="7.675597">
        <ele>2456.4</ele>
        <time>2026-07-25T09:27:23Z</time>
      </trkpt>
      <trkpt lat="44.176917" lon="7.675591">
        <ele>2456.6</ele>
        <time>2026-07-25T09:27:28Z</time>
      </trkpt>
      <trkpt lat="44.17692" lon="7.675584">
        <ele>2456.6</ele>
        <time>2026-07-25T09:27:35Z</time>
      </trkpt>
      <trkpt lat="44.17693" lon="7.675587">
        <ele>2456.6</ele>
        <time>2026-07-25T09:27:40Z</time>
      </trkpt>
      <trkpt lat="44.176948" lon="7.675584">
        <ele>2456.0</ele>
        <time>2026-07-25T09:27:47Z</time>
      </trkpt>
      <trkpt lat="44.176949" lon="7.675584">
        <ele>2456.0</ele>
        <time>2026-07-25T09:27:48Z</time>
      </trkpt>
      <trkpt lat="44.176955" lon="7.675598">
        <ele>2456.0</ele>
        <time>2026-07-25T09:27:51Z</time>
      </trkpt>
      <trkpt lat="44.176961" lon="7.675619">
        <ele>2456.0</ele>
        <time>2026-07-25T09:27:58Z</time>
      </trkpt>
      <trkpt lat="44.176908" lon="7.675613">
        <ele>2455.6</ele>
        <time>2026-07-25T09:28:05Z</time>
      </trkpt>
      <trkpt lat="44.176909" lon="7.675612">
        <ele>2455.6</ele>
        <time>2026-07-25T09:28:06Z</time>
      </trkpt>
      <trkpt lat="44.176943" lon="7.675574">
        <ele>2456.0</ele>
        <time>2026-07-25T09:28:18Z</time>
      </trkpt>
      <trkpt lat="44.176963" lon="7.675596">
        <ele>2455.4</ele>
        <time>2026-07-25T09:28:26Z</time>
      </trkpt>
      <trkpt lat="44.176958" lon="7.675602">
        <ele>2455.2</ele>
        <time>2026-07-25T09:28:28Z</time>
      </trkpt>
      <trkpt lat="44.176933" lon="7.675588">
        <ele>2455.6</ele>
        <time>2026-07-25T09:28:36Z</time>
      </trkpt>
      <trkpt lat="44.17692" lon="7.675587">
        <ele>2455.8</ele>
        <time>2026-07-25T09:28:46Z</time>
      </trkpt>
      <trkpt lat="44.176923" lon="7.675597">
        <ele>2455.8</ele>
        <time>2026-07-25T09:28:51Z</time>
      </trkpt>
      <trkpt lat="44.176929" lon="7.675593">
        <ele>2455.2</ele>
        <time>2026-07-25T09:28:55Z</time>
      </trkpt>
      <trkpt lat="44.176935" lon="7.675591">
        <ele>2455.6</ele>
        <time>2026-07-25T09:29:01Z</time>
      </trkpt>
      <trkpt lat="44.17694" lon="7.675599">
        <ele>2455.8</ele>
        <time>2026-07-25T09:29:05Z</time>
      </trkpt>
      <trkpt lat="44.176959" lon="7.67556">
        <ele>2456.2</ele>
        <time>2026-07-25T09:29:16Z</time>
      </trkpt>
      <trkpt lat="44.176957" lon="7.675567">
        <ele>2456.4</ele>
        <time>2026-07-25T09:29:17Z</time>
      </trkpt>
      <trkpt lat="44.176952" lon="7.675574">
        <ele>2456.4</ele>
        <time>2026-07-25T09:29:21Z</time>
      </trkpt>
      <trkpt lat="44.176938" lon="7.675563">
        <ele>2456.2</ele>
        <time>2026-07-25T09:29:26Z</time>
      </trkpt>
      <trkpt lat="44.17696" lon="7.675517">
        <ele>2456.0</ele>
        <time>2026-07-25T09:29:34Z</time>
      </trkpt>
      <trkpt lat="44.176954" lon="7.675587">
        <ele>2456.2</ele>
        <time>2026-07-25T09:29:43Z</time>
      </trkpt>
      <trkpt lat="44.176903" lon="7.675549">
        <ele>2457.0</ele>
        <time>2026-07-25T09:29:53Z</time>
      </trkpt>
      <trkpt lat="44.176914" lon="7.675565">
        <ele>2456.6</ele>
        <time>2026-07-25T09:29:57Z</time>
      </trkpt>
      <trkpt lat="44.176945" lon="7.675595">
        <ele>2456.2</ele>
        <time>2026-07-25T09:30:01Z</time>
      </trkpt>
      <trkpt lat="44.176968" lon="7.675609">
        <ele>2456.0</ele>
        <time>2026-07-25T09:30:06Z</time>
      </trkpt>
      <trkpt lat="44.176961" lon="7.675591">
        <ele>2456.0</ele>
        <time>2026-07-25T09:30:10Z</time>
      </trkpt>
      <trkpt lat="44.176957" lon="7.675567">
        <ele>2455.6</ele>
        <time>2026-07-25T09:30:17Z</time>
      </trkpt>
      <trkpt lat="44.176961" lon="7.675573">
        <ele>2455.6</ele>
        <time>2026-07-25T09:30:21Z</time>
      </trkpt>
      <trkpt lat="44.176953" lon="7.675577">
        <ele>2455.8</ele>
        <time>2026-07-25T09:30:26Z</time>
      </trkpt>
      <trkpt lat="44.176944" lon="7.675579">
        <ele>2456.0</ele>
        <time>2026-07-25T09:30:28Z</time>
      </trkpt>
      <trkpt lat="44.176929" lon="7.67558">
        <ele>2456.2</ele>
        <time>2026-07-25T09:30:36Z</time>
      </trkpt>
      <trkpt lat="44.176927" lon="7.675581">
        <ele>2456.2</ele>
        <time>2026-07-25T09:30:37Z</time>
      </trkpt>
      <trkpt lat="44.176941" lon="7.675566">
        <ele>2456.2</ele>
        <time>2026-07-25T09:30:46Z</time>
      </trkpt>
      <trkpt lat="44.176944" lon="7.67556">
        <ele>2456.0</ele>
        <time>2026-07-25T09:30:48Z</time>
      </trkpt>
      <trkpt lat="44.176948" lon="7.675538">
        <ele>2455.6</ele>
        <time>2026-07-25T09:30:52Z</time>
      </trkpt>
      <trkpt lat="44.176946" lon="7.675537">
        <ele>2456.2</ele>
        <time>2026-07-25T09:30:57Z</time>
      </trkpt>
      <trkpt lat="44.176943" lon="7.67556">
        <ele>2456.6</ele>
        <time>2026-07-25T09:31:09Z</time>
      </trkpt>
      <trkpt lat="44.176942" lon="7.675592">
        <ele>2456.6</ele>
        <time>2026-07-25T09:31:19Z</time>
      </trkpt>
      <trkpt lat="44.176943" lon="7.67561">
        <ele>2456.6</ele>
        <time>2026-07-25T09:31:21Z</time>
      </trkpt>
      <trkpt lat="44.176963" lon="7.67561">
        <ele>2456.2</ele>
        <time>2026-07-25T09:31:29Z</time>
      </trkpt>
      <trkpt lat="44.176955" lon="7.675576">
        <ele>2456.4</ele>
        <time>2026-07-25T09:31:35Z</time>
      </trkpt>
      <trkpt lat="44.176961" lon="7.675595">
        <ele>2456.4</ele>
        <time>2026-07-25T09:31:45Z</time>
      </trkpt>
      <trkpt lat="44.176959" lon="7.675589">
        <ele>2456.2</ele>
        <time>2026-07-25T09:31:57Z</time>
      </trkpt>
      <trkpt lat="44.176918" lon="7.675586">
        <ele>2456.8</ele>
        <time>2026-07-25T09:32:09Z</time>
      </trkpt>
      <trkpt lat="44.176943" lon="7.675622">
        <ele>2456.6</ele>
        <time>2026-07-25T09:32:20Z</time>
      </trkpt>
      <trkpt lat="44.176926" lon="7.675577">
        <ele>2456.6</ele>
        <time>2026-07-25T09:32:30Z</time>
      </trkpt>
      <trkpt lat="44.176947" lon="7.675576">
        <ele>2455.8</ele>
        <time>2026-07-25T09:32:38Z</time>
      </trkpt>
      <trkpt lat="44.176957" lon="7.675579">
        <ele>2456.0</ele>
        <time>2026-07-25T09:32:42Z</time>
      </trkpt>
      <trkpt lat="44.176955" lon="7.675599">
        <ele>2456.0</ele>
        <time>2026-07-25T09:32:48Z</time>
      </trkpt>
      <trkpt lat="44.176952" lon="7.675602">
        <ele>2456.0</ele>
        <time>2026-07-25T09:32:49Z</time>
      </trkpt>
      <trkpt lat="44.176938" lon="7.675595">
        <ele>2456.0</ele>
        <time>2026-07-25T09:33:02Z</time>
      </trkpt>
      <trkpt lat="44.176952" lon="7.675592">
        <ele>2455.4</ele>
        <time>2026-07-25T09:33:11Z</time>
      </trkpt>
      <trkpt lat="44.176957" lon="7.675594">
        <ele>2455.6</ele>
        <time>2026-07-25T09:33:21Z</time>
      </trkpt>
      <trkpt lat="44.176939" lon="7.675617">
        <ele>2456.0</ele>
        <time>2026-07-25T09:33:30Z</time>
      </trkpt>
      <trkpt lat="44.176908" lon="7.675607">
        <ele>2456.6</ele>
        <time>2026-07-25T09:33:36Z</time>
      </trkpt>
      <trkpt lat="44.176935" lon="7.675638">
        <ele>2456.4</ele>
        <time>2026-07-25T09:33:41Z</time>
      </trkpt>
      <trkpt lat="44.176942" lon="7.67563">
        <ele>2456.2</ele>
        <time>2026-07-25T09:33:42Z</time>
      </trkpt>
      <trkpt lat="44.176943" lon="7.675596">
        <ele>2455.6</ele>
        <time>2026-07-25T09:33:48Z</time>
      </trkpt>
      <trkpt lat="44.176942" lon="7.675572">
        <ele>2455.2</ele>
        <time>2026-07-25T09:33:57Z</time>
      </trkpt>
      <trkpt lat="44.176943" lon="7.675582">
        <ele>2455.4</ele>
        <time>2026-07-25T09:34:05Z</time>
      </trkpt>
      <trkpt lat="44.176941" lon="7.675588">
        <ele>2455.4</ele>
        <time>2026-07-25T09:34:07Z</time>
      </trkpt>
      <trkpt lat="44.176949" lon="7.675585">
        <ele>2455.0</ele>
        <time>2026-07-25T09:34:14Z</time>
      </trkpt>
      <trkpt lat="44.176952" lon="7.675586">
        <ele>2455.0</ele>
        <time>2026-07-25T09:34:18Z</time>
      </trkpt>
      <trkpt lat="44.176957" lon="7.675598">
        <ele>2455.0</ele>
        <time>2026-07-25T09:34:24Z</time>
      </trkpt>
      <trkpt lat="44.176963" lon="7.675609">
        <ele>2455.8</ele>
        <time>2026-07-25T09:34:34Z</time>
      </trkpt>
      <trkpt lat="44.176929" lon="7.675595">
        <ele>2456.0</ele>
        <time>2026-07-25T09:34:44Z</time>
      </trkpt>
      <trkpt lat="44.176936" lon="7.675575">
        <ele>2456.0</ele>
        <time>2026-07-25T09:34:54Z</time>
      </trkpt>
      <trkpt lat="44.176958" lon="7.675566">
        <ele>2455.8</ele>
        <time>2026-07-25T09:35:03Z</time>
      </trkpt>
      <trkpt lat="44.176945" lon="7.675606">
        <ele>2456.4</ele>
        <time>2026-07-25T09:35:12Z</time>
      </trkpt>
      <trkpt lat="44.176915" lon="7.675594">
        <ele>2457.2</ele>
        <time>2026-07-25T09:35:21Z</time>
      </trkpt>
      <trkpt lat="44.176912" lon="7.67559">
        <ele>2457.0</ele>
        <time>2026-07-25T09:35:26Z</time>
      </trkpt>
      <trkpt lat="44.176913" lon="7.675589">
        <ele>2457.2</ele>
        <time>2026-07-25T09:35:33Z</time>
      </trkpt>
      <trkpt lat="44.176946" lon="7.675601">
        <ele>2457.0</ele>
        <time>2026-07-25T09:35:41Z</time>
      </trkpt>
      <trkpt lat="44.176931" lon="7.675593">
        <ele>2456.8</ele>
        <time>2026-07-25T09:35:49Z</time>
      </trkpt>
      <trkpt lat="44.176932" lon="7.675584">
        <ele>2457.2</ele>
        <time>2026-07-25T09:35:59Z</time>
      </trkpt>
      <trkpt lat="44.176931" lon="7.675582">
        <ele>2457.2</ele>
        <time>2026-07-25T09:36:01Z</time>
      </trkpt>
      <trkpt lat="44.17693" lon="7.675583">
        <ele>2457.2</ele>
        <time>2026-07-25T09:36:02Z</time>
      </trkpt>
      <trkpt lat="44.177171" lon="7.675557">
        <ele>2459.8</ele>
        <time>2026-07-25T10:06:06Z</time>
      </trkpt>
      <trkpt lat="44.177173" lon="7.67556">
        <ele>2459.8</ele>
        <time>2026-07-25T10:06:07Z</time>
      </trkpt>
      <trkpt lat="44.17718" lon="7.675577">
        <ele>2459.6</ele>
        <time>2026-07-25T10:06:12Z</time>
      </trkpt>
      <trkpt lat="44.177203" lon="7.675551">
        <ele>2459.6</ele>
        <time>2026-07-25T10:06:19Z</time>
      </trkpt>
      <trkpt lat="44.17721" lon="7.675517">
        <ele>2459.4</ele>
        <time>2026-07-25T10:06:26Z</time>
      </trkpt>
      <trkpt lat="44.177228" lon="7.675487">
        <ele>2460.0</ele>
        <time>2026-07-25T10:06:34Z</time>
      </trkpt>
      <trkpt lat="44.177232" lon="7.675491">
        <ele>2460.4</ele>
        <time>2026-07-25T10:06:40Z</time>
      </trkpt>
      <trkpt lat="44.177227" lon="7.675499">
        <ele>2460.8</ele>
        <time>2026-07-25T10:06:44Z</time>
      </trkpt>
      <trkpt lat="44.177222" lon="7.675503">
        <ele>2460.8</ele>
        <time>2026-07-25T10:06:47Z</time>
      </trkpt>
      <trkpt lat="44.177187" lon="7.675521">
        <ele>2460.4</ele>
        <time>2026-07-25T10:06:54Z</time>
      </trkpt>
      <trkpt lat="44.177175" lon="7.675537">
        <ele>2459.8</ele>
        <time>2026-07-25T10:06:59Z</time>
      </trkpt>
      <trkpt lat="44.177175" lon="7.675556">
        <ele>2460.4</ele>
        <time>2026-07-25T10:07:08Z</time>
      </trkpt>
      <trkpt lat="44.177216" lon="7.675527">
        <ele>2460.4</ele>
        <time>2026-07-25T10:07:15Z</time>
      </trkpt>
      <trkpt lat="44.177197" lon="7.675527">
        <ele>2460.6</ele>
        <time>2026-07-25T10:07:24Z</time>
      </trkpt>
      <trkpt lat="44.177196" lon="7.675512">
        <ele>2460.6</ele>
        <time>2026-07-25T10:07:31Z</time>
      </trkpt>
      <trkpt lat="44.177189" lon="7.675504">
        <ele>2460.6</ele>
        <time>2026-07-25T10:07:33Z</time>
      </trkpt>
      <trkpt lat="44.177178" lon="7.675506">
        <ele>2461.0</ele>
        <time>2026-07-25T10:07:35Z</time>
      </trkpt>
      <trkpt lat="44.177178" lon="7.675543">
        <ele>2460.8</ele>
        <time>2026-07-25T10:07:42Z</time>
      </trkpt>
      <trkpt lat="44.177212" lon="7.675534">
        <ele>2460.6</ele>
        <time>2026-07-25T10:07:52Z</time>
      </trkpt>
      <trkpt lat="44.177216" lon="7.675566">
        <ele>2460.6</ele>
        <time>2026-07-25T10:07:59Z</time>
      </trkpt>
      <trkpt lat="44.177155" lon="7.675568">
        <ele>2460.2</ele>
        <time>2026-07-25T10:08:07Z</time>
      </trkpt>
      <trkpt lat="44.177165" lon="7.675525">
        <ele>2460.2</ele>
        <time>2026-07-25T10:08:16Z</time>
      </trkpt>
      <trkpt lat="44.177187" lon="7.675525">
        <ele>2459.8</ele>
        <time>2026-07-25T10:08:25Z</time>
      </trkpt>
      <trkpt lat="44.177188" lon="7.675529">
        <ele>2459.6</ele>
        <time>2026-07-25T10:08:26Z</time>
      </trkpt>
      <trkpt lat="44.177186" lon="7.675534">
        <ele>2459.6</ele>
        <time>2026-07-25T10:08:27Z</time>
      </trkpt>
      <trkpt lat="44.177182" lon="7.67554">
        <ele>2459.6</ele>
        <time>2026-07-25T10:08:28Z</time>
      </trkpt>
      <trkpt lat="44.177183" lon="7.675559">
        <ele>2460.0</ele>
        <time>2026-07-25T10:08:39Z</time>
      </trkpt>
      <trkpt lat="44.177175" lon="7.675547">
        <ele>2460.4</ele>
        <time>2026-07-25T10:08:46Z</time>
      </trkpt>
      <trkpt lat="44.177178" lon="7.675539">
        <ele>2460.4</ele>
        <time>2026-07-25T10:08:55Z</time>
      </trkpt>
      <trkpt lat="44.177161" lon="7.67552">
        <ele>2460.0</ele>
        <time>2026-07-25T10:09:03Z</time>
      </trkpt>
      <trkpt lat="44.177136" lon="7.675556">
        <ele>2460.6</ele>
        <time>2026-07-25T10:09:11Z</time>
      </trkpt>
      <trkpt lat="44.177143" lon="7.675479">
        <ele>2459.2</ele>
        <time>2026-07-25T10:09:19Z</time>
      </trkpt>
      <trkpt lat="44.177147" lon="7.675479">
        <ele>2459.2</ele>
        <time>2026-07-25T10:09:28Z</time>
      </trkpt>
      <trkpt lat="44.177154" lon="7.675548">
        <ele>2459.0</ele>
        <time>2026-07-25T10:09:37Z</time>
      </trkpt>
      <trkpt lat="44.177153" lon="7.675583">
        <ele>2459.2</ele>
        <time>2026-07-25T10:09:40Z</time>
      </trkpt>
      <trkpt lat="44.177155" lon="7.675596">
        <ele>2459.6</ele>
        <time>2026-07-25T10:09:44Z</time>
      </trkpt>
      <trkpt lat="44.177147" lon="7.675614">
        <ele>2459.4</ele>
        <time>2026-07-25T10:09:53Z</time>
      </trkpt>
      <trkpt lat="44.17715" lon="7.675555">
        <ele>2459.4</ele>
        <time>2026-07-25T10:10:00Z</time>
      </trkpt>
      <trkpt lat="44.17716" lon="7.67556">
        <ele>2459.2</ele>
        <time>2026-07-25T10:10:07Z</time>
      </trkpt>
      <trkpt lat="44.177156" lon="7.675562">
        <ele>2459.2</ele>
        <time>2026-07-25T10:10:12Z</time>
      </trkpt>
      <trkpt lat="44.177155" lon="7.67558">
        <ele>2459.6</ele>
        <time>2026-07-25T10:10:16Z</time>
      </trkpt>
      <trkpt lat="44.177145" lon="7.675561">
        <ele>2458.6</ele>
        <time>2026-07-25T10:10:22Z</time>
      </trkpt>
      <trkpt lat="44.177143" lon="7.67556">
        <ele>2458.4</ele>
        <time>2026-07-25T10:10:24Z</time>
      </trkpt>
      <trkpt lat="44.177142" lon="7.675575">
        <ele>2459.0</ele>
        <time>2026-07-25T10:10:35Z</time>
      </trkpt>
      <trkpt lat="44.177149" lon="7.675566">
        <ele>2459.4</ele>
        <time>2026-07-25T10:10:40Z</time>
      </trkpt>
      <trkpt lat="44.177162" lon="7.675564">
        <ele>2459.2</ele>
        <time>2026-07-25T10:10:42Z</time>
      </trkpt>
      <trkpt lat="44.177168" lon="7.67556">
        <ele>2459.4</ele>
        <time>2026-07-25T10:10:43Z</time>
      </trkpt>
      <trkpt lat="44.17719" lon="7.675549">
        <ele>2459.4</ele>
        <time>2026-07-25T10:10:47Z</time>
      </trkpt>
      <trkpt lat="44.177199" lon="7.675539">
        <ele>2459.2</ele>
        <time>2026-07-25T10:10:52Z</time>
      </trkpt>
      <trkpt lat="44.177192" lon="7.675531">
        <ele>2459.8</ele>
        <time>2026-07-25T10:10:55Z</time>
      </trkpt>
      <trkpt lat="44.177184" lon="7.675522">
        <ele>2461.0</ele>
        <time>2026-07-25T10:10:58Z</time>
      </trkpt>
      <trkpt lat="44.177178" lon="7.675518">
        <ele>2460.8</ele>
        <time>2026-07-25T10:11:00Z</time>
      </trkpt>
      <trkpt lat="44.177145" lon="7.675526">
        <ele>2460.0</ele>
        <time>2026-07-25T10:11:07Z</time>
      </trkpt>
      <trkpt lat="44.177167" lon="7.675543">
        <ele>2460.6</ele>
        <time>2026-07-25T10:11:12Z</time>
      </trkpt>
      <trkpt lat="44.177165" lon="7.675527">
        <ele>2460.0</ele>
        <time>2026-07-25T10:11:16Z</time>
      </trkpt>
      <trkpt lat="44.177163" lon="7.675503">
        <ele>2460.8</ele>
        <time>2026-07-25T10:11:25Z</time>
      </trkpt>
      <trkpt lat="44.17716" lon="7.67551">
        <ele>2459.8</ele>
        <time>2026-07-25T10:11:30Z</time>
      </trkpt>
      <trkpt lat="44.177158" lon="7.675513">
        <ele>2460.2</ele>
        <time>2026-07-25T10:11:35Z</time>
      </trkpt>
      <trkpt lat="44.177162" lon="7.675507">
        <ele>2459.8</ele>
        <time>2026-07-25T10:11:37Z</time>
      </trkpt>
      <trkpt lat="44.177165" lon="7.675496">
        <ele>2459.6</ele>
        <time>2026-07-25T10:11:39Z</time>
      </trkpt>
      <trkpt lat="44.177182" lon="7.675497">
        <ele>2459.0</ele>
        <time>2026-07-25T10:11:43Z</time>
      </trkpt>
      <trkpt lat="44.177199" lon="7.675523">
        <ele>2459.2</ele>
        <time>2026-07-25T10:11:49Z</time>
      </trkpt>
      <trkpt lat="44.177193" lon="7.675536">
        <ele>2459.2</ele>
        <time>2026-07-25T10:11:52Z</time>
      </trkpt>
      <trkpt lat="44.177183" lon="7.675553">
        <ele>2458.8</ele>
        <time>2026-07-25T10:12:01Z</time>
      </trkpt>
      <trkpt lat="44.177182" lon="7.675552">
        <ele>2458.8</ele>
        <time>2026-07-25T10:12:02Z</time>
      </trkpt>
      <trkpt lat="44.177167" lon="7.675541">
        <ele>2457.8</ele>
        <time>2026-07-25T10:12:09Z</time>
      </trkpt>
      <trkpt lat="44.177171" lon="7.675535">
        <ele>2457.8</ele>
        <time>2026-07-25T10:12:11Z</time>
      </trkpt>
      <trkpt lat="44.177174" lon="7.675544">
        <ele>2456.6</ele>
        <time>2026-07-25T10:12:15Z</time>
      </trkpt>
      <trkpt lat="44.177149" lon="7.675564">
        <ele>2456.8</ele>
        <time>2026-07-25T10:12:20Z</time>
      </trkpt>
      <trkpt lat="44.177131" lon="7.675567">
        <ele>2457.8</ele>
        <time>2026-07-25T10:12:26Z</time>
      </trkpt>
      <trkpt lat="44.177132" lon="7.675575">
        <ele>2456.8</ele>
        <time>2026-07-25T10:12:31Z</time>
      </trkpt>
      <trkpt lat="44.177133" lon="7.675576">
        <ele>2456.0</ele>
        <time>2026-07-25T10:12:32Z</time>
      </trkpt>
      <trkpt lat="44.17713" lon="7.675577">
        <ele>2456.2</ele>
        <time>2026-07-25T10:12:34Z</time>
      </trkpt>
      <trkpt lat="44.17714" lon="7.675624">
        <ele>2456.2</ele>
        <time>2026-07-25T10:12:45Z</time>
      </trkpt>
      <trkpt lat="44.177132" lon="7.675574">
        <ele>2456.6</ele>
        <time>2026-07-25T10:12:51Z</time>
      </trkpt>
      <trkpt lat="44.177136" lon="7.675569">
        <ele>2456.4</ele>
        <time>2026-07-25T10:12:53Z</time>
      </trkpt>
      <trkpt lat="44.177155" lon="7.675552">
        <ele>2456.8</ele>
        <time>2026-07-25T10:12:59Z</time>
      </trkpt>
      <trkpt lat="44.177159" lon="7.675539">
        <ele>2456.8</ele>
        <time>2026-07-25T10:13:02Z</time>
      </trkpt>
      <trkpt lat="44.177168" lon="7.675503">
        <ele>2455.6</ele>
        <time>2026-07-25T10:13:07Z</time>
      </trkpt>
      <trkpt lat="44.17717" lon="7.675498">
        <ele>2455.6</ele>
        <time>2026-07-25T10:13:08Z</time>
      </trkpt>
      <trkpt lat="44.17718" lon="7.675482">
        <ele>2455.2</ele>
        <time>2026-07-25T10:13:12Z</time>
      </trkpt>
      <trkpt lat="44.177195" lon="7.675458">
        <ele>2455.2</ele>
        <time>2026-07-25T10:13:16Z</time>
      </trkpt>
      <trkpt lat="44.177232" lon="7.675427">
        <ele>2455.2</ele>
        <time>2026-07-25T10:13:20Z</time>
      </trkpt>
      <trkpt lat="44.177204" lon="7.675419">
        <ele>2455.2</ele>
        <time>2026-07-25T10:13:26Z</time>
      </trkpt>
      <trkpt lat="44.177204" lon="7.675421">
        <ele>2455.0</ele>
        <time>2026-07-25T10:13:28Z</time>
      </trkpt>
      <trkpt lat="44.177227" lon="7.675433">
        <ele>2455.0</ele>
        <time>2026-07-25T10:13:30Z</time>
      </trkpt>
      <trkpt lat="44.177199" lon="7.67544">
        <ele>2455.2</ele>
        <time>2026-07-25T10:13:33Z</time>
      </trkpt>
      <trkpt lat="44.177152" lon="7.675467">
        <ele>2456.6</ele>
        <time>2026-07-25T10:13:40Z</time>
      </trkpt>
      <trkpt lat="44.177132" lon="7.675492">
        <ele>2455.6</ele>
        <time>2026-07-25T10:13:47Z</time>
      </trkpt>
      <trkpt lat="44.177168" lon="7.675468">
        <ele>2455.2</ele>
        <time>2026-07-25T10:13:55Z</time>
      </trkpt>
      <trkpt lat="44.177187" lon="7.675459">
        <ele>2455.4</ele>
        <time>2026-07-25T10:13:57Z</time>
      </trkpt>
      <trkpt lat="44.177194" lon="7.675488">
        <ele>2455.6</ele>
        <time>2026-07-25T10:13:59Z</time>
      </trkpt>
      <trkpt lat="44.1772" lon="7.675476">
        <ele>2455.0</ele>
        <time>2026-07-25T10:14:02Z</time>
      </trkpt>
      <trkpt lat="44.177221" lon="7.675486">
        <ele>2454.6</ele>
        <time>2026-07-25T10:14:09Z</time>
      </trkpt>
      <trkpt lat="44.177173" lon="7.675503">
        <ele>2455.8</ele>
        <time>2026-07-25T10:14:16Z</time>
      </trkpt>
      <trkpt lat="44.17714" lon="7.675525">
        <ele>2455.0</ele>
        <time>2026-07-25T10:14:24Z</time>
      </trkpt>
      <trkpt lat="44.177136" lon="7.675541">
        <ele>2454.4</ele>
        <time>2026-07-25T10:14:27Z</time>
      </trkpt>
      <trkpt lat="44.177139" lon="7.675568">
        <ele>2454.0</ele>
        <time>2026-07-25T10:14:33Z</time>
      </trkpt>
      <trkpt lat="44.177143" lon="7.675573">
        <ele>2454.4</ele>
        <time>2026-07-25T10:14:35Z</time>
      </trkpt>
      <trkpt lat="44.177114" lon="7.675582">
        <ele>2454.0</ele>
        <time>2026-07-25T10:14:44Z</time>
      </trkpt>
      <trkpt lat="44.177104" lon="7.675571">
        <ele>2453.8</ele>
        <time>2026-07-25T10:14:49Z</time>
      </trkpt>
      <trkpt lat="44.177131" lon="7.675554">
        <ele>2453.8</ele>
        <time>2026-07-25T10:14:57Z</time>
      </trkpt>
      <trkpt lat="44.177144" lon="7.675517">
        <ele>2454.4</ele>
        <time>2026-07-25T10:15:07Z</time>
      </trkpt>
      <trkpt lat="44.177159" lon="7.675543">
        <ele>2455.2</ele>
        <time>2026-07-25T10:15:14Z</time>
      </trkpt>
      <trkpt lat="44.177187" lon="7.67555">
        <ele>2454.4</ele>
        <time>2026-07-25T10:15:22Z</time>
      </trkpt>
      <trkpt lat="44.177193" lon="7.67556">
        <ele>2454.8</ele>
        <time>2026-07-25T10:15:27Z</time>
      </trkpt>
      <trkpt lat="44.177203" lon="7.675562">
        <ele>2455.0</ele>
        <time>2026-07-25T10:15:30Z</time>
      </trkpt>
      <trkpt lat="44.177214" lon="7.675565">
        <ele>2454.8</ele>
        <time>2026-07-25T10:15:39Z</time>
      </trkpt>
      <trkpt lat="44.177206" lon="7.675588">
        <ele>2455.0</ele>
        <time>2026-07-25T10:15:48Z</time>
      </trkpt>
      <trkpt lat="44.177145" lon="7.675619">
        <ele>2454.8</ele>
        <time>2026-07-25T10:15:58Z</time>
      </trkpt>
      <trkpt lat="44.177143" lon="7.6756">
        <ele>2454.6</ele>
        <time>2026-07-25T10:16:04Z</time>
      </trkpt>
      <trkpt lat="44.177142" lon="7.675579">
        <ele>2454.6</ele>
        <time>2026-07-25T10:16:10Z</time>
      </trkpt>
      <trkpt lat="44.177138" lon="7.675578">
        <ele>2454.6</ele>
        <time>2026-07-25T10:16:11Z</time>
      </trkpt>
      <trkpt lat="44.17716" lon="7.67556">
        <ele>2454.4</ele>
        <time>2026-07-25T10:16:19Z</time>
      </trkpt>
      <trkpt lat="44.177174" lon="7.675562">
        <ele>2454.4</ele>
        <time>2026-07-25T10:16:23Z</time>
      </trkpt>
      <trkpt lat="44.177207" lon="7.67553">
        <ele>2454.8</ele>
        <time>2026-07-25T10:16:30Z</time>
      </trkpt>
      <trkpt lat="44.17722" lon="7.675545">
        <ele>2454.6</ele>
        <time>2026-07-25T10:16:38Z</time>
      </trkpt>
      <trkpt lat="44.17723" lon="7.675579">
        <ele>2454.8</ele>
        <time>2026-07-25T10:16:48Z</time>
      </trkpt>
      <trkpt lat="44.177221" lon="7.675616">
        <ele>2454.6</ele>
        <time>2026-07-25T10:16:54Z</time>
      </trkpt>
      <trkpt lat="44.177231" lon="7.67561">
        <ele>2454.6</ele>
        <time>2026-07-25T10:16:57Z</time>
      </trkpt>
      <trkpt lat="44.177255" lon="7.675581">
        <ele>2454.6</ele>
        <time>2026-07-25T10:17:03Z</time>
      </trkpt>
      <trkpt lat="44.17725" lon="7.67558">
        <ele>2454.8</ele>
        <time>2026-07-25T10:17:09Z</time>
      </trkpt>
      <trkpt lat="44.177267" lon="7.675539">
        <ele>2454.8</ele>
        <time>2026-07-25T10:17:17Z</time>
      </trkpt>
      <trkpt lat="44.177213" lon="7.675562">
        <ele>2454.4</ele>
        <time>2026-07-25T10:17:25Z</time>
      </trkpt>
      <trkpt lat="44.177193" lon="7.675564">
        <ele>2453.6</ele>
        <time>2026-07-25T10:17:32Z</time>
      </trkpt>
      <trkpt lat="44.177178" lon="7.675544">
        <ele>2453.8</ele>
        <time>2026-07-25T10:17:39Z</time>
      </trkpt>
      <trkpt lat="44.177187" lon="7.675529">
        <ele>2454.0</ele>
        <time>2026-07-25T10:17:43Z</time>
      </trkpt>
      <trkpt lat="44.177202" lon="7.675521">
        <ele>2454.0</ele>
        <time>2026-07-25T10:17:46Z</time>
      </trkpt>
      <trkpt lat="44.177206" lon="7.67551">
        <ele>2453.8</ele>
        <time>2026-07-25T10:17:48Z</time>
      </trkpt>
      <trkpt lat="44.177205" lon="7.675506">
        <ele>2454.0</ele>
        <time>2026-07-25T10:17:50Z</time>
      </trkpt>
      <trkpt lat="44.177192" lon="7.675492">
        <ele>2454.0</ele>
        <time>2026-07-25T10:17:56Z</time>
      </trkpt>
      <trkpt lat="44.177169" lon="7.675519">
        <ele>2454.4</ele>
        <time>2026-07-25T10:18:06Z</time>
      </trkpt>
      <trkpt lat="44.177158" lon="7.675535">
        <ele>2454.0</ele>
        <time>2026-07-25T10:18:14Z</time>
      </trkpt>
      <trkpt lat="44.17712" lon="7.675514">
        <ele>2454.0</ele>
        <time>2026-07-25T10:18:23Z</time>
      </trkpt>
      <trkpt lat="44.177109" lon="7.675524">
        <ele>2454.0</ele>
        <time>2026-07-25T10:18:26Z</time>
      </trkpt>
      <trkpt lat="44.177111" lon="7.675546">
        <ele>2454.0</ele>
        <time>2026-07-25T10:18:31Z</time>
      </trkpt>
      <trkpt lat="44.177124" lon="7.675576">
        <ele>2453.6</ele>
        <time>2026-07-25T10:18:37Z</time>
      </trkpt>
      <trkpt lat="44.177116" lon="7.67562">
        <ele>2453.8</ele>
        <time>2026-07-25T10:18:45Z</time>
      </trkpt>
      <trkpt lat="44.177093" lon="7.675628">
        <ele>2453.8</ele>
        <time>2026-07-25T10:18:51Z</time>
      </trkpt>
      <trkpt lat="44.17709" lon="7.675623">
        <ele>2453.4</ele>
        <time>2026-07-25T10:18:58Z</time>
      </trkpt>
      <trkpt lat="44.177089" lon="7.675609">
        <ele>2454.2</ele>
        <time>2026-07-25T10:19:03Z</time>
      </trkpt>
      <trkpt lat="44.177132" lon="7.675547">
        <ele>2453.8</ele>
        <time>2026-07-25T10:19:12Z</time>
      </trkpt>
      <trkpt lat="44.177172" lon="7.675525">
        <ele>2454.0</ele>
        <time>2026-07-25T10:19:19Z</time>
      </trkpt>
      <trkpt lat="44.177164" lon="7.675526">
        <ele>2453.8</ele>
        <time>2026-07-25T10:19:23Z</time>
      </trkpt>
      <trkpt lat="44.177172" lon="7.675487">
        <ele>2453.6</ele>
        <time>2026-07-25T10:19:27Z</time>
      </trkpt>
      <trkpt lat="44.177146" lon="7.675487">
        <ele>2453.8</ele>
        <time>2026-07-25T10:19:35Z</time>
      </trkpt>
      <trkpt lat="44.177128" lon="7.675514">
        <ele>2453.8</ele>
        <time>2026-07-25T10:19:40Z</time>
      </trkpt>
      <trkpt lat="44.177129" lon="7.675514">
        <ele>2454.0</ele>
        <time>2026-07-25T10:19:42Z</time>
      </trkpt>
      <trkpt lat="44.177147" lon="7.675522">
        <ele>2453.8</ele>
        <time>2026-07-25T10:19:49Z</time>
      </trkpt>
      <trkpt lat="44.177149" lon="7.675522">
        <ele>2453.6</ele>
        <time>2026-07-25T10:19:51Z</time>
      </trkpt>
      <trkpt lat="44.177187" lon="7.675539">
        <ele>2453.8</ele>
        <time>2026-07-25T10:19:57Z</time>
      </trkpt>
      <trkpt lat="44.177175" lon="7.675509">
        <ele>2454.0</ele>
        <time>2026-07-25T10:20:03Z</time>
      </trkpt>
      <trkpt lat="44.177184" lon="7.675518">
        <ele>2454.4</ele>
        <time>2026-07-25T10:20:06Z</time>
      </trkpt>
      <trkpt lat="44.177188" lon="7.675512">
        <ele>2454.8</ele>
        <time>2026-07-25T10:20:09Z</time>
      </trkpt>
      <trkpt lat="44.177194" lon="7.675545">
        <ele>2454.4</ele>
        <time>2026-07-25T10:20:14Z</time>
      </trkpt>
      <trkpt lat="44.177203" lon="7.675551">
        <ele>2453.4</ele>
        <time>2026-07-25T10:20:17Z</time>
      </trkpt>
      <trkpt lat="44.177204" lon="7.675556">
        <ele>2453.2</ele>
        <time>2026-07-25T10:20:19Z</time>
      </trkpt>
      <trkpt lat="44.177198" lon="7.675566">
        <ele>2453.6</ele>
        <time>2026-07-25T10:20:25Z</time>
      </trkpt>
      <trkpt lat="44.177176" lon="7.675571">
        <ele>2453.2</ele>
        <time>2026-07-25T10:20:35Z</time>
      </trkpt>
      <trkpt lat="44.177132" lon="7.675575">
        <ele>2453.2</ele>
        <time>2026-07-25T10:20:46Z</time>
      </trkpt>
      <trkpt lat="44.177122" lon="7.675584">
        <ele>2452.6</ele>
        <time>2026-07-25T10:20:55Z</time>
      </trkpt>
      <trkpt lat="44.17714" lon="7.675562">
        <ele>2452.6</ele>
        <time>2026-07-25T10:20:59Z</time>
      </trkpt>
      <trkpt lat="44.177142" lon="7.675549">
        <ele>2452.4</ele>
        <time>2026-07-25T10:21:02Z</time>
      </trkpt>
      <trkpt lat="44.177139" lon="7.675546">
        <ele>2452.2</ele>
        <time>2026-07-25T10:21:04Z</time>
      </trkpt>
      <trkpt lat="44.177136" lon="7.675542">
        <ele>2452.0</ele>
        <time>2026-07-25T10:21:07Z</time>
      </trkpt>
      <trkpt lat="44.177142" lon="7.675527">
        <ele>2451.6</ele>
        <time>2026-07-25T10:21:15Z</time>
      </trkpt>
      <trkpt lat="44.177141" lon="7.675577">
        <ele>2451.4</ele>
        <time>2026-07-25T10:21:24Z</time>
      </trkpt>
      <trkpt lat="44.177126" lon="7.675576">
        <ele>2451.2</ele>
        <time>2026-07-25T10:21:28Z</time>
      </trkpt>
      <trkpt lat="44.177118" lon="7.675576">
        <ele>2450.8</ele>
        <time>2026-07-25T10:21:32Z</time>
      </trkpt>
      <trkpt lat="44.177104" lon="7.675573">
        <ele>2450.6</ele>
        <time>2026-07-25T10:21:44Z</time>
      </trkpt>
      <trkpt lat="44.177127" lon="7.675543">
        <ele>2450.6</ele>
        <time>2026-07-25T10:21:53Z</time>
      </trkpt>
      <trkpt lat="44.177131" lon="7.675499">
        <ele>2450.4</ele>
        <time>2026-07-25T10:22:04Z</time>
      </trkpt>
      <trkpt lat="44.177122" lon="7.675505">
        <ele>2450.2</ele>
        <time>2026-07-25T10:22:13Z</time>
      </trkpt>
      <trkpt lat="44.177121" lon="7.675496">
        <ele>2450.0</ele>
        <time>2026-07-25T10:22:21Z</time>
      </trkpt>
      <trkpt lat="44.177154" lon="7.675488">
        <ele>2449.4</ele>
        <time>2026-07-25T10:22:27Z</time>
      </trkpt>
      <trkpt lat="44.177141" lon="7.675495">
        <ele>2449.2</ele>
        <time>2026-07-25T10:22:34Z</time>
      </trkpt>
      <trkpt lat="44.177138" lon="7.675498">
        <ele>2449.2</ele>
        <time>2026-07-25T10:22:37Z</time>
      </trkpt>
      <trkpt lat="44.177114" lon="7.675564">
        <ele>2448.6</ele>
        <time>2026-07-25T10:22:43Z</time>
      </trkpt>
      <trkpt lat="44.1771" lon="7.675554">
        <ele>2448.4</ele>
        <time>2026-07-25T10:22:46Z</time>
      </trkpt>
      <trkpt lat="44.177084" lon="7.675545">
        <ele>2448.6</ele>
        <time>2026-07-25T10:22:49Z</time>
      </trkpt>
      <trkpt lat="44.177074" lon="7.675559">
        <ele>2448.2</ele>
        <time>2026-07-25T10:22:55Z</time>
      </trkpt>
      <trkpt lat="44.177098" lon="7.675545">
        <ele>2448.0</ele>
        <time>2026-07-25T10:22:58Z</time>
      </trkpt>
      <trkpt lat="44.177147" lon="7.675503">
        <ele>2448.4</ele>
        <time>2026-07-25T10:23:05Z</time>
      </trkpt>
      <trkpt lat="44.177131" lon="7.675509">
        <ele>2448.2</ele>
        <time>2026-07-25T10:23:11Z</time>
      </trkpt>
      <trkpt lat="44.177109" lon="7.675526">
        <ele>2448.0</ele>
        <time>2026-07-25T10:23:13Z</time>
      </trkpt>
      <trkpt lat="44.177078" lon="7.675582">
        <ele>2447.8</ele>
        <time>2026-07-25T10:23:23Z</time>
      </trkpt>
      <trkpt lat="44.177081" lon="7.675586">
        <ele>2447.8</ele>
        <time>2026-07-25T10:23:24Z</time>
      </trkpt>
      <trkpt lat="44.177082" lon="7.675587">
        <ele>2447.8</ele>
        <time>2026-07-25T10:23:25Z</time>
      </trkpt>
      <trkpt lat="44.1771" lon="7.675554">
        <ele>2448.0</ele>
        <time>2026-07-25T10:23:31Z</time>
      </trkpt>
      <trkpt lat="44.177091" lon="7.675548">
        <ele>2447.8</ele>
        <time>2026-07-25T10:23:42Z</time>
      </trkpt>
      <trkpt lat="44.177091" lon="7.675532">
        <ele>2448.0</ele>
        <time>2026-07-25T10:23:52Z</time>
      </trkpt>
      <trkpt lat="44.177108" lon="7.675535">
        <ele>2448.2</ele>
        <time>2026-07-25T10:24:00Z</time>
      </trkpt>
      <trkpt lat="44.177105" lon="7.675539">
        <ele>2448.2</ele>
        <time>2026-07-25T10:24:01Z</time>
      </trkpt>
      <trkpt lat="44.17708" lon="7.675563">
        <ele>2448.0</ele>
        <time>2026-07-25T10:24:08Z</time>
      </trkpt>
      <trkpt lat="44.1771" lon="7.675558">
        <ele>2448.0</ele>
        <time>2026-07-25T10:24:17Z</time>
      </trkpt>
      <trkpt lat="44.177097" lon="7.675537">
        <ele>2448.0</ele>
        <time>2026-07-25T10:24:21Z</time>
      </trkpt>
      <trkpt lat="44.177094" lon="7.675538">
        <ele>2448.0</ele>
        <time>2026-07-25T10:24:25Z</time>
      </trkpt>
      <trkpt lat="44.177078" lon="7.675528">
        <ele>2448.4</ele>
        <time>2026-07-25T10:24:35Z</time>
      </trkpt>
      <trkpt lat="44.177084" lon="7.675551">
        <ele>2449.0</ele>
        <time>2026-07-25T10:24:47Z</time>
      </trkpt>
      <trkpt lat="44.17708" lon="7.67553">
        <ele>2449.2</ele>
        <time>2026-07-25T10:24:52Z</time>
      </trkpt>
      <trkpt lat="44.177088" lon="7.67553">
        <ele>2449.4</ele>
        <time>2026-07-25T10:24:55Z</time>
      </trkpt>
      <trkpt lat="44.17706" lon="7.675551">
        <ele>2448.6</ele>
        <time>2026-07-25T10:25:05Z</time>
      </trkpt>
      <trkpt lat="44.177085" lon="7.675524">
        <ele>2448.4</ele>
        <time>2026-07-25T10:25:14Z</time>
      </trkpt>
      <trkpt lat="44.177135" lon="7.67553">
        <ele>2448.8</ele>
        <time>2026-07-25T10:25:24Z</time>
      </trkpt>
      <trkpt lat="44.177128" lon="7.675503">
        <ele>2448.8</ele>
        <time>2026-07-25T10:25:32Z</time>
      </trkpt>
      <trkpt lat="44.177133" lon="7.675486">
        <ele>2449.2</ele>
        <time>2026-07-25T10:25:40Z</time>
      </trkpt>
      <trkpt lat="44.177164" lon="7.67545">
        <ele>2449.4</ele>
        <time>2026-07-25T10:25:46Z</time>
      </trkpt>
      <trkpt lat="44.177146" lon="7.675502">
        <ele>2450.0</ele>
        <time>2026-07-25T10:25:53Z</time>
      </trkpt>
      <trkpt lat="44.177158" lon="7.675537">
        <ele>2449.6</ele>
        <time>2026-07-25T10:26:02Z</time>
      </trkpt>
      <trkpt lat="44.17715" lon="7.675496">
        <ele>2449.8</ele>
        <time>2026-07-25T10:26:08Z</time>
      </trkpt>
      <trkpt lat="44.177114" lon="7.675526">
        <ele>2449.2</ele>
        <time>2026-07-25T10:26:17Z</time>
      </trkpt>
      <trkpt lat="44.177106" lon="7.67555">
        <ele>2449.4</ele>
        <time>2026-07-25T10:26:25Z</time>
      </trkpt>
      <trkpt lat="44.177099" lon="7.675536">
        <ele>2449.4</ele>
        <time>2026-07-25T10:26:34Z</time>
      </trkpt>
      <trkpt lat="44.1771" lon="7.675534">
        <ele>2449.4</ele>
        <time>2026-07-25T10:26:35Z</time>
      </trkpt>
      <trkpt lat="44.177124" lon="7.675535">
        <ele>2449.8</ele>
        <time>2026-07-25T10:26:43Z</time>
      </trkpt>
      <trkpt lat="44.177131" lon="7.675526">
        <ele>2448.8</ele>
        <time>2026-07-25T10:26:51Z</time>
      </trkpt>
      <trkpt lat="44.17712" lon="7.675521">
        <ele>2448.2</ele>
        <time>2026-07-25T10:26:55Z</time>
      </trkpt>
      <trkpt lat="44.177104" lon="7.675531">
        <ele>2448.2</ele>
        <time>2026-07-25T10:26:58Z</time>
      </trkpt>
      <trkpt lat="44.177076" lon="7.675564">
        <ele>2448.0</ele>
        <time>2026-07-25T10:27:07Z</time>
      </trkpt>
      <trkpt lat="44.177078" lon="7.675555">
        <ele>2447.8</ele>
        <time>2026-07-25T10:27:18Z</time>
      </trkpt>
      <trkpt lat="44.177082" lon="7.675528">
        <ele>2448.2</ele>
        <time>2026-07-25T10:27:28Z</time>
      </trkpt>
      <trkpt lat="44.177084" lon="7.67553">
        <ele>2447.4</ele>
        <time>2026-07-25T10:27:39Z</time>
      </trkpt>
      <trkpt lat="44.177085" lon="7.675532">
        <ele>2447.2</ele>
        <time>2026-07-25T10:27:40Z</time>
      </trkpt>
      <trkpt lat="44.177085" lon="7.675535">
        <ele>2447.0</ele>
        <time>2026-07-25T10:27:41Z</time>
      </trkpt>
      <trkpt lat="44.17708" lon="7.675543">
        <ele>2446.6</ele>
        <time>2026-07-25T10:27:52Z</time>
      </trkpt>
      <trkpt lat="44.177078" lon="7.675588">
        <ele>2447.0</ele>
        <time>2026-07-25T10:28:03Z</time>
      </trkpt>
      <trkpt lat="44.177095" lon="7.675578">
        <ele>2447.6</ele>
        <time>2026-07-25T10:28:12Z</time>
      </trkpt>
      <trkpt lat="44.177102" lon="7.675564">
        <ele>2447.6</ele>
        <time>2026-07-25T10:28:16Z</time>
      </trkpt>
      <trkpt lat="44.177103" lon="7.675554">
        <ele>2447.8</ele>
        <time>2026-07-25T10:28:19Z</time>
      </trkpt>
      <trkpt lat="44.177102" lon="7.675553">
        <ele>2448.0</ele>
        <time>2026-07-25T10:28:22Z</time>
      </trkpt>
      <trkpt lat="44.177103" lon="7.675565">
        <ele>2447.2</ele>
        <time>2026-07-25T10:28:31Z</time>
      </trkpt>
      <trkpt lat="44.177086" lon="7.675572">
        <ele>2447.4</ele>
        <time>2026-07-25T10:28:41Z</time>
      </trkpt>
      <trkpt lat="44.177107" lon="7.675575">
        <ele>2447.8</ele>
        <time>2026-07-25T10:28:52Z</time>
      </trkpt>
      <trkpt lat="44.177141" lon="7.675547">
        <ele>2447.8</ele>
        <time>2026-07-25T10:29:00Z</time>
      </trkpt>
      <trkpt lat="44.177113" lon="7.675548">
        <ele>2448.0</ele>
        <time>2026-07-25T10:29:06Z</time>
      </trkpt>
      <trkpt lat="44.177109" lon="7.675549">
        <ele>2448.2</ele>
        <time>2026-07-25T10:29:08Z</time>
      </trkpt>
      <trkpt lat="44.177115" lon="7.675557">
        <ele>2448.4</ele>
        <time>2026-07-25T10:29:18Z</time>
      </trkpt>
      <trkpt lat="44.177072" lon="7.675583">
        <ele>2448.0</ele>
        <time>2026-07-25T10:29:27Z</time>
      </trkpt>
      <trkpt lat="44.177076" lon="7.675591">
        <ele>2448.4</ele>
        <time>2026-07-25T10:29:36Z</time>
      </trkpt>
      <trkpt lat="44.177097" lon="7.675586">
        <ele>2448.4</ele>
        <time>2026-07-25T10:29:41Z</time>
      </trkpt>
      <trkpt lat="44.1771" lon="7.675584">
        <ele>2448.4</ele>
        <time>2026-07-25T10:29:42Z</time>
      </trkpt>
      <trkpt lat="44.177101" lon="7.675575">
        <ele>2448.6</ele>
        <time>2026-07-25T10:29:47Z</time>
      </trkpt>
      <trkpt lat="44.177114" lon="7.675567">
        <ele>2448.6</ele>
        <time>2026-07-25T10:29:55Z</time>
      </trkpt>
      <trkpt lat="44.177126" lon="7.67557">
        <ele>2448.6</ele>
        <time>2026-07-25T10:29:59Z</time>
      </trkpt>
      <trkpt lat="44.177125" lon="7.675579">
        <ele>2448.0</ele>
        <time>2026-07-25T10:30:08Z</time>
      </trkpt>
      <trkpt lat="44.177119" lon="7.675569">
        <ele>2447.6</ele>
        <time>2026-07-25T10:30:16Z</time>
      </trkpt>
      <trkpt lat="44.17711" lon="7.675574">
        <ele>2447.2</ele>
        <time>2026-07-25T10:30:21Z</time>
      </trkpt>
      <trkpt lat="44.177079" lon="7.675584">
        <ele>2447.0</ele>
        <time>2026-07-25T10:30:25Z</time>
      </trkpt>
      <trkpt lat="44.177078" lon="7.675588">
        <ele>2447.0</ele>
        <time>2026-07-25T10:30:26Z</time>
      </trkpt>
      <trkpt lat="44.177086" lon="7.6756">
        <ele>2447.0</ele>
        <time>2026-07-25T10:30:35Z</time>
      </trkpt>
      <trkpt lat="44.177113" lon="7.675548">
        <ele>2447.4</ele>
        <time>2026-07-25T10:30:44Z</time>
      </trkpt>
      <trkpt lat="44.177123" lon="7.675571">
        <ele>2447.6</ele>
        <time>2026-07-25T10:30:53Z</time>
      </trkpt>
      <trkpt lat="44.177119" lon="7.675575">
        <ele>2446.8</ele>
        <time>2026-07-25T10:31:05Z</time>
      </trkpt>
      <trkpt lat="44.177122" lon="7.675568">
        <ele>2447.0</ele>
        <time>2026-07-25T10:31:14Z</time>
      </trkpt>
      <trkpt lat="44.177125" lon="7.675551">
        <ele>2447.2</ele>
        <time>2026-07-25T10:31:22Z</time>
      </trkpt>
      <trkpt lat="44.177121" lon="7.675552">
        <ele>2447.2</ele>
        <time>2026-07-25T10:31:23Z</time>
      </trkpt>
      <trkpt lat="44.177114" lon="7.675554">
        <ele>2447.2</ele>
        <time>2026-07-25T10:31:24Z</time>
      </trkpt>
      <trkpt lat="44.177106" lon="7.675558">
        <ele>2447.2</ele>
        <time>2026-07-25T10:31:25Z</time>
      </trkpt>
      <trkpt lat="44.177107" lon="7.675558">
        <ele>2447.4</ele>
        <time>2026-07-25T10:31:33Z</time>
      </trkpt>
      <trkpt lat="44.177106" lon="7.675555">
        <ele>2447.6</ele>
        <time>2026-07-25T10:31:40Z</time>
      </trkpt>
      <trkpt lat="44.177105" lon="7.675556">
        <ele>2447.8</ele>
        <time>2026-07-25T10:31:41Z</time>
      </trkpt>
      <trkpt lat="44.177114" lon="7.675553">
        <ele>2448.0</ele>
        <time>2026-07-25T10:31:54Z</time>
      </trkpt>
      <trkpt lat="44.177111" lon="7.67556">
        <ele>2448.2</ele>
        <time>2026-07-25T10:31:56Z</time>
      </trkpt>
      <trkpt lat="44.177061" lon="7.675565">
        <ele>2447.8</ele>
        <time>2026-07-25T10:32:05Z</time>
      </trkpt>
      <trkpt lat="44.17706" lon="7.675575">
        <ele>2447.4</ele>
        <time>2026-07-25T10:32:13Z</time>
      </trkpt>
      <trkpt lat="44.17706" lon="7.675578">
        <ele>2447.0</ele>
        <time>2026-07-25T10:32:16Z</time>
      </trkpt>
      <trkpt lat="44.177067" lon="7.675588">
        <ele>2446.4</ele>
        <time>2026-07-25T10:32:22Z</time>
      </trkpt>
      <trkpt lat="44.17709" lon="7.675603">
        <ele>2446.8</ele>
        <time>2026-07-25T10:32:31Z</time>
      </trkpt>
      <trkpt lat="44.177077" lon="7.675561">
        <ele>2446.6</ele>
        <time>2026-07-25T10:32:41Z</time>
      </trkpt>
      <trkpt lat="44.177073" lon="7.675578">
        <ele>2446.0</ele>
        <time>2026-07-25T10:32:47Z</time>
      </trkpt>
      <trkpt lat="44.177074" lon="7.67559">
        <ele>2445.6</ele>
        <time>2026-07-25T10:32:49Z</time>
      </trkpt>
      <trkpt lat="44.177058" lon="7.675636">
        <ele>2444.8</ele>
        <time>2026-07-25T10:32:54Z</time>
      </trkpt>
      <trkpt lat="44.177046" lon="7.675631">
        <ele>2444.0</ele>
        <time>2026-07-25T10:32:58Z</time>
      </trkpt>
      <trkpt lat="44.177014" lon="7.675657">
        <ele>2444.6</ele>
        <time>2026-07-25T10:33:04Z</time>
      </trkpt>
      <trkpt lat="44.177003" lon="7.675663">
        <ele>2444.6</ele>
        <time>2026-07-25T10:33:06Z</time>
      </trkpt>
      <trkpt lat="44.177012" lon="7.675626">
        <ele>2444.0</ele>
        <time>2026-07-25T10:33:13Z</time>
      </trkpt>
      <trkpt lat="44.177019" lon="7.675615">
        <ele>2443.6</ele>
        <time>2026-07-25T10:33:15Z</time>
      </trkpt>
      <trkpt lat="44.177072" lon="7.675586">
        <ele>2443.4</ele>
        <time>2026-07-25T10:33:20Z</time>
      </trkpt>
      <trkpt lat="44.177052" lon="7.67561">
        <ele>2445.0</ele>
        <time>2026-07-25T10:33:23Z</time>
      </trkpt>
      <trkpt lat="44.177054" lon="7.675611">
        <ele>2446.0</ele>
        <time>2026-07-25T10:33:25Z</time>
      </trkpt>
      <trkpt lat="44.177064" lon="7.675612">
        <ele>2446.0</ele>
        <time>2026-07-25T10:33:28Z</time>
      </trkpt>
      <trkpt lat="44.177044" lon="7.675609">
        <ele>2445.0</ele>
        <time>2026-07-25T10:33:32Z</time>
      </trkpt>
      <trkpt lat="44.177038" lon="7.675603">
        <ele>2445.2</ele>
        <time>2026-07-25T10:33:36Z</time>
      </trkpt>
      <trkpt lat="44.17705" lon="7.67561">
        <ele>2445.4</ele>
        <time>2026-07-25T10:33:38Z</time>
      </trkpt>
      <trkpt lat="44.177065" lon="7.67565">
        <ele>2445.2</ele>
        <time>2026-07-25T10:33:47Z</time>
      </trkpt>
      <trkpt lat="44.177052" lon="7.675674">
        <ele>2445.0</ele>
        <time>2026-07-25T10:33:51Z</time>
      </trkpt>
      <trkpt lat="44.177049" lon="7.675701">
        <ele>2444.4</ele>
        <time>2026-07-25T10:33:55Z</time>
      </trkpt>
      <trkpt lat="44.177045" lon="7.675709">
        <ele>2443.8</ele>
        <time>2026-07-25T10:33:57Z</time>
      </trkpt>
      <trkpt lat="44.177039" lon="7.675708">
        <ele>2442.8</ele>
        <time>2026-07-25T10:33:59Z</time>
      </trkpt>
      <trkpt lat="44.17704" lon="7.675696">
        <ele>2441.8</ele>
        <time>2026-07-25T10:34:01Z</time>
      </trkpt>
      <trkpt lat="44.177046" lon="7.675654">
        <ele>2442.6</ele>
        <time>2026-07-25T10:34:05Z</time>
      </trkpt>
      <trkpt lat="44.177033" lon="7.675639">
        <ele>2442.2</ele>
        <time>2026-07-25T10:34:13Z</time>
      </trkpt>
      <trkpt lat="44.177022" lon="7.675643">
        <ele>2443.8</ele>
        <time>2026-07-25T10:34:20Z</time>
      </trkpt>
      <trkpt lat="44.177024" lon="7.675666">
        <ele>2443.6</ele>
        <time>2026-07-25T10:34:30Z</time>
      </trkpt>
      <trkpt lat="44.177024" lon="7.675678">
        <ele>2442.8</ele>
        <time>2026-07-25T10:34:38Z</time>
      </trkpt>
      <trkpt lat="44.177024" lon="7.675678">
        <ele>2442.6</ele>
        <time>2026-07-25T10:34:39Z</time>
      </trkpt>
      <trkpt lat="44.177009" lon="7.67571">
        <ele>2443.8</ele>
        <time>2026-07-25T10:34:46Z</time>
      </trkpt>
      <trkpt lat="44.177014" lon="7.675723">
        <ele>2444.0</ele>
        <time>2026-07-25T10:34:53Z</time>
      </trkpt>
      <trkpt lat="44.177005" lon="7.675723">
        <ele>2443.6</ele>
        <time>2026-07-25T10:34:57Z</time>
      </trkpt>
      <trkpt lat="44.177007" lon="7.675727">
        <ele>2444.2</ele>
        <time>2026-07-25T10:35:02Z</time>
      </trkpt>
      <trkpt lat="44.17703" lon="7.675717">
        <ele>2444.6</ele>
        <time>2026-07-25T10:35:12Z</time>
      </trkpt>
      <trkpt lat="44.177004" lon="7.675714">
        <ele>2444.0</ele>
        <time>2026-07-25T10:35:20Z</time>
      </trkpt>
      <trkpt lat="44.177006" lon="7.675716">
        <ele>2443.8</ele>
        <time>2026-07-25T10:35:22Z</time>
      </trkpt>
      <trkpt lat="44.177014" lon="7.675683">
        <ele>2444.6</ele>
        <time>2026-07-25T10:35:33Z</time>
      </trkpt>
      <trkpt lat="44.177014" lon="7.675685">
        <ele>2444.6</ele>
        <time>2026-07-25T10:35:37Z</time>
      </trkpt>
      <trkpt lat="44.177011" lon="7.675698">
        <ele>2444.8</ele>
        <time>2026-07-25T10:35:40Z</time>
      </trkpt>
      <trkpt lat="44.177005" lon="7.675707">
        <ele>2445.0</ele>
        <time>2026-07-25T10:35:42Z</time>
      </trkpt>
      <trkpt lat="44.177015" lon="7.675714">
        <ele>2445.6</ele>
        <time>2026-07-25T10:35:50Z</time>
      </trkpt>
      <trkpt lat="44.177028" lon="7.675708">
        <ele>2445.8</ele>
        <time>2026-07-25T10:35:54Z</time>
      </trkpt>
      <trkpt lat="44.177027" lon="7.675703">
        <ele>2445.8</ele>
        <time>2026-07-25T10:35:55Z</time>
      </trkpt>
      <trkpt lat="44.177028" lon="7.675704">
        <ele>2445.8</ele>
        <time>2026-07-25T10:35:56Z</time>
      </trkpt>
      <trkpt lat="44.177028" lon="7.675706">
        <ele>2445.8</ele>
        <time>2026-07-25T10:35:57Z</time>
      </trkpt>
      <trkpt lat="44.177021" lon="7.675741">
        <ele>2445.0</ele>
        <time>2026-07-25T10:36:04Z</time>
      </trkpt>
      <trkpt lat="44.177026" lon="7.675716">
        <ele>2445.4</ele>
        <time>2026-07-25T10:36:12Z</time>
      </trkpt>
      <trkpt lat="44.177022" lon="7.675686">
        <ele>2445.8</ele>
        <time>2026-07-25T10:36:22Z</time>
      </trkpt>
      <trkpt lat="44.17703" lon="7.67568">
        <ele>2445.8</ele>
        <time>2026-07-25T10:36:28Z</time>
      </trkpt>
      <trkpt lat="44.177032" lon="7.675693">
        <ele>2445.0</ele>
        <time>2026-07-25T10:36:31Z</time>
      </trkpt>
      <trkpt lat="44.177004" lon="7.675709">
        <ele>2445.8</ele>
        <time>2026-07-25T10:36:39Z</time>
      </trkpt>
      <trkpt lat="44.176996" lon="7.675715">
        <ele>2445.4</ele>
        <time>2026-07-25T10:36:48Z</time>
      </trkpt>
      <trkpt lat="44.176995" lon="7.67572">
        <ele>2445.6</ele>
        <time>2026-07-25T10:36:53Z</time>
      </trkpt>
      <trkpt lat="44.177014" lon="7.675717">
        <ele>2446.2</ele>
        <time>2026-07-25T10:36:56Z</time>
      </trkpt>
      <trkpt lat="44.177016" lon="7.675715">
        <ele>2445.4</ele>
        <time>2026-07-25T10:37:06Z</time>
      </trkpt>
      <trkpt lat="44.176994" lon="7.675731">
        <ele>2446.2</ele>
        <time>2026-07-25T10:37:15Z</time>
      </trkpt>
      <trkpt lat="44.177034" lon="7.675693">
        <ele>2446.6</ele>
        <time>2026-07-25T10:37:23Z</time>
      </trkpt>
      <trkpt lat="44.177024" lon="7.675705">
        <ele>2446.4</ele>
        <time>2026-07-25T10:37:31Z</time>
      </trkpt>
      <trkpt lat="44.176998" lon="7.675692">
        <ele>2445.4</ele>
        <time>2026-07-25T10:37:39Z</time>
      </trkpt>
      <trkpt lat="44.177014" lon="7.675692">
        <ele>2447.0</ele>
        <time>2026-07-25T10:37:42Z</time>
      </trkpt>
      <trkpt lat="44.17702" lon="7.675695">
        <ele>2447.2</ele>
        <time>2026-07-25T10:37:46Z</time>
      </trkpt>
      <trkpt lat="44.177043" lon="7.675685">
        <ele>2446.8</ele>
        <time>2026-07-25T10:37:55Z</time>
      </trkpt>
      <trkpt lat="44.177016" lon="7.675683">
        <ele>2447.2</ele>
        <time>2026-07-25T10:38:05Z</time>
      </trkpt>
      <trkpt lat="44.177004" lon="7.675685">
        <ele>2448.4</ele>
        <time>2026-07-25T10:38:10Z</time>
      </trkpt>
      <trkpt lat="44.17701" lon="7.67569">
        <ele>2447.4</ele>
        <time>2026-07-25T10:38:13Z</time>
      </trkpt>
      <trkpt lat="44.177012" lon="7.675695">
        <ele>2447.6</ele>
        <time>2026-07-25T10:38:15Z</time>
      </trkpt>
      <trkpt lat="44.177009" lon="7.675704">
        <ele>2446.8</ele>
        <time>2026-07-25T10:38:24Z</time>
      </trkpt>
      <trkpt lat="44.177009" lon="7.675706">
        <ele>2448.4</ele>
        <time>2026-07-25T10:38:33Z</time>
      </trkpt>
      <trkpt lat="44.177015" lon="7.675686">
        <ele>2448.2</ele>
        <time>2026-07-25T10:38:42Z</time>
      </trkpt>
      <trkpt lat="44.177005" lon="7.675665">
        <ele>2449.2</ele>
        <time>2026-07-25T10:38:51Z</time>
      </trkpt>
      <trkpt lat="44.177002" lon="7.675664">
        <ele>2449.0</ele>
        <time>2026-07-25T10:38:52Z</time>
      </trkpt>
      <trkpt lat="44.177007" lon="7.675701">
        <ele>2449.2</ele>
        <time>2026-07-25T10:39:01Z</time>
      </trkpt>
      <trkpt lat="44.177015" lon="7.675711">
        <ele>2449.0</ele>
        <time>2026-07-25T10:39:08Z</time>
      </trkpt>
      <trkpt lat="44.177015" lon="7.675734">
        <ele>2449.4</ele>
        <time>2026-07-25T10:39:14Z</time>
      </trkpt>
      <trkpt lat="44.177015" lon="7.675726">
        <ele>2450.0</ele>
        <time>2026-07-25T10:39:19Z</time>
      </trkpt>
      <trkpt lat="44.177015" lon="7.675713">
        <ele>2450.0</ele>
        <time>2026-07-25T10:39:28Z</time>
      </trkpt>
      <trkpt lat="44.177015" lon="7.675714">
        <ele>2450.0</ele>
        <time>2026-07-25T10:39:29Z</time>
      </trkpt>
      <trkpt lat="44.177015" lon="7.675722">
        <ele>2450.2</ele>
        <time>2026-07-25T10:39:40Z</time>
      </trkpt>
      <trkpt lat="44.177017" lon="7.675702">
        <ele>2449.6</ele>
        <time>2026-07-25T10:39:51Z</time>
      </trkpt>
      <trkpt lat="44.177014" lon="7.675738">
        <ele>2449.0</ele>
        <time>2026-07-25T10:40:01Z</time>
      </trkpt>
      <trkpt lat="44.177006" lon="7.675745">
        <ele>2449.4</ele>
        <time>2026-07-25T10:40:08Z</time>
      </trkpt>
      <trkpt lat="44.17701" lon="7.675735">
        <ele>2449.2</ele>
        <time>2026-07-25T10:40:11Z</time>
      </trkpt>
      <trkpt lat="44.177021" lon="7.675726">
        <ele>2449.6</ele>
        <time>2026-07-25T10:40:15Z</time>
      </trkpt>
      <trkpt lat="44.177026" lon="7.675716">
        <ele>2450.2</ele>
        <time>2026-07-25T10:40:20Z</time>
      </trkpt>
      <trkpt lat="44.177035" lon="7.675705">
        <ele>2449.2</ele>
        <time>2026-07-25T10:40:30Z</time>
      </trkpt>
      <trkpt lat="44.177017" lon="7.675679">
        <ele>2450.4</ele>
        <time>2026-07-25T10:40:41Z</time>
      </trkpt>
      <trkpt lat="44.177018" lon="7.675681">
        <ele>2450.6</ele>
        <time>2026-07-25T10:40:46Z</time>
      </trkpt>
      <trkpt lat="44.177005" lon="7.675698">
        <ele>2450.4</ele>
        <time>2026-07-25T10:40:52Z</time>
      </trkpt>
      <trkpt lat="44.177013" lon="7.675712">
        <ele>2449.4</ele>
        <time>2026-07-25T10:40:55Z</time>
      </trkpt>
      <trkpt lat="44.177003" lon="7.675696">
        <ele>2449.4</ele>
        <time>2026-07-25T10:41:00Z</time>
      </trkpt>
      <trkpt lat="44.177" lon="7.675679">
        <ele>2448.0</ele>
        <time>2026-07-25T10:41:03Z</time>
      </trkpt>
      <trkpt lat="44.176999" lon="7.675679">
        <ele>2447.6</ele>
        <time>2026-07-25T10:41:06Z</time>
      </trkpt>
      <trkpt lat="44.176998" lon="7.675672">
        <ele>2449.2</ele>
        <time>2026-07-25T10:41:14Z</time>
      </trkpt>
      <trkpt lat="44.176987" lon="7.675683">
        <ele>2452.0</ele>
        <time>2026-07-25T10:41:17Z</time>
      </trkpt>
      <trkpt lat="44.176961" lon="7.675702">
        <ele>2450.6</ele>
        <time>2026-07-25T10:41:22Z</time>
      </trkpt>
      <trkpt lat="44.176957" lon="7.675712">
        <ele>2449.4</ele>
        <time>2026-07-25T10:41:25Z</time>
      </trkpt>
      <trkpt lat="44.176954" lon="7.675715">
        <ele>2448.0</ele>
        <time>2026-07-25T10:41:28Z</time>
      </trkpt>
      <trkpt lat="44.176951" lon="7.675718">
        <ele>2446.6</ele>
        <time>2026-07-25T10:41:30Z</time>
      </trkpt>
      <trkpt lat="44.17694" lon="7.67572">
        <ele>2445.4</ele>
        <time>2026-07-25T10:41:32Z</time>
      </trkpt>
      <trkpt lat="44.176931" lon="7.675669">
        <ele>2444.4</ele>
        <time>2026-07-25T10:41:36Z</time>
      </trkpt>
      <trkpt lat="44.176902" lon="7.675652">
        <ele>2443.2</ele>
        <time>2026-07-25T10:41:42Z</time>
      </trkpt>
      <trkpt lat="44.176892" lon="7.675657">
        <ele>2442.2</ele>
        <time>2026-07-25T10:41:44Z</time>
      </trkpt>
      <trkpt lat="44.176887" lon="7.675661">
        <ele>2442.0</ele>
        <time>2026-07-25T10:41:45Z</time>
      </trkpt>
      <trkpt lat="44.176869" lon="7.675669">
        <ele>2440.8</ele>
        <time>2026-07-25T10:41:52Z</time>
      </trkpt>
      <trkpt lat="44.176865" lon="7.675635">
        <ele>2439.4</ele>
        <time>2026-07-25T10:41:55Z</time>
      </trkpt>
      <trkpt lat="44.176858" lon="7.675621">
        <ele>2438.0</ele>
        <time>2026-07-25T10:41:58Z</time>
      </trkpt>
      <trkpt lat="44.176853" lon="7.675615">
        <ele>2437.4</ele>
        <time>2026-07-25T10:42:00Z</time>
      </trkpt>
      <trkpt lat="44.176847" lon="7.67562">
        <ele>2437.0</ele>
        <time>2026-07-25T10:42:02Z</time>
      </trkpt>
      <trkpt lat="44.176809" lon="7.675605">
        <ele>2437.0</ele>
        <time>2026-07-25T10:42:08Z</time>
      </trkpt>
      <trkpt lat="44.176799" lon="7.675603">
        <ele>2435.4</ele>
        <time>2026-07-25T10:42:11Z</time>
      </trkpt>
      <trkpt lat="44.176797" lon="7.675593">
        <ele>2434.4</ele>
        <time>2026-07-25T10:42:16Z</time>
      </trkpt>
      <trkpt lat="44.176795" lon="7.675574">
        <ele>2433.4</ele>
        <time>2026-07-25T10:42:21Z</time>
      </trkpt>
      <trkpt lat="44.176794" lon="7.675569">
        <ele>2433.0</ele>
        <time>2026-07-25T10:42:22Z</time>
      </trkpt>
      <trkpt lat="44.17679" lon="7.675559">
        <ele>2432.8</ele>
        <time>2026-07-25T10:42:23Z</time>
      </trkpt>
      <trkpt lat="44.176789" lon="7.67555">
        <ele>2431.8</ele>
        <time>2026-07-25T10:42:25Z</time>
      </trkpt>
      <trkpt lat="44.176785" lon="7.67554">
        <ele>2430.8</ele>
        <time>2026-07-25T10:42:27Z</time>
      </trkpt>
      <trkpt lat="44.176782" lon="7.675528">
        <ele>2430.0</ele>
        <time>2026-07-25T10:42:30Z</time>
      </trkpt>
      <trkpt lat="44.176777" lon="7.67551">
        <ele>2429.8</ele>
        <time>2026-07-25T10:42:32Z</time>
      </trkpt>
      <trkpt lat="44.176773" lon="7.675502">
        <ele>2429.6</ele>
        <time>2026-07-25T10:42:33Z</time>
      </trkpt>
      <trkpt lat="44.176758" lon="7.675477">
        <ele>2428.4</ele>
        <time>2026-07-25T10:42:38Z</time>
      </trkpt>
      <trkpt lat="44.176755" lon="7.675468">
        <ele>2427.8</ele>
        <time>2026-07-25T10:42:40Z</time>
      </trkpt>
      <trkpt lat="44.176752" lon="7.675453">
        <ele>2427.4</ele>
        <time>2026-07-25T10:42:43Z</time>
      </trkpt>
      <trkpt lat="44.17675" lon="7.67545">
        <ele>2427.2</ele>
        <time>2026-07-25T10:42:46Z</time>
      </trkpt>
      <trkpt lat="44.176742" lon="7.675438">
        <ele>2426.4</ele>
        <time>2026-07-25T10:42:50Z</time>
      </trkpt>
      <trkpt lat="44.176734" lon="7.675411">
        <ele>2425.2</ele>
        <time>2026-07-25T10:42:53Z</time>
      </trkpt>
      <trkpt lat="44.176723" lon="7.675393">
        <ele>2423.8</ele>
        <time>2026-07-25T10:42:56Z</time>
      </trkpt>
      <trkpt lat="44.17672" lon="7.675386">
        <ele>2422.8</ele>
        <time>2026-07-25T10:43:01Z</time>
      </trkpt>
      <trkpt lat="44.176717" lon="7.675375">
        <ele>2422.8</ele>
        <time>2026-07-25T10:43:10Z</time>
      </trkpt>
      <trkpt lat="44.17672" lon="7.67536">
        <ele>2421.8</ele>
        <time>2026-07-25T10:43:16Z</time>
      </trkpt>
      <trkpt lat="44.176716" lon="7.67535">
        <ele>2421.6</ele>
        <time>2026-07-25T10:43:18Z</time>
      </trkpt>
      <trkpt lat="44.176716" lon="7.675315">
        <ele>2421.8</ele>
        <time>2026-07-25T10:43:25Z</time>
      </trkpt>
      <trkpt lat="44.17672" lon="7.675326">
        <ele>2421.8</ele>
        <time>2026-07-25T10:43:29Z</time>
      </trkpt>
      <trkpt lat="44.176725" lon="7.675323">
        <ele>2421.6</ele>
        <time>2026-07-25T10:43:34Z</time>
      </trkpt>
      <trkpt lat="44.176711" lon="7.675294">
        <ele>2421.2</ele>
        <time>2026-07-25T10:43:40Z</time>
      </trkpt>
      <trkpt lat="44.176703" lon="7.675266">
        <ele>2420.4</ele>
        <time>2026-07-25T10:43:47Z</time>
      </trkpt>
      <trkpt lat="44.176681" lon="7.675237">
        <ele>2420.0</ele>
        <time>2026-07-25T10:43:54Z</time>
      </trkpt>
      <trkpt lat="44.176675" lon="7.675238">
        <ele>2419.4</ele>
        <time>2026-07-25T10:43:56Z</time>
      </trkpt>
      <trkpt lat="44.176659" lon="7.675226">
        <ele>2418.4</ele>
        <time>2026-07-25T10:44:01Z</time>
      </trkpt>
      <trkpt lat="44.176655" lon="7.675213">
        <ele>2418.2</ele>
        <time>2026-07-25T10:44:02Z</time>
      </trkpt>
      <trkpt lat="44.176661" lon="7.675201">
        <ele>2417.2</ele>
        <time>2026-07-25T10:44:06Z</time>
      </trkpt>
      <trkpt lat="44.176661" lon="7.675204">
        <ele>2416.8</ele>
        <time>2026-07-25T10:44:07Z</time>
      </trkpt>
      <trkpt lat="44.17667" lon="7.675174">
        <ele>2417.4</ele>
        <time>2026-07-25T10:44:15Z</time>
      </trkpt>
      <trkpt lat="44.176673" lon="7.675165">
        <ele>2417.4</ele>
        <time>2026-07-25T10:44:16Z</time>
      </trkpt>
      <trkpt lat="44.176672" lon="7.67508">
        <ele>2416.2</ele>
        <time>2026-07-25T10:44:24Z</time>
      </trkpt>
      <trkpt lat="44.176673" lon="7.675073">
        <ele>2416.2</ele>
        <time>2026-07-25T10:44:25Z</time>
      </trkpt>
      <trkpt lat="44.176665" lon="7.675049">
        <ele>2416.8</ele>
        <time>2026-07-25T10:44:31Z</time>
      </trkpt>
      <trkpt lat="44.176649" lon="7.675035">
        <ele>2416.6</ele>
        <time>2026-07-25T10:44:35Z</time>
      </trkpt>
      <trkpt lat="44.176645" lon="7.675022">
        <ele>2416.2</ele>
        <time>2026-07-25T10:44:37Z</time>
      </trkpt>
      <trkpt lat="44.176637" lon="7.675008">
        <ele>2415.4</ele>
        <time>2026-07-25T10:44:42Z</time>
      </trkpt>
      <trkpt lat="44.176632" lon="7.675005">
        <ele>2415.0</ele>
        <time>2026-07-25T10:44:44Z</time>
      </trkpt>
      <trkpt lat="44.176613" lon="7.674987">
        <ele>2414.0</ele>
        <time>2026-07-25T10:44:50Z</time>
      </trkpt>
      <trkpt lat="44.176611" lon="7.674981">
        <ele>2413.6</ele>
        <time>2026-07-25T10:44:51Z</time>
      </trkpt>
      <trkpt lat="44.176607" lon="7.674927">
        <ele>2413.2</ele>
        <time>2026-07-25T10:44:59Z</time>
      </trkpt>
      <trkpt lat="44.176607" lon="7.674917">
        <ele>2412.6</ele>
        <time>2026-07-25T10:45:01Z</time>
      </trkpt>
      <trkpt lat="44.176618" lon="7.674915">
        <ele>2411.4</ele>
        <time>2026-07-25T10:45:05Z</time>
      </trkpt>
      <trkpt lat="44.176626" lon="7.674906">
        <ele>2410.8</ele>
        <time>2026-07-25T10:45:08Z</time>
      </trkpt>
      <trkpt lat="44.17662" lon="7.674885">
        <ele>2410.2</ele>
        <time>2026-07-25T10:45:13Z</time>
      </trkpt>
      <trkpt lat="44.176611" lon="7.674873">
        <ele>2409.6</ele>
        <time>2026-07-25T10:45:16Z</time>
      </trkpt>
      <trkpt lat="44.176588" lon="7.674875">
        <ele>2409.0</ele>
        <time>2026-07-25T10:45:24Z</time>
      </trkpt>
      <trkpt lat="44.176586" lon="7.674877">
        <ele>2408.8</ele>
        <time>2026-07-25T10:45:25Z</time>
      </trkpt>
      <trkpt lat="44.176576" lon="7.674888">
        <ele>2408.0</ele>
        <time>2026-07-25T10:45:32Z</time>
      </trkpt>
      <trkpt lat="44.176565" lon="7.674889">
        <ele>2407.8</ele>
        <time>2026-07-25T10:45:34Z</time>
      </trkpt>
      <trkpt lat="44.176523" lon="7.674905">
        <ele>2407.2</ele>
        <time>2026-07-25T10:45:42Z</time>
      </trkpt>
      <trkpt lat="44.176524" lon="7.674901">
        <ele>2407.0</ele>
        <time>2026-07-25T10:45:43Z</time>
      </trkpt>
      <trkpt lat="44.176527" lon="7.67489">
        <ele>2405.8</ele>
        <time>2026-07-25T10:45:46Z</time>
      </trkpt>
      <trkpt lat="44.176523" lon="7.674849">
        <ele>2404.8</ele>
        <time>2026-07-25T10:45:50Z</time>
      </trkpt>
      <trkpt lat="44.176527" lon="7.674819">
        <ele>2404.6</ele>
        <time>2026-07-25T10:45:55Z</time>
      </trkpt>
      <trkpt lat="44.17653" lon="7.674816">
        <ele>2404.4</ele>
        <time>2026-07-25T10:45:58Z</time>
      </trkpt>
      <trkpt lat="44.176531" lon="7.674812">
        <ele>2404.4</ele>
        <time>2026-07-25T10:45:59Z</time>
      </trkpt>
      <trkpt lat="44.176531" lon="7.67477">
        <ele>2403.6</ele>
        <time>2026-07-25T10:46:05Z</time>
      </trkpt>
      <trkpt lat="44.176531" lon="7.674766">
        <ele>2403.2</ele>
        <time>2026-07-25T10:46:06Z</time>
      </trkpt>
      <trkpt lat="44.176534" lon="7.67476">
        <ele>2402.4</ele>
        <time>2026-07-25T10:46:08Z</time>
      </trkpt>
      <trkpt lat="44.176543" lon="7.674734">
        <ele>2402.0</ele>
        <time>2026-07-25T10:46:14Z</time>
      </trkpt>
      <trkpt lat="44.176531" lon="7.674699">
        <ele>2401.6</ele>
        <time>2026-07-25T10:46:20Z</time>
      </trkpt>
      <trkpt lat="44.176529" lon="7.674696">
        <ele>2401.4</ele>
        <time>2026-07-25T10:46:24Z</time>
      </trkpt>
      <trkpt lat="44.176529" lon="7.674696">
        <ele>2401.6</ele>
        <time>2026-07-25T10:46:29Z</time>
      </trkpt>
      <trkpt lat="44.176528" lon="7.674687">
        <ele>2401.8</ele>
        <time>2026-07-25T10:46:32Z</time>
      </trkpt>
      <trkpt lat="44.176522" lon="7.674634">
        <ele>2400.4</ele>
        <time>2026-07-25T10:46:40Z</time>
      </trkpt>
      <trkpt lat="44.176522" lon="7.674625">
        <ele>2400.2</ele>
        <time>2026-07-25T10:46:41Z</time>
      </trkpt>
      <trkpt lat="44.176526" lon="7.674606">
        <ele>2399.2</ele>
        <time>2026-07-25T10:46:47Z</time>
      </trkpt>
      <trkpt lat="44.176526" lon="7.6746">
        <ele>2399.2</ele>
        <time>2026-07-25T10:46:48Z</time>
      </trkpt>
      <trkpt lat="44.176531" lon="7.674588">
        <ele>2399.0</ele>
        <time>2026-07-25T10:46:55Z</time>
      </trkpt>
      <trkpt lat="44.176533" lon="7.674578">
        <ele>2399.4</ele>
        <time>2026-07-25T10:47:04Z</time>
      </trkpt>
      <trkpt lat="44.176532" lon="7.674569">
        <ele>2399.6</ele>
        <time>2026-07-25T10:47:15Z</time>
      </trkpt>
      <trkpt lat="44.176542" lon="7.674532">
        <ele>2399.4</ele>
        <time>2026-07-25T10:47:22Z</time>
      </trkpt>
      <trkpt lat="44.176523" lon="7.674507">
        <ele>2398.4</ele>
        <time>2026-07-25T10:47:28Z</time>
      </trkpt>
      <trkpt lat="44.176522" lon="7.674497">
        <ele>2398.0</ele>
        <time>2026-07-25T10:47:30Z</time>
      </trkpt>
      <trkpt lat="44.176518" lon="7.674475">
        <ele>2397.6</ele>
        <time>2026-07-25T10:47:36Z</time>
      </trkpt>
      <trkpt lat="44.176518" lon="7.674475">
        <ele>2397.0</ele>
        <time>2026-07-25T10:47:42Z</time>
      </trkpt>
      <trkpt lat="44.176518" lon="7.674475">
        <ele>2396.8</ele>
        <time>2026-07-25T10:47:47Z</time>
      </trkpt>
      <trkpt lat="44.176517" lon="7.674426">
        <ele>2396.0</ele>
        <time>2026-07-25T10:47:55Z</time>
      </trkpt>
      <trkpt lat="44.176514" lon="7.674427">
        <ele>2395.8</ele>
        <time>2026-07-25T10:48:03Z</time>
      </trkpt>
      <trkpt lat="44.176514" lon="7.674427">
        <ele>2396.2</ele>
        <time>2026-07-25T10:48:06Z</time>
      </trkpt>
      <trkpt lat="44.176515" lon="7.674391">
        <ele>2395.8</ele>
        <time>2026-07-25T10:48:12Z</time>
      </trkpt>
      <trkpt lat="44.176513" lon="7.674347">
        <ele>2395.4</ele>
        <time>2026-07-25T10:48:18Z</time>
      </trkpt>
      <trkpt lat="44.17651" lon="7.674309">
        <ele>2395.0</ele>
        <time>2026-07-25T10:48:22Z</time>
      </trkpt>
      <trkpt lat="44.17651" lon="7.674279">
        <ele>2394.4</ele>
        <time>2026-07-25T10:48:25Z</time>
      </trkpt>
      <trkpt lat="44.17651" lon="7.674269">
        <ele>2394.0</ele>
        <time>2026-07-25T10:48:28Z</time>
      </trkpt>
      <trkpt lat="44.176508" lon="7.674259">
        <ele>2393.0</ele>
        <time>2026-07-25T10:48:33Z</time>
      </trkpt>
      <trkpt lat="44.176508" lon="7.674259">
        <ele>2392.8</ele>
        <time>2026-07-25T10:48:34Z</time>
      </trkpt>
      <trkpt lat="44.176525" lon="7.6742">
        <ele>2393.0</ele>
        <time>2026-07-25T10:48:41Z</time>
      </trkpt>
      <trkpt lat="44.176539" lon="7.674183">
        <ele>2392.0</ele>
        <time>2026-07-25T10:48:48Z</time>
      </trkpt>
      <trkpt lat="44.176541" lon="7.67418">
        <ele>2391.8</ele>
        <time>2026-07-25T10:48:49Z</time>
      </trkpt>
      <trkpt lat="44.176559" lon="7.67411">
        <ele>2391.0</ele>
        <time>2026-07-25T10:48:55Z</time>
      </trkpt>
      <trkpt lat="44.176559" lon="7.6741">
        <ele>2390.8</ele>
        <time>2026-07-25T10:48:56Z</time>
      </trkpt>
      <trkpt lat="44.176563" lon="7.67407">
        <ele>2390.0</ele>
        <time>2026-07-25T10:49:01Z</time>
      </trkpt>
      <trkpt lat="44.176565" lon="7.674059">
        <ele>2389.8</ele>
        <time>2026-07-25T10:49:03Z</time>
      </trkpt>
      <trkpt lat="44.176539" lon="7.674006">
        <ele>2389.2</ele>
        <time>2026-07-25T10:49:09Z</time>
      </trkpt>
      <trkpt lat="44.176518" lon="7.673973">
        <ele>2390.0</ele>
        <time>2026-07-25T10:49:15Z</time>
      </trkpt>
      <trkpt lat="44.176518" lon="7.673952">
        <ele>2389.8</ele>
        <time>2026-07-25T10:49:22Z</time>
      </trkpt>
      <trkpt lat="44.176536" lon="7.673925">
        <ele>2389.2</ele>
        <time>2026-07-25T10:49:30Z</time>
      </trkpt>
      <trkpt lat="44.176532" lon="7.67391">
        <ele>2388.6</ele>
        <time>2026-07-25T10:49:34Z</time>
      </trkpt>
      <trkpt lat="44.176518" lon="7.673898">
        <ele>2387.6</ele>
        <time>2026-07-25T10:49:38Z</time>
      </trkpt>
      <trkpt lat="44.176505" lon="7.673883">
        <ele>2386.4</ele>
        <time>2026-07-25T10:49:42Z</time>
      </trkpt>
      <trkpt lat="44.1765" lon="7.673871">
        <ele>2385.8</ele>
        <time>2026-07-25T10:49:45Z</time>
      </trkpt>
      <trkpt lat="44.176492" lon="7.673861">
        <ele>2385.4</ele>
        <time>2026-07-25T10:49:48Z</time>
      </trkpt>
      <trkpt lat="44.176469" lon="7.673879">
        <ele>2385.0</ele>
        <time>2026-07-25T10:49:52Z</time>
      </trkpt>
      <trkpt lat="44.176445" lon="7.673876">
        <ele>2384.2</ele>
        <time>2026-07-25T10:49:56Z</time>
      </trkpt>
      <trkpt lat="44.176445" lon="7.673875">
        <ele>2383.2</ele>
        <time>2026-07-25T10:50:00Z</time>
      </trkpt>
      <trkpt lat="44.176451" lon="7.673878">
        <ele>2383.0</ele>
        <time>2026-07-25T10:50:01Z</time>
      </trkpt>
      <trkpt lat="44.176457" lon="7.67387">
        <ele>2383.8</ele>
        <time>2026-07-25T10:50:07Z</time>
      </trkpt>
      <trkpt lat="44.17646" lon="7.673864">
        <ele>2383.8</ele>
        <time>2026-07-25T10:50:09Z</time>
      </trkpt>
      <trkpt lat="44.176466" lon="7.673858">
        <ele>2384.2</ele>
        <time>2026-07-25T10:50:11Z</time>
      </trkpt>
      <trkpt lat="44.176472" lon="7.673847">
        <ele>2385.0</ele>
        <time>2026-07-25T10:50:14Z</time>
      </trkpt>
      <trkpt lat="44.176483" lon="7.673843">
        <ele>2385.2</ele>
        <time>2026-07-25T10:50:16Z</time>
      </trkpt>
      <trkpt lat="44.176526" lon="7.673795">
        <ele>2386.4</ele>
        <time>2026-07-25T10:50:22Z</time>
      </trkpt>
      <trkpt lat="44.176523" lon="7.673766">
        <ele>2387.0</ele>
        <time>2026-07-25T10:50:32Z</time>
      </trkpt>
      <trkpt lat="44.176522" lon="7.673736">
        <ele>2387.4</ele>
        <time>2026-07-25T10:50:40Z</time>
      </trkpt>
      <trkpt lat="44.176514" lon="7.673716">
        <ele>2387.4</ele>
        <time>2026-07-25T10:50:44Z</time>
      </trkpt>
      <trkpt lat="44.176511" lon="7.673696">
        <ele>2387.8</ele>
        <time>2026-07-25T10:50:47Z</time>
      </trkpt>
      <trkpt lat="44.176522" lon="7.67368">
        <ele>2388.6</ele>
        <time>2026-07-25T10:50:54Z</time>
      </trkpt>
      <trkpt lat="44.176531" lon="7.67369">
        <ele>2389.2</ele>
        <time>2026-07-25T10:50:57Z</time>
      </trkpt>
      <trkpt lat="44.176545" lon="7.673682">
        <ele>2389.6</ele>
        <time>2026-07-25T10:51:00Z</time>
      </trkpt>
      <trkpt lat="44.176549" lon="7.673676">
        <ele>2390.6</ele>
        <time>2026-07-25T10:51:03Z</time>
      </trkpt>
      <trkpt lat="44.17654" lon="7.673682">
        <ele>2391.0</ele>
        <time>2026-07-25T10:51:04Z</time>
      </trkpt>
      <trkpt lat="44.176525" lon="7.673675">
        <ele>2390.6</ele>
        <time>2026-07-25T10:51:07Z</time>
      </trkpt>
      <trkpt lat="44.176511" lon="7.673651">
        <ele>2391.4</ele>
        <time>2026-07-25T10:51:12Z</time>
      </trkpt>
      <trkpt lat="44.17651" lon="7.673643">
        <ele>2391.8</ele>
        <time>2026-07-25T10:51:13Z</time>
      </trkpt>
      <trkpt lat="44.176506" lon="7.673613">
        <ele>2390.8</ele>
        <time>2026-07-25T10:51:17Z</time>
      </trkpt>
      <trkpt lat="44.176509" lon="7.673596">
        <ele>2390.4</ele>
        <time>2026-07-25T10:51:19Z</time>
      </trkpt>
      <trkpt lat="44.176519" lon="7.673549">
        <ele>2391.2</ele>
        <time>2026-07-25T10:51:26Z</time>
      </trkpt>
      <trkpt lat="44.176519" lon="7.673549">
        <ele>2391.8</ele>
        <time>2026-07-25T10:51:32Z</time>
      </trkpt>
      <trkpt lat="44.176519" lon="7.673549">
        <ele>2392.0</ele>
        <time>2026-07-25T10:51:33Z</time>
      </trkpt>
      <trkpt lat="44.176538" lon="7.673522">
        <ele>2392.0</ele>
        <time>2026-07-25T10:51:39Z</time>
      </trkpt>
      <trkpt lat="44.176548" lon="7.673487">
        <ele>2391.6</ele>
        <time>2026-07-25T10:51:46Z</time>
      </trkpt>
      <trkpt lat="44.176548" lon="7.673482">
        <ele>2391.6</ele>
        <time>2026-07-25T10:51:47Z</time>
      </trkpt>
      <trkpt lat="44.176559" lon="7.673457">
        <ele>2392.0</ele>
        <time>2026-07-25T10:51:52Z</time>
      </trkpt>
      <trkpt lat="44.176579" lon="7.67344">
        <ele>2392.2</ele>
        <time>2026-07-25T10:51:56Z</time>
      </trkpt>
      <trkpt lat="44.176584" lon="7.673472">
        <ele>2392.0</ele>
        <time>2026-07-25T10:51:59Z</time>
      </trkpt>
      <trkpt lat="44.176578" lon="7.673494">
        <ele>2391.8</ele>
        <time>2026-07-25T10:52:01Z</time>
      </trkpt>
      <trkpt lat="44.176578" lon="7.673504">
        <ele>2392.0</ele>
        <time>2026-07-25T10:52:03Z</time>
      </trkpt>
      <trkpt lat="44.176577" lon="7.673519">
        <ele>2393.0</ele>
        <time>2026-07-25T10:52:11Z</time>
      </trkpt>
      <trkpt lat="44.176578" lon="7.673518">
        <ele>2394.0</ele>
        <time>2026-07-25T10:52:14Z</time>
      </trkpt>
      <trkpt lat="44.176595" lon="7.673514">
        <ele>2394.4</ele>
        <time>2026-07-25T10:52:20Z</time>
      </trkpt>
      <trkpt lat="44.176586" lon="7.673528">
        <ele>2395.0</ele>
        <time>2026-07-25T10:52:26Z</time>
      </trkpt>
      <trkpt lat="44.176584" lon="7.673539">
        <ele>2395.2</ele>
        <time>2026-07-25T10:52:29Z</time>
      </trkpt>
      <trkpt lat="44.176586" lon="7.673538">
        <ele>2395.2</ele>
        <time>2026-07-25T10:52:30Z</time>
      </trkpt>
      <trkpt lat="44.176598" lon="7.67353">
        <ele>2396.2</ele>
        <time>2026-07-25T10:52:36Z</time>
      </trkpt>
      <trkpt lat="44.1766" lon="7.673531">
        <ele>2396.6</ele>
        <time>2026-07-25T10:52:37Z</time>
      </trkpt>
      <trkpt lat="44.176603" lon="7.67353">
        <ele>2396.8</ele>
        <time>2026-07-25T10:52:38Z</time>
      </trkpt>
      <trkpt lat="44.176607" lon="7.673529">
        <ele>2397.2</ele>
        <time>2026-07-25T10:52:39Z</time>
      </trkpt>
      <trkpt lat="44.176612" lon="7.673525">
        <ele>2397.4</ele>
        <time>2026-07-25T10:52:40Z</time>
      </trkpt>
      <trkpt lat="44.176629" lon="7.673503">
        <ele>2397.8</ele>
        <time>2026-07-25T10:52:46Z</time>
      </trkpt>
      <trkpt lat="44.176653" lon="7.673504">
        <ele>2398.6</ele>
        <time>2026-07-25T10:52:51Z</time>
      </trkpt>
      <trkpt lat="44.176657" lon="7.673506">
        <ele>2399.0</ele>
        <time>2026-07-25T10:52:53Z</time>
      </trkpt>
      <trkpt lat="44.17667" lon="7.67351">
        <ele>2399.8</ele>
        <time>2026-07-25T10:52:58Z</time>
      </trkpt>
      <trkpt lat="44.176688" lon="7.673502">
        <ele>2400.6</ele>
        <time>2026-07-25T10:53:02Z</time>
      </trkpt>
      <trkpt lat="44.176696" lon="7.673495">
        <ele>2400.8</ele>
        <time>2026-07-25T10:53:03Z</time>
      </trkpt>
      <trkpt lat="44.176718" lon="7.673455">
        <ele>2401.6</ele>
        <time>2026-07-25T10:53:08Z</time>
      </trkpt>
      <trkpt lat="44.176724" lon="7.673447">
        <ele>2402.0</ele>
        <time>2026-07-25T10:53:10Z</time>
      </trkpt>
      <trkpt lat="44.176734" lon="7.673459">
        <ele>2403.2</ele>
        <time>2026-07-25T10:53:15Z</time>
      </trkpt>
      <trkpt lat="44.176739" lon="7.673458">
        <ele>2403.4</ele>
        <time>2026-07-25T10:53:16Z</time>
      </trkpt>
      <trkpt lat="44.176769" lon="7.673455">
        <ele>2404.0</ele>
        <time>2026-07-25T10:53:21Z</time>
      </trkpt>
      <trkpt lat="44.176772" lon="7.673453">
        <ele>2404.2</ele>
        <time>2026-07-25T10:53:22Z</time>
      </trkpt>
      <trkpt lat="44.176778" lon="7.673457">
        <ele>2405.2</ele>
        <time>2026-07-25T10:53:28Z</time>
      </trkpt>
      <trkpt lat="44.176786" lon="7.673468">
        <ele>2406.0</ele>
        <time>2026-07-25T10:53:32Z</time>
      </trkpt>
      <trkpt lat="44.176791" lon="7.673469">
        <ele>2406.2</ele>
        <time>2026-07-25T10:53:33Z</time>
      </trkpt>
      <trkpt lat="44.176805" lon="7.673463">
        <ele>2407.2</ele>
        <time>2026-07-25T10:53:41Z</time>
      </trkpt>
      <trkpt lat="44.176803" lon="7.673457">
        <ele>2407.4</ele>
        <time>2026-07-25T10:53:42Z</time>
      </trkpt>
      <trkpt lat="44.176797" lon="7.673446">
        <ele>2407.6</ele>
        <time>2026-07-25T10:53:44Z</time>
      </trkpt>
      <trkpt lat="44.176788" lon="7.673439">
        <ele>2408.2</ele>
        <time>2026-07-25T10:53:48Z</time>
      </trkpt>
      <trkpt lat="44.176787" lon="7.673431">
        <ele>2408.2</ele>
        <time>2026-07-25T10:53:50Z</time>
      </trkpt>
      <trkpt lat="44.176796" lon="7.673413">
        <ele>2408.4</ele>
        <time>2026-07-25T10:53:54Z</time>
      </trkpt>
      <trkpt lat="44.1768" lon="7.673415">
        <ele>2409.2</ele>
        <time>2026-07-25T10:53:58Z</time>
      </trkpt>
      <trkpt lat="44.176802" lon="7.673408">
        <ele>2409.6</ele>
        <time>2026-07-25T10:53:59Z</time>
      </trkpt>
      <trkpt lat="44.176803" lon="7.673407">
        <ele>2410.8</ele>
        <time>2026-07-25T10:54:04Z</time>
      </trkpt>
      <trkpt lat="44.176801" lon="7.67341">
        <ele>2411.4</ele>
        <time>2026-07-25T10:54:06Z</time>
      </trkpt>
      <trkpt lat="44.176825" lon="7.673393">
        <ele>2411.2</ele>
        <time>2026-07-25T10:54:15Z</time>
      </trkpt>
      <trkpt lat="44.176831" lon="7.673394">
        <ele>2412.0</ele>
        <time>2026-07-25T10:54:17Z</time>
      </trkpt>
      <trkpt lat="44.176834" lon="7.673386">
        <ele>2412.4</ele>
        <time>2026-07-25T10:54:25Z</time>
      </trkpt>
      <trkpt lat="44.176822" lon="7.673388">
        <ele>2413.2</ele>
        <time>2026-07-25T10:54:31Z</time>
      </trkpt>
      <trkpt lat="44.176822" lon="7.673384">
        <ele>2413.2</ele>
        <time>2026-07-25T10:54:33Z</time>
      </trkpt>
      <trkpt lat="44.176834" lon="7.673365">
        <ele>2413.6</ele>
        <time>2026-07-25T10:54:40Z</time>
      </trkpt>
      <trkpt lat="44.176848" lon="7.673381">
        <ele>2414.4</ele>
        <time>2026-07-25T10:54:48Z</time>
      </trkpt>
      <trkpt lat="44.176848" lon="7.673385">
        <ele>2414.4</ele>
        <time>2026-07-25T10:54:49Z</time>
      </trkpt>
      <trkpt lat="44.176857" lon="7.673406">
        <ele>2415.0</ele>
        <time>2026-07-25T10:54:56Z</time>
      </trkpt>
      <trkpt lat="44.176859" lon="7.673419">
        <ele>2415.4</ele>
        <time>2026-07-25T10:54:59Z</time>
      </trkpt>
      <trkpt lat="44.17686" lon="7.673413">
        <ele>2415.6</ele>
        <time>2026-07-25T10:55:04Z</time>
      </trkpt>
      <trkpt lat="44.176865" lon="7.673391">
        <ele>2416.6</ele>
        <time>2026-07-25T10:55:07Z</time>
      </trkpt>
      <trkpt lat="44.176874" lon="7.673384">
        <ele>2417.6</ele>
        <time>2026-07-25T10:55:10Z</time>
      </trkpt>
      <trkpt lat="44.176881" lon="7.673379">
        <ele>2417.6</ele>
        <time>2026-07-25T10:55:12Z</time>
      </trkpt>
      <trkpt lat="44.176892" lon="7.673384">
        <ele>2418.0</ele>
        <time>2026-07-25T10:55:20Z</time>
      </trkpt>
      <trkpt lat="44.176892" lon="7.673386">
        <ele>2418.0</ele>
        <time>2026-07-25T10:55:22Z</time>
      </trkpt>
      <trkpt lat="44.176901" lon="7.673378">
        <ele>2418.6</ele>
        <time>2026-07-25T10:55:25Z</time>
      </trkpt>
      <trkpt lat="44.176906" lon="7.673379">
        <ele>2418.8</ele>
        <time>2026-07-25T10:55:26Z</time>
      </trkpt>
      <trkpt lat="44.176924" lon="7.673381">
        <ele>2419.8</ele>
        <time>2026-07-25T10:55:31Z</time>
      </trkpt>
      <trkpt lat="44.176926" lon="7.673382">
        <ele>2420.2</ele>
        <time>2026-07-25T10:55:33Z</time>
      </trkpt>
      <trkpt lat="44.176937" lon="7.673377">
        <ele>2420.2</ele>
        <time>2026-07-25T10:55:43Z</time>
      </trkpt>
      <trkpt lat="44.176939" lon="7.673376">
        <ele>2420.2</ele>
        <time>2026-07-25T10:55:44Z</time>
      </trkpt>
      <trkpt lat="44.176961" lon="7.673389">
        <ele>2420.2</ele>
        <time>2026-07-25T10:55:54Z</time>
      </trkpt>
      <trkpt lat="44.176933" lon="7.673384">
        <ele>2420.2</ele>
        <time>2026-07-25T10:56:02Z</time>
      </trkpt>
      <trkpt lat="44.176915" lon="7.673391">
        <ele>2420.0</ele>
        <time>2026-07-25T10:56:07Z</time>
      </trkpt>
      <trkpt lat="44.176922" lon="7.673407">
        <ele>2419.4</ele>
        <time>2026-07-25T10:56:11Z</time>
      </trkpt>
      <trkpt lat="44.176953" lon="7.673431">
        <ele>2421.0</ele>
        <time>2026-07-25T10:56:20Z</time>
      </trkpt>
      <trkpt lat="44.176943" lon="7.673412">
        <ele>2421.6</ele>
        <time>2026-07-25T10:56:26Z</time>
      </trkpt>
      <trkpt lat="44.176951" lon="7.673417">
        <ele>2421.8</ele>
        <time>2026-07-25T10:56:29Z</time>
      </trkpt>
      <trkpt lat="44.176959" lon="7.673418">
        <ele>2422.2</ele>
        <time>2026-07-25T10:56:34Z</time>
      </trkpt>
      <trkpt lat="44.17697" lon="7.673423">
        <ele>2422.6</ele>
        <time>2026-07-25T10:56:38Z</time>
      </trkpt>
      <trkpt lat="44.176958" lon="7.67342">
        <ele>2422.4</ele>
        <time>2026-07-25T10:56:45Z</time>
      </trkpt>
      <trkpt lat="44.176973" lon="7.673433">
        <ele>2422.2</ele>
        <time>2026-07-25T10:56:48Z</time>
      </trkpt>
      <trkpt lat="44.176972" lon="7.673423">
        <ele>2421.8</ele>
        <time>2026-07-25T10:56:52Z</time>
      </trkpt>
      <trkpt lat="44.176988" lon="7.673423">
        <ele>2422.2</ele>
        <time>2026-07-25T10:56:58Z</time>
      </trkpt>
      <trkpt lat="44.176988" lon="7.673423">
        <ele>2422.2</ele>
        <time>2026-07-25T10:57:00Z</time>
      </trkpt>
      <trkpt lat="44.176998" lon="7.673432">
        <ele>2422.4</ele>
        <time>2026-07-25T10:57:11Z</time>
      </trkpt>
      <trkpt lat="44.176993" lon="7.673422">
        <ele>2422.2</ele>
        <time>2026-07-25T10:57:21Z</time>
      </trkpt>
      <trkpt lat="44.177001" lon="7.673424">
        <ele>2423.4</ele>
        <time>2026-07-25T10:57:25Z</time>
      </trkpt>
      <trkpt lat="44.177004" lon="7.673424">
        <ele>2424.0</ele>
        <time>2026-07-25T10:57:27Z</time>
      </trkpt>
      <trkpt lat="44.177004" lon="7.673409">
        <ele>2423.2</ele>
        <time>2026-07-25T10:57:33Z</time>
      </trkpt>
      <trkpt lat="44.177008" lon="7.673406">
        <ele>2423.2</ele>
        <time>2026-07-25T10:57:43Z</time>
      </trkpt>
      <trkpt lat="44.177031" lon="7.673435">
        <ele>2423.4</ele>
        <time>2026-07-25T10:57:51Z</time>
      </trkpt>
      <trkpt lat="44.177041" lon="7.673428">
        <ele>2424.4</ele>
        <time>2026-07-25T10:57:56Z</time>
      </trkpt>
      <trkpt lat="44.177041" lon="7.673424">
        <ele>2424.6</ele>
        <time>2026-07-25T10:57:57Z</time>
      </trkpt>
      <trkpt lat="44.177029" lon="7.673407">
        <ele>2424.6</ele>
        <time>2026-07-25T10:58:02Z</time>
      </trkpt>
      <trkpt lat="44.177041" lon="7.673418">
        <ele>2425.2</ele>
        <time>2026-07-25T10:58:10Z</time>
      </trkpt>
      <trkpt lat="44.177059" lon="7.67345">
        <ele>2425.6</ele>
        <time>2026-07-25T10:58:17Z</time>
      </trkpt>
      <trkpt lat="44.177056" lon="7.673449">
        <ele>2425.8</ele>
        <time>2026-07-25T10:58:18Z</time>
      </trkpt>
      <trkpt lat="44.177029" lon="7.673452">
        <ele>2425.4</ele>
        <time>2026-07-25T10:58:26Z</time>
      </trkpt>
      <trkpt lat="44.177048" lon="7.673428">
        <ele>2425.6</ele>
        <time>2026-07-25T10:58:34Z</time>
      </trkpt>
      <trkpt lat="44.177067" lon="7.673426">
        <ele>2426.6</ele>
        <time>2026-07-25T10:58:38Z</time>
      </trkpt>
      <trkpt lat="44.177088" lon="7.673413">
        <ele>2426.4</ele>
        <time>2026-07-25T10:58:42Z</time>
      </trkpt>
      <trkpt lat="44.177088" lon="7.673428">
        <ele>2427.0</ele>
        <time>2026-07-25T10:58:54Z</time>
      </trkpt>
      <trkpt lat="44.17705" lon="7.673432">
        <ele>2427.0</ele>
        <time>2026-07-25T10:59:02Z</time>
      </trkpt>
      <trkpt lat="44.177063" lon="7.67343">
        <ele>2426.4</ele>
        <time>2026-07-25T10:59:14Z</time>
      </trkpt>
      <trkpt lat="44.177086" lon="7.67344">
        <ele>2426.8</ele>
        <time>2026-07-25T10:59:23Z</time>
      </trkpt>
      <trkpt lat="44.177099" lon="7.673465">
        <ele>2427.8</ele>
        <time>2026-07-25T10:59:30Z</time>
      </trkpt>
      <trkpt lat="44.177101" lon="7.673466">
        <ele>2427.6</ele>
        <time>2026-07-25T10:59:31Z</time>
      </trkpt>
      <trkpt lat="44.177122" lon="7.673462">
        <ele>2427.6</ele>
        <time>2026-07-25T10:59:41Z</time>
      </trkpt>
      <trkpt lat="44.177084" lon="7.673483">
        <ele>2427.2</ele>
        <time>2026-07-25T10:59:54Z</time>
      </trkpt>
      <trkpt lat="44.177107" lon="7.673489">
        <ele>2427.0</ele>
        <time>2026-07-25T11:00:04Z</time>
      </trkpt>
      <trkpt lat="44.177084" lon="7.673499">
        <ele>2427.2</ele>
        <time>2026-07-25T11:00:14Z</time>
      </trkpt>
      <trkpt lat="44.177071" lon="7.673517">
        <ele>2427.8</ele>
        <time>2026-07-25T11:00:23Z</time>
      </trkpt>
      <trkpt lat="44.177082" lon="7.67353">
        <ele>2428.8</ele>
        <time>2026-07-25T11:00:32Z</time>
      </trkpt>
      <trkpt lat="44.177082" lon="7.673517">
        <ele>2428.8</ele>
        <time>2026-07-25T11:00:37Z</time>
      </trkpt>
      <trkpt lat="44.177084" lon="7.673522">
        <ele>2429.4</ele>
        <time>2026-07-25T11:00:41Z</time>
      </trkpt>
      <trkpt lat="44.17707" lon="7.673536">
        <ele>2429.2</ele>
        <time>2026-07-25T11:00:51Z</time>
      </trkpt>
      <trkpt lat="44.177055" lon="7.673555">
        <ele>2429.4</ele>
        <time>2026-07-25T11:01:01Z</time>
      </trkpt>
      <trkpt lat="44.177076" lon="7.673558">
        <ele>2430.0</ele>
        <time>2026-07-25T11:01:09Z</time>
      </trkpt>
      <trkpt lat="44.177075" lon="7.673545">
        <ele>2430.4</ele>
        <time>2026-07-25T11:01:19Z</time>
      </trkpt>
      <trkpt lat="44.17708" lon="7.673538">
        <ele>2430.4</ele>
        <time>2026-07-25T11:01:20Z</time>
      </trkpt>
      <trkpt lat="44.177084" lon="7.673535">
        <ele>2430.6</ele>
        <time>2026-07-25T11:01:21Z</time>
      </trkpt>
      <trkpt lat="44.177091" lon="7.673527">
        <ele>2430.8</ele>
        <time>2026-07-25T11:01:23Z</time>
      </trkpt>
      <trkpt lat="44.177118" lon="7.673553">
        <ele>2431.0</ele>
        <time>2026-07-25T11:01:28Z</time>
      </trkpt>
      <trkpt lat="44.177114" lon="7.673566">
        <ele>2431.0</ele>
        <time>2026-07-25T11:01:29Z</time>
      </trkpt>
      <trkpt lat="44.177102" lon="7.673574">
        <ele>2430.6</ele>
        <time>2026-07-25T11:01:32Z</time>
      </trkpt>
      <trkpt lat="44.177095" lon="7.673575">
        <ele>2430.4</ele>
        <time>2026-07-25T11:01:33Z</time>
      </trkpt>
      <trkpt lat="44.1771" lon="7.673536">
        <ele>2430.4</ele>
        <time>2026-07-25T11:01:42Z</time>
      </trkpt>
      <trkpt lat="44.177124" lon="7.673535">
        <ele>2431.2</ele>
        <time>2026-07-25T11:01:50Z</time>
      </trkpt>
      <trkpt lat="44.177167" lon="7.673587">
        <ele>2431.0</ele>
        <time>2026-07-25T11:01:58Z</time>
      </trkpt>
      <trkpt lat="44.177153" lon="7.673591">
        <ele>2431.2</ele>
        <time>2026-07-25T11:02:03Z</time>
      </trkpt>
      <trkpt lat="44.177131" lon="7.673575">
        <ele>2431.4</ele>
        <time>2026-07-25T11:02:05Z</time>
      </trkpt>
      <trkpt lat="44.177126" lon="7.673575">
        <ele>2431.4</ele>
        <time>2026-07-25T11:02:06Z</time>
      </trkpt>
      <trkpt lat="44.177119" lon="7.673569">
        <ele>2431.6</ele>
        <time>2026-07-25T11:02:11Z</time>
      </trkpt>
      <trkpt lat="44.177127" lon="7.673588">
        <ele>2431.2</ele>
        <time>2026-07-25T11:02:19Z</time>
      </trkpt>
      <trkpt lat="44.177126" lon="7.673588">
        <ele>2432.0</ele>
        <time>2026-07-25T11:02:23Z</time>
      </trkpt>
      <trkpt lat="44.177125" lon="7.673583">
        <ele>2432.2</ele>
        <time>2026-07-25T11:02:28Z</time>
      </trkpt>
      <trkpt lat="44.177128" lon="7.673571">
        <ele>2432.0</ele>
        <time>2026-07-25T11:02:37Z</time>
      </trkpt>
      <trkpt lat="44.177132" lon="7.673591">
        <ele>2431.6</ele>
        <time>2026-07-25T11:02:48Z</time>
      </trkpt>
      <trkpt lat="44.17714" lon="7.67359">
        <ele>2432.6</ele>
        <time>2026-07-25T11:02:58Z</time>
      </trkpt>
      <trkpt lat="44.177148" lon="7.673589">
        <ele>2433.0</ele>
        <time>2026-07-25T11:03:03Z</time>
      </trkpt>
      <trkpt lat="44.177148" lon="7.673587">
        <ele>2433.2</ele>
        <time>2026-07-25T11:03:05Z</time>
      </trkpt>
      <trkpt lat="44.177152" lon="7.673582">
        <ele>2433.0</ele>
        <time>2026-07-25T11:03:08Z</time>
      </trkpt>
      <trkpt lat="44.177155" lon="7.67357">
        <ele>2434.0</ele>
        <time>2026-07-25T11:03:13Z</time>
      </trkpt>
      <trkpt lat="44.177153" lon="7.673571">
        <ele>2434.2</ele>
        <time>2026-07-25T11:03:14Z</time>
      </trkpt>
      <trkpt lat="44.177151" lon="7.67358">
        <ele>2433.2</ele>
        <time>2026-07-25T11:03:18Z</time>
      </trkpt>
      <trkpt lat="44.177152" lon="7.673585">
        <ele>2433.6</ele>
        <time>2026-07-25T11:03:22Z</time>
      </trkpt>
      <trkpt lat="44.177151" lon="7.673585">
        <ele>2434.2</ele>
        <time>2026-07-25T11:03:25Z</time>
      </trkpt>
      <trkpt lat="44.177153" lon="7.673609">
        <ele>2434.2</ele>
        <time>2026-07-25T11:03:28Z</time>
      </trkpt>
      <trkpt lat="44.177144" lon="7.673619">
        <ele>2434.2</ele>
        <time>2026-07-25T11:03:37Z</time>
      </trkpt>
      <trkpt lat="44.177141" lon="7.673623">
        <ele>2434.4</ele>
        <time>2026-07-25T11:03:46Z</time>
      </trkpt>
      <trkpt lat="44.177136" lon="7.673646">
        <ele>2435.2</ele>
        <time>2026-07-25T11:03:52Z</time>
      </trkpt>
      <trkpt lat="44.177145" lon="7.673626">
        <ele>2435.4</ele>
        <time>2026-07-25T11:04:02Z</time>
      </trkpt>
      <trkpt lat="44.177154" lon="7.673631">
        <ele>2436.0</ele>
        <time>2026-07-25T11:04:10Z</time>
      </trkpt>
      <trkpt lat="44.177153" lon="7.673636">
        <ele>2436.2</ele>
        <time>2026-07-25T11:04:12Z</time>
      </trkpt>
      <trkpt lat="44.177157" lon="7.67367">
        <ele>2436.6</ele>
        <time>2026-07-25T11:04:21Z</time>
      </trkpt>
      <trkpt lat="44.177167" lon="7.673681">
        <ele>2436.4</ele>
        <time>2026-07-25T11:04:29Z</time>
      </trkpt>
      <trkpt lat="44.177169" lon="7.673682">
        <ele>2436.4</ele>
        <time>2026-07-25T11:04:31Z</time>
      </trkpt>
      <trkpt lat="44.177163" lon="7.673667">
        <ele>2437.2</ele>
        <time>2026-07-25T11:04:37Z</time>
      </trkpt>
      <trkpt lat="44.177158" lon="7.673657">
        <ele>2438.0</ele>
        <time>2026-07-25T11:04:39Z</time>
      </trkpt>
      <trkpt lat="44.177158" lon="7.673657">
        <ele>2438.4</ele>
        <time>2026-07-25T11:04:40Z</time>
      </trkpt>
      <trkpt lat="44.177153" lon="7.673661">
        <ele>2438.4</ele>
        <time>2026-07-25T11:04:48Z</time>
      </trkpt>
      <trkpt lat="44.177167" lon="7.67367">
        <ele>2438.8</ele>
        <time>2026-07-25T11:04:58Z</time>
      </trkpt>
      <trkpt lat="44.177172" lon="7.673676">
        <ele>2438.4</ele>
        <time>2026-07-25T11:05:05Z</time>
      </trkpt>
      <trkpt lat="44.177177" lon="7.673675">
        <ele>2437.4</ele>
        <time>2026-07-25T11:05:08Z</time>
      </trkpt>
      <trkpt lat="44.177174" lon="7.673678">
        <ele>2437.0</ele>
        <time>2026-07-25T11:05:12Z</time>
      </trkpt>
      <trkpt lat="44.177174" lon="7.673678">
        <ele>2437.0</ele>
        <time>2026-07-25T11:05:15Z</time>
      </trkpt>
      <trkpt lat="44.177174" lon="7.673678">
        <ele>2437.4</ele>
        <time>2026-07-25T11:05:20Z</time>
      </trkpt>
      <trkpt lat="44.177175" lon="7.673683">
        <ele>2437.2</ele>
        <time>2026-07-25T11:05:27Z</time>
      </trkpt>
      <trkpt lat="44.177167" lon="7.673684">
        <ele>2436.2</ele>
        <time>2026-07-25T11:05:33Z</time>
      </trkpt>
      <trkpt lat="44.17716" lon="7.673668">
        <ele>2436.4</ele>
        <time>2026-07-25T11:05:37Z</time>
      </trkpt>
      <trkpt lat="44.177157" lon="7.673668">
        <ele>2437.2</ele>
        <time>2026-07-25T11:05:40Z</time>
      </trkpt>
      <trkpt lat="44.177159" lon="7.673681">
        <ele>2436.8</ele>
        <time>2026-07-25T11:05:44Z</time>
      </trkpt>
      <trkpt lat="44.177172" lon="7.673684">
        <ele>2436.2</ele>
        <time>2026-07-25T11:05:48Z</time>
      </trkpt>
      <trkpt lat="44.177185" lon="7.673695">
        <ele>2436.0</ele>
        <time>2026-07-25T11:05:55Z</time>
      </trkpt>
      <trkpt lat="44.177182" lon="7.673698">
        <ele>2436.2</ele>
        <time>2026-07-25T11:05:58Z</time>
      </trkpt>
      <trkpt lat="44.177176" lon="7.67371">
        <ele>2436.6</ele>
        <time>2026-07-25T11:06:02Z</time>
      </trkpt>
      <trkpt lat="44.177175" lon="7.67372">
        <ele>2436.8</ele>
        <time>2026-07-25T11:06:06Z</time>
      </trkpt>
      <trkpt lat="44.177181" lon="7.673708">
        <ele>2436.0</ele>
        <time>2026-07-25T11:06:19Z</time>
      </trkpt>
      <trkpt lat="44.177166" lon="7.673685">
        <ele>2436.8</ele>
        <time>2026-07-25T11:06:28Z</time>
      </trkpt>
      <trkpt lat="44.177156" lon="7.673682">
        <ele>2436.0</ele>
        <time>2026-07-25T11:06:38Z</time>
      </trkpt>
      <trkpt lat="44.177158" lon="7.673683">
        <ele>2436.2</ele>
        <time>2026-07-25T11:06:39Z</time>
      </trkpt>
      <trkpt lat="44.177158" lon="7.673683">
        <ele>2436.8</ele>
        <time>2026-07-25T11:06:42Z</time>
      </trkpt>
      <trkpt lat="44.177158" lon="7.673683">
        <ele>2437.2</ele>
        <time>2026-07-25T11:06:45Z</time>
      </trkpt>
      <trkpt lat="44.177154" lon="7.67368">
        <ele>2438.4</ele>
        <time>2026-07-25T11:06:50Z</time>
      </trkpt>
      <trkpt lat="44.17715" lon="7.673672">
        <ele>2437.8</ele>
        <time>2026-07-25T11:06:55Z</time>
      </trkpt>
      <trkpt lat="44.177165" lon="7.673692">
        <ele>2439.0</ele>
        <time>2026-07-25T11:07:02Z</time>
      </trkpt>
      <trkpt lat="44.177166" lon="7.673694">
        <ele>2439.4</ele>
        <time>2026-07-25T11:07:04Z</time>
      </trkpt>
      <trkpt lat="44.177175" lon="7.673712">
        <ele>2439.0</ele>
        <time>2026-07-25T11:07:15Z</time>
      </trkpt>
      <trkpt lat="44.177175" lon="7.673728">
        <ele>2439.8</ele>
        <time>2026-07-25T11:07:24Z</time>
      </trkpt>
      <trkpt lat="44.177175" lon="7.673728">
        <ele>2439.0</ele>
        <time>2026-07-25T11:07:29Z</time>
      </trkpt>
      <trkpt lat="44.177175" lon="7.673728">
        <ele>2439.0</ele>
        <time>2026-07-25T11:07:37Z</time>
      </trkpt>
      <trkpt lat="44.177179" lon="7.673736">
        <ele>2439.6</ele>
        <time>2026-07-25T11:07:41Z</time>
      </trkpt>
      <trkpt lat="44.177181" lon="7.673738">
        <ele>2440.6</ele>
        <time>2026-07-25T11:07:44Z</time>
      </trkpt>
      <trkpt lat="44.177186" lon="7.673747">
        <ele>2440.8</ele>
        <time>2026-07-25T11:07:51Z</time>
      </trkpt>
      <trkpt lat="44.177181" lon="7.673749">
        <ele>2441.2</ele>
        <time>2026-07-25T11:08:01Z</time>
      </trkpt>
      <trkpt lat="44.177184" lon="7.673763">
        <ele>2441.2</ele>
        <time>2026-07-25T11:08:07Z</time>
      </trkpt>
      <trkpt lat="44.177185" lon="7.673763">
        <ele>2440.0</ele>
        <time>2026-07-25T11:08:13Z</time>
      </trkpt>
      <trkpt lat="44.177185" lon="7.673762">
        <ele>2440.2</ele>
        <time>2026-07-25T11:08:14Z</time>
      </trkpt>
      <trkpt lat="44.177184" lon="7.673776">
        <ele>2441.4</ele>
        <time>2026-07-25T11:08:20Z</time>
      </trkpt>
      <trkpt lat="44.177179" lon="7.673769">
        <ele>2441.6</ele>
        <time>2026-07-25T11:08:25Z</time>
      </trkpt>
      <trkpt lat="44.177183" lon="7.673778">
        <ele>2442.0</ele>
        <time>2026-07-25T11:08:28Z</time>
      </trkpt>
      <trkpt lat="44.17719" lon="7.673784">
        <ele>2441.8</ele>
        <time>2026-07-25T11:08:39Z</time>
      </trkpt>
      <trkpt lat="44.177198" lon="7.673791">
        <ele>2441.4</ele>
        <time>2026-07-25T11:08:50Z</time>
      </trkpt>
      <trkpt lat="44.177198" lon="7.673787">
        <ele>2441.8</ele>
        <time>2026-07-25T11:09:03Z</time>
      </trkpt>
      <trkpt lat="44.177207" lon="7.673794">
        <ele>2441.2</ele>
        <time>2026-07-25T11:09:12Z</time>
      </trkpt>
      <trkpt lat="44.177209" lon="7.673797">
        <ele>2441.6</ele>
        <time>2026-07-25T11:09:19Z</time>
      </trkpt>
      <trkpt lat="44.177216" lon="7.673825">
        <ele>2442.4</ele>
        <time>2026-07-25T11:09:26Z</time>
      </trkpt>
      <trkpt lat="44.17721" lon="7.673815">
        <ele>2442.8</ele>
        <time>2026-07-25T11:09:29Z</time>
      </trkpt>
      <trkpt lat="44.177209" lon="7.673809">
        <ele>2442.6</ele>
        <time>2026-07-25T11:09:31Z</time>
      </trkpt>
      <trkpt lat="44.177208" lon="7.673813">
        <ele>2441.4</ele>
        <time>2026-07-25T11:09:34Z</time>
      </trkpt>
      <trkpt lat="44.177211" lon="7.673807">
        <ele>2442.4</ele>
        <time>2026-07-25T11:09:47Z</time>
      </trkpt>
      <trkpt lat="44.17721" lon="7.673804">
        <ele>2442.2</ele>
        <time>2026-07-25T11:10:05Z</time>
      </trkpt>
      <trkpt lat="44.177213" lon="7.673804">
        <ele>2442.0</ele>
        <time>2026-07-25T11:10:07Z</time>
      </trkpt>
      <trkpt lat="44.177215" lon="7.673804">
        <ele>2442.0</ele>
        <time>2026-07-25T11:10:08Z</time>
      </trkpt>
      <trkpt lat="44.177221" lon="7.673808">
        <ele>2441.8</ele>
        <time>2026-07-25T11:10:10Z</time>
      </trkpt>
      <trkpt lat="44.177219" lon="7.673805">
        <ele>2442.2</ele>
        <time>2026-07-25T11:10:15Z</time>
      </trkpt>
      <trkpt lat="44.177221" lon="7.673801">
        <ele>2442.6</ele>
        <time>2026-07-25T11:10:17Z</time>
      </trkpt>
      <trkpt lat="44.177209" lon="7.673814">
        <ele>2442.6</ele>
        <time>2026-07-25T11:10:25Z</time>
      </trkpt>
      <trkpt lat="44.177217" lon="7.673837">
        <ele>2443.6</ele>
        <time>2026-07-25T11:10:30Z</time>
      </trkpt>
      <trkpt lat="44.177218" lon="7.673837">
        <ele>2443.8</ele>
        <time>2026-07-25T11:10:31Z</time>
      </trkpt>
      <trkpt lat="44.17722" lon="7.673839">
        <ele>2444.0</ele>
        <time>2026-07-25T11:10:32Z</time>
      </trkpt>
      <trkpt lat="44.177225" lon="7.673876">
        <ele>2443.8</ele>
        <time>2026-07-25T11:10:40Z</time>
      </trkpt>
      <trkpt lat="44.177239" lon="7.673892">
        <ele>2444.6</ele>
        <time>2026-07-25T11:10:48Z</time>
      </trkpt>
      <trkpt lat="44.17725" lon="7.673913">
        <ele>2445.0</ele>
        <time>2026-07-25T11:10:52Z</time>
      </trkpt>
      <trkpt lat="44.177249" lon="7.673906">
        <ele>2445.6</ele>
        <time>2026-07-25T11:10:56Z</time>
      </trkpt>
      <trkpt lat="44.177253" lon="7.673898">
        <ele>2446.0</ele>
        <time>2026-07-25T11:10:59Z</time>
      </trkpt>
      <trkpt lat="44.177276" lon="7.673922">
        <ele>2445.8</ele>
        <time>2026-07-25T11:11:04Z</time>
      </trkpt>
      <trkpt lat="44.17729" lon="7.673941">
        <ele>2445.6</ele>
        <time>2026-07-25T11:11:11Z</time>
      </trkpt>
      <trkpt lat="44.177294" lon="7.67399">
        <ele>2446.0</ele>
        <time>2026-07-25T11:11:17Z</time>
      </trkpt>
      <trkpt lat="44.177275" lon="7.674007">
        <ele>2446.8</ele>
        <time>2026-07-25T11:11:23Z</time>
      </trkpt>
      <trkpt lat="44.177273" lon="7.674006">
        <ele>2447.0</ele>
        <time>2026-07-25T11:11:24Z</time>
      </trkpt>
      <trkpt lat="44.17727" lon="7.674027">
        <ele>2447.6</ele>
        <time>2026-07-25T11:11:31Z</time>
      </trkpt>
      <trkpt lat="44.177264" lon="7.674033">
        <ele>2448.2</ele>
        <time>2026-07-25T11:11:34Z</time>
      </trkpt>
      <trkpt lat="44.177256" lon="7.674038">
        <ele>2448.6</ele>
        <time>2026-07-25T11:11:38Z</time>
      </trkpt>
      <trkpt lat="44.177236" lon="7.674037">
        <ele>2449.2</ele>
        <time>2026-07-25T11:11:42Z</time>
      </trkpt>
      <trkpt lat="44.177236" lon="7.674038">
        <ele>2449.2</ele>
        <time>2026-07-25T11:11:51Z</time>
      </trkpt>
      <trkpt lat="44.177236" lon="7.674038">
        <ele>2449.2</ele>
        <time>2026-07-25T11:12:00Z</time>
      </trkpt>
      <trkpt lat="44.177231" lon="7.674077">
        <ele>2449.4</ele>
        <time>2026-07-25T11:12:07Z</time>
      </trkpt>
      <trkpt lat="44.177225" lon="7.674096">
        <ele>2450.2</ele>
        <time>2026-07-25T11:12:12Z</time>
      </trkpt>
      <trkpt lat="44.177221" lon="7.674109">
        <ele>2450.6</ele>
        <time>2026-07-25T11:12:14Z</time>
      </trkpt>
      <trkpt lat="44.177215" lon="7.674124">
        <ele>2451.4</ele>
        <time>2026-07-25T11:12:18Z</time>
      </trkpt>
      <trkpt lat="44.177207" lon="7.674139">
        <ele>2452.0</ele>
        <time>2026-07-25T11:12:21Z</time>
      </trkpt>
      <trkpt lat="44.1772" lon="7.674149">
        <ele>2452.4</ele>
        <time>2026-07-25T11:12:24Z</time>
      </trkpt>
      <trkpt lat="44.177183" lon="7.674175">
        <ele>2453.4</ele>
        <time>2026-07-25T11:12:29Z</time>
      </trkpt>
      <trkpt lat="44.177179" lon="7.67418">
        <ele>2453.4</ele>
        <time>2026-07-25T11:12:30Z</time>
      </trkpt>
      <trkpt lat="44.177174" lon="7.674212">
        <ele>2454.4</ele>
        <time>2026-07-25T11:12:36Z</time>
      </trkpt>
      <trkpt lat="44.177174" lon="7.674215">
        <ele>2454.6</ele>
        <time>2026-07-25T11:12:37Z</time>
      </trkpt>
      <trkpt lat="44.177173" lon="7.674235">
        <ele>2455.4</ele>
        <time>2026-07-25T11:12:42Z</time>
      </trkpt>
      <trkpt lat="44.177171" lon="7.674234">
        <ele>2455.6</ele>
        <time>2026-07-25T11:12:43Z</time>
      </trkpt>
      <trkpt lat="44.177165" lon="7.674258">
        <ele>2456.4</ele>
        <time>2026-07-25T11:12:47Z</time>
      </trkpt>
      <trkpt lat="44.177166" lon="7.674261">
        <ele>2456.6</ele>
        <time>2026-07-25T11:12:48Z</time>
      </trkpt>
      <trkpt lat="44.177164" lon="7.67427">
        <ele>2456.6</ele>
        <time>2026-07-25T11:12:50Z</time>
      </trkpt>
      <trkpt lat="44.177158" lon="7.674285">
        <ele>2457.0</ele>
        <time>2026-07-25T11:12:54Z</time>
      </trkpt>
      <trkpt lat="44.177149" lon="7.674286">
        <ele>2457.2</ele>
        <time>2026-07-25T11:12:56Z</time>
      </trkpt>
      <trkpt lat="44.177147" lon="7.674285">
        <ele>2457.6</ele>
        <time>2026-07-25T11:12:57Z</time>
      </trkpt>
      <trkpt lat="44.177145" lon="7.674283">
        <ele>2457.8</ele>
        <time>2026-07-25T11:12:58Z</time>
      </trkpt>
      <trkpt lat="44.177142" lon="7.674284">
        <ele>2458.4</ele>
        <time>2026-07-25T11:13:04Z</time>
      </trkpt>
      <trkpt lat="44.177132" lon="7.674292">
        <ele>2458.2</ele>
        <time>2026-07-25T11:13:06Z</time>
      </trkpt>
      <trkpt lat="44.177128" lon="7.67431">
        <ele>2459.0</ele>
        <time>2026-07-25T11:13:13Z</time>
      </trkpt>
      <trkpt lat="44.177122" lon="7.674341">
        <ele>2460.2</ele>
        <time>2026-07-25T11:13:19Z</time>
      </trkpt>
      <trkpt lat="44.177117" lon="7.674351">
        <ele>2460.6</ele>
        <time>2026-07-25T11:13:21Z</time>
      </trkpt>
      <trkpt lat="44.1771" lon="7.67442">
        <ele>2461.4</ele>
        <time>2026-07-25T11:13:29Z</time>
      </trkpt>
      <trkpt lat="44.177082" lon="7.674464">
        <ele>2463.2</ele>
        <time>2026-07-25T11:13:34Z</time>
      </trkpt>
      <trkpt lat="44.177079" lon="7.674468">
        <ele>2464.4</ele>
        <time>2026-07-25T11:13:35Z</time>
      </trkpt>
      <trkpt lat="44.177075" lon="7.674468">
        <ele>2465.6</ele>
        <time>2026-07-25T11:13:37Z</time>
      </trkpt>
      <trkpt lat="44.177057" lon="7.674485">
        <ele>2464.0</ele>
        <time>2026-07-25T11:13:42Z</time>
      </trkpt>
      <trkpt lat="44.17706" lon="7.674519">
        <ele>2464.2</ele>
        <time>2026-07-25T11:13:47Z</time>
      </trkpt>
      <trkpt lat="44.177065" lon="7.674525">
        <ele>2465.4</ele>
        <time>2026-07-25T11:13:49Z</time>
      </trkpt>
      <trkpt lat="44.17707" lon="7.674568">
        <ele>2465.2</ele>
        <time>2026-07-25T11:13:55Z</time>
      </trkpt>
      <trkpt lat="44.177055" lon="7.674596">
        <ele>2466.6</ele>
        <time>2026-07-25T11:14:00Z</time>
      </trkpt>
      <trkpt lat="44.17705" lon="7.674612">
        <ele>2466.8</ele>
        <time>2026-07-25T11:14:02Z</time>
      </trkpt>
      <trkpt lat="44.177044" lon="7.674643">
        <ele>2467.6</ele>
        <time>2026-07-25T11:14:09Z</time>
      </trkpt>
      <trkpt lat="44.177043" lon="7.674646">
        <ele>2467.8</ele>
        <time>2026-07-25T11:14:10Z</time>
      </trkpt>
      <trkpt lat="44.177044" lon="7.67465">
        <ele>2468.2</ele>
        <time>2026-07-25T11:14:12Z</time>
      </trkpt>
      <trkpt lat="44.177039" lon="7.67467">
        <ele>2468.2</ele>
        <time>2026-07-25T11:14:16Z</time>
      </trkpt>
      <trkpt lat="44.177031" lon="7.67468">
        <ele>2468.8</ele>
        <time>2026-07-25T11:14:19Z</time>
      </trkpt>
      <trkpt lat="44.17703" lon="7.674681">
        <ele>2469.0</ele>
        <time>2026-07-25T11:14:20Z</time>
      </trkpt>
      <trkpt lat="44.177024" lon="7.674699">
        <ele>2470.2</ele>
        <time>2026-07-25T11:14:25Z</time>
      </trkpt>
      <trkpt lat="44.177018" lon="7.674709">
        <ele>2470.8</ele>
        <time>2026-07-25T11:14:29Z</time>
      </trkpt>
      <trkpt lat="44.177018" lon="7.674718">
        <ele>2471.2</ele>
        <time>2026-07-25T11:14:32Z</time>
      </trkpt>
      <trkpt lat="44.177009" lon="7.674752">
        <ele>2472.4</ele>
        <time>2026-07-25T11:14:36Z</time>
      </trkpt>
      <trkpt lat="44.177006" lon="7.674759">
        <ele>2472.6</ele>
        <time>2026-07-25T11:14:37Z</time>
      </trkpt>
      <trkpt lat="44.177008" lon="7.674767">
        <ele>2473.4</ele>
        <time>2026-07-25T11:14:46Z</time>
      </trkpt>
      <trkpt lat="44.177006" lon="7.674786">
        <ele>2474.4</ele>
        <time>2026-07-25T11:14:52Z</time>
      </trkpt>
      <trkpt lat="44.177005" lon="7.674787">
        <ele>2474.8</ele>
        <time>2026-07-25T11:14:53Z</time>
      </trkpt>
      <trkpt lat="44.176999" lon="7.674791">
        <ele>2475.4</ele>
        <time>2026-07-25T11:15:01Z</time>
      </trkpt>
      <trkpt lat="44.176998" lon="7.674788">
        <ele>2475.6</ele>
        <time>2026-07-25T11:15:02Z</time>
      </trkpt>
      <trkpt lat="44.176997" lon="7.674807">
        <ele>2476.6</ele>
        <time>2026-07-25T11:15:08Z</time>
      </trkpt>
      <trkpt lat="44.176998" lon="7.674808">
        <ele>2476.8</ele>
        <time>2026-07-25T11:15:09Z</time>
      </trkpt>
      <trkpt lat="44.176986" lon="7.674861">
        <ele>2477.4</ele>
        <time>2026-07-25T11:15:19Z</time>
      </trkpt>
      <trkpt lat="44.176987" lon="7.674861">
        <ele>2477.8</ele>
        <time>2026-07-25T11:15:25Z</time>
      </trkpt>
      <trkpt lat="44.17699" lon="7.674856">
        <ele>2478.0</ele>
        <time>2026-07-25T11:15:27Z</time>
      </trkpt>
      <trkpt lat="44.176986" lon="7.674845">
        <ele>2477.8</ele>
        <time>2026-07-25T11:15:33Z</time>
      </trkpt>
      <trkpt lat="44.176991" lon="7.67485">
        <ele>2478.0</ele>
        <time>2026-07-25T11:15:37Z</time>
      </trkpt>
      <trkpt lat="44.176999" lon="7.674871">
        <ele>2478.8</ele>
        <time>2026-07-25T11:15:43Z</time>
      </trkpt>
      <trkpt lat="44.177" lon="7.674877">
        <ele>2478.8</ele>
        <time>2026-07-25T11:15:44Z</time>
      </trkpt>
      <trkpt lat="44.177" lon="7.674877">
        <ele>2479.0</ele>
        <time>2026-07-25T11:15:45Z</time>
      </trkpt>
      <trkpt lat="44.177003" lon="7.674922">
        <ele>2480.0</ele>
        <time>2026-07-25T11:15:50Z</time>
      </trkpt>
      <trkpt lat="44.177004" lon="7.674927">
        <ele>2480.4</ele>
        <time>2026-07-25T11:15:51Z</time>
      </trkpt>
      <trkpt lat="44.177006" lon="7.674927">
        <ele>2481.2</ele>
        <time>2026-07-25T11:15:56Z</time>
      </trkpt>
      <trkpt lat="44.177004" lon="7.674936">
        <ele>2481.4</ele>
        <time>2026-07-25T11:15:58Z</time>
      </trkpt>
      <trkpt lat="44.177018" lon="7.674954">
        <ele>2480.2</ele>
        <time>2026-07-25T11:16:05Z</time>
      </trkpt>
      <trkpt lat="44.177018" lon="7.674954">
        <ele>2480.2</ele>
        <time>2026-07-25T11:16:06Z</time>
      </trkpt>
      <trkpt lat="44.177023" lon="7.674962">
        <ele>2481.2</ele>
        <time>2026-07-25T11:16:16Z</time>
      </trkpt>
      <trkpt lat="44.177022" lon="7.674962">
        <ele>2481.4</ele>
        <time>2026-07-25T11:16:17Z</time>
      </trkpt>
      <trkpt lat="44.177018" lon="7.674954">
        <ele>2481.4</ele>
        <time>2026-07-25T11:16:22Z</time>
      </trkpt>
      <trkpt lat="44.177018" lon="7.674954">
        <ele>2481.4</ele>
        <time>2026-07-25T11:16:24Z</time>
      </trkpt>
      <trkpt lat="44.177007" lon="7.674949">
        <ele>2481.4</ele>
        <time>2026-07-25T11:16:31Z</time>
      </trkpt>
      <trkpt lat="44.177005" lon="7.674975">
        <ele>2482.0</ele>
        <time>2026-07-25T11:16:38Z</time>
      </trkpt>
      <trkpt lat="44.177015" lon="7.67499">
        <ele>2481.8</ele>
        <time>2026-07-25T11:16:42Z</time>
      </trkpt>
      <trkpt lat="44.177025" lon="7.67501">
        <ele>2481.2</ele>
        <time>2026-07-25T11:16:47Z</time>
      </trkpt>
      <trkpt lat="44.177023" lon="7.675021">
        <ele>2482.2</ele>
        <time>2026-07-25T11:16:54Z</time>
      </trkpt>
      <trkpt lat="44.177024" lon="7.67502">
        <ele>2482.4</ele>
        <time>2026-07-25T11:16:55Z</time>
      </trkpt>
      <trkpt lat="44.177027" lon="7.675022">
        <ele>2481.2</ele>
        <time>2026-07-25T11:17:00Z</time>
      </trkpt>
      <trkpt lat="44.177028" lon="7.675045">
        <ele>2481.2</ele>
        <time>2026-07-25T11:17:02Z</time>
      </trkpt>
      <trkpt lat="44.177027" lon="7.67506">
        <ele>2482.0</ele>
        <time>2026-07-25T11:17:09Z</time>
      </trkpt>
      <trkpt lat="44.177027" lon="7.675092">
        <ele>2482.4</ele>
        <time>2026-07-25T11:17:14Z</time>
      </trkpt>
      <trkpt lat="44.177028" lon="7.675098">
        <ele>2482.8</ele>
        <time>2026-07-25T11:17:16Z</time>
      </trkpt>
      <trkpt lat="44.177027" lon="7.675129">
        <ele>2483.4</ele>
        <time>2026-07-25T11:17:19Z</time>
      </trkpt>
      <trkpt lat="44.17703" lon="7.675167">
        <ele>2484.4</ele>
        <time>2026-07-25T11:17:23Z</time>
      </trkpt>
      <trkpt lat="44.177032" lon="7.675188">
        <ele>2485.0</ele>
        <time>2026-07-25T11:17:25Z</time>
      </trkpt>
      <trkpt lat="44.177037" lon="7.675212">
        <ele>2485.6</ele>
        <time>2026-07-25T11:17:28Z</time>
      </trkpt>
      <trkpt lat="44.177037" lon="7.675211">
        <ele>2486.6</ele>
        <time>2026-07-25T11:17:33Z</time>
      </trkpt>
      <trkpt lat="44.177039" lon="7.675224">
        <ele>2486.6</ele>
        <time>2026-07-25T11:17:36Z</time>
      </trkpt>
      <trkpt lat="44.17704" lon="7.675248">
        <ele>2486.8</ele>
        <time>2026-07-25T11:17:38Z</time>
      </trkpt>
      <trkpt lat="44.177043" lon="7.675267">
        <ele>2486.8</ele>
        <time>2026-07-25T11:17:40Z</time>
      </trkpt>
      <trkpt lat="44.177051" lon="7.675334">
        <ele>2487.4</ele>
        <time>2026-07-25T11:17:47Z</time>
      </trkpt>
      <trkpt lat="44.177084" lon="7.675364">
        <ele>2487.2</ele>
        <time>2026-07-25T11:17:53Z</time>
      </trkpt>
      <trkpt lat="44.177085" lon="7.675386">
        <ele>2487.2</ele>
        <time>2026-07-25T11:17:59Z</time>
      </trkpt>
      <trkpt lat="44.177076" lon="7.675366">
        <ele>2487.8</ele>
        <time>2026-07-25T11:18:05Z</time>
      </trkpt>
      <trkpt lat="44.177076" lon="7.675375">
        <ele>2488.0</ele>
        <time>2026-07-25T11:18:07Z</time>
      </trkpt>
      <trkpt lat="44.177077" lon="7.675375">
        <ele>2488.0</ele>
        <time>2026-07-25T11:18:11Z</time>
      </trkpt>
      <trkpt lat="44.177083" lon="7.675377">
        <ele>2488.0</ele>
        <time>2026-07-25T11:18:23Z</time>
      </trkpt>
      <trkpt lat="44.177078" lon="7.675369">
        <ele>2487.8</ele>
        <time>2026-07-25T11:18:34Z</time>
      </trkpt>
      <trkpt lat="44.177083" lon="7.675343">
        <ele>2486.8</ele>
        <time>2026-07-25T11:18:41Z</time>
      </trkpt>
      <trkpt lat="44.177078" lon="7.675338">
        <ele>2486.4</ele>
        <time>2026-07-25T11:18:44Z</time>
      </trkpt>
      <trkpt lat="44.17708" lon="7.675374">
        <ele>2486.4</ele>
        <time>2026-07-25T11:18:51Z</time>
      </trkpt>
      <trkpt lat="44.177083" lon="7.675375">
        <ele>2486.2</ele>
        <time>2026-07-25T11:18:53Z</time>
      </trkpt>
      <trkpt lat="44.177086" lon="7.675371">
        <ele>2486.0</ele>
        <time>2026-07-25T11:19:02Z</time>
      </trkpt>
      <trkpt lat="44.177085" lon="7.675368">
        <ele>2486.0</ele>
        <time>2026-07-25T11:19:03Z</time>
      </trkpt>
      <trkpt lat="44.177078" lon="7.675367">
        <ele>2486.6</ele>
        <time>2026-07-25T11:19:14Z</time>
      </trkpt>
      <trkpt lat="44.177088" lon="7.675364">
        <ele>2487.0</ele>
        <time>2026-07-25T11:19:25Z</time>
      </trkpt>
      <trkpt lat="44.177105" lon="7.675392">
        <ele>2486.6</ele>
        <time>2026-07-25T11:19:36Z</time>
      </trkpt>
      <trkpt lat="44.177115" lon="7.675398">
        <ele>2487.0</ele>
        <time>2026-07-25T11:19:43Z</time>
      </trkpt>
      <trkpt lat="44.177121" lon="7.6754">
        <ele>2487.0</ele>
        <time>2026-07-25T11:19:45Z</time>
      </trkpt>
      <trkpt lat="44.177124" lon="7.675402">
        <ele>2487.0</ele>
        <time>2026-07-25T11:19:46Z</time>
      </trkpt>
      <trkpt lat="44.177119" lon="7.675385">
        <ele>2487.0</ele>
        <time>2026-07-25T11:19:48Z</time>
      </trkpt>
      <trkpt lat="44.17711" lon="7.675373">
        <ele>2487.2</ele>
        <time>2026-07-25T11:19:50Z</time>
      </trkpt>
      <trkpt lat="44.177104" lon="7.675355">
        <ele>2487.2</ele>
        <time>2026-07-25T11:19:54Z</time>
      </trkpt>
      <trkpt lat="44.177101" lon="7.675369">
        <ele>2487.8</ele>
        <time>2026-07-25T11:19:59Z</time>
      </trkpt>
      <trkpt lat="44.177085" lon="7.675375">
        <ele>2488.0</ele>
        <time>2026-07-25T11:20:03Z</time>
      </trkpt>
      <trkpt lat="44.177086" lon="7.675367">
        <ele>2487.8</ele>
        <time>2026-07-25T11:20:14Z</time>
      </trkpt>
      <trkpt lat="44.177101" lon="7.675374">
        <ele>2487.8</ele>
        <time>2026-07-25T11:20:25Z</time>
      </trkpt>
      <trkpt lat="44.1771" lon="7.675376">
        <ele>2487.8</ele>
        <time>2026-07-25T11:20:26Z</time>
      </trkpt>
      <trkpt lat="44.177087" lon="7.675363">
        <ele>2488.0</ele>
        <time>2026-07-25T11:20:37Z</time>
      </trkpt>
      <trkpt lat="44.177088" lon="7.675367">
        <ele>2488.2</ele>
        <time>2026-07-25T11:20:51Z</time>
      </trkpt>
      <trkpt lat="44.177089" lon="7.675375">
        <ele>2488.4</ele>
        <time>2026-07-25T11:21:06Z</time>
      </trkpt>
      <trkpt lat="44.177086" lon="7.675378">
        <ele>2488.4</ele>
        <time>2026-07-25T11:21:08Z</time>
      </trkpt>
      <trkpt lat="44.177101" lon="7.675374">
        <ele>2488.2</ele>
        <time>2026-07-25T11:21:20Z</time>
      </trkpt>
      <trkpt lat="44.177102" lon="7.675369">
        <ele>2488.4</ele>
        <time>2026-07-25T11:21:31Z</time>
      </trkpt>
      <trkpt lat="44.177094" lon="7.675358">
        <ele>2488.4</ele>
        <time>2026-07-25T11:21:34Z</time>
      </trkpt>
      <trkpt lat="44.177091" lon="7.675347">
        <ele>2488.4</ele>
        <time>2026-07-25T11:21:42Z</time>
      </trkpt>
      <trkpt lat="44.177093" lon="7.675339">
        <ele>2489.0</ele>
        <time>2026-07-25T11:21:46Z</time>
      </trkpt>
      <trkpt lat="44.177096" lon="7.675384">
        <ele>2489.0</ele>
        <time>2026-07-25T11:21:54Z</time>
      </trkpt>
      <trkpt lat="44.17709" lon="7.675384">
        <ele>2488.8</ele>
        <time>2026-07-25T11:22:06Z</time>
      </trkpt>
      <trkpt lat="44.177071" lon="7.675339">
        <ele>2488.8</ele>
        <time>2026-07-25T11:22:15Z</time>
      </trkpt>
      <trkpt lat="44.177071" lon="7.67534">
        <ele>2488.4</ele>
        <time>2026-07-25T11:22:24Z</time>
      </trkpt>
      <trkpt lat="44.177076" lon="7.675347">
        <ele>2488.4</ele>
        <time>2026-07-25T11:22:27Z</time>
      </trkpt>
      <trkpt lat="44.177084" lon="7.675384">
        <ele>2488.6</ele>
        <time>2026-07-25T11:22:46Z</time>
      </trkpt>
      <trkpt lat="44.177071" lon="7.67537">
        <ele>2488.6</ele>
        <time>2026-07-25T11:22:53Z</time>
      </trkpt>
      <trkpt lat="44.177086" lon="7.675358">
        <ele>2488.6</ele>
        <time>2026-07-25T11:23:03Z</time>
      </trkpt>
      <trkpt lat="44.1771" lon="7.675366">
        <ele>2488.8</ele>
        <time>2026-07-25T11:23:12Z</time>
      </trkpt>
      <trkpt lat="44.177102" lon="7.675366">
        <ele>2489.0</ele>
        <time>2026-07-25T11:23:14Z</time>
      </trkpt>
      <trkpt lat="44.17709" lon="7.67535">
        <ele>2488.8</ele>
        <time>2026-07-25T11:23:25Z</time>
      </trkpt>
      <trkpt lat="44.17707" lon="7.67535">
        <ele>2489.2</ele>
        <time>2026-07-25T11:23:36Z</time>
      </trkpt>
      <trkpt lat="44.177076" lon="7.67536">
        <ele>2489.2</ele>
        <time>2026-07-25T11:23:43Z</time>
      </trkpt>
      <trkpt lat="44.177079" lon="7.675357">
        <ele>2489.4</ele>
        <time>2026-07-25T11:23:46Z</time>
      </trkpt>
      <trkpt lat="44.177079" lon="7.675355">
        <ele>2489.6</ele>
        <time>2026-07-25T11:23:52Z</time>
      </trkpt>
      <trkpt lat="44.177077" lon="7.67535">
        <ele>2489.8</ele>
        <time>2026-07-25T11:24:08Z</time>
      </trkpt>
      <trkpt lat="44.177058" lon="7.675354">
        <ele>2489.6</ele>
        <time>2026-07-25T11:24:13Z</time>
      </trkpt>
      <trkpt lat="44.177055" lon="7.675355">
        <ele>2489.6</ele>
        <time>2026-07-25T11:24:14Z</time>
      </trkpt>
      <trkpt lat="44.177053" lon="7.675356">
        <ele>2489.6</ele>
        <time>2026-07-25T11:24:15Z</time>
      </trkpt>
      <trkpt lat="44.17706" lon="7.675362">
        <ele>2489.8</ele>
        <time>2026-07-25T11:24:19Z</time>
      </trkpt>
      <trkpt lat="44.177065" lon="7.675366">
        <ele>2489.6</ele>
        <time>2026-07-25T11:24:25Z</time>
      </trkpt>
      <trkpt lat="44.177067" lon="7.675369">
        <ele>2489.6</ele>
        <time>2026-07-25T11:24:28Z</time>
      </trkpt>
      <trkpt lat="44.177074" lon="7.675366">
        <ele>2489.6</ele>
        <time>2026-07-25T11:24:31Z</time>
      </trkpt>
      <trkpt lat="44.177086" lon="7.675359">
        <ele>2489.4</ele>
        <time>2026-07-25T11:24:50Z</time>
      </trkpt>
      <trkpt lat="44.177087" lon="7.675358">
        <ele>2489.6</ele>
        <time>2026-07-25T11:24:56Z</time>
      </trkpt>
      <trkpt lat="44.177079" lon="7.675361">
        <ele>2489.4</ele>
        <time>2026-07-25T11:25:04Z</time>
      </trkpt>
      <trkpt lat="44.177078" lon="7.675361">
        <ele>2489.6</ele>
        <time>2026-07-25T11:25:13Z</time>
      </trkpt>
      <trkpt lat="44.177075" lon="7.675354">
        <ele>2489.6</ele>
        <time>2026-07-25T11:25:20Z</time>
      </trkpt>
      <trkpt lat="44.177085" lon="7.675352">
        <ele>2489.8</ele>
        <time>2026-07-25T11:25:23Z</time>
      </trkpt>
      <trkpt lat="44.177085" lon="7.675351">
        <ele>2490.0</ele>
        <time>2026-07-25T11:25:24Z</time>
      </trkpt>
      <trkpt lat="44.177076" lon="7.675346">
        <ele>2490.4</ele>
        <time>2026-07-25T11:25:37Z</time>
      </trkpt>
      <trkpt lat="44.17708" lon="7.675362">
        <ele>2490.6</ele>
        <time>2026-07-25T11:25:45Z</time>
      </trkpt>
      <trkpt lat="44.177079" lon="7.675366">
        <ele>2490.6</ele>
        <time>2026-07-25T11:25:48Z</time>
      </trkpt>
      <trkpt lat="44.177077" lon="7.675376">
        <ele>2490.4</ele>
        <time>2026-07-25T11:25:54Z</time>
      </trkpt>
      <trkpt lat="44.177073" lon="7.675377">
        <ele>2490.6</ele>
        <time>2026-07-25T11:26:04Z</time>
      </trkpt>
      <trkpt lat="44.177072" lon="7.675375">
        <ele>2490.4</ele>
        <time>2026-07-25T11:26:05Z</time>
      </trkpt>
      <trkpt lat="44.177074" lon="7.675365">
        <ele>2491.0</ele>
        <time>2026-07-25T11:26:23Z</time>
      </trkpt>
      <trkpt lat="44.177074" lon="7.675365">
        <ele>2491.0</ele>
        <time>2026-07-25T11:26:24Z</time>
      </trkpt>
      <trkpt lat="44.177074" lon="7.675365">
        <ele>2490.6</ele>
        <time>2026-07-25T11:26:31Z</time>
      </trkpt>
      <trkpt lat="44.177074" lon="7.675365">
        <ele>2490.6</ele>
        <time>2026-07-25T11:26:43Z</time>
      </trkpt>
      <trkpt lat="44.177074" lon="7.675365">
        <ele>2490.6</ele>
        <time>2026-07-25T11:27:00Z</time>
      </trkpt>
      <trkpt lat="44.177083" lon="7.675361">
        <ele>2490.8</ele>
        <time>2026-07-25T11:27:06Z</time>
      </trkpt>
      <trkpt lat="44.177074" lon="7.675365">
        <ele>2490.8</ele>
        <time>2026-07-25T11:27:25Z</time>
      </trkpt>
      <trkpt lat="44.177074" lon="7.675365">
        <ele>2491.0</ele>
        <time>2026-07-25T11:27:27Z</time>
      </trkpt>
      <trkpt lat="44.177074" lon="7.675365">
        <ele>2491.0</ele>
        <time>2026-07-25T11:27:30Z</time>
      </trkpt>
      <trkpt lat="44.177074" lon="7.675365">
        <ele>2491.0</ele>
        <time>2026-07-25T11:27:32Z</time>
      </trkpt>
      <trkpt lat="44.177074" lon="7.675365">
        <ele>2491.2</ele>
        <time>2026-07-25T11:27:35Z</time>
      </trkpt>
      <trkpt lat="44.177074" lon="7.675365">
        <ele>2491.2</ele>
        <time>2026-07-25T11:27:59Z</time>
      </trkpt>
      <trkpt lat="44.177074" lon="7.675365">
        <ele>2491.2</ele>
        <time>2026-07-25T11:28:01Z</time>
      </trkpt>
      <trkpt lat="44.177074" lon="7.675365">
        <ele>2491.2</ele>
        <time>2026-07-25T11:28:12Z</time>
      </trkpt>
      <trkpt lat="44.177074" lon="7.675365">
        <ele>2491.6</ele>
        <time>2026-07-25T11:28:21Z</time>
      </trkpt>
      <trkpt lat="44.177074" lon="7.675365">
        <ele>2491.6</ele>
        <time>2026-07-25T11:28:25Z</time>
      </trkpt>
      <trkpt lat="44.177074" lon="7.675365">
        <ele>2491.6</ele>
        <time>2026-07-25T11:28:26Z</time>
      </trkpt>
      <trkpt lat="44.177074" lon="7.675365">
        <ele>2491.4</ele>
        <time>2026-07-25T11:28:34Z</time>
      </trkpt>
      <trkpt lat="44.177072" lon="7.675363">
        <ele>2491.6</ele>
        <time>2026-07-25T11:28:49Z</time>
      </trkpt>
      <trkpt lat="44.177084" lon="7.675364">
        <ele>2491.4</ele>
        <time>2026-07-25T11:28:59Z</time>
      </trkpt>
      <trkpt lat="44.177083" lon="7.675354">
        <ele>2491.4</ele>
        <time>2026-07-25T11:29:10Z</time>
      </trkpt>
      <trkpt lat="44.177067" lon="7.675357">
        <ele>2491.8</ele>
        <time>2026-07-25T11:29:22Z</time>
      </trkpt>
      <trkpt lat="44.177062" lon="7.675357">
        <ele>2492.0</ele>
        <time>2026-07-25T11:29:24Z</time>
      </trkpt>
      <trkpt lat="44.177083" lon="7.67536">
        <ele>2492.0</ele>
        <time>2026-07-25T11:29:31Z</time>
      </trkpt>
      <trkpt lat="44.177098" lon="7.675354">
        <ele>2491.6</ele>
        <time>2026-07-25T11:29:42Z</time>
      </trkpt>
      <trkpt lat="44.177116" lon="7.675343">
        <ele>2492.2</ele>
        <time>2026-07-25T11:29:48Z</time>
      </trkpt>
      <trkpt lat="44.177118" lon="7.675341">
        <ele>2492.4</ele>
        <time>2026-07-25T11:29:51Z</time>
      </trkpt>
      <trkpt lat="44.177117" lon="7.675345">
        <ele>2492.4</ele>
        <time>2026-07-25T11:29:54Z</time>
      </trkpt>
      <trkpt lat="44.17711" lon="7.675356">
        <ele>2492.2</ele>
        <time>2026-07-25T11:29:59Z</time>
      </trkpt>
      <trkpt lat="44.177102" lon="7.675363">
        <ele>2492.4</ele>
        <time>2026-07-25T11:30:04Z</time>
      </trkpt>
      <trkpt lat="44.177085" lon="7.675368">
        <ele>2492.8</ele>
        <time>2026-07-25T11:30:12Z</time>
      </trkpt>
      <trkpt lat="44.177081" lon="7.675367">
        <ele>2492.6</ele>
        <time>2026-07-25T11:30:23Z</time>
      </trkpt>
      <trkpt lat="44.177074" lon="7.675354">
        <ele>2493.0</ele>
        <time>2026-07-25T11:30:32Z</time>
      </trkpt>
      <trkpt lat="44.177078" lon="7.675351">
        <ele>2493.0</ele>
        <time>2026-07-25T11:30:39Z</time>
      </trkpt>
      <trkpt lat="44.177067" lon="7.675366">
        <ele>2493.0</ele>
        <time>2026-07-25T11:30:49Z</time>
      </trkpt>
      <trkpt lat="44.177074" lon="7.67536">
        <ele>2493.2</ele>
        <time>2026-07-25T11:30:54Z</time>
      </trkpt>
      <trkpt lat="44.17708" lon="7.675363">
        <ele>2493.2</ele>
        <time>2026-07-25T11:31:01Z</time>
      </trkpt>
      <trkpt lat="44.177077" lon="7.67537">
        <ele>2493.4</ele>
        <time>2026-07-25T11:31:11Z</time>
      </trkpt>
      <trkpt lat="44.177079" lon="7.675354">
        <ele>2493.4</ele>
        <time>2026-07-25T11:31:25Z</time>
      </trkpt>
      <trkpt lat="44.177095" lon="7.675372">
        <ele>2493.6</ele>
        <time>2026-07-25T11:31:36Z</time>
      </trkpt>
      <trkpt lat="44.177086" lon="7.675361">
        <ele>2493.6</ele>
        <time>2026-07-25T11:31:47Z</time>
      </trkpt>
      <trkpt lat="44.177085" lon="7.675359">
        <ele>2493.8</ele>
        <time>2026-07-25T11:31:48Z</time>
      </trkpt>
      <trkpt lat="44.177075" lon="7.675356">
        <ele>2493.8</ele>
        <time>2026-07-25T11:32:03Z</time>
      </trkpt>
      <trkpt lat="44.177091" lon="7.675369">
        <ele>2493.8</ele>
        <time>2026-07-25T11:32:19Z</time>
      </trkpt>
      <trkpt lat="44.177091" lon="7.675363">
        <ele>2493.8</ele>
        <time>2026-07-25T11:32:30Z</time>
      </trkpt>
      <trkpt lat="44.177092" lon="7.675365">
        <ele>2494.2</ele>
        <time>2026-07-25T11:32:34Z</time>
      </trkpt>
      <trkpt lat="44.177091" lon="7.675362">
        <ele>2494.0</ele>
        <time>2026-07-25T11:32:38Z</time>
      </trkpt>
      <trkpt lat="44.177082" lon="7.675365">
        <ele>2493.6</ele>
        <time>2026-07-25T11:32:49Z</time>
      </trkpt>
      <trkpt lat="44.17709" lon="7.675357">
        <ele>2493.8</ele>
        <time>2026-07-25T11:33:01Z</time>
      </trkpt>
      <trkpt lat="44.177088" lon="7.675356">
        <ele>2493.4</ele>
        <time>2026-07-25T11:33:11Z</time>
      </trkpt>
      <trkpt lat="44.177088" lon="7.675356">
        <ele>2493.4</ele>
        <time>2026-07-25T11:33:14Z</time>
      </trkpt>
      <trkpt lat="44.177088" lon="7.675356">
        <ele>2493.2</ele>
        <time>2026-07-25T11:33:18Z</time>
      </trkpt>
      <trkpt lat="44.177092" lon="7.675364">
        <ele>2493.2</ele>
        <time>2026-07-25T11:33:32Z</time>
      </trkpt>
      <trkpt lat="44.177088" lon="7.675357">
        <ele>2493.4</ele>
        <time>2026-07-25T11:33:40Z</time>
      </trkpt>
      <trkpt lat="44.177073" lon="7.675358">
        <ele>2493.4</ele>
        <time>2026-07-25T11:33:48Z</time>
      </trkpt>
      <trkpt lat="44.177072" lon="7.67536">
        <ele>2493.2</ele>
        <time>2026-07-25T11:33:57Z</time>
      </trkpt>
      <trkpt lat="44.177078" lon="7.67536">
        <ele>2493.4</ele>
        <time>2026-07-25T11:33:59Z</time>
      </trkpt>
      <trkpt lat="44.177071" lon="7.67537">
        <ele>2493.6</ele>
        <time>2026-07-25T11:34:08Z</time>
      </trkpt>
      <trkpt lat="44.177075" lon="7.675378">
        <ele>2493.6</ele>
        <time>2026-07-25T11:34:18Z</time>
      </trkpt>
      <trkpt lat="44.17707" lon="7.675375">
        <ele>2493.6</ele>
        <time>2026-07-25T11:34:20Z</time>
      </trkpt>
      <trkpt lat="44.17707" lon="7.675376">
        <ele>2493.6</ele>
        <time>2026-07-25T11:34:21Z</time>
      </trkpt>
      <trkpt lat="44.177078" lon="7.675374">
        <ele>2494.0</ele>
        <time>2026-07-25T11:34:29Z</time>
      </trkpt>
      <trkpt lat="44.177079" lon="7.675372">
        <ele>2493.8</ele>
        <time>2026-07-25T11:34:30Z</time>
      </trkpt>
      <trkpt lat="44.177108" lon="7.675371">
        <ele>2494.2</ele>
        <time>2026-07-25T11:34:41Z</time>
      </trkpt>
      <trkpt lat="44.177107" lon="7.675366">
        <ele>2494.2</ele>
        <time>2026-07-25T11:34:44Z</time>
      </trkpt>
      <trkpt lat="44.177094" lon="7.675361">
        <ele>2494.4</ele>
        <time>2026-07-25T11:34:50Z</time>
      </trkpt>
      <trkpt lat="44.177093" lon="7.675359">
        <ele>2494.4</ele>
        <time>2026-07-25T11:34:51Z</time>
      </trkpt>
      <trkpt lat="44.177094" lon="7.675358">
        <ele>2494.4</ele>
        <time>2026-07-25T11:34:52Z</time>
      </trkpt>
      <trkpt lat="44.177093" lon="7.675358">
        <ele>2494.6</ele>
        <time>2026-07-25T11:34:54Z</time>
      </trkpt>
      <trkpt lat="44.177075" lon="7.675349">
        <ele>2494.6</ele>
        <time>2026-07-25T11:35:04Z</time>
      </trkpt>
      <trkpt lat="44.177075" lon="7.675349">
        <ele>2495.0</ele>
        <time>2026-07-25T11:35:12Z</time>
      </trkpt>
      <trkpt lat="44.177071" lon="7.675338">
        <ele>2495.2</ele>
        <time>2026-07-25T11:35:19Z</time>
      </trkpt>
      <trkpt lat="44.177063" lon="7.675362">
        <ele>2495.4</ele>
        <time>2026-07-25T11:35:26Z</time>
      </trkpt>
      <trkpt lat="44.177068" lon="7.675367">
        <ele>2495.4</ele>
        <time>2026-07-25T11:35:31Z</time>
      </trkpt>
      <trkpt lat="44.177085" lon="7.675377">
        <ele>2495.8</ele>
        <time>2026-07-25T11:35:41Z</time>
      </trkpt>
      <trkpt lat="44.177072" lon="7.675394">
        <ele>2495.8</ele>
        <time>2026-07-25T11:35:53Z</time>
      </trkpt>
      <trkpt lat="44.177086" lon="7.675365">
        <ele>2496.2</ele>
        <time>2026-07-25T11:36:06Z</time>
      </trkpt>
      <trkpt lat="44.17708" lon="7.675369">
        <ele>2496.2</ele>
        <time>2026-07-25T11:36:19Z</time>
      </trkpt>
      <trkpt lat="44.177077" lon="7.675374">
        <ele>2496.2</ele>
        <time>2026-07-25T11:36:22Z</time>
      </trkpt>
      <trkpt lat="44.177075" lon="7.67538">
        <ele>2496.2</ele>
        <time>2026-07-25T11:36:24Z</time>
      </trkpt>
      <trkpt lat="44.177074" lon="7.67539">
        <ele>2496.2</ele>
        <time>2026-07-25T11:36:27Z</time>
      </trkpt>
      <trkpt lat="44.177085" lon="7.675394">
        <ele>2496.2</ele>
        <time>2026-07-25T11:36:32Z</time>
      </trkpt>
      <trkpt lat="44.177086" lon="7.675395">
        <ele>2496.2</ele>
        <time>2026-07-25T11:36:33Z</time>
      </trkpt>
      <trkpt lat="44.177088" lon="7.675398">
        <ele>2496.2</ele>
        <time>2026-07-25T11:36:34Z</time>
      </trkpt>
      <trkpt lat="44.177089" lon="7.6754">
        <ele>2496.2</ele>
        <time>2026-07-25T11:36:35Z</time>
      </trkpt>
      <trkpt lat="44.177091" lon="7.67538">
        <ele>2496.4</ele>
        <time>2026-07-25T11:36:46Z</time>
      </trkpt>
      <trkpt lat="44.177095" lon="7.675375">
        <ele>2496.4</ele>
        <time>2026-07-25T11:36:49Z</time>
      </trkpt>
      <trkpt lat="44.1771" lon="7.675382">
        <ele>2496.2</ele>
        <time>2026-07-25T11:36:58Z</time>
      </trkpt>
      <trkpt lat="44.177091" lon="7.675379">
        <ele>2496.4</ele>
        <time>2026-07-25T11:37:10Z</time>
      </trkpt>
      <trkpt lat="44.177085" lon="7.675372">
        <ele>2496.6</ele>
        <time>2026-07-25T11:37:11Z</time>
      </trkpt>
      <trkpt lat="44.177077" lon="7.675365">
        <ele>2496.2</ele>
        <time>2026-07-25T11:37:15Z</time>
      </trkpt>
      <trkpt lat="44.177081" lon="7.675369">
        <ele>2496.6</ele>
        <time>2026-07-25T11:37:22Z</time>
      </trkpt>
      <trkpt lat="44.177094" lon="7.675369">
        <ele>2497.0</ele>
        <time>2026-07-25T11:37:35Z</time>
      </trkpt>
      <trkpt lat="44.177072" lon="7.675368">
        <ele>2496.8</ele>
        <time>2026-07-25T11:37:47Z</time>
      </trkpt>
      <trkpt lat="44.177097" lon="7.675375">
        <ele>2497.2</ele>
        <time>2026-07-25T11:38:06Z</time>
      </trkpt>
      <trkpt lat="44.177097" lon="7.675375">
        <ele>2497.4</ele>
        <time>2026-07-25T11:38:08Z</time>
      </trkpt>
      <trkpt lat="44.177085" lon="7.67537">
        <ele>2497.4</ele>
        <time>2026-07-25T11:38:13Z</time>
      </trkpt>
      <trkpt lat="44.177098" lon="7.675367">
        <ele>2497.6</ele>
        <time>2026-07-25T11:38:25Z</time>
      </trkpt>
      <trkpt lat="44.177083" lon="7.675368">
        <ele>2497.8</ele>
        <time>2026-07-25T11:38:37Z</time>
      </trkpt>
      <trkpt lat="44.177081" lon="7.675379">
        <ele>2497.6</ele>
        <time>2026-07-25T11:38:49Z</time>
      </trkpt>
      <trkpt lat="44.177087" lon="7.675373">
        <ele>2497.6</ele>
        <time>2026-07-25T11:38:59Z</time>
      </trkpt>
      <trkpt lat="44.177074" lon="7.675363">
        <ele>2497.8</ele>
        <time>2026-07-25T11:39:16Z</time>
      </trkpt>
      <trkpt lat="44.177073" lon="7.675364">
        <ele>2497.8</ele>
        <time>2026-07-25T11:39:22Z</time>
      </trkpt>
      <trkpt lat="44.177081" lon="7.675364">
        <ele>2497.8</ele>
        <time>2026-07-25T11:39:29Z</time>
      </trkpt>
      <trkpt lat="44.177077" lon="7.675349">
        <ele>2498.2</ele>
        <time>2026-07-25T11:39:44Z</time>
      </trkpt>
      <trkpt lat="44.177071" lon="7.675346">
        <ele>2498.4</ele>
        <time>2026-07-25T11:39:46Z</time>
      </trkpt>
      <trkpt lat="44.177082" lon="7.67537">
        <ele>2498.4</ele>
        <time>2026-07-25T11:39:54Z</time>
      </trkpt>
      <trkpt lat="44.177096" lon="7.675355">
        <ele>2498.8</ele>
        <time>2026-07-25T11:40:02Z</time>
      </trkpt>
      <trkpt lat="44.177073" lon="7.675361">
        <ele>2499.0</ele>
        <time>2026-07-25T11:40:13Z</time>
      </trkpt>
      <trkpt lat="44.177074" lon="7.675349">
        <ele>2498.6</ele>
        <time>2026-07-25T11:40:21Z</time>
      </trkpt>
      <trkpt lat="44.177082" lon="7.675362">
        <ele>2498.4</ele>
        <time>2026-07-25T11:40:26Z</time>
      </trkpt>
      <trkpt lat="44.177087" lon="7.675367">
        <ele>2498.4</ele>
        <time>2026-07-25T11:40:31Z</time>
      </trkpt>
      <trkpt lat="44.1771" lon="7.675373">
        <ele>2498.2</ele>
        <time>2026-07-25T11:40:40Z</time>
      </trkpt>
      <trkpt lat="44.177097" lon="7.675383">
        <ele>2498.0</ele>
        <time>2026-07-25T11:40:50Z</time>
      </trkpt>
      <trkpt lat="44.1771" lon="7.675384">
        <ele>2498.2</ele>
        <time>2026-07-25T11:40:51Z</time>
      </trkpt>
      <trkpt lat="44.177089" lon="7.675376">
        <ele>2498.2</ele>
        <time>2026-07-25T11:41:02Z</time>
      </trkpt>
      <trkpt lat="44.177067" lon="7.67538">
        <ele>2499.0</ele>
        <time>2026-07-25T11:41:14Z</time>
      </trkpt>
      <trkpt lat="44.177091" lon="7.675361">
        <ele>2498.8</ele>
        <time>2026-07-25T11:41:23Z</time>
      </trkpt>
      <trkpt lat="44.177095" lon="7.675364">
        <ele>2498.8</ele>
        <time>2026-07-25T11:41:24Z</time>
      </trkpt>
      <trkpt lat="44.177088" lon="7.67536">
        <ele>2499.4</ele>
        <time>2026-07-25T11:41:28Z</time>
      </trkpt>
      <trkpt lat="44.177084" lon="7.675365">
        <ele>2499.6</ele>
        <time>2026-07-25T11:41:32Z</time>
      </trkpt>
      <trkpt lat="44.177076" lon="7.675381">
        <ele>2499.2</ele>
        <time>2026-07-25T11:41:43Z</time>
      </trkpt>
      <trkpt lat="44.177079" lon="7.675368">
        <ele>2499.2</ele>
        <time>2026-07-25T11:41:52Z</time>
      </trkpt>
      <trkpt lat="44.177079" lon="7.675379">
        <ele>2499.8</ele>
        <time>2026-07-25T11:42:03Z</time>
      </trkpt>
      <trkpt lat="44.177086" lon="7.675378">
        <ele>2499.8</ele>
        <time>2026-07-25T11:42:05Z</time>
      </trkpt>
      <trkpt lat="44.17709" lon="7.675373">
        <ele>2499.8</ele>
        <time>2026-07-25T11:42:08Z</time>
      </trkpt>
      <trkpt lat="44.177081" lon="7.67537">
        <ele>2499.8</ele>
        <time>2026-07-25T11:42:11Z</time>
      </trkpt>
      <trkpt lat="44.177081" lon="7.675369">
        <ele>2499.8</ele>
        <time>2026-07-25T11:42:13Z</time>
      </trkpt>
      <trkpt lat="44.177092" lon="7.675364">
        <ele>2500.4</ele>
        <time>2026-07-25T11:42:23Z</time>
      </trkpt>
      <trkpt lat="44.177092" lon="7.675364">
        <ele>2500.4</ele>
        <time>2026-07-25T11:42:24Z</time>
      </trkpt>
      <trkpt lat="44.177076" lon="7.675367">
        <ele>2500.4</ele>
        <time>2026-07-25T11:42:35Z</time>
      </trkpt>
      <trkpt lat="44.177073" lon="7.675367">
        <ele>2500.6</ele>
        <time>2026-07-25T11:42:46Z</time>
      </trkpt>
      <trkpt lat="44.17707" lon="7.675366">
        <ele>2500.6</ele>
        <time>2026-07-25T11:42:53Z</time>
      </trkpt>
      <trkpt lat="44.177079" lon="7.675368">
        <ele>2500.8</ele>
        <time>2026-07-25T11:42:55Z</time>
      </trkpt>
      <trkpt lat="44.177094" lon="7.675361">
        <ele>2500.6</ele>
        <time>2026-07-25T11:43:02Z</time>
      </trkpt>
      <trkpt lat="44.177082" lon="7.675364">
        <ele>2501.0</ele>
        <time>2026-07-25T11:43:14Z</time>
      </trkpt>
      <trkpt lat="44.177074" lon="7.675352">
        <ele>2501.6</ele>
        <time>2026-07-25T11:43:18Z</time>
      </trkpt>
      <trkpt lat="44.177068" lon="7.675348">
        <ele>2501.4</ele>
        <time>2026-07-25T11:43:23Z</time>
      </trkpt>
      <trkpt lat="44.177059" lon="7.675346">
        <ele>2502.4</ele>
        <time>2026-07-25T11:43:33Z</time>
      </trkpt>
      <trkpt lat="44.177062" lon="7.67535">
        <ele>2502.2</ele>
        <time>2026-07-25T11:43:37Z</time>
      </trkpt>
      <trkpt lat="44.177073" lon="7.675356">
        <ele>2501.8</ele>
        <time>2026-07-25T11:43:45Z</time>
      </trkpt>
      <trkpt lat="44.177076" lon="7.675363">
        <ele>2502.0</ele>
        <time>2026-07-25T11:43:49Z</time>
      </trkpt>
      <trkpt lat="44.177089" lon="7.675374">
        <ele>2502.8</ele>
        <time>2026-07-25T11:43:54Z</time>
      </trkpt>
      <trkpt lat="44.177096" lon="7.675373">
        <ele>2503.0</ele>
        <time>2026-07-25T11:43:56Z</time>
      </trkpt>
      <trkpt lat="44.177109" lon="7.67538">
        <ele>2503.0</ele>
        <time>2026-07-25T11:43:58Z</time>
      </trkpt>
      <trkpt lat="44.177112" lon="7.675385">
        <ele>2503.0</ele>
        <time>2026-07-25T11:43:59Z</time>
      </trkpt>
      <trkpt lat="44.177113" lon="7.67539">
        <ele>2503.0</ele>
        <time>2026-07-25T11:44:00Z</time>
      </trkpt>
      <trkpt lat="44.177113" lon="7.675399">
        <ele>2502.8</ele>
        <time>2026-07-25T11:44:01Z</time>
      </trkpt>
      <trkpt lat="44.177109" lon="7.675405">
        <ele>2503.0</ele>
        <time>2026-07-25T11:44:03Z</time>
      </trkpt>
      <trkpt lat="44.177118" lon="7.675419">
        <ele>2503.2</ele>
        <time>2026-07-25T11:44:11Z</time>
      </trkpt>
      <trkpt lat="44.177119" lon="7.675423">
        <ele>2503.2</ele>
        <time>2026-07-25T11:44:12Z</time>
      </trkpt>
      <trkpt lat="44.177095" lon="7.675392">
        <ele>2502.8</ele>
        <time>2026-07-25T11:44:21Z</time>
      </trkpt>
      <trkpt lat="44.177079" lon="7.675372">
        <ele>2502.6</ele>
        <time>2026-07-25T11:44:26Z</time>
      </trkpt>
      <trkpt lat="44.177093" lon="7.675384">
        <ele>2502.4</ele>
        <time>2026-07-25T11:44:29Z</time>
      </trkpt>
      <trkpt lat="44.177103" lon="7.67538">
        <ele>2502.0</ele>
        <time>2026-07-25T11:44:38Z</time>
      </trkpt>
      <trkpt lat="44.1771" lon="7.67538">
        <ele>2502.0</ele>
        <time>2026-07-25T11:44:45Z</time>
      </trkpt>
      <trkpt lat="44.177094" lon="7.675382">
        <ele>2501.8</ele>
        <time>2026-07-25T11:44:49Z</time>
      </trkpt>
      <trkpt lat="44.177089" lon="7.675381">
        <ele>2501.8</ele>
        <time>2026-07-25T11:44:55Z</time>
      </trkpt>
      <trkpt lat="44.177099" lon="7.675366">
        <ele>2502.2</ele>
        <time>2026-07-25T11:45:03Z</time>
      </trkpt>
      <trkpt lat="44.177083" lon="7.675364">
        <ele>2502.2</ele>
        <time>2026-07-25T11:45:12Z</time>
      </trkpt>
      <trkpt lat="44.177083" lon="7.675348">
        <ele>2502.8</ele>
        <time>2026-07-25T11:45:18Z</time>
      </trkpt>
      <trkpt lat="44.177091" lon="7.675348">
        <ele>2502.8</ele>
        <time>2026-07-25T11:45:21Z</time>
      </trkpt>
      <trkpt lat="44.177082" lon="7.675357">
        <ele>2503.0</ele>
        <time>2026-07-25T11:45:31Z</time>
      </trkpt>
      <trkpt lat="44.177056" lon="7.675381">
        <ele>2503.0</ele>
        <time>2026-07-25T11:45:40Z</time>
      </trkpt>
      <trkpt lat="44.177058" lon="7.67538">
        <ele>2503.0</ele>
        <time>2026-07-25T11:45:41Z</time>
      </trkpt>
      <trkpt lat="44.177075" lon="7.67537">
        <ele>2503.0</ele>
        <time>2026-07-25T11:45:48Z</time>
      </trkpt>
      <trkpt lat="44.177096" lon="7.675367">
        <ele>2503.2</ele>
        <time>2026-07-25T11:46:02Z</time>
      </trkpt>
      <trkpt lat="44.177091" lon="7.675359">
        <ele>2503.8</ele>
        <time>2026-07-25T11:46:06Z</time>
      </trkpt>
      <trkpt lat="44.177089" lon="7.675352">
        <ele>2504.2</ele>
        <time>2026-07-25T11:46:11Z</time>
      </trkpt>
      <trkpt lat="44.17709" lon="7.675328">
        <ele>2503.0</ele>
        <time>2026-07-25T11:46:22Z</time>
      </trkpt>
      <trkpt lat="44.177089" lon="7.675326">
        <ele>2502.8</ele>
        <time>2026-07-25T11:46:23Z</time>
      </trkpt>
      <trkpt lat="44.177079" lon="7.675337">
        <ele>2503.8</ele>
        <time>2026-07-25T11:46:32Z</time>
      </trkpt>
      <trkpt lat="44.177084" lon="7.675344">
        <ele>2503.8</ele>
        <time>2026-07-25T11:46:34Z</time>
      </trkpt>
      <trkpt lat="44.177086" lon="7.675347">
        <ele>2503.8</ele>
        <time>2026-07-25T11:46:35Z</time>
      </trkpt>
      <trkpt lat="44.177091" lon="7.675348">
        <ele>2503.4</ele>
        <time>2026-07-25T11:46:41Z</time>
      </trkpt>
      <trkpt lat="44.177087" lon="7.67535">
        <ele>2503.4</ele>
        <time>2026-07-25T11:46:44Z</time>
      </trkpt>
      <trkpt lat="44.177085" lon="7.675351">
        <ele>2503.6</ele>
        <time>2026-07-25T11:46:46Z</time>
      </trkpt>
      <trkpt lat="44.177083" lon="7.675346">
        <ele>2503.6</ele>
        <time>2026-07-25T11:46:52Z</time>
      </trkpt>
      <trkpt lat="44.177082" lon="7.675354">
        <ele>2504.4</ele>
        <time>2026-07-25T11:47:02Z</time>
      </trkpt>
      <trkpt lat="44.177099" lon="7.675333">
        <ele>2503.6</ele>
        <time>2026-07-25T11:47:11Z</time>
      </trkpt>
      <trkpt lat="44.177089" lon="7.67535">
        <ele>2504.0</ele>
        <time>2026-07-25T11:47:19Z</time>
      </trkpt>
      <trkpt lat="44.1771" lon="7.675346">
        <ele>2504.0</ele>
        <time>2026-07-25T11:47:28Z</time>
      </trkpt>
      <trkpt lat="44.177094" lon="7.675358">
        <ele>2504.0</ele>
        <time>2026-07-25T11:47:39Z</time>
      </trkpt>
      <trkpt lat="44.177095" lon="7.675356">
        <ele>2504.0</ele>
        <time>2026-07-25T11:47:40Z</time>
      </trkpt>
      <trkpt lat="44.177094" lon="7.675344">
        <ele>2504.0</ele>
        <time>2026-07-25T11:47:43Z</time>
      </trkpt>
      <trkpt lat="44.17708" lon="7.67536">
        <ele>2503.8</ele>
        <time>2026-07-25T11:47:49Z</time>
      </trkpt>
      <trkpt lat="44.177077" lon="7.67536">
        <ele>2503.6</ele>
        <time>2026-07-25T11:47:57Z</time>
      </trkpt>
      <trkpt lat="44.177078" lon="7.675317">
        <ele>2503.2</ele>
        <time>2026-07-25T11:48:09Z</time>
      </trkpt>
      <trkpt lat="44.177051" lon="7.675238">
        <ele>2503.6</ele>
        <time>2026-07-25T11:48:18Z</time>
      </trkpt>
      <trkpt lat="44.177042" lon="7.675164">
        <ele>2503.0</ele>
        <time>2026-07-25T11:48:27Z</time>
      </trkpt>
      <trkpt lat="44.177044" lon="7.67516">
        <ele>2502.8</ele>
        <time>2026-07-25T11:48:28Z</time>
      </trkpt>
      <trkpt lat="44.177044" lon="7.675129">
        <ele>2501.6</ele>
        <time>2026-07-25T11:48:36Z</time>
      </trkpt>
      <trkpt lat="44.17703" lon="7.675072">
        <ele>2500.8</ele>
        <time>2026-07-25T11:48:45Z</time>
      </trkpt>
      <trkpt lat="44.177031" lon="7.675038">
        <ele>2500.2</ele>
        <time>2026-07-25T11:48:49Z</time>
      </trkpt>
      <trkpt lat="44.177035" lon="7.675018">
        <ele>2499.0</ele>
        <time>2026-07-25T11:48:51Z</time>
      </trkpt>
      <trkpt lat="44.177046" lon="7.675">
        <ele>2499.0</ele>
        <time>2026-07-25T11:48:55Z</time>
      </trkpt>
      <trkpt lat="44.177072" lon="7.674968">
        <ele>2498.0</ele>
        <time>2026-07-25T11:49:00Z</time>
      </trkpt>
      <trkpt lat="44.177071" lon="7.674942">
        <ele>2497.0</ele>
        <time>2026-07-25T11:49:05Z</time>
      </trkpt>
      <trkpt lat="44.177068" lon="7.674938">
        <ele>2496.8</ele>
        <time>2026-07-25T11:49:06Z</time>
      </trkpt>
      <trkpt lat="44.177051" lon="7.674899">
        <ele>2495.6</ele>
        <time>2026-07-25T11:49:12Z</time>
      </trkpt>
      <trkpt lat="44.177046" lon="7.674896">
        <ele>2495.2</ele>
        <time>2026-07-25T11:49:14Z</time>
      </trkpt>
      <trkpt lat="44.177036" lon="7.674876">
        <ele>2494.6</ele>
        <time>2026-07-25T11:49:17Z</time>
      </trkpt>
      <trkpt lat="44.177042" lon="7.674869">
        <ele>2493.6</ele>
        <time>2026-07-25T11:49:20Z</time>
      </trkpt>
      <trkpt lat="44.177044" lon="7.67486">
        <ele>2493.2</ele>
        <time>2026-07-25T11:49:21Z</time>
      </trkpt>
      <trkpt lat="44.177046" lon="7.674839">
        <ele>2492.4</ele>
        <time>2026-07-25T11:49:23Z</time>
      </trkpt>
      <trkpt lat="44.177053" lon="7.674798">
        <ele>2491.2</ele>
        <time>2026-07-25T11:49:27Z</time>
      </trkpt>
      <trkpt lat="44.177055" lon="7.674789">
        <ele>2491.2</ele>
        <time>2026-07-25T11:49:28Z</time>
      </trkpt>
      <trkpt lat="44.177063" lon="7.674734">
        <ele>2490.2</ele>
        <time>2026-07-25T11:49:38Z</time>
      </trkpt>
      <trkpt lat="44.177051" lon="7.674673">
        <ele>2489.0</ele>
        <time>2026-07-25T11:49:46Z</time>
      </trkpt>
      <trkpt lat="44.177052" lon="7.674631">
        <ele>2487.8</ele>
        <time>2026-07-25T11:49:52Z</time>
      </trkpt>
      <trkpt lat="44.177057" lon="7.674621">
        <ele>2487.4</ele>
        <time>2026-07-25T11:49:54Z</time>
      </trkpt>
      <trkpt lat="44.17706" lon="7.674609">
        <ele>2486.8</ele>
        <time>2026-07-25T11:49:56Z</time>
      </trkpt>
      <trkpt lat="44.177062" lon="7.674579">
        <ele>2485.6</ele>
        <time>2026-07-25T11:50:01Z</time>
      </trkpt>
      <trkpt lat="44.177065" lon="7.674554">
        <ele>2485.0</ele>
        <time>2026-07-25T11:50:03Z</time>
      </trkpt>
      <trkpt lat="44.177066" lon="7.674536">
        <ele>2484.4</ele>
        <time>2026-07-25T11:50:05Z</time>
      </trkpt>
      <trkpt lat="44.177073" lon="7.674481">
        <ele>2483.2</ele>
        <time>2026-07-25T11:50:10Z</time>
      </trkpt>
      <trkpt lat="44.177078" lon="7.674448">
        <ele>2483.0</ele>
        <time>2026-07-25T11:50:14Z</time>
      </trkpt>
      <trkpt lat="44.177085" lon="7.674434">
        <ele>2482.2</ele>
        <time>2026-07-25T11:50:20Z</time>
      </trkpt>
      <trkpt lat="44.177086" lon="7.674437">
        <ele>2482.0</ele>
        <time>2026-07-25T11:50:23Z</time>
      </trkpt>
      <trkpt lat="44.17709" lon="7.674435">
        <ele>2482.6</ele>
        <time>2026-07-25T11:50:28Z</time>
      </trkpt>
      <trkpt lat="44.1771" lon="7.67441">
        <ele>2481.4</ele>
        <time>2026-07-25T11:50:33Z</time>
      </trkpt>
      <trkpt lat="44.177101" lon="7.674407">
        <ele>2481.2</ele>
        <time>2026-07-25T11:50:34Z</time>
      </trkpt>
      <trkpt lat="44.177113" lon="7.674352">
        <ele>2480.2</ele>
        <time>2026-07-25T11:50:41Z</time>
      </trkpt>
      <trkpt lat="44.177114" lon="7.674343">
        <ele>2479.6</ele>
        <time>2026-07-25T11:50:43Z</time>
      </trkpt>
      <trkpt lat="44.177111" lon="7.674321">
        <ele>2479.2</ele>
        <time>2026-07-25T11:50:46Z</time>
      </trkpt>
      <trkpt lat="44.177115" lon="7.674278">
        <ele>2478.4</ele>
        <time>2026-07-25T11:50:53Z</time>
      </trkpt>
      <trkpt lat="44.17713" lon="7.674255">
        <ele>2478.0</ele>
        <time>2026-07-25T11:50:56Z</time>
      </trkpt>
      <trkpt lat="44.177143" lon="7.674248">
        <ele>2477.0</ele>
        <time>2026-07-25T11:50:59Z</time>
      </trkpt>
      <trkpt lat="44.177147" lon="7.674245">
        <ele>2476.6</ele>
        <time>2026-07-25T11:51:00Z</time>
      </trkpt>
      <trkpt lat="44.177167" lon="7.674224">
        <ele>2475.6</ele>
        <time>2026-07-25T11:51:05Z</time>
      </trkpt>
      <trkpt lat="44.177172" lon="7.67422">
        <ele>2475.4</ele>
        <time>2026-07-25T11:51:06Z</time>
      </trkpt>
      <trkpt lat="44.177186" lon="7.674196">
        <ele>2474.4</ele>
        <time>2026-07-25T11:51:12Z</time>
      </trkpt>
      <trkpt lat="44.177185" lon="7.67419">
        <ele>2474.0</ele>
        <time>2026-07-25T11:51:15Z</time>
      </trkpt>
      <trkpt lat="44.177191" lon="7.674143">
        <ele>2473.6</ele>
        <time>2026-07-25T11:51:24Z</time>
      </trkpt>
      <trkpt lat="44.177192" lon="7.674133">
        <ele>2473.4</ele>
        <time>2026-07-25T11:51:25Z</time>
      </trkpt>
      <trkpt lat="44.177199" lon="7.674107">
        <ele>2471.8</ele>
        <time>2026-07-25T11:51:28Z</time>
      </trkpt>
      <trkpt lat="44.17721" lon="7.674065">
        <ele>2470.4</ele>
        <time>2026-07-25T11:51:32Z</time>
      </trkpt>
      <trkpt lat="44.177219" lon="7.67406">
        <ele>2470.0</ele>
        <time>2026-07-25T11:51:34Z</time>
      </trkpt>
      <trkpt lat="44.177225" lon="7.674063">
        <ele>2469.4</ele>
        <time>2026-07-25T11:51:37Z</time>
      </trkpt>
      <trkpt lat="44.177232" lon="7.674057">
        <ele>2468.2</ele>
        <time>2026-07-25T11:51:39Z</time>
      </trkpt>
      <trkpt lat="44.177236" lon="7.674046">
        <ele>2467.2</ele>
        <time>2026-07-25T11:51:42Z</time>
      </trkpt>
      <trkpt lat="44.177247" lon="7.674038">
        <ele>2467.4</ele>
        <time>2026-07-25T11:51:49Z</time>
      </trkpt>
      <trkpt lat="44.17725" lon="7.673988">
        <ele>2466.0</ele>
        <time>2026-07-25T11:51:55Z</time>
      </trkpt>
      <trkpt lat="44.177263" lon="7.673951">
        <ele>2465.0</ele>
        <time>2026-07-25T11:51:58Z</time>
      </trkpt>
      <trkpt lat="44.177265" lon="7.673947">
        <ele>2464.8</ele>
        <time>2026-07-25T11:51:59Z</time>
      </trkpt>
      <trkpt lat="44.177266" lon="7.67395">
        <ele>2463.8</ele>
        <time>2026-07-25T11:52:04Z</time>
      </trkpt>
      <trkpt lat="44.177267" lon="7.67395">
        <ele>2463.2</ele>
        <time>2026-07-25T11:52:06Z</time>
      </trkpt>
      <trkpt lat="44.177271" lon="7.673936">
        <ele>2462.8</ele>
        <time>2026-07-25T11:52:15Z</time>
      </trkpt>
      <trkpt lat="44.177272" lon="7.673927">
        <ele>2462.6</ele>
        <time>2026-07-25T11:52:16Z</time>
      </trkpt>
      <trkpt lat="44.177271" lon="7.673915">
        <ele>2462.0</ele>
        <time>2026-07-25T11:52:18Z</time>
      </trkpt>
      <trkpt lat="44.177274" lon="7.673914">
        <ele>2461.4</ele>
        <time>2026-07-25T11:52:20Z</time>
      </trkpt>
      <trkpt lat="44.177286" lon="7.6739">
        <ele>2460.4</ele>
        <time>2026-07-25T11:52:24Z</time>
      </trkpt>
      <trkpt lat="44.17729" lon="7.673899">
        <ele>2459.8</ele>
        <time>2026-07-25T11:52:25Z</time>
      </trkpt>
      <trkpt lat="44.177296" lon="7.673889">
        <ele>2459.4</ele>
        <time>2026-07-25T11:52:27Z</time>
      </trkpt>
      <trkpt lat="44.177316" lon="7.673858">
        <ele>2458.0</ele>
        <time>2026-07-25T11:52:31Z</time>
      </trkpt>
      <trkpt lat="44.177313" lon="7.673835">
        <ele>2456.8</ele>
        <time>2026-07-25T11:52:34Z</time>
      </trkpt>
      <trkpt lat="44.177308" lon="7.673789">
        <ele>2455.6</ele>
        <time>2026-07-25T11:52:39Z</time>
      </trkpt>
      <trkpt lat="44.177305" lon="7.673763">
        <ele>2454.6</ele>
        <time>2026-07-25T11:52:41Z</time>
      </trkpt>
      <trkpt lat="44.177302" lon="7.673747">
        <ele>2453.4</ele>
        <time>2026-07-25T11:52:43Z</time>
      </trkpt>
      <trkpt lat="44.1773" lon="7.673735">
        <ele>2452.2</ele>
        <time>2026-07-25T11:52:45Z</time>
      </trkpt>
      <trkpt lat="44.177299" lon="7.673707">
        <ele>2450.8</ele>
        <time>2026-07-25T11:52:48Z</time>
      </trkpt>
      <trkpt lat="44.177301" lon="7.673686">
        <ele>2449.6</ele>
        <time>2026-07-25T11:52:51Z</time>
      </trkpt>
      <trkpt lat="44.1773" lon="7.673681">
        <ele>2449.6</ele>
        <time>2026-07-25T11:52:53Z</time>
      </trkpt>
      <trkpt lat="44.177291" lon="7.673667">
        <ele>2450.6</ele>
        <time>2026-07-25T11:52:56Z</time>
      </trkpt>
      <trkpt lat="44.177293" lon="7.673645">
        <ele>2450.6</ele>
        <time>2026-07-25T11:53:01Z</time>
      </trkpt>
      <trkpt lat="44.177296" lon="7.673618">
        <ele>2449.4</ele>
        <time>2026-07-25T11:53:04Z</time>
      </trkpt>
      <trkpt lat="44.177301" lon="7.673587">
        <ele>2448.0</ele>
        <time>2026-07-25T11:53:07Z</time>
      </trkpt>
      <trkpt lat="44.177303" lon="7.673578">
        <ele>2447.6</ele>
        <time>2026-07-25T11:53:08Z</time>
      </trkpt>
      <trkpt lat="44.177305" lon="7.673565">
        <ele>2446.8</ele>
        <time>2026-07-25T11:53:10Z</time>
      </trkpt>
      <trkpt lat="44.177308" lon="7.673513">
        <ele>2445.6</ele>
        <time>2026-07-25T11:53:18Z</time>
      </trkpt>
      <trkpt lat="44.177313" lon="7.673503">
        <ele>2444.4</ele>
        <time>2026-07-25T11:53:21Z</time>
      </trkpt>
      <trkpt lat="44.177333" lon="7.673473">
        <ele>2443.0</ele>
        <time>2026-07-25T11:53:26Z</time>
      </trkpt>
      <trkpt lat="44.177335" lon="7.673472">
        <ele>2442.8</ele>
        <time>2026-07-25T11:53:27Z</time>
      </trkpt>
      <trkpt lat="44.177337" lon="7.673461">
        <ele>2442.0</ele>
        <time>2026-07-25T11:53:29Z</time>
      </trkpt>
      <trkpt lat="44.177339" lon="7.67347">
        <ele>2440.8</ele>
        <time>2026-07-25T11:53:32Z</time>
      </trkpt>
      <trkpt lat="44.177346" lon="7.673489">
        <ele>2441.0</ele>
        <time>2026-07-25T11:53:35Z</time>
      </trkpt>
      <trkpt lat="44.177336" lon="7.673476">
        <ele>2440.2</ele>
        <time>2026-07-25T11:53:41Z</time>
      </trkpt>
      <trkpt lat="44.177335" lon="7.673455">
        <ele>2439.6</ele>
        <time>2026-07-25T11:53:45Z</time>
      </trkpt>
      <trkpt lat="44.177334" lon="7.673419">
        <ele>2438.6</ele>
        <time>2026-07-25T11:53:49Z</time>
      </trkpt>
      <trkpt lat="44.177336" lon="7.673392">
        <ele>2437.4</ele>
        <time>2026-07-25T11:53:54Z</time>
      </trkpt>
      <trkpt lat="44.177338" lon="7.673389">
        <ele>2437.0</ele>
        <time>2026-07-25T11:53:55Z</time>
      </trkpt>
      <trkpt lat="44.177343" lon="7.673386">
        <ele>2436.4</ele>
        <time>2026-07-25T11:53:58Z</time>
      </trkpt>
      <trkpt lat="44.177344" lon="7.673385">
        <ele>2436.2</ele>
        <time>2026-07-25T11:53:59Z</time>
      </trkpt>
      <trkpt lat="44.177356" lon="7.673369">
        <ele>2436.6</ele>
        <time>2026-07-25T11:54:06Z</time>
      </trkpt>
      <trkpt lat="44.177366" lon="7.673392">
        <ele>2435.8</ele>
        <time>2026-07-25T11:54:11Z</time>
      </trkpt>
      <trkpt lat="44.177364" lon="7.673392">
        <ele>2434.8</ele>
        <time>2026-07-25T11:54:15Z</time>
      </trkpt>
      <trkpt lat="44.177365" lon="7.67338">
        <ele>2433.8</ele>
        <time>2026-07-25T11:54:21Z</time>
      </trkpt>
      <trkpt lat="44.177368" lon="7.673364">
        <ele>2432.8</ele>
        <time>2026-07-25T11:54:24Z</time>
      </trkpt>
      <trkpt lat="44.177366" lon="7.673337">
        <ele>2431.8</ele>
        <time>2026-07-25T11:54:27Z</time>
      </trkpt>
      <trkpt lat="44.177364" lon="7.673294">
        <ele>2430.8</ele>
        <time>2026-07-25T11:54:32Z</time>
      </trkpt>
      <trkpt lat="44.177371" lon="7.673282">
        <ele>2430.6</ele>
        <time>2026-07-25T11:54:34Z</time>
      </trkpt>
      <trkpt lat="44.177386" lon="7.673245">
        <ele>2429.4</ele>
        <time>2026-07-25T11:54:40Z</time>
      </trkpt>
      <trkpt lat="44.177368" lon="7.673199">
        <ele>2429.2</ele>
        <time>2026-07-25T11:54:50Z</time>
      </trkpt>
      <trkpt lat="44.177362" lon="7.673145">
        <ele>2428.8</ele>
        <time>2026-07-25T11:54:58Z</time>
      </trkpt>
      <trkpt lat="44.177365" lon="7.673135">
        <ele>2428.4</ele>
        <time>2026-07-25T11:54:59Z</time>
      </trkpt>
      <trkpt lat="44.177368" lon="7.67312">
        <ele>2427.2</ele>
        <time>2026-07-25T11:55:01Z</time>
      </trkpt>
      <trkpt lat="44.177375" lon="7.673117">
        <ele>2426.2</ele>
        <time>2026-07-25T11:55:04Z</time>
      </trkpt>
      <trkpt lat="44.177387" lon="7.673115">
        <ele>2426.0</ele>
        <time>2026-07-25T11:55:07Z</time>
      </trkpt>
      <trkpt lat="44.177386" lon="7.673071">
        <ele>2425.2</ele>
        <time>2026-07-25T11:55:12Z</time>
      </trkpt>
      <trkpt lat="44.177387" lon="7.673057">
        <ele>2424.6</ele>
        <time>2026-07-25T11:55:14Z</time>
      </trkpt>
      <trkpt lat="44.177395" lon="7.673056">
        <ele>2423.8</ele>
        <time>2026-07-25T11:55:16Z</time>
      </trkpt>
      <trkpt lat="44.177391" lon="7.673031">
        <ele>2423.2</ele>
        <time>2026-07-25T11:55:21Z</time>
      </trkpt>
      <trkpt lat="44.177384" lon="7.673011">
        <ele>2422.6</ele>
        <time>2026-07-25T11:55:23Z</time>
      </trkpt>
      <trkpt lat="44.177377" lon="7.672984">
        <ele>2422.4</ele>
        <time>2026-07-25T11:55:28Z</time>
      </trkpt>
      <trkpt lat="44.177378" lon="7.672965">
        <ele>2421.6</ele>
        <time>2026-07-25T11:55:32Z</time>
      </trkpt>
      <trkpt lat="44.177382" lon="7.672955">
        <ele>2421.0</ele>
        <time>2026-07-25T11:55:34Z</time>
      </trkpt>
      <trkpt lat="44.177397" lon="7.672958">
        <ele>2421.4</ele>
        <time>2026-07-25T11:55:40Z</time>
      </trkpt>
      <trkpt lat="44.177395" lon="7.672932">
        <ele>2420.4</ele>
        <time>2026-07-25T11:55:44Z</time>
      </trkpt>
      <trkpt lat="44.177401" lon="7.672911">
        <ele>2419.6</ele>
        <time>2026-07-25T11:55:47Z</time>
      </trkpt>
      <trkpt lat="44.177401" lon="7.672896">
        <ele>2419.2</ele>
        <time>2026-07-25T11:55:49Z</time>
      </trkpt>
      <trkpt lat="44.177405" lon="7.672863">
        <ele>2418.6</ele>
        <time>2026-07-25T11:55:54Z</time>
      </trkpt>
      <trkpt lat="44.177411" lon="7.672851">
        <ele>2418.0</ele>
        <time>2026-07-25T11:55:56Z</time>
      </trkpt>
      <trkpt lat="44.177414" lon="7.672832">
        <ele>2417.0</ele>
        <time>2026-07-25T11:55:59Z</time>
      </trkpt>
      <trkpt lat="44.177415" lon="7.672794">
        <ele>2416.0</ele>
        <time>2026-07-25T11:56:02Z</time>
      </trkpt>
      <trkpt lat="44.177416" lon="7.672783">
        <ele>2415.8</ele>
        <time>2026-07-25T11:56:03Z</time>
      </trkpt>
      <trkpt lat="44.177419" lon="7.672738">
        <ele>2414.4</ele>
        <time>2026-07-25T11:56:07Z</time>
      </trkpt>
      <trkpt lat="44.177421" lon="7.672721">
        <ele>2413.4</ele>
        <time>2026-07-25T11:56:11Z</time>
      </trkpt>
      <trkpt lat="44.177422" lon="7.672719">
        <ele>2413.2</ele>
        <time>2026-07-25T11:56:15Z</time>
      </trkpt>
      <trkpt lat="44.177431" lon="7.672722">
        <ele>2413.2</ele>
        <time>2026-07-25T11:56:25Z</time>
      </trkpt>
      <trkpt lat="44.177431" lon="7.672726">
        <ele>2413.8</ele>
        <time>2026-07-25T11:56:26Z</time>
      </trkpt>
      <trkpt lat="44.177426" lon="7.672731">
        <ele>2415.0</ele>
        <time>2026-07-25T11:56:28Z</time>
      </trkpt>
      <trkpt lat="44.177424" lon="7.672728">
        <ele>2416.4</ele>
        <time>2026-07-25T11:56:29Z</time>
      </trkpt>
      <trkpt lat="44.177451" lon="7.672738">
        <ele>2416.6</ele>
        <time>2026-07-25T11:56:35Z</time>
      </trkpt>
      <trkpt lat="44.177486" lon="7.672679">
        <ele>2415.0</ele>
        <time>2026-07-25T11:56:40Z</time>
      </trkpt>
      <trkpt lat="44.177493" lon="7.672647">
        <ele>2414.6</ele>
        <time>2026-07-25T11:56:42Z</time>
      </trkpt>
      <trkpt lat="44.177508" lon="7.672592">
        <ele>2413.8</ele>
        <time>2026-07-25T11:56:46Z</time>
      </trkpt>
      <trkpt lat="44.177531" lon="7.672571">
        <ele>2412.6</ele>
        <time>2026-07-25T11:56:50Z</time>
      </trkpt>
      <trkpt lat="44.177543" lon="7.67256">
        <ele>2412.4</ele>
        <time>2026-07-25T11:56:52Z</time>
      </trkpt>
      <trkpt lat="44.177612" lon="7.672477">
        <ele>2412.4</ele>
        <time>2026-07-25T11:57:01Z</time>
      </trkpt>
      <trkpt lat="44.177627" lon="7.672455">
        <ele>2411.6</ele>
        <time>2026-07-25T11:57:03Z</time>
      </trkpt>
      <trkpt lat="44.177639" lon="7.672433">
        <ele>2410.6</ele>
        <time>2026-07-25T11:57:05Z</time>
      </trkpt>
      <trkpt lat="44.177683" lon="7.672391">
        <ele>2411.4</ele>
        <time>2026-07-25T11:57:12Z</time>
      </trkpt>
      <trkpt lat="44.177688" lon="7.672392">
        <ele>2411.6</ele>
        <time>2026-07-25T11:57:13Z</time>
      </trkpt>
      <trkpt lat="44.177734" lon="7.672373">
        <ele>2411.4</ele>
        <time>2026-07-25T11:57:20Z</time>
      </trkpt>
      <trkpt lat="44.177792" lon="7.672351">
        <ele>2410.4</ele>
        <time>2026-07-25T11:57:28Z</time>
      </trkpt>
      <trkpt lat="44.177797" lon="7.672346">
        <ele>2409.8</ele>
        <time>2026-07-25T11:57:32Z</time>
      </trkpt>
      <trkpt lat="44.177796" lon="7.672346">
        <ele>2409.4</ele>
        <time>2026-07-25T11:57:34Z</time>
      </trkpt>
      <trkpt lat="44.177809" lon="7.672355">
        <ele>2408.8</ele>
        <time>2026-07-25T11:57:41Z</time>
      </trkpt>
      <trkpt lat="44.177807" lon="7.672358">
        <ele>2408.8</ele>
        <time>2026-07-25T11:57:46Z</time>
      </trkpt>
      <trkpt lat="44.177808" lon="7.672362">
        <ele>2408.8</ele>
        <time>2026-07-25T11:57:51Z</time>
      </trkpt>
      <trkpt lat="44.177806" lon="7.672344">
        <ele>2409.0</ele>
        <time>2026-07-25T11:57:57Z</time>
      </trkpt>
      <trkpt lat="44.177767" lon="7.672308">
        <ele>2408.6</ele>
        <time>2026-07-25T11:58:03Z</time>
      </trkpt>
      <trkpt lat="44.177764" lon="7.672303">
        <ele>2408.4</ele>
        <time>2026-07-25T11:58:04Z</time>
      </trkpt>
      <trkpt lat="44.177746" lon="7.672284">
        <ele>2407.2</ele>
        <time>2026-07-25T11:58:09Z</time>
      </trkpt>
      <trkpt lat="44.177728" lon="7.672273">
        <ele>2406.6</ele>
        <time>2026-07-25T11:58:12Z</time>
      </trkpt>
      <trkpt lat="44.177708" lon="7.672262">
        <ele>2406.2</ele>
        <time>2026-07-25T11:58:15Z</time>
      </trkpt>
      <trkpt lat="44.177675" lon="7.672247">
        <ele>2404.8</ele>
        <time>2026-07-25T11:58:21Z</time>
      </trkpt>
      <trkpt lat="44.17767" lon="7.672246">
        <ele>2404.6</ele>
        <time>2026-07-25T11:58:22Z</time>
      </trkpt>
      <trkpt lat="44.17764" lon="7.672233">
        <ele>2404.0</ele>
        <time>2026-07-25T11:58:30Z</time>
      </trkpt>
      <trkpt lat="44.177635" lon="7.672231">
        <ele>2403.6</ele>
        <time>2026-07-25T11:58:31Z</time>
      </trkpt>
      <trkpt lat="44.177622" lon="7.67222">
        <ele>2402.6</ele>
        <time>2026-07-25T11:58:34Z</time>
      </trkpt>
      <trkpt lat="44.177575" lon="7.672236">
        <ele>2402.8</ele>
        <time>2026-07-25T11:58:40Z</time>
      </trkpt>
      <trkpt lat="44.177568" lon="7.672247">
        <ele>2403.2</ele>
        <time>2026-07-25T11:58:42Z</time>
      </trkpt>
      <trkpt lat="44.177517" lon="7.672269">
        <ele>2402.2</ele>
        <time>2026-07-25T11:58:52Z</time>
      </trkpt>
      <trkpt lat="44.177475" lon="7.672234">
        <ele>2401.4</ele>
        <time>2026-07-25T11:58:59Z</time>
      </trkpt>
      <trkpt lat="44.177472" lon="7.67223">
        <ele>2401.2</ele>
        <time>2026-07-25T11:59:00Z</time>
      </trkpt>
      <trkpt lat="44.177472" lon="7.672222">
        <ele>2400.4</ele>
        <time>2026-07-25T11:59:03Z</time>
      </trkpt>
      <trkpt lat="44.177477" lon="7.672191">
        <ele>2399.2</ele>
        <time>2026-07-25T11:59:07Z</time>
      </trkpt>
      <trkpt lat="44.177477" lon="7.67217">
        <ele>2398.2</ele>
        <time>2026-07-25T11:59:10Z</time>
      </trkpt>
      <trkpt lat="44.17746" lon="7.672157">
        <ele>2397.2</ele>
        <time>2026-07-25T11:59:14Z</time>
      </trkpt>
      <trkpt lat="44.177432" lon="7.672153">
        <ele>2397.6</ele>
        <time>2026-07-25T11:59:20Z</time>
      </trkpt>
      <trkpt lat="44.177431" lon="7.672114">
        <ele>2397.6</ele>
        <time>2026-07-25T11:59:29Z</time>
      </trkpt>
      <trkpt lat="44.177409" lon="7.672105">
        <ele>2396.0</ele>
        <time>2026-07-25T11:59:32Z</time>
      </trkpt>
      <trkpt lat="44.177396" lon="7.672099">
        <ele>2395.0</ele>
        <time>2026-07-25T11:59:35Z</time>
      </trkpt>
      <trkpt lat="44.177394" lon="7.672092">
        <ele>2394.8</ele>
        <time>2026-07-25T11:59:36Z</time>
      </trkpt>
      <trkpt lat="44.177388" lon="7.672083">
        <ele>2393.8</ele>
        <time>2026-07-25T11:59:38Z</time>
      </trkpt>
      <trkpt lat="44.17738" lon="7.672075">
        <ele>2393.0</ele>
        <time>2026-07-25T11:59:46Z</time>
      </trkpt>
      <trkpt lat="44.177378" lon="7.672079">
        <ele>2393.6</ele>
        <time>2026-07-25T11:59:52Z</time>
      </trkpt>
      <trkpt lat="44.177373" lon="7.672076">
        <ele>2394.8</ele>
        <time>2026-07-25T11:59:54Z</time>
      </trkpt>
      <trkpt lat="44.17737" lon="7.672077">
        <ele>2395.8</ele>
        <time>2026-07-25T11:59:56Z</time>
      </trkpt>
      <trkpt lat="44.177369" lon="7.672076">
        <ele>2396.4</ele>
        <time>2026-07-25T11:59:57Z</time>
      </trkpt>
      <trkpt lat="44.177367" lon="7.672073">
        <ele>2396.4</ele>
        <time>2026-07-25T11:59:58Z</time>
      </trkpt>
      <trkpt lat="44.177362" lon="7.672075">
        <ele>2394.8</ele>
        <time>2026-07-25T12:00:04Z</time>
      </trkpt>
      <trkpt lat="44.177361" lon="7.672069">
        <ele>2393.6</ele>
        <time>2026-07-25T12:00:06Z</time>
      </trkpt>
      <trkpt lat="44.177367" lon="7.672073">
        <ele>2392.6</ele>
        <time>2026-07-25T12:00:09Z</time>
      </trkpt>
      <trkpt lat="44.177382" lon="7.672089">
        <ele>2392.6</ele>
        <time>2026-07-25T12:00:15Z</time>
      </trkpt>
      <trkpt lat="44.177351" lon="7.672068">
        <ele>2392.8</ele>
        <time>2026-07-25T12:00:23Z</time>
      </trkpt>
      <trkpt lat="44.177341" lon="7.672084">
        <ele>2392.0</ele>
        <time>2026-07-25T12:00:34Z</time>
      </trkpt>
      <trkpt lat="44.17732" lon="7.672081">
        <ele>2391.6</ele>
        <time>2026-07-25T12:00:38Z</time>
      </trkpt>
      <trkpt lat="44.177293" lon="7.672073">
        <ele>2390.6</ele>
        <time>2026-07-25T12:00:44Z</time>
      </trkpt>
      <trkpt lat="44.177285" lon="7.67207">
        <ele>2390.2</ele>
        <time>2026-07-25T12:00:45Z</time>
      </trkpt>
      <trkpt lat="44.177275" lon="7.672065">
        <ele>2389.4</ele>
        <time>2026-07-25T12:00:47Z</time>
      </trkpt>
      <trkpt lat="44.177258" lon="7.672059">
        <ele>2388.4</ele>
        <time>2026-07-25T12:00:52Z</time>
      </trkpt>
      <trkpt lat="44.177236" lon="7.672041">
        <ele>2387.4</ele>
        <time>2026-07-25T12:00:55Z</time>
      </trkpt>
      <trkpt lat="44.177225" lon="7.672037">
        <ele>2387.0</ele>
        <time>2026-07-25T12:00:56Z</time>
      </trkpt>
      <trkpt lat="44.177194" lon="7.672019">
        <ele>2386.4</ele>
        <time>2026-07-25T12:01:02Z</time>
      </trkpt>
      <trkpt lat="44.177183" lon="7.672029">
        <ele>2386.0</ele>
        <time>2026-07-25T12:01:10Z</time>
      </trkpt>
      <trkpt lat="44.177174" lon="7.672027">
        <ele>2385.8</ele>
        <time>2026-07-25T12:01:11Z</time>
      </trkpt>
      <trkpt lat="44.177157" lon="7.67202">
        <ele>2384.8</ele>
        <time>2026-07-25T12:01:13Z</time>
      </trkpt>
      <trkpt lat="44.17714" lon="7.672">
        <ele>2383.2</ele>
        <time>2026-07-25T12:01:16Z</time>
      </trkpt>
      <trkpt lat="44.177138" lon="7.671991">
        <ele>2383.0</ele>
        <time>2026-07-25T12:01:17Z</time>
      </trkpt>
      <trkpt lat="44.177132" lon="7.671952">
        <ele>2382.6</ele>
        <time>2026-07-25T12:01:24Z</time>
      </trkpt>
      <trkpt lat="44.177127" lon="7.671949">
        <ele>2382.0</ele>
        <time>2026-07-25T12:01:25Z</time>
      </trkpt>
      <trkpt lat="44.177111" lon="7.671928">
        <ele>2380.8</ele>
        <time>2026-07-25T12:01:28Z</time>
      </trkpt>
      <trkpt lat="44.177102" lon="7.671909">
        <ele>2380.2</ele>
        <time>2026-07-25T12:01:31Z</time>
      </trkpt>
      <trkpt lat="44.177098" lon="7.671896">
        <ele>2379.8</ele>
        <time>2026-07-25T12:01:35Z</time>
      </trkpt>
      <trkpt lat="44.177106" lon="7.671896">
        <ele>2379.6</ele>
        <time>2026-07-25T12:01:39Z</time>
      </trkpt>
      <trkpt lat="44.177112" lon="7.671885">
        <ele>2378.6</ele>
        <time>2026-07-25T12:01:43Z</time>
      </trkpt>
      <trkpt lat="44.177109" lon="7.671882">
        <ele>2377.8</ele>
        <time>2026-07-25T12:01:48Z</time>
      </trkpt>
      <trkpt lat="44.177108" lon="7.671873">
        <ele>2377.6</ele>
        <time>2026-07-25T12:01:50Z</time>
      </trkpt>
      <trkpt lat="44.177109" lon="7.671864">
        <ele>2376.4</ele>
        <time>2026-07-25T12:01:54Z</time>
      </trkpt>
      <trkpt lat="44.177104" lon="7.671847">
        <ele>2375.4</ele>
        <time>2026-07-25T12:01:57Z</time>
      </trkpt>
      <trkpt lat="44.177102" lon="7.671838">
        <ele>2375.0</ele>
        <time>2026-07-25T12:01:58Z</time>
      </trkpt>
      <trkpt lat="44.17709" lon="7.671806">
        <ele>2373.8</ele>
        <time>2026-07-25T12:02:02Z</time>
      </trkpt>
      <trkpt lat="44.177085" lon="7.67179">
        <ele>2372.8</ele>
        <time>2026-07-25T12:02:05Z</time>
      </trkpt>
      <trkpt lat="44.177081" lon="7.671756">
        <ele>2371.4</ele>
        <time>2026-07-25T12:02:13Z</time>
      </trkpt>
      <trkpt lat="44.177073" lon="7.671746">
        <ele>2370.0</ele>
        <time>2026-07-25T12:02:16Z</time>
      </trkpt>
      <trkpt lat="44.177053" lon="7.671725">
        <ele>2370.2</ele>
        <time>2026-07-25T12:02:21Z</time>
      </trkpt>
      <trkpt lat="44.177036" lon="7.671693">
        <ele>2369.0</ele>
        <time>2026-07-25T12:02:26Z</time>
      </trkpt>
      <trkpt lat="44.177031" lon="7.671686">
        <ele>2367.6</ele>
        <time>2026-07-25T12:02:28Z</time>
      </trkpt>
      <trkpt lat="44.177036" lon="7.671667">
        <ele>2367.4</ele>
        <time>2026-07-25T12:02:36Z</time>
      </trkpt>
      <trkpt lat="44.177028" lon="7.671659">
        <ele>2366.4</ele>
        <time>2026-07-25T12:02:39Z</time>
      </trkpt>
      <trkpt lat="44.177021" lon="7.671661">
        <ele>2366.2</ele>
        <time>2026-07-25T12:02:43Z</time>
      </trkpt>
      <trkpt lat="44.177009" lon="7.671648">
        <ele>2365.6</ele>
        <time>2026-07-25T12:02:51Z</time>
      </trkpt>
      <trkpt lat="44.177007" lon="7.671645">
        <ele>2365.2</ele>
        <time>2026-07-25T12:02:52Z</time>
      </trkpt>
      <trkpt lat="44.177004" lon="7.671627">
        <ele>2364.0</ele>
        <time>2026-07-25T12:02:55Z</time>
      </trkpt>
      <trkpt lat="44.177005" lon="7.671621">
        <ele>2363.4</ele>
        <time>2026-07-25T12:03:00Z</time>
      </trkpt>
      <trkpt lat="44.176996" lon="7.671611">
        <ele>2363.0</ele>
        <time>2026-07-25T12:03:03Z</time>
      </trkpt>
      <trkpt lat="44.176992" lon="7.671604">
        <ele>2362.6</ele>
        <time>2026-07-25T12:03:04Z</time>
      </trkpt>
      <trkpt lat="44.176983" lon="7.671588">
        <ele>2362.0</ele>
        <time>2026-07-25T12:03:07Z</time>
      </trkpt>
      <trkpt lat="44.176978" lon="7.671594">
        <ele>2361.6</ele>
        <time>2026-07-25T12:03:11Z</time>
      </trkpt>
      <trkpt lat="44.176969" lon="7.671594">
        <ele>2361.8</ele>
        <time>2026-07-25T12:03:14Z</time>
      </trkpt>
      <trkpt lat="44.176964" lon="7.67159">
        <ele>2362.0</ele>
        <time>2026-07-25T12:03:21Z</time>
      </trkpt>
      <trkpt lat="44.176976" lon="7.671579">
        <ele>2362.2</ele>
        <time>2026-07-25T12:03:24Z</time>
      </trkpt>
      <trkpt lat="44.176973" lon="7.671589">
        <ele>2362.2</ele>
        <time>2026-07-25T12:03:25Z</time>
      </trkpt>
      <trkpt lat="44.176951" lon="7.671589">
        <ele>2362.0</ele>
        <time>2026-07-25T12:03:32Z</time>
      </trkpt>
      <trkpt lat="44.176922" lon="7.671619">
        <ele>2362.4</ele>
        <time>2026-07-25T12:03:39Z</time>
      </trkpt>
      <trkpt lat="44.17692" lon="7.671622">
        <ele>2363.0</ele>
        <time>2026-07-25T12:03:40Z</time>
      </trkpt>
      <trkpt lat="44.176886" lon="7.671622">
        <ele>2363.0</ele>
        <time>2026-07-25T12:03:45Z</time>
      </trkpt>
      <trkpt lat="44.176857" lon="7.671645">
        <ele>2363.6</ele>
        <time>2026-07-25T12:03:51Z</time>
      </trkpt>
      <trkpt lat="44.176851" lon="7.671649">
        <ele>2363.6</ele>
        <time>2026-07-25T12:03:53Z</time>
      </trkpt>
      <trkpt lat="44.176795" lon="7.671651">
        <ele>2362.0</ele>
        <time>2026-07-25T12:04:00Z</time>
      </trkpt>
      <trkpt lat="44.176787" lon="7.671648">
        <ele>2361.6</ele>
        <time>2026-07-25T12:04:01Z</time>
      </trkpt>
      <trkpt lat="44.17674" lon="7.671629">
        <ele>2360.6</ele>
        <time>2026-07-25T12:04:07Z</time>
      </trkpt>
      <trkpt lat="44.176715" lon="7.671623">
        <ele>2360.4</ele>
        <time>2026-07-25T12:04:10Z</time>
      </trkpt>
      <trkpt lat="44.176627" lon="7.671592">
        <ele>2359.4</ele>
        <time>2026-07-25T12:04:18Z</time>
      </trkpt>
      <trkpt lat="44.176598" lon="7.671573">
        <ele>2358.0</ele>
        <time>2026-07-25T12:04:21Z</time>
      </trkpt>
      <trkpt lat="44.176563" lon="7.671556">
        <ele>2356.8</ele>
        <time>2026-07-25T12:04:26Z</time>
      </trkpt>
      <trkpt lat="44.176517" lon="7.671531">
        <ele>2355.8</ele>
        <time>2026-07-25T12:04:31Z</time>
      </trkpt>
      <trkpt lat="44.176491" lon="7.671525">
        <ele>2354.6</ele>
        <time>2026-07-25T12:04:34Z</time>
      </trkpt>
      <trkpt lat="44.176445" lon="7.671536">
        <ele>2358.0</ele>
        <time>2026-07-25T12:04:39Z</time>
      </trkpt>
      <trkpt lat="44.176434" lon="7.671544">
        <ele>2359.4</ele>
        <time>2026-07-25T12:04:41Z</time>
      </trkpt>
      <trkpt lat="44.176411" lon="7.671524">
        <ele>2356.8</ele>
        <time>2026-07-25T12:04:47Z</time>
      </trkpt>
      <trkpt lat="44.176394" lon="7.671505">
        <ele>2356.0</ele>
        <time>2026-07-25T12:04:49Z</time>
      </trkpt>
      <trkpt lat="44.176391" lon="7.671489">
        <ele>2353.0</ele>
        <time>2026-07-25T12:04:50Z</time>
      </trkpt>
      <trkpt lat="44.176382" lon="7.671474">
        <ele>2353.0</ele>
        <time>2026-07-25T12:04:53Z</time>
      </trkpt>
      <trkpt lat="44.176371" lon="7.671414">
        <ele>2352.6</ele>
        <time>2026-07-25T12:04:59Z</time>
      </trkpt>
      <trkpt lat="44.176348" lon="7.671382">
        <ele>2352.0</ele>
        <time>2026-07-25T12:05:03Z</time>
      </trkpt>
      <trkpt lat="44.176323" lon="7.671372">
        <ele>2351.0</ele>
        <time>2026-07-25T12:05:07Z</time>
      </trkpt>
      <trkpt lat="44.176308" lon="7.671369">
        <ele>2350.6</ele>
        <time>2026-07-25T12:05:09Z</time>
      </trkpt>
      <trkpt lat="44.176273" lon="7.671347">
        <ele>2349.6</ele>
        <time>2026-07-25T12:05:13Z</time>
      </trkpt>
      <trkpt lat="44.176268" lon="7.671339">
        <ele>2348.0</ele>
        <time>2026-07-25T12:05:14Z</time>
      </trkpt>
      <trkpt lat="44.176262" lon="7.67133">
        <ele>2347.0</ele>
        <time>2026-07-25T12:05:15Z</time>
      </trkpt>
      <trkpt lat="44.176238" lon="7.671305">
        <ele>2346.0</ele>
        <time>2026-07-25T12:05:18Z</time>
      </trkpt>
      <trkpt lat="44.176226" lon="7.671285">
        <ele>2345.0</ele>
        <time>2026-07-25T12:05:20Z</time>
      </trkpt>
      <trkpt lat="44.176221" lon="7.671275">
        <ele>2344.8</ele>
        <time>2026-07-25T12:05:21Z</time>
      </trkpt>
      <trkpt lat="44.176194" lon="7.671234">
        <ele>2343.6</ele>
        <time>2026-07-25T12:05:25Z</time>
      </trkpt>
      <trkpt lat="44.176177" lon="7.671196">
        <ele>2342.8</ele>
        <time>2026-07-25T12:05:28Z</time>
      </trkpt>
      <trkpt lat="44.176173" lon="7.671181">
        <ele>2342.6</ele>
        <time>2026-07-25T12:05:29Z</time>
      </trkpt>
      <trkpt lat="44.176166" lon="7.67117">
        <ele>2342.6</ele>
        <time>2026-07-25T12:05:30Z</time>
      </trkpt>
      <trkpt lat="44.17616" lon="7.671157">
        <ele>2342.8</ele>
        <time>2026-07-25T12:05:31Z</time>
      </trkpt>
      <trkpt lat="44.176141" lon="7.671122">
        <ele>2343.0</ele>
        <time>2026-07-25T12:05:34Z</time>
      </trkpt>
      <trkpt lat="44.176117" lon="7.671088">
        <ele>2343.6</ele>
        <time>2026-07-25T12:05:38Z</time>
      </trkpt>
      <trkpt lat="44.17611" lon="7.671088">
        <ele>2344.8</ele>
        <time>2026-07-25T12:05:40Z</time>
      </trkpt>
      <trkpt lat="44.176102" lon="7.671088">
        <ele>2346.2</ele>
        <time>2026-07-25T12:05:42Z</time>
      </trkpt>
      <trkpt lat="44.176099" lon="7.671082">
        <ele>2347.6</ele>
        <time>2026-07-25T12:05:44Z</time>
      </trkpt>
      <trkpt lat="44.176101" lon="7.671071">
        <ele>2349.2</ele>
        <time>2026-07-25T12:05:46Z</time>
      </trkpt>
      <trkpt lat="44.17607" lon="7.671026">
        <ele>2354.0</ele>
        <time>2026-07-25T12:05:52Z</time>
      </trkpt>
      <trkpt lat="44.176047" lon="7.671022">
        <ele>2354.6</ele>
        <time>2026-07-25T12:05:55Z</time>
      </trkpt>
      <trkpt lat="44.176001" lon="7.671004">
        <ele>2355.8</ele>
        <time>2026-07-25T12:06:01Z</time>
      </trkpt>
      <trkpt lat="44.175987" lon="7.671004">
        <ele>2354.6</ele>
        <time>2026-07-25T12:06:03Z</time>
      </trkpt>
      <trkpt lat="44.175949" lon="7.671036">
        <ele>2353.4</ele>
        <time>2026-07-25T12:06:08Z</time>
      </trkpt>
      <trkpt lat="44.175938" lon="7.671054">
        <ele>2348.6</ele>
        <time>2026-07-25T12:06:10Z</time>
      </trkpt>
      <trkpt lat="44.175933" lon="7.671053">
        <ele>2346.6</ele>
        <time>2026-07-25T12:06:12Z</time>
      </trkpt>
      <trkpt lat="44.175941" lon="7.671052">
        <ele>2344.6</ele>
        <time>2026-07-25T12:06:14Z</time>
      </trkpt>
      <trkpt lat="44.17594" lon="7.67105">
        <ele>2338.4</ele>
        <time>2026-07-25T12:06:15Z</time>
      </trkpt>
      <trkpt lat="44.175901" lon="7.671011">
        <ele>2337.6</ele>
        <time>2026-07-25T12:06:21Z</time>
      </trkpt>
      <trkpt lat="44.175864" lon="7.670923">
        <ele>2337.8</ele>
        <time>2026-07-25T12:06:28Z</time>
      </trkpt>
      <trkpt lat="44.175843" lon="7.670869">
        <ele>2337.4</ele>
        <time>2026-07-25T12:06:32Z</time>
      </trkpt>
      <trkpt lat="44.175832" lon="7.670822">
        <ele>2336.4</ele>
        <time>2026-07-25T12:06:35Z</time>
      </trkpt>
      <trkpt lat="44.175831" lon="7.670801">
        <ele>2336.8</ele>
        <time>2026-07-25T12:06:36Z</time>
      </trkpt>
      <trkpt lat="44.175818" lon="7.67077">
        <ele>2339.2</ele>
        <time>2026-07-25T12:06:42Z</time>
      </trkpt>
      <trkpt lat="44.175817" lon="7.670768">
        <ele>2341.8</ele>
        <time>2026-07-25T12:06:43Z</time>
      </trkpt>
      <trkpt lat="44.175822" lon="7.670777">
        <ele>2340.8</ele>
        <time>2026-07-25T12:06:53Z</time>
      </trkpt>
      <trkpt lat="44.175828" lon="7.670763">
        <ele>2341.2</ele>
        <time>2026-07-25T12:06:57Z</time>
      </trkpt>
      <trkpt lat="44.17582" lon="7.670718">
        <ele>2340.6</ele>
        <time>2026-07-25T12:07:01Z</time>
      </trkpt>
      <trkpt lat="44.175814" lon="7.670679">
        <ele>2338.4</ele>
        <time>2026-07-25T12:07:04Z</time>
      </trkpt>
      <trkpt lat="44.175809" lon="7.670637">
        <ele>2336.8</ele>
        <time>2026-07-25T12:07:08Z</time>
      </trkpt>
      <trkpt lat="44.175804" lon="7.670617">
        <ele>2337.4</ele>
        <time>2026-07-25T12:07:10Z</time>
      </trkpt>
      <trkpt lat="44.175773" lon="7.670518">
        <ele>2338.8</ele>
        <time>2026-07-25T12:07:16Z</time>
      </trkpt>
      <trkpt lat="44.175769" lon="7.670512">
        <ele>2339.2</ele>
        <time>2026-07-25T12:07:17Z</time>
      </trkpt>
      <trkpt lat="44.175735" lon="7.670474">
        <ele>2337.8</ele>
        <time>2026-07-25T12:07:22Z</time>
      </trkpt>
      <trkpt lat="44.175719" lon="7.670447">
        <ele>2337.8</ele>
        <time>2026-07-25T12:07:25Z</time>
      </trkpt>
      <trkpt lat="44.175702" lon="7.670379">
        <ele>2338.8</ele>
        <time>2026-07-25T12:07:30Z</time>
      </trkpt>
      <trkpt lat="44.175689" lon="7.670337">
        <ele>2339.4</ele>
        <time>2026-07-25T12:07:33Z</time>
      </trkpt>
      <trkpt lat="44.17568" lon="7.670306">
        <ele>2340.2</ele>
        <time>2026-07-25T12:07:36Z</time>
      </trkpt>
      <trkpt lat="44.17567" lon="7.670323">
        <ele>2340.6</ele>
        <time>2026-07-25T12:07:39Z</time>
      </trkpt>
      <trkpt lat="44.175668" lon="7.670328">
        <ele>2340.8</ele>
        <time>2026-07-25T12:07:40Z</time>
      </trkpt>
      <trkpt lat="44.175647" lon="7.67034">
        <ele>2340.4</ele>
        <time>2026-07-25T12:07:43Z</time>
      </trkpt>
      <trkpt lat="44.175625" lon="7.670335">
        <ele>2340.0</ele>
        <time>2026-07-25T12:07:46Z</time>
      </trkpt>
      <trkpt lat="44.175615" lon="7.670323">
        <ele>2340.0</ele>
        <time>2026-07-25T12:07:48Z</time>
      </trkpt>
      <trkpt lat="44.175621" lon="7.670299">
        <ele>2339.6</ele>
        <time>2026-07-25T12:07:52Z</time>
      </trkpt>
      <trkpt lat="44.175624" lon="7.670285">
        <ele>2339.4</ele>
        <time>2026-07-25T12:07:54Z</time>
      </trkpt>
      <trkpt lat="44.175624" lon="7.670285">
        <ele>2339.8</ele>
        <time>2026-07-25T12:07:55Z</time>
      </trkpt>
      <trkpt lat="44.17562" lon="7.67026">
        <ele>2341.6</ele>
        <time>2026-07-25T12:07:58Z</time>
      </trkpt>
      <trkpt lat="44.175606" lon="7.670223">
        <ele>2342.4</ele>
        <time>2026-07-25T12:08:03Z</time>
      </trkpt>
      <trkpt lat="44.175604" lon="7.670215">
        <ele>2342.4</ele>
        <time>2026-07-25T12:08:04Z</time>
      </trkpt>
      <trkpt lat="44.175603" lon="7.670197">
        <ele>2342.6</ele>
        <time>2026-07-25T12:08:06Z</time>
      </trkpt>
      <trkpt lat="44.175587" lon="7.670142">
        <ele>2343.8</ele>
        <time>2026-07-25T12:08:12Z</time>
      </trkpt>
      <trkpt lat="44.175582" lon="7.670088">
        <ele>2344.2</ele>
        <time>2026-07-25T12:08:16Z</time>
      </trkpt>
      <trkpt lat="44.17558" lon="7.670052">
        <ele>2344.0</ele>
        <time>2026-07-25T12:08:19Z</time>
      </trkpt>
      <trkpt lat="44.175596" lon="7.670012">
        <ele>2343.2</ele>
        <time>2026-07-25T12:08:24Z</time>
      </trkpt>
      <trkpt lat="44.175605" lon="7.670001">
        <ele>2342.8</ele>
        <time>2026-07-25T12:08:26Z</time>
      </trkpt>
      <trkpt lat="44.175646" lon="7.669955">
        <ele>2342.2</ele>
        <time>2026-07-25T12:08:32Z</time>
      </trkpt>
      <trkpt lat="44.175661" lon="7.66991">
        <ele>2342.6</ele>
        <time>2026-07-25T12:08:38Z</time>
      </trkpt>
      <trkpt lat="44.17566" lon="7.669908">
        <ele>2342.8</ele>
        <time>2026-07-25T12:08:39Z</time>
      </trkpt>
      <trkpt lat="44.175653" lon="7.669881">
        <ele>2343.8</ele>
        <time>2026-07-25T12:08:44Z</time>
      </trkpt>
      <trkpt lat="44.175642" lon="7.669845">
        <ele>2342.6</ele>
        <time>2026-07-25T12:08:48Z</time>
      </trkpt>
      <trkpt lat="44.17564" lon="7.669836">
        <ele>2342.2</ele>
        <time>2026-07-25T12:08:49Z</time>
      </trkpt>
      <trkpt lat="44.17563" lon="7.669817">
        <ele>2341.6</ele>
        <time>2026-07-25T12:08:52Z</time>
      </trkpt>
      <trkpt lat="44.175628" lon="7.669828">
        <ele>2342.2</ele>
        <time>2026-07-25T12:08:56Z</time>
      </trkpt>
      <trkpt lat="44.175628" lon="7.669824">
        <ele>2342.6</ele>
        <time>2026-07-25T12:08:59Z</time>
      </trkpt>
      <trkpt lat="44.175629" lon="7.669819">
        <ele>2343.0</ele>
        <time>2026-07-25T12:09:05Z</time>
      </trkpt>
      <trkpt lat="44.175637" lon="7.669771">
        <ele>2341.6</ele>
        <time>2026-07-25T12:09:13Z</time>
      </trkpt>
      <trkpt lat="44.17564" lon="7.669757">
        <ele>2341.4</ele>
        <time>2026-07-25T12:09:14Z</time>
      </trkpt>
      <trkpt lat="44.175643" lon="7.669723">
        <ele>2340.0</ele>
        <time>2026-07-25T12:09:17Z</time>
      </trkpt>
      <trkpt lat="44.175642" lon="7.669682">
        <ele>2339.6</ele>
        <time>2026-07-25T12:09:21Z</time>
      </trkpt>
      <trkpt lat="44.175634" lon="7.669608">
        <ele>2340.4</ele>
        <time>2026-07-25T12:09:29Z</time>
      </trkpt>
      <trkpt lat="44.175642" lon="7.669553">
        <ele>2339.4</ele>
        <time>2026-07-25T12:09:34Z</time>
      </trkpt>
      <trkpt lat="44.175641" lon="7.669532">
        <ele>2339.0</ele>
        <time>2026-07-25T12:09:36Z</time>
      </trkpt>
      <trkpt lat="44.175641" lon="7.669521">
        <ele>2335.4</ele>
        <time>2026-07-25T12:09:37Z</time>
      </trkpt>
      <trkpt lat="44.175648" lon="7.66949">
        <ele>2336.4</ele>
        <time>2026-07-25T12:09:43Z</time>
      </trkpt>
      <trkpt lat="44.175643" lon="7.669411">
        <ele>2334.4</ele>
        <time>2026-07-25T12:09:50Z</time>
      </trkpt>
      <trkpt lat="44.17564" lon="7.669401">
        <ele>2334.2</ele>
        <time>2026-07-25T12:09:51Z</time>
      </trkpt>
      <trkpt lat="44.175629" lon="7.669361">
        <ele>2335.4</ele>
        <time>2026-07-25T12:10:00Z</time>
      </trkpt>
      <trkpt lat="44.175624" lon="7.669353">
        <ele>2335.6</ele>
        <time>2026-07-25T12:10:01Z</time>
      </trkpt>
      <trkpt lat="44.175624" lon="7.669311">
        <ele>2335.6</ele>
        <time>2026-07-25T12:10:06Z</time>
      </trkpt>
      <trkpt lat="44.175628" lon="7.669283">
        <ele>2334.2</ele>
        <time>2026-07-25T12:10:09Z</time>
      </trkpt>
      <trkpt lat="44.175629" lon="7.669267">
        <ele>2333.2</ele>
        <time>2026-07-25T12:10:11Z</time>
      </trkpt>
      <trkpt lat="44.175631" lon="7.669242">
        <ele>2333.2</ele>
        <time>2026-07-25T12:10:15Z</time>
      </trkpt>
      <trkpt lat="44.175643" lon="7.669184">
        <ele>2331.6</ele>
        <time>2026-07-25T12:10:22Z</time>
      </trkpt>
      <trkpt lat="44.175649" lon="7.669174">
        <ele>2330.0</ele>
        <time>2026-07-25T12:10:24Z</time>
      </trkpt>
      <trkpt lat="44.17565" lon="7.669165">
        <ele>2329.2</ele>
        <time>2026-07-25T12:10:26Z</time>
      </trkpt>
      <trkpt lat="44.17565" lon="7.669157">
        <ele>2328.8</ele>
        <time>2026-07-25T12:10:27Z</time>
      </trkpt>
      <trkpt lat="44.175638" lon="7.669105">
        <ele>2328.6</ele>
        <time>2026-07-25T12:10:34Z</time>
      </trkpt>
      <trkpt lat="44.175629" lon="7.669042">
        <ele>2329.0</ele>
        <time>2026-07-25T12:10:42Z</time>
      </trkpt>
      <trkpt lat="44.175613" lon="7.668973">
        <ele>2329.4</ele>
        <time>2026-07-25T12:10:50Z</time>
      </trkpt>
      <trkpt lat="44.175618" lon="7.668934">
        <ele>2328.2</ele>
        <time>2026-07-25T12:10:56Z</time>
      </trkpt>
      <trkpt lat="44.175617" lon="7.668915">
        <ele>2327.8</ele>
        <time>2026-07-25T12:10:59Z</time>
      </trkpt>
      <trkpt lat="44.175627" lon="7.668861">
        <ele>2327.8</ele>
        <time>2026-07-25T12:11:04Z</time>
      </trkpt>
      <trkpt lat="44.175633" lon="7.668801">
        <ele>2327.6</ele>
        <time>2026-07-25T12:11:12Z</time>
      </trkpt>
      <trkpt lat="44.175639" lon="7.66878">
        <ele>2327.4</ele>
        <time>2026-07-25T12:11:15Z</time>
      </trkpt>
      <trkpt lat="44.175642" lon="7.66876">
        <ele>2326.8</ele>
        <time>2026-07-25T12:11:22Z</time>
      </trkpt>
      <trkpt lat="44.175652" lon="7.668739">
        <ele>2329.0</ele>
        <time>2026-07-25T12:11:27Z</time>
      </trkpt>
      <trkpt lat="44.175659" lon="7.668722">
        <ele>2328.2</ele>
        <time>2026-07-25T12:11:29Z</time>
      </trkpt>
      <trkpt lat="44.175663" lon="7.668703">
        <ele>2327.0</ele>
        <time>2026-07-25T12:11:32Z</time>
      </trkpt>
      <trkpt lat="44.175659" lon="7.668695">
        <ele>2324.2</ele>
        <time>2026-07-25T12:11:33Z</time>
      </trkpt>
      <trkpt lat="44.17564" lon="7.668673">
        <ele>2323.0</ele>
        <time>2026-07-25T12:11:38Z</time>
      </trkpt>
      <trkpt lat="44.175643" lon="7.668616">
        <ele>2322.0</ele>
        <time>2026-07-25T12:11:47Z</time>
      </trkpt>
      <trkpt lat="44.175652" lon="7.668614">
        <ele>2321.0</ele>
        <time>2026-07-25T12:11:49Z</time>
      </trkpt>
      <trkpt lat="44.17567" lon="7.668607">
        <ele>2319.8</ele>
        <time>2026-07-25T12:11:53Z</time>
      </trkpt>
      <trkpt lat="44.175681" lon="7.668599">
        <ele>2319.6</ele>
        <time>2026-07-25T12:11:56Z</time>
      </trkpt>
      <trkpt lat="44.175683" lon="7.668587">
        <ele>2319.4</ele>
        <time>2026-07-25T12:12:04Z</time>
      </trkpt>
      <trkpt lat="44.17568" lon="7.668585">
        <ele>2318.4</ele>
        <time>2026-07-25T12:12:07Z</time>
      </trkpt>
      <trkpt lat="44.175682" lon="7.668579">
        <ele>2318.4</ele>
        <time>2026-07-25T12:12:13Z</time>
      </trkpt>
      <trkpt lat="44.175677" lon="7.668601">
        <ele>2319.8</ele>
        <time>2026-07-25T12:12:21Z</time>
      </trkpt>
      <trkpt lat="44.175682" lon="7.668602">
        <ele>2319.4</ele>
        <time>2026-07-25T12:12:30Z</time>
      </trkpt>
      <trkpt lat="44.175684" lon="7.668606">
        <ele>2318.4</ele>
        <time>2026-07-25T12:12:32Z</time>
      </trkpt>
      <trkpt lat="44.175686" lon="7.668611">
        <ele>2317.2</ele>
        <time>2026-07-25T12:12:34Z</time>
      </trkpt>
      <trkpt lat="44.175688" lon="7.668599">
        <ele>2317.0</ele>
        <time>2026-07-25T12:12:38Z</time>
      </trkpt>
      <trkpt lat="44.175688" lon="7.668592">
        <ele>2317.2</ele>
        <time>2026-07-25T12:12:39Z</time>
      </trkpt>
      <trkpt lat="44.175688" lon="7.66854">
        <ele>2315.8</ele>
        <time>2026-07-25T12:12:48Z</time>
      </trkpt>
      <trkpt lat="44.175683" lon="7.668525">
        <ele>2314.8</ele>
        <time>2026-07-25T12:12:51Z</time>
      </trkpt>
      <trkpt lat="44.175671" lon="7.668501">
        <ele>2314.2</ele>
        <time>2026-07-25T12:12:57Z</time>
      </trkpt>
      <trkpt lat="44.17571" lon="7.668466">
        <ele>2315.0</ele>
        <time>2026-07-25T12:13:05Z</time>
      </trkpt>
      <trkpt lat="44.175694" lon="7.6684">
        <ele>2313.6</ele>
        <time>2026-07-25T12:13:13Z</time>
      </trkpt>
      <trkpt lat="44.175693" lon="7.66839">
        <ele>2313.2</ele>
        <time>2026-07-25T12:13:14Z</time>
      </trkpt>
      <trkpt lat="44.175687" lon="7.668375">
        <ele>2312.4</ele>
        <time>2026-07-25T12:13:16Z</time>
      </trkpt>
      <trkpt lat="44.175677" lon="7.668346">
        <ele>2312.6</ele>
        <time>2026-07-25T12:13:19Z</time>
      </trkpt>
      <trkpt lat="44.175671" lon="7.66831">
        <ele>2312.6</ele>
        <time>2026-07-25T12:13:24Z</time>
      </trkpt>
      <trkpt lat="44.175678" lon="7.668296">
        <ele>2312.6</ele>
        <time>2026-07-25T12:13:32Z</time>
      </trkpt>
      <trkpt lat="44.175674" lon="7.668311">
        <ele>2313.2</ele>
        <time>2026-07-25T12:13:51Z</time>
      </trkpt>
      <trkpt lat="44.175685" lon="7.66828">
        <ele>2312.4</ele>
        <time>2026-07-25T12:13:59Z</time>
      </trkpt>
      <trkpt lat="44.175693" lon="7.668255">
        <ele>2313.0</ele>
        <time>2026-07-25T12:14:08Z</time>
      </trkpt>
      <trkpt lat="44.175701" lon="7.668251">
        <ele>2313.4</ele>
        <time>2026-07-25T12:14:12Z</time>
      </trkpt>
      <trkpt lat="44.175693" lon="7.668255">
        <ele>2313.6</ele>
        <time>2026-07-25T12:14:14Z</time>
      </trkpt>
      <trkpt lat="44.175709" lon="7.66828">
        <ele>2312.4</ele>
        <time>2026-07-25T12:14:22Z</time>
      </trkpt>
      <trkpt lat="44.175709" lon="7.668283">
        <ele>2312.0</ele>
        <time>2026-07-25T12:14:24Z</time>
      </trkpt>
      <trkpt lat="44.175708" lon="7.668256">
        <ele>2311.0</ele>
        <time>2026-07-25T12:14:27Z</time>
      </trkpt>
      <trkpt lat="44.175706" lon="7.668248">
        <ele>2309.8</ele>
        <time>2026-07-25T12:14:30Z</time>
      </trkpt>
      <trkpt lat="44.175706" lon="7.668245">
        <ele>2309.4</ele>
        <time>2026-07-25T12:14:31Z</time>
      </trkpt>
      <trkpt lat="44.175711" lon="7.668262">
        <ele>2309.2</ele>
        <time>2026-07-25T12:14:42Z</time>
      </trkpt>
      <trkpt lat="44.175714" lon="7.66825">
        <ele>2310.0</ele>
        <time>2026-07-25T12:14:53Z</time>
      </trkpt>
      <trkpt lat="44.175702" lon="7.668247">
        <ele>2309.8</ele>
        <time>2026-07-25T12:15:01Z</time>
      </trkpt>
      <trkpt lat="44.175701" lon="7.668253">
        <ele>2309.2</ele>
        <time>2026-07-25T12:15:09Z</time>
      </trkpt>
      <trkpt lat="44.175694" lon="7.668273">
        <ele>2309.2</ele>
        <time>2026-07-25T12:15:15Z</time>
      </trkpt>
      <trkpt lat="44.175706" lon="7.668268">
        <ele>2309.2</ele>
        <time>2026-07-25T12:15:26Z</time>
      </trkpt>
      <trkpt lat="44.175702" lon="7.6683">
        <ele>2309.8</ele>
        <time>2026-07-25T12:15:36Z</time>
      </trkpt>
      <trkpt lat="44.175701" lon="7.668308">
        <ele>2308.4</ele>
        <time>2026-07-25T12:15:40Z</time>
      </trkpt>
      <trkpt lat="44.175696" lon="7.6683">
        <ele>2307.2</ele>
        <time>2026-07-25T12:15:43Z</time>
      </trkpt>
      <trkpt lat="44.175692" lon="7.668293">
        <ele>2306.6</ele>
        <time>2026-07-25T12:15:45Z</time>
      </trkpt>
      <trkpt lat="44.175686" lon="7.668275">
        <ele>2307.2</ele>
        <time>2026-07-25T12:15:55Z</time>
      </trkpt>
      <trkpt lat="44.175673" lon="7.668281">
        <ele>2306.2</ele>
        <time>2026-07-25T12:16:00Z</time>
      </trkpt>
      <trkpt lat="44.175671" lon="7.668275">
        <ele>2306.0</ele>
        <time>2026-07-25T12:16:01Z</time>
      </trkpt>
      <trkpt lat="44.175669" lon="7.668269">
        <ele>2305.8</ele>
        <time>2026-07-25T12:16:03Z</time>
      </trkpt>
      <trkpt lat="44.175661" lon="7.668266">
        <ele>2305.4</ele>
        <time>2026-07-25T12:16:05Z</time>
      </trkpt>
      <trkpt lat="44.175669" lon="7.668246">
        <ele>2305.0</ele>
        <time>2026-07-25T12:16:09Z</time>
      </trkpt>
      <trkpt lat="44.175669" lon="7.668264">
        <ele>2305.0</ele>
        <time>2026-07-25T12:16:14Z</time>
      </trkpt>
      <trkpt lat="44.175676" lon="7.668254">
        <ele>2303.8</ele>
        <time>2026-07-25T12:16:19Z</time>
      </trkpt>
      <trkpt lat="44.175689" lon="7.668228">
        <ele>2303.6</ele>
        <time>2026-07-25T12:16:24Z</time>
      </trkpt>
      <trkpt lat="44.175698" lon="7.668215">
        <ele>2302.8</ele>
        <time>2026-07-25T12:16:28Z</time>
      </trkpt>
      <trkpt lat="44.175716" lon="7.66823">
        <ele>2302.4</ele>
        <time>2026-07-25T12:16:34Z</time>
      </trkpt>
      <trkpt lat="44.175736" lon="7.668236">
        <ele>2302.8</ele>
        <time>2026-07-25T12:16:37Z</time>
      </trkpt>
      <trkpt lat="44.175737" lon="7.668238">
        <ele>2302.8</ele>
        <time>2026-07-25T12:16:38Z</time>
      </trkpt>
      <trkpt lat="44.175738" lon="7.668246">
        <ele>2302.6</ele>
        <time>2026-07-25T12:16:40Z</time>
      </trkpt>
      <trkpt lat="44.175731" lon="7.66826">
        <ele>2302.4</ele>
        <time>2026-07-25T12:16:44Z</time>
      </trkpt>
      <trkpt lat="44.175732" lon="7.668322">
        <ele>2302.0</ele>
        <time>2026-07-25T12:16:53Z</time>
      </trkpt>
      <trkpt lat="44.175728" lon="7.668302">
        <ele>2301.8</ele>
        <time>2026-07-25T12:16:58Z</time>
      </trkpt>
      <trkpt lat="44.175732" lon="7.668309">
        <ele>2301.0</ele>
        <time>2026-07-25T12:17:02Z</time>
      </trkpt>
      <trkpt lat="44.175738" lon="7.668299">
        <ele>2301.2</ele>
        <time>2026-07-25T12:17:11Z</time>
      </trkpt>
      <trkpt lat="44.175721" lon="7.668319">
        <ele>2301.4</ele>
        <time>2026-07-25T12:17:20Z</time>
      </trkpt>
      <trkpt lat="44.175722" lon="7.668316">
        <ele>2301.0</ele>
        <time>2026-07-25T12:17:29Z</time>
      </trkpt>
      <trkpt lat="44.175722" lon="7.668297">
        <ele>2300.6</ele>
        <time>2026-07-25T12:17:35Z</time>
      </trkpt>
      <trkpt lat="44.175723" lon="7.668283">
        <ele>2300.4</ele>
        <time>2026-07-25T12:17:38Z</time>
      </trkpt>
      <trkpt lat="44.17574" lon="7.668268">
        <ele>2300.2</ele>
        <time>2026-07-25T12:17:44Z</time>
      </trkpt>
      <trkpt lat="44.175743" lon="7.668263">
        <ele>2300.2</ele>
        <time>2026-07-25T12:17:45Z</time>
      </trkpt>
      <trkpt lat="44.175741" lon="7.668224">
        <ele>2299.6</ele>
        <time>2026-07-25T12:17:48Z</time>
      </trkpt>
      <trkpt lat="44.175727" lon="7.668224">
        <ele>2299.4</ele>
        <time>2026-07-25T12:17:51Z</time>
      </trkpt>
      <trkpt lat="44.175732" lon="7.668226">
        <ele>2299.2</ele>
        <time>2026-07-25T12:17:57Z</time>
      </trkpt>
      <trkpt lat="44.175734" lon="7.668226">
        <ele>2299.2</ele>
        <time>2026-07-25T12:17:58Z</time>
      </trkpt>
      <trkpt lat="44.175754" lon="7.668233">
        <ele>2298.8</ele>
        <time>2026-07-25T12:18:07Z</time>
      </trkpt>
      <trkpt lat="44.175764" lon="7.66822">
        <ele>2299.0</ele>
        <time>2026-07-25T12:18:17Z</time>
      </trkpt>
      <trkpt lat="44.175754" lon="7.668224">
        <ele>2299.0</ele>
        <time>2026-07-25T12:18:25Z</time>
      </trkpt>
      <trkpt lat="44.175746" lon="7.66822">
        <ele>2298.4</ele>
        <time>2026-07-25T12:18:30Z</time>
      </trkpt>
      <trkpt lat="44.175742" lon="7.668219">
        <ele>2298.0</ele>
        <time>2026-07-25T12:18:35Z</time>
      </trkpt>
      <trkpt lat="44.175778" lon="7.668214">
        <ele>2297.4</ele>
        <time>2026-07-25T12:18:45Z</time>
      </trkpt>
      <trkpt lat="44.175778" lon="7.668212">
        <ele>2297.2</ele>
        <time>2026-07-25T12:18:46Z</time>
      </trkpt>
      <trkpt lat="44.175764" lon="7.668181">
        <ele>2296.4</ele>
        <time>2026-07-25T12:18:54Z</time>
      </trkpt>
      <trkpt lat="44.175766" lon="7.668181">
        <ele>2296.2</ele>
        <time>2026-07-25T12:18:56Z</time>
      </trkpt>
      <trkpt lat="44.175751" lon="7.66815">
        <ele>2295.4</ele>
        <time>2026-07-25T12:19:04Z</time>
      </trkpt>
      <trkpt lat="44.175747" lon="7.668152">
        <ele>2295.0</ele>
        <time>2026-07-25T12:19:05Z</time>
      </trkpt>
      <trkpt lat="44.175725" lon="7.668165">
        <ele>2294.6</ele>
        <time>2026-07-25T12:19:13Z</time>
      </trkpt>
      <trkpt lat="44.175749" lon="7.668121">
        <ele>2295.8</ele>
        <time>2026-07-25T12:19:21Z</time>
      </trkpt>
      <trkpt lat="44.17576" lon="7.668091">
        <ele>2293.4</ele>
        <time>2026-07-25T12:19:26Z</time>
      </trkpt>
      <trkpt lat="44.175771" lon="7.668057">
        <ele>2292.8</ele>
        <time>2026-07-25T12:19:29Z</time>
      </trkpt>
      <trkpt lat="44.175776" lon="7.668034">
        <ele>2292.2</ele>
        <time>2026-07-25T12:19:32Z</time>
      </trkpt>
      <trkpt lat="44.175777" lon="7.668036">
        <ele>2291.2</ele>
        <time>2026-07-25T12:19:33Z</time>
      </trkpt>
      <trkpt lat="44.175771" lon="7.668055">
        <ele>2293.0</ele>
        <time>2026-07-25T12:19:38Z</time>
      </trkpt>
      <trkpt lat="44.17577" lon="7.668065">
        <ele>2293.4</ele>
        <time>2026-07-25T12:19:39Z</time>
      </trkpt>
      <trkpt lat="44.175771" lon="7.668078">
        <ele>2293.4</ele>
        <time>2026-07-25T12:19:42Z</time>
      </trkpt>
      <trkpt lat="44.175776" lon="7.668063">
        <ele>2292.4</ele>
        <time>2026-07-25T12:19:49Z</time>
      </trkpt>
      <trkpt lat="44.1758" lon="7.667981">
        <ele>2292.6</ele>
        <time>2026-07-25T12:19:57Z</time>
      </trkpt>
      <trkpt lat="44.175844" lon="7.667913">
        <ele>2294.0</ele>
        <time>2026-07-25T12:20:04Z</time>
      </trkpt>
      <trkpt lat="44.175862" lon="7.667896">
        <ele>2294.2</ele>
        <time>2026-07-25T12:20:06Z</time>
      </trkpt>
      <trkpt lat="44.175886" lon="7.667885">
        <ele>2293.0</ele>
        <time>2026-07-25T12:20:09Z</time>
      </trkpt>
      <trkpt lat="44.175904" lon="7.667877">
        <ele>2291.8</ele>
        <time>2026-07-25T12:20:11Z</time>
      </trkpt>
      <trkpt lat="44.175921" lon="7.667855">
        <ele>2290.2</ele>
        <time>2026-07-25T12:20:14Z</time>
      </trkpt>
      <trkpt lat="44.17593" lon="7.667828">
        <ele>2289.0</ele>
        <time>2026-07-25T12:20:16Z</time>
      </trkpt>
      <trkpt lat="44.175953" lon="7.667791">
        <ele>2291.8</ele>
        <time>2026-07-25T12:20:22Z</time>
      </trkpt>
      <trkpt lat="44.17596" lon="7.667686">
        <ele>2290.8</ele>
        <time>2026-07-25T12:20:29Z</time>
      </trkpt>
      <trkpt lat="44.17596" lon="7.667665">
        <ele>2290.4</ele>
        <time>2026-07-25T12:20:30Z</time>
      </trkpt>
      <trkpt lat="44.175962" lon="7.667611">
        <ele>2289.4</ele>
        <time>2026-07-25T12:20:33Z</time>
      </trkpt>
      <trkpt lat="44.175973" lon="7.667536">
        <ele>2289.4</ele>
        <time>2026-07-25T12:20:37Z</time>
      </trkpt>
      <trkpt lat="44.175975" lon="7.667504">
        <ele>2290.6</ele>
        <time>2026-07-25T12:20:39Z</time>
      </trkpt>
      <trkpt lat="44.175983" lon="7.667419">
        <ele>2290.6</ele>
        <time>2026-07-25T12:20:46Z</time>
      </trkpt>
      <trkpt lat="44.175992" lon="7.667345">
        <ele>2289.4</ele>
        <time>2026-07-25T12:20:54Z</time>
      </trkpt>
      <trkpt lat="44.175996" lon="7.667335">
        <ele>2289.0</ele>
        <time>2026-07-25T12:20:55Z</time>
      </trkpt>
      <trkpt lat="44.176012" lon="7.667318">
        <ele>2288.0</ele>
        <time>2026-07-25T12:20:57Z</time>
      </trkpt>
      <trkpt lat="44.176034" lon="7.667309">
        <ele>2286.8</ele>
        <time>2026-07-25T12:21:00Z</time>
      </trkpt>
      <trkpt lat="44.17604" lon="7.667311">
        <ele>2286.8</ele>
        <time>2026-07-25T12:21:01Z</time>
      </trkpt>
      <trkpt lat="44.176072" lon="7.667302">
        <ele>2285.6</ele>
        <time>2026-07-25T12:21:06Z</time>
      </trkpt>
      <trkpt lat="44.176083" lon="7.667278">
        <ele>2285.4</ele>
        <time>2026-07-25T12:21:08Z</time>
      </trkpt>
      <trkpt lat="44.176121" lon="7.667259">
        <ele>2285.4</ele>
        <time>2026-07-25T12:21:14Z</time>
      </trkpt>
      <trkpt lat="44.176141" lon="7.667252">
        <ele>2284.2</ele>
        <time>2026-07-25T12:21:16Z</time>
      </trkpt>
      <trkpt lat="44.176146" lon="7.667246">
        <ele>2283.2</ele>
        <time>2026-07-25T12:21:17Z</time>
      </trkpt>
      <trkpt lat="44.176158" lon="7.667229">
        <ele>2281.8</ele>
        <time>2026-07-25T12:21:19Z</time>
      </trkpt>
      <trkpt lat="44.176169" lon="7.667209">
        <ele>2280.6</ele>
        <time>2026-07-25T12:21:21Z</time>
      </trkpt>
      <trkpt lat="44.176175" lon="7.667187">
        <ele>2279.6</ele>
        <time>2026-07-25T12:21:25Z</time>
      </trkpt>
      <trkpt lat="44.176173" lon="7.667192">
        <ele>2279.8</ele>
        <time>2026-07-25T12:21:28Z</time>
      </trkpt>
      <trkpt lat="44.176176" lon="7.667194">
        <ele>2280.6</ele>
        <time>2026-07-25T12:21:31Z</time>
      </trkpt>
      <trkpt lat="44.176169" lon="7.6672">
        <ele>2279.4</ele>
        <time>2026-07-25T12:21:39Z</time>
      </trkpt>
      <trkpt lat="44.176168" lon="7.667201">
        <ele>2279.0</ele>
        <time>2026-07-25T12:21:40Z</time>
      </trkpt>
      <trkpt lat="44.176164" lon="7.667198">
        <ele>2279.0</ele>
        <time>2026-07-25T12:21:45Z</time>
      </trkpt>
      <trkpt lat="44.176166" lon="7.667174">
        <ele>2278.8</ele>
        <time>2026-07-25T12:21:52Z</time>
      </trkpt>
      <trkpt lat="44.17615" lon="7.667196">
        <ele>2278.4</ele>
        <time>2026-07-25T12:22:02Z</time>
      </trkpt>
      <trkpt lat="44.176159" lon="7.667179">
        <ele>2278.6</ele>
        <time>2026-07-25T12:22:07Z</time>
      </trkpt>
      <trkpt lat="44.176161" lon="7.667183">
        <ele>2278.6</ele>
        <time>2026-07-25T12:22:09Z</time>
      </trkpt>
      <trkpt lat="44.176165" lon="7.66722">
        <ele>2278.4</ele>
        <time>2026-07-25T12:22:18Z</time>
      </trkpt>
      <trkpt lat="44.176167" lon="7.667213">
        <ele>2278.6</ele>
        <time>2026-07-25T12:22:21Z</time>
      </trkpt>
      <trkpt lat="44.176146" lon="7.667168">
        <ele>2279.4</ele>
        <time>2026-07-25T12:22:26Z</time>
      </trkpt>
      <trkpt lat="44.17614" lon="7.667146">
        <ele>2279.8</ele>
        <time>2026-07-25T12:22:28Z</time>
      </trkpt>
      <trkpt lat="44.17613" lon="7.667102">
        <ele>2278.2</ele>
        <time>2026-07-25T12:22:35Z</time>
      </trkpt>
      <trkpt lat="44.176125" lon="7.66708">
        <ele>2277.8</ele>
        <time>2026-07-25T12:22:37Z</time>
      </trkpt>
      <trkpt lat="44.176121" lon="7.667055">
        <ele>2277.0</ele>
        <time>2026-07-25T12:22:40Z</time>
      </trkpt>
      <trkpt lat="44.176112" lon="7.666991">
        <ele>2277.4</ele>
        <time>2026-07-25T12:22:45Z</time>
      </trkpt>
      <trkpt lat="44.176102" lon="7.666945">
        <ele>2278.0</ele>
        <time>2026-07-25T12:22:49Z</time>
      </trkpt>
      <trkpt lat="44.176079" lon="7.666874">
        <ele>2278.2</ele>
        <time>2026-07-25T12:22:54Z</time>
      </trkpt>
      <trkpt lat="44.176061" lon="7.666821">
        <ele>2279.0</ele>
        <time>2026-07-25T12:22:57Z</time>
      </trkpt>
      <trkpt lat="44.17603" lon="7.666724">
        <ele>2279.6</ele>
        <time>2026-07-25T12:23:03Z</time>
      </trkpt>
      <trkpt lat="44.176036" lon="7.666587">
        <ele>2279.2</ele>
        <time>2026-07-25T12:23:12Z</time>
      </trkpt>
      <trkpt lat="44.176017" lon="7.66651">
        <ele>2280.2</ele>
        <time>2026-07-25T12:23:17Z</time>
      </trkpt>
      <trkpt lat="44.176007" lon="7.666484">
        <ele>2281.2</ele>
        <time>2026-07-25T12:23:19Z</time>
      </trkpt>
      <trkpt lat="44.176004" lon="7.666472">
        <ele>2281.8</ele>
        <time>2026-07-25T12:23:20Z</time>
      </trkpt>
      <trkpt lat="44.176004" lon="7.666449">
        <ele>2280.4</ele>
        <time>2026-07-25T12:23:23Z</time>
      </trkpt>
      <trkpt lat="44.176003" lon="7.666439">
        <ele>2280.0</ele>
        <time>2026-07-25T12:23:24Z</time>
      </trkpt>
      <trkpt lat="44.176006" lon="7.666432">
        <ele>2277.6</ele>
        <time>2026-07-25T12:23:25Z</time>
      </trkpt>
      <trkpt lat="44.175993" lon="7.666377">
        <ele>2277.6</ele>
        <time>2026-07-25T12:23:29Z</time>
      </trkpt>
      <trkpt lat="44.175965" lon="7.666247">
        <ele>2278.0</ele>
        <time>2026-07-25T12:23:37Z</time>
      </trkpt>
      <trkpt lat="44.175953" lon="7.666175">
        <ele>2278.6</ele>
        <time>2026-07-25T12:23:42Z</time>
      </trkpt>
      <trkpt lat="44.175961" lon="7.666144">
        <ele>2278.8</ele>
        <time>2026-07-25T12:23:45Z</time>
      </trkpt>
      <trkpt lat="44.175959" lon="7.666051">
        <ele>2279.8</ele>
        <time>2026-07-25T12:23:51Z</time>
      </trkpt>
      <trkpt lat="44.175952" lon="7.666042">
        <ele>2280.0</ele>
        <time>2026-07-25T12:23:52Z</time>
      </trkpt>
      <trkpt lat="44.175937" lon="7.665999">
        <ele>2281.0</ele>
        <time>2026-07-25T12:23:55Z</time>
      </trkpt>
      <trkpt lat="44.175928" lon="7.66597">
        <ele>2282.2</ele>
        <time>2026-07-25T12:23:57Z</time>
      </trkpt>
      <trkpt lat="44.175924" lon="7.665958">
        <ele>2282.4</ele>
        <time>2026-07-25T12:23:58Z</time>
      </trkpt>
      <trkpt lat="44.175909" lon="7.665905">
        <ele>2282.6</ele>
        <time>2026-07-25T12:24:02Z</time>
      </trkpt>
      <trkpt lat="44.175897" lon="7.665883">
        <ele>2282.6</ele>
        <time>2026-07-25T12:24:04Z</time>
      </trkpt>
      <trkpt lat="44.175883" lon="7.665853">
        <ele>2283.8</ele>
        <time>2026-07-25T12:24:07Z</time>
      </trkpt>
      <trkpt lat="44.175868" lon="7.665807">
        <ele>2284.8</ele>
        <time>2026-07-25T12:24:10Z</time>
      </trkpt>
      <trkpt lat="44.175861" lon="7.665778">
        <ele>2285.8</ele>
        <time>2026-07-25T12:24:13Z</time>
      </trkpt>
      <trkpt lat="44.175852" lon="7.665749">
        <ele>2286.4</ele>
        <time>2026-07-25T12:24:17Z</time>
      </trkpt>
      <trkpt lat="44.175838" lon="7.665711">
        <ele>2286.4</ele>
        <time>2026-07-25T12:24:21Z</time>
      </trkpt>
      <trkpt lat="44.175842" lon="7.665674">
        <ele>2286.4</ele>
        <time>2026-07-25T12:24:26Z</time>
      </trkpt>
      <trkpt lat="44.175844" lon="7.665656">
        <ele>2286.8</ele>
        <time>2026-07-25T12:24:28Z</time>
      </trkpt>
      <trkpt lat="44.175844" lon="7.665653">
        <ele>2287.0</ele>
        <time>2026-07-25T12:24:29Z</time>
      </trkpt>
      <trkpt lat="44.175813" lon="7.665608">
        <ele>2286.8</ele>
        <time>2026-07-25T12:24:38Z</time>
      </trkpt>
      <trkpt lat="44.175778" lon="7.665578">
        <ele>2288.2</ele>
        <time>2026-07-25T12:24:43Z</time>
      </trkpt>
      <trkpt lat="44.175759" lon="7.665582">
        <ele>2287.8</ele>
        <time>2026-07-25T12:24:46Z</time>
      </trkpt>
      <trkpt lat="44.17572" lon="7.665565">
        <ele>2287.0</ele>
        <time>2026-07-25T12:24:52Z</time>
      </trkpt>
      <trkpt lat="44.175714" lon="7.665557">
        <ele>2286.2</ele>
        <time>2026-07-25T12:24:54Z</time>
      </trkpt>
      <trkpt lat="44.17571" lon="7.665557">
        <ele>2285.6</ele>
        <time>2026-07-25T12:24:55Z</time>
      </trkpt>
      <trkpt lat="44.175705" lon="7.665556">
        <ele>2284.0</ele>
        <time>2026-07-25T12:24:57Z</time>
      </trkpt>
      <trkpt lat="44.175694" lon="7.665543">
        <ele>2282.8</ele>
        <time>2026-07-25T12:25:00Z</time>
      </trkpt>
      <trkpt lat="44.175678" lon="7.665529">
        <ele>2281.8</ele>
        <time>2026-07-25T12:25:02Z</time>
      </trkpt>
      <trkpt lat="44.175669" lon="7.665517">
        <ele>2281.6</ele>
        <time>2026-07-25T12:25:04Z</time>
      </trkpt>
      <trkpt lat="44.175653" lon="7.66552">
        <ele>2283.0</ele>
        <time>2026-07-25T12:25:08Z</time>
      </trkpt>
      <trkpt lat="44.17564" lon="7.665522">
        <ele>2282.4</ele>
        <time>2026-07-25T12:25:12Z</time>
      </trkpt>
      <trkpt lat="44.17564" lon="7.66552">
        <ele>2281.4</ele>
        <time>2026-07-25T12:25:13Z</time>
      </trkpt>
      <trkpt lat="44.175637" lon="7.66551">
        <ele>2279.8</ele>
        <time>2026-07-25T12:25:18Z</time>
      </trkpt>
      <trkpt lat="44.175641" lon="7.665508">
        <ele>2278.8</ele>
        <time>2026-07-25T12:25:19Z</time>
      </trkpt>
      <trkpt lat="44.175646" lon="7.665504">
        <ele>2277.8</ele>
        <time>2026-07-25T12:25:20Z</time>
      </trkpt>
      <trkpt lat="44.175649" lon="7.665502">
        <ele>2276.6</ele>
        <time>2026-07-25T12:25:21Z</time>
      </trkpt>
      <trkpt lat="44.175642" lon="7.665487">
        <ele>2275.0</ele>
        <time>2026-07-25T12:25:24Z</time>
      </trkpt>
      <trkpt lat="44.17563" lon="7.665473">
        <ele>2275.4</ele>
        <time>2026-07-25T12:25:29Z</time>
      </trkpt>
      <trkpt lat="44.175613" lon="7.665442">
        <ele>2276.2</ele>
        <time>2026-07-25T12:25:37Z</time>
      </trkpt>
      <trkpt lat="44.17561" lon="7.665438">
        <ele>2276.2</ele>
        <time>2026-07-25T12:25:38Z</time>
      </trkpt>
      <trkpt lat="44.175595" lon="7.665471">
        <ele>2276.6</ele>
        <time>2026-07-25T12:25:47Z</time>
      </trkpt>
      <trkpt lat="44.175562" lon="7.665469">
        <ele>2274.6</ele>
        <time>2026-07-25T12:25:51Z</time>
      </trkpt>
      <trkpt lat="44.175531" lon="7.665458">
        <ele>2273.2</ele>
        <time>2026-07-25T12:25:55Z</time>
      </trkpt>
      <trkpt lat="44.175528" lon="7.66545">
        <ele>2272.8</ele>
        <time>2026-07-25T12:25:56Z</time>
      </trkpt>
      <trkpt lat="44.175526" lon="7.665436">
        <ele>2271.4</ele>
        <time>2026-07-25T12:25:57Z</time>
      </trkpt>
      <trkpt lat="44.175526" lon="7.665424">
        <ele>2269.6</ele>
        <time>2026-07-25T12:25:58Z</time>
      </trkpt>
      <trkpt lat="44.175523" lon="7.66538">
        <ele>2268.8</ele>
        <time>2026-07-25T12:26:03Z</time>
      </trkpt>
      <trkpt lat="44.175513" lon="7.665378">
        <ele>2268.6</ele>
        <time>2026-07-25T12:26:04Z</time>
      </trkpt>
      <trkpt lat="44.175494" lon="7.665354">
        <ele>2267.4</ele>
        <time>2026-07-25T12:26:07Z</time>
      </trkpt>
      <trkpt lat="44.175485" lon="7.66534">
        <ele>2268.4</ele>
        <time>2026-07-25T12:26:10Z</time>
      </trkpt>
      <trkpt lat="44.175489" lon="7.665343">
        <ele>2269.2</ele>
        <time>2026-07-25T12:26:13Z</time>
      </trkpt>
      <trkpt lat="44.175515" lon="7.665358">
        <ele>2268.6</ele>
        <time>2026-07-25T12:26:20Z</time>
      </trkpt>
      <trkpt lat="44.175511" lon="7.665352">
        <ele>2268.6</ele>
        <time>2026-07-25T12:26:21Z</time>
      </trkpt>
      <trkpt lat="44.175507" lon="7.665354">
        <ele>2268.6</ele>
        <time>2026-07-25T12:26:22Z</time>
      </trkpt>
      <trkpt lat="44.175508" lon="7.665357">
        <ele>2268.8</ele>
        <time>2026-07-25T12:26:23Z</time>
      </trkpt>
      <trkpt lat="44.175502" lon="7.665367">
        <ele>2268.4</ele>
        <time>2026-07-25T12:26:27Z</time>
      </trkpt>
      <trkpt lat="44.175462" lon="7.665398">
        <ele>2267.8</ele>
        <time>2026-07-25T12:26:36Z</time>
      </trkpt>
      <trkpt lat="44.175456" lon="7.665398">
        <ele>2267.4</ele>
        <time>2026-07-25T12:26:37Z</time>
      </trkpt>
      <trkpt lat="44.175449" lon="7.665392">
        <ele>2266.6</ele>
        <time>2026-07-25T12:26:39Z</time>
      </trkpt>
      <trkpt lat="44.175441" lon="7.665393">
        <ele>2265.6</ele>
        <time>2026-07-25T12:26:43Z</time>
      </trkpt>
      <trkpt lat="44.175431" lon="7.665402">
        <ele>2265.4</ele>
        <time>2026-07-25T12:26:45Z</time>
      </trkpt>
      <trkpt lat="44.175427" lon="7.66542">
        <ele>2264.4</ele>
        <time>2026-07-25T12:26:50Z</time>
      </trkpt>
      <trkpt lat="44.175427" lon="7.66542">
        <ele>2263.4</ele>
        <time>2026-07-25T12:26:53Z</time>
      </trkpt>
      <trkpt lat="44.175428" lon="7.66542">
        <ele>2263.2</ele>
        <time>2026-07-25T12:26:54Z</time>
      </trkpt>
      <trkpt lat="44.175401" lon="7.66545">
        <ele>2264.6</ele>
        <time>2026-07-25T12:26:58Z</time>
      </trkpt>
      <trkpt lat="44.175379" lon="7.665463">
        <ele>2264.8</ele>
        <time>2026-07-25T12:27:01Z</time>
      </trkpt>
      <trkpt lat="44.175352" lon="7.665495">
        <ele>2263.2</ele>
        <time>2026-07-25T12:27:07Z</time>
      </trkpt>
      <trkpt lat="44.175338" lon="7.665519">
        <ele>2262.0</ele>
        <time>2026-07-25T12:27:11Z</time>
      </trkpt>
      <trkpt lat="44.175343" lon="7.665544">
        <ele>2261.8</ele>
        <time>2026-07-25T12:27:17Z</time>
      </trkpt>
      <trkpt lat="44.175339" lon="7.665553">
        <ele>2262.0</ele>
        <time>2026-07-25T12:27:18Z</time>
      </trkpt>
      <trkpt lat="44.175315" lon="7.665602">
        <ele>2261.0</ele>
        <time>2026-07-25T12:27:24Z</time>
      </trkpt>
      <trkpt lat="44.175312" lon="7.66561">
        <ele>2260.4</ele>
        <time>2026-07-25T12:27:26Z</time>
      </trkpt>
      <trkpt lat="44.175294" lon="7.665629">
        <ele>2259.8</ele>
        <time>2026-07-25T12:27:29Z</time>
      </trkpt>
      <trkpt lat="44.175278" lon="7.665644">
        <ele>2258.6</ele>
        <time>2026-07-25T12:27:32Z</time>
      </trkpt>
      <trkpt lat="44.175261" lon="7.665665">
        <ele>2257.8</ele>
        <time>2026-07-25T12:27:35Z</time>
      </trkpt>
      <trkpt lat="44.17526" lon="7.665666">
        <ele>2257.6</ele>
        <time>2026-07-25T12:27:36Z</time>
      </trkpt>
      <trkpt lat="44.175246" lon="7.665673">
        <ele>2256.4</ele>
        <time>2026-07-25T12:27:39Z</time>
      </trkpt>
      <trkpt lat="44.175225" lon="7.665695">
        <ele>2255.2</ele>
        <time>2026-07-25T12:27:44Z</time>
      </trkpt>
      <trkpt lat="44.175218" lon="7.665703">
        <ele>2254.8</ele>
        <time>2026-07-25T12:27:45Z</time>
      </trkpt>
      <trkpt lat="44.175206" lon="7.665726">
        <ele>2254.0</ele>
        <time>2026-07-25T12:27:48Z</time>
      </trkpt>
      <trkpt lat="44.175191" lon="7.66575">
        <ele>2253.8</ele>
        <time>2026-07-25T12:27:51Z</time>
      </trkpt>
      <trkpt lat="44.175173" lon="7.665785">
        <ele>2253.2</ele>
        <time>2026-07-25T12:27:54Z</time>
      </trkpt>
      <trkpt lat="44.175169" lon="7.665793">
        <ele>2253.0</ele>
        <time>2026-07-25T12:27:55Z</time>
      </trkpt>
      <trkpt lat="44.175148" lon="7.665812">
        <ele>2252.0</ele>
        <time>2026-07-25T12:27:59Z</time>
      </trkpt>
      <trkpt lat="44.175135" lon="7.665789">
        <ele>2251.0</ele>
        <time>2026-07-25T12:28:02Z</time>
      </trkpt>
      <trkpt lat="44.175127" lon="7.66578">
        <ele>2250.8</ele>
        <time>2026-07-25T12:28:03Z</time>
      </trkpt>
      <trkpt lat="44.175094" lon="7.665727">
        <ele>2249.6</ele>
        <time>2026-07-25T12:28:08Z</time>
      </trkpt>
      <trkpt lat="44.175086" lon="7.665694">
        <ele>2248.6</ele>
        <time>2026-07-25T12:28:12Z</time>
      </trkpt>
      <trkpt lat="44.175078" lon="7.665684">
        <ele>2248.2</ele>
        <time>2026-07-25T12:28:14Z</time>
      </trkpt>
      <trkpt lat="44.175076" lon="7.665656">
        <ele>2247.4</ele>
        <time>2026-07-25T12:28:17Z</time>
      </trkpt>
      <trkpt lat="44.175074" lon="7.665627">
        <ele>2246.4</ele>
        <time>2026-07-25T12:28:20Z</time>
      </trkpt>
      <trkpt lat="44.175078" lon="7.665618">
        <ele>2246.0</ele>
        <time>2026-07-25T12:28:21Z</time>
      </trkpt>
      <trkpt lat="44.175076" lon="7.665592">
        <ele>2245.2</ele>
        <time>2026-07-25T12:28:23Z</time>
      </trkpt>
      <trkpt lat="44.175079" lon="7.665521">
        <ele>2244.0</ele>
        <time>2026-07-25T12:28:27Z</time>
      </trkpt>
      <trkpt lat="44.175081" lon="7.665439">
        <ele>2244.0</ele>
        <time>2026-07-25T12:28:31Z</time>
      </trkpt>
      <trkpt lat="44.175057" lon="7.665365">
        <ele>2243.0</ele>
        <time>2026-07-25T12:28:37Z</time>
      </trkpt>
      <trkpt lat="44.17505" lon="7.665337">
        <ele>2242.8</ele>
        <time>2026-07-25T12:28:39Z</time>
      </trkpt>
      <trkpt lat="44.175051" lon="7.66527">
        <ele>2243.8</ele>
        <time>2026-07-25T12:28:45Z</time>
      </trkpt>
      <trkpt lat="44.175059" lon="7.665237">
        <ele>2244.0</ele>
        <time>2026-07-25T12:28:48Z</time>
      </trkpt>
      <trkpt lat="44.175071" lon="7.665151">
        <ele>2243.4</ele>
        <time>2026-07-25T12:28:54Z</time>
      </trkpt>
      <trkpt lat="44.175065" lon="7.665119">
        <ele>2243.0</ele>
        <time>2026-07-25T12:28:57Z</time>
      </trkpt>
      <trkpt lat="44.175025" lon="7.665053">
        <ele>2242.4</ele>
        <time>2026-07-25T12:29:03Z</time>
      </trkpt>
      <trkpt lat="44.175001" lon="7.665029">
        <ele>2241.8</ele>
        <time>2026-07-25T12:29:06Z</time>
      </trkpt>
      <trkpt lat="44.174971" lon="7.665011">
        <ele>2240.6</ele>
        <time>2026-07-25T12:29:10Z</time>
      </trkpt>
      <trkpt lat="44.174942" lon="7.664997">
        <ele>2239.8</ele>
        <time>2026-07-25T12:29:14Z</time>
      </trkpt>
      <trkpt lat="44.174926" lon="7.664995">
        <ele>2239.4</ele>
        <time>2026-07-25T12:29:16Z</time>
      </trkpt>
      <trkpt lat="44.174906" lon="7.664988">
        <ele>2238.0</ele>
        <time>2026-07-25T12:29:20Z</time>
      </trkpt>
      <trkpt lat="44.174886" lon="7.664977">
        <ele>2237.0</ele>
        <time>2026-07-25T12:29:24Z</time>
      </trkpt>
      <trkpt lat="44.174882" lon="7.664974">
        <ele>2236.8</ele>
        <time>2026-07-25T12:29:25Z</time>
      </trkpt>
      <trkpt lat="44.174851" lon="7.66498">
        <ele>2236.0</ele>
        <time>2026-07-25T12:29:32Z</time>
      </trkpt>
      <trkpt lat="44.174841" lon="7.664965">
        <ele>2235.6</ele>
        <time>2026-07-25T12:29:35Z</time>
      </trkpt>
      <trkpt lat="44.174831" lon="7.664924">
        <ele>2234.6</ele>
        <time>2026-07-25T12:29:39Z</time>
      </trkpt>
      <trkpt lat="44.174832" lon="7.664918">
        <ele>2234.4</ele>
        <time>2026-07-25T12:29:40Z</time>
      </trkpt>
      <trkpt lat="44.174841" lon="7.664882">
        <ele>2233.6</ele>
        <time>2026-07-25T12:29:46Z</time>
      </trkpt>
      <trkpt lat="44.174848" lon="7.664878">
        <ele>2233.0</ele>
        <time>2026-07-25T12:29:49Z</time>
      </trkpt>
      <trkpt lat="44.174857" lon="7.664851">
        <ele>2232.8</ele>
        <time>2026-07-25T12:30:00Z</time>
      </trkpt>
      <trkpt lat="44.174854" lon="7.664833">
        <ele>2232.6</ele>
        <time>2026-07-25T12:30:05Z</time>
      </trkpt>
      <trkpt lat="44.174848" lon="7.664852">
        <ele>2233.0</ele>
        <time>2026-07-25T12:30:09Z</time>
      </trkpt>
      <trkpt lat="44.174835" lon="7.664892">
        <ele>2232.8</ele>
        <time>2026-07-25T12:30:19Z</time>
      </trkpt>
      <trkpt lat="44.174848" lon="7.664907">
        <ele>2233.4</ele>
        <time>2026-07-25T12:30:31Z</time>
      </trkpt>
      <trkpt lat="44.174857" lon="7.664831">
        <ele>2233.0</ele>
        <time>2026-07-25T12:30:40Z</time>
      </trkpt>
      <trkpt lat="44.174862" lon="7.664794">
        <ele>2232.4</ele>
        <time>2026-07-25T12:30:42Z</time>
      </trkpt>
      <trkpt lat="44.174852" lon="7.664749">
        <ele>2231.8</ele>
        <time>2026-07-25T12:30:48Z</time>
      </trkpt>
      <trkpt lat="44.174855" lon="7.664716">
        <ele>2231.0</ele>
        <time>2026-07-25T12:30:52Z</time>
      </trkpt>
      <trkpt lat="44.17486" lon="7.664702">
        <ele>2230.0</ele>
        <time>2026-07-25T12:30:54Z</time>
      </trkpt>
      <trkpt lat="44.174864" lon="7.664692">
        <ele>2229.6</ele>
        <time>2026-07-25T12:30:55Z</time>
      </trkpt>
      <trkpt lat="44.174869" lon="7.664683">
        <ele>2228.8</ele>
        <time>2026-07-25T12:30:57Z</time>
      </trkpt>
      <trkpt lat="44.174868" lon="7.664668">
        <ele>2228.4</ele>
        <time>2026-07-25T12:31:01Z</time>
      </trkpt>
      <trkpt lat="44.174877" lon="7.664622">
        <ele>2227.8</ele>
        <time>2026-07-25T12:31:05Z</time>
      </trkpt>
      <trkpt lat="44.174884" lon="7.664588">
        <ele>2226.8</ele>
        <time>2026-07-25T12:31:09Z</time>
      </trkpt>
      <trkpt lat="44.174885" lon="7.664575">
        <ele>2226.8</ele>
        <time>2026-07-25T12:31:10Z</time>
      </trkpt>
      <trkpt lat="44.174877" lon="7.664519">
        <ele>2225.6</ele>
        <time>2026-07-25T12:31:15Z</time>
      </trkpt>
      <trkpt lat="44.174867" lon="7.664491">
        <ele>2225.4</ele>
        <time>2026-07-25T12:31:18Z</time>
      </trkpt>
      <trkpt lat="44.174851" lon="7.664487">
        <ele>2225.4</ele>
        <time>2026-07-25T12:31:20Z</time>
      </trkpt>
      <trkpt lat="44.174818" lon="7.664474">
        <ele>2224.6</ele>
        <time>2026-07-25T12:31:24Z</time>
      </trkpt>
      <trkpt lat="44.174804" lon="7.664458">
        <ele>2223.8</ele>
        <time>2026-07-25T12:31:26Z</time>
      </trkpt>
      <trkpt lat="44.174793" lon="7.664449">
        <ele>2223.4</ele>
        <time>2026-07-25T12:31:27Z</time>
      </trkpt>
      <trkpt lat="44.174763" lon="7.66442">
        <ele>2222.4</ele>
        <time>2026-07-25T12:31:31Z</time>
      </trkpt>
      <trkpt lat="44.174721" lon="7.66438">
        <ele>2222.0</ele>
        <time>2026-07-25T12:31:35Z</time>
      </trkpt>
      <trkpt lat="44.174707" lon="7.664352">
        <ele>2221.2</ele>
        <time>2026-07-25T12:31:38Z</time>
      </trkpt>
      <trkpt lat="44.174698" lon="7.664327">
        <ele>2220.0</ele>
        <time>2026-07-25T12:31:42Z</time>
      </trkpt>
      <trkpt lat="44.174687" lon="7.664271">
        <ele>2219.0</ele>
        <time>2026-07-25T12:31:46Z</time>
      </trkpt>
      <trkpt lat="44.174663" lon="7.664188">
        <ele>2218.6</ele>
        <time>2026-07-25T12:31:52Z</time>
      </trkpt>
      <trkpt lat="44.174659" lon="7.664175">
        <ele>2218.2</ele>
        <time>2026-07-25T12:31:53Z</time>
      </trkpt>
      <trkpt lat="44.174656" lon="7.664162">
        <ele>2218.0</ele>
        <time>2026-07-25T12:31:54Z</time>
      </trkpt>
      <trkpt lat="44.174645" lon="7.664093">
        <ele>2217.0</ele>
        <time>2026-07-25T12:31:59Z</time>
      </trkpt>
      <trkpt lat="44.174643" lon="7.664077">
        <ele>2216.8</ele>
        <time>2026-07-25T12:32:00Z</time>
      </trkpt>
      <trkpt lat="44.174619" lon="7.66402">
        <ele>2215.8</ele>
        <time>2026-07-25T12:32:04Z</time>
      </trkpt>
      <trkpt lat="44.174604" lon="7.663965">
        <ele>2215.2</ele>
        <time>2026-07-25T12:32:08Z</time>
      </trkpt>
      <trkpt lat="44.174598" lon="7.663893">
        <ele>2214.8</ele>
        <time>2026-07-25T12:32:14Z</time>
      </trkpt>
      <trkpt lat="44.174596" lon="7.663862">
        <ele>2214.4</ele>
        <time>2026-07-25T12:32:16Z</time>
      </trkpt>
      <trkpt lat="44.174587" lon="7.663833">
        <ele>2213.8</ele>
        <time>2026-07-25T12:32:18Z</time>
      </trkpt>
      <trkpt lat="44.174574" lon="7.663768">
        <ele>2212.6</ele>
        <time>2026-07-25T12:32:22Z</time>
      </trkpt>
      <trkpt lat="44.17457" lon="7.663756">
        <ele>2212.2</ele>
        <time>2026-07-25T12:32:23Z</time>
      </trkpt>
      <trkpt lat="44.174566" lon="7.66372">
        <ele>2211.4</ele>
        <time>2026-07-25T12:32:26Z</time>
      </trkpt>
      <trkpt lat="44.174556" lon="7.663643">
        <ele>2210.4</ele>
        <time>2026-07-25T12:32:31Z</time>
      </trkpt>
      <trkpt lat="44.174557" lon="7.663633">
        <ele>2210.0</ele>
        <time>2026-07-25T12:32:32Z</time>
      </trkpt>
      <trkpt lat="44.174569" lon="7.66357">
        <ele>2209.2</ele>
        <time>2026-07-25T12:32:37Z</time>
      </trkpt>
      <trkpt lat="44.17457" lon="7.663526">
        <ele>2208.0</ele>
        <time>2026-07-25T12:32:41Z</time>
      </trkpt>
      <trkpt lat="44.174552" lon="7.663514">
        <ele>2207.8</ele>
        <time>2026-07-25T12:32:42Z</time>
      </trkpt>
      <trkpt lat="44.174545" lon="7.663505">
        <ele>2207.4</ele>
        <time>2026-07-25T12:32:43Z</time>
      </trkpt>
      <trkpt lat="44.17454" lon="7.663501">
        <ele>2207.0</ele>
        <time>2026-07-25T12:32:44Z</time>
      </trkpt>
      <trkpt lat="44.174523" lon="7.663466">
        <ele>2205.8</ele>
        <time>2026-07-25T12:32:48Z</time>
      </trkpt>
      <trkpt lat="44.174513" lon="7.663433">
        <ele>2205.4</ele>
        <time>2026-07-25T12:32:50Z</time>
      </trkpt>
      <trkpt lat="44.174497" lon="7.663404">
        <ele>2204.8</ele>
        <time>2026-07-25T12:32:52Z</time>
      </trkpt>
      <trkpt lat="44.174457" lon="7.663359">
        <ele>2204.4</ele>
        <time>2026-07-25T12:32:57Z</time>
      </trkpt>
      <trkpt lat="44.17443" lon="7.663307">
        <ele>2203.6</ele>
        <time>2026-07-25T12:33:01Z</time>
      </trkpt>
      <trkpt lat="44.174432" lon="7.663275">
        <ele>2202.4</ele>
        <time>2026-07-25T12:33:04Z</time>
      </trkpt>
      <trkpt lat="44.174438" lon="7.663251">
        <ele>2202.0</ele>
        <time>2026-07-25T12:33:06Z</time>
      </trkpt>
      <trkpt lat="44.174447" lon="7.663207">
        <ele>2201.2</ele>
        <time>2026-07-25T12:33:10Z</time>
      </trkpt>
      <trkpt lat="44.174455" lon="7.663164">
        <ele>2200.2</ele>
        <time>2026-07-25T12:33:14Z</time>
      </trkpt>
      <trkpt lat="44.174456" lon="7.663142">
        <ele>2199.6</ele>
        <time>2026-07-25T12:33:16Z</time>
      </trkpt>
      <trkpt lat="44.174456" lon="7.663109">
        <ele>2199.2</ele>
        <time>2026-07-25T12:33:19Z</time>
      </trkpt>
      <trkpt lat="44.174443" lon="7.663003">
        <ele>2198.4</ele>
        <time>2026-07-25T12:33:25Z</time>
      </trkpt>
      <trkpt lat="44.174393" lon="7.662878">
        <ele>2198.2</ele>
        <time>2026-07-25T12:33:34Z</time>
      </trkpt>
      <trkpt lat="44.174356" lon="7.662814">
        <ele>2197.0</ele>
        <time>2026-07-25T12:33:41Z</time>
      </trkpt>
      <trkpt lat="44.174352" lon="7.662806">
        <ele>2196.6</ele>
        <time>2026-07-25T12:33:42Z</time>
      </trkpt>
      <trkpt lat="44.174343" lon="7.662786">
        <ele>2195.8</ele>
        <time>2026-07-25T12:33:45Z</time>
      </trkpt>
      <trkpt lat="44.174323" lon="7.662725">
        <ele>2194.6</ele>
        <time>2026-07-25T12:33:51Z</time>
      </trkpt>
      <trkpt lat="44.174324" lon="7.662696">
        <ele>2193.2</ele>
        <time>2026-07-25T12:33:54Z</time>
      </trkpt>
      <trkpt lat="44.174317" lon="7.662654">
        <ele>2192.6</ele>
        <time>2026-07-25T12:33:59Z</time>
      </trkpt>
      <trkpt lat="44.174295" lon="7.662625">
        <ele>2192.2</ele>
        <time>2026-07-25T12:34:03Z</time>
      </trkpt>
      <trkpt lat="44.174295" lon="7.662602">
        <ele>2191.4</ele>
        <time>2026-07-25T12:34:05Z</time>
      </trkpt>
      <trkpt lat="44.174297" lon="7.66258">
        <ele>2191.0</ele>
        <time>2026-07-25T12:34:06Z</time>
      </trkpt>
      <trkpt lat="44.174303" lon="7.662529">
        <ele>2190.0</ele>
        <time>2026-07-25T12:34:11Z</time>
      </trkpt>
      <trkpt lat="44.174303" lon="7.662519">
        <ele>2189.8</ele>
        <time>2026-07-25T12:34:12Z</time>
      </trkpt>
      <trkpt lat="44.174299" lon="7.662449">
        <ele>2189.0</ele>
        <time>2026-07-25T12:34:18Z</time>
      </trkpt>
      <trkpt lat="44.174289" lon="7.66243">
        <ele>2188.6</ele>
        <time>2026-07-25T12:34:21Z</time>
      </trkpt>
      <trkpt lat="44.174253" lon="7.662379">
        <ele>2188.0</ele>
        <time>2026-07-25T12:34:28Z</time>
      </trkpt>
      <trkpt lat="44.174245" lon="7.662373">
        <ele>2187.4</ele>
        <time>2026-07-25T12:34:30Z</time>
      </trkpt>
      <trkpt lat="44.174225" lon="7.662377">
        <ele>2187.6</ele>
        <time>2026-07-25T12:34:35Z</time>
      </trkpt>
      <trkpt lat="44.174202" lon="7.662382">
        <ele>2187.4</ele>
        <time>2026-07-25T12:34:39Z</time>
      </trkpt>
      <trkpt lat="44.174185" lon="7.66237">
        <ele>2186.6</ele>
        <time>2026-07-25T12:34:42Z</time>
      </trkpt>
      <trkpt lat="44.174168" lon="7.66235">
        <ele>2185.4</ele>
        <time>2026-07-25T12:34:45Z</time>
      </trkpt>
      <trkpt lat="44.174146" lon="7.66234">
        <ele>2184.8</ele>
        <time>2026-07-25T12:34:48Z</time>
      </trkpt>
      <trkpt lat="44.174129" lon="7.66235">
        <ele>2184.4</ele>
        <time>2026-07-25T12:34:51Z</time>
      </trkpt>
      <trkpt lat="44.174115" lon="7.662339">
        <ele>2183.4</ele>
        <time>2026-07-25T12:34:56Z</time>
      </trkpt>
      <trkpt lat="44.174112" lon="7.662334">
        <ele>2183.2</ele>
        <time>2026-07-25T12:34:57Z</time>
      </trkpt>
      <trkpt lat="44.174068" lon="7.662317">
        <ele>2182.4</ele>
        <time>2026-07-25T12:35:05Z</time>
      </trkpt>
      <trkpt lat="44.174069" lon="7.662321">
        <ele>2182.2</ele>
        <time>2026-07-25T12:35:07Z</time>
      </trkpt>
      <trkpt lat="44.174064" lon="7.662336">
        <ele>2182.2</ele>
        <time>2026-07-25T12:35:15Z</time>
      </trkpt>
      <trkpt lat="44.174072" lon="7.662345">
        <ele>2181.6</ele>
        <time>2026-07-25T12:35:19Z</time>
      </trkpt>
      <trkpt lat="44.174071" lon="7.662344">
        <ele>2181.4</ele>
        <time>2026-07-25T12:35:20Z</time>
      </trkpt>
      <trkpt lat="44.174071" lon="7.662342">
        <ele>2181.4</ele>
        <time>2026-07-25T12:35:21Z</time>
      </trkpt>
      <trkpt lat="44.174071" lon="7.66234">
        <ele>2181.6</ele>
        <time>2026-07-25T12:35:22Z</time>
      </trkpt>
      <trkpt lat="44.174081" lon="7.662313">
        <ele>2182.0</ele>
        <time>2026-07-25T12:35:31Z</time>
      </trkpt>
      <trkpt lat="44.174094" lon="7.662316">
        <ele>2183.2</ele>
        <time>2026-07-25T12:35:39Z</time>
      </trkpt>
      <trkpt lat="44.174092" lon="7.662316">
        <ele>2183.4</ele>
        <time>2026-07-25T12:35:40Z</time>
      </trkpt>
      <trkpt lat="44.174099" lon="7.662303">
        <ele>2183.4</ele>
        <time>2026-07-25T12:35:49Z</time>
      </trkpt>
      <trkpt lat="44.174099" lon="7.662287">
        <ele>2183.0</ele>
        <time>2026-07-25T12:35:57Z</time>
      </trkpt>
      <trkpt lat="44.174085" lon="7.662292">
        <ele>2183.6</ele>
        <time>2026-07-25T12:36:05Z</time>
      </trkpt>
      <trkpt lat="44.174022" lon="7.662297">
        <ele>2183.0</ele>
        <time>2026-07-25T12:36:14Z</time>
      </trkpt>
      <trkpt lat="44.174006" lon="7.662288">
        <ele>2182.2</ele>
        <time>2026-07-25T12:36:17Z</time>
      </trkpt>
      <trkpt lat="44.173982" lon="7.662278">
        <ele>2181.2</ele>
        <time>2026-07-25T12:36:22Z</time>
      </trkpt>
      <trkpt lat="44.173977" lon="7.662274">
        <ele>2181.0</ele>
        <time>2026-07-25T12:36:23Z</time>
      </trkpt>
      <trkpt lat="44.17396" lon="7.662257">
        <ele>2179.8</ele>
        <time>2026-07-25T12:36:29Z</time>
      </trkpt>
      <trkpt lat="44.173953" lon="7.662247">
        <ele>2179.0</ele>
        <time>2026-07-25T12:36:31Z</time>
      </trkpt>
      <trkpt lat="44.173947" lon="7.662241">
        <ele>2178.8</ele>
        <time>2026-07-25T12:36:32Z</time>
      </trkpt>
      <trkpt lat="44.173937" lon="7.662212">
        <ele>2177.6</ele>
        <time>2026-07-25T12:36:36Z</time>
      </trkpt>
      <trkpt lat="44.173931" lon="7.662198">
        <ele>2177.0</ele>
        <time>2026-07-25T12:36:38Z</time>
      </trkpt>
      <trkpt lat="44.17389" lon="7.662152">
        <ele>2176.6</ele>
        <time>2026-07-25T12:36:44Z</time>
      </trkpt>
      <trkpt lat="44.173884" lon="7.662146">
        <ele>2176.4</ele>
        <time>2026-07-25T12:36:45Z</time>
      </trkpt>
      <trkpt lat="44.173842" lon="7.662113">
        <ele>2175.6</ele>
        <time>2026-07-25T12:36:51Z</time>
      </trkpt>
      <trkpt lat="44.173833" lon="7.662105">
        <ele>2175.4</ele>
        <time>2026-07-25T12:36:52Z</time>
      </trkpt>
      <trkpt lat="44.173822" lon="7.662092">
        <ele>2174.8</ele>
        <time>2026-07-25T12:36:54Z</time>
      </trkpt>
      <trkpt lat="44.173811" lon="7.662082">
        <ele>2174.2</ele>
        <time>2026-07-25T12:36:57Z</time>
      </trkpt>
      <trkpt lat="44.173776" lon="7.662059">
        <ele>2173.0</ele>
        <time>2026-07-25T12:37:03Z</time>
      </trkpt>
      <trkpt lat="44.1738" lon="7.662061">
        <ele>2172.4</ele>
        <time>2026-07-25T12:37:10Z</time>
      </trkpt>
      <trkpt lat="44.173823" lon="7.662069">
        <ele>2173.2</ele>
        <time>2026-07-25T12:37:15Z</time>
      </trkpt>
      <trkpt lat="44.173795" lon="7.66208">
        <ele>2173.4</ele>
        <time>2026-07-25T12:37:18Z</time>
      </trkpt>
      <trkpt lat="44.17377" lon="7.662101">
        <ele>2173.0</ele>
        <time>2026-07-25T12:37:26Z</time>
      </trkpt>
      <trkpt lat="44.173758" lon="7.662083">
        <ele>2173.2</ele>
        <time>2026-07-25T12:37:34Z</time>
      </trkpt>
      <trkpt lat="44.173775" lon="7.662085">
        <ele>2173.2</ele>
        <time>2026-07-25T12:37:37Z</time>
      </trkpt>
      <trkpt lat="44.173808" lon="7.662082">
        <ele>2173.2</ele>
        <time>2026-07-25T12:37:43Z</time>
      </trkpt>
      <trkpt lat="44.173779" lon="7.662098">
        <ele>2173.6</ele>
        <time>2026-07-25T12:37:52Z</time>
      </trkpt>
      <trkpt lat="44.173732" lon="7.662065">
        <ele>2172.0</ele>
        <time>2026-07-25T12:38:00Z</time>
      </trkpt>
      <trkpt lat="44.173671" lon="7.662018">
        <ele>2170.8</ele>
        <time>2026-07-25T12:38:08Z</time>
      </trkpt>
      <trkpt lat="44.173665" lon="7.662008">
        <ele>2170.4</ele>
        <time>2026-07-25T12:38:09Z</time>
      </trkpt>
      <trkpt lat="44.173653" lon="7.661991">
        <ele>2169.6</ele>
        <time>2026-07-25T12:38:11Z</time>
      </trkpt>
      <trkpt lat="44.173628" lon="7.661937">
        <ele>2168.4</ele>
        <time>2026-07-25T12:38:17Z</time>
      </trkpt>
      <trkpt lat="44.173613" lon="7.661914">
        <ele>2167.8</ele>
        <time>2026-07-25T12:38:20Z</time>
      </trkpt>
      <trkpt lat="44.173608" lon="7.661911">
        <ele>2167.4</ele>
        <time>2026-07-25T12:38:21Z</time>
      </trkpt>
      <trkpt lat="44.17358" lon="7.661898">
        <ele>2166.2</ele>
        <time>2026-07-25T12:38:25Z</time>
      </trkpt>
      <trkpt lat="44.173534" lon="7.661876">
        <ele>2165.6</ele>
        <time>2026-07-25T12:38:30Z</time>
      </trkpt>
      <trkpt lat="44.173523" lon="7.661856">
        <ele>2165.2</ele>
        <time>2026-07-25T12:38:32Z</time>
      </trkpt>
      <trkpt lat="44.173488" lon="7.661816">
        <ele>2164.0</ele>
        <time>2026-07-25T12:38:36Z</time>
      </trkpt>
      <trkpt lat="44.17347" lon="7.661793">
        <ele>2163.6</ele>
        <time>2026-07-25T12:38:38Z</time>
      </trkpt>
      <trkpt lat="44.173435" lon="7.661744">
        <ele>2163.0</ele>
        <time>2026-07-25T12:38:44Z</time>
      </trkpt>
      <trkpt lat="44.173393" lon="7.661704">
        <ele>2162.2</ele>
        <time>2026-07-25T12:38:48Z</time>
      </trkpt>
      <trkpt lat="44.17334" lon="7.661683">
        <ele>2162.0</ele>
        <time>2026-07-25T12:38:53Z</time>
      </trkpt>
      <trkpt lat="44.173331" lon="7.661678">
        <ele>2162.0</ele>
        <time>2026-07-25T12:38:54Z</time>
      </trkpt>
      <trkpt lat="44.173326" lon="7.661674">
        <ele>2161.8</ele>
        <time>2026-07-25T12:38:55Z</time>
      </trkpt>
      <trkpt lat="44.1733" lon="7.661621">
        <ele>2161.4</ele>
        <time>2026-07-25T12:39:01Z</time>
      </trkpt>
      <trkpt lat="44.173199" lon="7.661574">
        <ele>2161.6</ele>
        <time>2026-07-25T12:39:10Z</time>
      </trkpt>
      <trkpt lat="44.173094" lon="7.661543">
        <ele>2160.8</ele>
        <time>2026-07-25T12:39:19Z</time>
      </trkpt>
      <trkpt lat="44.173096" lon="7.661542">
        <ele>2160.6</ele>
        <time>2026-07-25T12:39:20Z</time>
      </trkpt>
      <trkpt lat="44.173028" lon="7.661512">
        <ele>2160.4</ele>
        <time>2026-07-25T12:39:27Z</time>
      </trkpt>
      <trkpt lat="44.172988" lon="7.661488">
        <ele>2159.6</ele>
        <time>2026-07-25T12:39:30Z</time>
      </trkpt>
      <trkpt lat="44.172933" lon="7.661447">
        <ele>2160.2</ele>
        <time>2026-07-25T12:39:35Z</time>
      </trkpt>
      <trkpt lat="44.17286" lon="7.66137">
        <ele>2159.6</ele>
        <time>2026-07-25T12:39:43Z</time>
      </trkpt>
      <trkpt lat="44.172772" lon="7.661293">
        <ele>2159.4</ele>
        <time>2026-07-25T12:39:51Z</time>
      </trkpt>
      <trkpt lat="44.17273" lon="7.6613">
        <ele>2160.2</ele>
        <time>2026-07-25T12:39:58Z</time>
      </trkpt>
      <trkpt lat="44.172735" lon="7.661301">
        <ele>2160.4</ele>
        <time>2026-07-25T12:39:59Z</time>
      </trkpt>
      <trkpt lat="44.172746" lon="7.661294">
        <ele>2160.8</ele>
        <time>2026-07-25T12:40:01Z</time>
      </trkpt>
      <trkpt lat="44.172743" lon="7.661246">
        <ele>2160.0</ele>
        <time>2026-07-25T12:40:05Z</time>
      </trkpt>
      <trkpt lat="44.17273" lon="7.661224">
        <ele>2159.8</ele>
        <time>2026-07-25T12:40:07Z</time>
      </trkpt>
      <trkpt lat="44.172719" lon="7.661205">
        <ele>2160.2</ele>
        <time>2026-07-25T12:40:09Z</time>
      </trkpt>
      <trkpt lat="44.172678" lon="7.661169">
        <ele>2160.6</ele>
        <time>2026-07-25T12:40:12Z</time>
      </trkpt>
      <trkpt lat="44.172665" lon="7.66116">
        <ele>2160.6</ele>
        <time>2026-07-25T12:40:13Z</time>
      </trkpt>
      <trkpt lat="44.17259" lon="7.66116">
        <ele>2160.2</ele>
        <time>2026-07-25T12:40:20Z</time>
      </trkpt>
      <trkpt lat="44.17253" lon="7.661149">
        <ele>2158.6</ele>
        <time>2026-07-25T12:40:26Z</time>
      </trkpt>
      <trkpt lat="44.172505" lon="7.661129">
        <ele>2158.0</ele>
        <time>2026-07-25T12:40:29Z</time>
      </trkpt>
      <trkpt lat="44.172456" lon="7.661058">
        <ele>2157.6</ele>
        <time>2026-07-25T12:40:36Z</time>
      </trkpt>
      <trkpt lat="44.172441" lon="7.661026">
        <ele>2157.4</ele>
        <time>2026-07-25T12:40:38Z</time>
      </trkpt>
      <trkpt lat="44.172439" lon="7.660972">
        <ele>2157.8</ele>
        <time>2026-07-25T12:40:44Z</time>
      </trkpt>
      <trkpt lat="44.172417" lon="7.660901">
        <ele>2158.2</ele>
        <time>2026-07-25T12:40:51Z</time>
      </trkpt>
      <trkpt lat="44.172401" lon="7.660881">
        <ele>2158.6</ele>
        <time>2026-07-25T12:40:54Z</time>
      </trkpt>
      <trkpt lat="44.172373" lon="7.660836">
        <ele>2159.0</ele>
        <time>2026-07-25T12:40:58Z</time>
      </trkpt>
      <trkpt lat="44.172348" lon="7.660784">
        <ele>2159.8</ele>
        <time>2026-07-25T12:41:03Z</time>
      </trkpt>
      <trkpt lat="44.172344" lon="7.660752">
        <ele>2160.4</ele>
        <time>2026-07-25T12:41:06Z</time>
      </trkpt>
      <trkpt lat="44.172341" lon="7.660737">
        <ele>2161.0</ele>
        <time>2026-07-25T12:41:08Z</time>
      </trkpt>
      <trkpt lat="44.172338" lon="7.660717">
        <ele>2161.6</ele>
        <time>2026-07-25T12:41:11Z</time>
      </trkpt>
      <trkpt lat="44.17234" lon="7.660691">
        <ele>2162.0</ele>
        <time>2026-07-25T12:41:14Z</time>
      </trkpt>
      <trkpt lat="44.172342" lon="7.660662">
        <ele>2162.2</ele>
        <time>2026-07-25T12:41:17Z</time>
      </trkpt>
      <trkpt lat="44.172351" lon="7.660614">
        <ele>2163.0</ele>
        <time>2026-07-25T12:41:22Z</time>
      </trkpt>
      <trkpt lat="44.172354" lon="7.660601">
        <ele>2163.2</ele>
        <time>2026-07-25T12:41:23Z</time>
      </trkpt>
      <trkpt lat="44.172385" lon="7.66052">
        <ele>2164.2</ele>
        <time>2026-07-25T12:41:30Z</time>
      </trkpt>
      <trkpt lat="44.172394" lon="7.660499">
        <ele>2164.2</ele>
        <time>2026-07-25T12:41:32Z</time>
      </trkpt>
      <trkpt lat="44.172425" lon="7.660423">
        <ele>2164.4</ele>
        <time>2026-07-25T12:41:39Z</time>
      </trkpt>
      <trkpt lat="44.172449" lon="7.660357">
        <ele>2164.4</ele>
        <time>2026-07-25T12:41:44Z</time>
      </trkpt>
      <trkpt lat="44.17246" lon="7.660328">
        <ele>2164.8</ele>
        <time>2026-07-25T12:41:47Z</time>
      </trkpt>
      <trkpt lat="44.172469" lon="7.660297">
        <ele>2165.0</ele>
        <time>2026-07-25T12:41:49Z</time>
      </trkpt>
      <trkpt lat="44.172471" lon="7.660285">
        <ele>2165.2</ele>
        <time>2026-07-25T12:41:50Z</time>
      </trkpt>
      <trkpt lat="44.172483" lon="7.660251">
        <ele>2165.8</ele>
        <time>2026-07-25T12:41:54Z</time>
      </trkpt>
      <trkpt lat="44.172483" lon="7.660247">
        <ele>2166.0</ele>
        <time>2026-07-25T12:41:55Z</time>
      </trkpt>
      <trkpt lat="44.172484" lon="7.660236">
        <ele>2166.2</ele>
        <time>2026-07-25T12:41:56Z</time>
      </trkpt>
      <trkpt lat="44.172483" lon="7.660218">
        <ele>2166.4</ele>
        <time>2026-07-25T12:42:03Z</time>
      </trkpt>
      <trkpt lat="44.172482" lon="7.660179">
        <ele>2166.2</ele>
        <time>2026-07-25T12:42:12Z</time>
      </trkpt>
      <trkpt lat="44.172512" lon="7.660163">
        <ele>2166.8</ele>
        <time>2026-07-25T12:42:21Z</time>
      </trkpt>
      <trkpt lat="44.172522" lon="7.660136">
        <ele>2167.4</ele>
        <time>2026-07-25T12:42:24Z</time>
      </trkpt>
      <trkpt lat="44.17253" lon="7.660081">
        <ele>2168.0</ele>
        <time>2026-07-25T12:42:29Z</time>
      </trkpt>
      <trkpt lat="44.172543" lon="7.660046">
        <ele>2168.4</ele>
        <time>2026-07-25T12:42:32Z</time>
      </trkpt>
      <trkpt lat="44.172574" lon="7.660013">
        <ele>2169.2</ele>
        <time>2026-07-25T12:42:37Z</time>
      </trkpt>
      <trkpt lat="44.172618" lon="7.659979">
        <ele>2169.6</ele>
        <time>2026-07-25T12:42:42Z</time>
      </trkpt>
      <trkpt lat="44.172639" lon="7.659952">
        <ele>2170.0</ele>
        <time>2026-07-25T12:42:45Z</time>
      </trkpt>
      <trkpt lat="44.172706" lon="7.659872">
        <ele>2170.4</ele>
        <time>2026-07-25T12:42:53Z</time>
      </trkpt>
      <trkpt lat="44.172713" lon="7.659867">
        <ele>2170.6</ele>
        <time>2026-07-25T12:42:55Z</time>
      </trkpt>
      <trkpt lat="44.17271" lon="7.65986">
        <ele>2170.8</ele>
        <time>2026-07-25T12:43:00Z</time>
      </trkpt>
      <trkpt lat="44.172796" lon="7.659792">
        <ele>2171.4</ele>
        <time>2026-07-25T12:43:06Z</time>
      </trkpt>
      <trkpt lat="44.172838" lon="7.659766">
        <ele>2171.6</ele>
        <time>2026-07-25T12:43:09Z</time>
      </trkpt>
      <trkpt lat="44.172892" lon="7.65973">
        <ele>2171.8</ele>
        <time>2026-07-25T12:43:15Z</time>
      </trkpt>
      <trkpt lat="44.17294" lon="7.659709">
        <ele>2172.4</ele>
        <time>2026-07-25T12:43:23Z</time>
      </trkpt>
      <trkpt lat="44.172998" lon="7.659711">
        <ele>2172.8</ele>
        <time>2026-07-25T12:43:29Z</time>
      </trkpt>
      <trkpt lat="44.173006" lon="7.65971">
        <ele>2173.0</ele>
        <time>2026-07-25T12:43:30Z</time>
      </trkpt>
      <trkpt lat="44.173049" lon="7.6597">
        <ele>2173.6</ele>
        <time>2026-07-25T12:43:34Z</time>
      </trkpt>
      <trkpt lat="44.173098" lon="7.659679">
        <ele>2173.8</ele>
        <time>2026-07-25T12:43:38Z</time>
      </trkpt>
      <trkpt lat="44.173154" lon="7.659654">
        <ele>2174.8</ele>
        <time>2026-07-25T12:43:47Z</time>
      </trkpt>
      <trkpt lat="44.173214" lon="7.659648">
        <ele>2175.2</ele>
        <time>2026-07-25T12:43:53Z</time>
      </trkpt>
      <trkpt lat="44.173307" lon="7.659665">
        <ele>2175.8</ele>
        <time>2026-07-25T12:44:01Z</time>
      </trkpt>
      <trkpt lat="44.173381" lon="7.659687">
        <ele>2176.2</ele>
        <time>2026-07-25T12:44:09Z</time>
      </trkpt>
      <trkpt lat="44.173429" lon="7.659707">
        <ele>2176.8</ele>
        <time>2026-07-25T12:44:15Z</time>
      </trkpt>
      <trkpt lat="44.173435" lon="7.65971">
        <ele>2176.8</ele>
        <time>2026-07-25T12:44:16Z</time>
      </trkpt>
      <trkpt lat="44.173499" lon="7.659704">
        <ele>2177.4</ele>
        <time>2026-07-25T12:44:23Z</time>
      </trkpt>
      <trkpt lat="44.173511" lon="7.659702">
        <ele>2177.6</ele>
        <time>2026-07-25T12:44:24Z</time>
      </trkpt>
      <trkpt lat="44.173544" lon="7.659697">
        <ele>2177.8</ele>
        <time>2026-07-25T12:44:27Z</time>
      </trkpt>
      <trkpt lat="44.173582" lon="7.65969">
        <ele>2178.2</ele>
        <time>2026-07-25T12:44:31Z</time>
      </trkpt>
      <trkpt lat="44.173586" lon="7.659683">
        <ele>2178.6</ele>
        <time>2026-07-25T12:44:34Z</time>
      </trkpt>
      <trkpt lat="44.173657" lon="7.659647">
        <ele>2178.6</ele>
        <time>2026-07-25T12:44:42Z</time>
      </trkpt>
      <trkpt lat="44.173735" lon="7.65961">
        <ele>2178.0</ele>
        <time>2026-07-25T12:44:50Z</time>
      </trkpt>
      <trkpt lat="44.173817" lon="7.659615">
        <ele>2177.4</ele>
        <time>2026-07-25T12:44:58Z</time>
      </trkpt>
      <trkpt lat="44.173831" lon="7.659611">
        <ele>2177.2</ele>
        <time>2026-07-25T12:44:59Z</time>
      </trkpt>
      <trkpt lat="44.173914" lon="7.659567">
        <ele>2178.0</ele>
        <time>2026-07-25T12:45:08Z</time>
      </trkpt>
      <trkpt lat="44.17398" lon="7.65955">
        <ele>2178.4</ele>
        <time>2026-07-25T12:45:15Z</time>
      </trkpt>
      <trkpt lat="44.174028" lon="7.659533">
        <ele>2179.0</ele>
        <time>2026-07-25T12:45:20Z</time>
      </trkpt>
      <trkpt lat="44.174047" lon="7.659524">
        <ele>2179.2</ele>
        <time>2026-07-25T12:45:22Z</time>
      </trkpt>
      <trkpt lat="44.174114" lon="7.659483">
        <ele>2179.8</ele>
        <time>2026-07-25T12:45:30Z</time>
      </trkpt>
      <trkpt lat="44.174133" lon="7.659468">
        <ele>2180.0</ele>
        <time>2026-07-25T12:45:32Z</time>
      </trkpt>
      <trkpt lat="44.174208" lon="7.659447">
        <ele>2181.2</ele>
        <time>2026-07-25T12:45:40Z</time>
      </trkpt>
      <trkpt lat="44.174234" lon="7.659435">
        <ele>2182.0</ele>
        <time>2026-07-25T12:45:48Z</time>
      </trkpt>
      <trkpt lat="44.174269" lon="7.659422">
        <ele>2182.4</ele>
        <time>2026-07-25T12:45:52Z</time>
      </trkpt>
      <trkpt lat="44.174301" lon="7.659443">
        <ele>2183.2</ele>
        <time>2026-07-25T12:45:56Z</time>
      </trkpt>
      <trkpt lat="44.174312" lon="7.659454">
        <ele>2183.6</ele>
        <time>2026-07-25T12:45:58Z</time>
      </trkpt>
      <trkpt lat="44.174364" lon="7.659469">
        <ele>2184.6</ele>
        <time>2026-07-25T12:46:05Z</time>
      </trkpt>
      <trkpt lat="44.174453" lon="7.6595">
        <ele>2185.4</ele>
        <time>2026-07-25T12:46:16Z</time>
      </trkpt>
      <trkpt lat="44.174476" lon="7.659499">
        <ele>2185.8</ele>
        <time>2026-07-25T12:46:18Z</time>
      </trkpt>
      <trkpt lat="44.174504" lon="7.6595">
        <ele>2186.4</ele>
        <time>2026-07-25T12:46:22Z</time>
      </trkpt>
      <trkpt lat="44.174521" lon="7.659499">
        <ele>2186.8</ele>
        <time>2026-07-25T12:46:25Z</time>
      </trkpt>
      <trkpt lat="44.174515" lon="7.659494">
        <ele>2187.0</ele>
        <time>2026-07-25T12:46:28Z</time>
      </trkpt>
      <trkpt lat="44.174531" lon="7.659488">
        <ele>2186.8</ele>
        <time>2026-07-25T12:46:34Z</time>
      </trkpt>
      <trkpt lat="44.174552" lon="7.659492">
        <ele>2187.0</ele>
        <time>2026-07-25T12:46:36Z</time>
      </trkpt>
      <trkpt lat="44.174601" lon="7.659496">
        <ele>2187.8</ele>
        <time>2026-07-25T12:46:42Z</time>
      </trkpt>
      <trkpt lat="44.174609" lon="7.659496">
        <ele>2187.8</ele>
        <time>2026-07-25T12:46:43Z</time>
      </trkpt>
      <trkpt lat="44.174655" lon="7.659498">
        <ele>2188.8</ele>
        <time>2026-07-25T12:46:49Z</time>
      </trkpt>
      <trkpt lat="44.174653" lon="7.659498">
        <ele>2189.0</ele>
        <time>2026-07-25T12:46:50Z</time>
      </trkpt>
      <trkpt lat="44.174657" lon="7.659488">
        <ele>2188.8</ele>
        <time>2026-07-25T12:46:56Z</time>
      </trkpt>
      <trkpt lat="44.17471" lon="7.659481">
        <ele>2190.0</ele>
        <time>2026-07-25T12:47:04Z</time>
      </trkpt>
      <trkpt lat="44.174722" lon="7.659479">
        <ele>2190.0</ele>
        <time>2026-07-25T12:47:05Z</time>
      </trkpt>
      <trkpt lat="44.174773" lon="7.65947">
        <ele>2191.2</ele>
        <time>2026-07-25T12:47:12Z</time>
      </trkpt>
      <trkpt lat="44.174791" lon="7.659464">
        <ele>2191.4</ele>
        <time>2026-07-25T12:47:15Z</time>
      </trkpt>
      <trkpt lat="44.174852" lon="7.659453">
        <ele>2191.8</ele>
        <time>2026-07-25T12:47:22Z</time>
      </trkpt>
      <trkpt lat="44.17488" lon="7.65944">
        <ele>2192.2</ele>
        <time>2026-07-25T12:47:25Z</time>
      </trkpt>
      <trkpt lat="44.174919" lon="7.659411">
        <ele>2193.0</ele>
        <time>2026-07-25T12:47:31Z</time>
      </trkpt>
      <trkpt lat="44.17493" lon="7.659404">
        <ele>2193.4</ele>
        <time>2026-07-25T12:47:33Z</time>
      </trkpt>
      <trkpt lat="44.174968" lon="7.65938">
        <ele>2194.2</ele>
        <time>2026-07-25T12:47:38Z</time>
      </trkpt>
      <trkpt lat="44.174974" lon="7.659377">
        <ele>2194.4</ele>
        <time>2026-07-25T12:47:39Z</time>
      </trkpt>
      <trkpt lat="44.175009" lon="7.659345">
        <ele>2195.4</ele>
        <time>2026-07-25T12:47:44Z</time>
      </trkpt>
      <trkpt lat="44.175016" lon="7.659339">
        <ele>2195.6</ele>
        <time>2026-07-25T12:47:45Z</time>
      </trkpt>
      <trkpt lat="44.175049" lon="7.659278">
        <ele>2196.4</ele>
        <time>2026-07-25T12:47:52Z</time>
      </trkpt>
      <trkpt lat="44.175062" lon="7.659258">
        <ele>2196.8</ele>
        <time>2026-07-25T12:47:54Z</time>
      </trkpt>
      <trkpt lat="44.175096" lon="7.659224">
        <ele>2197.6</ele>
        <time>2026-07-25T12:47:59Z</time>
      </trkpt>
      <trkpt lat="44.175101" lon="7.659218">
        <ele>2197.6</ele>
        <time>2026-07-25T12:48:00Z</time>
      </trkpt>
      <trkpt lat="44.175105" lon="7.659214">
        <ele>2197.8</ele>
        <time>2026-07-25T12:48:01Z</time>
      </trkpt>
      <trkpt lat="44.175144" lon="7.659188">
        <ele>2198.8</ele>
        <time>2026-07-25T12:48:08Z</time>
      </trkpt>
      <trkpt lat="44.175147" lon="7.659181">
        <ele>2199.0</ele>
        <time>2026-07-25T12:48:09Z</time>
      </trkpt>
      <trkpt lat="44.175168" lon="7.659123">
        <ele>2199.6</ele>
        <time>2026-07-25T12:48:15Z</time>
      </trkpt>
      <trkpt lat="44.17518" lon="7.659083">
        <ele>2200.0</ele>
        <time>2026-07-25T12:48:18Z</time>
      </trkpt>
      <trkpt lat="44.175182" lon="7.659051">
        <ele>2199.8</ele>
        <time>2026-07-25T12:48:22Z</time>
      </trkpt>
      <trkpt lat="44.175191" lon="7.65901">
        <ele>2200.2</ele>
        <time>2026-07-25T12:48:27Z</time>
      </trkpt>
      <trkpt lat="44.175195" lon="7.659004">
        <ele>2200.6</ele>
        <time>2026-07-25T12:48:28Z</time>
      </trkpt>
      <trkpt lat="44.175198" lon="7.658998">
        <ele>2201.0</ele>
        <time>2026-07-25T12:48:29Z</time>
      </trkpt>
      <trkpt lat="44.175208" lon="7.658952">
        <ele>2201.6</ele>
        <time>2026-07-25T12:48:33Z</time>
      </trkpt>
      <trkpt lat="44.175219" lon="7.658915">
        <ele>2202.4</ele>
        <time>2026-07-25T12:48:36Z</time>
      </trkpt>
      <trkpt lat="44.175222" lon="7.6589">
        <ele>2202.6</ele>
        <time>2026-07-25T12:48:37Z</time>
      </trkpt>
      <trkpt lat="44.175229" lon="7.658831">
        <ele>2203.4</ele>
        <time>2026-07-25T12:48:44Z</time>
      </trkpt>
      <trkpt lat="44.175257" lon="7.658766">
        <ele>2204.6</ele>
        <time>2026-07-25T12:48:51Z</time>
      </trkpt>
      <trkpt lat="44.175289" lon="7.65869">
        <ele>2205.6</ele>
        <time>2026-07-25T12:48:58Z</time>
      </trkpt>
      <trkpt lat="44.175331" lon="7.658632">
        <ele>2206.4</ele>
        <time>2026-07-25T12:49:05Z</time>
      </trkpt>
      <trkpt lat="44.175335" lon="7.658624">
        <ele>2206.6</ele>
        <time>2026-07-25T12:49:06Z</time>
      </trkpt>
      <trkpt lat="44.175354" lon="7.658572">
        <ele>2207.4</ele>
        <time>2026-07-25T12:49:12Z</time>
      </trkpt>
      <trkpt lat="44.175351" lon="7.658564">
        <ele>2207.6</ele>
        <time>2026-07-25T12:49:13Z</time>
      </trkpt>
      <trkpt lat="44.175344" lon="7.658549">
        <ele>2207.8</ele>
        <time>2026-07-25T12:49:14Z</time>
      </trkpt>
      <trkpt lat="44.175367" lon="7.658519">
        <ele>2208.2</ele>
        <time>2026-07-25T12:49:18Z</time>
      </trkpt>
      <trkpt lat="44.175386" lon="7.658425">
        <ele>2208.6</ele>
        <time>2026-07-25T12:49:25Z</time>
      </trkpt>
      <trkpt lat="44.175387" lon="7.658416">
        <ele>2208.8</ele>
        <time>2026-07-25T12:49:26Z</time>
      </trkpt>
      <trkpt lat="44.17541" lon="7.658381">
        <ele>2209.6</ele>
        <time>2026-07-25T12:49:34Z</time>
      </trkpt>
      <trkpt lat="44.175418" lon="7.658377">
        <ele>2209.8</ele>
        <time>2026-07-25T12:49:35Z</time>
      </trkpt>
      <trkpt lat="44.175448" lon="7.658326">
        <ele>2210.8</ele>
        <time>2026-07-25T12:49:41Z</time>
      </trkpt>
      <trkpt lat="44.175496" lon="7.658254">
        <ele>2211.8</ele>
        <time>2026-07-25T12:49:49Z</time>
      </trkpt>
      <trkpt lat="44.175534" lon="7.658184">
        <ele>2212.8</ele>
        <time>2026-07-25T12:49:57Z</time>
      </trkpt>
      <trkpt lat="44.175549" lon="7.658165">
        <ele>2213.4</ele>
        <time>2026-07-25T12:50:00Z</time>
      </trkpt>
      <trkpt lat="44.175554" lon="7.658162">
        <ele>2213.6</ele>
        <time>2026-07-25T12:50:02Z</time>
      </trkpt>
      <trkpt lat="44.17556" lon="7.658155">
        <ele>2213.8</ele>
        <time>2026-07-25T12:50:03Z</time>
      </trkpt>
      <trkpt lat="44.175565" lon="7.658148">
        <ele>2213.8</ele>
        <time>2026-07-25T12:50:04Z</time>
      </trkpt>
      <trkpt lat="44.175571" lon="7.658141">
        <ele>2214.0</ele>
        <time>2026-07-25T12:50:05Z</time>
      </trkpt>
      <trkpt lat="44.175623" lon="7.658093">
        <ele>2214.6</ele>
        <time>2026-07-25T12:50:12Z</time>
      </trkpt>
      <trkpt lat="44.17563" lon="7.658063">
        <ele>2215.0</ele>
        <time>2026-07-25T12:50:15Z</time>
      </trkpt>
      <trkpt lat="44.175641" lon="7.658011">
        <ele>2215.8</ele>
        <time>2026-07-25T12:50:20Z</time>
      </trkpt>
      <trkpt lat="44.17565" lon="7.657992">
        <ele>2216.0</ele>
        <time>2026-07-25T12:50:22Z</time>
      </trkpt>
      <trkpt lat="44.17566" lon="7.657962">
        <ele>2216.6</ele>
        <time>2026-07-25T12:50:25Z</time>
      </trkpt>
      <trkpt lat="44.175681" lon="7.65794">
        <ele>2217.2</ele>
        <time>2026-07-25T12:50:29Z</time>
      </trkpt>
      <trkpt lat="44.175708" lon="7.657931">
        <ele>2217.6</ele>
        <time>2026-07-25T12:50:33Z</time>
      </trkpt>
      <trkpt lat="44.175748" lon="7.657907">
        <ele>2218.0</ele>
        <time>2026-07-25T12:50:37Z</time>
      </trkpt>
      <trkpt lat="44.175756" lon="7.657889">
        <ele>2218.2</ele>
        <time>2026-07-25T12:50:39Z</time>
      </trkpt>
      <trkpt lat="44.17577" lon="7.657858">
        <ele>2218.6</ele>
        <time>2026-07-25T12:50:42Z</time>
      </trkpt>
      <trkpt lat="44.175791" lon="7.657835">
        <ele>2219.2</ele>
        <time>2026-07-25T12:50:45Z</time>
      </trkpt>
      <trkpt lat="44.175809" lon="7.657795">
        <ele>2220.0</ele>
        <time>2026-07-25T12:50:49Z</time>
      </trkpt>
      <trkpt lat="44.175813" lon="7.657782">
        <ele>2220.2</ele>
        <time>2026-07-25T12:50:50Z</time>
      </trkpt>
      <trkpt lat="44.17583" lon="7.657729">
        <ele>2221.0</ele>
        <time>2026-07-25T12:50:54Z</time>
      </trkpt>
      <trkpt lat="44.175839" lon="7.657706">
        <ele>2221.4</ele>
        <time>2026-07-25T12:50:56Z</time>
      </trkpt>
      <trkpt lat="44.175864" lon="7.657647">
        <ele>2222.0</ele>
        <time>2026-07-25T12:51:01Z</time>
      </trkpt>
      <trkpt lat="44.175881" lon="7.65765">
        <ele>2222.4</ele>
        <time>2026-07-25T12:51:03Z</time>
      </trkpt>
      <trkpt lat="44.175911" lon="7.657619">
        <ele>2223.0</ele>
        <time>2026-07-25T12:51:07Z</time>
      </trkpt>
      <trkpt lat="44.175928" lon="7.657581">
        <ele>2223.6</ele>
        <time>2026-07-25T12:51:11Z</time>
      </trkpt>
      <trkpt lat="44.175938" lon="7.657527">
        <ele>2224.4</ele>
        <time>2026-07-25T12:51:15Z</time>
      </trkpt>
      <trkpt lat="44.175943" lon="7.657492">
        <ele>2224.8</ele>
        <time>2026-07-25T12:51:18Z</time>
      </trkpt>
      <trkpt lat="44.175954" lon="7.657432">
        <ele>2225.6</ele>
        <time>2026-07-25T12:51:23Z</time>
      </trkpt>
      <trkpt lat="44.175968" lon="7.657407">
        <ele>2226.0</ele>
        <time>2026-07-25T12:51:25Z</time>
      </trkpt>
      <trkpt lat="44.176001" lon="7.65735">
        <ele>2226.8</ele>
        <time>2026-07-25T12:51:30Z</time>
      </trkpt>
      <trkpt lat="44.176005" lon="7.657341">
        <ele>2227.0</ele>
        <time>2026-07-25T12:51:31Z</time>
      </trkpt>
      <trkpt lat="44.176012" lon="7.657327">
        <ele>2227.6</ele>
        <time>2026-07-25T12:51:37Z</time>
      </trkpt>
      <trkpt lat="44.175999" lon="7.657341">
        <ele>2227.2</ele>
        <time>2026-07-25T12:51:48Z</time>
      </trkpt>
      <trkpt lat="44.175986" lon="7.657321">
        <ele>2226.8</ele>
        <time>2026-07-25T12:51:55Z</time>
      </trkpt>
      <trkpt lat="44.175968" lon="7.657323">
        <ele>2226.4</ele>
        <time>2026-07-25T12:51:58Z</time>
      </trkpt>
      <trkpt lat="44.176006" lon="7.657317">
        <ele>2227.0</ele>
        <time>2026-07-25T12:52:04Z</time>
      </trkpt>
      <trkpt lat="44.17601" lon="7.65733">
        <ele>2227.2</ele>
        <time>2026-07-25T12:52:13Z</time>
      </trkpt>
      <trkpt lat="44.176025" lon="7.657307">
        <ele>2226.8</ele>
        <time>2026-07-25T12:52:20Z</time>
      </trkpt>
      <trkpt lat="44.176027" lon="7.657301">
        <ele>2226.6</ele>
        <time>2026-07-25T12:52:22Z</time>
      </trkpt>
      <trkpt lat="44.176017" lon="7.657298">
        <ele>2227.8</ele>
        <time>2026-07-25T12:52:31Z</time>
      </trkpt>
      <trkpt lat="44.176012" lon="7.657295">
        <ele>2228.0</ele>
        <time>2026-07-25T12:52:37Z</time>
      </trkpt>
      <trkpt lat="44.176002" lon="7.657306">
        <ele>2228.2</ele>
        <time>2026-07-25T12:52:42Z</time>
      </trkpt>
      <trkpt lat="44.176017" lon="7.657248">
        <ele>2228.2</ele>
        <time>2026-07-25T12:52:48Z</time>
      </trkpt>
      <trkpt lat="44.176029" lon="7.657219">
        <ele>2228.2</ele>
        <time>2026-07-25T12:52:50Z</time>
      </trkpt>
      <trkpt lat="44.176048" lon="7.657171">
        <ele>2229.2</ele>
        <time>2026-07-25T12:52:55Z</time>
      </trkpt>
      <trkpt lat="44.176064" lon="7.65712">
        <ele>2229.6</ele>
        <time>2026-07-25T12:52:58Z</time>
      </trkpt>
      <trkpt lat="44.176067" lon="7.657061">
        <ele>2230.2</ele>
        <time>2026-07-25T12:53:02Z</time>
      </trkpt>
      <trkpt lat="44.176067" lon="7.657017">
        <ele>2230.2</ele>
        <time>2026-07-25T12:53:05Z</time>
      </trkpt>
      <trkpt lat="44.176073" lon="7.656924">
        <ele>2231.2</ele>
        <time>2026-07-25T12:53:11Z</time>
      </trkpt>
      <trkpt lat="44.176078" lon="7.656887">
        <ele>2231.6</ele>
        <time>2026-07-25T12:53:14Z</time>
      </trkpt>
      <trkpt lat="44.176082" lon="7.65684">
        <ele>2232.4</ele>
        <time>2026-07-25T12:53:18Z</time>
      </trkpt>
      <trkpt lat="44.176086" lon="7.656777">
        <ele>2233.0</ele>
        <time>2026-07-25T12:53:22Z</time>
      </trkpt>
      <trkpt lat="44.176089" lon="7.65675">
        <ele>2233.2</ele>
        <time>2026-07-25T12:53:24Z</time>
      </trkpt>
      <trkpt lat="44.176088" lon="7.656747">
        <ele>2233.4</ele>
        <time>2026-07-25T12:53:25Z</time>
      </trkpt>
      <trkpt lat="44.176104" lon="7.656671">
        <ele>2234.2</ele>
        <time>2026-07-25T12:53:31Z</time>
      </trkpt>
      <trkpt lat="44.176106" lon="7.656659">
        <ele>2234.2</ele>
        <time>2026-07-25T12:53:32Z</time>
      </trkpt>
      <trkpt lat="44.176112" lon="7.656608">
        <ele>2234.4</ele>
        <time>2026-07-25T12:53:35Z</time>
      </trkpt>
      <trkpt lat="44.176123" lon="7.656519">
        <ele>2235.0</ele>
        <time>2026-07-25T12:53:40Z</time>
      </trkpt>
      <trkpt lat="44.17613" lon="7.656476">
        <ele>2235.4</ele>
        <time>2026-07-25T12:53:43Z</time>
      </trkpt>
      <trkpt lat="44.176123" lon="7.656437">
        <ele>2236.4</ele>
        <time>2026-07-25T12:53:48Z</time>
      </trkpt>
      <trkpt lat="44.176122" lon="7.656433">
        <ele>2236.6</ele>
        <time>2026-07-25T12:53:49Z</time>
      </trkpt>
      <trkpt lat="44.176124" lon="7.656368">
        <ele>2237.4</ele>
        <time>2026-07-25T12:53:54Z</time>
      </trkpt>
      <trkpt lat="44.176124" lon="7.656356">
        <ele>2237.6</ele>
        <time>2026-07-25T12:53:55Z</time>
      </trkpt>
      <trkpt lat="44.176107" lon="7.656266">
        <ele>2238.6</ele>
        <time>2026-07-25T12:54:02Z</time>
      </trkpt>
      <trkpt lat="44.176062" lon="7.656187">
        <ele>2238.6</ele>
        <time>2026-07-25T12:54:08Z</time>
      </trkpt>
      <trkpt lat="44.175995" lon="7.656109">
        <ele>2239.6</ele>
        <time>2026-07-25T12:54:16Z</time>
      </trkpt>
      <trkpt lat="44.175988" lon="7.656097">
        <ele>2239.8</ele>
        <time>2026-07-25T12:54:17Z</time>
      </trkpt>
      <trkpt lat="44.175942" lon="7.655988">
        <ele>2239.8</ele>
        <time>2026-07-25T12:54:24Z</time>
      </trkpt>
      <trkpt lat="44.175845" lon="7.655956">
        <ele>2239.0</ele>
        <time>2026-07-25T12:54:32Z</time>
      </trkpt>
      <trkpt lat="44.175791" lon="7.655948">
        <ele>2238.6</ele>
        <time>2026-07-25T12:54:37Z</time>
      </trkpt>
      <trkpt lat="44.175738" lon="7.655917">
        <ele>2238.0</ele>
        <time>2026-07-25T12:54:42Z</time>
      </trkpt>
      <trkpt lat="44.175663" lon="7.655791">
        <ele>2238.2</ele>
        <time>2026-07-25T12:54:50Z</time>
      </trkpt>
      <trkpt lat="44.175651" lon="7.655709">
        <ele>2239.4</ele>
        <time>2026-07-25T12:54:58Z</time>
      </trkpt>
      <trkpt lat="44.175655" lon="7.655704">
        <ele>2240.0</ele>
        <time>2026-07-25T12:55:00Z</time>
      </trkpt>
      <trkpt lat="44.175663" lon="7.655691">
        <ele>2241.2</ele>
        <time>2026-07-25T12:55:04Z</time>
      </trkpt>
      <trkpt lat="44.17567" lon="7.655639">
        <ele>2241.4</ele>
        <time>2026-07-25T12:55:08Z</time>
      </trkpt>
      <trkpt lat="44.175686" lon="7.655522">
        <ele>2241.2</ele>
        <time>2026-07-25T12:55:15Z</time>
      </trkpt>
      <trkpt lat="44.175688" lon="7.655443">
        <ele>2242.4</ele>
        <time>2026-07-25T12:55:20Z</time>
      </trkpt>
      <trkpt lat="44.175657" lon="7.65533">
        <ele>2243.2</ele>
        <time>2026-07-25T12:55:27Z</time>
      </trkpt>
      <trkpt lat="44.175643" lon="7.655282">
        <ele>2243.4</ele>
        <time>2026-07-25T12:55:30Z</time>
      </trkpt>
      <trkpt lat="44.175641" lon="7.655238">
        <ele>2244.4</ele>
        <time>2026-07-25T12:55:34Z</time>
      </trkpt>
      <trkpt lat="44.175644" lon="7.655231">
        <ele>2244.6</ele>
        <time>2026-07-25T12:55:35Z</time>
      </trkpt>
      <trkpt lat="44.17566" lon="7.655167">
        <ele>2245.0</ele>
        <time>2026-07-25T12:55:40Z</time>
      </trkpt>
      <trkpt lat="44.175677" lon="7.655132">
        <ele>2245.2</ele>
        <time>2026-07-25T12:55:43Z</time>
      </trkpt>
      <trkpt lat="44.175721" lon="7.655069">
        <ele>2245.6</ele>
        <time>2026-07-25T12:55:49Z</time>
      </trkpt>
      <trkpt lat="44.175739" lon="7.655051">
        <ele>2246.0</ele>
        <time>2026-07-25T12:55:52Z</time>
      </trkpt>
      <trkpt lat="44.175804" lon="7.654949">
        <ele>2246.6</ele>
        <time>2026-07-25T12:56:01Z</time>
      </trkpt>
      <trkpt lat="44.175809" lon="7.654932">
        <ele>2246.8</ele>
        <time>2026-07-25T12:56:03Z</time>
      </trkpt>
      <trkpt lat="44.175821" lon="7.654894">
        <ele>2247.6</ele>
        <time>2026-07-25T12:56:09Z</time>
      </trkpt>
      <trkpt lat="44.17583" lon="7.654869">
        <ele>2248.0</ele>
        <time>2026-07-25T12:56:11Z</time>
      </trkpt>
      <trkpt lat="44.175871" lon="7.654801">
        <ele>2248.4</ele>
        <time>2026-07-25T12:56:17Z</time>
      </trkpt>
      <trkpt lat="44.175889" lon="7.654749">
        <ele>2249.0</ele>
        <time>2026-07-25T12:56:22Z</time>
      </trkpt>
      <trkpt lat="44.175895" lon="7.654718">
        <ele>2249.4</ele>
        <time>2026-07-25T12:56:24Z</time>
      </trkpt>
      <trkpt lat="44.175911" lon="7.654643">
        <ele>2250.2</ele>
        <time>2026-07-25T12:56:29Z</time>
      </trkpt>
      <trkpt lat="44.175919" lon="7.654605">
        <ele>2250.8</ele>
        <time>2026-07-25T12:56:33Z</time>
      </trkpt>
      <trkpt lat="44.175931" lon="7.654584">
        <ele>2251.2</ele>
        <time>2026-07-25T12:56:36Z</time>
      </trkpt>
      <trkpt lat="44.175972" lon="7.654562">
        <ele>2252.0</ele>
        <time>2026-07-25T12:56:41Z</time>
      </trkpt>
      <trkpt lat="44.175989" lon="7.654561">
        <ele>2252.2</ele>
        <time>2026-07-25T12:56:43Z</time>
      </trkpt>
      <trkpt lat="44.176023" lon="7.654567">
        <ele>2252.8</ele>
        <time>2026-07-25T12:56:47Z</time>
      </trkpt>
      <trkpt lat="44.176044" lon="7.654568">
        <ele>2253.2</ele>
        <time>2026-07-25T12:56:49Z</time>
      </trkpt>
      <trkpt lat="44.176063" lon="7.65457">
        <ele>2253.4</ele>
        <time>2026-07-25T12:56:51Z</time>
      </trkpt>
      <trkpt lat="44.176121" lon="7.654531">
        <ele>2254.2</ele>
        <time>2026-07-25T12:56:58Z</time>
      </trkpt>
      <trkpt lat="44.176124" lon="7.654523">
        <ele>2254.4</ele>
        <time>2026-07-25T12:56:59Z</time>
      </trkpt>
      <trkpt lat="44.176141" lon="7.654506">
        <ele>2255.6</ele>
        <time>2026-07-25T12:57:04Z</time>
      </trkpt>
      <trkpt lat="44.176145" lon="7.654502">
        <ele>2255.8</ele>
        <time>2026-07-25T12:57:05Z</time>
      </trkpt>
      <trkpt lat="44.176183" lon="7.654472">
        <ele>2256.8</ele>
        <time>2026-07-25T12:57:10Z</time>
      </trkpt>
      <trkpt lat="44.176197" lon="7.654474">
        <ele>2258.0</ele>
        <time>2026-07-25T12:57:14Z</time>
      </trkpt>
      <trkpt lat="44.176202" lon="7.65447">
        <ele>2258.2</ele>
        <time>2026-07-25T12:57:15Z</time>
      </trkpt>
      <trkpt lat="44.176207" lon="7.654466">
        <ele>2258.6</ele>
        <time>2026-07-25T12:57:17Z</time>
      </trkpt>
      <trkpt lat="44.176216" lon="7.654464">
        <ele>2259.0</ele>
        <time>2026-07-25T12:57:19Z</time>
      </trkpt>
      <trkpt lat="44.176261" lon="7.654463">
        <ele>2259.2</ele>
        <time>2026-07-25T12:57:24Z</time>
      </trkpt>
      <trkpt lat="44.17631" lon="7.654487">
        <ele>2260.0</ele>
        <time>2026-07-25T12:57:30Z</time>
      </trkpt>
      <trkpt lat="44.176326" lon="7.6545">
        <ele>2260.4</ele>
        <time>2026-07-25T12:57:32Z</time>
      </trkpt>
      <trkpt lat="44.176332" lon="7.654547">
        <ele>2261.0</ele>
        <time>2026-07-25T12:57:37Z</time>
      </trkpt>
      <trkpt lat="44.176341" lon="7.654572">
        <ele>2261.4</ele>
        <time>2026-07-25T12:57:39Z</time>
      </trkpt>
      <trkpt lat="44.176385" lon="7.654614">
        <ele>2262.2</ele>
        <time>2026-07-25T12:57:44Z</time>
      </trkpt>
      <trkpt lat="44.176408" lon="7.654618">
        <ele>2262.8</ele>
        <time>2026-07-25T12:57:46Z</time>
      </trkpt>
      <trkpt lat="44.176422" lon="7.65462">
        <ele>2263.4</ele>
        <time>2026-07-25T12:57:49Z</time>
      </trkpt>
      <trkpt lat="44.176479" lon="7.654649">
        <ele>2264.0</ele>
        <time>2026-07-25T12:57:55Z</time>
      </trkpt>
      <trkpt lat="44.176499" lon="7.654665">
        <ele>2264.4</ele>
        <time>2026-07-25T12:57:58Z</time>
      </trkpt>
      <trkpt lat="44.176511" lon="7.654713">
        <ele>2265.4</ele>
        <time>2026-07-25T12:58:05Z</time>
      </trkpt>
      <trkpt lat="44.176512" lon="7.654727">
        <ele>2265.6</ele>
        <time>2026-07-25T12:58:06Z</time>
      </trkpt>
      <trkpt lat="44.17652" lon="7.654787">
        <ele>2266.0</ele>
        <time>2026-07-25T12:58:11Z</time>
      </trkpt>
      <trkpt lat="44.176519" lon="7.654796">
        <ele>2266.4</ele>
        <time>2026-07-25T12:58:13Z</time>
      </trkpt>
      <trkpt lat="44.176519" lon="7.654804">
        <ele>2266.8</ele>
        <time>2026-07-25T12:58:15Z</time>
      </trkpt>
      <trkpt lat="44.176524" lon="7.654861">
        <ele>2267.6</ele>
        <time>2026-07-25T12:58:20Z</time>
      </trkpt>
      <trkpt lat="44.176527" lon="7.654871">
        <ele>2267.8</ele>
        <time>2026-07-25T12:58:21Z</time>
      </trkpt>
      <trkpt lat="44.17656" lon="7.654904">
        <ele>2268.8</ele>
        <time>2026-07-25T12:58:28Z</time>
      </trkpt>
      <trkpt lat="44.176574" lon="7.654923">
        <ele>2269.8</ele>
        <time>2026-07-25T12:58:32Z</time>
      </trkpt>
      <trkpt lat="44.176606" lon="7.654982">
        <ele>2270.6</ele>
        <time>2026-07-25T12:58:37Z</time>
      </trkpt>
      <trkpt lat="44.176615" lon="7.655005">
        <ele>2271.0</ele>
        <time>2026-07-25T12:58:39Z</time>
      </trkpt>
      <trkpt lat="44.176631" lon="7.655023">
        <ele>2271.6</ele>
        <time>2026-07-25T12:58:45Z</time>
      </trkpt>
      <trkpt lat="44.17663" lon="7.655005">
        <ele>2272.0</ele>
        <time>2026-07-25T12:58:47Z</time>
      </trkpt>
      <trkpt lat="44.176647" lon="7.654979">
        <ele>2272.8</ele>
        <time>2026-07-25T12:58:52Z</time>
      </trkpt>
      <trkpt lat="44.176652" lon="7.654976">
        <ele>2273.2</ele>
        <time>2026-07-25T12:58:53Z</time>
      </trkpt>
      <trkpt lat="44.176669" lon="7.654932">
        <ele>2274.4</ele>
        <time>2026-07-25T12:58:58Z</time>
      </trkpt>
      <trkpt lat="44.176666" lon="7.654893">
        <ele>2275.0</ele>
        <time>2026-07-25T12:59:01Z</time>
      </trkpt>
      <trkpt lat="44.176667" lon="7.654849">
        <ele>2275.6</ele>
        <time>2026-07-25T12:59:04Z</time>
      </trkpt>
      <trkpt lat="44.176654" lon="7.65479">
        <ele>2276.0</ele>
        <time>2026-07-25T12:59:08Z</time>
      </trkpt>
      <trkpt lat="44.176644" lon="7.654733">
        <ele>2276.8</ele>
        <time>2026-07-25T12:59:14Z</time>
      </trkpt>
      <trkpt lat="44.176648" lon="7.654722">
        <ele>2277.6</ele>
        <time>2026-07-25T12:59:16Z</time>
      </trkpt>
      <trkpt lat="44.17665" lon="7.654708">
        <ele>2278.0</ele>
        <time>2026-07-25T12:59:17Z</time>
      </trkpt>
      <trkpt lat="44.176661" lon="7.654681">
        <ele>2279.0</ele>
        <time>2026-07-25T12:59:22Z</time>
      </trkpt>
      <trkpt lat="44.176648" lon="7.6546">
        <ele>2280.2</ele>
        <time>2026-07-25T12:59:29Z</time>
      </trkpt>
      <trkpt lat="44.176648" lon="7.65459">
        <ele>2280.6</ele>
        <time>2026-07-25T12:59:31Z</time>
      </trkpt>
      <trkpt lat="44.176644" lon="7.654559">
        <ele>2281.2</ele>
        <time>2026-07-25T12:59:34Z</time>
      </trkpt>
      <trkpt lat="44.176643" lon="7.654552">
        <ele>2281.6</ele>
        <time>2026-07-25T12:59:36Z</time>
      </trkpt>
      <trkpt lat="44.176644" lon="7.654533">
        <ele>2282.0</ele>
        <time>2026-07-25T12:59:39Z</time>
      </trkpt>
      <trkpt lat="44.176644" lon="7.654506">
        <ele>2282.2</ele>
        <time>2026-07-25T12:59:41Z</time>
      </trkpt>
      <trkpt lat="44.176647" lon="7.654418">
        <ele>2283.0</ele>
        <time>2026-07-25T12:59:47Z</time>
      </trkpt>
      <trkpt lat="44.176646" lon="7.654386">
        <ele>2283.4</ele>
        <time>2026-07-25T12:59:49Z</time>
      </trkpt>
      <trkpt lat="44.17664" lon="7.654352">
        <ele>2284.6</ele>
        <time>2026-07-25T12:59:53Z</time>
      </trkpt>
      <trkpt lat="44.176636" lon="7.654331">
        <ele>2285.4</ele>
        <time>2026-07-25T12:59:56Z</time>
      </trkpt>
      <trkpt lat="44.17663" lon="7.654302">
        <ele>2285.8</ele>
        <time>2026-07-25T12:59:58Z</time>
      </trkpt>
      <trkpt lat="44.176601" lon="7.65423">
        <ele>2286.6</ele>
        <time>2026-07-25T13:00:05Z</time>
      </trkpt>
      <trkpt lat="44.176595" lon="7.654218">
        <ele>2286.8</ele>
        <time>2026-07-25T13:00:06Z</time>
      </trkpt>
      <trkpt lat="44.176582" lon="7.654173">
        <ele>2288.0</ele>
        <time>2026-07-25T13:00:11Z</time>
      </trkpt>
      <trkpt lat="44.176579" lon="7.654156">
        <ele>2288.4</ele>
        <time>2026-07-25T13:00:13Z</time>
      </trkpt>
      <trkpt lat="44.176571" lon="7.654148">
        <ele>2289.2</ele>
        <time>2026-07-25T13:00:16Z</time>
      </trkpt>
      <trkpt lat="44.176557" lon="7.654117">
        <ele>2290.0</ele>
        <time>2026-07-25T13:00:20Z</time>
      </trkpt>
      <trkpt lat="44.176555" lon="7.654111">
        <ele>2290.2</ele>
        <time>2026-07-25T13:00:21Z</time>
      </trkpt>
      <trkpt lat="44.176526" lon="7.654061">
        <ele>2291.4</ele>
        <time>2026-07-25T13:00:27Z</time>
      </trkpt>
      <trkpt lat="44.176513" lon="7.65403">
        <ele>2291.6</ele>
        <time>2026-07-25T13:00:30Z</time>
      </trkpt>
      <trkpt lat="44.176498" lon="7.653998">
        <ele>2292.4</ele>
        <time>2026-07-25T13:00:34Z</time>
      </trkpt>
      <trkpt lat="44.176485" lon="7.65397">
        <ele>2293.4</ele>
        <time>2026-07-25T13:00:38Z</time>
      </trkpt>
      <trkpt lat="44.176471" lon="7.653956">
        <ele>2293.6</ele>
        <time>2026-07-25T13:00:41Z</time>
      </trkpt>
      <trkpt lat="44.176435" lon="7.653908">
        <ele>2294.4</ele>
        <time>2026-07-25T13:00:47Z</time>
      </trkpt>
      <trkpt lat="44.176425" lon="7.653883">
        <ele>2295.0</ele>
        <time>2026-07-25T13:00:49Z</time>
      </trkpt>
      <trkpt lat="44.176415" lon="7.65386">
        <ele>2295.6</ele>
        <time>2026-07-25T13:00:51Z</time>
      </trkpt>
      <trkpt lat="44.176389" lon="7.653791">
        <ele>2296.8</ele>
        <time>2026-07-25T13:00:57Z</time>
      </trkpt>
      <trkpt lat="44.17637" lon="7.653767">
        <ele>2297.2</ele>
        <time>2026-07-25T13:01:01Z</time>
      </trkpt>
      <trkpt lat="44.176364" lon="7.653755">
        <ele>2297.8</ele>
        <time>2026-07-25T13:01:03Z</time>
      </trkpt>
      <trkpt lat="44.176334" lon="7.653695">
        <ele>2298.8</ele>
        <time>2026-07-25T13:01:08Z</time>
      </trkpt>
      <trkpt lat="44.176317" lon="7.65367">
        <ele>2299.0</ele>
        <time>2026-07-25T13:01:10Z</time>
      </trkpt>
      <trkpt lat="44.176311" lon="7.653666">
        <ele>2299.2</ele>
        <time>2026-07-25T13:01:11Z</time>
      </trkpt>
      <trkpt lat="44.176288" lon="7.653649">
        <ele>2299.8</ele>
        <time>2026-07-25T13:01:16Z</time>
      </trkpt>
      <trkpt lat="44.176265" lon="7.653629">
        <ele>2300.6</ele>
        <time>2026-07-25T13:01:21Z</time>
      </trkpt>
      <trkpt lat="44.176257" lon="7.65362">
        <ele>2300.8</ele>
        <time>2026-07-25T13:01:22Z</time>
      </trkpt>
      <trkpt lat="44.176222" lon="7.653563">
        <ele>2301.8</ele>
        <time>2026-07-25T13:01:28Z</time>
      </trkpt>
      <trkpt lat="44.176214" lon="7.653551">
        <ele>2302.0</ele>
        <time>2026-07-25T13:01:29Z</time>
      </trkpt>
      <trkpt lat="44.17615" lon="7.653495">
        <ele>2302.8</ele>
        <time>2026-07-25T13:01:36Z</time>
      </trkpt>
      <trkpt lat="44.176143" lon="7.653491">
        <ele>2303.0</ele>
        <time>2026-07-25T13:01:37Z</time>
      </trkpt>
      <trkpt lat="44.176071" lon="7.653456">
        <ele>2303.4</ele>
        <time>2026-07-25T13:01:44Z</time>
      </trkpt>
      <trkpt lat="44.175996" lon="7.653396">
        <ele>2304.0</ele>
        <time>2026-07-25T13:01:52Z</time>
      </trkpt>
      <trkpt lat="44.175927" lon="7.653359">
        <ele>2303.0</ele>
        <time>2026-07-25T13:01:59Z</time>
      </trkpt>
      <trkpt lat="44.175907" lon="7.653342">
        <ele>2303.2</ele>
        <time>2026-07-25T13:02:01Z</time>
      </trkpt>
      <trkpt lat="44.17588" lon="7.653294">
        <ele>2304.4</ele>
        <time>2026-07-25T13:02:05Z</time>
      </trkpt>
      <trkpt lat="44.175856" lon="7.653247">
        <ele>2305.4</ele>
        <time>2026-07-25T13:02:09Z</time>
      </trkpt>
      <trkpt lat="44.175843" lon="7.653235">
        <ele>2305.6</ele>
        <time>2026-07-25T13:02:10Z</time>
      </trkpt>
      <trkpt lat="44.175816" lon="7.653209">
        <ele>2306.2</ele>
        <time>2026-07-25T13:02:13Z</time>
      </trkpt>
      <trkpt lat="44.175809" lon="7.653201">
        <ele>2306.2</ele>
        <time>2026-07-25T13:02:14Z</time>
      </trkpt>
      <trkpt lat="44.175774" lon="7.653165">
        <ele>2306.0</ele>
        <time>2026-07-25T13:02:18Z</time>
      </trkpt>
      <trkpt lat="44.175749" lon="7.65314">
        <ele>2306.6</ele>
        <time>2026-07-25T13:02:21Z</time>
      </trkpt>
      <trkpt lat="44.175696" lon="7.653046">
        <ele>2307.6</ele>
        <time>2026-07-25T13:02:29Z</time>
      </trkpt>
      <trkpt lat="44.17569" lon="7.653036">
        <ele>2307.8</ele>
        <time>2026-07-25T13:02:30Z</time>
      </trkpt>
      <trkpt lat="44.175657" lon="7.652925">
        <ele>2308.0</ele>
        <time>2026-07-25T13:02:37Z</time>
      </trkpt>
      <trkpt lat="44.17565" lon="7.652905">
        <ele>2308.0</ele>
        <time>2026-07-25T13:02:38Z</time>
      </trkpt>
      <trkpt lat="44.175617" lon="7.652807">
        <ele>2308.8</ele>
        <time>2026-07-25T13:02:45Z</time>
      </trkpt>
      <trkpt lat="44.175574" lon="7.652711">
        <ele>2308.4</ele>
        <time>2026-07-25T13:02:52Z</time>
      </trkpt>
      <trkpt lat="44.175533" lon="7.652633">
        <ele>2307.6</ele>
        <time>2026-07-25T13:02:57Z</time>
      </trkpt>
      <trkpt lat="44.175517" lon="7.652599">
        <ele>2307.4</ele>
        <time>2026-07-25T13:02:59Z</time>
      </trkpt>
      <trkpt lat="44.175487" lon="7.652532">
        <ele>2308.2</ele>
        <time>2026-07-25T13:03:03Z</time>
      </trkpt>
      <trkpt lat="44.175452" lon="7.652422">
        <ele>2307.8</ele>
        <time>2026-07-25T13:03:11Z</time>
      </trkpt>
      <trkpt lat="44.17545" lon="7.652411">
        <ele>2307.6</ele>
        <time>2026-07-25T13:03:12Z</time>
      </trkpt>
      <trkpt lat="44.175408" lon="7.6523">
        <ele>2307.2</ele>
        <time>2026-07-25T13:03:20Z</time>
      </trkpt>
      <trkpt lat="44.175403" lon="7.652281">
        <ele>2307.2</ele>
        <time>2026-07-25T13:03:21Z</time>
      </trkpt>
      <trkpt lat="44.175391" lon="7.652227">
        <ele>2306.6</ele>
        <time>2026-07-25T13:03:25Z</time>
      </trkpt>
      <trkpt lat="44.175373" lon="7.652134">
        <ele>2306.2</ele>
        <time>2026-07-25T13:03:30Z</time>
      </trkpt>
      <trkpt lat="44.175361" lon="7.652098">
        <ele>2305.6</ele>
        <time>2026-07-25T13:03:32Z</time>
      </trkpt>
      <trkpt lat="44.175331" lon="7.652016">
        <ele>2305.0</ele>
        <time>2026-07-25T13:03:37Z</time>
      </trkpt>
      <trkpt lat="44.175315" lon="7.651974">
        <ele>2304.8</ele>
        <time>2026-07-25T13:03:40Z</time>
      </trkpt>
      <trkpt lat="44.175315" lon="7.651943">
        <ele>2304.4</ele>
        <time>2026-07-25T13:03:42Z</time>
      </trkpt>
      <trkpt lat="44.175309" lon="7.651906">
        <ele>2304.0</ele>
        <time>2026-07-25T13:03:45Z</time>
      </trkpt>
      <trkpt lat="44.175296" lon="7.651814">
        <ele>2303.6</ele>
        <time>2026-07-25T13:03:52Z</time>
      </trkpt>
      <trkpt lat="44.175297" lon="7.651808">
        <ele>2303.4</ele>
        <time>2026-07-25T13:03:53Z</time>
      </trkpt>
      <trkpt lat="44.17529" lon="7.651762">
        <ele>2303.0</ele>
        <time>2026-07-25T13:03:56Z</time>
      </trkpt>
      <trkpt lat="44.175286" lon="7.651742">
        <ele>2302.8</ele>
        <time>2026-07-25T13:03:57Z</time>
      </trkpt>
      <trkpt lat="44.175283" lon="7.651727">
        <ele>2302.6</ele>
        <time>2026-07-25T13:03:58Z</time>
      </trkpt>
      <trkpt lat="44.175279" lon="7.651714">
        <ele>2302.4</ele>
        <time>2026-07-25T13:03:59Z</time>
      </trkpt>
      <trkpt lat="44.175251" lon="7.651662">
        <ele>2301.2</ele>
        <time>2026-07-25T13:04:04Z</time>
      </trkpt>
      <trkpt lat="44.175242" lon="7.651637">
        <ele>2301.2</ele>
        <time>2026-07-25T13:04:06Z</time>
      </trkpt>
      <trkpt lat="44.175222" lon="7.651566">
        <ele>2301.0</ele>
        <time>2026-07-25T13:04:14Z</time>
      </trkpt>
      <trkpt lat="44.175203" lon="7.651492">
        <ele>2300.0</ele>
        <time>2026-07-25T13:04:20Z</time>
      </trkpt>
      <trkpt lat="44.175197" lon="7.65145">
        <ele>2299.4</ele>
        <time>2026-07-25T13:04:23Z</time>
      </trkpt>
      <trkpt lat="44.175196" lon="7.651428">
        <ele>2299.0</ele>
        <time>2026-07-25T13:04:25Z</time>
      </trkpt>
      <trkpt lat="44.1752" lon="7.651413">
        <ele>2298.0</ele>
        <time>2026-07-25T13:04:29Z</time>
      </trkpt>
      <trkpt lat="44.175202" lon="7.651389">
        <ele>2298.2</ele>
        <time>2026-07-25T13:04:37Z</time>
      </trkpt>
      <trkpt lat="44.175181" lon="7.651329">
        <ele>2298.2</ele>
        <time>2026-07-25T13:04:44Z</time>
      </trkpt>
      <trkpt lat="44.175176" lon="7.651307">
        <ele>2297.8</ele>
        <time>2026-07-25T13:04:46Z</time>
      </trkpt>
      <trkpt lat="44.175174" lon="7.651249">
        <ele>2296.6</ele>
        <time>2026-07-25T13:04:51Z</time>
      </trkpt>
      <trkpt lat="44.175173" lon="7.651234">
        <ele>2296.6</ele>
        <time>2026-07-25T13:04:52Z</time>
      </trkpt>
      <trkpt lat="44.175145" lon="7.651162">
        <ele>2295.6</ele>
        <time>2026-07-25T13:04:58Z</time>
      </trkpt>
      <trkpt lat="44.175139" lon="7.65115">
        <ele>2295.6</ele>
        <time>2026-07-25T13:05:00Z</time>
      </trkpt>
      <trkpt lat="44.175136" lon="7.651108">
        <ele>2294.6</ele>
        <time>2026-07-25T13:05:04Z</time>
      </trkpt>
      <trkpt lat="44.175149" lon="7.651067">
        <ele>2293.4</ele>
        <time>2026-07-25T13:05:08Z</time>
      </trkpt>
      <trkpt lat="44.175114" lon="7.650969">
        <ele>2293.2</ele>
        <time>2026-07-25T13:05:16Z</time>
      </trkpt>
      <trkpt lat="44.175105" lon="7.650936">
        <ele>2292.2</ele>
        <time>2026-07-25T13:05:19Z</time>
      </trkpt>
      <trkpt lat="44.175085" lon="7.650886">
        <ele>2291.4</ele>
        <time>2026-07-25T13:05:23Z</time>
      </trkpt>
      <trkpt lat="44.175044" lon="7.650814">
        <ele>2291.2</ele>
        <time>2026-07-25T13:05:30Z</time>
      </trkpt>
      <trkpt lat="44.175036" lon="7.650783">
        <ele>2290.2</ele>
        <time>2026-07-25T13:05:33Z</time>
      </trkpt>
      <trkpt lat="44.175027" lon="7.650767">
        <ele>2290.0</ele>
        <time>2026-07-25T13:05:34Z</time>
      </trkpt>
      <trkpt lat="44.174983" lon="7.650689">
        <ele>2289.2</ele>
        <time>2026-07-25T13:05:42Z</time>
      </trkpt>
      <trkpt lat="44.17497" lon="7.650661">
        <ele>2288.8</ele>
        <time>2026-07-25T13:05:44Z</time>
      </trkpt>
      <trkpt lat="44.174954" lon="7.6506">
        <ele>2287.6</ele>
        <time>2026-07-25T13:05:48Z</time>
      </trkpt>
      <trkpt lat="44.174941" lon="7.65056">
        <ele>2287.4</ele>
        <time>2026-07-25T13:05:51Z</time>
      </trkpt>
      <trkpt lat="44.174918" lon="7.650509">
        <ele>2286.4</ele>
        <time>2026-07-25T13:05:58Z</time>
      </trkpt>
      <trkpt lat="44.174916" lon="7.6505">
        <ele>2286.2</ele>
        <time>2026-07-25T13:05:59Z</time>
      </trkpt>
      <trkpt lat="44.174914" lon="7.650463">
        <ele>2285.2</ele>
        <time>2026-07-25T13:06:03Z</time>
      </trkpt>
      <trkpt lat="44.174909" lon="7.650409">
        <ele>2284.4</ele>
        <time>2026-07-25T13:06:07Z</time>
      </trkpt>
      <trkpt lat="44.174911" lon="7.650379">
        <ele>2284.2</ele>
        <time>2026-07-25T13:06:09Z</time>
      </trkpt>
      <trkpt lat="44.174917" lon="7.650344">
        <ele>2283.8</ele>
        <time>2026-07-25T13:06:11Z</time>
      </trkpt>
      <trkpt lat="44.174928" lon="7.650316">
        <ele>2283.4</ele>
        <time>2026-07-25T13:06:13Z</time>
      </trkpt>
      <trkpt lat="44.174935" lon="7.650307">
        <ele>2283.2</ele>
        <time>2026-07-25T13:06:14Z</time>
      </trkpt>
      <trkpt lat="44.174982" lon="7.650246">
        <ele>2283.8</ele>
        <time>2026-07-25T13:06:21Z</time>
      </trkpt>
      <trkpt lat="44.17502" lon="7.650117">
        <ele>2282.4</ele>
        <time>2026-07-25T13:06:30Z</time>
      </trkpt>
      <trkpt lat="44.175076" lon="7.65005">
        <ele>2283.0</ele>
        <time>2026-07-25T13:06:38Z</time>
      </trkpt>
      <trkpt lat="44.175094" lon="7.650025">
        <ele>2282.8</ele>
        <time>2026-07-25T13:06:40Z</time>
      </trkpt>
      <trkpt lat="44.175117" lon="7.649931">
        <ele>2282.6</ele>
        <time>2026-07-25T13:06:47Z</time>
      </trkpt>
      <trkpt lat="44.175111" lon="7.649921">
        <ele>2282.4</ele>
        <time>2026-07-25T13:06:48Z</time>
      </trkpt>
      <trkpt lat="44.175099" lon="7.649901">
        <ele>2282.0</ele>
        <time>2026-07-25T13:06:50Z</time>
      </trkpt>
      <trkpt lat="44.175081" lon="7.649824">
        <ele>2281.0</ele>
        <time>2026-07-25T13:06:56Z</time>
      </trkpt>
      <trkpt lat="44.175076" lon="7.649812">
        <ele>2280.8</ele>
        <time>2026-07-25T13:06:57Z</time>
      </trkpt>
      <trkpt lat="44.175052" lon="7.649761">
        <ele>2279.6</ele>
        <time>2026-07-25T13:07:01Z</time>
      </trkpt>
      <trkpt lat="44.175041" lon="7.649727">
        <ele>2279.0</ele>
        <time>2026-07-25T13:07:04Z</time>
      </trkpt>
      <trkpt lat="44.175032" lon="7.649664">
        <ele>2278.4</ele>
        <time>2026-07-25T13:07:10Z</time>
      </trkpt>
      <trkpt lat="44.175028" lon="7.649654">
        <ele>2278.2</ele>
        <time>2026-07-25T13:07:11Z</time>
      </trkpt>
      <trkpt lat="44.175019" lon="7.649617">
        <ele>2277.4</ele>
        <time>2026-07-25T13:07:14Z</time>
      </trkpt>
      <trkpt lat="44.175005" lon="7.64957">
        <ele>2276.2</ele>
        <time>2026-07-25T13:07:18Z</time>
      </trkpt>
      <trkpt lat="44.175002" lon="7.649539">
        <ele>2275.6</ele>
        <time>2026-07-25T13:07:20Z</time>
      </trkpt>
      <trkpt lat="44.174994" lon="7.649444">
        <ele>2275.4</ele>
        <time>2026-07-25T13:07:27Z</time>
      </trkpt>
      <trkpt lat="44.174991" lon="7.64943">
        <ele>2275.2</ele>
        <time>2026-07-25T13:07:29Z</time>
      </trkpt>
      <trkpt lat="44.174985" lon="7.649394">
        <ele>2274.0</ele>
        <time>2026-07-25T13:07:32Z</time>
      </trkpt>
      <trkpt lat="44.174984" lon="7.649363">
        <ele>2273.6</ele>
        <time>2026-07-25T13:07:35Z</time>
      </trkpt>
      <trkpt lat="44.174977" lon="7.649327">
        <ele>2272.8</ele>
        <time>2026-07-25T13:07:38Z</time>
      </trkpt>
      <trkpt lat="44.174982" lon="7.64926">
        <ele>2272.8</ele>
        <time>2026-07-25T13:07:44Z</time>
      </trkpt>
      <trkpt lat="44.174999" lon="7.649191">
        <ele>2271.8</ele>
        <time>2026-07-25T13:07:52Z</time>
      </trkpt>
      <trkpt lat="44.175" lon="7.649178">
        <ele>2271.4</ele>
        <time>2026-07-25T13:07:53Z</time>
      </trkpt>
      <trkpt lat="44.175001" lon="7.649133">
        <ele>2270.6</ele>
        <time>2026-07-25T13:07:57Z</time>
      </trkpt>
      <trkpt lat="44.174997" lon="7.649104">
        <ele>2270.4</ele>
        <time>2026-07-25T13:08:03Z</time>
      </trkpt>
      <trkpt lat="44.175007" lon="7.64903">
        <ele>2269.6</ele>
        <time>2026-07-25T13:08:09Z</time>
      </trkpt>
      <trkpt lat="44.175004" lon="7.649006">
        <ele>2269.0</ele>
        <time>2026-07-25T13:08:11Z</time>
      </trkpt>
      <trkpt lat="44.174997" lon="7.648974">
        <ele>2268.6</ele>
        <time>2026-07-25T13:08:14Z</time>
      </trkpt>
      <trkpt lat="44.174985" lon="7.648878">
        <ele>2268.2</ele>
        <time>2026-07-25T13:08:21Z</time>
      </trkpt>
      <trkpt lat="44.174977" lon="7.648813">
        <ele>2267.4</ele>
        <time>2026-07-25T13:08:26Z</time>
      </trkpt>
      <trkpt lat="44.174965" lon="7.648742">
        <ele>2266.4</ele>
        <time>2026-07-25T13:08:31Z</time>
      </trkpt>
      <trkpt lat="44.174962" lon="7.648728">
        <ele>2266.2</ele>
        <time>2026-07-25T13:08:32Z</time>
      </trkpt>
      <trkpt lat="44.174943" lon="7.648653">
        <ele>2265.2</ele>
        <time>2026-07-25T13:08:38Z</time>
      </trkpt>
      <trkpt lat="44.174923" lon="7.648577">
        <ele>2264.2</ele>
        <time>2026-07-25T13:08:47Z</time>
      </trkpt>
      <trkpt lat="44.174923" lon="7.648566">
        <ele>2264.0</ele>
        <time>2026-07-25T13:08:48Z</time>
      </trkpt>
      <trkpt lat="44.174905" lon="7.648532">
        <ele>2263.4</ele>
        <time>2026-07-25T13:08:52Z</time>
      </trkpt>
      <trkpt lat="44.174886" lon="7.64852">
        <ele>2263.0</ele>
        <time>2026-07-25T13:08:54Z</time>
      </trkpt>
      <trkpt lat="44.174876" lon="7.648508">
        <ele>2262.8</ele>
        <time>2026-07-25T13:08:55Z</time>
      </trkpt>
      <trkpt lat="44.174848" lon="7.648469">
        <ele>2261.8</ele>
        <time>2026-07-25T13:08:59Z</time>
      </trkpt>
      <trkpt lat="44.17482" lon="7.648391">
        <ele>2261.0</ele>
        <time>2026-07-25T13:09:05Z</time>
      </trkpt>
      <trkpt lat="44.174815" lon="7.648379">
        <ele>2260.8</ele>
        <time>2026-07-25T13:09:06Z</time>
      </trkpt>
      <trkpt lat="44.17478" lon="7.648313">
        <ele>2260.2</ele>
        <time>2026-07-25T13:09:11Z</time>
      </trkpt>
      <trkpt lat="44.174753" lon="7.648264">
        <ele>2259.6</ele>
        <time>2026-07-25T13:09:16Z</time>
      </trkpt>
      <trkpt lat="44.174738" lon="7.648241">
        <ele>2259.2</ele>
        <time>2026-07-25T13:09:18Z</time>
      </trkpt>
      <trkpt lat="44.174676" lon="7.648179">
        <ele>2259.2</ele>
        <time>2026-07-25T13:09:27Z</time>
      </trkpt>
      <trkpt lat="44.174628" lon="7.648114">
        <ele>2258.4</ele>
        <time>2026-07-25T13:09:34Z</time>
      </trkpt>
      <trkpt lat="44.17461" lon="7.648077">
        <ele>2258.0</ele>
        <time>2026-07-25T13:09:36Z</time>
      </trkpt>
      <trkpt lat="44.174573" lon="7.647982">
        <ele>2257.2</ele>
        <time>2026-07-25T13:09:42Z</time>
      </trkpt>
      <trkpt lat="44.174567" lon="7.647949">
        <ele>2256.4</ele>
        <time>2026-07-25T13:09:45Z</time>
      </trkpt>
      <trkpt lat="44.174564" lon="7.647938">
        <ele>2256.2</ele>
        <time>2026-07-25T13:09:46Z</time>
      </trkpt>
      <trkpt lat="44.174537" lon="7.647888">
        <ele>2255.0</ele>
        <time>2026-07-25T13:09:50Z</time>
      </trkpt>
      <trkpt lat="44.174494" lon="7.647836">
        <ele>2254.8</ele>
        <time>2026-07-25T13:09:54Z</time>
      </trkpt>
      <trkpt lat="44.174435" lon="7.647749">
        <ele>2254.6</ele>
        <time>2026-07-25T13:10:02Z</time>
      </trkpt>
      <trkpt lat="44.174414" lon="7.647668">
        <ele>2254.0</ele>
        <time>2026-07-25T13:10:07Z</time>
      </trkpt>
      <trkpt lat="44.174411" lon="7.64762">
        <ele>2254.0</ele>
        <time>2026-07-25T13:10:12Z</time>
      </trkpt>
      <trkpt lat="44.17441" lon="7.647575">
        <ele>2252.8</ele>
        <time>2026-07-25T13:10:15Z</time>
      </trkpt>
      <trkpt lat="44.174401" lon="7.647506">
        <ele>2251.8</ele>
        <time>2026-07-25T13:10:19Z</time>
      </trkpt>
      <trkpt lat="44.174398" lon="7.64749">
        <ele>2251.6</ele>
        <time>2026-07-25T13:10:20Z</time>
      </trkpt>
      <trkpt lat="44.174332" lon="7.647356">
        <ele>2252.0</ele>
        <time>2026-07-25T13:10:29Z</time>
      </trkpt>
      <trkpt lat="44.174273" lon="7.647244">
        <ele>2251.0</ele>
        <time>2026-07-25T13:10:37Z</time>
      </trkpt>
      <trkpt lat="44.174189" lon="7.647173">
        <ele>2251.6</ele>
        <time>2026-07-25T13:10:46Z</time>
      </trkpt>
      <trkpt lat="44.174123" lon="7.647129">
        <ele>2250.6</ele>
        <time>2026-07-25T13:10:54Z</time>
      </trkpt>
      <trkpt lat="44.174114" lon="7.647122">
        <ele>2250.6</ele>
        <time>2026-07-25T13:10:55Z</time>
      </trkpt>
      <trkpt lat="44.174076" lon="7.647043">
        <ele>2249.8</ele>
        <time>2026-07-25T13:11:00Z</time>
      </trkpt>
      <trkpt lat="44.174071" lon="7.647031">
        <ele>2249.4</ele>
        <time>2026-07-25T13:11:01Z</time>
      </trkpt>
      <trkpt lat="44.174081" lon="7.646946">
        <ele>2248.4</ele>
        <time>2026-07-25T13:11:08Z</time>
      </trkpt>
      <trkpt lat="44.174086" lon="7.64692">
        <ele>2248.0</ele>
        <time>2026-07-25T13:11:10Z</time>
      </trkpt>
      <trkpt lat="44.174097" lon="7.646837">
        <ele>2247.2</ele>
        <time>2026-07-25T13:11:16Z</time>
      </trkpt>
      <trkpt lat="44.174098" lon="7.646825">
        <ele>2247.2</ele>
        <time>2026-07-25T13:11:17Z</time>
      </trkpt>
      <trkpt lat="44.174113" lon="7.646718">
        <ele>2246.4</ele>
        <time>2026-07-25T13:11:26Z</time>
      </trkpt>
      <trkpt lat="44.174119" lon="7.646705">
        <ele>2246.2</ele>
        <time>2026-07-25T13:11:27Z</time>
      </trkpt>
      <trkpt lat="44.174138" lon="7.646692">
        <ele>2245.4</ele>
        <time>2026-07-25T13:11:32Z</time>
      </trkpt>
      <trkpt lat="44.174137" lon="7.646651">
        <ele>2245.0</ele>
        <time>2026-07-25T13:11:35Z</time>
      </trkpt>
      <trkpt lat="44.174137" lon="7.646619">
        <ele>2244.2</ele>
        <time>2026-07-25T13:11:37Z</time>
      </trkpt>
      <trkpt lat="44.174137" lon="7.646595">
        <ele>2243.8</ele>
        <time>2026-07-25T13:11:39Z</time>
      </trkpt>
      <trkpt lat="44.174135" lon="7.64653">
        <ele>2244.0</ele>
        <time>2026-07-25T13:11:43Z</time>
      </trkpt>
      <trkpt lat="44.174113" lon="7.646414">
        <ele>2242.6</ele>
        <time>2026-07-25T13:11:51Z</time>
      </trkpt>
      <trkpt lat="44.174116" lon="7.646385">
        <ele>2241.4</ele>
        <time>2026-07-25T13:11:54Z</time>
      </trkpt>
      <trkpt lat="44.174115" lon="7.646283">
        <ele>2240.6</ele>
        <time>2026-07-25T13:12:00Z</time>
      </trkpt>
      <trkpt lat="44.174112" lon="7.646261">
        <ele>2240.4</ele>
        <time>2026-07-25T13:12:01Z</time>
      </trkpt>
      <trkpt lat="44.17411" lon="7.646243">
        <ele>2240.0</ele>
        <time>2026-07-25T13:12:02Z</time>
      </trkpt>
      <trkpt lat="44.174112" lon="7.646091">
        <ele>2240.8</ele>
        <time>2026-07-25T13:12:12Z</time>
      </trkpt>
      <trkpt lat="44.174142" lon="7.645985">
        <ele>2239.2</ele>
        <time>2026-07-25T13:12:22Z</time>
      </trkpt>
      <trkpt lat="44.174148" lon="7.645952">
        <ele>2239.0</ele>
        <time>2026-07-25T13:12:24Z</time>
      </trkpt>
      <trkpt lat="44.174199" lon="7.645813">
        <ele>2238.8</ele>
        <time>2026-07-25T13:12:32Z</time>
      </trkpt>
      <trkpt lat="44.174206" lon="7.645727">
        <ele>2239.4</ele>
        <time>2026-07-25T13:12:39Z</time>
      </trkpt>
      <trkpt lat="44.174235" lon="7.645635">
        <ele>2237.6</ele>
        <time>2026-07-25T13:12:44Z</time>
      </trkpt>
      <trkpt lat="44.174248" lon="7.645591">
        <ele>2237.4</ele>
        <time>2026-07-25T13:12:47Z</time>
      </trkpt>
      <trkpt lat="44.174263" lon="7.645513">
        <ele>2236.8</ele>
        <time>2026-07-25T13:12:55Z</time>
      </trkpt>
      <trkpt lat="44.174257" lon="7.64539">
        <ele>2237.4</ele>
        <time>2026-07-25T13:13:01Z</time>
      </trkpt>
      <trkpt lat="44.174243" lon="7.645302">
        <ele>2236.6</ele>
        <time>2026-07-25T13:13:08Z</time>
      </trkpt>
      <trkpt lat="44.174242" lon="7.645289">
        <ele>2236.2</ele>
        <time>2026-07-25T13:13:09Z</time>
      </trkpt>
      <trkpt lat="44.174243" lon="7.645247">
        <ele>2235.6</ele>
        <time>2026-07-25T13:13:12Z</time>
      </trkpt>
      <trkpt lat="44.17428" lon="7.64518">
        <ele>2234.6</ele>
        <time>2026-07-25T13:13:18Z</time>
      </trkpt>
      <trkpt lat="44.174302" lon="7.645168">
        <ele>2233.6</ele>
        <time>2026-07-25T13:13:20Z</time>
      </trkpt>
      <trkpt lat="44.174329" lon="7.64516">
        <ele>2232.2</ele>
        <time>2026-07-25T13:13:22Z</time>
      </trkpt>
      <trkpt lat="44.174364" lon="7.645137">
        <ele>2231.6</ele>
        <time>2026-07-25T13:13:26Z</time>
      </trkpt>
      <trkpt lat="44.174404" lon="7.645086">
        <ele>2233.4</ele>
        <time>2026-07-25T13:13:31Z</time>
      </trkpt>
      <trkpt lat="44.174414" lon="7.645059">
        <ele>2234.4</ele>
        <time>2026-07-25T13:13:33Z</time>
      </trkpt>
      <trkpt lat="44.174429" lon="7.645026">
        <ele>2235.0</ele>
        <time>2026-07-25T13:13:35Z</time>
      </trkpt>
      <trkpt lat="44.174447" lon="7.644933">
        <ele>2235.6</ele>
        <time>2026-07-25T13:13:41Z</time>
      </trkpt>
      <trkpt lat="44.174448" lon="7.644919">
        <ele>2235.6</ele>
        <time>2026-07-25T13:13:42Z</time>
      </trkpt>
      <trkpt lat="44.174474" lon="7.644881">
        <ele>2235.2</ele>
        <time>2026-07-25T13:13:46Z</time>
      </trkpt>
      <trkpt lat="44.174501" lon="7.644867">
        <ele>2235.8</ele>
        <time>2026-07-25T13:13:49Z</time>
      </trkpt>
      <trkpt lat="44.17457" lon="7.644825">
        <ele>2236.2</ele>
        <time>2026-07-25T13:13:55Z</time>
      </trkpt>
      <trkpt lat="44.174584" lon="7.644792">
        <ele>2236.0</ele>
        <time>2026-07-25T13:13:57Z</time>
      </trkpt>
      <trkpt lat="44.174589" lon="7.644745">
        <ele>2236.6</ele>
        <time>2026-07-25T13:14:00Z</time>
      </trkpt>
      <trkpt lat="44.174581" lon="7.644703">
        <ele>2237.2</ele>
        <time>2026-07-25T13:14:04Z</time>
      </trkpt>
      <trkpt lat="44.174576" lon="7.644678">
        <ele>2237.6</ele>
        <time>2026-07-25T13:14:06Z</time>
      </trkpt>
      <trkpt lat="44.174564" lon="7.644632">
        <ele>2238.6</ele>
        <time>2026-07-25T13:14:10Z</time>
      </trkpt>
      <trkpt lat="44.17456" lon="7.64461">
        <ele>2239.2</ele>
        <time>2026-07-25T13:14:13Z</time>
      </trkpt>
      <trkpt lat="44.174563" lon="7.644564">
        <ele>2239.6</ele>
        <time>2026-07-25T13:14:17Z</time>
      </trkpt>
      <trkpt lat="44.174604" lon="7.644507">
        <ele>2239.4</ele>
        <time>2026-07-25T13:14:23Z</time>
      </trkpt>
      <trkpt lat="44.174639" lon="7.644373">
        <ele>2238.6</ele>
        <time>2026-07-25T13:14:31Z</time>
      </trkpt>
      <trkpt lat="44.174629" lon="7.644339">
        <ele>2237.8</ele>
        <time>2026-07-25T13:14:33Z</time>
      </trkpt>
      <trkpt lat="44.174625" lon="7.644302">
        <ele>2237.2</ele>
        <time>2026-07-25T13:14:35Z</time>
      </trkpt>
      <trkpt lat="44.174614" lon="7.644236">
        <ele>2237.6</ele>
        <time>2026-07-25T13:14:41Z</time>
      </trkpt>
      <trkpt lat="44.174599" lon="7.644085">
        <ele>2237.2</ele>
        <time>2026-07-25T13:14:50Z</time>
      </trkpt>
      <trkpt lat="44.174633" lon="7.643991">
        <ele>2237.4</ele>
        <time>2026-07-25T13:14:58Z</time>
      </trkpt>
      <trkpt lat="44.17469" lon="7.64394">
        <ele>2236.8</ele>
        <time>2026-07-25T13:15:06Z</time>
      </trkpt>
      <trkpt lat="44.174694" lon="7.643891">
        <ele>2236.0</ele>
        <time>2026-07-25T13:15:10Z</time>
      </trkpt>
      <trkpt lat="44.174691" lon="7.643848">
        <ele>2235.4</ele>
        <time>2026-07-25T13:15:13Z</time>
      </trkpt>
      <trkpt lat="44.174679" lon="7.64378">
        <ele>2236.4</ele>
        <time>2026-07-25T13:15:22Z</time>
      </trkpt>
      <trkpt lat="44.174678" lon="7.643765">
        <ele>2236.2</ele>
        <time>2026-07-25T13:15:23Z</time>
      </trkpt>
      <trkpt lat="44.17468" lon="7.643722">
        <ele>2234.8</ele>
        <time>2026-07-25T13:15:27Z</time>
      </trkpt>
      <trkpt lat="44.17468" lon="7.643694">
        <ele>2233.8</ele>
        <time>2026-07-25T13:15:29Z</time>
      </trkpt>
      <trkpt lat="44.174682" lon="7.643669">
        <ele>2232.8</ele>
        <time>2026-07-25T13:15:31Z</time>
      </trkpt>
      <trkpt lat="44.174681" lon="7.643655">
        <ele>2232.2</ele>
        <time>2026-07-25T13:15:32Z</time>
      </trkpt>
      <trkpt lat="44.174676" lon="7.643619">
        <ele>2231.2</ele>
        <time>2026-07-25T13:15:35Z</time>
      </trkpt>
      <trkpt lat="44.17468" lon="7.643588">
        <ele>2230.8</ele>
        <time>2026-07-25T13:15:39Z</time>
      </trkpt>
      <trkpt lat="44.174676" lon="7.643504">
        <ele>2230.2</ele>
        <time>2026-07-25T13:15:45Z</time>
      </trkpt>
      <trkpt lat="44.174677" lon="7.643468">
        <ele>2229.4</ele>
        <time>2026-07-25T13:15:48Z</time>
      </trkpt>
      <trkpt lat="44.174689" lon="7.64339">
        <ele>2229.2</ele>
        <time>2026-07-25T13:15:55Z</time>
      </trkpt>
      <trkpt lat="44.174692" lon="7.643377">
        <ele>2228.8</ele>
        <time>2026-07-25T13:15:56Z</time>
      </trkpt>
      <trkpt lat="44.174697" lon="7.643351">
        <ele>2228.0</ele>
        <time>2026-07-25T13:15:58Z</time>
      </trkpt>
      <trkpt lat="44.17471" lon="7.643325">
        <ele>2227.0</ele>
        <time>2026-07-25T13:16:01Z</time>
      </trkpt>
      <trkpt lat="44.174718" lon="7.643292">
        <ele>2226.6</ele>
        <time>2026-07-25T13:16:04Z</time>
      </trkpt>
      <trkpt lat="44.174728" lon="7.643254">
        <ele>2225.8</ele>
        <time>2026-07-25T13:16:10Z</time>
      </trkpt>
      <trkpt lat="44.174735" lon="7.643245">
        <ele>2225.8</ele>
        <time>2026-07-25T13:16:12Z</time>
      </trkpt>
      <trkpt lat="44.174744" lon="7.643192">
        <ele>2224.4</ele>
        <time>2026-07-25T13:16:17Z</time>
      </trkpt>
      <trkpt lat="44.17475" lon="7.643171">
        <ele>2223.6</ele>
        <time>2026-07-25T13:16:19Z</time>
      </trkpt>
      <trkpt lat="44.174757" lon="7.643163">
        <ele>2223.2</ele>
        <time>2026-07-25T13:16:20Z</time>
      </trkpt>
      <trkpt lat="44.174773" lon="7.643121">
        <ele>2221.8</ele>
        <time>2026-07-25T13:16:24Z</time>
      </trkpt>
      <trkpt lat="44.174781" lon="7.643106">
        <ele>2221.6</ele>
        <time>2026-07-25T13:16:25Z</time>
      </trkpt>
      <trkpt lat="44.174823" lon="7.643051">
        <ele>2221.8</ele>
        <time>2026-07-25T13:16:33Z</time>
      </trkpt>
      <trkpt lat="44.17484" lon="7.643035">
        <ele>2220.8</ele>
        <time>2026-07-25T13:16:36Z</time>
      </trkpt>
      <trkpt lat="44.174869" lon="7.643003">
        <ele>2219.6</ele>
        <time>2026-07-25T13:16:40Z</time>
      </trkpt>
      <trkpt lat="44.174877" lon="7.642981">
        <ele>2219.2</ele>
        <time>2026-07-25T13:16:42Z</time>
      </trkpt>
      <trkpt lat="44.174882" lon="7.64293">
        <ele>2218.6</ele>
        <time>2026-07-25T13:16:45Z</time>
      </trkpt>
      <trkpt lat="44.174885" lon="7.642913">
        <ele>2218.4</ele>
        <time>2026-07-25T13:16:46Z</time>
      </trkpt>
      <trkpt lat="44.174885" lon="7.642852">
        <ele>2217.4</ele>
        <time>2026-07-25T13:16:50Z</time>
      </trkpt>
      <trkpt lat="44.174886" lon="7.642839">
        <ele>2217.2</ele>
        <time>2026-07-25T13:16:51Z</time>
      </trkpt>
      <trkpt lat="44.174883" lon="7.642781">
        <ele>2216.0</ele>
        <time>2026-07-25T13:16:55Z</time>
      </trkpt>
      <trkpt lat="44.174888" lon="7.642716">
        <ele>2214.8</ele>
        <time>2026-07-25T13:16:59Z</time>
      </trkpt>
      <trkpt lat="44.174927" lon="7.642648">
        <ele>2214.2</ele>
        <time>2026-07-25T13:17:07Z</time>
      </trkpt>
      <trkpt lat="44.174941" lon="7.642638">
        <ele>2213.6</ele>
        <time>2026-07-25T13:17:09Z</time>
      </trkpt>
      <trkpt lat="44.174973" lon="7.642611">
        <ele>2212.6</ele>
        <time>2026-07-25T13:17:12Z</time>
      </trkpt>
      <trkpt lat="44.175018" lon="7.642573">
        <ele>2211.6</ele>
        <time>2026-07-25T13:17:16Z</time>
      </trkpt>
      <trkpt lat="44.17504" lon="7.642555">
        <ele>2211.4</ele>
        <time>2026-07-25T13:17:18Z</time>
      </trkpt>
      <trkpt lat="44.175104" lon="7.642522">
        <ele>2212.0</ele>
        <time>2026-07-25T13:17:24Z</time>
      </trkpt>
      <trkpt lat="44.175151" lon="7.642484">
        <ele>2212.4</ele>
        <time>2026-07-25T13:17:30Z</time>
      </trkpt>
      <trkpt lat="44.175175" lon="7.642475">
        <ele>2213.2</ele>
        <time>2026-07-25T13:17:33Z</time>
      </trkpt>
      <trkpt lat="44.175182" lon="7.642474">
        <ele>2213.8</ele>
        <time>2026-07-25T13:17:34Z</time>
      </trkpt>
      <trkpt lat="44.175269" lon="7.642485">
        <ele>2213.8</ele>
        <time>2026-07-25T13:17:41Z</time>
      </trkpt>
      <trkpt lat="44.175321" lon="7.642497">
        <ele>2214.0</ele>
        <time>2026-07-25T13:17:45Z</time>
      </trkpt>
      <trkpt lat="44.175365" lon="7.64249">
        <ele>2214.8</ele>
        <time>2026-07-25T13:17:50Z</time>
      </trkpt>
      <trkpt lat="44.175366" lon="7.642488">
        <ele>2215.0</ele>
        <time>2026-07-25T13:17:51Z</time>
      </trkpt>
      <trkpt lat="44.175385" lon="7.642447">
        <ele>2213.6</ele>
        <time>2026-07-25T13:17:55Z</time>
      </trkpt>
      <trkpt lat="44.175376" lon="7.642407">
        <ele>2213.4</ele>
        <time>2026-07-25T13:17:57Z</time>
      </trkpt>
      <trkpt lat="44.175348" lon="7.64229">
        <ele>2213.0</ele>
        <time>2026-07-25T13:18:05Z</time>
      </trkpt>
      <trkpt lat="44.17536" lon="7.642244">
        <ele>2214.8</ele>
        <time>2026-07-25T13:18:08Z</time>
      </trkpt>
      <trkpt lat="44.175372" lon="7.642219">
        <ele>2215.2</ele>
        <time>2026-07-25T13:18:12Z</time>
      </trkpt>
      <trkpt lat="44.17537" lon="7.642231">
        <ele>2215.4</ele>
        <time>2026-07-25T13:18:14Z</time>
      </trkpt>
      <trkpt lat="44.17537" lon="7.642243">
        <ele>2215.0</ele>
        <time>2026-07-25T13:18:16Z</time>
      </trkpt>
      <trkpt lat="44.175383" lon="7.642236">
        <ele>2214.4</ele>
        <time>2026-07-25T13:18:18Z</time>
      </trkpt>
      <trkpt lat="44.175402" lon="7.642222">
        <ele>2214.2</ele>
        <time>2026-07-25T13:18:20Z</time>
      </trkpt>
      <trkpt lat="44.175447" lon="7.642182">
        <ele>2215.0</ele>
        <time>2026-07-25T13:18:24Z</time>
      </trkpt>
      <trkpt lat="44.175465" lon="7.642169">
        <ele>2215.2</ele>
        <time>2026-07-25T13:18:28Z</time>
      </trkpt>
      <trkpt lat="44.175465" lon="7.642165">
        <ele>2215.6</ele>
        <time>2026-07-25T13:18:36Z</time>
      </trkpt>
      <trkpt lat="44.17547" lon="7.642161">
        <ele>2215.8</ele>
        <time>2026-07-25T13:18:37Z</time>
      </trkpt>
      <trkpt lat="44.175477" lon="7.642157">
        <ele>2215.8</ele>
        <time>2026-07-25T13:18:38Z</time>
      </trkpt>
      <trkpt lat="44.175498" lon="7.642152">
        <ele>2215.8</ele>
        <time>2026-07-25T13:18:40Z</time>
      </trkpt>
      <trkpt lat="44.175511" lon="7.642153">
        <ele>2215.8</ele>
        <time>2026-07-25T13:18:41Z</time>
      </trkpt>
      <trkpt lat="44.17558" lon="7.642136">
        <ele>2215.8</ele>
        <time>2026-07-25T13:18:47Z</time>
      </trkpt>
      <trkpt lat="44.175628" lon="7.642041">
        <ele>2215.4</ele>
        <time>2026-07-25T13:18:54Z</time>
      </trkpt>
      <trkpt lat="44.175653" lon="7.641889">
        <ele>2215.2</ele>
        <time>2026-07-25T13:19:03Z</time>
      </trkpt>
      <trkpt lat="44.175641" lon="7.641706">
        <ele>2216.6</ele>
        <time>2026-07-25T13:19:13Z</time>
      </trkpt>
      <trkpt lat="44.175682" lon="7.641632">
        <ele>2216.6</ele>
        <time>2026-07-25T13:19:20Z</time>
      </trkpt>
      <trkpt lat="44.175704" lon="7.641634">
        <ele>2216.8</ele>
        <time>2026-07-25T13:19:22Z</time>
      </trkpt>
      <trkpt lat="44.175757" lon="7.641584">
        <ele>2216.4</ele>
        <time>2026-07-25T13:19:27Z</time>
      </trkpt>
      <trkpt lat="44.175779" lon="7.641476">
        <ele>2215.8</ele>
        <time>2026-07-25T13:19:34Z</time>
      </trkpt>
      <trkpt lat="44.175795" lon="7.641445">
        <ele>2216.4</ele>
        <time>2026-07-25T13:19:42Z</time>
      </trkpt>
      <trkpt lat="44.175855" lon="7.641333">
        <ele>2216.2</ele>
        <time>2026-07-25T13:19:50Z</time>
      </trkpt>
      <trkpt lat="44.175867" lon="7.641288">
        <ele>2215.8</ele>
        <time>2026-07-25T13:19:53Z</time>
      </trkpt>
      <trkpt lat="44.175888" lon="7.641202">
        <ele>2215.6</ele>
        <time>2026-07-25T13:19:58Z</time>
      </trkpt>
      <trkpt lat="44.175891" lon="7.641178">
        <ele>2214.6</ele>
        <time>2026-07-25T13:20:00Z</time>
      </trkpt>
      <trkpt lat="44.175918" lon="7.641103">
        <ele>2215.2</ele>
        <time>2026-07-25T13:20:06Z</time>
      </trkpt>
      <trkpt lat="44.175925" lon="7.641089">
        <ele>2215.6</ele>
        <time>2026-07-25T13:20:07Z</time>
      </trkpt>
      <trkpt lat="44.175963" lon="7.640979">
        <ele>2215.8</ele>
        <time>2026-07-25T13:20:14Z</time>
      </trkpt>
      <trkpt lat="44.175953" lon="7.640894">
        <ele>2216.0</ele>
        <time>2026-07-25T13:20:18Z</time>
      </trkpt>
      <trkpt lat="44.175943" lon="7.64085">
        <ele>2215.8</ele>
        <time>2026-07-25T13:20:20Z</time>
      </trkpt>
      <trkpt lat="44.175936" lon="7.640827">
        <ele>2215.8</ele>
        <time>2026-07-25T13:20:21Z</time>
      </trkpt>
      <trkpt lat="44.175907" lon="7.640761">
        <ele>2215.2</ele>
        <time>2026-07-25T13:20:25Z</time>
      </trkpt>
      <trkpt lat="44.175871" lon="7.6407">
        <ele>2215.2</ele>
        <time>2026-07-25T13:20:30Z</time>
      </trkpt>
      <trkpt lat="44.175842" lon="7.640628">
        <ele>2216.2</ele>
        <time>2026-07-25T13:20:36Z</time>
      </trkpt>
      <trkpt lat="44.175803" lon="7.640531">
        <ele>2217.2</ele>
        <time>2026-07-25T13:20:44Z</time>
      </trkpt>
      <trkpt lat="44.175789" lon="7.640502">
        <ele>2218.0</ele>
        <time>2026-07-25T13:20:49Z</time>
      </trkpt>
      <trkpt lat="44.175797" lon="7.640426">
        <ele>2216.6</ele>
        <time>2026-07-25T13:20:57Z</time>
      </trkpt>
      <trkpt lat="44.175808" lon="7.640357">
        <ele>2216.4</ele>
        <time>2026-07-25T13:21:03Z</time>
      </trkpt>
      <trkpt lat="44.175807" lon="7.640242">
        <ele>2216.2</ele>
        <time>2026-07-25T13:21:11Z</time>
      </trkpt>
      <trkpt lat="44.175806" lon="7.640224">
        <ele>2215.8</ele>
        <time>2026-07-25T13:21:12Z</time>
      </trkpt>
      <trkpt lat="44.175814" lon="7.640111">
        <ele>2217.0</ele>
        <time>2026-07-25T13:21:20Z</time>
      </trkpt>
      <trkpt lat="44.175814" lon="7.640091">
        <ele>2217.4</ele>
        <time>2026-07-25T13:21:21Z</time>
      </trkpt>
      <trkpt lat="44.175775" lon="7.639961">
        <ele>2216.4</ele>
        <time>2026-07-25T13:21:29Z</time>
      </trkpt>
      <trkpt lat="44.175761" lon="7.639932">
        <ele>2215.6</ele>
        <time>2026-07-25T13:21:31Z</time>
      </trkpt>
      <trkpt lat="44.175747" lon="7.639904">
        <ele>2214.6</ele>
        <time>2026-07-25T13:21:33Z</time>
      </trkpt>
      <trkpt lat="44.175731" lon="7.639796">
        <ele>2214.8</ele>
        <time>2026-07-25T13:21:39Z</time>
      </trkpt>
      <trkpt lat="44.175733" lon="7.639777">
        <ele>2215.0</ele>
        <time>2026-07-25T13:21:40Z</time>
      </trkpt>
      <trkpt lat="44.17574" lon="7.639722">
        <ele>2216.2</ele>
        <time>2026-07-25T13:21:43Z</time>
      </trkpt>
      <trkpt lat="44.175748" lon="7.639674">
        <ele>2217.6</ele>
        <time>2026-07-25T13:21:46Z</time>
      </trkpt>
      <trkpt lat="44.175787" lon="7.639627">
        <ele>2218.6</ele>
        <time>2026-07-25T13:21:51Z</time>
      </trkpt>
      <trkpt lat="44.175798" lon="7.639623">
        <ele>2218.8</ele>
        <time>2026-07-25T13:21:52Z</time>
      </trkpt>
      <trkpt lat="44.175878" lon="7.639623">
        <ele>2217.8</ele>
        <time>2026-07-25T13:21:59Z</time>
      </trkpt>
      <trkpt lat="44.17589" lon="7.63962">
        <ele>2217.6</ele>
        <time>2026-07-25T13:22:00Z</time>
      </trkpt>
      <trkpt lat="44.175988" lon="7.639587">
        <ele>2216.8</ele>
        <time>2026-07-25T13:22:08Z</time>
      </trkpt>
      <trkpt lat="44.176006" lon="7.639572">
        <ele>2216.6</ele>
        <time>2026-07-25T13:22:10Z</time>
      </trkpt>
      <trkpt lat="44.176045" lon="7.639513">
        <ele>2216.8</ele>
        <time>2026-07-25T13:22:16Z</time>
      </trkpt>
      <trkpt lat="44.176081" lon="7.639438">
        <ele>2217.6</ele>
        <time>2026-07-25T13:22:21Z</time>
      </trkpt>
      <trkpt lat="44.176107" lon="7.639402">
        <ele>2217.6</ele>
        <time>2026-07-25T13:22:24Z</time>
      </trkpt>
      <trkpt lat="44.176191" lon="7.639336">
        <ele>2218.0</ele>
        <time>2026-07-25T13:22:32Z</time>
      </trkpt>
      <trkpt lat="44.176202" lon="7.639329">
        <ele>2218.0</ele>
        <time>2026-07-25T13:22:33Z</time>
      </trkpt>
      <trkpt lat="44.176283" lon="7.639246">
        <ele>2218.0</ele>
        <time>2026-07-25T13:22:41Z</time>
      </trkpt>
      <trkpt lat="44.176346" lon="7.639137">
        <ele>2218.0</ele>
        <time>2026-07-25T13:22:48Z</time>
      </trkpt>
      <trkpt lat="44.176418" lon="7.639077">
        <ele>2218.8</ele>
        <time>2026-07-25T13:22:55Z</time>
      </trkpt>
      <trkpt lat="44.176537" lon="7.639054">
        <ele>2218.0</ele>
        <time>2026-07-25T13:23:05Z</time>
      </trkpt>
      <trkpt lat="44.176597" lon="7.638974">
        <ele>2217.8</ele>
        <time>2026-07-25T13:23:13Z</time>
      </trkpt>
      <trkpt lat="44.176598" lon="7.638975">
        <ele>2218.2</ele>
        <time>2026-07-25T13:23:20Z</time>
      </trkpt>
      <trkpt lat="44.176601" lon="7.638994">
        <ele>2218.6</ele>
        <time>2026-07-25T13:23:23Z</time>
      </trkpt>
      <trkpt lat="44.176627" lon="7.639012">
        <ele>2219.8</ele>
        <time>2026-07-25T13:23:27Z</time>
      </trkpt>
      <trkpt lat="44.176632" lon="7.63901">
        <ele>2219.8</ele>
        <time>2026-07-25T13:23:30Z</time>
      </trkpt>
      <trkpt lat="44.176587" lon="7.63897">
        <ele>2219.4</ele>
        <time>2026-07-25T13:23:37Z</time>
      </trkpt>
      <trkpt lat="44.176565" lon="7.638964">
        <ele>2219.0</ele>
        <time>2026-07-25T13:23:45Z</time>
      </trkpt>
      <trkpt lat="44.176563" lon="7.63897">
        <ele>2218.8</ele>
        <time>2026-07-25T13:23:47Z</time>
      </trkpt>
      <trkpt lat="44.176584" lon="7.638977">
        <ele>2219.2</ele>
        <time>2026-07-25T13:23:50Z</time>
      </trkpt>
      <trkpt lat="44.176597" lon="7.638989">
        <ele>2219.6</ele>
        <time>2026-07-25T13:23:54Z</time>
      </trkpt>
      <trkpt lat="44.176634" lon="7.639016">
        <ele>2219.4</ele>
        <time>2026-07-25T13:24:02Z</time>
      </trkpt>
      <trkpt lat="44.176633" lon="7.639016">
        <ele>2219.4</ele>
        <time>2026-07-25T13:24:03Z</time>
      </trkpt>
      <trkpt lat="44.176636" lon="7.638993">
        <ele>2218.8</ele>
        <time>2026-07-25T13:24:10Z</time>
      </trkpt>
      <trkpt lat="44.176626" lon="7.638999">
        <ele>2218.6</ele>
        <time>2026-07-25T13:24:12Z</time>
      </trkpt>
      <trkpt lat="44.176575" lon="7.639026">
        <ele>2218.0</ele>
        <time>2026-07-25T13:24:21Z</time>
      </trkpt>
      <trkpt lat="44.176557" lon="7.639021">
        <ele>2217.6</ele>
        <time>2026-07-25T13:24:24Z</time>
      </trkpt>
      <trkpt lat="44.176543" lon="7.639013">
        <ele>2217.6</ele>
        <time>2026-07-25T13:24:31Z</time>
      </trkpt>
      <trkpt lat="44.176604" lon="7.639004">
        <ele>2217.6</ele>
        <time>2026-07-25T13:24:38Z</time>
      </trkpt>
      <trkpt lat="44.176626" lon="7.639035">
        <ele>2217.6</ele>
        <time>2026-07-25T13:24:45Z</time>
      </trkpt>
      <trkpt lat="44.176641" lon="7.639077">
        <ele>2218.8</ele>
        <time>2026-07-25T13:24:48Z</time>
      </trkpt>
      <trkpt lat="44.176648" lon="7.639126">
        <ele>2219.0</ele>
        <time>2026-07-25T13:24:53Z</time>
      </trkpt>
      <trkpt lat="44.176694" lon="7.639224">
        <ele>2219.2</ele>
        <time>2026-07-25T13:25:02Z</time>
      </trkpt>
      <trkpt lat="44.176716" lon="7.639238">
        <ele>2220.0</ele>
        <time>2026-07-25T13:25:05Z</time>
      </trkpt>
      <trkpt lat="44.176729" lon="7.639243">
        <ele>2221.4</ele>
        <time>2026-07-25T13:25:08Z</time>
      </trkpt>
      <trkpt lat="44.176739" lon="7.639248">
        <ele>2222.0</ele>
        <time>2026-07-25T13:25:10Z</time>
      </trkpt>
      <trkpt lat="44.176757" lon="7.639257">
        <ele>2222.6</ele>
        <time>2026-07-25T13:25:12Z</time>
      </trkpt>
      <trkpt lat="44.176814" lon="7.63927">
        <ele>2222.8</ele>
        <time>2026-07-25T13:25:17Z</time>
      </trkpt>
      <trkpt lat="44.176822" lon="7.639265">
        <ele>2223.6</ele>
        <time>2026-07-25T13:25:20Z</time>
      </trkpt>
      <trkpt lat="44.176816" lon="7.63927">
        <ele>2223.4</ele>
        <time>2026-07-25T13:25:27Z</time>
      </trkpt>
      <trkpt lat="44.176891" lon="7.639328">
        <ele>2224.8</ele>
        <time>2026-07-25T13:25:34Z</time>
      </trkpt>
      <trkpt lat="44.176898" lon="7.639334">
        <ele>2225.2</ele>
        <time>2026-07-25T13:25:35Z</time>
      </trkpt>
      <trkpt lat="44.176916" lon="7.639332">
        <ele>2226.0</ele>
        <time>2026-07-25T13:25:40Z</time>
      </trkpt>
      <trkpt lat="44.176931" lon="7.639327">
        <ele>2226.6</ele>
        <time>2026-07-25T13:25:44Z</time>
      </trkpt>
      <trkpt lat="44.176944" lon="7.639331">
        <ele>2227.0</ele>
        <time>2026-07-25T13:25:46Z</time>
      </trkpt>
      <trkpt lat="44.176957" lon="7.639369">
        <ele>2227.6</ele>
        <time>2026-07-25T13:25:50Z</time>
      </trkpt>
      <trkpt lat="44.176969" lon="7.639394">
        <ele>2228.0</ele>
        <time>2026-07-25T13:25:52Z</time>
      </trkpt>
      <trkpt lat="44.176974" lon="7.639417">
        <ele>2227.0</ele>
        <time>2026-07-25T13:26:03Z</time>
      </trkpt>
      <trkpt lat="44.176982" lon="7.639433">
        <ele>2228.4</ele>
        <time>2026-07-25T13:26:10Z</time>
      </trkpt>
      <trkpt lat="44.176988" lon="7.639438">
        <ele>2228.6</ele>
        <time>2026-07-25T13:26:11Z</time>
      </trkpt>
      <trkpt lat="44.176995" lon="7.639449">
        <ele>2227.6</ele>
        <time>2026-07-25T13:26:21Z</time>
      </trkpt>
      <trkpt lat="44.176987" lon="7.639461">
        <ele>2227.4</ele>
        <time>2026-07-25T13:26:29Z</time>
      </trkpt>
      <trkpt lat="44.176978" lon="7.639468">
        <ele>2227.4</ele>
        <time>2026-07-25T13:26:33Z</time>
      </trkpt>
      <trkpt lat="44.176978" lon="7.639467">
        <ele>2227.4</ele>
        <time>2026-07-25T13:26:37Z</time>
      </trkpt>
      <trkpt lat="44.176975" lon="7.639483">
        <ele>2227.6</ele>
        <time>2026-07-25T13:26:42Z</time>
      </trkpt>
      <trkpt lat="44.176987" lon="7.639425">
        <ele>2228.0</ele>
        <time>2026-07-25T13:26:49Z</time>
      </trkpt>
      <trkpt lat="44.176998" lon="7.6394">
        <ele>2227.2</ele>
        <time>2026-07-25T13:27:01Z</time>
      </trkpt>
      <trkpt lat="44.176986" lon="7.639388">
        <ele>2227.0</ele>
        <time>2026-07-25T13:27:11Z</time>
      </trkpt>
      <trkpt lat="44.176987" lon="7.639402">
        <ele>2228.0</ele>
        <time>2026-07-25T13:27:19Z</time>
      </trkpt>
      <trkpt lat="44.176991" lon="7.639399">
        <ele>2228.0</ele>
        <time>2026-07-25T13:27:20Z</time>
      </trkpt>
      <trkpt lat="44.176992" lon="7.63939">
        <ele>2227.6</ele>
        <time>2026-07-25T13:27:30Z</time>
      </trkpt>
      <trkpt lat="44.176993" lon="7.639385">
        <ele>2227.4</ele>
        <time>2026-07-25T13:27:35Z</time>
      </trkpt>
      <trkpt lat="44.177" lon="7.639396">
        <ele>2227.0</ele>
        <time>2026-07-25T13:27:37Z</time>
      </trkpt>
      <trkpt lat="44.177013" lon="7.639419">
        <ele>2227.2</ele>
        <time>2026-07-25T13:27:40Z</time>
      </trkpt>
      <trkpt lat="44.177009" lon="7.639404">
        <ele>2227.4</ele>
        <time>2026-07-25T13:27:50Z</time>
      </trkpt>
      <trkpt lat="44.177008" lon="7.639403">
        <ele>2227.2</ele>
        <time>2026-07-25T13:27:51Z</time>
      </trkpt>
      <trkpt lat="44.177001" lon="7.639406">
        <ele>2227.6</ele>
        <time>2026-07-25T13:27:54Z</time>
      </trkpt>
      <trkpt lat="44.176992" lon="7.639396">
        <ele>2228.6</ele>
        <time>2026-07-25T13:27:57Z</time>
      </trkpt>
      <trkpt lat="44.17699" lon="7.639385">
        <ele>2228.0</ele>
        <time>2026-07-25T13:28:01Z</time>
      </trkpt>
      <trkpt lat="44.176993" lon="7.639385">
        <ele>2230.0</ele>
        <time>2026-07-25T13:28:08Z</time>
      </trkpt>
      <trkpt lat="44.176997" lon="7.639372">
        <ele>2228.6</ele>
        <time>2026-07-25T13:28:12Z</time>
      </trkpt>
      <trkpt lat="44.176995" lon="7.63937">
        <ele>2227.6</ele>
        <time>2026-07-25T13:28:13Z</time>
      </trkpt>
      <trkpt lat="44.176998" lon="7.63939">
        <ele>2227.4</ele>
        <time>2026-07-25T13:28:22Z</time>
      </trkpt>
      <trkpt lat="44.176965" lon="7.639398">
        <ele>2226.8</ele>
        <time>2026-07-25T13:28:35Z</time>
      </trkpt>
      <trkpt lat="44.17696" lon="7.639413">
        <ele>2226.6</ele>
        <time>2026-07-25T13:28:40Z</time>
      </trkpt>
      <trkpt lat="44.176954" lon="7.639434">
        <ele>2226.6</ele>
        <time>2026-07-25T13:28:45Z</time>
      </trkpt>
      <trkpt lat="44.176984" lon="7.639442">
        <ele>2226.2</ele>
        <time>2026-07-25T13:28:54Z</time>
      </trkpt>
      <trkpt lat="44.17697" lon="7.639434">
        <ele>2226.4</ele>
        <time>2026-07-25T13:28:56Z</time>
      </trkpt>
      <trkpt lat="44.176969" lon="7.639434">
        <ele>2226.8</ele>
        <time>2026-07-25T13:29:00Z</time>
      </trkpt>
      <trkpt lat="44.177032" lon="7.63941">
        <ele>2227.2</ele>
        <time>2026-07-25T13:29:08Z</time>
      </trkpt>
      <trkpt lat="44.177012" lon="7.639407">
        <ele>2227.2</ele>
        <time>2026-07-25T13:29:16Z</time>
      </trkpt>
      <trkpt lat="44.177022" lon="7.639395">
        <ele>2227.2</ele>
        <time>2026-07-25T13:29:25Z</time>
      </trkpt>
      <trkpt lat="44.177007" lon="7.63938">
        <ele>2227.6</ele>
        <time>2026-07-25T13:29:31Z</time>
      </trkpt>
      <trkpt lat="44.177003" lon="7.639372">
        <ele>2227.6</ele>
        <time>2026-07-25T13:29:34Z</time>
      </trkpt>
      <trkpt lat="44.177015" lon="7.639407">
        <ele>2227.4</ele>
        <time>2026-07-25T13:29:44Z</time>
      </trkpt>
      <trkpt lat="44.177031" lon="7.639457">
        <ele>2227.0</ele>
        <time>2026-07-25T13:29:52Z</time>
      </trkpt>
      <trkpt lat="44.177024" lon="7.639478">
        <ele>2227.4</ele>
        <time>2026-07-25T13:30:01Z</time>
      </trkpt>
      <trkpt lat="44.177012" lon="7.639402">
        <ele>2227.0</ele>
        <time>2026-07-25T13:30:11Z</time>
      </trkpt>
      <trkpt lat="44.177004" lon="7.639393">
        <ele>2227.6</ele>
        <time>2026-07-25T13:30:19Z</time>
      </trkpt>
      <trkpt lat="44.176995" lon="7.639396">
        <ele>2226.4</ele>
        <time>2026-07-25T13:30:26Z</time>
      </trkpt>
      <trkpt lat="44.176998" lon="7.639394">
        <ele>2226.4</ele>
        <time>2026-07-25T13:30:28Z</time>
      </trkpt>
      <trkpt lat="44.176994" lon="7.6394">
        <ele>2227.6</ele>
        <time>2026-07-25T13:30:33Z</time>
      </trkpt>
      <trkpt lat="44.176993" lon="7.639403">
        <ele>2228.4</ele>
        <time>2026-07-25T13:30:38Z</time>
      </trkpt>
      <trkpt lat="44.176989" lon="7.639405">
        <ele>2228.6</ele>
        <time>2026-07-25T13:30:39Z</time>
      </trkpt>
      <trkpt lat="44.177003" lon="7.639398">
        <ele>2228.2</ele>
        <time>2026-07-25T13:30:47Z</time>
      </trkpt>
      <trkpt lat="44.177025" lon="7.639443">
        <ele>2227.6</ele>
        <time>2026-07-25T13:30:58Z</time>
      </trkpt>
      <trkpt lat="44.176999" lon="7.639403">
        <ele>2227.6</ele>
        <time>2026-07-25T13:31:08Z</time>
      </trkpt>
      <trkpt lat="44.177011" lon="7.639412">
        <ele>2228.4</ele>
        <time>2026-07-25T13:31:16Z</time>
      </trkpt>
      <trkpt lat="44.17701" lon="7.639393">
        <ele>2228.6</ele>
        <time>2026-07-25T13:31:19Z</time>
      </trkpt>
      <trkpt lat="44.176995" lon="7.639372">
        <ele>2228.8</ele>
        <time>2026-07-25T13:31:24Z</time>
      </trkpt>
      <trkpt lat="44.176982" lon="7.639379">
        <ele>2227.6</ele>
        <time>2026-07-25T13:31:30Z</time>
      </trkpt>
      <trkpt lat="44.17699" lon="7.639389">
        <ele>2227.8</ele>
        <time>2026-07-25T13:31:33Z</time>
      </trkpt>
      <trkpt lat="44.177001" lon="7.639386">
        <ele>2228.8</ele>
        <time>2026-07-25T13:31:37Z</time>
      </trkpt>
      <trkpt lat="44.177009" lon="7.639386">
        <ele>2229.0</ele>
        <time>2026-07-25T13:31:43Z</time>
      </trkpt>
      <trkpt lat="44.176995" lon="7.639429">
        <ele>2229.2</ele>
        <time>2026-07-25T13:31:52Z</time>
      </trkpt>
      <trkpt lat="44.176994" lon="7.63941">
        <ele>2229.6</ele>
        <time>2026-07-25T13:31:59Z</time>
      </trkpt>
      <trkpt lat="44.176994" lon="7.639386">
        <ele>2229.4</ele>
        <time>2026-07-25T13:32:12Z</time>
      </trkpt>
      <trkpt lat="44.17699" lon="7.639393">
        <ele>2229.2</ele>
        <time>2026-07-25T13:32:25Z</time>
      </trkpt>
      <trkpt lat="44.176992" lon="7.639397">
        <ele>2229.8</ele>
        <time>2026-07-25T13:32:42Z</time>
      </trkpt>
      <trkpt lat="44.176992" lon="7.639397">
        <ele>2229.8</ele>
        <time>2026-07-25T13:32:43Z</time>
      </trkpt>
      <trkpt lat="44.176985" lon="7.639419">
        <ele>2230.0</ele>
        <time>2026-07-25T13:32:52Z</time>
      </trkpt>
      <trkpt lat="44.177009" lon="7.639414">
        <ele>2229.6</ele>
        <time>2026-07-25T13:33:01Z</time>
      </trkpt>
      <trkpt lat="44.177015" lon="7.639419">
        <ele>2229.2</ele>
        <time>2026-07-25T13:33:10Z</time>
      </trkpt>
      <trkpt lat="44.177021" lon="7.639434">
        <ele>2229.6</ele>
        <time>2026-07-25T13:33:18Z</time>
      </trkpt>
      <trkpt lat="44.176997" lon="7.63938">
        <ele>2229.6</ele>
        <time>2026-07-25T13:33:31Z</time>
      </trkpt>
      <trkpt lat="44.176998" lon="7.639393">
        <ele>2230.0</ele>
        <time>2026-07-25T13:33:33Z</time>
      </trkpt>
      <trkpt lat="44.176994" lon="7.639409">
        <ele>2229.8</ele>
        <time>2026-07-25T13:33:41Z</time>
      </trkpt>
      <trkpt lat="44.176968" lon="7.639401">
        <ele>2230.2</ele>
        <time>2026-07-25T13:33:50Z</time>
      </trkpt>
      <trkpt lat="44.176968" lon="7.639402">
        <ele>2230.2</ele>
        <time>2026-07-25T13:33:51Z</time>
      </trkpt>
      <trkpt lat="44.176968" lon="7.639401">
        <ele>2230.2</ele>
        <time>2026-07-25T13:33:52Z</time>
      </trkpt>
      <trkpt lat="44.176967" lon="7.639401">
        <ele>2229.6</ele>
        <time>2026-07-25T13:34:09Z</time>
      </trkpt>
      <trkpt lat="44.176967" lon="7.639401">
        <ele>2230.0</ele>
        <time>2026-07-25T13:34:18Z</time>
      </trkpt>
      <trkpt lat="44.176967" lon="7.639401">
        <ele>2230.0</ele>
        <time>2026-07-25T13:34:19Z</time>
      </trkpt>
      <trkpt lat="44.176967" lon="7.639401">
        <ele>2229.6</ele>
        <time>2026-07-25T13:34:22Z</time>
      </trkpt>
      <trkpt lat="44.176979" lon="7.63938">
        <ele>2230.2</ele>
        <time>2026-07-25T13:34:33Z</time>
      </trkpt>
      <trkpt lat="44.176999" lon="7.639355">
        <ele>2230.2</ele>
        <time>2026-07-25T13:34:43Z</time>
      </trkpt>
      <trkpt lat="44.177002" lon="7.639373">
        <ele>2231.0</ele>
        <time>2026-07-25T13:34:47Z</time>
      </trkpt>
      <trkpt lat="44.177001" lon="7.639373">
        <ele>2230.6</ele>
        <time>2026-07-25T13:34:51Z</time>
      </trkpt>
      <trkpt lat="44.176986" lon="7.639406">
        <ele>2230.0</ele>
        <time>2026-07-25T13:35:00Z</time>
      </trkpt>
      <trkpt lat="44.176989" lon="7.639403">
        <ele>2229.6</ele>
        <time>2026-07-25T13:35:01Z</time>
      </trkpt>
      <trkpt lat="44.176997" lon="7.639396">
        <ele>2228.8</ele>
        <time>2026-07-25T13:35:04Z</time>
      </trkpt>
      <trkpt lat="44.176996" lon="7.639376">
        <ele>2228.8</ele>
        <time>2026-07-25T13:35:09Z</time>
      </trkpt>
      <trkpt lat="44.176993" lon="7.639367">
        <ele>2229.8</ele>
        <time>2026-07-25T13:35:13Z</time>
      </trkpt>
      <trkpt lat="44.176998" lon="7.639381">
        <ele>2230.4</ele>
        <time>2026-07-25T13:35:16Z</time>
      </trkpt>
      <trkpt lat="44.176991" lon="7.639401">
        <ele>2231.0</ele>
        <time>2026-07-25T13:35:22Z</time>
      </trkpt>
      <trkpt lat="44.176991" lon="7.639401">
        <ele>2230.8</ele>
        <time>2026-07-25T13:35:24Z</time>
      </trkpt>
      <trkpt lat="44.17699" lon="7.639404">
        <ele>2229.8</ele>
        <time>2026-07-25T13:35:28Z</time>
      </trkpt>
      <trkpt lat="44.176981" lon="7.639389">
        <ele>2229.6</ele>
        <time>2026-07-25T13:35:36Z</time>
      </trkpt>
      <trkpt lat="44.177007" lon="7.6394">
        <ele>2230.2</ele>
        <time>2026-07-25T13:35:47Z</time>
      </trkpt>
      <trkpt lat="44.176998" lon="7.639398">
        <ele>2230.2</ele>
        <time>2026-07-25T13:35:56Z</time>
      </trkpt>
      <trkpt lat="44.177004" lon="7.639407">
        <ele>2230.2</ele>
        <time>2026-07-25T13:36:06Z</time>
      </trkpt>
      <trkpt lat="44.176994" lon="7.639386">
        <ele>2230.4</ele>
        <time>2026-07-25T13:36:20Z</time>
      </trkpt>
      <trkpt lat="44.176982" lon="7.639385">
        <ele>2231.2</ele>
        <time>2026-07-25T13:36:27Z</time>
      </trkpt>
      <trkpt lat="44.176986" lon="7.639387">
        <ele>2231.0</ele>
        <time>2026-07-25T13:36:29Z</time>
      </trkpt>
      <trkpt lat="44.176977" lon="7.639382">
        <ele>2230.6</ele>
        <time>2026-07-25T13:36:40Z</time>
      </trkpt>
      <trkpt lat="44.176977" lon="7.639382">
        <ele>2230.2</ele>
        <time>2026-07-25T13:36:43Z</time>
      </trkpt>
      <trkpt lat="44.176977" lon="7.639382">
        <ele>2230.4</ele>
        <time>2026-07-25T13:36:56Z</time>
      </trkpt>
      <trkpt lat="44.176977" lon="7.639382">
        <ele>2230.6</ele>
        <time>2026-07-25T13:37:00Z</time>
      </trkpt>
      <trkpt lat="44.176977" lon="7.639382">
        <ele>2230.6</ele>
        <time>2026-07-25T13:37:17Z</time>
      </trkpt>
      <trkpt lat="44.176977" lon="7.639382">
        <ele>2230.8</ele>
        <time>2026-07-25T13:37:27Z</time>
      </trkpt>
      <trkpt lat="44.176981" lon="7.6394">
        <ele>2230.6</ele>
        <time>2026-07-25T13:37:33Z</time>
      </trkpt>
      <trkpt lat="44.176982" lon="7.639403">
        <ele>2230.8</ele>
        <time>2026-07-25T13:37:37Z</time>
      </trkpt>
      <trkpt lat="44.177" lon="7.639397">
        <ele>2230.6</ele>
        <time>2026-07-25T13:37:48Z</time>
      </trkpt>
      <trkpt lat="44.176988" lon="7.639409">
        <ele>2231.0</ele>
        <time>2026-07-25T13:37:59Z</time>
      </trkpt>
      <trkpt lat="44.176984" lon="7.639413">
        <ele>2231.2</ele>
        <time>2026-07-25T13:38:04Z</time>
      </trkpt>
      <trkpt lat="44.176976" lon="7.639405">
        <ele>2230.6</ele>
        <time>2026-07-25T13:38:10Z</time>
      </trkpt>
      <trkpt lat="44.176985" lon="7.639392">
        <ele>2230.6</ele>
        <time>2026-07-25T13:38:21Z</time>
      </trkpt>
      <trkpt lat="44.176991" lon="7.63939">
        <ele>2231.2</ele>
        <time>2026-07-25T13:38:32Z</time>
      </trkpt>
      <trkpt lat="44.176997" lon="7.639402">
        <ele>2231.0</ele>
        <time>2026-07-25T13:38:43Z</time>
      </trkpt>
      <trkpt lat="44.176999" lon="7.6394">
        <ele>2230.2</ele>
        <time>2026-07-25T13:38:46Z</time>
      </trkpt>
      <trkpt lat="44.177004" lon="7.639396">
        <ele>2231.2</ele>
        <time>2026-07-25T13:38:53Z</time>
      </trkpt>
      <trkpt lat="44.176989" lon="7.639378">
        <ele>2231.2</ele>
        <time>2026-07-25T13:39:01Z</time>
      </trkpt>
      <trkpt lat="44.176992" lon="7.639375">
        <ele>2231.4</ele>
        <time>2026-07-25T13:39:02Z</time>
      </trkpt>
      <trkpt lat="44.176994" lon="7.639372">
        <ele>2231.2</ele>
        <time>2026-07-25T13:39:09Z</time>
      </trkpt>
      <trkpt lat="44.17699" lon="7.639381">
        <ele>2230.6</ele>
        <time>2026-07-25T13:39:18Z</time>
      </trkpt>
      <trkpt lat="44.176999" lon="7.639386">
        <ele>2230.6</ele>
        <time>2026-07-25T13:39:27Z</time>
      </trkpt>
      <trkpt lat="44.176999" lon="7.639387">
        <ele>2230.6</ele>
        <time>2026-07-25T13:39:30Z</time>
      </trkpt>
      <trkpt lat="44.176999" lon="7.639388">
        <ele>2230.2</ele>
        <time>2026-07-25T13:39:33Z</time>
      </trkpt>
      <trkpt lat="44.177005" lon="7.639383">
        <ele>2231.6</ele>
        <time>2026-07-25T13:39:38Z</time>
      </trkpt>
      <trkpt lat="44.177001" lon="7.639384">
        <ele>2232.2</ele>
        <time>2026-07-25T13:39:41Z</time>
      </trkpt>
      <trkpt lat="44.176993" lon="7.639394">
        <ele>2231.8</ele>
        <time>2026-07-25T13:39:43Z</time>
      </trkpt>
      <trkpt lat="44.176991" lon="7.639397">
        <ele>2231.0</ele>
        <time>2026-07-25T13:39:50Z</time>
      </trkpt>
      <trkpt lat="44.177007" lon="7.63939">
        <ele>2230.2</ele>
        <time>2026-07-25T13:39:59Z</time>
      </trkpt>
      <trkpt lat="44.177002" lon="7.639397">
        <ele>2229.2</ele>
        <time>2026-07-25T13:40:01Z</time>
      </trkpt>
      <trkpt lat="44.176999" lon="7.639401">
        <ele>2228.8</ele>
        <time>2026-07-25T13:40:02Z</time>
      </trkpt>
      <trkpt lat="44.176989" lon="7.639396">
        <ele>2230.0</ele>
        <time>2026-07-25T13:40:09Z</time>
      </trkpt>
      <trkpt lat="44.176985" lon="7.639393">
        <ele>2230.2</ele>
        <time>2026-07-25T13:40:11Z</time>
      </trkpt>
      <trkpt lat="44.176981" lon="7.63939">
        <ele>2231.4</ele>
        <time>2026-07-25T13:40:16Z</time>
      </trkpt>
      <trkpt lat="44.176974" lon="7.639379">
        <ele>2232.0</ele>
        <time>2026-07-25T13:40:20Z</time>
      </trkpt>
      <trkpt lat="44.176973" lon="7.63938">
        <ele>2231.0</ele>
        <time>2026-07-25T13:40:23Z</time>
      </trkpt>
      <trkpt lat="44.176997" lon="7.639402">
        <ele>2231.4</ele>
        <time>2026-07-25T13:40:33Z</time>
      </trkpt>
      <trkpt lat="44.176992" lon="7.639392">
        <ele>2232.0</ele>
        <time>2026-07-25T13:40:44Z</time>
      </trkpt>
      <trkpt lat="44.176993" lon="7.639396">
        <ele>2231.4</ele>
        <time>2026-07-25T13:40:54Z</time>
      </trkpt>
      <trkpt lat="44.176997" lon="7.639403">
        <ele>2230.8</ele>
        <time>2026-07-25T13:41:05Z</time>
      </trkpt>
      <trkpt lat="44.177003" lon="7.639385">
        <ele>2230.4</ele>
        <time>2026-07-25T13:41:11Z</time>
      </trkpt>
      <trkpt lat="44.177002" lon="7.639384">
        <ele>2230.2</ele>
        <time>2026-07-25T13:41:12Z</time>
      </trkpt>
      <trkpt lat="44.177" lon="7.639378">
        <ele>2230.0</ele>
        <time>2026-07-25T13:41:14Z</time>
      </trkpt>
      <trkpt lat="44.176994" lon="7.639397">
        <ele>2229.0</ele>
        <time>2026-07-25T13:41:24Z</time>
      </trkpt>
      <trkpt lat="44.176981" lon="7.639402">
        <ele>2230.4</ele>
        <time>2026-07-25T13:41:29Z</time>
      </trkpt>
      <trkpt lat="44.176982" lon="7.639389">
        <ele>2230.8</ele>
        <time>2026-07-25T13:41:35Z</time>
      </trkpt>
      <trkpt lat="44.176986" lon="7.639399">
        <ele>2231.0</ele>
        <time>2026-07-25T13:41:45Z</time>
      </trkpt>
      <trkpt lat="44.176995" lon="7.639402">
        <ele>2230.6</ele>
        <time>2026-07-25T13:41:55Z</time>
      </trkpt>
      <trkpt lat="44.176987" lon="7.639397">
        <ele>2230.6</ele>
        <time>2026-07-25T13:42:00Z</time>
      </trkpt>
      <trkpt lat="44.177004" lon="7.639377">
        <ele>2229.4</ele>
        <time>2026-07-25T13:42:08Z</time>
      </trkpt>
      <trkpt lat="44.176991" lon="7.639398">
        <ele>2229.2</ele>
        <time>2026-07-25T13:42:19Z</time>
      </trkpt>
      <trkpt lat="44.176999" lon="7.639412">
        <ele>2229.4</ele>
        <time>2026-07-25T13:42:23Z</time>
      </trkpt>
      <trkpt lat="44.176986" lon="7.639417">
        <ele>2230.0</ele>
        <time>2026-07-25T13:42:30Z</time>
      </trkpt>
      <trkpt lat="44.176958" lon="7.639403">
        <ele>2230.4</ele>
        <time>2026-07-25T13:42:36Z</time>
      </trkpt>
      <trkpt lat="44.176964" lon="7.639401">
        <ele>2230.6</ele>
        <time>2026-07-25T13:42:37Z</time>
      </trkpt>
      <trkpt lat="44.176959" lon="7.639399">
        <ele>2231.0</ele>
        <time>2026-07-25T13:42:43Z</time>
      </trkpt>
      <trkpt lat="44.17696" lon="7.639398">
        <ele>2231.2</ele>
        <time>2026-07-25T13:42:44Z</time>
      </trkpt>
      <trkpt lat="44.177" lon="7.639413">
        <ele>2230.4</ele>
        <time>2026-07-25T13:42:52Z</time>
      </trkpt>
      <trkpt lat="44.177005" lon="7.639412">
        <ele>2229.0</ele>
        <time>2026-07-25T13:42:55Z</time>
      </trkpt>
      <trkpt lat="44.177012" lon="7.639403">
        <ele>2228.0</ele>
        <time>2026-07-25T13:42:58Z</time>
      </trkpt>
      <trkpt lat="44.177012" lon="7.63942">
        <ele>2229.0</ele>
        <time>2026-07-25T13:43:01Z</time>
      </trkpt>
      <trkpt lat="44.177013" lon="7.639426">
        <ele>2229.6</ele>
        <time>2026-07-25T13:43:03Z</time>
      </trkpt>
      <trkpt lat="44.177019" lon="7.639404">
        <ele>2229.0</ele>
        <time>2026-07-25T13:43:12Z</time>
      </trkpt>
      <trkpt lat="44.177012" lon="7.639397">
        <ele>2230.2</ele>
        <time>2026-07-25T13:43:17Z</time>
      </trkpt>
      <trkpt lat="44.177012" lon="7.639397">
        <ele>2229.6</ele>
        <time>2026-07-25T13:43:21Z</time>
      </trkpt>
      <trkpt lat="44.176983" lon="7.639413">
        <ele>2229.8</ele>
        <time>2026-07-25T13:43:30Z</time>
      </trkpt>
      <trkpt lat="44.176999" lon="7.639405">
        <ele>2229.6</ele>
        <time>2026-07-25T13:43:41Z</time>
      </trkpt>
      <trkpt lat="44.176994" lon="7.639394">
        <ele>2230.0</ele>
        <time>2026-07-25T13:43:48Z</time>
      </trkpt>
      <trkpt lat="44.176981" lon="7.6394">
        <ele>2229.8</ele>
        <time>2026-07-25T13:43:56Z</time>
      </trkpt>
      <trkpt lat="44.176981" lon="7.6394">
        <ele>2229.8</ele>
        <time>2026-07-25T13:43:58Z</time>
      </trkpt>
      <trkpt lat="44.176981" lon="7.6394">
        <ele>2230.4</ele>
        <time>2026-07-25T13:44:17Z</time>
      </trkpt>
      <trkpt lat="44.176992" lon="7.639392">
        <ele>2230.0</ele>
        <time>2026-07-25T13:44:29Z</time>
      </trkpt>
      <trkpt lat="44.176989" lon="7.639394">
        <ele>2230.0</ele>
        <time>2026-07-25T13:44:36Z</time>
      </trkpt>
      <trkpt lat="44.17699" lon="7.639391">
        <ele>2230.2</ele>
        <time>2026-07-25T13:44:40Z</time>
      </trkpt>
      <trkpt lat="44.176984" lon="7.639392">
        <ele>2231.2</ele>
        <time>2026-07-25T13:44:45Z</time>
      </trkpt>
      <trkpt lat="44.17699" lon="7.639376">
        <ele>2231.2</ele>
        <time>2026-07-25T13:44:51Z</time>
      </trkpt>
      <trkpt lat="44.176979" lon="7.63938">
        <ele>2230.8</ele>
        <time>2026-07-25T13:44:58Z</time>
      </trkpt>
      <trkpt lat="44.176991" lon="7.639387">
        <ele>2231.0</ele>
        <time>2026-07-25T13:45:08Z</time>
      </trkpt>
      <trkpt lat="44.176997" lon="7.639397">
        <ele>2230.6</ele>
        <time>2026-07-25T13:45:17Z</time>
      </trkpt>
      <trkpt lat="44.177006" lon="7.639383">
        <ele>2231.2</ele>
        <time>2026-07-25T13:45:28Z</time>
      </trkpt>
      <trkpt lat="44.176987" lon="7.639339">
        <ele>2230.0</ele>
        <time>2026-07-25T13:45:34Z</time>
      </trkpt>
      <trkpt lat="44.176978" lon="7.639331">
        <ele>2229.0</ele>
        <time>2026-07-25T13:45:36Z</time>
      </trkpt>
      <trkpt lat="44.17697" lon="7.639321">
        <ele>2228.4</ele>
        <time>2026-07-25T13:45:37Z</time>
      </trkpt>
      <trkpt lat="44.17694" lon="7.639289">
        <ele>2227.2</ele>
        <time>2026-07-25T13:45:40Z</time>
      </trkpt>
      <trkpt lat="44.176903" lon="7.639233">
        <ele>2226.6</ele>
        <time>2026-07-25T13:45:44Z</time>
      </trkpt>
      <trkpt lat="44.176854" lon="7.639176">
        <ele>2224.2</ele>
        <time>2026-07-25T13:45:50Z</time>
      </trkpt>
      <trkpt lat="44.17681" lon="7.63915">
        <ele>2225.0</ele>
        <time>2026-07-25T13:45:54Z</time>
      </trkpt>
      <trkpt lat="44.1768" lon="7.639149">
        <ele>2225.2</ele>
        <time>2026-07-25T13:45:55Z</time>
      </trkpt>
      <trkpt lat="44.17677" lon="7.639154">
        <ele>2226.4</ele>
        <time>2026-07-25T13:45:59Z</time>
      </trkpt>
      <trkpt lat="44.176755" lon="7.639166">
        <ele>2225.2</ele>
        <time>2026-07-25T13:46:02Z</time>
      </trkpt>
      <trkpt lat="44.17673" lon="7.639161">
        <ele>2224.2</ele>
        <time>2026-07-25T13:46:05Z</time>
      </trkpt>
      <trkpt lat="44.176725" lon="7.63914">
        <ele>2222.8</ele>
        <time>2026-07-25T13:46:09Z</time>
      </trkpt>
      <trkpt lat="44.176707" lon="7.639097">
        <ele>2221.8</ele>
        <time>2026-07-25T13:46:13Z</time>
      </trkpt>
      <trkpt lat="44.176685" lon="7.639062">
        <ele>2221.2</ele>
        <time>2026-07-25T13:46:16Z</time>
      </trkpt>
      <trkpt lat="44.176668" lon="7.639034">
        <ele>2220.8</ele>
        <time>2026-07-25T13:46:18Z</time>
      </trkpt>
      <trkpt lat="44.176609" lon="7.638975">
        <ele>2220.2</ele>
        <time>2026-07-25T13:46:24Z</time>
      </trkpt>
      <trkpt lat="44.176597" lon="7.638997">
        <ele>2220.8</ele>
        <time>2026-07-25T13:46:25Z</time>
      </trkpt>
      <trkpt lat="44.176596" lon="7.639007">
        <ele>2222.4</ele>
        <time>2026-07-25T13:46:28Z</time>
      </trkpt>
      <trkpt lat="44.176607" lon="7.639009">
        <ele>2223.0</ele>
        <time>2026-07-25T13:46:29Z</time>
      </trkpt>
      <trkpt lat="44.176636" lon="7.638992">
        <ele>2222.2</ele>
        <time>2026-07-25T13:46:36Z</time>
      </trkpt>
      <trkpt lat="44.176635" lon="7.638981">
        <ele>2221.6</ele>
        <time>2026-07-25T13:46:44Z</time>
      </trkpt>
      <trkpt lat="44.176631" lon="7.638984">
        <ele>2221.2</ele>
        <time>2026-07-25T13:46:45Z</time>
      </trkpt>
      <trkpt lat="44.176629" lon="7.638993">
        <ele>2221.0</ele>
        <time>2026-07-25T13:46:46Z</time>
      </trkpt>
      <trkpt lat="44.17662" lon="7.638988">
        <ele>2221.8</ele>
        <time>2026-07-25T13:46:51Z</time>
      </trkpt>
      <trkpt lat="44.176616" lon="7.638997">
        <ele>2222.2</ele>
        <time>2026-07-25T13:46:53Z</time>
      </trkpt>
      <trkpt lat="44.176616" lon="7.638998">
        <ele>2222.4</ele>
        <time>2026-07-25T13:46:54Z</time>
      </trkpt>
      <trkpt lat="44.176626" lon="7.638991">
        <ele>2221.2</ele>
        <time>2026-07-25T13:47:00Z</time>
      </trkpt>
      <trkpt lat="44.176604" lon="7.638949">
        <ele>2221.2</ele>
        <time>2026-07-25T13:47:06Z</time>
      </trkpt>
      <trkpt lat="44.176509" lon="7.638928">
        <ele>2221.8</ele>
        <time>2026-07-25T13:47:13Z</time>
      </trkpt>
      <trkpt lat="44.176468" lon="7.638878">
        <ele>2215.0</ele>
        <time>2026-07-25T13:47:20Z</time>
      </trkpt>
      <trkpt lat="44.176394" lon="7.63881">
        <ele>2216.0</ele>
        <time>2026-07-25T13:47:27Z</time>
      </trkpt>
      <trkpt lat="44.176384" lon="7.638779">
        <ele>2217.4</ele>
        <time>2026-07-25T13:47:31Z</time>
      </trkpt>
      <trkpt lat="44.176386" lon="7.638766">
        <ele>2217.8</ele>
        <time>2026-07-25T13:47:32Z</time>
      </trkpt>
      <trkpt lat="44.176388" lon="7.638746">
        <ele>2218.6</ele>
        <time>2026-07-25T13:47:34Z</time>
      </trkpt>
      <trkpt lat="44.176388" lon="7.638735">
        <ele>2218.8</ele>
        <time>2026-07-25T13:47:35Z</time>
      </trkpt>
      <trkpt lat="44.176385" lon="7.638718">
        <ele>2219.6</ele>
        <time>2026-07-25T13:47:42Z</time>
      </trkpt>
      <trkpt lat="44.176376" lon="7.638719">
        <ele>2219.2</ele>
        <time>2026-07-25T13:47:51Z</time>
      </trkpt>
      <trkpt lat="44.17637" lon="7.638775">
        <ele>2219.0</ele>
        <time>2026-07-25T13:48:00Z</time>
      </trkpt>
      <trkpt lat="44.176412" lon="7.638866">
        <ele>2218.2</ele>
        <time>2026-07-25T13:48:06Z</time>
      </trkpt>
      <trkpt lat="44.176502" lon="7.638905">
        <ele>2219.0</ele>
        <time>2026-07-25T13:48:14Z</time>
      </trkpt>
      <trkpt lat="44.176524" lon="7.638903">
        <ele>2220.0</ele>
        <time>2026-07-25T13:48:16Z</time>
      </trkpt>
      <trkpt lat="44.176564" lon="7.638908">
        <ele>2220.2</ele>
        <time>2026-07-25T13:48:20Z</time>
      </trkpt>
      <trkpt lat="44.176593" lon="7.638935">
        <ele>2220.2</ele>
        <time>2026-07-25T13:48:24Z</time>
      </trkpt>
      <trkpt lat="44.176612" lon="7.638958">
        <ele>2221.0</ele>
        <time>2026-07-25T13:48:28Z</time>
      </trkpt>
      <trkpt lat="44.1766" lon="7.638986">
        <ele>2220.8</ele>
        <time>2026-07-25T13:48:35Z</time>
      </trkpt>
      <trkpt lat="44.176588" lon="7.638995">
        <ele>2221.0</ele>
        <time>2026-07-25T13:48:44Z</time>
      </trkpt>
      <trkpt lat="44.176592" lon="7.638996">
        <ele>2221.2</ele>
        <time>2026-07-25T13:48:46Z</time>
      </trkpt>
      <trkpt lat="44.176608" lon="7.638987">
        <ele>2220.8</ele>
        <time>2026-07-25T13:48:55Z</time>
      </trkpt>
      <trkpt lat="44.176627" lon="7.638981">
        <ele>2221.4</ele>
        <time>2026-07-25T13:49:06Z</time>
      </trkpt>
      <trkpt lat="44.176634" lon="7.638962">
        <ele>2220.6</ele>
        <time>2026-07-25T13:49:16Z</time>
      </trkpt>
      <trkpt lat="44.176606" lon="7.638965">
        <ele>2221.0</ele>
        <time>2026-07-25T13:49:25Z</time>
      </trkpt>
      <trkpt lat="44.176621" lon="7.638981">
        <ele>2220.4</ele>
        <time>2026-07-25T13:49:31Z</time>
      </trkpt>
      <trkpt lat="44.176623" lon="7.638998">
        <ele>2219.6</ele>
        <time>2026-07-25T13:49:36Z</time>
      </trkpt>
      <trkpt lat="44.176625" lon="7.639004">
        <ele>2218.4</ele>
        <time>2026-07-25T13:49:38Z</time>
      </trkpt>
      <trkpt lat="44.176624" lon="7.639003">
        <ele>2217.8</ele>
        <time>2026-07-25T13:49:41Z</time>
      </trkpt>
      <trkpt lat="44.176622" lon="7.638992">
        <ele>2219.6</ele>
        <time>2026-07-25T13:49:47Z</time>
      </trkpt>
      <trkpt lat="44.176623" lon="7.63899">
        <ele>2219.6</ele>
        <time>2026-07-25T13:49:50Z</time>
      </trkpt>
      <trkpt lat="44.176635" lon="7.639007">
        <ele>2220.6</ele>
        <time>2026-07-25T13:49:56Z</time>
      </trkpt>
      <trkpt lat="44.176631" lon="7.639003">
        <ele>2221.2</ele>
        <time>2026-07-25T13:49:57Z</time>
      </trkpt>
      <trkpt lat="44.176614" lon="7.63898">
        <ele>2221.6</ele>
        <time>2026-07-25T13:50:06Z</time>
      </trkpt>
      <trkpt lat="44.176614" lon="7.63898">
        <ele>2222.6</ele>
        <time>2026-07-25T13:50:07Z</time>
      </trkpt>
      <trkpt lat="44.176599" lon="7.638966">
        <ele>2221.8</ele>
        <time>2026-07-25T13:50:11Z</time>
      </trkpt>
      <trkpt lat="44.176618" lon="7.638983">
        <ele>2221.4</ele>
        <time>2026-07-25T13:50:13Z</time>
      </trkpt>
      <trkpt lat="44.176627" lon="7.638999">
        <ele>2220.4</ele>
        <time>2026-07-25T13:50:15Z</time>
      </trkpt>
      <trkpt lat="44.176628" lon="7.639001">
        <ele>2219.6</ele>
        <time>2026-07-25T13:50:16Z</time>
      </trkpt>
      <trkpt lat="44.176621" lon="7.638978">
        <ele>2220.8</ele>
        <time>2026-07-25T13:50:23Z</time>
      </trkpt>
      <trkpt lat="44.176621" lon="7.638975">
        <ele>2221.8</ele>
        <time>2026-07-25T13:50:26Z</time>
      </trkpt>
      <trkpt lat="44.17661" lon="7.638956">
        <ele>2223.0</ele>
        <time>2026-07-25T13:50:30Z</time>
      </trkpt>
      <trkpt lat="44.176614" lon="7.638961">
        <ele>2222.6</ele>
        <time>2026-07-25T13:50:31Z</time>
      </trkpt>
      <trkpt lat="44.176622" lon="7.638973">
        <ele>2221.4</ele>
        <time>2026-07-25T13:50:34Z</time>
      </trkpt>
      <trkpt lat="44.176623" lon="7.638978">
        <ele>2220.2</ele>
        <time>2026-07-25T13:50:36Z</time>
      </trkpt>
      <trkpt lat="44.176644" lon="7.638954">
        <ele>2219.6</ele>
        <time>2026-07-25T13:50:40Z</time>
      </trkpt>
      <trkpt lat="44.176672" lon="7.638892">
        <ele>2219.0</ele>
        <time>2026-07-25T13:50:45Z</time>
      </trkpt>
      <trkpt lat="44.176674" lon="7.638881">
        <ele>2218.8</ele>
        <time>2026-07-25T13:50:46Z</time>
      </trkpt>
      <trkpt lat="44.176686" lon="7.638688">
        <ele>2219.2</ele>
        <time>2026-07-25T13:50:57Z</time>
      </trkpt>
      <trkpt lat="44.176707" lon="7.638608">
        <ele>2219.4</ele>
        <time>2026-07-25T13:51:03Z</time>
      </trkpt>
      <trkpt lat="44.17671" lon="7.638585">
        <ele>2219.2</ele>
        <time>2026-07-25T13:51:05Z</time>
      </trkpt>
      <trkpt lat="44.1767" lon="7.638473">
        <ele>2218.6</ele>
        <time>2026-07-25T13:51:13Z</time>
      </trkpt>
      <trkpt lat="44.176696" lon="7.638302">
        <ele>2218.4</ele>
        <time>2026-07-25T13:51:22Z</time>
      </trkpt>
      <trkpt lat="44.176682" lon="7.638122">
        <ele>2219.0</ele>
        <time>2026-07-25T13:51:31Z</time>
      </trkpt>
      <trkpt lat="44.176702" lon="7.637985">
        <ele>2220.0</ele>
        <time>2026-07-25T13:51:39Z</time>
      </trkpt>
      <trkpt lat="44.176701" lon="7.637971">
        <ele>2220.0</ele>
        <time>2026-07-25T13:51:40Z</time>
      </trkpt>
      <trkpt lat="44.176669" lon="7.637863">
        <ele>2219.2</ele>
        <time>2026-07-25T13:51:46Z</time>
      </trkpt>
      <trkpt lat="44.176663" lon="7.637847">
        <ele>2218.8</ele>
        <time>2026-07-25T13:51:47Z</time>
      </trkpt>
      <trkpt lat="44.176602" lon="7.637712">
        <ele>2218.0</ele>
        <time>2026-07-25T13:51:55Z</time>
      </trkpt>
      <trkpt lat="44.17656" lon="7.637597">
        <ele>2217.8</ele>
        <time>2026-07-25T13:52:02Z</time>
      </trkpt>
      <trkpt lat="44.176559" lon="7.637561">
        <ele>2217.6</ele>
        <time>2026-07-25T13:52:04Z</time>
      </trkpt>
      <trkpt lat="44.176561" lon="7.637408">
        <ele>2217.2</ele>
        <time>2026-07-25T13:52:12Z</time>
      </trkpt>
      <trkpt lat="44.176614" lon="7.637269">
        <ele>2219.0</ele>
        <time>2026-07-25T13:52:21Z</time>
      </trkpt>
      <trkpt lat="44.176631" lon="7.637229">
        <ele>2220.2</ele>
        <time>2026-07-25T13:52:24Z</time>
      </trkpt>
      <trkpt lat="44.176643" lon="7.637172">
        <ele>2221.2</ele>
        <time>2026-07-25T13:52:28Z</time>
      </trkpt>
      <trkpt lat="44.176647" lon="7.637156">
        <ele>2221.4</ele>
        <time>2026-07-25T13:52:29Z</time>
      </trkpt>
      <trkpt lat="44.176648" lon="7.637145">
        <ele>2221.4</ele>
        <time>2026-07-25T13:52:32Z</time>
      </trkpt>
      <trkpt lat="44.176657" lon="7.637121">
        <ele>2220.6</ele>
        <time>2026-07-25T13:52:36Z</time>
      </trkpt>
      <trkpt lat="44.176676" lon="7.637071">
        <ele>2221.4</ele>
        <time>2026-07-25T13:52:39Z</time>
      </trkpt>
      <trkpt lat="44.176696" lon="7.637004">
        <ele>2222.6</ele>
        <time>2026-07-25T13:52:43Z</time>
      </trkpt>
      <trkpt lat="44.176719" lon="7.636956">
        <ele>2222.2</ele>
        <time>2026-07-25T13:52:47Z</time>
      </trkpt>
      <trkpt lat="44.176788" lon="7.636905">
        <ele>2223.6</ele>
        <time>2026-07-25T13:52:55Z</time>
      </trkpt>
      <trkpt lat="44.17688" lon="7.636849">
        <ele>2224.4</ele>
        <time>2026-07-25T13:53:03Z</time>
      </trkpt>
      <trkpt lat="44.176949" lon="7.636831">
        <ele>2223.8</ele>
        <time>2026-07-25T13:53:12Z</time>
      </trkpt>
      <trkpt lat="44.17698" lon="7.636791">
        <ele>2224.6</ele>
        <time>2026-07-25T13:53:16Z</time>
      </trkpt>
      <trkpt lat="44.177003" lon="7.636749">
        <ele>2225.4</ele>
        <time>2026-07-25T13:53:19Z</time>
      </trkpt>
      <trkpt lat="44.177019" lon="7.636724">
        <ele>2225.6</ele>
        <time>2026-07-25T13:53:21Z</time>
      </trkpt>
      <trkpt lat="44.177053" lon="7.636665">
        <ele>2227.0</ele>
        <time>2026-07-25T13:53:25Z</time>
      </trkpt>
      <trkpt lat="44.177068" lon="7.636647">
        <ele>2228.6</ele>
        <time>2026-07-25T13:53:27Z</time>
      </trkpt>
      <trkpt lat="44.177134" lon="7.636607">
        <ele>2229.4</ele>
        <time>2026-07-25T13:53:35Z</time>
      </trkpt>
      <trkpt lat="44.177151" lon="7.636611">
        <ele>2229.8</ele>
        <time>2026-07-25T13:53:39Z</time>
      </trkpt>
      <trkpt lat="44.177161" lon="7.636618">
        <ele>2229.2</ele>
        <time>2026-07-25T13:53:42Z</time>
      </trkpt>
      <trkpt lat="44.177162" lon="7.636615">
        <ele>2228.4</ele>
        <time>2026-07-25T13:53:45Z</time>
      </trkpt>
      <trkpt lat="44.177178" lon="7.636591">
        <ele>2228.8</ele>
        <time>2026-07-25T13:53:49Z</time>
      </trkpt>
      <trkpt lat="44.177197" lon="7.636553">
        <ele>2227.4</ele>
        <time>2026-07-25T13:53:54Z</time>
      </trkpt>
      <trkpt lat="44.177232" lon="7.636534">
        <ele>2226.2</ele>
        <time>2026-07-25T13:53:58Z</time>
      </trkpt>
      <trkpt lat="44.177249" lon="7.636503">
        <ele>2224.8</ele>
        <time>2026-07-25T13:54:01Z</time>
      </trkpt>
      <trkpt lat="44.177256" lon="7.636488">
        <ele>2224.4</ele>
        <time>2026-07-25T13:54:02Z</time>
      </trkpt>
      <trkpt lat="44.177262" lon="7.636473">
        <ele>2224.0</ele>
        <time>2026-07-25T13:54:03Z</time>
      </trkpt>
      <trkpt lat="44.177267" lon="7.636458">
        <ele>2223.8</ele>
        <time>2026-07-25T13:54:04Z</time>
      </trkpt>
      <trkpt lat="44.177285" lon="7.636398">
        <ele>2222.6</ele>
        <time>2026-07-25T13:54:08Z</time>
      </trkpt>
      <trkpt lat="44.177293" lon="7.636325">
        <ele>2221.8</ele>
        <time>2026-07-25T13:54:13Z</time>
      </trkpt>
      <trkpt lat="44.177292" lon="7.636304">
        <ele>2221.6</ele>
        <time>2026-07-25T13:54:14Z</time>
      </trkpt>
      <trkpt lat="44.177296" lon="7.636208">
        <ele>2221.2</ele>
        <time>2026-07-25T13:54:19Z</time>
      </trkpt>
      <trkpt lat="44.177296" lon="7.636165">
        <ele>2221.4</ele>
        <time>2026-07-25T13:54:23Z</time>
      </trkpt>
      <trkpt lat="44.177293" lon="7.636106">
        <ele>2220.4</ele>
        <time>2026-07-25T13:54:27Z</time>
      </trkpt>
      <trkpt lat="44.177249" lon="7.636047">
        <ele>2220.4</ele>
        <time>2026-07-25T13:54:33Z</time>
      </trkpt>
      <trkpt lat="44.177233" lon="7.636033">
        <ele>2219.6</ele>
        <time>2026-07-25T13:54:37Z</time>
      </trkpt>
      <trkpt lat="44.177232" lon="7.636036">
        <ele>2219.0</ele>
        <time>2026-07-25T13:54:38Z</time>
      </trkpt>
      <trkpt lat="44.177231" lon="7.636029">
        <ele>2218.8</ele>
        <time>2026-07-25T13:54:46Z</time>
      </trkpt>
      <trkpt lat="44.177236" lon="7.636024">
        <ele>2219.0</ele>
        <time>2026-07-25T13:54:48Z</time>
      </trkpt>
      <trkpt lat="44.177273" lon="7.635989">
        <ele>2219.2</ele>
        <time>2026-07-25T13:54:55Z</time>
      </trkpt>
      <trkpt lat="44.177299" lon="7.635961">
        <ele>2219.2</ele>
        <time>2026-07-25T13:55:01Z</time>
      </trkpt>
      <trkpt lat="44.17732" lon="7.635932">
        <ele>2220.2</ele>
        <time>2026-07-25T13:55:06Z</time>
      </trkpt>
      <trkpt lat="44.177331" lon="7.635919">
        <ele>2220.6</ele>
        <time>2026-07-25T13:55:09Z</time>
      </trkpt>
      <trkpt lat="44.177341" lon="7.635878">
        <ele>2221.2</ele>
        <time>2026-07-25T13:55:17Z</time>
      </trkpt>
      <trkpt lat="44.177352" lon="7.635827">
        <ele>2221.2</ele>
        <time>2026-07-25T13:55:20Z</time>
      </trkpt>
      <trkpt lat="44.177354" lon="7.635823">
        <ele>2221.6</ele>
        <time>2026-07-25T13:55:23Z</time>
      </trkpt>
      <trkpt lat="44.177337" lon="7.635807">
        <ele>2222.4</ele>
        <time>2026-07-25T13:55:28Z</time>
      </trkpt>
      <trkpt lat="44.177316" lon="7.635782">
        <ele>2222.6</ele>
        <time>2026-07-25T13:55:31Z</time>
      </trkpt>
      <trkpt lat="44.177282" lon="7.635684">
        <ele>2222.6</ele>
        <time>2026-07-25T13:55:38Z</time>
      </trkpt>
      <trkpt lat="44.177269" lon="7.635644">
        <ele>2223.6</ele>
        <time>2026-07-25T13:55:42Z</time>
      </trkpt>
      <trkpt lat="44.17726" lon="7.635615">
        <ele>2224.0</ele>
        <time>2026-07-25T13:55:45Z</time>
      </trkpt>
      <trkpt lat="44.177244" lon="7.635526">
        <ele>2224.2</ele>
        <time>2026-07-25T13:55:52Z</time>
      </trkpt>
      <trkpt lat="44.177252" lon="7.635518">
        <ele>2224.4</ele>
        <time>2026-07-25T13:55:54Z</time>
      </trkpt>
      <trkpt lat="44.177257" lon="7.63551">
        <ele>2224.4</ele>
        <time>2026-07-25T13:55:55Z</time>
      </trkpt>
      <trkpt lat="44.17727" lon="7.635513">
        <ele>2224.8</ele>
        <time>2026-07-25T13:55:59Z</time>
      </trkpt>
      <trkpt lat="44.177281" lon="7.635525">
        <ele>2225.4</ele>
        <time>2026-07-25T13:56:02Z</time>
      </trkpt>
      <trkpt lat="44.177294" lon="7.635536">
        <ele>2226.2</ele>
        <time>2026-07-25T13:56:05Z</time>
      </trkpt>
      <trkpt lat="44.177322" lon="7.635544">
        <ele>2226.4</ele>
        <time>2026-07-25T13:56:10Z</time>
      </trkpt>
      <trkpt lat="44.177352" lon="7.635537">
        <ele>2224.8</ele>
        <time>2026-07-25T13:56:18Z</time>
      </trkpt>
      <trkpt lat="44.17736" lon="7.635535">
        <ele>2224.6</ele>
        <time>2026-07-25T13:56:20Z</time>
      </trkpt>
      <trkpt lat="44.177347" lon="7.635529">
        <ele>2225.4</ele>
        <time>2026-07-25T13:56:28Z</time>
      </trkpt>
      <trkpt lat="44.177341" lon="7.635529">
        <ele>2225.8</ele>
        <time>2026-07-25T13:56:32Z</time>
      </trkpt>
      <trkpt lat="44.177338" lon="7.635535">
        <ele>2226.4</ele>
        <time>2026-07-25T13:56:38Z</time>
      </trkpt>
      <trkpt lat="44.177295" lon="7.635526">
        <ele>2227.0</ele>
        <time>2026-07-25T13:56:46Z</time>
      </trkpt>
      <trkpt lat="44.177283" lon="7.635528">
        <ele>2227.0</ele>
        <time>2026-07-25T13:56:47Z</time>
      </trkpt>
      <trkpt lat="44.177241" lon="7.635537">
        <ele>2226.0</ele>
        <time>2026-07-25T13:56:53Z</time>
      </trkpt>
      <trkpt lat="44.177264" lon="7.635547">
        <ele>2227.0</ele>
        <time>2026-07-25T13:56:59Z</time>
      </trkpt>
      <trkpt lat="44.177256" lon="7.635516">
        <ele>2225.6</ele>
        <time>2026-07-25T13:57:02Z</time>
      </trkpt>
      <trkpt lat="44.17724" lon="7.635485">
        <ele>2224.6</ele>
        <time>2026-07-25T13:57:04Z</time>
      </trkpt>
      <trkpt lat="44.177232" lon="7.63547">
        <ele>2220.4</ele>
        <time>2026-07-25T13:57:05Z</time>
      </trkpt>
      <trkpt lat="44.177213" lon="7.635436">
        <ele>2219.6</ele>
        <time>2026-07-25T13:57:08Z</time>
      </trkpt>
      <trkpt lat="44.177193" lon="7.6354">
        <ele>2218.6</ele>
        <time>2026-07-25T13:57:11Z</time>
      </trkpt>
      <trkpt lat="44.177179" lon="7.635354">
        <ele>2220.8</ele>
        <time>2026-07-25T13:57:14Z</time>
      </trkpt>
      <trkpt lat="44.177178" lon="7.635342">
        <ele>2222.4</ele>
        <time>2026-07-25T13:57:15Z</time>
      </trkpt>
      <trkpt lat="44.177181" lon="7.63533">
        <ele>2224.0</ele>
        <time>2026-07-25T13:57:16Z</time>
      </trkpt>
      <trkpt lat="44.177194" lon="7.635315">
        <ele>2225.4</ele>
        <time>2026-07-25T13:57:20Z</time>
      </trkpt>
      <trkpt lat="44.177202" lon="7.635308">
        <ele>2226.4</ele>
        <time>2026-07-25T13:57:22Z</time>
      </trkpt>
      <trkpt lat="44.177207" lon="7.6353">
        <ele>2226.8</ele>
        <time>2026-07-25T13:57:23Z</time>
      </trkpt>
      <trkpt lat="44.177211" lon="7.635293">
        <ele>2228.0</ele>
        <time>2026-07-25T13:57:25Z</time>
      </trkpt>
      <trkpt lat="44.177206" lon="7.635292">
        <ele>2229.0</ele>
        <time>2026-07-25T13:57:27Z</time>
      </trkpt>
      <trkpt lat="44.177205" lon="7.63529">
        <ele>2229.4</ele>
        <time>2026-07-25T13:57:28Z</time>
      </trkpt>
      <trkpt lat="44.177252" lon="7.635318">
        <ele>2230.0</ele>
        <time>2026-07-25T13:57:36Z</time>
      </trkpt>
      <trkpt lat="44.177263" lon="7.635323">
        <ele>2230.4</ele>
        <time>2026-07-25T13:57:37Z</time>
      </trkpt>
      <trkpt lat="44.177297" lon="7.635337">
        <ele>2231.6</ele>
        <time>2026-07-25T13:57:40Z</time>
      </trkpt>
      <trkpt lat="44.17731" lon="7.635339">
        <ele>2231.6</ele>
        <time>2026-07-25T13:57:43Z</time>
      </trkpt>
      <trkpt lat="44.177293" lon="7.635328">
        <ele>2231.0</ele>
        <time>2026-07-25T13:57:46Z</time>
      </trkpt>
      <trkpt lat="44.177294" lon="7.635327">
        <ele>2230.6</ele>
        <time>2026-07-25T13:57:47Z</time>
      </trkpt>
      <trkpt lat="44.177291" lon="7.635325">
        <ele>2230.2</ele>
        <time>2026-07-25T13:57:50Z</time>
      </trkpt>
      <trkpt lat="44.177292" lon="7.635336">
        <ele>2230.8</ele>
        <time>2026-07-25T13:57:53Z</time>
      </trkpt>
      <trkpt lat="44.177299" lon="7.635349">
        <ele>2231.0</ele>
        <time>2026-07-25T13:57:55Z</time>
      </trkpt>
      <trkpt lat="44.177302" lon="7.635356">
        <ele>2231.0</ele>
        <time>2026-07-25T13:57:56Z</time>
      </trkpt>
      <trkpt lat="44.177303" lon="7.635369">
        <ele>2230.6</ele>
        <time>2026-07-25T13:57:57Z</time>
      </trkpt>
      <trkpt lat="44.177311" lon="7.635377">
        <ele>2229.6</ele>
        <time>2026-07-25T13:57:59Z</time>
      </trkpt>
      <trkpt lat="44.177295" lon="7.635388">
        <ele>2231.8</ele>
        <time>2026-07-25T13:58:05Z</time>
      </trkpt>
      <trkpt lat="44.177269" lon="7.635395">
        <ele>2228.2</ele>
        <time>2026-07-25T13:58:07Z</time>
      </trkpt>
      <trkpt lat="44.177251" lon="7.635467">
        <ele>2219.4</ele>
        <time>2026-07-25T13:58:12Z</time>
      </trkpt>
      <trkpt lat="44.177252" lon="7.635514">
        <ele>2221.0</ele>
        <time>2026-07-25T13:58:14Z</time>
      </trkpt>
      <trkpt lat="44.177257" lon="7.635573">
        <ele>2225.0</ele>
        <time>2026-07-25T13:58:19Z</time>
      </trkpt>
      <trkpt lat="44.177277" lon="7.635587">
        <ele>2225.0</ele>
        <time>2026-07-25T13:58:23Z</time>
      </trkpt>
      <trkpt lat="44.177291" lon="7.635592">
        <ele>2224.0</ele>
        <time>2026-07-25T13:58:26Z</time>
      </trkpt>
      <trkpt lat="44.177303" lon="7.635579">
        <ele>2222.8</ele>
        <time>2026-07-25T13:58:29Z</time>
      </trkpt>
      <trkpt lat="44.177311" lon="7.635569">
        <ele>2222.8</ele>
        <time>2026-07-25T13:58:31Z</time>
      </trkpt>
      <trkpt lat="44.177328" lon="7.635567">
        <ele>2223.2</ele>
        <time>2026-07-25T13:58:34Z</time>
      </trkpt>
      <trkpt lat="44.177333" lon="7.635584">
        <ele>2223.4</ele>
        <time>2026-07-25T13:58:36Z</time>
      </trkpt>
      <trkpt lat="44.177321" lon="7.635601">
        <ele>2223.8</ele>
        <time>2026-07-25T13:58:39Z</time>
      </trkpt>
      <trkpt lat="44.177302" lon="7.635608">
        <ele>2224.6</ele>
        <time>2026-07-25T13:58:41Z</time>
      </trkpt>
      <trkpt lat="44.177279" lon="7.635648">
        <ele>2224.2</ele>
        <time>2026-07-25T13:58:45Z</time>
      </trkpt>
      <trkpt lat="44.177278" lon="7.635659">
        <ele>2223.4</ele>
        <time>2026-07-25T13:58:46Z</time>
      </trkpt>
      <trkpt lat="44.177278" lon="7.635691">
        <ele>2222.4</ele>
        <time>2026-07-25T13:58:48Z</time>
      </trkpt>
      <trkpt lat="44.177279" lon="7.635752">
        <ele>2221.0</ele>
        <time>2026-07-25T13:58:51Z</time>
      </trkpt>
      <trkpt lat="44.177287" lon="7.635811">
        <ele>2220.0</ele>
        <time>2026-07-25T13:58:54Z</time>
      </trkpt>
      <trkpt lat="44.177293" lon="7.635826">
        <ele>2219.8</ele>
        <time>2026-07-25T13:58:55Z</time>
      </trkpt>
      <trkpt lat="44.177326" lon="7.635877">
        <ele>2220.2</ele>
        <time>2026-07-25T13:59:00Z</time>
      </trkpt>
      <trkpt lat="44.177385" lon="7.635893">
        <ele>2221.0</ele>
        <time>2026-07-25T13:59:08Z</time>
      </trkpt>
      <trkpt lat="44.17741" lon="7.635893">
        <ele>2219.4</ele>
        <time>2026-07-25T13:59:12Z</time>
      </trkpt>
      <trkpt lat="44.177428" lon="7.635893">
        <ele>2218.6</ele>
        <time>2026-07-25T13:59:14Z</time>
      </trkpt>
      <trkpt lat="44.177434" lon="7.635894">
        <ele>2218.0</ele>
        <time>2026-07-25T13:59:15Z</time>
      </trkpt>
      <trkpt lat="44.177465" lon="7.635889">
        <ele>2217.0</ele>
        <time>2026-07-25T13:59:19Z</time>
      </trkpt>
      <trkpt lat="44.177487" lon="7.635872">
        <ele>2217.2</ele>
        <time>2026-07-25T13:59:23Z</time>
      </trkpt>
      <trkpt lat="44.177493" lon="7.635867">
        <ele>2217.0</ele>
        <time>2026-07-25T13:59:24Z</time>
      </trkpt>
      <trkpt lat="44.177522" lon="7.635845">
        <ele>2215.8</ele>
        <time>2026-07-25T13:59:28Z</time>
      </trkpt>
      <trkpt lat="44.177546" lon="7.635819">
        <ele>2214.4</ele>
        <time>2026-07-25T13:59:31Z</time>
      </trkpt>
      <trkpt lat="44.177559" lon="7.6358">
        <ele>2213.6</ele>
        <time>2026-07-25T13:59:33Z</time>
      </trkpt>
      <trkpt lat="44.177565" lon="7.635789">
        <ele>2213.4</ele>
        <time>2026-07-25T13:59:35Z</time>
      </trkpt>
      <trkpt lat="44.177555" lon="7.635785">
        <ele>2212.8</ele>
        <time>2026-07-25T13:59:42Z</time>
      </trkpt>
      <trkpt lat="44.177552" lon="7.635788">
        <ele>2212.8</ele>
        <time>2026-07-25T13:59:47Z</time>
      </trkpt>
      <trkpt lat="44.177567" lon="7.635789">
        <ele>2212.8</ele>
        <time>2026-07-25T13:59:49Z</time>
      </trkpt>
      <trkpt lat="44.177587" lon="7.635791">
        <ele>2212.6</ele>
        <time>2026-07-25T13:59:51Z</time>
      </trkpt>
      <trkpt lat="44.177595" lon="7.635788">
        <ele>2212.0</ele>
        <time>2026-07-25T13:59:52Z</time>
      </trkpt>
      <trkpt lat="44.177633" lon="7.635777">
        <ele>2210.8</ele>
        <time>2026-07-25T13:59:57Z</time>
      </trkpt>
      <trkpt lat="44.177639" lon="7.635775">
        <ele>2210.6</ele>
        <time>2026-07-25T13:59:58Z</time>
      </trkpt>
      <trkpt lat="44.177672" lon="7.63577">
        <ele>2211.6</ele>
        <time>2026-07-25T14:00:04Z</time>
      </trkpt>
      <trkpt lat="44.177719" lon="7.635754">
        <ele>2209.6</ele>
        <time>2026-07-25T14:00:11Z</time>
      </trkpt>
      <trkpt lat="44.17774" lon="7.635727">
        <ele>2208.6</ele>
        <time>2026-07-25T14:00:15Z</time>
      </trkpt>
      <trkpt lat="44.177739" lon="7.635695">
        <ele>2207.8</ele>
        <time>2026-07-25T14:00:19Z</time>
      </trkpt>
      <trkpt lat="44.17774" lon="7.635683">
        <ele>2207.6</ele>
        <time>2026-07-25T14:00:20Z</time>
      </trkpt>
      <trkpt lat="44.177735" lon="7.635619">
        <ele>2207.0</ele>
        <time>2026-07-25T14:00:27Z</time>
      </trkpt>
      <trkpt lat="44.177741" lon="7.635602">
        <ele>2206.2</ele>
        <time>2026-07-25T14:00:30Z</time>
      </trkpt>
      <trkpt lat="44.177757" lon="7.635594">
        <ele>2205.6</ele>
        <time>2026-07-25T14:00:35Z</time>
      </trkpt>
      <trkpt lat="44.177778" lon="7.635626">
        <ele>2205.4</ele>
        <time>2026-07-25T14:00:42Z</time>
      </trkpt>
      <trkpt lat="44.17778" lon="7.635632">
        <ele>2205.2</ele>
        <time>2026-07-25T14:00:43Z</time>
      </trkpt>
      <trkpt lat="44.177796" lon="7.635652">
        <ele>2204.2</ele>
        <time>2026-07-25T14:00:47Z</time>
      </trkpt>
      <trkpt lat="44.177808" lon="7.635659">
        <ele>2203.8</ele>
        <time>2026-07-25T14:00:49Z</time>
      </trkpt>
      <trkpt lat="44.17784" lon="7.63567">
        <ele>2203.4</ele>
        <time>2026-07-25T14:00:53Z</time>
      </trkpt>
      <trkpt lat="44.17786" lon="7.635682">
        <ele>2203.0</ele>
        <time>2026-07-25T14:00:56Z</time>
      </trkpt>
      <trkpt lat="44.177869" lon="7.635688">
        <ele>2203.0</ele>
        <time>2026-07-25T14:00:57Z</time>
      </trkpt>
      <trkpt lat="44.177911" lon="7.635717">
        <ele>2202.4</ele>
        <time>2026-07-25T14:01:05Z</time>
      </trkpt>
      <trkpt lat="44.177922" lon="7.635728">
        <ele>2201.8</ele>
        <time>2026-07-25T14:01:07Z</time>
      </trkpt>
      <trkpt lat="44.177946" lon="7.635756">
        <ele>2201.0</ele>
        <time>2026-07-25T14:01:12Z</time>
      </trkpt>
      <trkpt lat="44.177982" lon="7.635798">
        <ele>2200.4</ele>
        <time>2026-07-25T14:01:17Z</time>
      </trkpt>
      <trkpt lat="44.17799" lon="7.635818">
        <ele>2200.4</ele>
        <time>2026-07-25T14:01:21Z</time>
      </trkpt>
      <trkpt lat="44.177996" lon="7.635846">
        <ele>2199.4</ele>
        <time>2026-07-25T14:01:29Z</time>
      </trkpt>
      <trkpt lat="44.177998" lon="7.635854">
        <ele>2199.2</ele>
        <time>2026-07-25T14:01:30Z</time>
      </trkpt>
      <trkpt lat="44.178028" lon="7.635926">
        <ele>2198.8</ele>
        <time>2026-07-25T14:01:38Z</time>
      </trkpt>
      <trkpt lat="44.178061" lon="7.635932">
        <ele>2198.6</ele>
        <time>2026-07-25T14:01:45Z</time>
      </trkpt>
      <trkpt lat="44.178078" lon="7.635937">
        <ele>2198.2</ele>
        <time>2026-07-25T14:01:47Z</time>
      </trkpt>
      <trkpt lat="44.17809" lon="7.635958">
        <ele>2197.6</ele>
        <time>2026-07-25T14:01:53Z</time>
      </trkpt>
      <trkpt lat="44.178039" lon="7.635919">
        <ele>2198.6</ele>
        <time>2026-07-25T14:02:03Z</time>
      </trkpt>
      <trkpt lat="44.178003" lon="7.635893">
        <ele>2199.0</ele>
        <time>2026-07-25T14:02:12Z</time>
      </trkpt>
      <trkpt lat="44.17799" lon="7.635924">
        <ele>2198.6</ele>
        <time>2026-07-25T14:02:24Z</time>
      </trkpt>
      <trkpt lat="44.177995" lon="7.635872">
        <ele>2198.0</ele>
        <time>2026-07-25T14:02:33Z</time>
      </trkpt>
      <trkpt lat="44.177942" lon="7.6358">
        <ele>2198.2</ele>
        <time>2026-07-25T14:02:40Z</time>
      </trkpt>
      <trkpt lat="44.177928" lon="7.635812">
        <ele>2199.0</ele>
        <time>2026-07-25T14:02:45Z</time>
      </trkpt>
      <trkpt lat="44.177927" lon="7.635811">
        <ele>2199.2</ele>
        <time>2026-07-25T14:02:48Z</time>
      </trkpt>
      <trkpt lat="44.177926" lon="7.635814">
        <ele>2199.4</ele>
        <time>2026-07-25T14:02:49Z</time>
      </trkpt>
      <trkpt lat="44.177919" lon="7.635842">
        <ele>2200.2</ele>
        <time>2026-07-25T14:02:54Z</time>
      </trkpt>
      <trkpt lat="44.177912" lon="7.635858">
        <ele>2200.0</ele>
        <time>2026-07-25T14:02:58Z</time>
      </trkpt>
      <trkpt lat="44.177964" lon="7.635811">
        <ele>2199.2</ele>
        <time>2026-07-25T14:03:05Z</time>
      </trkpt>
      <trkpt lat="44.177979" lon="7.635865">
        <ele>2198.6</ele>
        <time>2026-07-25T14:03:11Z</time>
      </trkpt>
      <trkpt lat="44.177976" lon="7.635858">
        <ele>2198.0</ele>
        <time>2026-07-25T14:03:13Z</time>
      </trkpt>
      <trkpt lat="44.177997" lon="7.635857">
        <ele>2197.2</ele>
        <time>2026-07-25T14:03:18Z</time>
      </trkpt>
      <trkpt lat="44.178006" lon="7.63584">
        <ele>2196.8</ele>
        <time>2026-07-25T14:03:21Z</time>
      </trkpt>
      <trkpt lat="44.178027" lon="7.635829">
        <ele>2197.2</ele>
        <time>2026-07-25T14:03:24Z</time>
      </trkpt>
      <trkpt lat="44.178038" lon="7.635824">
        <ele>2198.6</ele>
        <time>2026-07-25T14:03:26Z</time>
      </trkpt>
      <trkpt lat="44.178051" lon="7.635821">
        <ele>2199.6</ele>
        <time>2026-07-25T14:03:30Z</time>
      </trkpt>
      <trkpt lat="44.178058" lon="7.635822">
        <ele>2199.8</ele>
        <time>2026-07-25T14:03:32Z</time>
      </trkpt>
      <trkpt lat="44.178071" lon="7.635841">
        <ele>2200.0</ele>
        <time>2026-07-25T14:03:38Z</time>
      </trkpt>
      <trkpt lat="44.178073" lon="7.635835">
        <ele>2200.2</ele>
        <time>2026-07-25T14:03:42Z</time>
      </trkpt>
      <trkpt lat="44.178079" lon="7.63583">
        <ele>2200.8</ele>
        <time>2026-07-25T14:03:46Z</time>
      </trkpt>
      <trkpt lat="44.178058" lon="7.635845">
        <ele>2199.8</ele>
        <time>2026-07-25T14:03:53Z</time>
      </trkpt>
      <trkpt lat="44.178027" lon="7.635839">
        <ele>2199.8</ele>
        <time>2026-07-25T14:03:57Z</time>
      </trkpt>
      <trkpt lat="44.178" lon="7.635816">
        <ele>2199.8</ele>
        <time>2026-07-25T14:04:02Z</time>
      </trkpt>
      <trkpt lat="44.177971" lon="7.63576">
        <ele>2199.2</ele>
        <time>2026-07-25T14:04:07Z</time>
      </trkpt>
      <trkpt lat="44.177983" lon="7.635703">
        <ele>2199.8</ele>
        <time>2026-07-25T14:04:12Z</time>
      </trkpt>
      <trkpt lat="44.17799" lon="7.635694">
        <ele>2200.0</ele>
        <time>2026-07-25T14:04:13Z</time>
      </trkpt>
      <trkpt lat="44.178004" lon="7.635675">
        <ele>2200.0</ele>
        <time>2026-07-25T14:04:21Z</time>
      </trkpt>
      <trkpt lat="44.178008" lon="7.635661">
        <ele>2199.8</ele>
        <time>2026-07-25T14:04:24Z</time>
      </trkpt>
      <trkpt lat="44.178006" lon="7.635658">
        <ele>2201.0</ele>
        <time>2026-07-25T14:04:27Z</time>
      </trkpt>
      <trkpt lat="44.178004" lon="7.635657">
        <ele>2202.0</ele>
        <time>2026-07-25T14:04:30Z</time>
      </trkpt>
      <trkpt lat="44.178005" lon="7.635645">
        <ele>2201.4</ele>
        <time>2026-07-25T14:04:34Z</time>
      </trkpt>
      <trkpt lat="44.177999" lon="7.635637">
        <ele>2201.0</ele>
        <time>2026-07-25T14:04:36Z</time>
      </trkpt>
      <trkpt lat="44.177979" lon="7.635621">
        <ele>2201.0</ele>
        <time>2026-07-25T14:04:39Z</time>
      </trkpt>
      <trkpt lat="44.177959" lon="7.635629">
        <ele>2200.6</ele>
        <time>2026-07-25T14:04:43Z</time>
      </trkpt>
      <trkpt lat="44.177952" lon="7.635652">
        <ele>2199.8</ele>
        <time>2026-07-25T14:04:47Z</time>
      </trkpt>
      <trkpt lat="44.177961" lon="7.635652">
        <ele>2199.8</ele>
        <time>2026-07-25T14:04:52Z</time>
      </trkpt>
      <trkpt lat="44.177965" lon="7.635653">
        <ele>2200.0</ele>
        <time>2026-07-25T14:04:53Z</time>
      </trkpt>
      <trkpt lat="44.177966" lon="7.635656">
        <ele>2200.2</ele>
        <time>2026-07-25T14:04:54Z</time>
      </trkpt>
      <trkpt lat="44.177967" lon="7.635655">
        <ele>2200.4</ele>
        <time>2026-07-25T14:05:03Z</time>
      </trkpt>
      <trkpt lat="44.177964" lon="7.63566">
        <ele>2200.2</ele>
        <time>2026-07-25T14:05:12Z</time>
      </trkpt>
      <trkpt lat="44.177969" lon="7.635661">
        <ele>2200.8</ele>
        <time>2026-07-25T14:05:14Z</time>
      </trkpt>
      <trkpt lat="44.177987" lon="7.635647">
        <ele>2200.6</ele>
        <time>2026-07-25T14:05:21Z</time>
      </trkpt>
      <trkpt lat="44.177974" lon="7.635676">
        <ele>2202.0</ele>
        <time>2026-07-25T14:05:27Z</time>
      </trkpt>
      <trkpt lat="44.177968" lon="7.635692">
        <ele>2202.8</ele>
        <time>2026-07-25T14:05:30Z</time>
      </trkpt>
      <trkpt lat="44.177968" lon="7.635745">
        <ele>2200.6</ele>
        <time>2026-07-25T14:05:36Z</time>
      </trkpt>
      <trkpt lat="44.177972" lon="7.635764">
        <ele>2199.4</ele>
        <time>2026-07-25T14:05:38Z</time>
      </trkpt>
      <trkpt lat="44.177976" lon="7.635804">
        <ele>2198.2</ele>
        <time>2026-07-25T14:05:41Z</time>
      </trkpt>
      <trkpt lat="44.177986" lon="7.635838">
        <ele>2199.0</ele>
        <time>2026-07-25T14:05:47Z</time>
      </trkpt>
      <trkpt lat="44.177989" lon="7.635823">
        <ele>2198.2</ele>
        <time>2026-07-25T14:05:57Z</time>
      </trkpt>
      <trkpt lat="44.177972" lon="7.635843">
        <ele>2199.0</ele>
        <time>2026-07-25T14:06:06Z</time>
      </trkpt>
      <trkpt lat="44.177972" lon="7.635844">
        <ele>2199.4</ele>
        <time>2026-07-25T14:06:07Z</time>
      </trkpt>
      <trkpt lat="44.178" lon="7.635823">
        <ele>2200.2</ele>
        <time>2026-07-25T14:06:16Z</time>
      </trkpt>
      <trkpt lat="44.178003" lon="7.635821">
        <ele>2200.4</ele>
        <time>2026-07-25T14:06:17Z</time>
      </trkpt>
      <trkpt lat="44.177999" lon="7.635817">
        <ele>2199.4</ele>
        <time>2026-07-25T14:06:23Z</time>
      </trkpt>
      <trkpt lat="44.177997" lon="7.635808">
        <ele>2199.8</ele>
        <time>2026-07-25T14:06:26Z</time>
      </trkpt>
      <trkpt lat="44.177978" lon="7.635814">
        <ele>2198.4</ele>
        <time>2026-07-25T14:06:33Z</time>
      </trkpt>
      <trkpt lat="44.177961" lon="7.635844">
        <ele>2198.0</ele>
        <time>2026-07-25T14:06:35Z</time>
      </trkpt>
      <trkpt lat="44.177949" lon="7.635846">
        <ele>2197.4</ele>
        <time>2026-07-25T14:06:39Z</time>
      </trkpt>
      <trkpt lat="44.177964" lon="7.635844">
        <ele>2197.6</ele>
        <time>2026-07-25T14:06:44Z</time>
      </trkpt>
      <trkpt lat="44.177979" lon="7.635836">
        <ele>2197.2</ele>
        <time>2026-07-25T14:06:47Z</time>
      </trkpt>
      <trkpt lat="44.177991" lon="7.635831">
        <ele>2196.0</ele>
        <time>2026-07-25T14:06:51Z</time>
      </trkpt>
      <trkpt lat="44.177984" lon="7.635837">
        <ele>2196.8</ele>
        <time>2026-07-25T14:06:54Z</time>
      </trkpt>
      <trkpt lat="44.177982" lon="7.635838">
        <ele>2197.2</ele>
        <time>2026-07-25T14:06:55Z</time>
      </trkpt>
      <trkpt lat="44.178001" lon="7.635827">
        <ele>2197.4</ele>
        <time>2026-07-25T14:07:05Z</time>
      </trkpt>
      <trkpt lat="44.178003" lon="7.635822">
        <ele>2196.8</ele>
        <time>2026-07-25T14:07:12Z</time>
      </trkpt>
      <trkpt lat="44.178002" lon="7.635828">
        <ele>2197.2</ele>
        <time>2026-07-25T14:07:17Z</time>
      </trkpt>
      <trkpt lat="44.178003" lon="7.63583">
        <ele>2197.2</ele>
        <time>2026-07-25T14:07:18Z</time>
      </trkpt>
      <trkpt lat="44.177996" lon="7.635849">
        <ele>2198.2</ele>
        <time>2026-07-25T14:07:22Z</time>
      </trkpt>
      <trkpt lat="44.177993" lon="7.635854">
        <ele>2198.6</ele>
        <time>2026-07-25T14:07:24Z</time>
      </trkpt>
    </trkseg>
  </trk>
</gpx>